ArrestSurrenderID,CaseMasterID,AccusedMasterID,ArrestSurrenderTypeID,ArrestSurrenderDate,District
1,1,1,Surrender,2025-03-26,Bidar
2,3,3,Arrest,2026-07-06,Mangaluru (Dakshina Kannada)
3,3,4,Arrest,2026-06-11,Mangaluru (Dakshina Kannada)
4,4,5,Arrest,2024-08-30,Tumakuru
5,5,6,Arrest,2024-08-08,Mangaluru (Dakshina Kannada)
6,6,8,Arrest,2024-03-28,Koppal
7,7,9,Arrest,2023-02-21,Mandya
8,8,10,Arrest,2024-12-24,Bengaluru Rural
9,10,13,Arrest,2023-02-27,Ballari
10,11,14,Arrest,2022-02-23,Mysuru
11,12,15,Arrest,2022-03-02,Yadgir
12,13,16,Arrest,2024-04-18,Bengaluru Rural
13,14,18,Arrest,2022-04-19,Chamarajanagar
14,14,20,Arrest,2022-04-21,Chamarajanagar
15,15,21,Arrest,2022-10-19,Ramanagara
16,16,22,Arrest,2026-02-06,Kolar
17,16,23,Surrender,2026-01-28,Kolar
18,17,24,Arrest,2026-10-26,Bengaluru Rural
19,18,25,Arrest,2026-01-31,Raichur
20,18,26,Arrest,2026-02-21,Raichur
21,20,28,Arrest,2024-10-31,Bengaluru Rural
22,21,30,Arrest,2025-04-09,Davanagere
23,21,31,Arrest,2025-03-30,Davanagere
24,22,32,Arrest,2022-08-05,Mandya
25,23,33,Arrest,2023-07-13,Mysuru
26,25,35,Arrest,2024-09-03,Chamarajanagar
27,26,37,Arrest,2025-02-02,Mangaluru (Dakshina Kannada)
28,28,40,Arrest,2025-06-21,Chamarajanagar
29,29,41,Arrest,2025-08-05,Belagavi
30,30,42,Surrender,2025-12-20,Ballari
31,31,44,Arrest,2025-05-28,Belagavi
32,32,45,Arrest,2023-01-13,Mangaluru (Dakshina Kannada)
33,33,46,Arrest,2024-08-21,Belagavi
34,34,47,Arrest,2022-10-14,Bengaluru City
35,34,48,Arrest,2022-10-20,Bengaluru City
36,34,49,Arrest,2022-10-02,Bengaluru City
37,36,51,Arrest,2025-05-01,Davanagere
38,40,57,Arrest,2024-01-18,Mangaluru (Dakshina Kannada)
39,41,59,Arrest,2025-07-11,Belagavi
40,42,60,Arrest,2023-08-27,Chamarajanagar
41,42,62,Surrender,2023-08-18,Chamarajanagar
42,43,63,Arrest,2023-02-26,Davanagere
43,47,68,Surrender,2025-05-01,Bidar
44,47,69,Arrest,2025-04-25,Bidar
45,48,70,Arrest,2026-02-10,Kalaburagi
46,49,72,Arrest,2023-03-11,Belagavi
47,52,75,Surrender,2026-01-17,Tumakuru
48,52,76,Arrest,2026-01-20,Tumakuru
49,54,78,Arrest,2024-11-06,Ballari
50,55,80,Arrest,2024-10-24,Davanagere
51,56,81,Arrest,2023-04-01,Udupi
52,56,82,Surrender,2023-04-08,Udupi
53,58,83,Arrest,2024-09-08,Bengaluru Rural
54,59,84,Arrest,2022-06-25,Belagavi
55,60,85,Surrender,2022-09-08,Davanagere
56,62,87,Arrest,2023-10-24,Belagavi
57,63,88,Surrender,2024-04-10,Chikkaballapur
58,63,89,Arrest,2024-04-26,Chikkaballapur
59,63,90,Surrender,2024-04-11,Chikkaballapur
60,65,92,Surrender,2025-01-16,Tumakuru
61,66,93,Surrender,2023-02-02,Mangaluru (Dakshina Kannada)
62,68,96,Arrest,2025-01-25,Tumakuru
63,69,97,Arrest,2026-10-14,Chikkamagaluru
64,72,100,Arrest,2025-02-13,Tumakuru
65,73,101,Surrender,2026-11-23,Chitradurga
66,74,102,Arrest,2023-10-11,Udupi
67,75,104,Arrest,2023-11-23,Bengaluru City
68,76,106,Arrest,2024-03-13,Bengaluru Rural
69,77,107,Arrest,2025-06-24,Bengaluru Rural
70,78,109,Arrest,2023-07-15,Hassan
71,78,110,Surrender,2023-06-13,Hassan
72,79,111,Arrest,2026-03-07,Hubballi-Dharwad
73,81,113,Surrender,2026-12-30,Bidar
74,84,117,Surrender,2024-02-18,Bengaluru Rural
75,84,118,Arrest,2024-02-24,Bengaluru Rural
76,84,119,Arrest,2024-02-24,Bengaluru Rural
77,86,121,Arrest,2026-02-20,Tumakuru
78,87,122,Arrest,2026-12-30,Gadag
79,89,124,Arrest,2023-10-06,Bengaluru City
80,92,129,Arrest,2023-05-23,Belagavi
81,92,130,Arrest,2023-05-12,Belagavi
82,93,131,Arrest,2026-05-03,Belagavi
83,94,132,Arrest,2022-07-13,Mangaluru (Dakshina Kannada)
84,97,133,Arrest,2026-07-29,Hubballi-Dharwad
85,98,134,Arrest,2025-09-29,Mysuru
86,99,135,Arrest,2026-02-23,Koppal
87,99,136,Arrest,2026-02-22,Koppal
88,99,137,Arrest,2026-02-15,Koppal
89,100,140,Surrender,2026-03-17,Hassan
90,101,141,Arrest,2024-03-16,Mangaluru (Dakshina Kannada)
91,102,142,Arrest,2026-08-01,Hubballi-Dharwad
92,102,144,Surrender,2026-07-30,Hubballi-Dharwad
93,103,145,Arrest,2023-05-23,Kodagu
94,104,146,Arrest,2024-05-05,Ballari
95,104,147,Arrest,2024-05-05,Ballari
96,106,149,Arrest,2022-07-13,Ballari
97,107,151,Arrest,2023-05-10,Hassan
98,108,152,Surrender,2025-09-06,Hubballi-Dharwad
99,109,153,Arrest,2023-03-07,Mysuru
100,110,155,Arrest,2026-10-12,Bengaluru City
101,113,158,Arrest,2023-08-09,Koppal
102,114,161,Arrest,2025-12-20,Yadgir
103,115,162,Surrender,2025-04-10,Bidar
104,116,164,Surrender,2024-04-12,Shivamogga
105,118,167,Arrest,2023-06-02,Bengaluru Rural
106,118,168,Arrest,2023-05-19,Bengaluru Rural
107,119,169,Arrest,2023-03-09,Belagavi
108,120,170,Arrest,2025-10-12,Mandya
109,120,171,Arrest,2025-10-26,Mandya
110,122,174,Arrest,2023-07-09,Bengaluru City
111,125,179,Arrest,2025-06-04,Bengaluru Rural
112,125,180,Arrest,2025-05-20,Bengaluru Rural
113,126,181,Arrest,2027-01-19,Kalaburagi
114,127,182,Arrest,2023-12-24,Mangaluru (Dakshina Kannada)
115,128,183,Arrest,2023-12-13,Bengaluru City
116,129,186,Arrest,2022-04-07,Chamarajanagar
117,130,189,Arrest,2023-06-02,Shivamogga
118,130,190,Arrest,2023-06-08,Shivamogga
119,133,193,Arrest,2024-10-23,Hubballi-Dharwad
120,133,194,Arrest,2024-11-13,Hubballi-Dharwad
121,133,195,Surrender,2024-10-25,Hubballi-Dharwad
122,136,197,Arrest,2026-06-17,Bengaluru Rural
123,136,198,Arrest,2026-06-22,Bengaluru Rural
124,137,199,Arrest,2024-09-19,Vijayapura
125,138,200,Arrest,2026-06-02,Koppal
126,138,201,Arrest,2026-05-08,Koppal
127,139,202,Arrest,2025-05-06,Tumakuru
128,140,203,Arrest,2027-02-05,Raichur
129,143,205,Arrest,2024-05-25,Hassan
130,145,207,Surrender,2027-01-26,Hassan
131,146,208,Arrest,2025-11-24,Bidar
132,147,209,Surrender,2023-06-25,Mysuru
133,148,211,Arrest,2026-08-23,Udupi
134,149,213,Arrest,2026-12-23,Udupi
135,150,214,Arrest,2025-03-13,Bengaluru City
136,151,215,Arrest,2025-09-29,Chitradurga
137,151,216,Arrest,2025-10-17,Chitradurga
138,152,217,Arrest,2026-03-21,Bengaluru Rural
139,154,219,Arrest,2025-07-07,Udupi
140,156,220,Arrest,2022-03-02,Raichur
141,157,222,Arrest,2022-01-22,Mangaluru (Dakshina Kannada)
142,157,223,Arrest,2022-01-20,Mangaluru (Dakshina Kannada)
143,159,227,Arrest,2024-10-20,Mysuru
144,160,228,Arrest,2025-11-25,Udupi
145,161,229,Arrest,2022-01-26,Hassan
146,161,230,Arrest,2022-03-03,Hassan
147,164,233,Surrender,2026-06-18,Yadgir
148,165,234,Arrest,2024-09-28,Hassan
149,166,236,Surrender,2026-08-18,Shivamogga
150,167,238,Arrest,2024-08-08,Mangaluru (Dakshina Kannada)
151,170,241,Arrest,2026-07-08,Kodagu
152,171,242,Arrest,2024-05-27,Bengaluru Rural
153,172,243,Arrest,2023-02-05,Yadgir
154,172,244,Surrender,2023-01-21,Yadgir
155,173,245,Arrest,2023-11-30,Bengaluru City
156,174,246,Arrest,2022-02-04,Mangaluru (Dakshina Kannada)
157,175,247,Arrest,2022-01-26,Bengaluru City
158,175,248,Surrender,2022-01-18,Bengaluru City
159,176,250,Arrest,2026-06-21,Koppal
160,177,251,Arrest,2026-09-29,Mangaluru (Dakshina Kannada)
161,179,254,Arrest,2024-09-17,Bengaluru Rural
162,180,255,Arrest,2026-05-11,Raichur
163,181,256,Arrest,2026-09-05,Belagavi
164,181,257,Arrest,2026-09-28,Belagavi
165,182,258,Arrest,2025-06-17,Kalaburagi
166,183,259,Surrender,2022-04-29,Bengaluru Rural
167,183,260,Arrest,2022-04-14,Bengaluru Rural
168,183,261,Arrest,2022-04-06,Bengaluru Rural
169,184,262,Surrender,2025-02-10,Yadgir
170,185,263,Arrest,2023-06-17,Ramanagara
171,186,264,Arrest,2025-03-21,Mysuru
172,186,265,Arrest,2025-03-10,Mysuru
173,186,266,Arrest,2025-04-03,Mysuru
174,188,268,Arrest,2026-08-01,Uttara Kannada
175,189,269,Arrest,2025-04-28,Bengaluru Rural
176,189,271,Arrest,2025-04-10,Bengaluru Rural
177,191,272,Arrest,2026-04-30,Kolar
178,191,273,Arrest,2026-03-23,Kolar
179,192,274,Arrest,2025-01-11,Hubballi-Dharwad
180,195,276,Arrest,2025-11-06,Kodagu
181,196,277,Arrest,2023-07-07,Hubballi-Dharwad
182,197,279,Arrest,2026-08-03,Udupi
183,198,281,Arrest,2025-07-14,Mangaluru (Dakshina Kannada)
184,200,283,Surrender,2025-06-19,Bengaluru City
185,202,284,Arrest,2024-05-20,Shivamogga
186,203,285,Arrest,2023-03-07,Kodagu
187,204,286,Arrest,2023-01-20,Belagavi
188,204,287,Arrest,2023-01-04,Belagavi
189,207,291,Arrest,2024-10-23,Bengaluru Rural
190,208,292,Arrest,2026-08-07,Chamarajanagar
191,209,294,Arrest,2026-11-08,Belagavi
192,211,296,Arrest,2024-07-23,Bengaluru Rural
193,212,297,Arrest,2024-01-18,Mysuru
194,213,298,Arrest,2026-11-12,Mangaluru (Dakshina Kannada)
195,214,299,Arrest,2022-10-04,Ballari
196,215,301,Arrest,2025-10-25,Chamarajanagar
197,216,302,Arrest,2023-05-24,Haveri
198,216,303,Surrender,2023-05-08,Haveri
199,216,304,Arrest,2023-05-02,Haveri
200,218,305,Arrest,2023-11-28,Kodagu
201,218,306,Arrest,2023-12-08,Kodagu
202,219,307,Arrest,2025-04-20,Bengaluru Rural
203,222,309,Arrest,2023-04-03,Mangaluru (Dakshina Kannada)
204,222,310,Arrest,2023-04-06,Mangaluru (Dakshina Kannada)
205,222,311,Arrest,2023-03-09,Mangaluru (Dakshina Kannada)
206,223,312,Arrest,2026-08-05,Hassan
207,223,313,Arrest,2026-07-27,Hassan
208,224,314,Arrest,2025-10-16,Mangaluru (Dakshina Kannada)
209,224,315,Arrest,2025-10-12,Mangaluru (Dakshina Kannada)
210,226,316,Surrender,2024-02-29,Ramanagara
211,227,317,Surrender,2025-06-18,Ramanagara
212,228,319,Arrest,2025-06-12,Hubballi-Dharwad
213,229,320,Arrest,2024-12-06,Mysuru
214,230,322,Arrest,2026-02-03,Bengaluru Rural
215,230,323,Arrest,2026-01-29,Bengaluru Rural
216,231,324,Arrest,2025-10-20,Vijayapura
217,231,326,Arrest,2025-10-31,Vijayapura
218,232,327,Arrest,2026-03-12,Mysuru
219,232,329,Arrest,2026-03-30,Mysuru
220,233,330,Arrest,2023-09-14,Chitradurga
221,237,336,Arrest,2023-09-11,Kalaburagi
222,238,338,Arrest,2025-04-23,Bengaluru City
223,239,340,Surrender,2025-10-26,Mangaluru (Dakshina Kannada)
224,240,341,Surrender,2024-07-16,Mysuru
225,242,343,Arrest,2026-11-29,Bengaluru Rural
226,243,346,Arrest,2024-03-10,Davanagere
227,244,347,Arrest,2026-06-06,Gadag
228,245,348,Arrest,2024-07-20,Bidar
229,245,349,Arrest,2024-07-27,Bidar
230,245,350,Surrender,2024-07-13,Bidar
231,246,351,Arrest,2024-01-06,Bengaluru Rural
232,247,352,Arrest,2023-01-02,Mysuru
233,248,353,Arrest,2022-08-04,Mysuru
234,249,354,Arrest,2026-05-05,Chamarajanagar
235,249,355,Arrest,2026-05-10,Chamarajanagar
236,250,357,Arrest,2027-01-12,Chikkamagaluru
237,251,358,Arrest,2024-03-10,Bidar
238,252,361,Surrender,2023-12-13,Yadgir
239,253,364,Arrest,2026-02-21,Hubballi-Dharwad
240,254,366,Arrest,2022-03-25,Hassan
241,257,369,Arrest,2023-04-25,Bagalkot
242,258,370,Arrest,2022-06-03,Mandya
243,259,371,Arrest,2026-05-24,Belagavi
244,261,373,Arrest,2026-04-23,Belagavi
245,262,374,Arrest,2023-09-14,Davanagere
246,262,375,Arrest,2023-09-28,Davanagere
247,262,376,Surrender,2023-09-27,Davanagere
248,263,377,Arrest,2026-04-17,Bengaluru Rural
249,265,379,Arrest,2023-03-11,Raichur
250,266,380,Arrest,2025-07-24,Bengaluru Rural
251,267,381,Arrest,2026-03-07,Kodagu
252,268,384,Surrender,2026-07-19,Belagavi
253,270,388,Arrest,2026-09-16,Belagavi
254,271,390,Arrest,2023-01-14,Haveri
255,273,394,Arrest,2022-12-09,Bengaluru Rural
256,274,396,Arrest,2026-04-10,Shivamogga
257,276,398,Arrest,2022-05-07,Chamarajanagar
258,276,399,Arrest,2022-04-25,Chamarajanagar
259,277,401,Arrest,2024-08-21,Mysuru
260,278,402,Arrest,2026-07-24,Bengaluru Rural
261,279,403,Arrest,2026-10-31,Koppal
262,283,408,Arrest,2025-07-04,Kodagu
263,288,413,Arrest,2022-03-31,Bengaluru City
264,288,414,Arrest,2022-03-07,Bengaluru City
265,290,417,Arrest,2023-06-29,Kolar
266,291,418,Surrender,2024-07-01,Bengaluru Rural
267,291,419,Arrest,2024-07-09,Bengaluru Rural
268,292,420,Arrest,2023-01-12,Hubballi-Dharwad
269,296,424,Arrest,2026-08-26,Kodagu
270,297,428,Surrender,2025-02-17,Mysuru
271,298,430,Arrest,2025-03-26,Tumakuru
272,299,431,Arrest,2025-04-14,Chamarajanagar
273,300,433,Arrest,2026-01-03,Tumakuru
274,301,436,Arrest,2022-08-02,Kodagu
275,302,437,Arrest,2022-08-25,Belagavi
276,303,439,Arrest,2023-06-23,Davanagere
277,304,440,Arrest,2025-02-23,Ramanagara
278,305,442,Arrest,2024-04-22,Mandya
279,306,443,Arrest,2024-01-20,Chitradurga
280,306,444,Surrender,2024-01-28,Chitradurga
281,306,445,Arrest,2024-02-04,Chitradurga
282,307,446,Arrest,2022-12-17,Hassan
283,308,447,Surrender,2026-04-09,Belagavi
284,309,448,Arrest,2026-07-06,Mangaluru (Dakshina Kannada)
285,310,450,Arrest,2024-03-24,Chikkaballapur
286,312,452,Arrest,2026-02-11,Bengaluru Rural
287,313,453,Arrest,2027-01-13,Bengaluru City
288,315,454,Arrest,2024-11-03,Chitradurga
289,317,455,Surrender,2026-06-10,Kodagu
290,318,456,Surrender,2025-02-03,Belagavi
291,319,457,Arrest,2026-04-17,Davanagere
292,320,460,Arrest,2022-07-01,Ballari
293,321,461,Arrest,2025-04-08,Kalaburagi
294,322,462,Arrest,2026-12-23,Davanagere
295,323,464,Arrest,2022-02-21,Mysuru
296,324,466,Arrest,2025-08-05,Kodagu
297,325,467,Arrest,2023-11-23,Bengaluru Rural
298,326,468,Arrest,2022-12-15,Bengaluru Rural
299,327,469,Arrest,2024-11-20,Chikkaballapur
300,328,472,Arrest,2024-07-27,Chitradurga
301,329,473,Arrest,2024-12-03,Vijayapura
302,332,476,Arrest,2025-04-07,Kodagu
303,332,477,Arrest,2025-03-27,Kodagu
304,332,478,Arrest,2025-04-10,Kodagu
305,333,479,Arrest,2022-09-15,Kodagu
306,333,480,Arrest,2022-08-10,Kodagu
307,336,484,Arrest,2025-03-19,Hassan
308,337,486,Arrest,2024-07-25,Kodagu
309,340,490,Arrest,2022-12-26,Belagavi
310,341,491,Arrest,2026-07-23,Koppal
311,343,493,Arrest,2023-10-27,Belagavi
312,346,496,Arrest,2022-05-15,Koppal
313,348,498,Arrest,2026-09-05,Belagavi
314,351,501,Arrest,2022-10-12,Bengaluru City
315,352,502,Surrender,2026-01-15,Davanagere
316,353,504,Arrest,2026-03-03,Raichur
317,354,506,Arrest,2024-06-19,Mangaluru (Dakshina Kannada)
318,354,507,Arrest,2024-06-20,Mangaluru (Dakshina Kannada)
319,355,509,Arrest,2024-06-05,Mangaluru (Dakshina Kannada)
320,355,510,Arrest,2024-06-10,Mangaluru (Dakshina Kannada)
321,356,511,Arrest,2025-12-29,Chamarajanagar
322,360,515,Arrest,2022-10-16,Bengaluru City
323,364,518,Surrender,2025-12-10,Mysuru
324,364,519,Arrest,2025-12-01,Mysuru
325,365,520,Arrest,2026-05-01,Mangaluru (Dakshina Kannada)
326,366,521,Arrest,2022-03-24,Yadgir
327,367,522,Arrest,2026-06-17,Yadgir
328,368,523,Surrender,2022-02-07,Ballari
329,369,525,Arrest,2022-04-10,Bengaluru Rural
330,369,526,Arrest,2022-05-18,Bengaluru Rural
331,370,527,Arrest,2026-12-31,Udupi
332,371,528,Arrest,2026-04-02,Udupi
333,372,529,Arrest,2027-01-10,Mysuru
334,373,530,Arrest,2024-03-17,Mangaluru (Dakshina Kannada)
335,373,531,Arrest,2024-03-04,Mangaluru (Dakshina Kannada)
336,375,534,Arrest,2026-11-30,Davanagere
337,375,535,Arrest,2026-12-02,Davanagere
338,376,536,Arrest,2026-12-02,Chamarajanagar
339,377,537,Surrender,2025-02-08,Mysuru
340,378,538,Arrest,2026-11-19,Bengaluru City
341,379,539,Arrest,2026-11-04,Bengaluru City
342,379,540,Surrender,2026-11-08,Bengaluru City
343,381,542,Arrest,2025-04-20,Hassan
344,382,545,Arrest,2024-02-24,Chamarajanagar
345,383,548,Arrest,2026-05-15,Hassan
346,384,549,Arrest,2024-09-22,Bengaluru Rural
347,384,550,Surrender,2024-09-09,Bengaluru Rural
348,386,552,Arrest,2023-01-23,Yadgir
349,387,553,Surrender,2026-04-10,Davanagere
350,387,555,Arrest,2026-03-29,Davanagere
351,388,556,Surrender,2026-06-14,Mangaluru (Dakshina Kannada)
352,388,557,Arrest,2026-05-18,Mangaluru (Dakshina Kannada)
353,388,558,Arrest,2026-06-06,Mangaluru (Dakshina Kannada)
354,389,559,Arrest,2026-05-11,Bidar
355,391,560,Arrest,2024-02-01,Gadag
356,392,561,Arrest,2026-12-25,Yadgir
357,392,562,Arrest,2026-12-24,Yadgir
358,395,565,Arrest,2025-05-29,Mysuru
359,396,567,Arrest,2025-06-14,Yadgir
360,396,568,Arrest,2025-06-05,Yadgir
361,397,569,Arrest,2023-11-30,Davanagere
362,399,571,Surrender,2023-11-19,Yadgir
363,400,572,Arrest,2022-08-26,Bengaluru City
364,402,573,Arrest,2026-04-23,Bidar
365,403,575,Arrest,2025-07-01,Yadgir
366,403,576,Surrender,2025-06-13,Yadgir
367,405,578,Arrest,2026-09-13,Udupi
368,406,579,Arrest,2026-09-24,Davanagere
369,409,581,Arrest,2024-11-25,Hubballi-Dharwad
370,410,582,Arrest,2025-04-07,Mysuru
371,410,583,Surrender,2025-03-07,Mysuru
372,411,584,Arrest,2024-02-04,Belagavi
373,413,587,Arrest,2022-05-22,Mangaluru (Dakshina Kannada)
374,414,588,Arrest,2024-03-18,Belagavi
375,415,590,Arrest,2024-07-12,Hassan
376,417,592,Arrest,2024-03-02,Kalaburagi
377,417,593,Arrest,2024-03-06,Kalaburagi
378,418,594,Arrest,2026-11-14,Belagavi
379,419,596,Arrest,2027-01-31,Chitradurga
380,420,597,Arrest,2025-11-19,Bengaluru Rural
381,420,598,Arrest,2025-12-08,Bengaluru Rural
382,423,601,Arrest,2026-09-27,Bengaluru City
383,425,603,Arrest,2024-11-17,Belagavi
384,425,604,Arrest,2024-12-08,Belagavi
385,427,606,Surrender,2026-11-25,Kalaburagi
386,429,608,Arrest,2022-08-25,Udupi
387,430,609,Arrest,2022-11-05,Bengaluru City
388,432,610,Arrest,2024-04-06,Ramanagara
389,434,612,Surrender,2025-07-12,Belagavi
390,434,613,Surrender,2025-07-16,Belagavi
391,436,615,Surrender,2025-01-08,Bengaluru City
392,437,616,Surrender,2024-10-06,Davanagere
393,438,617,Arrest,2026-10-12,Gadag
394,439,619,Surrender,2025-02-16,Chamarajanagar
395,440,620,Arrest,2027-01-16,Hassan
396,443,625,Surrender,2023-05-09,Bengaluru Rural
397,443,626,Arrest,2023-05-30,Bengaluru Rural
398,443,627,Arrest,2023-04-27,Bengaluru Rural
399,444,628,Arrest,2025-05-29,Bengaluru Rural
400,445,629,Arrest,2023-02-03,Chamarajanagar
401,446,630,Arrest,2025-04-06,Ballari
402,447,631,Surrender,2024-03-13,Ballari
403,448,632,Arrest,2025-10-31,Chikkamagaluru
404,449,633,Arrest,2026-10-07,Shivamogga
405,450,634,Arrest,2023-10-31,Shivamogga
406,451,635,Surrender,2025-04-12,Mysuru
407,452,636,Arrest,2024-08-01,Hassan
408,457,640,Surrender,2023-02-22,Davanagere
409,458,641,Arrest,2024-11-19,Chamarajanagar
410,459,642,Arrest,2025-12-18,Tumakuru
411,460,644,Surrender,2027-01-29,Chitradurga
412,460,645,Arrest,2027-01-25,Chitradurga
413,461,646,Arrest,2026-01-23,Chamarajanagar
414,461,647,Arrest,2026-02-01,Chamarajanagar
415,462,648,Arrest,2025-06-09,Hubballi-Dharwad
416,462,649,Arrest,2025-06-04,Hubballi-Dharwad
417,464,651,Arrest,2024-05-21,Gadag
418,465,652,Arrest,2024-09-18,Shivamogga
419,467,654,Arrest,2023-10-23,Yadgir
420,468,655,Arrest,2022-07-19,Kalaburagi
421,469,657,Arrest,2026-11-02,Kalaburagi
422,470,658,Arrest,2025-07-17,Mysuru
423,471,660,Surrender,2024-07-12,Bengaluru City
424,472,661,Arrest,2026-11-08,Hassan
425,473,662,Surrender,2026-07-22,Davanagere
426,474,663,Arrest,2022-04-04,Chikkamagaluru
427,477,665,Arrest,2022-07-14,Bengaluru Rural
428,479,667,Surrender,2024-01-12,Chitradurga
429,480,668,Surrender,2025-12-29,Kodagu
430,481,669,Surrender,2024-04-05,Bengaluru City
431,482,670,Arrest,2025-03-25,Mandya
432,484,671,Arrest,2024-06-22,Chamarajanagar
433,486,673,Surrender,2022-04-26,Bengaluru City
434,487,675,Arrest,2023-12-11,Kodagu
435,487,676,Surrender,2023-12-06,Kodagu
436,488,677,Arrest,2023-04-11,Bengaluru Rural
437,489,679,Arrest,2022-02-21,Hubballi-Dharwad
438,493,683,Arrest,2022-01-21,Tumakuru
439,493,684,Surrender,2022-01-23,Tumakuru
440,495,686,Arrest,2022-04-25,Davanagere
441,496,687,Arrest,2025-09-11,Tumakuru
442,498,689,Arrest,2025-10-29,Davanagere
443,500,693,Arrest,2023-07-12,Hubballi-Dharwad
444,501,694,Arrest,2026-06-13,Raichur
445,502,696,Arrest,2026-12-30,Bengaluru City
446,503,699,Arrest,2022-10-20,Vijayapura
447,503,700,Arrest,2022-11-15,Vijayapura
448,504,701,Surrender,2023-12-17,Kolar
449,505,702,Arrest,2026-08-17,Bengaluru City
450,506,704,Arrest,2026-06-02,Chikkamagaluru
451,507,705,Arrest,2024-12-16,Koppal
452,508,708,Arrest,2024-09-14,Hassan
453,509,710,Arrest,2026-09-06,Yadgir
454,510,711,Arrest,2025-07-31,Bengaluru Rural
455,511,712,Arrest,2026-09-04,Tumakuru
456,511,713,Arrest,2026-08-17,Tumakuru
457,512,714,Surrender,2026-01-04,Davanagere
458,513,716,Arrest,2025-12-05,Kolar
459,513,717,Arrest,2025-12-18,Kolar
460,514,718,Arrest,2025-07-22,Mysuru
461,514,719,Surrender,2025-07-17,Mysuru
462,515,720,Arrest,2024-07-04,Mandya
463,517,723,Arrest,2025-01-26,Mangaluru (Dakshina Kannada)
464,519,725,Surrender,2025-12-03,Mangaluru (Dakshina Kannada)
465,519,726,Arrest,2025-12-18,Mangaluru (Dakshina Kannada)
466,520,728,Arrest,2026-12-26,Belagavi
467,521,730,Arrest,2024-10-22,Bengaluru Rural
468,521,731,Arrest,2024-10-09,Bengaluru Rural
469,522,732,Arrest,2024-12-19,Kodagu
470,522,734,Arrest,2025-01-04,Kodagu
471,523,735,Arrest,2026-04-10,Ramanagara
472,523,736,Arrest,2026-04-09,Ramanagara
473,524,737,Arrest,2025-03-24,Davanagere
474,525,738,Arrest,2026-07-29,Kodagu
475,527,741,Arrest,2025-01-19,Belagavi
476,529,743,Arrest,2026-01-10,Bidar
477,530,744,Arrest,2026-04-08,Hubballi-Dharwad
478,531,745,Arrest,2025-09-28,Kodagu
479,532,747,Surrender,2023-05-08,Bengaluru City
480,532,748,Arrest,2023-05-21,Bengaluru City
481,533,749,Arrest,2025-07-14,Kodagu
482,533,750,Arrest,2025-07-27,Kodagu
483,534,751,Arrest,2025-08-16,Vijayapura
484,534,752,Surrender,2025-08-09,Vijayapura
485,535,753,Arrest,2025-11-03,Belagavi
486,536,754,Arrest,2025-08-14,Hassan
487,537,755,Arrest,2024-02-02,Belagavi
488,537,756,Arrest,2024-02-07,Belagavi
489,539,760,Arrest,2025-07-03,Hassan
490,542,763,Arrest,2025-09-30,Belagavi
491,543,764,Arrest,2024-11-07,Davanagere
492,544,765,Arrest,2026-01-17,Mysuru
493,545,767,Arrest,2023-04-27,Chamarajanagar
494,546,768,Arrest,2023-06-19,Chitradurga
495,547,769,Arrest,2026-05-19,Yadgir
496,547,770,Arrest,2026-05-15,Yadgir
497,548,771,Surrender,2025-03-09,Mysuru
498,549,772,Arrest,2023-09-17,Bengaluru Rural
499,550,773,Surrender,2025-01-27,Bengaluru City
500,550,774,Arrest,2025-02-02,Bengaluru City
501,551,775,Surrender,2023-05-04,Hubballi-Dharwad
502,553,777,Arrest,2024-07-02,Chikkamagaluru
503,554,778,Arrest,2023-10-16,Chamarajanagar
504,555,781,Arrest,2025-11-01,Haveri
505,556,782,Arrest,2026-02-09,Gadag
506,557,784,Surrender,2025-01-08,Tumakuru
507,558,786,Arrest,2026-11-19,Kalaburagi
508,559,788,Arrest,2022-08-27,Belagavi
509,561,791,Arrest,2025-02-19,Bengaluru City
510,561,792,Arrest,2025-03-06,Bengaluru City
511,562,794,Surrender,2023-08-31,Bidar
512,563,795,Arrest,2025-12-09,Tumakuru
513,564,796,Arrest,2026-07-27,Mangaluru (Dakshina Kannada)
514,565,797,Arrest,2024-11-29,Mangaluru (Dakshina Kannada)
515,566,798,Arrest,2024-02-05,Shivamogga
516,566,799,Surrender,2024-01-16,Shivamogga
517,568,802,Arrest,2023-06-07,Hassan
518,568,803,Arrest,2023-06-19,Hassan
519,568,804,Arrest,2023-06-25,Hassan
520,569,805,Arrest,2022-12-14,Ballari
521,570,806,Surrender,2026-11-13,Mangaluru (Dakshina Kannada)
522,573,808,Arrest,2025-12-21,Bengaluru City
523,574,809,Arrest,2022-10-05,Ramanagara
524,575,810,Surrender,2026-09-18,Udupi
525,576,811,Arrest,2025-12-18,Belagavi
526,577,812,Arrest,2025-07-21,Hubballi-Dharwad
527,580,815,Surrender,2022-11-05,Kolar
528,580,816,Arrest,2022-10-15,Kolar
529,582,818,Surrender,2026-09-19,Chamarajanagar
530,583,819,Arrest,2025-10-09,Kolar
531,584,821,Arrest,2025-11-21,Davanagere
532,585,823,Arrest,2023-02-05,Tumakuru
533,585,824,Arrest,2023-03-06,Tumakuru
534,586,825,Arrest,2026-07-17,Bidar
535,589,827,Arrest,2026-12-26,Bengaluru Rural
536,592,833,Surrender,2026-07-25,Raichur
537,593,835,Surrender,2024-12-22,Kolar
538,595,838,Arrest,2026-12-24,Davanagere
539,595,839,Arrest,2026-12-16,Davanagere
540,596,840,Arrest,2025-05-11,Kodagu
541,597,841,Arrest,2023-05-13,Ramanagara
542,599,843,Arrest,2024-05-13,Ramanagara
543,600,844,Arrest,2026-04-13,Raichur
544,601,849,Arrest,2026-11-19,Belagavi
545,605,852,Arrest,2023-03-12,Mandya
546,605,853,Arrest,2023-02-12,Mandya
547,608,856,Arrest,2025-05-29,Mysuru
548,610,859,Arrest,2025-01-15,Vijayapura
549,611,860,Arrest,2023-04-27,Bidar
550,612,861,Arrest,2026-07-01,Bidar
551,613,862,Arrest,2026-08-12,Hubballi-Dharwad
552,614,863,Surrender,2023-10-23,Kodagu
553,616,865,Surrender,2026-05-06,Bengaluru Rural
554,618,866,Arrest,2024-03-28,Chikkamagaluru
555,618,868,Arrest,2024-04-25,Chikkamagaluru
556,619,869,Arrest,2022-08-26,Mysuru
557,620,870,Arrest,2025-12-28,Bengaluru City
558,621,871,Arrest,2024-08-10,Vijayapura
559,622,872,Arrest,2024-03-16,Bengaluru City
560,623,873,Surrender,2026-09-13,Bagalkot
561,625,875,Arrest,2025-01-15,Ballari
562,626,876,Surrender,2022-10-20,Kalaburagi
563,627,877,Arrest,2025-10-03,Davanagere
564,629,879,Arrest,2025-02-01,Hubballi-Dharwad
565,629,880,Surrender,2025-01-31,Hubballi-Dharwad
566,629,881,Arrest,2024-12-23,Hubballi-Dharwad
567,630,882,Arrest,2023-09-11,Mangaluru (Dakshina Kannada)
568,630,883,Surrender,2023-09-26,Mangaluru (Dakshina Kannada)
569,631,884,Arrest,2024-10-07,Kolar
570,633,886,Arrest,2024-03-28,Bengaluru City
571,634,887,Arrest,2026-05-12,Raichur
572,636,891,Arrest,2023-11-03,Bengaluru City
573,637,892,Arrest,2022-12-04,Bengaluru Rural
574,638,893,Arrest,2022-02-08,Mysuru
575,638,894,Arrest,2022-01-20,Mysuru
576,638,895,Surrender,2022-01-28,Mysuru
577,639,896,Arrest,2026-10-09,Tumakuru
578,642,900,Arrest,2024-08-13,Bengaluru City
579,643,902,Arrest,2022-04-20,Bengaluru City
580,645,904,Arrest,2024-11-16,Belagavi
581,646,907,Arrest,2022-09-03,Hassan
582,647,908,Surrender,2026-01-24,Chamarajanagar
583,648,909,Arrest,2026-06-10,Gadag
584,649,910,Arrest,2026-06-30,Belagavi
585,649,911,Arrest,2026-07-13,Belagavi
586,650,912,Arrest,2022-05-25,Gadag
587,651,913,Arrest,2023-02-11,Hubballi-Dharwad
588,651,914,Arrest,2023-01-30,Hubballi-Dharwad
589,652,916,Arrest,2027-01-25,Udupi
590,653,918,Arrest,2023-02-10,Bengaluru Rural
591,655,920,Arrest,2024-06-23,Raichur
592,659,923,Surrender,2025-12-24,Mangaluru (Dakshina Kannada)
593,661,925,Arrest,2027-01-18,Mandya
594,662,926,Surrender,2025-03-17,Mysuru
595,663,927,Arrest,2025-02-16,Kodagu
596,663,928,Arrest,2025-03-16,Kodagu
597,663,929,Arrest,2025-02-25,Kodagu
598,664,930,Arrest,2025-07-30,Udupi
599,664,932,Surrender,2025-08-25,Udupi
600,669,937,Surrender,2023-08-26,Chikkamagaluru
601,670,938,Surrender,2025-09-25,Mangaluru (Dakshina Kannada)
602,672,939,Arrest,2024-04-04,Yadgir
603,672,940,Arrest,2024-03-25,Yadgir
604,673,942,Arrest,2025-05-28,Hubballi-Dharwad
605,677,947,Arrest,2026-03-10,Mandya
606,678,948,Surrender,2026-06-22,Tumakuru
607,679,951,Surrender,2026-03-07,Kolar
608,680,952,Arrest,2024-12-11,Bengaluru City
609,681,953,Arrest,2024-05-11,Vijayapura
610,685,957,Arrest,2024-03-23,Belagavi
611,685,958,Arrest,2024-03-19,Belagavi
612,686,961,Surrender,2026-01-30,Kodagu
613,688,963,Arrest,2024-08-02,Hubballi-Dharwad
614,688,964,Surrender,2024-06-22,Hubballi-Dharwad
615,689,965,Arrest,2024-06-25,Mandya
616,689,966,Arrest,2024-06-11,Mandya
617,694,970,Arrest,2026-01-28,Haveri
618,694,971,Surrender,2026-01-22,Haveri
619,695,972,Surrender,2024-10-05,Raichur
620,698,975,Arrest,2025-02-14,Belagavi
621,699,976,Arrest,2026-10-17,Kolar
622,699,977,Surrender,2026-10-31,Kolar
623,699,978,Arrest,2026-11-06,Kolar
624,700,979,Arrest,2025-02-15,Mandya
625,701,980,Surrender,2026-12-09,Bengaluru Rural
626,703,981,Arrest,2026-11-04,Chamarajanagar
627,704,983,Arrest,2026-04-09,Raichur
628,705,984,Surrender,2023-10-17,Chikkamagaluru
629,705,985,Arrest,2023-09-23,Chikkamagaluru
630,705,986,Arrest,2023-10-08,Chikkamagaluru
631,707,988,Arrest,2024-07-31,Bengaluru Rural
632,707,989,Arrest,2024-07-29,Bengaluru Rural
633,709,990,Arrest,2024-06-15,Kodagu
634,710,991,Arrest,2023-10-18,Bengaluru City
635,713,993,Arrest,2022-11-17,Bengaluru City
636,716,997,Arrest,2024-01-19,Udupi
637,717,998,Arrest,2025-05-02,Belagavi
638,717,1000,Arrest,2025-03-29,Belagavi
639,719,1003,Arrest,2025-05-16,Yadgir
640,723,1008,Arrest,2024-10-20,Bengaluru City
641,724,1009,Arrest,2025-10-28,Tumakuru
642,725,1010,Arrest,2026-03-07,Bagalkot
643,727,1012,Arrest,2026-07-27,Raichur
644,728,1013,Arrest,2026-05-09,Raichur
645,729,1014,Surrender,2026-01-17,Bidar
646,730,1017,Arrest,2023-04-19,Koppal
647,730,1018,Arrest,2023-04-18,Koppal
648,733,1021,Arrest,2026-02-16,Kalaburagi
649,733,1022,Surrender,2026-02-28,Kalaburagi
650,734,1023,Arrest,2022-04-25,Udupi
651,735,1024,Surrender,2026-03-29,Davanagere
652,736,1025,Arrest,2025-04-21,Belagavi
653,737,1026,Surrender,2025-05-19,Chamarajanagar
654,738,1027,Arrest,2026-05-21,Kolar
655,739,1028,Arrest,2026-02-06,Chitradurga
656,740,1029,Arrest,2026-04-25,Bidar
657,741,1031,Surrender,2024-08-31,Mysuru
658,742,1033,Arrest,2024-01-31,Hubballi-Dharwad
659,743,1034,Arrest,2025-03-16,Mangaluru (Dakshina Kannada)
660,743,1036,Arrest,2025-03-15,Mangaluru (Dakshina Kannada)
661,744,1038,Surrender,2026-04-03,Davanagere
662,746,1040,Arrest,2022-08-05,Raichur
663,747,1043,Arrest,2023-12-12,Hubballi-Dharwad
664,748,1044,Arrest,2022-07-11,Shivamogga
665,749,1045,Arrest,2026-09-27,Raichur
666,749,1047,Arrest,2026-09-30,Raichur
667,750,1049,Surrender,2024-10-05,Bidar
668,750,1050,Arrest,2024-09-29,Bidar
669,752,1052,Arrest,2024-05-15,Mangaluru (Dakshina Kannada)
670,753,1053,Arrest,2023-09-15,Bengaluru Rural
671,753,1054,Surrender,2023-08-16,Bengaluru Rural
672,756,1058,Arrest,2022-06-09,Bengaluru City
673,757,1059,Arrest,2026-05-21,Hubballi-Dharwad
674,759,1060,Arrest,2025-01-03,Kodagu
675,760,1062,Surrender,2025-04-15,Chikkamagaluru
676,761,1065,Arrest,2022-12-11,Yadgir
677,762,1066,Arrest,2022-08-15,Tumakuru
678,768,1073,Arrest,2024-03-15,Ballari
679,770,1075,Arrest,2025-09-19,Hassan
680,771,1076,Arrest,2023-06-12,Raichur
681,771,1077,Arrest,2023-06-12,Raichur
682,771,1078,Arrest,2023-05-31,Raichur
683,773,1079,Surrender,2022-01-27,Mysuru
684,773,1080,Surrender,2022-02-18,Mysuru
685,773,1081,Arrest,2022-02-10,Mysuru
686,775,1082,Arrest,2026-09-29,Koppal
687,776,1083,Arrest,2025-12-27,Belagavi
688,778,1084,Surrender,2026-08-10,Davanagere
689,779,1085,Surrender,2022-09-29,Koppal
690,780,1086,Arrest,2023-11-04,Koppal
691,782,1087,Arrest,2024-10-05,Hubballi-Dharwad
692,782,1088,Arrest,2024-10-07,Hubballi-Dharwad
693,783,1090,Arrest,2024-06-24,Bengaluru City
694,785,1092,Surrender,2024-08-06,Bengaluru Rural
695,786,1093,Arrest,2023-08-07,Tumakuru
696,786,1094,Arrest,2023-08-02,Tumakuru
697,787,1095,Arrest,2022-03-04,Bengaluru Rural
698,788,1099,Surrender,2024-11-14,Mysuru
699,790,1101,Arrest,2023-08-23,Bengaluru Rural
700,791,1102,Arrest,2022-05-26,Hassan
701,793,1103,Arrest,2023-05-10,Tumakuru
702,794,1105,Surrender,2022-08-21,Kodagu
703,795,1106,Surrender,2023-12-08,Udupi
704,796,1107,Arrest,2024-06-01,Belagavi
705,797,1109,Arrest,2022-01-11,Bengaluru City
706,798,1110,Arrest,2024-12-17,Yadgir
707,798,1111,Surrender,2024-11-08,Yadgir
708,799,1112,Arrest,2026-11-10,Kalaburagi
709,800,1114,Arrest,2022-11-01,Belagavi
710,802,1116,Arrest,2026-12-19,Haveri
711,803,1117,Arrest,2026-01-23,Mangaluru (Dakshina Kannada)
712,803,1118,Arrest,2025-12-17,Mangaluru (Dakshina Kannada)
713,803,1119,Arrest,2026-01-20,Mangaluru (Dakshina Kannada)
714,804,1120,Arrest,2025-06-29,Shivamogga
715,806,1121,Arrest,2025-11-27,Kodagu
716,808,1124,Arrest,2023-10-25,Kalaburagi
717,810,1126,Arrest,2026-11-02,Chitradurga
718,815,1130,Arrest,2024-11-21,Bengaluru Rural
719,816,1131,Arrest,2025-10-09,Tumakuru
720,817,1132,Surrender,2025-12-01,Mangaluru (Dakshina Kannada)
721,817,1133,Arrest,2025-12-14,Mangaluru (Dakshina Kannada)
722,818,1134,Arrest,2025-02-28,Mangaluru (Dakshina Kannada)
723,819,1135,Arrest,2023-07-10,Gadag
724,820,1136,Arrest,2026-03-30,Bengaluru Rural
725,821,1138,Surrender,2025-03-21,Vijayapura
726,821,1139,Arrest,2025-03-20,Vijayapura
727,823,1141,Arrest,2026-02-02,Belagavi
728,823,1142,Arrest,2026-02-04,Belagavi
729,824,1143,Surrender,2022-10-08,Chamarajanagar
730,825,1145,Arrest,2024-07-21,Mangaluru (Dakshina Kannada)
731,826,1147,Arrest,2024-04-16,Belagavi
732,828,1149,Surrender,2022-03-16,Belagavi
733,828,1150,Arrest,2022-04-13,Belagavi
734,828,1151,Arrest,2022-04-15,Belagavi
735,829,1152,Surrender,2023-07-28,Raichur
736,829,1153,Surrender,2023-08-10,Raichur
737,829,1154,Arrest,2023-08-28,Raichur
738,830,1156,Arrest,2022-04-11,Haveri
739,834,1160,Arrest,2022-09-28,Koppal
740,835,1161,Arrest,2025-02-15,Davanagere
741,836,1162,Surrender,2022-03-06,Chamarajanagar
742,836,1164,Arrest,2022-03-01,Chamarajanagar
743,837,1165,Surrender,2023-08-31,Davanagere
744,838,1167,Surrender,2025-05-10,Bengaluru City
745,838,1168,Arrest,2025-06-04,Bengaluru City
746,839,1169,Arrest,2023-06-26,Raichur
747,840,1170,Arrest,2025-03-18,Hassan
748,841,1171,Surrender,2026-02-12,Kodagu
749,843,1172,Arrest,2022-08-09,Tumakuru
750,843,1173,Arrest,2022-07-28,Tumakuru
751,845,1174,Arrest,2026-05-08,Mysuru
752,847,1176,Arrest,2024-06-01,Vijayapura
753,849,1178,Arrest,2024-04-12,Bagalkot
754,850,1181,Arrest,2026-07-29,Bengaluru Rural
755,851,1182,Arrest,2024-06-30,Hassan
756,851,1183,Arrest,2024-07-06,Hassan
757,851,1184,Surrender,2024-08-03,Hassan
758,852,1185,Arrest,2023-06-17,Tumakuru
759,853,1187,Arrest,2024-09-10,Kodagu
760,854,1188,Arrest,2025-11-07,Bengaluru Rural
761,854,1189,Arrest,2025-11-14,Bengaluru Rural
762,854,1190,Arrest,2025-12-02,Bengaluru Rural
763,855,1191,Arrest,2026-04-04,Kodagu
764,856,1192,Arrest,2024-12-23,Hubballi-Dharwad
765,857,1193,Surrender,2025-01-12,Hubballi-Dharwad
766,857,1195,Surrender,2025-01-24,Hubballi-Dharwad
767,861,1198,Arrest,2026-06-07,Raichur
768,862,1199,Surrender,2025-06-01,Bidar
769,862,1200,Arrest,2025-06-01,Bidar
770,863,1201,Surrender,2026-08-24,Kodagu
771,863,1202,Surrender,2026-08-20,Kodagu
772,863,1203,Arrest,2026-09-06,Kodagu
773,864,1204,Arrest,2025-08-31,Raichur
774,865,1206,Arrest,2025-12-12,Mangaluru (Dakshina Kannada)
775,865,1207,Arrest,2025-12-25,Mangaluru (Dakshina Kannada)
776,866,1208,Arrest,2026-01-17,Davanagere
777,873,1216,Arrest,2024-12-29,Bengaluru City
778,874,1217,Arrest,2025-02-25,Hassan
779,874,1218,Arrest,2025-03-04,Hassan
780,875,1220,Arrest,2022-02-15,Udupi
781,875,1221,Surrender,2022-03-17,Udupi
782,876,1222,Arrest,2023-08-01,Ramanagara
783,877,1223,Surrender,2025-06-20,Bengaluru City
784,879,1225,Arrest,2024-03-27,Davanagere
785,879,1227,Surrender,2024-04-05,Davanagere
786,880,1228,Surrender,2022-03-11,Kodagu
787,883,1230,Arrest,2026-01-07,Davanagere
788,885,1232,Arrest,2024-08-13,Hubballi-Dharwad
789,886,1234,Surrender,2026-04-27,Bengaluru City
790,886,1235,Arrest,2026-04-13,Bengaluru City
791,887,1237,Arrest,2026-08-05,Udupi
792,888,1240,Arrest,2025-02-22,Mandya
793,889,1241,Arrest,2026-01-04,Raichur
794,889,1242,Arrest,2025-12-23,Raichur
795,889,1243,Arrest,2025-12-17,Raichur
796,890,1245,Surrender,2023-07-13,Hubballi-Dharwad
797,894,1248,Surrender,2024-12-23,Belagavi
798,894,1249,Arrest,2024-12-03,Belagavi
799,895,1251,Arrest,2022-12-20,Tumakuru
800,895,1252,Arrest,2022-12-31,Tumakuru
801,901,1260,Arrest,2025-08-31,Bengaluru Rural
802,902,1263,Surrender,2025-05-15,Bengaluru City
803,903,1264,Arrest,2023-03-31,Udupi
804,904,1265,Arrest,2025-04-10,Belagavi
805,904,1267,Surrender,2025-04-12,Belagavi
806,905,1268,Arrest,2023-01-09,Mysuru
807,905,1270,Arrest,2023-01-19,Mysuru
808,907,1272,Arrest,2026-03-03,Kalaburagi
809,908,1273,Arrest,2023-03-25,Ballari
810,908,1274,Surrender,2023-03-29,Ballari
811,911,1277,Arrest,2025-06-26,Hassan
812,911,1278,Arrest,2025-06-13,Hassan
813,912,1279,Arrest,2025-02-09,Davanagere
814,912,1280,Arrest,2025-02-21,Davanagere
815,912,1281,Arrest,2025-01-27,Davanagere
816,913,1282,Arrest,2026-10-03,Mangaluru (Dakshina Kannada)
817,914,1283,Arrest,2022-08-23,Bidar
818,915,1285,Arrest,2023-01-23,Bengaluru City
819,916,1286,Arrest,2025-11-01,Kodagu
820,917,1287,Arrest,2026-09-20,Tumakuru
821,918,1288,Arrest,2026-12-24,Udupi
822,919,1289,Arrest,2022-05-27,Chitradurga
823,923,1292,Arrest,2023-07-25,Mandya
824,924,1294,Arrest,2023-10-16,Bengaluru Rural
825,925,1295,Arrest,2023-10-30,Tumakuru
826,926,1297,Arrest,2025-06-22,Chamarajanagar
827,926,1298,Surrender,2025-06-19,Chamarajanagar
828,928,1300,Surrender,2023-01-06,Hassan
829,929,1301,Arrest,2025-02-23,Hubballi-Dharwad
830,931,1303,Surrender,2023-10-03,Raichur
831,933,1304,Arrest,2023-04-27,Bengaluru Rural
832,934,1306,Arrest,2022-03-08,Tumakuru
833,934,1307,Arrest,2022-02-22,Tumakuru
834,936,1309,Arrest,2023-02-09,Hassan
835,937,1311,Arrest,2022-05-16,Koppal
836,937,1312,Arrest,2022-04-29,Koppal
837,939,1314,Arrest,2025-04-08,Mangaluru (Dakshina Kannada)
838,942,1316,Arrest,2023-04-19,Udupi
839,943,1317,Arrest,2025-07-04,Mysuru
840,943,1318,Arrest,2025-07-13,Mysuru
841,947,1323,Arrest,2027-01-15,Mysuru
842,948,1324,Arrest,2023-06-06,Belagavi
843,948,1325,Arrest,2023-07-14,Belagavi
844,948,1326,Arrest,2023-07-03,Belagavi
845,949,1327,Arrest,2025-08-12,Bengaluru Rural
846,951,1331,Arrest,2024-10-24,Chamarajanagar
847,952,1333,Arrest,2022-11-11,Mangaluru (Dakshina Kannada)
848,953,1334,Surrender,2025-11-15,Chikkamagaluru
849,954,1335,Arrest,2022-03-19,Yadgir
850,954,1336,Surrender,2022-04-02,Yadgir
851,956,1339,Arrest,2026-08-24,Mysuru
852,957,1340,Arrest,2025-10-05,Shivamogga
853,958,1342,Arrest,2025-05-11,Bidar
854,959,1343,Arrest,2023-03-31,Udupi
855,960,1344,Arrest,2023-11-25,Bengaluru Rural
856,961,1345,Surrender,2024-08-05,Chikkamagaluru
857,961,1346,Arrest,2024-06-29,Chikkamagaluru
858,963,1348,Arrest,2026-06-25,Bengaluru City
859,963,1350,Arrest,2026-06-15,Bengaluru City
860,964,1351,Arrest,2022-09-07,Mysuru
861,964,1352,Surrender,2022-08-18,Mysuru
862,964,1353,Arrest,2022-08-18,Mysuru
863,966,1354,Arrest,2026-10-05,Bengaluru Rural
864,967,1356,Arrest,2023-10-06,Belagavi
865,968,1357,Surrender,2026-06-12,Chamarajanagar
866,969,1358,Arrest,2025-03-06,Bengaluru Rural
867,970,1360,Arrest,2022-12-04,Chikkaballapur
868,971,1362,Arrest,2024-03-05,Bidar
869,972,1364,Arrest,2022-04-04,Mysuru
870,972,1365,Arrest,2022-04-23,Mysuru
871,973,1366,Arrest,2023-06-07,Hubballi-Dharwad
872,974,1367,Surrender,2023-01-14,Bengaluru City
873,974,1369,Arrest,2022-12-30,Bengaluru City
874,975,1370,Arrest,2022-09-05,Kolar
875,975,1372,Arrest,2022-08-24,Kolar
876,977,1374,Surrender,2025-12-01,Chamarajanagar
877,977,1376,Arrest,2025-12-06,Chamarajanagar
878,979,1378,Arrest,2023-08-07,Haveri
879,979,1379,Surrender,2023-08-19,Haveri
880,980,1380,Surrender,2026-11-30,Mangaluru (Dakshina Kannada)
881,980,1381,Arrest,2026-12-21,Mangaluru (Dakshina Kannada)
882,981,1382,Arrest,2026-01-09,Haveri
883,982,1383,Arrest,2025-07-31,Ballari
884,984,1384,Arrest,2024-12-03,Ramanagara
885,985,1385,Arrest,2022-03-25,Bengaluru City
886,991,1393,Arrest,2022-11-24,Bidar
887,992,1394,Arrest,2024-08-01,Bidar
888,992,1395,Arrest,2024-08-29,Bidar
889,993,1396,Arrest,2027-01-08,Udupi
890,994,1399,Arrest,2026-12-30,Hassan
891,994,1400,Arrest,2026-11-27,Hassan
892,994,1401,Surrender,2026-11-30,Hassan
893,995,1402,Arrest,2026-02-15,Ramanagara
894,996,1405,Arrest,2026-05-15,Belagavi
895,997,1406,Arrest,2024-12-29,Belagavi
896,1000,1408,Arrest,2022-04-26,Mangaluru (Dakshina Kannada)
897,1003,1410,Arrest,2024-02-11,Bengaluru Rural
898,1004,1413,Arrest,2026-06-19,Mandya
899,1006,1415,Arrest,2023-11-12,Belagavi
900,1007,1416,Arrest,2024-10-28,Mysuru
901,1008,1417,Arrest,2025-12-09,Mangaluru (Dakshina Kannada)
902,1008,1418,Arrest,2025-12-07,Mangaluru (Dakshina Kannada)
903,1008,1419,Surrender,2025-11-28,Mangaluru (Dakshina Kannada)
904,1009,1420,Surrender,2025-09-07,Belagavi
905,1009,1421,Arrest,2025-09-10,Belagavi
906,1009,1422,Arrest,2025-08-31,Belagavi
907,1010,1423,Arrest,2025-06-13,Raichur
908,1012,1426,Surrender,2025-08-22,Mangaluru (Dakshina Kannada)
909,1012,1427,Surrender,2025-08-16,Mangaluru (Dakshina Kannada)
910,1013,1428,Surrender,2022-02-22,Yadgir
911,1014,1430,Arrest,2022-09-10,Bengaluru Rural
912,1014,1431,Surrender,2022-09-08,Bengaluru Rural
913,1015,1432,Arrest,2022-05-28,Yadgir
914,1016,1433,Arrest,2025-12-13,Belagavi
915,1016,1434,Surrender,2026-01-01,Belagavi
916,1016,1435,Surrender,2025-12-03,Belagavi
917,1017,1436,Arrest,2024-12-06,Chamarajanagar
918,1017,1437,Arrest,2024-11-27,Chamarajanagar
919,1018,1438,Arrest,2023-09-17,Kalaburagi
920,1018,1440,Arrest,2023-10-22,Kalaburagi
921,1019,1441,Arrest,2024-12-05,Mysuru
922,1020,1443,Surrender,2023-05-04,Hubballi-Dharwad
923,1020,1444,Arrest,2023-05-01,Hubballi-Dharwad
924,1021,1445,Arrest,2024-10-23,Mysuru
925,1021,1446,Arrest,2024-10-25,Mysuru
926,1022,1448,Surrender,2026-08-25,Belagavi
927,1024,1449,Surrender,2024-03-04,Chamarajanagar
928,1025,1450,Arrest,2026-11-30,Kolar
929,1027,1452,Arrest,2023-08-21,Mysuru
930,1028,1454,Arrest,2023-03-25,Hassan
931,1029,1455,Arrest,2024-04-10,Belagavi
932,1030,1456,Arrest,2023-03-09,Raichur
933,1032,1457,Surrender,2024-07-08,Hubballi-Dharwad
934,1033,1458,Arrest,2022-06-30,Tumakuru
935,1033,1459,Arrest,2022-07-14,Tumakuru
936,1033,1460,Arrest,2022-07-19,Tumakuru
937,1035,1462,Surrender,2026-04-07,Ballari
938,1035,1463,Surrender,2026-04-10,Ballari
939,1037,1465,Surrender,2025-12-11,Davanagere
940,1038,1466,Arrest,2023-09-13,Hubballi-Dharwad
941,1039,1467,Arrest,2026-02-25,Bengaluru City
942,1039,1468,Arrest,2026-02-16,Bengaluru City
943,1041,1473,Arrest,2024-11-04,Davanagere
944,1042,1474,Arrest,2024-08-31,Bidar
945,1042,1475,Arrest,2024-09-17,Bidar
946,1045,1479,Surrender,2025-09-19,Bengaluru Rural
947,1046,1480,Arrest,2026-11-13,Mysuru
948,1046,1481,Surrender,2026-11-19,Mysuru
949,1047,1482,Arrest,2024-01-21,Mangaluru (Dakshina Kannada)
950,1047,1483,Arrest,2024-02-03,Mangaluru (Dakshina Kannada)
951,1049,1484,Arrest,2025-11-17,Mysuru
952,1050,1485,Arrest,2023-03-14,Bengaluru City
953,1050,1486,Arrest,2023-03-15,Bengaluru City
954,1051,1487,Arrest,2022-06-13,Belagavi
955,1052,1489,Arrest,2026-02-16,Ramanagara
956,1054,1491,Surrender,2024-01-08,Kalaburagi
957,1054,1492,Arrest,2024-01-04,Kalaburagi
958,1055,1494,Arrest,2022-06-10,Belagavi
959,1055,1495,Arrest,2022-06-07,Belagavi
960,1056,1496,Arrest,2024-09-15,Mangaluru (Dakshina Kannada)
961,1056,1497,Arrest,2024-10-04,Mangaluru (Dakshina Kannada)
962,1057,1499,Arrest,2026-11-06,Mangaluru (Dakshina Kannada)
963,1059,1501,Arrest,2025-02-04,Davanagere
964,1059,1502,Arrest,2025-01-30,Davanagere
965,1060,1504,Arrest,2026-06-28,Bengaluru City
966,1061,1505,Arrest,2026-10-13,Bengaluru City
967,1062,1507,Arrest,2027-02-02,Davanagere
968,1062,1508,Surrender,2027-02-04,Davanagere
969,1063,1509,Arrest,2026-02-23,Bengaluru City
970,1065,1510,Arrest,2026-01-03,Yadgir
971,1066,1511,Arrest,2023-06-28,Belagavi
972,1067,1512,Arrest,2025-05-09,Chikkamagaluru
973,1069,1513,Surrender,2026-04-27,Mangaluru (Dakshina Kannada)
974,1071,1516,Arrest,2023-03-30,Hubballi-Dharwad
975,1072,1517,Arrest,2026-07-07,Bengaluru Rural
976,1074,1519,Surrender,2026-08-01,Bengaluru City
977,1074,1520,Arrest,2026-08-16,Bengaluru City
978,1077,1522,Arrest,2022-06-01,Belagavi
979,1077,1523,Arrest,2022-06-01,Belagavi
980,1077,1524,Arrest,2022-05-14,Belagavi
981,1079,1525,Arrest,2024-04-13,Belagavi
982,1080,1527,Arrest,2024-12-21,Bengaluru Rural
983,1081,1528,Arrest,2026-04-25,Shivamogga
984,1082,1529,Surrender,2026-07-24,Bengaluru Rural
985,1085,1532,Surrender,2025-12-08,Ramanagara
986,1087,1535,Arrest,2026-01-14,Ramanagara
987,1088,1536,Arrest,2026-08-17,Yadgir
988,1088,1537,Arrest,2026-08-17,Yadgir
989,1090,1538,Arrest,2023-09-22,Ramanagara
990,1092,1541,Arrest,2025-10-10,Udupi
991,1093,1542,Arrest,2025-08-02,Ballari
992,1096,1545,Arrest,2026-05-20,Mysuru
993,1097,1546,Surrender,2023-07-24,Bengaluru City
994,1101,1551,Arrest,2027-01-08,Mangaluru (Dakshina Kannada)
995,1102,1552,Surrender,2023-03-30,Tumakuru
996,1103,1553,Arrest,2026-06-14,Vijayapura
997,1103,1554,Surrender,2026-05-09,Vijayapura
998,1104,1556,Arrest,2023-08-26,Hassan
999,1104,1557,Arrest,2023-07-24,Hassan
1000,1105,1558,Arrest,2024-06-05,Udupi
1001,1106,1559,Arrest,2025-11-17,Hassan
1002,1108,1561,Arrest,2025-07-01,Belagavi
1003,1108,1562,Arrest,2025-06-10,Belagavi
1004,1109,1563,Surrender,2023-02-04,Belagavi
1005,1110,1567,Arrest,2023-05-13,Gadag
1006,1113,1570,Arrest,2023-02-04,Yadgir
1007,1113,1571,Surrender,2023-03-06,Yadgir
1008,1114,1572,Arrest,2022-08-06,Mangaluru (Dakshina Kannada)
1009,1115,1574,Surrender,2024-09-26,Kalaburagi
1010,1116,1576,Arrest,2026-04-03,Bengaluru Rural
1011,1116,1577,Arrest,2026-04-22,Bengaluru Rural
1012,1117,1578,Arrest,2025-07-17,Davanagere
1013,1118,1581,Arrest,2024-08-02,Kalaburagi
1014,1119,1582,Arrest,2026-09-29,Tumakuru
1015,1122,1585,Arrest,2023-11-20,Haveri
1016,1123,1586,Arrest,2026-05-29,Chikkaballapur
1017,1125,1588,Arrest,2023-10-07,Bagalkot
1018,1125,1590,Arrest,2023-10-11,Bagalkot
1019,1126,1591,Arrest,2023-07-25,Bengaluru City
1020,1127,1592,Arrest,2023-04-15,Vijayapura
1021,1128,1594,Arrest,2023-10-29,Ramanagara
1022,1129,1595,Surrender,2024-05-25,Mysuru
1023,1130,1596,Arrest,2022-04-15,Mangaluru (Dakshina Kannada)
1024,1131,1597,Arrest,2025-03-27,Bengaluru Rural
1025,1131,1598,Arrest,2025-03-27,Bengaluru Rural
1026,1133,1601,Arrest,2024-12-10,Belagavi
1027,1134,1602,Arrest,2022-12-26,Belagavi
1028,1134,1603,Arrest,2023-01-31,Belagavi
1029,1134,1604,Arrest,2023-01-30,Belagavi
1030,1135,1605,Surrender,2024-03-09,Yadgir
1031,1136,1606,Arrest,2025-08-19,Bidar
1032,1137,1608,Arrest,2026-05-16,Belagavi
1033,1138,1609,Arrest,2022-07-11,Belagavi
1034,1141,1611,Surrender,2024-03-22,Gadag
1035,1142,1612,Arrest,2022-12-27,Belagavi
1036,1142,1614,Arrest,2022-11-22,Belagavi
1037,1143,1615,Arrest,2025-07-20,Belagavi
1038,1143,1616,Arrest,2025-07-11,Belagavi
1039,1144,1617,Arrest,2025-09-29,Bengaluru City
1040,1146,1619,Arrest,2024-11-28,Hassan
1041,1147,1621,Arrest,2026-06-06,Belagavi
1042,1148,1622,Arrest,2024-08-31,Tumakuru
1043,1149,1624,Arrest,2026-03-05,Mangaluru (Dakshina Kannada)
1044,1150,1625,Arrest,2026-11-28,Mysuru
1045,1152,1628,Surrender,2024-12-15,Bengaluru City
1046,1153,1630,Surrender,2022-02-06,Hubballi-Dharwad
1047,1154,1631,Arrest,2022-12-10,Belagavi
1048,1155,1632,Surrender,2023-02-24,Mysuru
1049,1156,1634,Arrest,2026-06-10,Kodagu
1050,1157,1635,Arrest,2024-08-25,Bengaluru City
1051,1158,1637,Surrender,2023-09-03,Chikkamagaluru
1052,1158,1638,Arrest,2023-08-25,Chikkamagaluru
1053,1159,1639,Arrest,2025-07-07,Chamarajanagar
1054,1160,1641,Arrest,2023-06-15,Mysuru
1055,1160,1642,Arrest,2023-06-28,Mysuru
1056,1161,1643,Arrest,2026-03-29,Kodagu
1057,1162,1645,Arrest,2026-10-16,Bengaluru Rural
1058,1162,1646,Arrest,2026-10-17,Bengaluru Rural
1059,1163,1647,Surrender,2026-03-13,Davanagere
1060,1163,1648,Arrest,2026-02-08,Davanagere
1061,1164,1649,Arrest,2024-10-16,Bengaluru Rural
1062,1166,1652,Arrest,2024-07-11,Chikkaballapur
1063,1167,1654,Arrest,2023-04-27,Mangaluru (Dakshina Kannada)
1064,1168,1655,Arrest,2022-04-22,Bengaluru City
1065,1168,1656,Arrest,2022-04-16,Bengaluru City
1066,1169,1657,Surrender,2027-01-07,Davanagere
1067,1171,1659,Arrest,2024-06-29,Hassan
1068,1172,1660,Surrender,2025-02-22,Ballari
1069,1173,1661,Arrest,2022-12-29,Bidar
1070,1174,1662,Arrest,2025-06-21,Kolar
1071,1175,1663,Arrest,2022-08-11,Tumakuru
1072,1176,1664,Arrest,2022-08-22,Bengaluru Rural
1073,1178,1666,Surrender,2022-02-28,Tumakuru
1074,1179,1667,Arrest,2024-08-23,Koppal
1075,1180,1668,Arrest,2023-05-25,Belagavi
1076,1181,1669,Arrest,2023-10-15,Bengaluru Rural
1077,1182,1670,Arrest,2022-04-11,Davanagere
1078,1183,1671,Arrest,2022-02-08,Chikkaballapur
1079,1184,1672,Arrest,2024-09-17,Mangaluru (Dakshina Kannada)
1080,1184,1673,Surrender,2024-08-28,Mangaluru (Dakshina Kannada)
1081,1184,1674,Arrest,2024-09-18,Mangaluru (Dakshina Kannada)
1082,1185,1675,Surrender,2026-04-13,Bengaluru Rural
1083,1185,1676,Arrest,2026-04-15,Bengaluru Rural
1084,1185,1677,Surrender,2026-05-15,Bengaluru Rural
1085,1187,1679,Arrest,2025-12-06,Belagavi
1086,1188,1681,Arrest,2024-04-02,Mysuru
1087,1188,1682,Surrender,2024-02-28,Mysuru
1088,1189,1684,Surrender,2025-03-04,Mangaluru (Dakshina Kannada)
1089,1190,1685,Arrest,2025-10-20,Bengaluru City
1090,1192,1687,Arrest,2025-08-02,Tumakuru
1091,1194,1689,Arrest,2026-12-11,Bagalkot
1092,1195,1690,Surrender,2024-11-05,Ramanagara
1093,1197,1692,Arrest,2026-06-03,Belagavi
1094,1198,1693,Arrest,2024-09-08,Raichur
1095,1199,1694,Arrest,2026-09-22,Hassan
1096,1200,1695,Surrender,2023-12-14,Chikkamagaluru
1097,1201,1696,Arrest,2025-09-10,Belagavi
1098,1202,1697,Surrender,2024-01-22,Tumakuru
1099,1203,1698,Arrest,2025-10-16,Bengaluru City
1100,1203,1700,Arrest,2025-11-06,Bengaluru City
1101,1204,1701,Arrest,2025-02-09,Chamarajanagar
1102,1205,1702,Arrest,2023-08-15,Hubballi-Dharwad
1103,1206,1703,Arrest,2025-12-25,Chamarajanagar
1104,1207,1704,Surrender,2022-05-23,Bengaluru City
1105,1207,1705,Arrest,2022-05-13,Bengaluru City
1106,1209,1708,Arrest,2026-11-13,Udupi
1107,1210,1709,Arrest,2026-02-22,Udupi
1108,1213,1710,Arrest,2026-10-25,Belagavi
1109,1214,1712,Arrest,2025-05-10,Kalaburagi
1110,1214,1714,Arrest,2025-05-18,Kalaburagi
1111,1215,1715,Arrest,2023-09-30,Bengaluru Rural
1112,1217,1717,Arrest,2023-03-01,Bengaluru City
1113,1218,1718,Arrest,2023-01-27,Bengaluru City
1114,1219,1721,Surrender,2026-08-21,Kalaburagi
1115,1221,1723,Arrest,2025-06-01,Bengaluru Rural
1116,1223,1725,Arrest,2023-10-12,Davanagere
1117,1225,1726,Arrest,2023-06-22,Mysuru
1118,1227,1728,Arrest,2026-11-11,Bengaluru Rural
1119,1227,1729,Arrest,2026-11-22,Bengaluru Rural
1120,1227,1730,Surrender,2026-11-24,Bengaluru Rural
1121,1229,1732,Arrest,2022-06-19,Bengaluru City
1122,1230,1734,Arrest,2024-02-12,Chamarajanagar
1123,1230,1735,Arrest,2024-02-28,Chamarajanagar
1124,1231,1738,Surrender,2022-10-30,Chamarajanagar
1125,1232,1739,Surrender,2022-11-30,Hassan
1126,1233,1741,Arrest,2026-04-19,Belagavi
1127,1236,1744,Surrender,2022-03-10,Tumakuru
1128,1237,1745,Arrest,2026-03-30,Raichur
1129,1237,1747,Arrest,2026-02-23,Raichur
1130,1239,1749,Arrest,2022-09-24,Hubballi-Dharwad
1131,1239,1750,Arrest,2022-09-05,Hubballi-Dharwad
1132,1242,1751,Surrender,2026-12-08,Davanagere
1133,1243,1752,Arrest,2022-03-25,Shivamogga
1134,1244,1753,Arrest,2024-03-09,Belagavi
1135,1247,1755,Arrest,2026-05-08,Mangaluru (Dakshina Kannada)
1136,1248,1756,Arrest,2025-07-10,Belagavi
1137,1249,1757,Arrest,2023-11-12,Raichur
1138,1250,1761,Arrest,2024-01-12,Mandya
1139,1257,1768,Surrender,2024-09-09,Shivamogga
1140,1258,1770,Arrest,2023-11-24,Bengaluru Rural
1141,1261,1773,Arrest,2025-05-30,Belagavi
1142,1264,1777,Arrest,2026-04-02,Ballari
1143,1265,1778,Arrest,2025-02-23,Davanagere
1144,1267,1780,Arrest,2026-06-19,Bidar
1145,1270,1784,Arrest,2022-11-12,Chitradurga
1146,1270,1785,Arrest,2022-11-10,Chitradurga
1147,1271,1786,Arrest,2024-02-14,Udupi
1148,1273,1789,Arrest,2023-07-15,Davanagere
1149,1275,1790,Surrender,2023-09-12,Yadgir
1150,1276,1792,Arrest,2026-03-28,Bengaluru Rural
1151,1277,1793,Arrest,2022-03-23,Hassan
1152,1278,1794,Arrest,2026-08-10,Bidar
1153,1279,1795,Surrender,2024-09-10,Uttara Kannada
1154,1279,1796,Arrest,2024-08-22,Uttara Kannada
1155,1279,1797,Arrest,2024-09-15,Uttara Kannada
1156,1280,1798,Arrest,2025-11-12,Udupi
1157,1281,1799,Arrest,2026-02-03,Bengaluru Rural
1158,1281,1800,Arrest,2026-02-12,Bengaluru Rural
1159,1281,1801,Arrest,2026-01-23,Bengaluru Rural
1160,1282,1802,Arrest,2024-09-12,Kolar
1161,1283,1805,Arrest,2022-01-22,Davanagere
1162,1284,1806,Arrest,2025-06-18,Raichur
1163,1285,1807,Arrest,2022-10-21,Hubballi-Dharwad
1164,1285,1808,Arrest,2022-09-09,Hubballi-Dharwad
1165,1287,1810,Arrest,2025-04-23,Ramanagara
1166,1287,1811,Arrest,2025-05-08,Ramanagara
1167,1287,1812,Arrest,2025-06-04,Ramanagara
1168,1288,1813,Arrest,2026-07-06,Belagavi
1169,1289,1815,Arrest,2024-06-01,Yadgir
1170,1289,1816,Arrest,2024-06-12,Yadgir
1171,1290,1817,Arrest,2026-06-18,Yadgir
1172,1291,1818,Arrest,2024-12-20,Davanagere
1173,1292,1819,Arrest,2022-10-23,Vijayapura
1174,1292,1820,Arrest,2022-10-21,Vijayapura
1175,1294,1821,Arrest,2024-05-23,Gadag
1176,1295,1822,Arrest,2022-11-15,Tumakuru
1177,1296,1824,Surrender,2022-12-03,Bengaluru City
1178,1298,1827,Arrest,2026-07-08,Mangaluru (Dakshina Kannada)
1179,1298,1828,Surrender,2026-08-10,Mangaluru (Dakshina Kannada)
1180,1299,1829,Arrest,2026-10-21,Mysuru
1181,1300,1830,Surrender,2022-10-01,Kalaburagi
1182,1302,1833,Arrest,2022-07-27,Davanagere
1183,1303,1835,Arrest,2025-08-23,Belagavi
1184,1303,1836,Arrest,2025-08-31,Belagavi
1185,1304,1837,Arrest,2022-06-18,Mangaluru (Dakshina Kannada)
1186,1304,1838,Surrender,2022-06-13,Mangaluru (Dakshina Kannada)
1187,1305,1839,Arrest,2025-01-01,Bengaluru City
1188,1306,1840,Arrest,2025-09-10,Bengaluru City
1189,1306,1841,Surrender,2025-08-25,Bengaluru City
1190,1306,1842,Arrest,2025-09-07,Bengaluru City
1191,1308,1843,Arrest,2025-11-10,Tumakuru
1192,1310,1845,Surrender,2022-05-10,Belagavi
1193,1311,1846,Arrest,2023-06-01,Belagavi
1194,1312,1849,Arrest,2024-07-05,Udupi
1195,1313,1850,Arrest,2026-03-15,Chitradurga
1196,1313,1851,Arrest,2026-02-12,Chitradurga
1197,1316,1854,Arrest,2025-09-22,Kodagu
1198,1317,1855,Arrest,2023-02-04,Bidar
1199,1318,1856,Arrest,2024-08-23,Udupi
1200,1323,1860,Surrender,2025-09-11,Yadgir
1201,1324,1862,Arrest,2023-09-02,Raichur
1202,1325,1863,Arrest,2026-11-19,Belagavi
1203,1325,1864,Surrender,2026-11-13,Belagavi
1204,1326,1865,Surrender,2024-06-24,Haveri
1205,1327,1867,Arrest,2023-11-12,Belagavi
1206,1328,1868,Arrest,2025-04-15,Bengaluru Rural
1207,1330,1870,Arrest,2023-09-22,Tumakuru
1208,1331,1872,Surrender,2023-06-16,Bidar
1209,1331,1873,Arrest,2023-07-17,Bidar
1210,1334,1875,Arrest,2024-02-15,Ramanagara
1211,1335,1876,Surrender,2023-08-05,Bengaluru Rural
1212,1336,1877,Arrest,2024-10-12,Belagavi
1213,1336,1878,Arrest,2024-10-21,Belagavi
1214,1337,1879,Arrest,2023-10-01,Bengaluru Rural
1215,1338,1880,Arrest,2024-05-08,Kalaburagi
1216,1339,1881,Arrest,2023-07-07,Mysuru
1217,1340,1884,Surrender,2022-01-30,Bidar
1218,1341,1885,Arrest,2022-12-23,Vijayapura
1219,1341,1886,Surrender,2022-12-16,Vijayapura
1220,1342,1888,Arrest,2023-12-25,Udupi
1221,1344,1890,Arrest,2023-12-17,Haveri
1222,1345,1891,Arrest,2025-10-27,Ramanagara
1223,1346,1892,Arrest,2026-04-28,Bidar
1224,1347,1893,Surrender,2022-05-28,Koppal
1225,1349,1895,Surrender,2023-10-04,Bidar
1226,1352,1899,Arrest,2023-06-17,Chamarajanagar
1227,1355,1901,Surrender,2025-02-03,Shivamogga
1228,1358,1902,Arrest,2025-08-13,Mandya
1229,1360,1904,Surrender,2025-04-04,Hubballi-Dharwad
1230,1361,1905,Arrest,2024-07-03,Chikkamagaluru
1231,1361,1906,Arrest,2024-07-18,Chikkamagaluru
1232,1362,1907,Surrender,2023-04-06,Udupi
1233,1362,1908,Arrest,2023-03-23,Udupi
1234,1363,1909,Arrest,2026-06-16,Chamarajanagar
1235,1363,1910,Arrest,2026-07-02,Chamarajanagar
1236,1364,1911,Arrest,2026-06-01,Hubballi-Dharwad
1237,1365,1913,Surrender,2025-06-13,Yadgir
1238,1368,1915,Surrender,2024-02-21,Chikkaballapur
1239,1368,1917,Surrender,2024-02-07,Chikkaballapur
1240,1369,1918,Surrender,2024-08-22,Bengaluru City
1241,1370,1919,Arrest,2025-07-04,Bidar
1242,1370,1920,Surrender,2025-07-19,Bidar
1243,1373,1922,Arrest,2027-01-11,Mysuru
1244,1375,1925,Arrest,2022-08-16,Belagavi
1245,1376,1926,Arrest,2026-08-20,Shivamogga
1246,1377,1927,Arrest,2026-01-30,Belagavi
1247,1378,1928,Surrender,2026-05-19,Tumakuru
1248,1379,1929,Surrender,2024-12-20,Davanagere
1249,1380,1930,Arrest,2026-10-24,Tumakuru
1250,1381,1931,Arrest,2025-03-12,Vijayapura
1251,1383,1933,Arrest,2023-03-25,Hubballi-Dharwad
1252,1384,1934,Arrest,2025-01-04,Vijayapura
1253,1384,1935,Arrest,2025-01-25,Vijayapura
1254,1385,1936,Surrender,2025-09-27,Kodagu
1255,1386,1937,Arrest,2024-08-22,Bengaluru City
1256,1386,1938,Arrest,2024-08-11,Bengaluru City
1257,1387,1939,Arrest,2025-09-24,Kalaburagi
1258,1388,1940,Arrest,2026-05-31,Chikkamagaluru
1259,1389,1941,Arrest,2025-06-30,Tumakuru
1260,1391,1945,Arrest,2022-11-02,Vijayapura
1261,1394,1946,Surrender,2023-04-22,Hassan
1262,1394,1948,Arrest,2023-04-16,Hassan
1263,1395,1949,Arrest,2026-12-29,Davanagere
1264,1396,1950,Arrest,2024-07-24,Belagavi
1265,1396,1951,Surrender,2024-07-15,Belagavi
1266,1397,1952,Arrest,2023-09-12,Bengaluru Rural
1267,1398,1953,Arrest,2023-02-05,Kodagu
1268,1399,1954,Arrest,2026-09-15,Mandya
1269,1399,1956,Surrender,2026-10-14,Mandya
1270,1402,1959,Arrest,2022-07-17,Ramanagara
1271,1403,1960,Arrest,2024-12-20,Bengaluru Rural
1272,1403,1961,Arrest,2024-12-22,Bengaluru Rural
1273,1404,1963,Arrest,2025-01-01,Bengaluru City
1274,1404,1964,Arrest,2025-01-08,Bengaluru City
1275,1410,1970,Arrest,2022-09-02,Kodagu
1276,1412,1973,Arrest,2026-09-08,Mangaluru (Dakshina Kannada)
1277,1412,1974,Arrest,2026-09-25,Mangaluru (Dakshina Kannada)
1278,1413,1975,Arrest,2025-09-19,Uttara Kannada
1279,1416,1977,Surrender,2025-04-24,Chikkamagaluru
1280,1417,1978,Surrender,2026-07-29,Haveri
1281,1418,1981,Surrender,2025-08-08,Belagavi
1282,1418,1982,Arrest,2025-07-24,Belagavi
1283,1419,1983,Arrest,2023-02-10,Chamarajanagar
1284,1419,1984,Arrest,2023-01-24,Chamarajanagar
1285,1420,1985,Arrest,2025-06-16,Kalaburagi
1286,1421,1987,Arrest,2026-04-28,Hassan
1287,1422,1988,Arrest,2023-08-06,Bengaluru Rural
1288,1424,1989,Surrender,2023-09-24,Hubballi-Dharwad
1289,1425,1990,Surrender,2024-04-25,Bengaluru Rural
1290,1426,1991,Arrest,2022-03-09,Haveri
1291,1427,1992,Arrest,2025-05-13,Bengaluru City
1292,1427,1993,Arrest,2025-04-21,Bengaluru City
1293,1430,1996,Surrender,2023-04-01,Chamarajanagar
1294,1431,1998,Arrest,2025-11-21,Ballari
1295,1433,2001,Arrest,2025-07-04,Raichur
1296,1434,2002,Surrender,2025-05-22,Bengaluru City
1297,1434,2003,Arrest,2025-05-04,Bengaluru City
1298,1435,2004,Arrest,2022-11-23,Yadgir
1299,1436,2005,Arrest,2025-09-06,Tumakuru
1300,1437,2006,Arrest,2026-06-05,Gadag
1301,1438,2008,Arrest,2026-06-25,Chamarajanagar
1302,1438,2009,Arrest,2026-06-28,Chamarajanagar
1303,1440,2010,Arrest,2023-03-03,Kolar
1304,1442,2012,Arrest,2024-04-09,Bengaluru Rural
1305,1442,2013,Arrest,2024-03-28,Bengaluru Rural
1306,1443,2014,Arrest,2026-03-12,Bengaluru City
1307,1444,2015,Arrest,2024-08-15,Hubballi-Dharwad
1308,1445,2016,Arrest,2025-02-22,Bengaluru City
1309,1447,2017,Arrest,2026-12-24,Bagalkot
1310,1448,2018,Arrest,2025-04-09,Kolar
1311,1449,2019,Arrest,2025-04-17,Kodagu
1312,1450,2020,Arrest,2024-04-08,Ramanagara
1313,1450,2021,Arrest,2024-04-14,Ramanagara
1314,1453,2024,Arrest,2026-05-15,Bengaluru City
1315,1454,2025,Arrest,2026-10-23,Tumakuru
1316,1454,2026,Arrest,2026-10-31,Tumakuru
1317,1458,2030,Surrender,2025-09-03,Mysuru
1318,1458,2031,Arrest,2025-09-10,Mysuru
1319,1461,2034,Arrest,2022-12-06,Mangaluru (Dakshina Kannada)
1320,1461,2035,Arrest,2023-01-15,Mangaluru (Dakshina Kannada)
1321,1464,2038,Arrest,2026-08-10,Mysuru
1322,1466,2041,Surrender,2026-05-05,Belagavi
1323,1467,2043,Arrest,2024-11-13,Belagavi
1324,1468,2045,Arrest,2023-07-14,Hubballi-Dharwad
1325,1468,2046,Arrest,2023-08-03,Hubballi-Dharwad
1326,1470,2047,Arrest,2023-10-28,Davanagere
1327,1472,2050,Arrest,2023-12-11,Bengaluru Rural
1328,1473,2052,Arrest,2022-02-09,Mandya
1329,1474,2053,Arrest,2022-07-13,Chikkamagaluru
1330,1476,2055,Surrender,2023-05-09,Hassan
1331,1479,2060,Arrest,2022-09-19,Hassan
1332,1480,2062,Arrest,2026-10-22,Hubballi-Dharwad
1333,1481,2064,Arrest,2026-01-07,Chikkamagaluru
1334,1483,2066,Arrest,2023-12-31,Udupi
1335,1485,2069,Arrest,2022-03-05,Mysuru
1336,1485,2070,Arrest,2022-03-12,Mysuru
1337,1486,2071,Surrender,2024-06-19,Mysuru
1338,1486,2072,Arrest,2024-06-13,Mysuru
1339,1487,2073,Arrest,2022-08-03,Davanagere
1340,1487,2074,Arrest,2022-08-03,Davanagere
1341,1488,2075,Surrender,2022-06-28,Hassan
1342,1490,2077,Arrest,2024-11-20,Udupi
1343,1491,2079,Surrender,2023-03-07,Belagavi
1344,1492,2080,Arrest,2023-08-22,Bengaluru City
1345,1493,2081,Arrest,2023-01-23,Bengaluru Rural
1346,1494,2082,Arrest,2024-08-05,Tumakuru
1347,1496,2085,Arrest,2026-06-17,Bengaluru Rural
1348,1496,2086,Arrest,2026-05-29,Bengaluru Rural
1349,1496,2087,Arrest,2026-06-19,Bengaluru Rural
1350,1497,2088,Arrest,2026-12-10,Kodagu
1351,1497,2089,Arrest,2026-12-18,Kodagu
1352,1498,2091,Arrest,2024-06-27,Belagavi
1353,1498,2093,Arrest,2024-07-18,Belagavi
1354,1499,2094,Arrest,2023-11-15,Mandya
1355,1500,2095,Surrender,2025-05-26,Ramanagara
1356,1501,2096,Arrest,2025-04-19,Chamarajanagar
1357,1503,2099,Arrest,2022-07-20,Belagavi
1358,1503,2100,Arrest,2022-07-09,Belagavi
1359,1503,2101,Arrest,2022-07-04,Belagavi
1360,1504,2102,Arrest,2025-02-12,Mysuru
1361,1505,2103,Arrest,2022-11-30,Davanagere
1362,1507,2107,Arrest,2025-07-26,Bengaluru Rural
1363,1508,2108,Arrest,2025-09-24,Kodagu
1364,1509,2110,Arrest,2026-05-19,Shivamogga
1365,1510,2111,Arrest,2024-09-15,Vijayapura
1366,1510,2112,Arrest,2024-09-23,Vijayapura
1367,1511,2113,Arrest,2022-07-17,Bagalkot
1368,1512,2114,Arrest,2022-07-11,Haveri
1369,1513,2115,Arrest,2026-12-18,Mysuru
1370,1513,2116,Arrest,2026-11-23,Mysuru
1371,1514,2118,Arrest,2024-08-26,Belagavi
1372,1514,2119,Surrender,2024-08-19,Belagavi
1373,1514,2120,Arrest,2024-09-05,Belagavi
1374,1515,2121,Arrest,2026-03-04,Raichur
1375,1515,2122,Arrest,2026-03-21,Raichur
1376,1516,2123,Arrest,2024-08-16,Mysuru
1377,1517,2124,Arrest,2024-04-25,Mysuru
1378,1518,2125,Arrest,2023-05-20,Kalaburagi
1379,1518,2126,Arrest,2023-05-14,Kalaburagi
1380,1520,2129,Arrest,2025-07-25,Kalaburagi
1381,1521,2130,Arrest,2024-05-03,Tumakuru
1382,1522,2134,Arrest,2023-05-24,Belagavi
1383,1523,2135,Arrest,2026-09-27,Mysuru
1384,1525,2138,Surrender,2022-10-26,Chikkaballapur
1385,1526,2139,Arrest,2026-01-12,Hassan
1386,1527,2141,Arrest,2024-08-01,Belagavi
1387,1528,2142,Arrest,2025-12-26,Belagavi
1388,1528,2143,Arrest,2025-12-26,Belagavi
1389,1530,2145,Arrest,2025-04-08,Raichur
1390,1534,2148,Arrest,2022-12-26,Chamarajanagar
1391,1537,2152,Arrest,2023-04-30,Mangaluru (Dakshina Kannada)
1392,1538,2153,Arrest,2026-03-02,Yadgir
1393,1538,2154,Arrest,2026-02-26,Yadgir
1394,1539,2155,Arrest,2023-04-29,Chamarajanagar
1395,1540,2156,Arrest,2024-08-23,Tumakuru
1396,1541,2157,Arrest,2026-06-17,Tumakuru
1397,1541,2158,Arrest,2026-05-20,Tumakuru
1398,1542,2159,Arrest,2026-03-17,Bagalkot
1399,1545,2162,Arrest,2023-03-31,Mysuru
1400,1545,2163,Arrest,2023-03-27,Mysuru
1401,1547,2165,Arrest,2023-08-14,Chamarajanagar
1402,1550,2168,Arrest,2025-04-26,Hassan
1403,1551,2169,Surrender,2024-04-26,Mangaluru (Dakshina Kannada)
1404,1551,2170,Arrest,2024-04-21,Mangaluru (Dakshina Kannada)
1405,1553,2171,Arrest,2024-08-03,Belagavi
1406,1553,2172,Arrest,2024-07-30,Belagavi
1407,1553,2173,Arrest,2024-06-23,Belagavi
1408,1555,2175,Arrest,2022-09-29,Bengaluru Rural
1409,1556,2176,Surrender,2026-09-26,Mandya
1410,1557,2178,Arrest,2023-12-23,Mangaluru (Dakshina Kannada)
1411,1558,2180,Arrest,2023-04-26,Vijayapura
1412,1559,2181,Arrest,2023-05-09,Mysuru
1413,1559,2182,Arrest,2023-05-08,Mysuru
1414,1560,2183,Arrest,2025-10-14,Bidar
1415,1560,2184,Surrender,2025-11-25,Bidar
1416,1560,2185,Surrender,2025-10-17,Bidar
1417,1561,2186,Surrender,2024-05-04,Ballari
1418,1562,2187,Arrest,2026-07-10,Raichur
1419,1562,2189,Arrest,2026-07-29,Raichur
1420,1565,2193,Arrest,2026-02-17,Bengaluru City
1421,1567,2195,Arrest,2023-01-08,Belagavi
1422,1568,2196,Arrest,2027-01-29,Davanagere
1423,1569,2197,Arrest,2026-08-30,Mangaluru (Dakshina Kannada)
1424,1569,2198,Arrest,2026-08-11,Mangaluru (Dakshina Kannada)
1425,1569,2199,Arrest,2026-08-29,Mangaluru (Dakshina Kannada)
1426,1570,2200,Arrest,2025-09-27,Davanagere
1427,1572,2202,Arrest,2026-05-28,Ballari
1428,1574,2204,Arrest,2024-04-30,Udupi
1429,1575,2205,Arrest,2022-07-30,Gadag
1430,1576,2206,Arrest,2025-02-24,Haveri
1431,1577,2210,Arrest,2023-09-04,Chamarajanagar
1432,1578,2211,Arrest,2024-05-30,Belagavi
1433,1580,2213,Arrest,2024-01-10,Ballari
1434,1582,2216,Arrest,2025-11-27,Bengaluru Rural
1435,1584,2219,Arrest,2026-05-27,Mandya
1436,1584,2221,Arrest,2026-05-15,Mandya
1437,1586,2223,Arrest,2025-01-09,Belagavi
1438,1587,2225,Arrest,2025-09-14,Tumakuru
1439,1588,2226,Arrest,2024-08-17,Hubballi-Dharwad
1440,1589,2227,Arrest,2023-02-25,Mysuru
1441,1591,2230,Arrest,2022-03-30,Ramanagara
1442,1595,2233,Surrender,2023-03-20,Bengaluru City
1443,1596,2234,Surrender,2026-03-04,Haveri
1444,1598,2236,Arrest,2026-03-01,Gadag
1445,1598,2238,Arrest,2026-03-24,Gadag
1446,1599,2240,Surrender,2024-09-24,Davanagere
1447,1601,2242,Arrest,2023-01-13,Raichur
1448,1603,2243,Arrest,2025-11-26,Davanagere
1449,1603,2244,Arrest,2025-11-26,Davanagere
1450,1606,2249,Surrender,2022-08-03,Kodagu
1451,1606,2250,Surrender,2022-08-01,Kodagu
1452,1607,2251,Arrest,2026-10-16,Ballari
1453,1607,2252,Arrest,2026-09-18,Ballari
1454,1609,2255,Arrest,2023-07-24,Davanagere
1455,1609,2256,Arrest,2023-07-15,Davanagere
1456,1612,2258,Surrender,2025-08-18,Bengaluru Rural
1457,1613,2260,Arrest,2026-06-19,Mangaluru (Dakshina Kannada)
1458,1614,2261,Arrest,2026-03-31,Kolar
1459,1615,2263,Surrender,2025-02-09,Bengaluru Rural
1460,1615,2264,Arrest,2025-01-11,Bengaluru Rural
1461,1616,2265,Arrest,2025-12-31,Belagavi
1462,1616,2266,Arrest,2025-12-22,Belagavi
1463,1617,2267,Arrest,2026-11-18,Gadag
1464,1618,2268,Arrest,2026-02-04,Belagavi
1465,1619,2269,Arrest,2025-08-31,Belagavi
1466,1619,2270,Arrest,2025-08-22,Belagavi
1467,1623,2273,Arrest,2025-12-02,Kalaburagi
1468,1624,2274,Arrest,2023-11-02,Mandya
1469,1625,2276,Arrest,2024-12-17,Mysuru
1470,1626,2278,Arrest,2024-02-19,Bengaluru City
1471,1627,2279,Arrest,2024-05-09,Bidar
1472,1627,2280,Arrest,2024-05-08,Bidar
1473,1628,2281,Arrest,2023-08-17,Udupi
1474,1629,2282,Arrest,2023-08-14,Bengaluru City
1475,1630,2283,Surrender,2024-06-03,Bengaluru City
1476,1631,2286,Arrest,2025-02-05,Hubballi-Dharwad
1477,1632,2288,Arrest,2025-07-04,Mangaluru (Dakshina Kannada)
1478,1633,2289,Arrest,2026-04-14,Bengaluru Rural
1479,1634,2290,Arrest,2024-07-26,Mysuru
1480,1638,2292,Surrender,2025-05-20,Shivamogga
1481,1639,2293,Arrest,2024-04-07,Bengaluru Rural
1482,1639,2295,Arrest,2024-04-13,Bengaluru Rural
1483,1641,2296,Surrender,2024-05-02,Belagavi
1484,1641,2297,Arrest,2024-05-10,Belagavi
1485,1642,2299,Arrest,2024-12-16,Belagavi
1486,1645,2301,Arrest,2023-12-27,Yadgir
1487,1647,2302,Surrender,2025-07-26,Yadgir
1488,1648,2303,Arrest,2023-09-15,Bengaluru Rural
1489,1649,2304,Arrest,2026-06-17,Mysuru
1490,1649,2305,Arrest,2026-07-02,Mysuru
1491,1651,2308,Arrest,2024-08-21,Chamarajanagar
1492,1651,2309,Arrest,2024-09-24,Chamarajanagar
1493,1652,2310,Arrest,2024-07-29,Mysuru
1494,1657,2312,Arrest,2023-08-25,Bengaluru City
1495,1658,2313,Arrest,2024-09-04,Belagavi
1496,1659,2314,Arrest,2026-04-27,Tumakuru
1497,1661,2317,Arrest,2026-10-09,Mangaluru (Dakshina Kannada)
1498,1661,2319,Arrest,2026-10-11,Mangaluru (Dakshina Kannada)
1499,1662,2320,Arrest,2024-05-31,Bidar
1500,1662,2321,Surrender,2024-05-06,Bidar
1501,1663,2322,Arrest,2024-09-10,Bengaluru Rural
1502,1666,2324,Arrest,2026-01-12,Tumakuru
1503,1669,2328,Surrender,2023-09-14,Kolar
1504,1670,2329,Surrender,2023-03-28,Bengaluru Rural
1505,1671,2330,Surrender,2025-09-10,Davanagere
1506,1672,2332,Arrest,2022-11-25,Haveri
1507,1673,2334,Arrest,2025-09-09,Hassan
1508,1674,2335,Arrest,2022-01-24,Tumakuru
1509,1675,2336,Arrest,2024-08-31,Kolar
1510,1675,2337,Arrest,2024-08-25,Kolar
1511,1678,2340,Arrest,2023-07-22,Chikkaballapur
1512,1678,2341,Surrender,2023-07-20,Chikkaballapur
1513,1680,2344,Arrest,2023-10-17,Gadag
1514,1683,2349,Arrest,2023-03-21,Yadgir
1515,1684,2350,Arrest,2025-08-26,Chitradurga
1516,1684,2351,Arrest,2025-09-19,Chitradurga
1517,1685,2353,Arrest,2025-12-10,Mysuru
1518,1687,2355,Arrest,2026-01-28,Yadgir
1519,1688,2356,Arrest,2022-07-29,Chamarajanagar
1520,1689,2358,Surrender,2022-01-30,Belagavi
1521,1691,2359,Surrender,2022-05-26,Mangaluru (Dakshina Kannada)
1522,1692,2360,Arrest,2022-03-06,Ballari
1523,1694,2361,Arrest,2022-12-14,Udupi
1524,1694,2362,Arrest,2022-11-13,Udupi
1525,1694,2363,Surrender,2022-12-14,Udupi
1526,1695,2364,Surrender,2025-02-19,Gadag
1527,1695,2365,Arrest,2025-02-10,Gadag
1528,1696,2366,Arrest,2023-07-09,Kodagu
1529,1698,2367,Arrest,2026-06-01,Bengaluru City
1530,1698,2368,Arrest,2026-06-09,Bengaluru City
1531,1698,2369,Arrest,2026-06-18,Bengaluru City
1532,1699,2370,Arrest,2026-01-03,Ramanagara
1533,1701,2372,Arrest,2023-07-19,Hubballi-Dharwad
1534,1702,2373,Arrest,2025-06-11,Belagavi
1535,1703,2374,Arrest,2026-06-01,Mangaluru (Dakshina Kannada)
1536,1703,2375,Surrender,2026-06-27,Mangaluru (Dakshina Kannada)
1537,1704,2376,Arrest,2025-02-01,Mangaluru (Dakshina Kannada)
1538,1705,2377,Surrender,2025-11-25,Davanagere
1539,1705,2378,Arrest,2025-10-21,Davanagere
1540,1707,2381,Surrender,2026-02-16,Bagalkot
1541,1710,2386,Arrest,2025-01-09,Bengaluru City
1542,1711,2387,Surrender,2022-07-25,Tumakuru
1543,1712,2388,Arrest,2023-08-13,Vijayapura
1544,1715,2391,Arrest,2025-12-05,Mandya
1545,1715,2392,Arrest,2025-11-22,Mandya
1546,1716,2393,Arrest,2022-10-09,Raichur
1547,1716,2395,Arrest,2022-10-20,Raichur
1548,1717,2396,Arrest,2026-11-15,Mysuru
1549,1720,2400,Arrest,2025-07-19,Bidar
1550,1724,2404,Arrest,2027-01-16,Hubballi-Dharwad
1551,1726,2405,Surrender,2025-10-29,Bengaluru City
1552,1728,2407,Arrest,2024-05-06,Mysuru
1553,1729,2409,Surrender,2025-03-29,Belagavi
1554,1731,2411,Arrest,2023-06-25,Shivamogga
1555,1732,2412,Arrest,2023-09-09,Bengaluru Rural
1556,1734,2414,Surrender,2024-05-21,Chamarajanagar
1557,1735,2415,Surrender,2026-06-13,Shivamogga
1558,1736,2416,Arrest,2026-01-22,Uttara Kannada
1559,1736,2417,Arrest,2026-02-01,Uttara Kannada
1560,1741,2422,Arrest,2024-05-17,Gadag
1561,1742,2423,Arrest,2023-10-19,Bengaluru Rural
1562,1743,2424,Arrest,2023-04-27,Bidar
1563,1744,2425,Arrest,2026-02-25,Belagavi
1564,1747,2427,Arrest,2025-07-11,Vijayapura
1565,1747,2428,Arrest,2025-07-11,Vijayapura
1566,1747,2429,Arrest,2025-08-16,Vijayapura
1567,1749,2430,Arrest,2026-07-14,Bidar
1568,1749,2431,Arrest,2026-07-05,Bidar
1569,1751,2433,Surrender,2023-06-11,Ramanagara
1570,1751,2434,Arrest,2023-06-12,Ramanagara
1571,1752,2435,Arrest,2026-01-26,Kodagu
1572,1753,2437,Arrest,2026-07-03,Ballari
1573,1754,2438,Arrest,2023-04-13,Haveri
1574,1755,2439,Arrest,2024-05-06,Raichur
1575,1755,2440,Arrest,2024-05-18,Raichur
1576,1756,2441,Arrest,2026-08-14,Chikkamagaluru
1577,1757,2443,Arrest,2025-11-27,Davanagere
1578,1759,2444,Arrest,2027-01-13,Chamarajanagar
1579,1759,2445,Arrest,2027-01-15,Chamarajanagar
1580,1761,2447,Surrender,2025-05-23,Davanagere
1581,1761,2448,Surrender,2025-04-17,Davanagere
1582,1763,2450,Arrest,2023-01-05,Bengaluru City
1583,1766,2453,Surrender,2025-08-22,Shivamogga
1584,1767,2456,Arrest,2024-10-26,Chikkamagaluru
1585,1768,2458,Surrender,2023-12-16,Bengaluru Rural
1586,1769,2459,Arrest,2023-09-15,Mangaluru (Dakshina Kannada)
1587,1769,2460,Arrest,2023-10-14,Mangaluru (Dakshina Kannada)
1588,1770,2461,Arrest,2025-06-21,Bengaluru Rural
1589,1772,2465,Surrender,2026-09-15,Bengaluru Rural
1590,1773,2466,Arrest,2025-07-01,Kodagu
1591,1774,2467,Arrest,2025-05-01,Davanagere
1592,1776,2469,Arrest,2022-10-12,Belagavi
1593,1776,2470,Arrest,2022-09-23,Belagavi
1594,1778,2473,Arrest,2025-02-27,Yadgir
1595,1780,2477,Arrest,2025-05-22,Raichur
1596,1780,2478,Arrest,2025-04-30,Raichur
1597,1781,2479,Arrest,2023-06-13,Bengaluru Rural
1598,1782,2480,Arrest,2024-01-29,Yadgir
1599,1783,2482,Arrest,2022-11-16,Bengaluru City
1600,1784,2484,Arrest,2023-06-02,Ballari
1601,1784,2485,Arrest,2023-05-23,Ballari
1602,1784,2486,Arrest,2023-06-20,Ballari
1603,1785,2487,Arrest,2025-03-28,Mandya
1604,1786,2488,Arrest,2027-01-08,Mangaluru (Dakshina Kannada)
1605,1787,2489,Arrest,2026-10-02,Yadgir
1606,1787,2490,Arrest,2026-10-29,Yadgir
1607,1788,2491,Arrest,2025-02-21,Mysuru
1608,1791,2496,Arrest,2024-08-09,Bengaluru City
1609,1793,2497,Arrest,2023-08-25,Raichur
1610,1793,2498,Arrest,2023-08-16,Raichur
1611,1794,2500,Arrest,2026-07-14,Mangaluru (Dakshina Kannada)
1612,1794,2501,Surrender,2026-07-18,Mangaluru (Dakshina Kannada)
1613,1795,2503,Surrender,2022-03-28,Bengaluru Rural
1614,1795,2504,Arrest,2022-04-21,Bengaluru Rural
1615,1796,2505,Arrest,2026-04-18,Ramanagara
1616,1797,2506,Arrest,2025-11-19,Tumakuru
1617,1798,2507,Arrest,2022-08-08,Hubballi-Dharwad
1618,1799,2508,Arrest,2026-06-04,Udupi
1619,1799,2509,Surrender,2026-06-01,Udupi
1620,1801,2511,Arrest,2022-03-01,Ramanagara
1621,1801,2512,Arrest,2022-02-05,Ramanagara
1622,1802,2513,Arrest,2025-09-29,Bagalkot
1623,1803,2514,Surrender,2026-03-27,Belagavi
1624,1804,2515,Arrest,2026-08-27,Bengaluru Rural
1625,1805,2516,Surrender,2024-10-01,Bengaluru Rural
1626,1805,2517,Arrest,2024-10-07,Bengaluru Rural
1627,1806,2519,Arrest,2025-11-19,Mysuru
1628,1808,2521,Arrest,2022-08-02,Hubballi-Dharwad
1629,1813,2526,Arrest,2026-09-17,Kolar
1630,1813,2527,Arrest,2026-09-30,Kolar
1631,1815,2530,Arrest,2022-09-11,Kalaburagi
1632,1816,2532,Surrender,2026-11-09,Bengaluru City
1633,1817,2533,Arrest,2022-09-28,Kodagu
1634,1817,2534,Arrest,2022-09-24,Kodagu
1635,1818,2536,Surrender,2025-07-14,Bengaluru Rural
1636,1820,2538,Arrest,2022-11-08,Bagalkot
1637,1820,2539,Arrest,2022-11-11,Bagalkot
1638,1823,2542,Surrender,2024-11-26,Davanagere
1639,1824,2544,Arrest,2025-03-23,Vijayapura
1640,1825,2545,Arrest,2026-04-03,Ramanagara
1641,1825,2546,Arrest,2026-03-16,Ramanagara
1642,1826,2547,Arrest,2025-06-18,Bengaluru Rural
1643,1826,2548,Surrender,2025-07-22,Bengaluru Rural
1644,1827,2549,Arrest,2025-10-11,Bengaluru Rural
1645,1827,2550,Arrest,2025-10-30,Bengaluru Rural
1646,1828,2552,Arrest,2024-02-26,Belagavi
1647,1829,2553,Arrest,2024-10-28,Mandya
1648,1832,2556,Arrest,2023-08-26,Bengaluru Rural
1649,1833,2557,Arrest,2025-09-04,Kodagu
1650,1834,2558,Arrest,2026-07-09,Bidar
1651,1835,2560,Arrest,2025-10-06,Belagavi
1652,1837,2562,Arrest,2026-12-27,Bengaluru Rural
1653,1837,2563,Arrest,2026-12-29,Bengaluru Rural
1654,1838,2564,Arrest,2022-07-06,Tumakuru
1655,1838,2565,Arrest,2022-06-16,Tumakuru
1656,1839,2567,Surrender,2026-04-26,Udupi
1657,1841,2569,Surrender,2024-06-18,Raichur
1658,1844,2572,Arrest,2024-07-04,Koppal
1659,1845,2574,Arrest,2023-08-08,Haveri
1660,1845,2575,Arrest,2023-08-08,Haveri
1661,1846,2576,Arrest,2022-07-10,Mysuru
1662,1847,2578,Surrender,2026-08-10,Belagavi
1663,1848,2579,Surrender,2026-09-24,Udupi
1664,1849,2580,Surrender,2026-09-30,Hassan
1665,1850,2581,Arrest,2023-11-19,Mysuru
1666,1851,2583,Arrest,2023-10-07,Bengaluru City
1667,1853,2585,Arrest,2022-09-24,Mangaluru (Dakshina Kannada)
1668,1854,2587,Surrender,2026-08-13,Chamarajanagar
1669,1856,2588,Arrest,2025-08-11,Mysuru
1670,1858,2590,Arrest,2024-01-04,Gadag
1671,1859,2591,Surrender,2023-01-12,Koppal
1672,1860,2592,Arrest,2025-10-01,Yadgir
1673,1860,2593,Surrender,2025-10-31,Yadgir
1674,1861,2594,Arrest,2026-04-16,Bagalkot
1675,1863,2596,Arrest,2022-11-13,Udupi
1676,1863,2598,Arrest,2022-12-10,Udupi
1677,1864,2599,Arrest,2026-04-24,Bengaluru Rural
1678,1864,2600,Arrest,2026-04-16,Bengaluru Rural
1679,1866,2602,Arrest,2022-10-10,Ballari
1680,1867,2603,Surrender,2024-08-13,Belagavi
1681,1868,2604,Arrest,2025-07-24,Chamarajanagar
1682,1868,2605,Arrest,2025-08-03,Chamarajanagar
1683,1868,2606,Surrender,2025-08-17,Chamarajanagar
1684,1871,2610,Arrest,2026-08-12,Bidar
1685,1876,2615,Arrest,2025-12-08,Belagavi
1686,1878,2619,Surrender,2024-07-06,Hubballi-Dharwad
1687,1880,2620,Arrest,2027-01-31,Belagavi
1688,1881,2621,Arrest,2026-06-03,Ballari
1689,1883,2623,Arrest,2024-12-25,Ballari
1690,1883,2624,Surrender,2025-01-20,Ballari
1691,1884,2625,Arrest,2026-09-20,Raichur
1692,1886,2627,Arrest,2026-09-27,Bagalkot
1693,1886,2628,Arrest,2026-10-02,Bagalkot
1694,1887,2629,Arrest,2022-03-02,Chamarajanagar
1695,1888,2630,Arrest,2022-12-18,Mangaluru (Dakshina Kannada)
1696,1889,2631,Arrest,2026-01-19,Shivamogga
1697,1890,2632,Arrest,2024-04-30,Mysuru
1698,1892,2634,Arrest,2023-06-10,Bengaluru City
1699,1893,2635,Arrest,2025-09-07,Bengaluru City
1700,1893,2636,Arrest,2025-08-17,Bengaluru City
1701,1894,2638,Arrest,2023-02-15,Belagavi
1702,1895,2639,Arrest,2026-12-30,Uttara Kannada
1703,1897,2642,Surrender,2026-04-18,Belagavi
1704,1898,2644,Arrest,2022-07-31,Belagavi
1705,1900,2646,Surrender,2026-02-28,Belagavi
1706,1901,2649,Arrest,2026-04-24,Belagavi
1707,1903,2651,Arrest,2026-12-23,Kolar
1708,1905,2653,Arrest,2026-07-02,Vijayapura
1709,1905,2654,Surrender,2026-05-31,Vijayapura
1710,1905,2655,Arrest,2026-06-02,Vijayapura
1711,1908,2658,Arrest,2026-09-06,Bagalkot
1712,1908,2659,Surrender,2026-10-11,Bagalkot
1713,1908,2660,Surrender,2026-09-13,Bagalkot
1714,1909,2662,Surrender,2025-12-31,Bengaluru City
1715,1910,2663,Arrest,2026-04-25,Ballari
1716,1911,2664,Arrest,2025-09-05,Bengaluru City
1717,1913,2665,Arrest,2022-08-30,Belagavi
1718,1914,2666,Arrest,2024-09-01,Davanagere
1719,1915,2667,Arrest,2022-02-27,Kodagu
1720,1916,2668,Arrest,2023-11-08,Mysuru
1721,1916,2669,Arrest,2023-10-22,Mysuru
1722,1918,2671,Arrest,2026-04-27,Koppal
1723,1918,2672,Arrest,2026-05-06,Koppal
1724,1919,2674,Arrest,2025-12-04,Hubballi-Dharwad
1725,1919,2675,Surrender,2025-11-30,Hubballi-Dharwad
1726,1920,2676,Arrest,2024-06-21,Bidar
1727,1921,2677,Arrest,2023-11-24,Belagavi
1728,1922,2678,Arrest,2024-11-25,Bengaluru Rural
1729,1922,2679,Arrest,2024-12-15,Bengaluru Rural
1730,1923,2680,Surrender,2022-04-03,Bengaluru Rural
1731,1924,2681,Arrest,2024-09-12,Bengaluru Rural
1732,1927,2683,Arrest,2024-04-17,Chamarajanagar
1733,1930,2686,Surrender,2026-01-03,Belagavi
1734,1931,2687,Arrest,2026-10-07,Kalaburagi
1735,1934,2690,Arrest,2026-05-20,Bengaluru Rural
1736,1937,2695,Arrest,2026-04-08,Hassan
1737,1937,2696,Arrest,2026-04-30,Hassan
1738,1937,2697,Arrest,2026-03-21,Hassan
1739,1938,2698,Arrest,2023-12-04,Mysuru
1740,1939,2700,Surrender,2023-11-27,Bengaluru Rural
1741,1939,2701,Arrest,2023-12-08,Bengaluru Rural
1742,1940,2702,Arrest,2026-06-30,Mysuru
1743,1940,2704,Surrender,2026-07-24,Mysuru
1744,1941,2705,Arrest,2026-04-02,Bengaluru City
1745,1943,2707,Arrest,2023-08-02,Bidar
1746,1944,2708,Arrest,2026-01-06,Bidar
1747,1945,2710,Surrender,2024-02-18,Chamarajanagar
1748,1945,2711,Arrest,2024-02-09,Chamarajanagar
1749,1946,2712,Arrest,2025-08-17,Bengaluru City
1750,1946,2713,Surrender,2025-08-21,Bengaluru City
1751,1948,2714,Surrender,2024-06-10,Yadgir
1752,1949,2716,Arrest,2025-11-06,Bengaluru City
1753,1951,2717,Surrender,2026-09-05,Yadgir
1754,1954,2720,Arrest,2025-05-22,Belagavi
1755,1958,2724,Arrest,2026-09-08,Belagavi
1756,1959,2725,Arrest,2024-12-20,Shivamogga
1757,1960,2726,Surrender,2022-10-29,Raichur
1758,1961,2727,Arrest,2026-07-30,Hassan
1759,1963,2729,Arrest,2024-08-30,Bengaluru Rural
1760,1964,2730,Arrest,2025-06-09,Raichur
1761,1965,2731,Arrest,2026-10-05,Kodagu
1762,1969,2736,Surrender,2024-02-08,Bengaluru Rural
1763,1970,2737,Arrest,2024-10-11,Koppal
1764,1971,2738,Arrest,2023-03-23,Davanagere
1765,1972,2739,Arrest,2025-04-26,Chamarajanagar
1766,1973,2740,Surrender,2025-11-01,Bengaluru Rural
1767,1974,2741,Surrender,2026-02-08,Bengaluru Rural
1768,1975,2743,Arrest,2024-11-03,Vijayapura
1769,1978,2745,Arrest,2022-03-19,Bengaluru City
1770,1978,2746,Arrest,2022-03-08,Bengaluru City
1771,1979,2747,Arrest,2026-08-13,Koppal
1772,1979,2748,Arrest,2026-08-25,Koppal
1773,1980,2749,Arrest,2022-10-12,Chamarajanagar
1774,1981,2752,Arrest,2026-01-19,Mysuru
1775,1982,2753,Arrest,2022-11-09,Bengaluru Rural
1776,1982,2754,Arrest,2022-12-14,Bengaluru Rural
1777,1984,2757,Surrender,2026-01-29,Mandya
1778,1985,2758,Arrest,2026-06-29,Belagavi
1779,1986,2760,Arrest,2025-07-28,Mangaluru (Dakshina Kannada)
1780,1988,2764,Surrender,2026-05-07,Mangaluru (Dakshina Kannada)
1781,1988,2765,Arrest,2026-06-05,Mangaluru (Dakshina Kannada)
1782,1989,2766,Arrest,2026-05-02,Udupi
1783,1990,2769,Arrest,2026-11-05,Ballari
1784,1992,2770,Arrest,2026-12-13,Shivamogga
1785,1996,2774,Arrest,2026-09-21,Bengaluru Rural
1786,1996,2775,Arrest,2026-09-24,Bengaluru Rural
1787,1997,2777,Arrest,2024-10-19,Kolar
1788,1998,2778,Surrender,2026-12-21,Belagavi
1789,1999,2779,Arrest,2026-10-01,Bengaluru City
1790,2000,2781,Arrest,2026-02-08,Mandya
1791,2001,2782,Arrest,2023-03-07,Udupi
1792,2002,2783,Arrest,2026-04-28,Chikkamagaluru
1793,2003,2784,Surrender,2025-09-21,Belagavi
1794,2003,2785,Arrest,2025-08-29,Belagavi
1795,2003,2786,Arrest,2025-08-22,Belagavi
1796,2006,2791,Surrender,2026-05-13,Mangaluru (Dakshina Kannada)
1797,2006,2792,Arrest,2026-05-17,Mangaluru (Dakshina Kannada)
1798,2007,2793,Surrender,2023-11-07,Ballari
1799,2007,2794,Arrest,2023-11-03,Ballari
1800,2008,2795,Surrender,2024-07-21,Ramanagara
1801,2009,2796,Surrender,2024-07-19,Bengaluru Rural
1802,2009,2798,Arrest,2024-08-04,Bengaluru Rural
1803,2010,2799,Arrest,2025-09-25,Vijayapura
1804,2011,2801,Arrest,2024-11-03,Mandya
1805,2011,2803,Arrest,2024-11-25,Mandya
1806,2012,2805,Arrest,2023-08-21,Belagavi
1807,2014,2806,Surrender,2022-11-04,Chikkamagaluru
1808,2015,2808,Arrest,2023-06-30,Mysuru
1809,2017,2810,Arrest,2026-08-08,Bengaluru City
1810,2017,2812,Arrest,2026-08-01,Bengaluru City
1811,2019,2814,Surrender,2025-04-23,Bagalkot
1812,2019,2815,Arrest,2025-03-27,Bagalkot
1813,2020,2818,Arrest,2024-05-19,Belagavi
1814,2021,2820,Arrest,2026-10-19,Ramanagara
1815,2022,2821,Arrest,2025-01-11,Ramanagara
1816,2025,2824,Surrender,2022-05-16,Raichur
1817,2025,2825,Arrest,2022-05-13,Raichur
1818,2026,2826,Arrest,2026-05-06,Yadgir
1819,2026,2827,Arrest,2026-05-19,Yadgir
1820,2027,2829,Arrest,2026-08-09,Mysuru
1821,2028,2830,Arrest,2026-09-03,Ramanagara
1822,2028,2831,Arrest,2026-08-27,Ramanagara
1823,2029,2832,Surrender,2023-10-22,Davanagere
1824,2030,2833,Surrender,2025-01-22,Yadgir
1825,2031,2835,Arrest,2023-12-25,Mysuru
1826,2036,2839,Arrest,2026-04-24,Davanagere
1827,2036,2840,Arrest,2026-04-18,Davanagere
1828,2037,2841,Arrest,2026-01-05,Davanagere
1829,2037,2842,Arrest,2026-01-03,Davanagere
1830,2037,2843,Arrest,2026-01-06,Davanagere
1831,2038,2844,Arrest,2022-08-10,Bidar
1832,2038,2845,Arrest,2022-07-31,Bidar
1833,2039,2846,Arrest,2022-08-07,Kolar
1834,2040,2847,Surrender,2024-09-30,Bengaluru Rural
1835,2041,2848,Surrender,2026-05-05,Chamarajanagar
1836,2041,2849,Arrest,2026-04-26,Chamarajanagar
1837,2042,2850,Arrest,2026-12-13,Raichur
1838,2043,2851,Arrest,2025-07-17,Mysuru
1839,2045,2854,Arrest,2023-07-16,Kodagu
1840,2045,2855,Surrender,2023-06-11,Kodagu
1841,2046,2856,Surrender,2023-12-26,Bengaluru Rural
1842,2047,2858,Arrest,2025-04-08,Raichur
1843,2049,2861,Arrest,2024-11-22,Yadgir
1844,2051,2862,Arrest,2025-02-20,Yadgir
1845,2052,2863,Arrest,2025-12-03,Tumakuru
1846,2052,2864,Surrender,2025-12-06,Tumakuru
1847,2053,2866,Arrest,2025-01-11,Raichur
1848,2055,2867,Arrest,2025-05-29,Kolar
1849,2058,2870,Surrender,2026-06-28,Tumakuru
1850,2059,2871,Surrender,2025-07-23,Hubballi-Dharwad
1851,2060,2872,Arrest,2024-04-05,Mandya
1852,2061,2873,Surrender,2022-03-06,Bengaluru Rural
1853,2062,2874,Surrender,2023-02-23,Ballari
1854,2064,2877,Arrest,2022-11-02,Shivamogga
1855,2066,2880,Arrest,2025-10-06,Mangaluru (Dakshina Kannada)
1856,2066,2881,Arrest,2025-09-21,Mangaluru (Dakshina Kannada)
1857,2067,2882,Arrest,2023-08-31,Belagavi
1858,2068,2884,Arrest,2024-09-01,Hassan
1859,2069,2885,Arrest,2025-12-31,Shivamogga
1860,2070,2886,Arrest,2025-05-05,Mysuru
1861,2071,2888,Arrest,2022-11-04,Koppal
1862,2072,2889,Surrender,2024-10-24,Tumakuru
1863,2073,2890,Arrest,2026-02-04,Vijayapura
1864,2074,2892,Surrender,2026-08-31,Udupi
1865,2075,2893,Surrender,2024-04-10,Vijayapura
1866,2076,2896,Arrest,2026-01-30,Yadgir
1867,2078,2898,Surrender,2022-03-23,Mysuru
1868,2079,2900,Arrest,2024-07-15,Tumakuru
1869,2080,2902,Surrender,2026-02-22,Belagavi
1870,2081,2903,Arrest,2024-12-13,Mysuru
1871,2081,2904,Arrest,2025-01-24,Mysuru
1872,2083,2906,Arrest,2026-09-23,Mangaluru (Dakshina Kannada)
1873,2084,2907,Arrest,2022-05-03,Kodagu
1874,2086,2908,Arrest,2022-05-06,Mandya
1875,2087,2909,Surrender,2026-06-16,Belagavi
1876,2087,2911,Arrest,2026-05-30,Belagavi
1877,2088,2914,Arrest,2026-12-20,Tumakuru
1878,2089,2915,Arrest,2026-12-19,Ballari
1879,2090,2916,Arrest,2023-09-27,Belagavi
1880,2090,2917,Arrest,2023-09-28,Belagavi
1881,2094,2921,Surrender,2023-11-17,Mysuru
1882,2096,2923,Surrender,2022-10-25,Kolar
1883,2096,2924,Arrest,2022-11-08,Kolar
1884,2097,2925,Arrest,2024-06-15,Gadag
1885,2102,2928,Surrender,2025-10-08,Raichur
1886,2103,2929,Arrest,2023-07-20,Chamarajanagar
1887,2104,2930,Arrest,2024-08-09,Bengaluru Rural
1888,2106,2932,Arrest,2024-09-19,Ramanagara
1889,2106,2933,Arrest,2024-09-18,Ramanagara
1890,2109,2935,Arrest,2024-05-29,Yadgir
1891,2110,2937,Arrest,2024-08-01,Gadag
1892,2112,2939,Arrest,2026-08-20,Chitradurga
1893,2113,2941,Arrest,2022-08-01,Bengaluru Rural
1894,2113,2942,Arrest,2022-07-31,Bengaluru Rural
1895,2115,2944,Arrest,2026-08-20,Belagavi
1896,2115,2945,Arrest,2026-09-10,Belagavi
1897,2117,2947,Arrest,2026-07-27,Bengaluru City
1898,2118,2949,Surrender,2022-02-24,Mysuru
1899,2120,2950,Arrest,2025-05-27,Tumakuru
1900,2121,2951,Arrest,2024-07-30,Udupi
1901,2122,2953,Arrest,2024-08-14,Hassan
1902,2123,2955,Arrest,2025-11-12,Tumakuru
1903,2124,2956,Arrest,2025-08-29,Ramanagara
1904,2125,2958,Arrest,2023-08-06,Davanagere
1905,2126,2960,Arrest,2022-07-14,Kalaburagi
1906,2126,2961,Arrest,2022-07-06,Kalaburagi
1907,2128,2963,Arrest,2024-01-09,Vijayapura
1908,2129,2964,Surrender,2022-09-21,Bidar
1909,2130,2966,Arrest,2025-07-22,Davanagere
1910,2131,2967,Arrest,2022-12-14,Bengaluru Rural
1911,2133,2971,Arrest,2022-09-15,Mangaluru (Dakshina Kannada)
1912,2133,2972,Arrest,2022-09-09,Mangaluru (Dakshina Kannada)
1913,2134,2973,Arrest,2024-11-24,Bengaluru Rural
1914,2136,2974,Surrender,2022-02-22,Belagavi
1915,2136,2975,Arrest,2022-01-26,Belagavi
1916,2138,2978,Arrest,2025-04-06,Ramanagara
1917,2141,2981,Surrender,2023-12-27,Belagavi
1918,2141,2982,Arrest,2023-12-22,Belagavi
1919,2143,2985,Arrest,2025-06-27,Davanagere
1920,2143,2986,Arrest,2025-06-19,Davanagere
1921,2144,2987,Arrest,2023-05-16,Gadag
1922,2144,2988,Arrest,2023-04-16,Gadag
1923,2145,2989,Arrest,2025-06-07,Udupi
1924,2145,2990,Arrest,2025-06-09,Udupi
1925,2147,2992,Surrender,2026-04-11,Bengaluru Rural
1926,2148,2993,Arrest,2024-03-03,Vijayapura
1927,2149,2994,Arrest,2025-06-03,Tumakuru
1928,2150,2995,Arrest,2023-11-28,Chitradurga
1929,2151,2997,Arrest,2023-09-05,Mandya
1930,2151,2998,Arrest,2023-08-30,Mandya
1931,2151,2999,Arrest,2023-09-18,Mandya
1932,2152,3000,Arrest,2024-11-12,Tumakuru
1933,2152,3001,Arrest,2024-11-06,Tumakuru
1934,2152,3002,Arrest,2024-11-20,Tumakuru
1935,2154,3004,Surrender,2026-09-30,Bengaluru City
1936,2155,3005,Arrest,2024-12-23,Belagavi
1937,2156,3006,Surrender,2024-12-17,Koppal
1938,2156,3007,Arrest,2024-12-26,Koppal
1939,2157,3008,Surrender,2022-03-30,Bengaluru Rural
1940,2157,3009,Surrender,2022-04-16,Bengaluru Rural
1941,2159,3011,Arrest,2024-05-12,Tumakuru
1942,2162,3013,Arrest,2026-04-15,Yadgir
1943,2164,3014,Surrender,2026-01-11,Belagavi
1944,2165,3016,Arrest,2023-10-19,Kodagu
1945,2166,3017,Arrest,2024-11-22,Belagavi
1946,2168,3019,Arrest,2025-10-28,Bengaluru Rural
1947,2169,3021,Arrest,2026-10-18,Yadgir
1948,2172,3024,Arrest,2024-04-21,Davanagere
1949,2174,3025,Arrest,2026-11-21,Bagalkot
1950,2174,3026,Arrest,2026-11-13,Bagalkot
1951,2176,3029,Surrender,2023-09-30,Koppal
1952,2176,3030,Arrest,2023-10-30,Koppal
1953,2178,3032,Arrest,2023-10-17,Koppal
1954,2179,3033,Arrest,2026-07-29,Kalaburagi
1955,2180,3034,Arrest,2025-09-07,Bengaluru City
1956,2180,3035,Arrest,2025-08-27,Bengaluru City
1957,2181,3036,Arrest,2025-08-19,Kodagu
1958,2182,3037,Arrest,2025-09-20,Davanagere
1959,2183,3038,Surrender,2026-12-12,Hassan
1960,2184,3039,Arrest,2025-07-17,Mysuru
1961,2185,3041,Arrest,2024-04-15,Haveri
1962,2186,3042,Arrest,2025-06-15,Bengaluru Rural
1963,2188,3044,Arrest,2025-10-30,Hassan
1964,2190,3046,Surrender,2027-01-10,Bengaluru City
1965,2190,3047,Arrest,2027-01-19,Bengaluru City
1966,2191,3049,Arrest,2025-08-12,Udupi
1967,2192,3050,Arrest,2025-06-14,Bengaluru Rural
1968,2193,3051,Arrest,2026-08-15,Davanagere
1969,2195,3053,Arrest,2026-05-16,Mysuru
1970,2195,3054,Surrender,2026-04-13,Mysuru
1971,2195,3055,Arrest,2026-04-19,Mysuru
1972,2197,3057,Arrest,2024-03-12,Bengaluru City
1973,2200,3060,Arrest,2025-09-08,Davanagere
1974,2200,3061,Surrender,2025-10-09,Davanagere
1975,2202,3062,Arrest,2025-07-08,Bengaluru Rural
1976,2206,3066,Surrender,2027-01-12,Haveri
1977,2206,3067,Arrest,2027-01-01,Haveri
1978,2208,3070,Surrender,2022-11-16,Belagavi
1979,2208,3071,Arrest,2022-12-09,Belagavi
1980,2211,3074,Surrender,2023-11-21,Bengaluru City
1981,2211,3075,Arrest,2023-12-02,Bengaluru City
1982,2212,3077,Arrest,2022-05-13,Kolar
1983,2213,3078,Arrest,2024-11-07,Ballari
1984,2217,3083,Arrest,2026-05-15,Yadgir
1985,2218,3084,Arrest,2026-01-10,Belagavi
1986,2219,3085,Arrest,2023-05-07,Bengaluru Rural
1987,2220,3087,Arrest,2025-07-04,Davanagere
1988,2222,3090,Arrest,2026-04-16,Vijayapura
1989,2224,3091,Arrest,2025-06-22,Davanagere
1990,2224,3092,Arrest,2025-06-23,Davanagere
1991,2228,3096,Surrender,2024-04-15,Chamarajanagar
1992,2229,3098,Surrender,2026-07-18,Bengaluru Rural
1993,2230,3099,Arrest,2023-04-13,Belagavi
1994,2230,3100,Arrest,2023-04-26,Belagavi
1995,2230,3101,Arrest,2023-05-02,Belagavi
1996,2231,3102,Arrest,2025-08-14,Tumakuru
1997,2231,3103,Arrest,2025-08-22,Tumakuru
1998,2231,3104,Arrest,2025-08-21,Tumakuru
1999,2235,3107,Arrest,2023-02-09,Mysuru
2000,2236,3108,Arrest,2023-04-03,Davanagere
2001,2236,3109,Arrest,2023-04-07,Davanagere
2002,2237,3112,Arrest,2023-07-30,Ballari
2003,2238,3113,Surrender,2025-01-09,Haveri
2004,2239,3114,Arrest,2025-12-05,Ramanagara
2005,2239,3115,Arrest,2025-12-17,Ramanagara
2006,2241,3117,Arrest,2024-06-07,Raichur
2007,2242,3118,Arrest,2023-09-28,Bengaluru City
2008,2243,3119,Surrender,2025-03-09,Bengaluru Rural
2009,2244,3120,Arrest,2024-10-13,Bengaluru City
2010,2244,3121,Surrender,2024-10-10,Bengaluru City
2011,2244,3122,Arrest,2024-10-14,Bengaluru City
2012,2245,3123,Arrest,2026-07-15,Kodagu
2013,2247,3125,Arrest,2024-11-27,Haveri
2014,2248,3126,Arrest,2025-12-01,Ramanagara
2015,2248,3127,Arrest,2025-11-27,Ramanagara
2016,2252,3132,Arrest,2026-08-02,Udupi
2017,2252,3133,Surrender,2026-08-22,Udupi
2018,2253,3135,Arrest,2026-09-11,Bagalkot
2019,2253,3136,Arrest,2026-10-19,Bagalkot
2020,2254,3138,Arrest,2024-06-21,Mysuru
2021,2256,3142,Arrest,2023-06-17,Ramanagara
2022,2258,3145,Arrest,2024-08-24,Raichur
2023,2258,3146,Arrest,2024-08-07,Raichur
2024,2259,3147,Arrest,2025-09-26,Kodagu
2025,2260,3148,Surrender,2025-03-15,Koppal
2026,2261,3149,Surrender,2022-09-09,Belagavi
2027,2262,3150,Arrest,2026-02-18,Kolar
2028,2263,3152,Surrender,2024-05-20,Kalaburagi
2029,2264,3153,Arrest,2025-11-12,Bengaluru City
2030,2264,3154,Arrest,2025-10-15,Bengaluru City
2031,2264,3155,Arrest,2025-11-02,Bengaluru City
2032,2267,3158,Arrest,2022-09-09,Bengaluru City
2033,2268,3159,Arrest,2026-02-20,Davanagere
2034,2269,3161,Arrest,2026-07-31,Davanagere
2035,2269,3162,Surrender,2026-08-19,Davanagere
2036,2269,3163,Arrest,2026-07-17,Davanagere
2037,2270,3164,Surrender,2023-02-11,Hassan
2038,2271,3165,Arrest,2026-09-26,Davanagere
2039,2273,3167,Arrest,2025-03-20,Kalaburagi
2040,2274,3168,Arrest,2022-05-06,Belagavi
2041,2274,3169,Arrest,2022-05-02,Belagavi
2042,2275,3170,Arrest,2024-07-29,Ballari
2043,2275,3171,Arrest,2024-07-05,Ballari
2044,2275,3172,Arrest,2024-06-26,Ballari
2045,2276,3173,Arrest,2026-08-12,Bengaluru Rural
2046,2276,3174,Surrender,2026-07-05,Bengaluru Rural
2047,2278,3176,Arrest,2024-04-13,Kalaburagi
2048,2280,3177,Arrest,2025-10-22,Mysuru
2049,2282,3179,Arrest,2025-06-17,Shivamogga
2050,2282,3180,Arrest,2025-05-12,Shivamogga
2051,2283,3181,Arrest,2026-08-26,Mysuru
2052,2287,3186,Arrest,2023-08-07,Bagalkot
2053,2288,3187,Arrest,2026-03-19,Bengaluru Rural
2054,2288,3188,Surrender,2026-04-06,Bengaluru Rural
2055,2290,3192,Arrest,2022-05-08,Davanagere
2056,2291,3193,Arrest,2025-10-15,Chikkamagaluru
2057,2292,3194,Arrest,2025-03-06,Davanagere
2058,2293,3195,Surrender,2026-12-03,Gadag
2059,2294,3196,Arrest,2024-02-12,Bengaluru Rural
2060,2295,3197,Arrest,2022-07-04,Chikkaballapur
2061,2297,3198,Arrest,2025-02-01,Gadag
2062,2298,3199,Surrender,2024-02-18,Shivamogga
2063,2299,3201,Arrest,2026-12-22,Davanagere
2064,2300,3202,Arrest,2025-06-09,Mysuru
2065,2303,3205,Arrest,2024-04-23,Mysuru
2066,2305,3207,Surrender,2023-05-01,Udupi
2067,2306,3209,Arrest,2024-11-23,Davanagere
2068,2306,3210,Arrest,2024-11-07,Davanagere
2069,2307,3211,Arrest,2023-01-11,Belagavi
2070,2308,3212,Arrest,2025-09-30,Chikkamagaluru
2071,2310,3214,Surrender,2026-10-26,Kalaburagi
2072,2311,3216,Surrender,2024-03-26,Yadgir
2073,2312,3217,Surrender,2024-12-03,Mangaluru (Dakshina Kannada)
2074,2312,3218,Arrest,2024-12-31,Mangaluru (Dakshina Kannada)
2075,2312,3219,Arrest,2024-11-27,Mangaluru (Dakshina Kannada)
2076,2313,3220,Arrest,2024-04-05,Mangaluru (Dakshina Kannada)
2077,2313,3221,Arrest,2024-04-12,Mangaluru (Dakshina Kannada)
2078,2314,3223,Surrender,2026-08-15,Ballari
2079,2316,3226,Arrest,2025-02-26,Udupi
2080,2316,3227,Arrest,2025-02-26,Udupi
2081,2318,3229,Arrest,2025-08-16,Belagavi
2082,2320,3230,Arrest,2026-07-26,Gadag
2083,2320,3231,Arrest,2026-07-15,Gadag
2084,2320,3232,Arrest,2026-07-07,Gadag
2085,2321,3233,Arrest,2026-07-22,Yadgir
2086,2321,3234,Arrest,2026-07-07,Yadgir
2087,2322,3237,Arrest,2026-03-08,Mangaluru (Dakshina Kannada)
2088,2323,3238,Arrest,2024-12-17,Shivamogga
2089,2325,3240,Arrest,2023-03-16,Hubballi-Dharwad
2090,2326,3241,Arrest,2023-02-17,Belagavi
2091,2327,3244,Arrest,2025-02-24,Bagalkot
2092,2328,3246,Arrest,2024-03-22,Kalaburagi
2093,2331,3249,Surrender,2024-08-21,Kalaburagi
2094,2333,3252,Arrest,2026-08-03,Hubballi-Dharwad
2095,2333,3253,Arrest,2026-07-16,Hubballi-Dharwad
2096,2335,3255,Arrest,2024-08-18,Raichur
2097,2336,3256,Surrender,2025-12-01,Mangaluru (Dakshina Kannada)
2098,2336,3258,Surrender,2025-12-30,Mangaluru (Dakshina Kannada)
2099,2337,3259,Surrender,2025-06-10,Belagavi
2100,2338,3261,Arrest,2023-10-07,Mangaluru (Dakshina Kannada)
2101,2339,3262,Surrender,2025-11-21,Kodagu
2102,2340,3263,Arrest,2023-12-28,Mysuru
2103,2340,3264,Arrest,2024-01-15,Mysuru
2104,2342,3266,Arrest,2023-11-17,Haveri
2105,2344,3268,Arrest,2025-02-25,Hassan
2106,2344,3269,Surrender,2025-02-19,Hassan
2107,2346,3271,Arrest,2026-12-16,Hassan
2108,2347,3272,Arrest,2023-11-01,Udupi
2109,2347,3273,Arrest,2023-11-10,Udupi
2110,2348,3275,Arrest,2026-02-08,Belagavi
2111,2348,3276,Arrest,2026-01-22,Belagavi
2112,2349,3277,Arrest,2026-09-02,Ramanagara
2113,2350,3278,Surrender,2023-05-02,Davanagere
2114,2351,3279,Arrest,2024-03-20,Bengaluru City
2115,2352,3280,Surrender,2022-09-20,Bengaluru Rural
2116,2353,3281,Arrest,2025-05-13,Chamarajanagar
2117,2354,3282,Arrest,2022-07-20,Kolar
2118,2354,3283,Surrender,2022-06-21,Kolar
2119,2356,3285,Arrest,2022-02-04,Raichur
2120,2360,3288,Arrest,2025-12-24,Hassan
2121,2363,3291,Surrender,2026-06-28,Hassan
2122,2364,3292,Arrest,2026-02-17,Ramanagara
2123,2365,3293,Arrest,2026-01-19,Tumakuru
2124,2367,3295,Arrest,2024-08-13,Bengaluru Rural
2125,2368,3298,Arrest,2024-12-29,Ramanagara
2126,2369,3299,Surrender,2023-07-16,Mysuru
2127,2370,3301,Arrest,2026-09-27,Tumakuru
2128,2371,3303,Arrest,2024-01-27,Kalaburagi
2129,2373,3304,Surrender,2026-06-29,Belagavi
2130,2374,3305,Arrest,2024-03-26,Bidar
2131,2377,3307,Arrest,2025-09-22,Vijayapura
2132,2377,3308,Arrest,2025-09-25,Vijayapura
2133,2377,3309,Arrest,2025-10-16,Vijayapura
2134,2378,3310,Arrest,2024-08-21,Ballari
2135,2379,3311,Arrest,2025-03-26,Vijayapura
2136,2379,3312,Arrest,2025-03-13,Vijayapura
2137,2382,3314,Arrest,2024-07-17,Chamarajanagar
2138,2383,3315,Arrest,2026-06-07,Bengaluru Rural
2139,2384,3317,Arrest,2025-12-10,Hassan
2140,2386,3321,Surrender,2022-07-20,Mysuru
2141,2388,3322,Surrender,2026-08-03,Bengaluru City
2142,2388,3323,Arrest,2026-08-15,Bengaluru City
2143,2394,3328,Arrest,2023-02-28,Ramanagara
2144,2395,3329,Arrest,2026-05-17,Kolar
2145,2397,3332,Arrest,2025-02-21,Ramanagara
2146,2398,3333,Arrest,2023-01-07,Mysuru
2147,2400,3336,Arrest,2026-06-04,Chikkamagaluru
2148,2400,3338,Surrender,2026-06-19,Chikkamagaluru
2149,2401,3339,Arrest,2022-08-29,Bengaluru Rural
2150,2404,3343,Arrest,2025-03-04,Ballari
2151,2405,3344,Arrest,2024-10-27,Belagavi
2152,2405,3345,Arrest,2024-12-04,Belagavi
2153,2407,3347,Surrender,2024-03-17,Bengaluru Rural
2154,2408,3349,Arrest,2024-08-24,Mysuru
2155,2409,3350,Arrest,2026-01-21,Udupi
2156,2409,3351,Arrest,2025-12-28,Udupi
2157,2409,3352,Arrest,2026-01-17,Udupi
2158,2410,3353,Surrender,2025-11-30,Ballari
2159,2411,3355,Arrest,2023-09-19,Belagavi
2160,2412,3357,Arrest,2025-10-24,Raichur
2161,2415,3360,Arrest,2025-12-10,Bengaluru Rural
2162,2416,3362,Arrest,2025-05-09,Chamarajanagar
2163,2416,3363,Arrest,2025-05-10,Chamarajanagar
2164,2417,3365,Arrest,2022-10-26,Bengaluru Rural
2165,2420,3367,Surrender,2023-07-20,Kolar
2166,2420,3368,Arrest,2023-07-06,Kolar
2167,2421,3370,Arrest,2025-02-01,Mangaluru (Dakshina Kannada)
2168,2421,3371,Surrender,2025-02-05,Mangaluru (Dakshina Kannada)
2169,2422,3372,Arrest,2023-10-21,Belagavi
2170,2423,3373,Arrest,2024-10-12,Shivamogga
2171,2425,3377,Surrender,2026-11-02,Kodagu
2172,2426,3379,Arrest,2023-03-19,Ramanagara
2173,2427,3381,Arrest,2026-04-03,Bengaluru City
2174,2428,3383,Arrest,2024-08-17,Ballari
2175,2430,3385,Arrest,2026-01-11,Bengaluru Rural
2176,2431,3386,Arrest,2025-05-25,Ramanagara
2177,2435,3389,Surrender,2025-07-19,Ramanagara
2178,2436,3390,Arrest,2024-02-22,Udupi
2179,2438,3393,Arrest,2025-01-09,Tumakuru
2180,2439,3394,Surrender,2026-11-14,Belagavi
2181,2439,3395,Arrest,2026-12-08,Belagavi
2182,2440,3396,Arrest,2027-01-19,Shivamogga
2183,2441,3397,Arrest,2023-02-28,Davanagere
2184,2442,3398,Arrest,2024-06-09,Mysuru
2185,2444,3400,Arrest,2026-07-22,Yadgir
2186,2444,3401,Arrest,2026-08-02,Yadgir
2187,2445,3402,Arrest,2025-05-17,Hubballi-Dharwad
2188,2446,3403,Arrest,2024-02-17,Haveri
2189,2447,3404,Arrest,2026-05-02,Bengaluru Rural
2190,2449,3405,Arrest,2022-07-11,Mysuru
2191,2451,3409,Arrest,2025-01-28,Belagavi
2192,2453,3412,Surrender,2025-09-22,Mangaluru (Dakshina Kannada)
2193,2455,3416,Arrest,2025-07-09,Mysuru
2194,2456,3417,Surrender,2023-04-27,Mangaluru (Dakshina Kannada)
2195,2456,3418,Surrender,2023-05-12,Mangaluru (Dakshina Kannada)
2196,2459,3421,Arrest,2025-12-26,Chamarajanagar
2197,2460,3423,Arrest,2024-08-09,Kodagu
2198,2461,3425,Arrest,2024-02-01,Vijayapura
2199,2462,3426,Surrender,2026-02-07,Bidar
2200,2462,3428,Arrest,2026-03-07,Bidar
2201,2463,3430,Arrest,2025-01-29,Belagavi
2202,2464,3432,Surrender,2027-01-08,Ballari
2203,2465,3433,Arrest,2026-08-27,Kodagu
2204,2467,3435,Arrest,2026-04-01,Bengaluru City
2205,2469,3438,Arrest,2024-06-13,Belagavi
2206,2469,3439,Arrest,2024-06-25,Belagavi
2207,2470,3441,Arrest,2025-06-04,Belagavi
2208,2470,3442,Surrender,2025-05-01,Belagavi
2209,2470,3443,Arrest,2025-05-30,Belagavi
2210,2471,3444,Arrest,2026-02-02,Ramanagara
2211,2471,3445,Arrest,2026-01-11,Ramanagara
2212,2476,3449,Arrest,2026-08-14,Hubballi-Dharwad
2213,2477,3451,Arrest,2024-09-11,Bengaluru City
2214,2478,3452,Arrest,2025-06-22,Belagavi
2215,2479,3455,Arrest,2022-02-11,Ballari
2216,2479,3456,Arrest,2022-03-05,Ballari
2217,2480,3458,Arrest,2024-01-08,Hassan
2218,2481,3460,Surrender,2022-03-03,Hassan
2219,2482,3461,Arrest,2022-07-20,Bidar
2220,2484,3463,Arrest,2022-06-13,Kodagu
2221,2484,3464,Arrest,2022-07-11,Kodagu
2222,2485,3465,Arrest,2026-10-21,Bengaluru Rural
2223,2486,3466,Surrender,2026-11-22,Kolar
2224,2487,3468,Arrest,2025-05-15,Kodagu
2225,2488,3470,Arrest,2024-10-12,Chamarajanagar
2226,2489,3471,Arrest,2026-04-14,Belagavi
2227,2491,3473,Arrest,2024-02-28,Belagavi
2228,2491,3474,Surrender,2024-02-24,Belagavi
2229,2492,3476,Surrender,2025-07-20,Kodagu
2230,2493,3477,Arrest,2026-01-07,Kodagu
2231,2493,3478,Arrest,2026-01-18,Kodagu
2232,2494,3479,Arrest,2023-08-16,Mandya
2233,2497,3482,Surrender,2027-01-24,Kalaburagi
2234,2497,3484,Arrest,2027-02-01,Kalaburagi
2235,2498,3485,Arrest,2026-09-04,Shivamogga
2236,2499,3486,Arrest,2025-05-09,Mysuru
2237,2500,3487,Arrest,2025-06-16,Belagavi
2238,2502,3489,Arrest,2025-05-03,Bengaluru Rural
2239,2503,3490,Surrender,2025-07-26,Chamarajanagar
2240,2505,3493,Surrender,2023-06-08,Ballari
2241,2506,3494,Surrender,2023-10-01,Belagavi
2242,2509,3497,Arrest,2026-12-06,Kodagu
2243,2510,3498,Arrest,2022-10-03,Belagavi
2244,2511,3499,Arrest,2025-03-08,Bengaluru Rural
2245,2512,3502,Arrest,2026-04-07,Belagavi
2246,2513,3504,Arrest,2026-04-15,Tumakuru
2247,2513,3505,Surrender,2026-03-30,Tumakuru
2248,2515,3507,Arrest,2022-04-03,Hubballi-Dharwad
2249,2517,3509,Surrender,2022-04-02,Chamarajanagar
2250,2518,3510,Arrest,2023-10-14,Kalaburagi
2251,2519,3511,Arrest,2022-04-01,Tumakuru
2252,2520,3513,Surrender,2024-06-10,Bidar
2253,2523,3516,Surrender,2024-02-28,Bengaluru Rural
2254,2524,3519,Arrest,2025-06-21,Mangaluru (Dakshina Kannada)
2255,2527,3522,Arrest,2026-10-08,Belagavi
2256,2528,3524,Arrest,2025-11-27,Bidar
2257,2530,3525,Surrender,2024-10-03,Mysuru
2258,2531,3527,Arrest,2024-03-20,Kodagu
2259,2532,3528,Arrest,2023-12-08,Belagavi
2260,2532,3529,Arrest,2024-01-17,Belagavi
2261,2535,3532,Surrender,2024-01-25,Hubballi-Dharwad
2262,2537,3534,Surrender,2026-07-14,Hubballi-Dharwad
2263,2537,3535,Arrest,2026-08-15,Hubballi-Dharwad
2264,2540,3539,Arrest,2025-11-25,Belagavi
2265,2541,3540,Surrender,2023-03-28,Bengaluru Rural
2266,2541,3541,Arrest,2023-04-10,Bengaluru Rural
2267,2542,3544,Arrest,2026-04-06,Raichur
2268,2543,3546,Arrest,2024-02-11,Bengaluru Rural
2269,2544,3547,Arrest,2022-02-13,Mangaluru (Dakshina Kannada)
2270,2546,3549,Arrest,2025-02-17,Belagavi
2271,2547,3551,Arrest,2025-10-20,Mangaluru (Dakshina Kannada)
2272,2548,3552,Surrender,2024-10-22,Bidar
2273,2549,3556,Arrest,2025-11-03,Tumakuru
2274,2551,3557,Surrender,2024-12-24,Tumakuru
2275,2553,3559,Arrest,2025-05-16,Kodagu
2276,2554,3561,Arrest,2023-05-19,Bengaluru Rural
2277,2556,3563,Arrest,2024-08-01,Belagavi
2278,2557,3566,Arrest,2026-12-17,Haveri
2279,2558,3567,Arrest,2022-04-25,Belagavi
2280,2558,3568,Arrest,2022-04-25,Belagavi
2281,2561,3571,Arrest,2026-02-16,Mysuru
2282,2562,3572,Arrest,2026-04-24,Mysuru
2283,2563,3573,Arrest,2023-12-02,Belagavi
2284,2565,3575,Surrender,2022-02-15,Bengaluru City
2285,2565,3576,Arrest,2022-01-15,Bengaluru City
2286,2567,3578,Surrender,2022-09-18,Ramanagara
2287,2567,3579,Arrest,2022-09-11,Ramanagara
2288,2572,3583,Arrest,2025-10-11,Kodagu
2289,2575,3586,Arrest,2025-06-06,Kodagu
2290,2576,3587,Arrest,2025-12-25,Koppal
2291,2582,3592,Arrest,2022-05-29,Bengaluru City
2292,2583,3593,Arrest,2026-11-01,Mangaluru (Dakshina Kannada)
2293,2585,3596,Arrest,2022-02-26,Tumakuru
2294,2586,3597,Arrest,2022-12-01,Hassan
2295,2587,3599,Arrest,2025-05-14,Bengaluru Rural
2296,2588,3600,Arrest,2025-07-24,Ramanagara
2297,2588,3601,Arrest,2025-07-11,Ramanagara
2298,2590,3604,Surrender,2023-07-06,Kalaburagi
2299,2591,3605,Arrest,2023-09-29,Koppal
2300,2592,3606,Arrest,2024-10-23,Belagavi
2301,2593,3607,Arrest,2024-02-02,Raichur
2302,2595,3610,Arrest,2023-04-08,Kalaburagi
2303,2596,3612,Arrest,2024-05-02,Mysuru
2304,2596,3613,Arrest,2024-05-14,Mysuru
2305,2597,3614,Surrender,2022-08-21,Vijayapura
2306,2597,3615,Arrest,2022-08-04,Vijayapura
2307,2598,3616,Arrest,2025-11-05,Davanagere
2308,2599,3618,Arrest,2024-03-22,Udupi
2309,2600,3619,Surrender,2025-09-25,Bengaluru City
2310,2601,3620,Arrest,2026-04-10,Ramanagara
2311,2602,3621,Surrender,2023-05-02,Mysuru
2312,2604,3623,Arrest,2022-08-22,Yadgir
2313,2605,3624,Arrest,2022-03-01,Bidar
2314,2606,3625,Arrest,2025-11-17,Haveri
2315,2609,3628,Arrest,2025-04-13,Bagalkot
2316,2610,3629,Arrest,2023-10-16,Ballari
2317,2611,3631,Arrest,2025-03-26,Bengaluru City
2318,2612,3633,Arrest,2026-10-31,Ramanagara
2319,2613,3634,Arrest,2022-11-02,Raichur
2320,2616,3636,Arrest,2024-08-22,Ramanagara
2321,2617,3638,Arrest,2026-10-27,Ramanagara
2322,2618,3639,Arrest,2022-03-28,Bengaluru Rural
2323,2619,3641,Surrender,2026-09-22,Davanagere
2324,2620,3643,Surrender,2024-10-10,Hassan
2325,2620,3644,Arrest,2024-10-11,Hassan
2326,2620,3645,Surrender,2024-10-13,Hassan
2327,2622,3647,Arrest,2026-05-16,Tumakuru
2328,2623,3649,Arrest,2023-11-25,Mangaluru (Dakshina Kannada)
2329,2625,3651,Arrest,2026-11-14,Belagavi
2330,2627,3652,Surrender,2024-05-18,Bidar
2331,2627,3654,Arrest,2024-05-30,Bidar
2332,2631,3658,Surrender,2023-03-21,Bengaluru Rural
2333,2631,3659,Arrest,2023-04-09,Bengaluru Rural
2334,2632,3660,Arrest,2023-05-06,Belagavi
2335,2633,3661,Surrender,2022-01-08,Ballari
2336,2633,3662,Arrest,2022-01-23,Ballari
2337,2634,3663,Arrest,2024-09-30,Hassan
2338,2635,3664,Arrest,2026-10-23,Bengaluru Rural
2339,2637,3665,Arrest,2025-09-02,Vijayapura
2340,2639,3667,Surrender,2025-06-13,Kalaburagi
2341,2640,3668,Surrender,2023-05-25,Kolar
2342,2641,3669,Arrest,2024-06-23,Bengaluru Rural
2343,2643,3671,Surrender,2022-05-19,Ramanagara
2344,2643,3672,Arrest,2022-05-04,Ramanagara
2345,2644,3673,Arrest,2022-04-19,Hubballi-Dharwad
2346,2644,3674,Arrest,2022-04-13,Hubballi-Dharwad
2347,2645,3676,Surrender,2024-03-07,Haveri
2348,2647,3679,Arrest,2026-02-20,Bengaluru Rural
2349,2648,3680,Arrest,2024-12-10,Davanagere
2350,2648,3681,Arrest,2024-12-08,Davanagere
2351,2649,3682,Arrest,2024-08-25,Bengaluru Rural
2352,2650,3683,Arrest,2024-08-21,Bengaluru Rural
2353,2650,3684,Arrest,2024-08-08,Bengaluru Rural
2354,2651,3685,Arrest,2022-01-15,Chamarajanagar
2355,2655,3691,Arrest,2024-02-18,Bidar
2356,2656,3692,Arrest,2025-08-20,Mangaluru (Dakshina Kannada)
2357,2657,3694,Arrest,2024-11-01,Raichur
2358,2658,3695,Surrender,2024-01-17,Belagavi
2359,2658,3696,Arrest,2024-01-16,Belagavi
2360,2658,3697,Surrender,2024-01-26,Belagavi
2361,2659,3698,Arrest,2025-06-25,Mangaluru (Dakshina Kannada)
2362,2660,3700,Arrest,2023-09-07,Kodagu
2363,2661,3701,Arrest,2026-12-20,Belagavi
2364,2663,3702,Surrender,2024-09-05,Ramanagara
2365,2663,3703,Surrender,2024-09-28,Ramanagara
2366,2664,3706,Surrender,2026-08-27,Ballari
2367,2665,3707,Arrest,2025-04-14,Bengaluru City
2368,2666,3709,Surrender,2025-02-23,Haveri
2369,2666,3710,Arrest,2025-02-08,Haveri
2370,2667,3711,Arrest,2025-05-02,Belagavi
2371,2668,3714,Surrender,2022-07-06,Belagavi
2372,2670,3716,Arrest,2026-11-11,Bengaluru City
2373,2671,3717,Surrender,2024-06-17,Chitradurga
2374,2672,3719,Arrest,2024-03-20,Bengaluru Rural
2375,2673,3720,Surrender,2026-03-04,Bengaluru City
2376,2674,3721,Surrender,2024-05-07,Bengaluru Rural
2377,2675,3722,Arrest,2026-05-22,Tumakuru
2378,2678,3725,Arrest,2024-11-24,Mysuru
2379,2679,3726,Arrest,2025-01-14,Chamarajanagar
2380,2680,3727,Arrest,2022-03-27,Bengaluru City
2381,2682,3729,Surrender,2022-11-18,Kodagu
2382,2684,3731,Arrest,2025-03-04,Raichur
2383,2686,3733,Surrender,2022-05-14,Mysuru
2384,2686,3734,Arrest,2022-04-30,Mysuru
2385,2687,3735,Arrest,2024-01-28,Ballari
2386,2688,3736,Arrest,2024-11-22,Mysuru
2387,2691,3741,Surrender,2024-07-05,Belagavi
2388,2692,3742,Arrest,2024-10-02,Ballari
2389,2695,3745,Arrest,2026-02-16,Udupi
2390,2697,3747,Arrest,2025-02-26,Ballari
2391,2697,3748,Surrender,2025-02-28,Ballari
2392,2699,3749,Arrest,2024-12-13,Chamarajanagar
2393,2701,3751,Arrest,2026-07-06,Bagalkot
2394,2702,3752,Arrest,2022-03-18,Ramanagara
2395,2704,3755,Arrest,2026-04-16,Chitradurga
2396,2704,3756,Arrest,2026-04-24,Chitradurga
2397,2705,3758,Arrest,2025-02-16,Hubballi-Dharwad
2398,2707,3760,Arrest,2024-07-22,Kodagu
2399,2707,3761,Arrest,2024-07-14,Kodagu
2400,2708,3762,Arrest,2027-01-01,Vijayapura
2401,2709,3763,Arrest,2025-03-02,Mysuru
2402,2709,3764,Arrest,2025-02-17,Mysuru
2403,2711,3767,Arrest,2023-03-29,Bengaluru Rural
2404,2712,3768,Arrest,2022-11-17,Kolar
2405,2713,3769,Arrest,2026-09-14,Belagavi
2406,2716,3771,Arrest,2024-11-22,Chamarajanagar
2407,2717,3772,Arrest,2024-04-13,Chitradurga
2408,2717,3773,Arrest,2024-04-06,Chitradurga
2409,2718,3774,Arrest,2026-12-21,Udupi
2410,2719,3776,Arrest,2025-08-29,Hubballi-Dharwad
2411,2719,3777,Arrest,2025-09-09,Hubballi-Dharwad
2412,2722,3779,Arrest,2026-02-13,Belagavi
2413,2724,3781,Arrest,2023-03-06,Bidar
2414,2725,3783,Surrender,2024-07-29,Udupi
2415,2725,3784,Surrender,2024-08-11,Udupi
2416,2727,3787,Surrender,2024-09-21,Tumakuru
2417,2727,3788,Arrest,2024-09-15,Tumakuru
2418,2729,3789,Arrest,2023-06-06,Chamarajanagar
2419,2730,3790,Surrender,2024-07-27,Belagavi
2420,2731,3792,Surrender,2024-03-30,Bengaluru Rural
2421,2733,3793,Arrest,2023-04-27,Belagavi
2422,2736,3795,Arrest,2023-12-08,Bengaluru Rural
2423,2737,3797,Arrest,2024-03-08,Kodagu
2424,2741,3802,Arrest,2026-02-06,Udupi
2425,2743,3803,Arrest,2024-05-13,Ballari
2426,2743,3804,Arrest,2024-05-16,Ballari
2427,2744,3806,Arrest,2026-05-03,Udupi
2428,2744,3807,Surrender,2026-06-06,Udupi
2429,2745,3810,Arrest,2023-04-24,Udupi
2430,2746,3812,Arrest,2025-09-20,Mangaluru (Dakshina Kannada)
2431,2747,3813,Arrest,2023-06-17,Udupi
2432,2748,3814,Arrest,2025-02-23,Hassan
2433,2749,3816,Arrest,2024-03-16,Kolar
2434,2752,3819,Arrest,2023-12-30,Bengaluru Rural
2435,2752,3820,Surrender,2024-01-17,Bengaluru Rural
2436,2753,3821,Arrest,2023-09-01,Bengaluru Rural
2437,2753,3822,Arrest,2023-09-17,Bengaluru Rural
2438,2754,3824,Arrest,2022-09-24,Kalaburagi
2439,2755,3825,Arrest,2024-05-29,Bengaluru Rural
2440,2756,3827,Arrest,2024-03-23,Gadag
2441,2758,3832,Arrest,2026-11-14,Belagavi
2442,2759,3833,Arrest,2025-09-26,Mangaluru (Dakshina Kannada)
2443,2759,3834,Arrest,2025-10-03,Mangaluru (Dakshina Kannada)
2444,2760,3835,Arrest,2026-07-12,Udupi
2445,2760,3836,Arrest,2026-06-10,Udupi
2446,2760,3837,Arrest,2026-07-12,Udupi
2447,2763,3840,Surrender,2026-05-28,Kodagu
2448,2764,3843,Arrest,2024-09-25,Kalaburagi
2449,2765,3844,Surrender,2023-02-15,Chamarajanagar
2450,2768,3850,Surrender,2026-12-07,Bengaluru Rural
2451,2769,3851,Arrest,2022-03-14,Bengaluru City
2452,2770,3852,Surrender,2026-12-21,Belagavi
2453,2775,3856,Arrest,2024-03-09,Mysuru
2454,2777,3857,Arrest,2023-07-10,Hubballi-Dharwad
2455,2779,3859,Arrest,2026-11-05,Kalaburagi
2456,2780,3860,Arrest,2022-04-13,Davanagere
2457,2782,3861,Arrest,2025-10-18,Raichur
2458,2785,3862,Surrender,2023-08-21,Belagavi
2459,2785,3863,Arrest,2023-07-26,Belagavi
2460,2786,3864,Arrest,2022-10-15,Mysuru
2461,2788,3865,Arrest,2026-10-07,Shivamogga
2462,2789,3866,Arrest,2025-05-06,Tumakuru
2463,2790,3867,Surrender,2022-12-28,Koppal
2464,2791,3868,Arrest,2025-04-10,Bengaluru City
2465,2794,3871,Arrest,2024-07-07,Bagalkot
2466,2796,3873,Arrest,2023-11-23,Bidar
2467,2798,3875,Arrest,2026-03-31,Chamarajanagar
2468,2799,3876,Surrender,2023-09-13,Gadag
2469,2800,3877,Arrest,2025-03-17,Kodagu
2470,2801,3878,Arrest,2026-03-14,Bidar
2471,2801,3879,Arrest,2026-04-12,Bidar
2472,2802,3880,Arrest,2023-03-23,Gadag
2473,2803,3882,Arrest,2025-02-18,Bengaluru City
2474,2803,3883,Arrest,2025-01-23,Bengaluru City
2475,2805,3886,Arrest,2022-07-17,Hassan
2476,2806,3888,Surrender,2023-01-03,Belagavi
2477,2807,3890,Arrest,2026-11-07,Chikkaballapur
2478,2807,3891,Surrender,2026-11-10,Chikkaballapur
2479,2808,3893,Arrest,2022-05-08,Davanagere
2480,2809,3894,Arrest,2022-10-16,Tumakuru
2481,2810,3896,Arrest,2025-08-24,Koppal
2482,2811,3897,Arrest,2026-04-21,Tumakuru
2483,2812,3898,Arrest,2025-08-18,Yadgir
2484,2820,3906,Arrest,2025-07-06,Belagavi
2485,2820,3907,Arrest,2025-06-14,Belagavi
2486,2821,3909,Arrest,2026-08-13,Haveri
2487,2821,3910,Arrest,2026-07-15,Haveri
2488,2823,3913,Arrest,2024-12-20,Bengaluru City
2489,2826,3917,Arrest,2026-02-23,Bengaluru City
2490,2830,3921,Arrest,2023-06-16,Bengaluru City
2491,2835,3928,Arrest,2022-04-13,Bidar
2492,2835,3929,Arrest,2022-03-27,Bidar
2493,2838,3933,Arrest,2024-05-21,Hassan
2494,2839,3934,Arrest,2026-08-28,Mysuru
2495,2842,3938,Arrest,2023-09-16,Chamarajanagar
2496,2846,3941,Surrender,2027-01-02,Bengaluru Rural
2497,2847,3942,Surrender,2023-07-15,Koppal
2498,2847,3943,Surrender,2023-08-03,Koppal
2499,2848,3946,Arrest,2024-06-25,Vijayapura
2500,2849,3947,Arrest,2024-02-25,Kodagu
2501,2850,3949,Arrest,2022-08-21,Bidar
2502,2851,3950,Surrender,2024-01-13,Udupi
2503,2852,3951,Arrest,2023-07-09,Chikkamagaluru
2504,2853,3952,Arrest,2023-04-14,Uttara Kannada
2505,2854,3953,Arrest,2023-05-07,Belagavi
2506,2854,3954,Arrest,2023-05-22,Belagavi
2507,2855,3955,Arrest,2026-02-02,Chikkamagaluru
2508,2857,3958,Arrest,2026-07-14,Ballari
2509,2858,3959,Surrender,2023-04-02,Mysuru
2510,2860,3961,Surrender,2023-08-06,Davanagere
2511,2862,3963,Arrest,2023-03-22,Shivamogga
2512,2863,3964,Arrest,2025-07-16,Mangaluru (Dakshina Kannada)
2513,2864,3966,Arrest,2025-03-19,Belagavi
2514,2866,3968,Surrender,2025-03-24,Belagavi
2515,2866,3969,Arrest,2025-03-04,Belagavi
2516,2867,3970,Surrender,2023-07-30,Kolar
2517,2867,3972,Arrest,2023-07-24,Kolar
2518,2868,3973,Arrest,2026-12-24,Haveri
2519,2869,3975,Arrest,2024-06-11,Kodagu
2520,2870,3977,Arrest,2024-03-04,Hassan
2521,2871,3978,Arrest,2025-08-24,Bengaluru City
2522,2872,3981,Surrender,2024-09-16,Uttara Kannada
2523,2872,3982,Arrest,2024-10-03,Uttara Kannada
2524,2874,3984,Arrest,2022-09-24,Bidar
2525,2875,3985,Arrest,2022-07-23,Tumakuru
2526,2877,3988,Arrest,2024-08-10,Tumakuru
2527,2880,3992,Surrender,2026-08-28,Hubballi-Dharwad
2528,2882,3993,Arrest,2022-07-03,Ramanagara
2529,2882,3994,Arrest,2022-06-28,Ramanagara
2530,2882,3995,Arrest,2022-08-01,Ramanagara
2531,2883,3997,Arrest,2026-03-27,Hassan
2532,2884,3999,Surrender,2024-08-15,Bengaluru Rural
2533,2884,4000,Arrest,2024-09-02,Bengaluru Rural
2534,2884,4001,Surrender,2024-08-25,Bengaluru Rural
2535,2885,4002,Arrest,2026-10-09,Bengaluru City
2536,2889,4007,Arrest,2026-05-18,Hubballi-Dharwad
2537,2889,4008,Surrender,2026-05-25,Hubballi-Dharwad
2538,2891,4010,Surrender,2026-05-28,Ballari
2539,2892,4011,Arrest,2024-06-29,Davanagere
2540,2893,4012,Arrest,2024-11-19,Belagavi
2541,2894,4013,Surrender,2023-01-13,Belagavi
2542,2894,4014,Arrest,2023-01-16,Belagavi
2543,2895,4015,Arrest,2023-11-19,Haveri
2544,2897,4018,Surrender,2024-12-07,Belagavi
2545,2899,4020,Surrender,2024-07-18,Kodagu
2546,2900,4021,Arrest,2025-09-24,Bengaluru Rural
2547,2900,4022,Arrest,2025-10-14,Bengaluru Rural
2548,2901,4023,Arrest,2023-08-27,Bagalkot
2549,2902,4024,Arrest,2024-10-17,Belagavi
2550,2903,4026,Arrest,2025-02-11,Mangaluru (Dakshina Kannada)
2551,2904,4027,Arrest,2025-12-08,Hassan
2552,2906,4030,Arrest,2026-01-13,Haveri
2553,2908,4031,Surrender,2024-06-01,Mangaluru (Dakshina Kannada)
2554,2909,4033,Arrest,2026-09-11,Belagavi
2555,2909,4034,Arrest,2026-08-13,Belagavi
2556,2910,4035,Arrest,2023-12-15,Hassan
2557,2911,4038,Arrest,2023-12-06,Chamarajanagar
2558,2912,4039,Arrest,2025-06-23,Mysuru
2559,2913,4040,Arrest,2022-05-16,Belagavi
2560,2915,4045,Surrender,2026-10-30,Mangaluru (Dakshina Kannada)
2561,2919,4050,Arrest,2022-06-14,Raichur
2562,2919,4051,Arrest,2022-05-10,Raichur
2563,2921,4053,Arrest,2026-11-29,Mysuru
2564,2923,4056,Surrender,2022-02-15,Mysuru
2565,2923,4057,Surrender,2022-03-05,Mysuru
2566,2924,4059,Surrender,2023-03-27,Mysuru
2567,2926,4061,Arrest,2026-08-26,Mysuru
2568,2927,4062,Arrest,2022-06-01,Bidar
2569,2928,4063,Arrest,2024-05-21,Hassan
2570,2929,4064,Arrest,2025-07-29,Bengaluru City
2571,2930,4065,Surrender,2024-07-15,Belagavi
2572,2930,4066,Arrest,2024-07-13,Belagavi
2573,2931,4067,Arrest,2026-08-23,Udupi
2574,2932,4068,Arrest,2025-11-26,Belagavi
2575,2933,4071,Arrest,2025-12-11,Bengaluru Rural
2576,2936,4075,Arrest,2024-07-30,Kodagu
2577,2936,4076,Arrest,2024-08-15,Kodagu
2578,2938,4078,Arrest,2024-07-02,Kolar
2579,2939,4079,Arrest,2025-03-10,Mysuru
2580,2939,4080,Surrender,2025-03-02,Mysuru
2581,2946,4086,Arrest,2024-08-25,Bengaluru Rural
2582,2946,4087,Arrest,2024-08-26,Bengaluru Rural
2583,2947,4088,Arrest,2022-07-09,Bengaluru Rural
2584,2948,4089,Arrest,2024-07-19,Uttara Kannada
2585,2952,4095,Arrest,2024-10-10,Hassan
2586,2952,4096,Arrest,2024-09-23,Hassan
2587,2954,4098,Arrest,2026-01-29,Belagavi
2588,2955,4099,Arrest,2025-09-18,Hassan
2589,2955,4100,Surrender,2025-10-02,Hassan
2590,2956,4101,Arrest,2025-01-24,Haveri
2591,2962,4107,Arrest,2023-09-29,Chikkamagaluru
2592,2964,4109,Surrender,2023-04-06,Mangaluru (Dakshina Kannada)
2593,2965,4110,Arrest,2026-03-11,Bidar
2594,2970,4114,Arrest,2025-09-23,Belagavi
2595,2970,4115,Arrest,2025-09-27,Belagavi
2596,2971,4117,Arrest,2026-04-05,Davanagere
2597,2972,4118,Arrest,2023-02-15,Bengaluru City
2598,2974,4122,Arrest,2024-06-29,Ballari
2599,2976,4125,Arrest,2024-08-24,Udupi
2600,2976,4127,Arrest,2024-07-14,Udupi
2601,2977,4128,Arrest,2023-01-01,Tumakuru
2602,2978,4129,Arrest,2026-01-08,Davanagere
2603,2978,4130,Surrender,2025-12-14,Davanagere
2604,2979,4131,Surrender,2025-03-08,Raichur
2605,2980,4132,Arrest,2023-11-21,Uttara Kannada
2606,2982,4133,Arrest,2022-08-03,Raichur
2607,2982,4134,Arrest,2022-07-24,Raichur
2608,2984,4136,Arrest,2023-11-22,Haveri
2609,2986,4138,Surrender,2025-05-31,Belagavi
2610,2987,4139,Arrest,2024-10-16,Tumakuru
2611,2989,4140,Arrest,2025-03-03,Bagalkot
2612,2989,4141,Arrest,2025-04-11,Bagalkot
2613,2989,4142,Arrest,2025-04-09,Bagalkot
2614,2990,4144,Arrest,2026-11-11,Kodagu
2615,2992,4146,Arrest,2025-09-12,Chitradurga
2616,2993,4147,Arrest,2023-09-03,Udupi
2617,2994,4148,Arrest,2022-02-08,Bengaluru City
2618,2996,4149,Arrest,2025-10-24,Belagavi
2619,2996,4150,Arrest,2025-11-01,Belagavi
2620,2996,4151,Arrest,2025-10-10,Belagavi
2621,2998,4152,Arrest,2024-10-09,Yadgir
2622,2999,4153,Arrest,2025-07-22,Udupi
2623,3000,4154,Surrender,2026-10-14,Vijayapura
2624,3000,4155,Surrender,2026-11-19,Vijayapura
2625,3001,4156,Arrest,2025-11-04,Ramanagara
2626,3002,4157,Arrest,2024-10-24,Davanagere
2627,3002,4158,Arrest,2024-10-05,Davanagere
2628,3004,4160,Arrest,2025-08-18,Davanagere
2629,3006,4165,Arrest,2025-03-04,Hubballi-Dharwad
2630,3007,4167,Arrest,2022-09-15,Mangaluru (Dakshina Kannada)
2631,3007,4168,Arrest,2022-09-12,Mangaluru (Dakshina Kannada)
2632,3009,4170,Arrest,2026-09-27,Davanagere
2633,3011,4172,Surrender,2025-09-26,Belagavi
2634,3011,4173,Arrest,2025-09-20,Belagavi
2635,3012,4174,Arrest,2022-04-15,Mysuru
2636,3013,4175,Arrest,2023-01-18,Chamarajanagar
2637,3013,4176,Surrender,2022-12-14,Chamarajanagar
2638,3021,4178,Arrest,2025-04-12,Bengaluru City
2639,3023,4179,Arrest,2024-03-17,Udupi
2640,3023,4180,Arrest,2024-02-27,Udupi
2641,3023,4181,Surrender,2024-03-15,Udupi
2642,3024,4182,Arrest,2022-08-22,Hassan
2643,3024,4183,Arrest,2022-09-02,Hassan
2644,3025,4185,Arrest,2022-04-13,Belagavi
2645,3025,4186,Arrest,2022-03-19,Belagavi
2646,3025,4187,Arrest,2022-04-20,Belagavi
2647,3028,4191,Arrest,2025-12-10,Raichur
2648,3029,4192,Arrest,2023-12-05,Belagavi
2649,3029,4193,Arrest,2023-11-26,Belagavi
2650,3030,4194,Arrest,2023-04-20,Bidar
2651,3032,4196,Arrest,2023-05-01,Mysuru
2652,3033,4198,Arrest,2025-06-07,Bengaluru Rural
2653,3034,4201,Arrest,2026-10-18,Haveri
2654,3039,4206,Arrest,2023-06-03,Belagavi
2655,3040,4208,Surrender,2026-01-24,Bengaluru City
2656,3041,4210,Arrest,2026-05-15,Bengaluru City
2657,3042,4213,Arrest,2024-11-11,Chikkamagaluru
2658,3043,4214,Arrest,2024-02-04,Ramanagara
2659,3043,4215,Surrender,2024-02-12,Ramanagara
2660,3045,4218,Surrender,2025-10-25,Mangaluru (Dakshina Kannada)
2661,3049,4223,Arrest,2023-07-26,Belagavi
2662,3049,4224,Arrest,2023-08-04,Belagavi
2663,3050,4225,Arrest,2025-09-21,Uttara Kannada
2664,3051,4226,Arrest,2022-10-30,Bengaluru Rural
2665,3051,4227,Arrest,2022-10-12,Bengaluru Rural
2666,3052,4228,Arrest,2022-09-15,Bengaluru City
2667,3053,4230,Arrest,2022-03-05,Yadgir
2668,3054,4231,Arrest,2025-09-09,Davanagere
2669,3056,4233,Surrender,2027-01-22,Raichur
2670,3057,4234,Arrest,2026-11-20,Chamarajanagar
2671,3059,4239,Arrest,2024-03-09,Koppal
2672,3059,4241,Arrest,2024-03-10,Koppal
2673,3060,4242,Arrest,2022-12-02,Bengaluru Rural
2674,3061,4243,Arrest,2022-07-01,Bengaluru Rural
2675,3061,4244,Arrest,2022-07-02,Bengaluru Rural
2676,3062,4245,Arrest,2026-08-29,Bengaluru City
2677,3062,4246,Arrest,2026-09-20,Bengaluru City
2678,3063,4247,Arrest,2025-10-01,Mysuru
2679,3065,4250,Arrest,2023-09-12,Haveri
2680,3066,4251,Arrest,2022-03-17,Chikkamagaluru
2681,3067,4252,Arrest,2024-08-25,Bengaluru Rural
2682,3068,4254,Arrest,2025-12-14,Bengaluru Rural
2683,3069,4255,Arrest,2024-08-16,Ballari
2684,3070,4256,Arrest,2022-06-17,Belagavi
2685,3074,4258,Arrest,2026-08-13,Koppal
2686,3075,4259,Arrest,2024-12-15,Bagalkot
2687,3076,4263,Arrest,2026-03-27,Vijayapura
2688,3077,4264,Arrest,2024-09-01,Yadgir
2689,3078,4265,Surrender,2026-03-09,Belagavi
2690,3078,4266,Arrest,2026-03-03,Belagavi
2691,3078,4267,Surrender,2026-03-28,Belagavi
2692,3079,4268,Arrest,2023-12-28,Mangaluru (Dakshina Kannada)
2693,3080,4269,Surrender,2023-10-06,Kodagu
2694,3081,4271,Arrest,2024-05-05,Yadgir
2695,3082,4272,Arrest,2024-05-22,Chamarajanagar
2696,3082,4273,Arrest,2024-05-18,Chamarajanagar
2697,3083,4274,Arrest,2022-08-12,Belagavi
2698,3083,4276,Surrender,2022-09-12,Belagavi
2699,3084,4277,Arrest,2026-04-25,Mysuru
2700,3085,4278,Arrest,2024-01-19,Bengaluru Rural
2701,3086,4279,Arrest,2026-08-08,Raichur
2702,3088,4280,Surrender,2023-02-22,Bengaluru Rural
2703,3089,4281,Arrest,2022-04-02,Davanagere
2704,3091,4283,Surrender,2024-12-27,Belagavi
2705,3093,4284,Arrest,2022-10-30,Bengaluru Rural
2706,3094,4285,Arrest,2025-11-09,Ramanagara
2707,3095,4286,Arrest,2024-09-20,Ramanagara
2708,3095,4287,Arrest,2024-08-23,Ramanagara
2709,3096,4288,Arrest,2025-04-08,Hassan
2710,3096,4289,Surrender,2025-04-01,Hassan
2711,3098,4290,Arrest,2025-10-19,Belagavi
2712,3099,4293,Arrest,2023-07-11,Kodagu
2713,3101,4295,Arrest,2025-06-03,Bengaluru Rural
2714,3101,4296,Arrest,2025-06-17,Bengaluru Rural
2715,3103,4300,Surrender,2026-05-02,Hubballi-Dharwad
2716,3104,4301,Arrest,2026-03-11,Bidar
2717,3106,4303,Arrest,2026-03-20,Mysuru
2718,3110,4307,Arrest,2023-07-31,Mandya
2719,3111,4308,Surrender,2024-12-19,Kodagu
2720,3111,4309,Arrest,2024-11-30,Kodagu
2721,3112,4310,Arrest,2025-09-21,Yadgir
2722,3113,4311,Arrest,2023-12-20,Kolar
2723,3113,4312,Surrender,2024-02-02,Kolar
2724,3114,4314,Arrest,2024-04-03,Tumakuru
2725,3114,4315,Arrest,2024-04-14,Tumakuru
2726,3116,4316,Surrender,2022-07-14,Uttara Kannada
2727,3117,4318,Surrender,2025-06-20,Mandya
2728,3119,4319,Arrest,2026-07-24,Ramanagara
2729,3120,4320,Arrest,2025-08-21,Belagavi
2730,3121,4322,Surrender,2026-12-07,Koppal
2731,3123,4324,Arrest,2024-02-07,Hubballi-Dharwad
2732,3123,4325,Arrest,2024-02-16,Hubballi-Dharwad
2733,3124,4327,Arrest,2025-09-13,Haveri
2734,3124,4328,Arrest,2025-09-14,Haveri
2735,3125,4330,Arrest,2026-02-12,Bengaluru City
2736,3126,4331,Arrest,2025-10-16,Hubballi-Dharwad
2737,3128,4334,Surrender,2026-04-17,Mangaluru (Dakshina Kannada)
2738,3130,4336,Arrest,2025-10-19,Tumakuru
2739,3132,4339,Arrest,2022-05-28,Mysuru
2740,3133,4341,Arrest,2022-12-28,Mysuru
2741,3134,4342,Arrest,2026-05-26,Mysuru
2742,3135,4344,Arrest,2025-07-03,Yadgir
2743,3137,4346,Arrest,2023-09-28,Shivamogga
2744,3137,4347,Arrest,2023-10-05,Shivamogga
2745,3137,4348,Surrender,2023-09-29,Shivamogga
2746,3139,4352,Surrender,2025-04-23,Mysuru
2747,3142,4355,Arrest,2024-05-16,Bengaluru Rural
2748,3143,4357,Arrest,2026-06-16,Chikkaballapur
2749,3143,4358,Surrender,2026-06-06,Chikkaballapur
2750,3145,4361,Arrest,2022-07-14,Mandya
2751,3146,4362,Arrest,2026-07-24,Mangaluru (Dakshina Kannada)
2752,3146,4363,Arrest,2026-07-24,Mangaluru (Dakshina Kannada)
2753,3148,4366,Arrest,2025-03-01,Kolar
2754,3149,4367,Arrest,2025-08-06,Kalaburagi
2755,3150,4369,Arrest,2026-11-22,Udupi
2756,3150,4370,Arrest,2026-11-22,Udupi
2757,3151,4371,Surrender,2026-06-25,Bengaluru Rural
2758,3151,4372,Arrest,2026-06-28,Bengaluru Rural
2759,3152,4373,Arrest,2023-12-16,Uttara Kannada
2760,3153,4375,Arrest,2022-05-09,Hubballi-Dharwad
2761,3154,4376,Surrender,2027-01-21,Vijayapura
2762,3155,4377,Arrest,2024-01-20,Chikkaballapur
2763,3158,4379,Arrest,2025-10-25,Yadgir
2764,3159,4380,Arrest,2026-07-12,Mysuru
2765,3160,4381,Arrest,2025-06-07,Kodagu
2766,3160,4382,Arrest,2025-06-20,Kodagu
2767,3160,4383,Arrest,2025-06-14,Kodagu
2768,3162,4385,Arrest,2025-01-24,Udupi
2769,3164,4386,Arrest,2026-08-05,Raichur
2770,3164,4387,Arrest,2026-08-27,Raichur
2771,3166,4389,Arrest,2025-07-19,Belagavi
2772,3166,4390,Arrest,2025-07-30,Belagavi
2773,3167,4391,Arrest,2025-09-29,Tumakuru
2774,3167,4393,Surrender,2025-09-28,Tumakuru
2775,3168,4394,Arrest,2024-02-14,Chitradurga
2776,3168,4395,Arrest,2024-02-26,Chitradurga
2777,3170,4396,Arrest,2025-07-16,Bengaluru City
2778,3172,4397,Surrender,2024-07-20,Hassan
2779,3172,4398,Arrest,2024-07-28,Hassan
2780,3173,4400,Arrest,2022-04-11,Mangaluru (Dakshina Kannada)
2781,3174,4402,Arrest,2022-12-09,Belagavi
2782,3175,4404,Arrest,2025-09-15,Ballari
2783,3175,4405,Arrest,2025-09-07,Ballari
2784,3176,4406,Surrender,2023-07-05,Tumakuru
2785,3177,4407,Arrest,2023-08-08,Davanagere
2786,3177,4408,Arrest,2023-08-12,Davanagere
2787,3178,4410,Arrest,2026-07-01,Belagavi
2788,3179,4411,Arrest,2025-12-23,Davanagere
2789,3179,4412,Surrender,2025-12-13,Davanagere
2790,3181,4413,Arrest,2026-08-16,Kolar
2791,3182,4414,Arrest,2023-07-08,Chamarajanagar
2792,3182,4415,Arrest,2023-07-01,Chamarajanagar
2793,3183,4416,Arrest,2026-06-19,Bengaluru City
2794,3183,4418,Arrest,2026-07-09,Bengaluru City
2795,3185,4420,Arrest,2025-02-15,Kodagu
2796,3185,4421,Arrest,2025-02-20,Kodagu
2797,3186,4422,Arrest,2022-02-14,Hubballi-Dharwad
2798,3190,4424,Arrest,2024-07-12,Bidar
2799,3192,4425,Arrest,2026-01-06,Bengaluru Rural
2800,3193,4427,Arrest,2023-06-20,Shivamogga
2801,3194,4429,Arrest,2024-09-09,Chitradurga
2802,3197,4433,Arrest,2026-07-20,Udupi
2803,3199,4435,Arrest,2026-10-12,Bengaluru City
2804,3200,4436,Arrest,2027-01-21,Vijayapura
2805,3200,4437,Surrender,2026-12-20,Vijayapura
2806,3201,4438,Arrest,2025-10-03,Belagavi
2807,3201,4439,Arrest,2025-10-26,Belagavi
2808,3205,4445,Arrest,2026-06-04,Kalaburagi
2809,3207,4447,Arrest,2026-09-11,Hassan
2810,3209,4450,Arrest,2023-11-07,Tumakuru
2811,3210,4451,Surrender,2023-05-03,Bengaluru Rural
2812,3211,4452,Arrest,2023-05-18,Mangaluru (Dakshina Kannada)
2813,3212,4453,Surrender,2024-02-04,Bengaluru City
2814,3213,4455,Arrest,2025-11-15,Bengaluru City
2815,3214,4456,Arrest,2026-03-08,Chitradurga
2816,3216,4457,Arrest,2025-05-07,Mysuru
2817,3216,4458,Arrest,2025-04-03,Mysuru
2818,3216,4459,Arrest,2025-04-09,Mysuru
2819,3218,4460,Arrest,2025-11-12,Vijayapura
2820,3218,4461,Surrender,2025-12-10,Vijayapura
2821,3219,4462,Arrest,2022-05-31,Chamarajanagar
2822,3219,4464,Arrest,2022-07-03,Chamarajanagar
2823,3220,4465,Arrest,2023-01-14,Bagalkot
2824,3221,4466,Arrest,2026-06-19,Davanagere
2825,3221,4467,Arrest,2026-06-18,Davanagere
2826,3224,4470,Surrender,2025-11-09,Ballari
2827,3225,4471,Arrest,2024-10-10,Raichur
2828,3227,4473,Surrender,2023-02-14,Mangaluru (Dakshina Kannada)
2829,3228,4474,Arrest,2025-06-22,Bengaluru Rural
2830,3229,4475,Arrest,2025-06-03,Yadgir
2831,3230,4476,Arrest,2024-05-21,Ramanagara
2832,3230,4477,Surrender,2024-05-26,Ramanagara
2833,3231,4478,Arrest,2026-04-19,Hassan
2834,3231,4479,Arrest,2026-04-14,Hassan
2835,3232,4480,Arrest,2026-08-30,Haveri
2836,3232,4481,Arrest,2026-08-28,Haveri
2837,3233,4482,Arrest,2024-10-13,Ballari
2838,3234,4483,Surrender,2024-03-12,Hubballi-Dharwad
2839,3235,4484,Arrest,2023-11-27,Chitradurga
2840,3235,4485,Arrest,2023-11-09,Chitradurga
2841,3235,4486,Arrest,2023-12-17,Chitradurga
2842,3238,4488,Arrest,2024-03-28,Bidar
2843,3238,4489,Arrest,2024-03-28,Bidar
2844,3239,4490,Arrest,2026-03-13,Hubballi-Dharwad
2845,3241,4493,Surrender,2026-02-18,Mysuru
2846,3242,4494,Arrest,2024-08-02,Uttara Kannada
2847,3244,4497,Surrender,2024-07-28,Vijayapura
2848,3246,4499,Arrest,2026-08-06,Raichur
2849,3247,4501,Arrest,2023-07-14,Chitradurga
2850,3247,4502,Arrest,2023-07-27,Chitradurga
2851,3248,4503,Arrest,2024-08-31,Davanagere
2852,3249,4504,Surrender,2026-08-04,Hubballi-Dharwad
2853,3251,4506,Arrest,2026-10-29,Tumakuru
2854,3251,4507,Arrest,2026-10-17,Tumakuru
2855,3252,4508,Arrest,2025-09-22,Mangaluru (Dakshina Kannada)
2856,3253,4510,Arrest,2023-11-25,Mysuru
2857,3254,4511,Arrest,2026-08-23,Mysuru
2858,3255,4512,Arrest,2022-02-11,Bagalkot
2859,3259,4515,Arrest,2024-11-16,Kolar
2860,3260,4516,Arrest,2022-12-07,Bengaluru Rural
2861,3261,4517,Arrest,2025-09-18,Hassan
2862,3261,4518,Surrender,2025-09-04,Hassan
2863,3262,4520,Arrest,2025-01-23,Mysuru
2864,3262,4521,Arrest,2025-01-23,Mysuru
2865,3264,4523,Arrest,2026-05-22,Ballari
2866,3265,4524,Arrest,2024-03-15,Belagavi
2867,3266,4528,Arrest,2023-04-28,Bengaluru Rural
2868,3267,4529,Arrest,2023-07-24,Ballari
2869,3268,4532,Arrest,2022-09-27,Yadgir
2870,3268,4533,Arrest,2022-09-01,Yadgir
2871,3269,4534,Arrest,2022-06-14,Bengaluru City
2872,3271,4537,Arrest,2025-11-10,Bengaluru Rural
2873,3272,4538,Arrest,2025-01-27,Kodagu
2874,3273,4540,Arrest,2025-07-11,Bengaluru City
2875,3273,4541,Arrest,2025-07-16,Bengaluru City
2876,3274,4542,Arrest,2026-02-25,Bengaluru Rural
2877,3278,4547,Surrender,2026-01-04,Udupi
2878,3279,4548,Arrest,2026-12-17,Bagalkot
2879,3282,4552,Arrest,2024-09-16,Bengaluru Rural
2880,3284,4554,Arrest,2026-10-20,Udupi
2881,3285,4555,Arrest,2026-01-28,Bengaluru City
2882,3285,4556,Arrest,2026-01-15,Bengaluru City
2883,3289,4562,Arrest,2022-03-28,Ramanagara
2884,3291,4566,Arrest,2026-11-13,Ballari
2885,3292,4567,Arrest,2026-01-30,Hassan
2886,3293,4568,Surrender,2025-02-23,Bidar
2887,3293,4569,Arrest,2025-02-22,Bidar
2888,3294,4570,Arrest,2024-06-12,Bidar
2889,3295,4571,Surrender,2025-07-01,Yadgir
2890,3297,4572,Arrest,2022-05-14,Bengaluru Rural
2891,3297,4573,Arrest,2022-04-26,Bengaluru Rural
2892,3299,4574,Surrender,2023-07-27,Kodagu
2893,3300,4575,Arrest,2024-06-01,Bengaluru City
2894,3300,4576,Arrest,2024-05-16,Bengaluru City
2895,3302,4579,Arrest,2024-12-18,Ramanagara
2896,3303,4580,Arrest,2026-02-16,Raichur
2897,3303,4581,Arrest,2026-02-21,Raichur
2898,3304,4582,Surrender,2027-01-02,Kodagu
2899,3305,4583,Arrest,2024-04-01,Bengaluru Rural
2900,3306,4584,Arrest,2025-08-15,Shivamogga
2901,3308,4585,Arrest,2025-06-04,Belagavi
2902,3308,4586,Surrender,2025-05-30,Belagavi
2903,3309,4587,Arrest,2026-06-11,Mysuru
2904,3310,4589,Arrest,2023-05-23,Ballari
2905,3310,4590,Surrender,2023-04-28,Ballari
2906,3312,4592,Arrest,2024-03-11,Bidar
2907,3313,4594,Arrest,2025-07-29,Bengaluru City
2908,3314,4595,Arrest,2025-07-12,Bengaluru City
2909,3316,4598,Arrest,2022-05-08,Belagavi
2910,3317,4599,Surrender,2025-03-07,Kalaburagi
2911,3318,4600,Arrest,2023-05-26,Kalaburagi
2912,3319,4601,Surrender,2025-07-15,Belagavi
2913,3320,4602,Arrest,2024-06-23,Raichur
2914,3322,4607,Arrest,2026-12-01,Bidar
2915,3324,4611,Arrest,2025-12-17,Bengaluru City
2916,3324,4612,Arrest,2025-12-24,Bengaluru City
2917,3326,4614,Arrest,2022-03-06,Bengaluru City
2918,3326,4615,Arrest,2022-02-19,Bengaluru City
2919,3327,4616,Arrest,2025-12-21,Haveri
2920,3327,4617,Arrest,2026-01-07,Haveri
2921,3328,4619,Arrest,2025-09-27,Hubballi-Dharwad
2922,3329,4620,Arrest,2026-07-31,Davanagere
2923,3330,4621,Arrest,2024-02-14,Kalaburagi
2924,3330,4622,Arrest,2024-02-14,Kalaburagi
2925,3333,4625,Arrest,2023-04-26,Hubballi-Dharwad
2926,3335,4627,Arrest,2025-06-19,Mangaluru (Dakshina Kannada)
2927,3337,4629,Arrest,2023-10-17,Belagavi
2928,3338,4631,Arrest,2024-02-10,Hubballi-Dharwad
2929,3338,4633,Surrender,2024-02-03,Hubballi-Dharwad
2930,3339,4634,Arrest,2026-03-08,Raichur
2931,3340,4635,Arrest,2024-02-28,Ramanagara
2932,3341,4636,Arrest,2024-09-24,Haveri
2933,3342,4638,Arrest,2025-08-08,Bengaluru Rural
2934,3343,4639,Arrest,2023-07-19,Mysuru
2935,3346,4641,Surrender,2024-10-09,Vijayapura
2936,3347,4642,Arrest,2024-02-19,Ballari
2937,3347,4643,Arrest,2024-02-17,Ballari
2938,3348,4644,Arrest,2025-05-07,Raichur
2939,3350,4646,Arrest,2023-10-26,Haveri
2940,3351,4647,Arrest,2022-02-17,Bengaluru Rural
2941,3351,4648,Arrest,2022-03-05,Bengaluru Rural
2942,3351,4649,Surrender,2022-01-28,Bengaluru Rural
2943,3352,4650,Arrest,2022-08-04,Belagavi
2944,3352,4651,Arrest,2022-06-28,Belagavi
2945,3353,4652,Arrest,2026-01-04,Bengaluru Rural
2946,3357,4655,Arrest,2025-11-27,Belagavi
2947,3359,4657,Arrest,2025-11-12,Bengaluru City
2948,3360,4658,Surrender,2023-11-16,Raichur
2949,3361,4661,Surrender,2026-12-26,Ramanagara
2950,3365,4666,Surrender,2024-11-21,Mangaluru (Dakshina Kannada)
2951,3367,4668,Surrender,2022-10-11,Hassan
2952,3368,4670,Arrest,2024-08-20,Yadgir
2953,3369,4671,Arrest,2024-06-23,Chikkamagaluru
2954,3370,4672,Arrest,2022-07-12,Raichur
2955,3371,4674,Arrest,2024-05-26,Bidar
2956,3372,4675,Arrest,2025-09-25,Hassan
2957,3372,4677,Arrest,2025-09-22,Hassan
2958,3373,4678,Arrest,2025-06-08,Bengaluru Rural
2959,3374,4679,Arrest,2025-09-08,Bidar
2960,3374,4681,Arrest,2025-09-27,Bidar
2961,3375,4682,Arrest,2025-04-23,Udupi
2962,3376,4683,Arrest,2023-04-24,Hubballi-Dharwad
2963,3377,4684,Arrest,2023-04-28,Bengaluru City
2964,3379,4687,Surrender,2026-04-19,Bengaluru Rural
2965,3380,4688,Surrender,2022-03-07,Udupi
2966,3382,4690,Surrender,2025-02-24,Belagavi
2967,3383,4692,Arrest,2025-01-20,Hassan
2968,3384,4693,Arrest,2023-12-05,Bidar
2969,3385,4694,Surrender,2023-06-18,Kalaburagi
2970,3386,4695,Arrest,2026-02-14,Mysuru
2971,3389,4698,Arrest,2024-03-12,Gadag
2972,3390,4699,Arrest,2023-11-22,Bengaluru City
2973,3392,4702,Surrender,2023-03-14,Bengaluru Rural
2974,3393,4703,Arrest,2023-07-27,Kalaburagi
2975,3394,4704,Arrest,2025-06-15,Kolar
2976,3395,4706,Arrest,2026-07-27,Koppal
2977,3396,4708,Arrest,2024-03-23,Belagavi
2978,3397,4709,Arrest,2026-10-28,Mysuru
2979,3397,4710,Arrest,2026-11-24,Mysuru
2980,3398,4711,Arrest,2022-07-18,Bengaluru City
2981,3400,4714,Surrender,2024-10-04,Bengaluru City
2982,3402,4715,Arrest,2023-01-01,Chamarajanagar
2983,3403,4716,Arrest,2024-12-20,Belagavi
2984,3403,4718,Arrest,2024-12-31,Belagavi
2985,3406,4719,Arrest,2022-11-04,Bengaluru Rural
2986,3407,4721,Surrender,2023-11-30,Bengaluru City
2987,3408,4723,Arrest,2023-08-17,Davanagere
2988,3409,4724,Arrest,2024-05-25,Kalaburagi
2989,3409,4726,Arrest,2024-05-18,Kalaburagi
2990,3410,4727,Arrest,2025-01-27,Ballari
2991,3411,4729,Arrest,2025-09-14,Vijayapura
2992,3412,4730,Surrender,2025-06-04,Bidar
2993,3413,4732,Arrest,2022-05-25,Koppal
2994,3415,4735,Surrender,2026-06-13,Mysuru
2995,3415,4736,Arrest,2026-07-06,Mysuru
2996,3416,4737,Surrender,2024-09-22,Kalaburagi
2997,3419,4740,Arrest,2025-09-27,Bagalkot
2998,3422,4741,Arrest,2024-07-21,Tumakuru
2999,3425,4744,Arrest,2026-06-17,Bengaluru Rural
3000,3425,4745,Arrest,2026-06-08,Bengaluru Rural
3001,3426,4748,Surrender,2025-03-25,Udupi
3002,3427,4750,Arrest,2026-11-29,Yadgir
3003,3428,4751,Arrest,2025-04-08,Davanagere
3004,3428,4753,Arrest,2025-04-18,Davanagere
3005,3429,4754,Arrest,2026-01-19,Hubballi-Dharwad
3006,3429,4755,Arrest,2026-01-11,Hubballi-Dharwad
3007,3430,4756,Arrest,2026-02-19,Raichur
3008,3431,4757,Arrest,2025-09-22,Mysuru
3009,3433,4759,Arrest,2026-05-29,Shivamogga
3010,3434,4760,Arrest,2026-07-15,Bengaluru City
3011,3435,4761,Arrest,2024-05-03,Ramanagara
3012,3435,4763,Surrender,2024-04-13,Ramanagara
3013,3436,4764,Arrest,2023-12-13,Mysuru
3014,3438,4768,Arrest,2024-03-28,Bengaluru Rural
3015,3439,4769,Arrest,2024-09-26,Ballari
3016,3439,4770,Surrender,2024-08-26,Ballari
3017,3440,4771,Surrender,2027-01-07,Chitradurga
3018,3441,4772,Arrest,2022-10-28,Belagavi
3019,3441,4773,Surrender,2022-11-19,Belagavi
3020,3442,4774,Arrest,2022-10-19,Mysuru
3021,3443,4775,Arrest,2023-03-15,Hubballi-Dharwad
3022,3445,4778,Arrest,2026-05-08,Ramanagara
3023,3447,4780,Arrest,2025-10-05,Bengaluru Rural
3024,3447,4781,Arrest,2025-09-05,Bengaluru Rural
3025,3448,4784,Surrender,2024-03-03,Belagavi
3026,3449,4785,Surrender,2025-10-21,Koppal
3027,3449,4786,Arrest,2025-11-07,Koppal
3028,3449,4787,Arrest,2025-10-26,Koppal
3029,3450,4788,Arrest,2024-01-22,Gadag
3030,3450,4789,Arrest,2024-01-01,Gadag
3031,3451,4790,Arrest,2024-05-11,Kalaburagi
3032,3454,4794,Arrest,2022-05-03,Koppal
3033,3458,4796,Arrest,2025-06-21,Davanagere
3034,3459,4797,Surrender,2024-04-13,Bengaluru Rural
3035,3460,4799,Arrest,2027-01-23,Mangaluru (Dakshina Kannada)
3036,3463,4802,Surrender,2026-12-29,Chamarajanagar
3037,3465,4803,Arrest,2025-09-05,Chamarajanagar
3038,3466,4804,Arrest,2024-01-11,Bengaluru Rural
3039,3467,4805,Surrender,2024-04-02,Chamarajanagar
3040,3469,4807,Arrest,2023-03-27,Belagavi
3041,3470,4808,Arrest,2024-03-28,Davanagere
3042,3472,4810,Arrest,2026-10-11,Bengaluru Rural
3043,3473,4812,Arrest,2023-08-19,Raichur
3044,3474,4813,Arrest,2023-03-09,Tumakuru
3045,3475,4814,Surrender,2027-01-05,Raichur
3046,3475,4815,Arrest,2026-12-04,Raichur
3047,3475,4816,Surrender,2026-12-13,Raichur
3048,3476,4817,Arrest,2022-04-26,Raichur
3049,3476,4818,Arrest,2022-05-11,Raichur
3050,3476,4819,Arrest,2022-04-23,Raichur
3051,3477,4820,Arrest,2025-12-19,Kolar
3052,3477,4821,Arrest,2025-12-04,Kolar
3053,3478,4824,Arrest,2024-10-25,Bengaluru Rural
3054,3479,4825,Surrender,2026-12-22,Hassan
3055,3479,4826,Arrest,2026-12-12,Hassan
3056,3480,4827,Arrest,2022-07-13,Hubballi-Dharwad
3057,3482,4831,Arrest,2025-11-25,Mangaluru (Dakshina Kannada)
3058,3482,4832,Arrest,2025-10-20,Mangaluru (Dakshina Kannada)
3059,3484,4834,Arrest,2026-06-17,Ramanagara
3060,3485,4835,Arrest,2025-08-04,Bengaluru City
3061,3486,4836,Arrest,2022-11-09,Yadgir
3062,3486,4837,Arrest,2022-10-28,Yadgir
3063,3488,4839,Arrest,2023-11-15,Chamarajanagar
3064,3489,4840,Arrest,2025-03-25,Bengaluru City
3065,3490,4841,Arrest,2026-03-24,Mysuru
3066,3490,4842,Surrender,2026-04-07,Mysuru
3067,3491,4844,Arrest,2026-04-21,Davanagere
3068,3492,4845,Arrest,2024-01-21,Bengaluru Rural
3069,3493,4846,Surrender,2027-01-11,Mangaluru (Dakshina Kannada)
3070,3494,4847,Surrender,2026-07-08,Ramanagara
3071,3497,4851,Arrest,2027-01-23,Koppal
3072,3499,4852,Arrest,2024-11-20,Bengaluru City
3073,3500,4853,Surrender,2022-10-17,Bengaluru Rural
3074,3501,4854,Arrest,2022-09-06,Kodagu
3075,3503,4856,Arrest,2024-06-27,Hassan
3076,3504,4858,Surrender,2022-08-15,Shivamogga
3077,3505,4859,Arrest,2026-07-19,Tumakuru
3078,3508,4861,Arrest,2026-01-07,Raichur
3079,3508,4862,Arrest,2026-02-13,Raichur
3080,3508,4863,Arrest,2026-01-31,Raichur
3081,3512,4867,Arrest,2025-07-12,Davanagere
3082,3513,4869,Arrest,2024-03-29,Chamarajanagar
3083,3514,4870,Arrest,2024-01-17,Ramanagara
3084,3514,4871,Arrest,2024-01-18,Ramanagara
3085,3516,4873,Arrest,2026-10-14,Mandya
3086,3516,4874,Surrender,2026-10-23,Mandya
3087,3517,4875,Arrest,2022-06-19,Shivamogga
3088,3517,4877,Arrest,2022-06-12,Shivamogga
3089,3518,4878,Arrest,2023-11-13,Shivamogga
3090,3520,4881,Arrest,2024-03-22,Tumakuru
3091,3520,4882,Surrender,2024-03-18,Tumakuru
3092,3522,4884,Arrest,2025-04-15,Bengaluru Rural
3093,3522,4885,Arrest,2025-03-30,Bengaluru Rural
3094,3522,4886,Arrest,2025-04-06,Bengaluru Rural
3095,3523,4887,Surrender,2025-03-31,Kolar
3096,3524,4888,Surrender,2026-11-10,Belagavi
3097,3524,4889,Arrest,2026-10-29,Belagavi
3098,3525,4890,Arrest,2025-11-04,Hassan
3099,3527,4892,Arrest,2024-02-05,Kodagu
3100,3530,4896,Arrest,2024-05-16,Bengaluru City
3101,3531,4897,Arrest,2025-06-18,Haveri
3102,3532,4898,Arrest,2025-11-30,Kodagu
3103,3533,4899,Arrest,2025-03-21,Hassan
3104,3533,4900,Arrest,2025-03-03,Hassan
3105,3534,4901,Arrest,2025-08-03,Belagavi
3106,3538,4904,Surrender,2023-06-14,Ballari
3107,3539,4906,Surrender,2026-10-07,Tumakuru
3108,3540,4907,Arrest,2023-12-06,Bidar
3109,3542,4909,Arrest,2024-02-02,Mysuru
3110,3543,4912,Surrender,2026-03-26,Raichur
3111,3544,4913,Arrest,2024-03-02,Raichur
3112,3544,4915,Arrest,2024-02-19,Raichur
3113,3545,4916,Arrest,2022-11-06,Yadgir
3114,3546,4917,Arrest,2025-05-22,Bengaluru Rural
3115,3548,4920,Arrest,2025-10-01,Bagalkot
3116,3549,4921,Arrest,2026-09-02,Kodagu
3117,3549,4923,Surrender,2026-08-08,Kodagu
3118,3553,4927,Arrest,2026-12-25,Davanagere
3119,3555,4931,Arrest,2026-10-13,Kalaburagi
3120,3556,4933,Arrest,2022-07-24,Chamarajanagar
3121,3557,4935,Arrest,2022-07-21,Bidar
3122,3558,4937,Arrest,2025-07-18,Davanagere
3123,3559,4938,Surrender,2025-11-01,Bengaluru Rural
3124,3559,4939,Surrender,2025-11-03,Bengaluru Rural
3125,3559,4940,Surrender,2025-10-13,Bengaluru Rural
3126,3561,4942,Surrender,2026-05-21,Bengaluru City
3127,3561,4943,Surrender,2026-05-09,Bengaluru City
3128,3561,4944,Arrest,2026-06-03,Bengaluru City
3129,3562,4945,Arrest,2026-12-01,Mangaluru (Dakshina Kannada)
3130,3562,4946,Arrest,2026-12-27,Mangaluru (Dakshina Kannada)
3131,3564,4948,Arrest,2023-06-26,Hubballi-Dharwad
3132,3565,4949,Arrest,2023-09-19,Mysuru
3133,3566,4950,Surrender,2023-12-23,Bengaluru Rural
3134,3567,4951,Surrender,2026-08-26,Belagavi
3135,3570,4955,Arrest,2026-07-11,Bidar
3136,3571,4956,Surrender,2022-10-20,Bengaluru Rural
3137,3572,4957,Arrest,2026-02-24,Hubballi-Dharwad
3138,3573,4958,Arrest,2023-03-27,Hassan
3139,3575,4962,Surrender,2023-02-26,Belagavi
3140,3576,4964,Arrest,2022-07-09,Bengaluru Rural
3141,3577,4965,Arrest,2024-05-08,Yadgir
3142,3578,4966,Arrest,2023-12-26,Mandya
3143,3581,4970,Arrest,2026-01-09,Belagavi
3144,3586,4978,Arrest,2023-06-13,Chamarajanagar
3145,3587,4979,Arrest,2026-12-28,Belagavi
3146,3588,4981,Arrest,2025-06-19,Mysuru
3147,3589,4984,Surrender,2025-11-08,Kolar
3148,3590,4986,Surrender,2024-11-23,Kodagu
3149,3591,4988,Arrest,2024-08-22,Bengaluru Rural
3150,3592,4990,Arrest,2025-06-11,Gadag
3151,3592,4991,Surrender,2025-06-09,Gadag
3152,3594,4992,Arrest,2024-01-28,Mysuru
3153,3595,4994,Surrender,2022-08-08,Mangaluru (Dakshina Kannada)
3154,3597,4996,Arrest,2026-05-06,Hassan
3155,3597,4997,Arrest,2026-05-01,Hassan
3156,3598,4998,Arrest,2023-05-30,Bengaluru City
3157,3599,4999,Arrest,2023-08-07,Udupi
3158,3600,5000,Arrest,2023-05-03,Bagalkot
3159,3601,5001,Arrest,2026-12-21,Chikkamagaluru
3160,3604,5005,Arrest,2024-10-20,Yadgir
3161,3604,5006,Arrest,2024-10-29,Yadgir
3162,3605,5007,Arrest,2024-11-18,Shivamogga
3163,3606,5008,Arrest,2025-03-29,Bengaluru City
3164,3607,5010,Arrest,2026-03-13,Gadag
3165,3607,5011,Arrest,2026-03-11,Gadag
3166,3608,5012,Arrest,2022-07-16,Bidar
3167,3609,5013,Arrest,2023-07-31,Gadag
3168,3611,5015,Arrest,2023-10-07,Hassan
3169,3612,5016,Arrest,2026-04-15,Bengaluru City
3170,3613,5017,Arrest,2023-04-22,Mysuru
3171,3613,5018,Arrest,2023-05-09,Mysuru
3172,3614,5019,Surrender,2026-04-15,Hassan
3173,3616,5020,Surrender,2022-12-22,Tumakuru
3174,3618,5022,Arrest,2026-06-15,Hubballi-Dharwad
3175,3619,5023,Arrest,2025-03-08,Shivamogga
3176,3619,5025,Surrender,2025-04-09,Shivamogga
3177,3620,5026,Arrest,2022-12-13,Haveri
3178,3621,5028,Arrest,2027-01-22,Hubballi-Dharwad
3179,3622,5029,Arrest,2026-01-17,Davanagere
3180,3624,5031,Surrender,2026-08-01,Mangaluru (Dakshina Kannada)
3181,3625,5032,Surrender,2027-01-14,Bengaluru City
3182,3625,5033,Arrest,2026-12-24,Bengaluru City
3183,3627,5034,Arrest,2024-04-11,Bengaluru City
3184,3628,5035,Arrest,2023-03-11,Uttara Kannada
3185,3630,5038,Arrest,2023-06-15,Mandya
3186,3631,5039,Surrender,2024-11-18,Bengaluru Rural
3187,3632,5040,Arrest,2026-05-30,Chamarajanagar
3188,3632,5041,Arrest,2026-04-20,Chamarajanagar
3189,3633,5042,Arrest,2026-08-23,Bengaluru City
3190,3633,5043,Arrest,2026-08-14,Bengaluru City
3191,3634,5044,Arrest,2026-01-02,Hubballi-Dharwad
3192,3635,5045,Arrest,2023-07-23,Bidar
3193,3637,5048,Arrest,2025-08-31,Bengaluru City
3194,3637,5049,Arrest,2025-09-03,Bengaluru City
3195,3640,5054,Arrest,2026-09-07,Tumakuru
3196,3641,5055,Arrest,2022-05-15,Belagavi
3197,3644,5060,Surrender,2022-08-25,Hubballi-Dharwad
3198,3646,5063,Arrest,2025-03-22,Davanagere
3199,3648,5065,Arrest,2026-04-09,Kolar
3200,3651,5068,Arrest,2025-03-04,Bengaluru Rural
3201,3651,5069,Arrest,2025-03-21,Bengaluru Rural
3202,3653,5070,Arrest,2024-11-07,Tumakuru
3203,3654,5072,Arrest,2025-12-29,Chamarajanagar
3204,3654,5073,Surrender,2025-12-14,Chamarajanagar
3205,3656,5074,Arrest,2025-07-08,Bengaluru City
3206,3656,5075,Arrest,2025-07-19,Bengaluru City
3207,3657,5076,Arrest,2024-02-14,Ramanagara
3208,3658,5077,Arrest,2025-11-23,Bengaluru Rural
3209,3659,5078,Arrest,2026-09-10,Belagavi
3210,3660,5080,Arrest,2025-05-31,Bagalkot
3211,3662,5082,Arrest,2026-01-12,Mangaluru (Dakshina Kannada)
3212,3663,5083,Arrest,2026-02-08,Kolar
3213,3663,5084,Arrest,2026-01-24,Kolar
3214,3664,5085,Arrest,2022-10-09,Vijayapura
3215,3666,5088,Arrest,2026-04-04,Uttara Kannada
3216,3667,5091,Arrest,2026-08-09,Davanagere
3217,3669,5093,Arrest,2025-11-14,Davanagere
3218,3670,5095,Arrest,2027-01-05,Hassan
3219,3671,5097,Arrest,2024-07-11,Bengaluru Rural
3220,3673,5098,Arrest,2024-08-18,Koppal
3221,3674,5099,Arrest,2024-03-15,Chamarajanagar
3222,3674,5100,Arrest,2024-04-13,Chamarajanagar
3223,3675,5101,Surrender,2026-03-13,Kodagu
3224,3675,5103,Arrest,2026-03-11,Kodagu
3225,3677,5106,Arrest,2026-12-09,Kodagu
3226,3679,5109,Arrest,2024-04-21,Hubballi-Dharwad
3227,3680,5110,Arrest,2024-10-24,Hubballi-Dharwad
3228,3681,5111,Arrest,2026-04-20,Belagavi
3229,3682,5113,Arrest,2024-08-31,Mangaluru (Dakshina Kannada)
3230,3683,5114,Arrest,2024-09-15,Belagavi
3231,3683,5115,Surrender,2024-08-13,Belagavi
3232,3684,5117,Arrest,2026-12-07,Bengaluru Rural
3233,3686,5120,Arrest,2026-04-18,Chamarajanagar
3234,3687,5121,Surrender,2024-03-06,Ballari
3235,3691,5123,Arrest,2024-10-01,Belagavi
3236,3691,5124,Arrest,2024-11-04,Belagavi
3237,3691,5125,Arrest,2024-10-20,Belagavi
3238,3693,5127,Arrest,2023-08-21,Bengaluru City
3239,3694,5128,Arrest,2026-12-25,Ballari
3240,3694,5130,Arrest,2027-01-04,Ballari
3241,3695,5131,Surrender,2026-05-15,Chamarajanagar
3242,3696,5132,Surrender,2024-02-29,Haveri
3243,3696,5133,Arrest,2024-02-27,Haveri
3244,3699,5136,Arrest,2023-12-24,Kodagu
3245,3701,5138,Arrest,2024-12-15,Belagavi
3246,3702,5139,Arrest,2024-08-16,Belagavi
3247,3703,5140,Surrender,2025-02-22,Mangaluru (Dakshina Kannada)
3248,3704,5141,Arrest,2022-11-14,Davanagere
3249,3705,5142,Arrest,2024-01-25,Mangaluru (Dakshina Kannada)
3250,3706,5143,Arrest,2023-05-03,Kolar
3251,3707,5146,Surrender,2024-07-16,Mysuru
3252,3708,5147,Arrest,2025-05-19,Bagalkot
3253,3708,5148,Surrender,2025-05-07,Bagalkot
3254,3709,5149,Arrest,2023-10-27,Kodagu
3255,3710,5151,Arrest,2022-04-19,Kalaburagi
3256,3711,5152,Arrest,2025-09-18,Udupi
3257,3714,5154,Surrender,2024-10-10,Mangaluru (Dakshina Kannada)
3258,3715,5156,Arrest,2026-02-24,Raichur
3259,3716,5157,Arrest,2024-11-03,Bengaluru City
3260,3717,5158,Arrest,2022-04-16,Haveri
3261,3719,5159,Arrest,2025-11-28,Gadag
3262,3719,5160,Arrest,2025-11-13,Gadag
3263,3720,5161,Arrest,2023-12-10,Mysuru
3264,3721,5162,Arrest,2025-12-23,Kodagu
3265,3723,5164,Arrest,2026-05-01,Ballari
3266,3723,5165,Arrest,2026-04-26,Ballari
3267,3726,5168,Surrender,2025-04-15,Bengaluru Rural
3268,3728,5172,Arrest,2025-09-15,Davanagere
3269,3732,5176,Arrest,2026-08-21,Bidar
3270,3735,5177,Arrest,2026-08-01,Kalaburagi
3271,3735,5178,Arrest,2026-06-25,Kalaburagi
3272,3736,5180,Arrest,2023-05-28,Bengaluru City
3273,3741,5185,Arrest,2023-11-19,Udupi
3274,3742,5187,Arrest,2026-10-08,Kodagu
3275,3743,5189,Arrest,2026-10-20,Chamarajanagar
3276,3743,5190,Arrest,2026-10-15,Chamarajanagar
3277,3745,5192,Arrest,2023-09-01,Hubballi-Dharwad
3278,3747,5194,Surrender,2025-08-22,Udupi
3279,3748,5195,Arrest,2025-04-21,Udupi
3280,3749,5198,Surrender,2025-12-06,Gadag
3281,3750,5199,Arrest,2025-08-08,Yadgir
3282,3751,5200,Arrest,2022-09-17,Davanagere
3283,3754,5203,Arrest,2026-05-14,Hassan
3284,3756,5205,Arrest,2024-02-16,Hubballi-Dharwad
3285,3758,5207,Arrest,2026-11-08,Haveri
3286,3759,5208,Arrest,2022-06-26,Bengaluru Rural
3287,3761,5209,Arrest,2023-11-29,Mangaluru (Dakshina Kannada)
3288,3761,5210,Arrest,2023-12-21,Mangaluru (Dakshina Kannada)
3289,3763,5212,Arrest,2025-08-23,Kalaburagi
3290,3763,5213,Arrest,2025-08-24,Kalaburagi
3291,3764,5215,Arrest,2023-03-26,Bengaluru Rural
3292,3765,5216,Arrest,2024-12-12,Belagavi
3293,3767,5220,Arrest,2025-03-01,Bengaluru Rural
3294,3768,5221,Arrest,2023-12-13,Chikkamagaluru
3295,3769,5222,Arrest,2022-09-18,Mysuru
3296,3772,5227,Arrest,2026-07-25,Mysuru
3297,3774,5228,Arrest,2024-02-20,Davanagere
3298,3779,5232,Arrest,2024-09-24,Shivamogga
3299,3781,5233,Arrest,2024-11-07,Belagavi
3300,3781,5234,Arrest,2024-11-21,Belagavi
3301,3783,5235,Arrest,2022-10-02,Bengaluru Rural
3302,3784,5237,Arrest,2023-10-17,Bidar
3303,3785,5238,Arrest,2026-09-13,Shivamogga
3304,3787,5241,Arrest,2023-02-25,Mangaluru (Dakshina Kannada)
3305,3788,5242,Arrest,2024-03-18,Chitradurga
3306,3789,5245,Arrest,2026-06-17,Davanagere
3307,3789,5246,Arrest,2026-07-13,Davanagere
3308,3790,5248,Arrest,2023-01-04,Mangaluru (Dakshina Kannada)
3309,3792,5251,Arrest,2022-12-18,Mysuru
3310,3793,5252,Arrest,2026-10-29,Davanagere
3311,3796,5256,Arrest,2022-02-18,Bengaluru City
3312,3796,5257,Arrest,2022-02-08,Bengaluru City
3313,3799,5258,Arrest,2025-09-23,Haveri
3314,3803,5262,Arrest,2026-08-10,Mangaluru (Dakshina Kannada)
3315,3803,5263,Arrest,2026-07-21,Mangaluru (Dakshina Kannada)
3316,3803,5264,Arrest,2026-08-13,Mangaluru (Dakshina Kannada)
3317,3807,5268,Arrest,2025-04-15,Raichur
3318,3807,5269,Arrest,2025-03-28,Raichur
3319,3808,5270,Surrender,2024-01-03,Bengaluru City
3320,3809,5271,Arrest,2026-06-23,Vijayapura
3321,3809,5273,Arrest,2026-07-02,Vijayapura
3322,3810,5274,Arrest,2023-12-25,Kolar
3323,3811,5275,Arrest,2027-01-15,Bengaluru City
3324,3811,5276,Arrest,2027-01-19,Bengaluru City
3325,3812,5277,Arrest,2026-01-14,Chikkamagaluru
3326,3814,5279,Arrest,2026-02-24,Ramanagara
3327,3819,5284,Arrest,2026-02-25,Davanagere
3328,3821,5285,Arrest,2024-07-18,Bidar
3329,3821,5286,Arrest,2024-07-18,Bidar
3330,3821,5287,Arrest,2024-07-16,Bidar
3331,3823,5289,Arrest,2026-09-05,Ballari
3332,3823,5290,Arrest,2026-09-25,Ballari
3333,3824,5291,Surrender,2023-09-13,Hassan
3334,3825,5292,Arrest,2026-05-10,Chamarajanagar
3335,3826,5295,Surrender,2026-08-25,Bengaluru Rural
3336,3827,5296,Arrest,2025-06-01,Davanagere
3337,3829,5298,Arrest,2024-06-14,Mangaluru (Dakshina Kannada)
3338,3830,5299,Arrest,2026-09-09,Davanagere
3339,3830,5300,Arrest,2026-09-13,Davanagere
3340,3831,5301,Arrest,2025-08-31,Bengaluru City
3341,3832,5303,Arrest,2024-11-12,Bengaluru City
3342,3833,5305,Arrest,2024-09-21,Kolar
3343,3833,5306,Surrender,2024-10-15,Kolar
3344,3835,5309,Arrest,2023-08-14,Gadag
3345,3835,5310,Arrest,2023-08-16,Gadag
3346,3836,5311,Arrest,2024-02-06,Bengaluru Rural
3347,3838,5313,Arrest,2024-08-27,Bengaluru City
3348,3840,5317,Arrest,2023-02-21,Kalaburagi
3349,3843,5318,Arrest,2022-06-12,Kodagu
3350,3843,5319,Arrest,2022-05-15,Kodagu
3351,3845,5321,Surrender,2024-12-10,Kodagu
3352,3849,5324,Arrest,2022-08-24,Bengaluru City
3353,3850,5325,Arrest,2026-12-01,Gadag
3354,3851,5327,Arrest,2026-11-04,Hubballi-Dharwad
3355,3853,5328,Arrest,2022-02-18,Bengaluru Rural
3356,3855,5330,Arrest,2023-09-08,Chamarajanagar
3357,3856,5332,Arrest,2024-05-16,Ballari
3358,3857,5333,Surrender,2026-03-26,Hassan
3359,3858,5334,Arrest,2024-11-15,Belagavi
3360,3859,5335,Arrest,2026-09-11,Chamarajanagar
3361,3859,5336,Arrest,2026-09-23,Chamarajanagar
3362,3862,5341,Arrest,2024-08-03,Yadgir
3363,3864,5345,Arrest,2025-11-30,Bengaluru City
3364,3866,5347,Arrest,2022-02-23,Belagavi
3365,3868,5349,Arrest,2023-04-21,Bengaluru Rural
3366,3869,5351,Arrest,2025-12-17,Kodagu
3367,3871,5353,Arrest,2022-08-29,Gadag
3368,3871,5354,Arrest,2022-09-11,Gadag
3369,3872,5355,Arrest,2025-08-09,Bengaluru City
3370,3872,5356,Arrest,2025-08-04,Bengaluru City
3371,3875,5358,Arrest,2025-11-04,Ramanagara
3372,3875,5359,Arrest,2025-11-06,Ramanagara
3373,3877,5361,Arrest,2022-10-06,Bengaluru City
3374,3877,5362,Arrest,2022-10-27,Bengaluru City
3375,3879,5365,Arrest,2026-03-04,Yadgir
3376,3880,5366,Surrender,2024-05-30,Chamarajanagar
3377,3881,5368,Arrest,2023-11-18,Bengaluru Rural
3378,3883,5370,Arrest,2023-10-07,Mangaluru (Dakshina Kannada)
3379,3883,5371,Arrest,2023-10-13,Mangaluru (Dakshina Kannada)
3380,3886,5374,Arrest,2026-09-11,Bengaluru City
3381,3888,5376,Arrest,2025-06-12,Raichur
3382,3889,5377,Arrest,2026-04-03,Udupi
3383,3890,5378,Surrender,2024-04-10,Tumakuru
3384,3894,5385,Arrest,2027-02-04,Bengaluru City
3385,3896,5388,Surrender,2023-05-17,Belagavi
3386,3897,5389,Arrest,2024-01-20,Hubballi-Dharwad
3387,3898,5390,Arrest,2026-10-17,Ballari
3388,3898,5392,Arrest,2026-10-18,Ballari
3389,3901,5394,Arrest,2026-11-30,Mangaluru (Dakshina Kannada)
3390,3902,5395,Arrest,2027-01-11,Ramanagara
3391,3902,5396,Arrest,2026-12-13,Ramanagara
3392,3902,5397,Surrender,2026-12-24,Ramanagara
3393,3903,5398,Arrest,2026-05-06,Belagavi
3394,3903,5399,Arrest,2026-05-08,Belagavi
3395,3903,5400,Arrest,2026-05-06,Belagavi
3396,3904,5401,Arrest,2024-12-26,Ballari
3397,3904,5402,Arrest,2025-01-01,Ballari
3398,3906,5405,Surrender,2023-06-13,Belagavi
3399,3906,5406,Arrest,2023-06-16,Belagavi
3400,3906,5407,Arrest,2023-05-18,Belagavi
3401,3908,5409,Arrest,2025-09-25,Bengaluru City
3402,3909,5411,Arrest,2025-07-06,Bengaluru Rural
3403,3911,5413,Surrender,2023-02-28,Bidar
3404,3912,5414,Arrest,2025-10-19,Davanagere
3405,3913,5415,Surrender,2026-05-18,Ballari
3406,3914,5416,Arrest,2025-05-31,Mandya
3407,3916,5419,Surrender,2026-07-06,Belagavi
3408,3917,5421,Arrest,2025-06-26,Bengaluru Rural
3409,3919,5422,Arrest,2026-07-29,Bengaluru Rural
3410,3920,5423,Surrender,2025-03-02,Mangaluru (Dakshina Kannada)
3411,3921,5424,Arrest,2023-10-27,Yadgir
3412,3921,5425,Arrest,2023-10-29,Yadgir
3413,3922,5426,Arrest,2024-05-24,Mandya
3414,3923,5427,Surrender,2024-01-12,Mandya
3415,3923,5429,Arrest,2023-12-25,Mandya
3416,3924,5430,Surrender,2026-08-12,Bengaluru Rural
3417,3924,5431,Arrest,2026-09-16,Bengaluru Rural
3418,3925,5434,Arrest,2023-07-20,Hubballi-Dharwad
3419,3926,5435,Arrest,2026-09-18,Bengaluru Rural
3420,3926,5436,Surrender,2026-09-19,Bengaluru Rural
3421,3926,5437,Arrest,2026-10-02,Bengaluru Rural
3422,3927,5438,Arrest,2025-11-24,Ramanagara
3423,3928,5439,Arrest,2024-09-14,Hubballi-Dharwad
3424,3929,5440,Arrest,2024-04-30,Bagalkot
3425,3930,5441,Surrender,2023-06-10,Hubballi-Dharwad
3426,3930,5442,Arrest,2023-05-03,Hubballi-Dharwad
3427,3931,5443,Arrest,2023-04-28,Belagavi
3428,3931,5444,Arrest,2023-04-29,Belagavi
3429,3931,5445,Arrest,2023-03-31,Belagavi
3430,3933,5448,Surrender,2026-02-19,Raichur
3431,3936,5451,Arrest,2023-04-17,Ramanagara
3432,3937,5452,Arrest,2026-06-18,Mangaluru (Dakshina Kannada)
3433,3943,5459,Arrest,2024-10-22,Vijayapura
3434,3944,5460,Surrender,2023-05-10,Bengaluru City
3435,3945,5461,Surrender,2026-05-07,Mangaluru (Dakshina Kannada)
3436,3946,5462,Arrest,2024-10-27,Bidar
3437,3946,5463,Arrest,2024-10-19,Bidar
3438,3948,5467,Arrest,2025-08-04,Bengaluru Rural
3439,3951,5472,Arrest,2022-02-24,Udupi
3440,3952,5473,Arrest,2025-04-04,Bengaluru City
3441,3953,5474,Arrest,2026-06-13,Tumakuru
3442,3956,5479,Arrest,2022-06-25,Chamarajanagar
3443,3956,5480,Arrest,2022-06-27,Chamarajanagar
3444,3957,5481,Arrest,2022-08-30,Udupi
3445,3959,5483,Surrender,2023-04-17,Belagavi
3446,3959,5484,Surrender,2023-05-01,Belagavi
3447,3960,5486,Arrest,2026-11-26,Hassan
3448,3963,5488,Arrest,2024-02-15,Haveri
3449,3963,5489,Surrender,2024-02-02,Haveri
3450,3963,5490,Arrest,2024-01-11,Haveri
3451,3964,5491,Arrest,2025-10-17,Mysuru
3452,3966,5495,Arrest,2022-10-10,Bengaluru City
3453,3967,5496,Arrest,2022-10-16,Kolar
3454,3967,5497,Arrest,2022-09-27,Kolar
3455,3968,5498,Arrest,2022-02-15,Kalaburagi
3456,3974,5502,Arrest,2026-02-16,Bengaluru Rural
3457,3975,5503,Surrender,2025-01-22,Kolar
3458,3976,5504,Arrest,2024-03-10,Kodagu
3459,3979,5507,Arrest,2026-10-04,Bengaluru Rural
3460,3979,5508,Surrender,2026-10-04,Bengaluru Rural
3461,3981,5510,Arrest,2023-08-11,Ramanagara
3462,3981,5511,Arrest,2023-07-26,Ramanagara
3463,3982,5512,Arrest,2025-02-16,Tumakuru
3464,3983,5513,Arrest,2023-02-13,Mysuru
3465,3985,5516,Arrest,2025-03-24,Bengaluru Rural
3466,3986,5519,Arrest,2026-02-15,Vijayapura
3467,3987,5520,Surrender,2023-06-03,Kolar
3468,3987,5521,Arrest,2023-05-25,Kolar
3469,3987,5522,Arrest,2023-05-28,Kolar
3470,3988,5523,Arrest,2023-04-28,Raichur
3471,3989,5525,Arrest,2026-08-07,Davanagere
3472,3990,5526,Arrest,2024-12-16,Vijayapura
3473,3991,5527,Arrest,2022-04-12,Mysuru
3474,3991,5528,Arrest,2022-03-26,Mysuru
3475,3993,5530,Arrest,2026-12-28,Ballari
3476,3995,5533,Arrest,2026-10-20,Hubballi-Dharwad
3477,3996,5534,Arrest,2025-08-01,Tumakuru
3478,3996,5535,Arrest,2025-07-16,Tumakuru
3479,3997,5536,Arrest,2022-09-23,Tumakuru
3480,3998,5538,Arrest,2023-12-11,Davanagere
3481,4000,5540,Arrest,2025-10-26,Bengaluru Rural
3482,4001,5541,Arrest,2025-09-12,Mangaluru (Dakshina Kannada)
3483,4001,5542,Arrest,2025-08-10,Mangaluru (Dakshina Kannada)
3484,4001,5543,Arrest,2025-08-19,Mangaluru (Dakshina Kannada)
3485,4002,5544,Arrest,2023-01-19,Chikkamagaluru
3486,4004,5547,Arrest,2024-11-28,Hassan
3487,4009,5555,Arrest,2025-02-10,Bengaluru City
3488,4010,5556,Surrender,2025-03-18,Chamarajanagar
3489,4011,5559,Surrender,2025-07-24,Gadag
3490,4012,5561,Surrender,2022-07-18,Gadag
3491,4016,5564,Arrest,2023-01-24,Bengaluru Rural
3492,4019,5567,Arrest,2025-10-24,Kolar
3493,4020,5568,Arrest,2024-03-30,Hassan
3494,4021,5570,Arrest,2025-01-23,Kolar
3495,4023,5572,Arrest,2025-09-12,Raichur
3496,4024,5573,Arrest,2026-09-27,Bengaluru Rural
3497,4026,5575,Arrest,2026-02-14,Kolar
3498,4026,5576,Arrest,2026-02-18,Kolar
3499,4027,5578,Arrest,2023-03-29,Belagavi
3500,4027,5579,Surrender,2023-03-17,Belagavi
3501,4029,5580,Arrest,2024-07-05,Tumakuru
3502,4029,5581,Surrender,2024-06-13,Tumakuru
3503,4030,5582,Arrest,2023-08-24,Tumakuru
3504,4032,5585,Surrender,2024-12-18,Kodagu
3505,4033,5587,Arrest,2023-08-16,Hubballi-Dharwad
3506,4033,5588,Arrest,2023-09-06,Hubballi-Dharwad
3507,4034,5589,Arrest,2023-11-10,Bagalkot
3508,4034,5591,Arrest,2023-11-25,Bagalkot
3509,4035,5592,Arrest,2024-09-14,Mangaluru (Dakshina Kannada)
3510,4035,5593,Arrest,2024-10-08,Mangaluru (Dakshina Kannada)
3511,4036,5594,Arrest,2026-04-09,Davanagere
3512,4038,5596,Arrest,2023-08-21,Bengaluru Rural
3513,4039,5597,Surrender,2023-05-25,Haveri
3514,4040,5598,Arrest,2025-12-24,Vijayapura
3515,4041,5600,Arrest,2026-01-09,Mysuru
3516,4043,5603,Arrest,2022-10-07,Udupi
3517,4045,5605,Arrest,2023-07-18,Kodagu
3518,4047,5607,Arrest,2024-06-30,Mandya
3519,4049,5611,Arrest,2024-07-23,Bengaluru Rural
3520,4049,5612,Arrest,2024-07-01,Bengaluru Rural
3521,4052,5614,Arrest,2025-03-11,Kodagu
3522,4053,5615,Arrest,2022-09-04,Ramanagara
3523,4054,5616,Arrest,2022-12-11,Tumakuru
3524,4055,5617,Surrender,2022-03-02,Haveri
3525,4056,5619,Arrest,2023-07-21,Mysuru
3526,4058,5621,Arrest,2023-02-04,Bengaluru City
3527,4060,5624,Arrest,2023-12-21,Vijayapura
3528,4061,5626,Surrender,2026-02-14,Ramanagara
3529,4061,5627,Arrest,2026-01-31,Ramanagara
3530,4062,5628,Surrender,2023-05-16,Shivamogga
3531,4064,5630,Arrest,2022-08-19,Chamarajanagar
3532,4065,5632,Arrest,2025-07-31,Chamarajanagar
3533,4065,5633,Arrest,2025-08-19,Chamarajanagar
3534,4067,5635,Arrest,2024-02-09,Bidar
3535,4068,5638,Surrender,2026-12-17,Davanagere
3536,4070,5640,Arrest,2024-07-07,Ramanagara
3537,4071,5641,Surrender,2024-03-25,Bidar
3538,4071,5642,Arrest,2024-03-05,Bidar
3539,4073,5646,Arrest,2023-12-05,Tumakuru
3540,4074,5647,Arrest,2025-05-17,Mangaluru (Dakshina Kannada)
3541,4076,5648,Arrest,2022-05-31,Ramanagara
3542,4077,5649,Arrest,2025-12-15,Belagavi
3543,4079,5650,Arrest,2024-09-01,Bidar
3544,4080,5651,Arrest,2026-08-01,Davanagere
3545,4080,5652,Arrest,2026-07-26,Davanagere
3546,4081,5653,Arrest,2027-01-17,Uttara Kannada
3547,4083,5654,Arrest,2025-09-25,Bengaluru City
3548,4083,5655,Arrest,2025-08-31,Bengaluru City
3549,4085,5657,Arrest,2024-06-22,Belagavi
3550,4086,5659,Arrest,2026-03-12,Bengaluru Rural
3551,4086,5660,Arrest,2026-03-12,Bengaluru Rural
3552,4087,5661,Arrest,2022-08-05,Ramanagara
3553,4088,5662,Arrest,2023-07-04,Hubballi-Dharwad
3554,4089,5663,Arrest,2023-04-23,Bidar
3555,4090,5665,Arrest,2024-10-05,Tumakuru
3556,4090,5666,Surrender,2024-09-19,Tumakuru
3557,4091,5667,Arrest,2026-02-08,Mysuru
3558,4092,5668,Arrest,2023-12-20,Tumakuru
3559,4093,5669,Arrest,2025-05-26,Haveri
3560,4094,5670,Arrest,2024-08-28,Bengaluru Rural
3561,4098,5675,Arrest,2026-12-24,Mysuru
3562,4099,5676,Arrest,2023-07-03,Shivamogga
3563,4100,5677,Arrest,2025-05-22,Bengaluru Rural
3564,4101,5679,Arrest,2025-07-21,Vijayapura
3565,4102,5680,Arrest,2026-10-22,Chitradurga
3566,4104,5682,Arrest,2024-04-15,Udupi
3567,4106,5684,Arrest,2026-08-20,Belagavi
3568,4107,5685,Arrest,2023-11-06,Vijayapura
3569,4107,5686,Arrest,2023-11-26,Vijayapura
3570,4108,5688,Arrest,2023-10-25,Mysuru
3571,4109,5690,Arrest,2024-06-16,Kolar
3572,4110,5691,Surrender,2026-06-06,Koppal
3573,4114,5697,Arrest,2025-11-20,Mysuru
3574,4115,5700,Surrender,2022-09-03,Mysuru
3575,4116,5701,Surrender,2026-07-26,Raichur
3576,4117,5702,Arrest,2024-08-03,Tumakuru
3577,4118,5703,Surrender,2025-04-06,Mangaluru (Dakshina Kannada)
3578,4119,5705,Arrest,2023-06-21,Mangaluru (Dakshina Kannada)
3579,4120,5706,Arrest,2024-03-05,Bengaluru City
3580,4121,5707,Arrest,2024-11-29,Bengaluru City
3581,4123,5711,Arrest,2022-12-05,Chamarajanagar
3582,4123,5712,Arrest,2022-12-18,Chamarajanagar
3583,4125,5715,Arrest,2024-11-16,Shivamogga
3584,4126,5717,Arrest,2026-12-30,Bengaluru Rural
3585,4127,5718,Arrest,2022-04-09,Belagavi
3586,4128,5720,Arrest,2025-08-18,Mysuru
3587,4129,5721,Arrest,2026-11-16,Davanagere
3588,4132,5725,Surrender,2026-07-02,Mangaluru (Dakshina Kannada)
3589,4133,5727,Arrest,2023-08-05,Mysuru
3590,4135,5729,Arrest,2026-09-21,Bengaluru Rural
3591,4138,5733,Surrender,2026-07-24,Hubballi-Dharwad
3592,4138,5734,Arrest,2026-07-06,Hubballi-Dharwad
3593,4140,5737,Arrest,2026-06-23,Bengaluru Rural
3594,4141,5738,Arrest,2022-09-28,Gadag
3595,4143,5739,Arrest,2022-02-02,Hassan
3596,4144,5740,Surrender,2023-04-23,Mandya
3597,4144,5741,Arrest,2023-05-09,Mandya
3598,4146,5744,Arrest,2025-08-16,Bengaluru City
3599,4146,5745,Surrender,2025-09-07,Bengaluru City
3600,4149,5747,Surrender,2025-04-03,Belagavi
3601,4149,5748,Arrest,2025-03-12,Belagavi
3602,4152,5751,Arrest,2024-02-06,Kodagu
3603,4154,5752,Surrender,2023-02-08,Raichur
3604,4155,5753,Arrest,2023-02-08,Hubballi-Dharwad
3605,4158,5758,Arrest,2024-06-03,Ballari
3606,4158,5760,Arrest,2024-07-07,Ballari
3607,4159,5761,Arrest,2025-01-27,Haveri
3608,4160,5763,Surrender,2026-02-21,Hubballi-Dharwad
3609,4161,5765,Arrest,2025-09-30,Yadgir
3610,4162,5768,Arrest,2023-11-20,Kolar
3611,4163,5769,Arrest,2024-11-21,Mysuru
3612,4163,5770,Surrender,2024-11-09,Mysuru
3613,4164,5772,Arrest,2022-04-15,Bengaluru City
3614,4165,5773,Arrest,2026-09-09,Chitradurga
3615,4166,5774,Arrest,2024-12-25,Davanagere
3616,4166,5775,Arrest,2024-11-26,Davanagere
3617,4167,5777,Arrest,2022-09-22,Vijayapura
3618,4170,5781,Arrest,2025-06-13,Koppal
3619,4171,5783,Arrest,2024-07-16,Belagavi
3620,4172,5784,Arrest,2025-07-30,Chamarajanagar
3621,4173,5785,Arrest,2025-11-07,Mangaluru (Dakshina Kannada)
3622,4174,5786,Arrest,2025-01-08,Chamarajanagar
3623,4175,5787,Arrest,2025-05-18,Bengaluru City
3624,4176,5788,Arrest,2023-12-22,Bengaluru Rural
3625,4177,5789,Arrest,2026-09-11,Bengaluru Rural
3626,4179,5790,Arrest,2022-08-26,Belagavi
3627,4179,5791,Arrest,2022-08-26,Belagavi
3628,4179,5792,Surrender,2022-08-26,Belagavi
3629,4182,5796,Arrest,2025-10-10,Hassan
3630,4182,5797,Surrender,2025-10-01,Hassan
3631,4183,5798,Arrest,2024-07-19,Bengaluru City
3632,4183,5799,Surrender,2024-08-22,Bengaluru City
3633,4189,5805,Arrest,2022-09-17,Bidar
3634,4189,5806,Arrest,2022-10-12,Bidar
3635,4190,5807,Arrest,2023-09-13,Hubballi-Dharwad
3636,4192,5809,Arrest,2025-08-21,Bengaluru Rural
3637,4192,5810,Arrest,2025-08-13,Bengaluru Rural
3638,4193,5811,Arrest,2025-02-28,Hassan
3639,4194,5812,Arrest,2025-11-02,Bengaluru Rural
3640,4198,5815,Arrest,2024-05-15,Bengaluru Rural
3641,4199,5816,Arrest,2026-08-08,Kolar
3642,4200,5817,Arrest,2026-08-22,Chikkamagaluru
3643,4201,5818,Arrest,2022-01-12,Bengaluru City
3644,4202,5819,Arrest,2024-11-16,Ballari
3645,4203,5820,Surrender,2022-04-03,Kodagu
3646,4204,5821,Arrest,2026-07-08,Raichur
3647,4205,5822,Surrender,2024-08-21,Kodagu
3648,4205,5823,Arrest,2024-09-19,Kodagu
3649,4206,5824,Surrender,2022-07-06,Bagalkot
3650,4210,5828,Arrest,2026-12-02,Davanagere
3651,4210,5829,Arrest,2026-12-12,Davanagere
3652,4212,5831,Arrest,2026-05-26,Chikkamagaluru
3653,4213,5832,Arrest,2023-05-15,Mysuru
3654,4213,5834,Surrender,2023-06-01,Mysuru
3655,4214,5836,Surrender,2024-09-12,Bengaluru City
3656,4215,5838,Arrest,2025-01-02,Chikkaballapur
3657,4215,5839,Arrest,2025-01-22,Chikkaballapur
3658,4217,5842,Arrest,2023-06-15,Belagavi
3659,4219,5845,Arrest,2025-12-03,Mangaluru (Dakshina Kannada)
3660,4222,5848,Arrest,2022-04-28,Bidar
3661,4223,5850,Arrest,2026-06-23,Kalaburagi
3662,4224,5852,Arrest,2026-07-19,Mangaluru (Dakshina Kannada)
3663,4225,5853,Arrest,2025-10-29,Ramanagara
3664,4227,5855,Arrest,2024-01-04,Mangaluru (Dakshina Kannada)
3665,4227,5856,Arrest,2024-01-02,Mangaluru (Dakshina Kannada)
3666,4228,5857,Surrender,2026-05-06,Ramanagara
3667,4229,5858,Arrest,2022-04-28,Kodagu
3668,4229,5859,Arrest,2022-06-05,Kodagu
3669,4230,5860,Arrest,2023-02-22,Udupi
3670,4230,5861,Arrest,2023-03-21,Udupi
3671,4230,5862,Arrest,2023-02-07,Udupi
3672,4232,5864,Arrest,2025-12-22,Bidar
3673,4233,5866,Arrest,2024-12-25,Vijayapura
3674,4233,5867,Arrest,2025-01-01,Vijayapura
3675,4235,5868,Arrest,2025-02-18,Bidar
3676,4236,5869,Arrest,2026-09-30,Kodagu
3677,4236,5870,Arrest,2026-09-23,Kodagu
3678,4237,5872,Arrest,2023-09-27,Bengaluru Rural
3679,4238,5873,Arrest,2022-01-19,Kalaburagi
3680,4239,5874,Arrest,2026-03-22,Chamarajanagar
3681,4241,5876,Surrender,2025-10-30,Mangaluru (Dakshina Kannada)
3682,4241,5877,Arrest,2025-10-05,Mangaluru (Dakshina Kannada)
3683,4242,5878,Arrest,2022-07-15,Bengaluru City
3684,4243,5879,Surrender,2026-04-24,Mysuru
3685,4244,5880,Arrest,2024-10-24,Davanagere
3686,4244,5881,Arrest,2024-10-24,Davanagere
3687,4245,5882,Arrest,2026-11-30,Gadag
3688,4245,5883,Arrest,2026-12-05,Gadag
3689,4246,5884,Arrest,2026-06-16,Udupi
3690,4247,5885,Arrest,2022-04-04,Kolar
3691,4248,5886,Arrest,2022-03-18,Haveri
3692,4248,5887,Arrest,2022-03-27,Haveri
3693,4249,5888,Arrest,2026-01-06,Davanagere
3694,4250,5889,Surrender,2023-03-30,Bidar
3695,4250,5890,Surrender,2023-04-12,Bidar
3696,4251,5891,Arrest,2024-03-03,Raichur
3697,4253,5893,Surrender,2022-04-20,Hassan
3698,4254,5894,Arrest,2026-05-19,Mysuru
3699,4255,5895,Arrest,2022-08-27,Kodagu
3700,4258,5898,Surrender,2022-08-14,Raichur
3701,4259,5900,Arrest,2022-06-30,Mandya
3702,4260,5902,Arrest,2026-05-31,Ballari
3703,4262,5906,Surrender,2026-06-07,Davanagere
3704,4263,5907,Surrender,2024-10-05,Davanagere
3705,4264,5908,Arrest,2024-12-31,Bengaluru Rural
3706,4264,5909,Arrest,2024-12-18,Bengaluru Rural
3707,4264,5910,Arrest,2024-12-26,Bengaluru Rural
3708,4269,5913,Arrest,2025-12-23,Belagavi
3709,4270,5914,Surrender,2025-10-01,Mangaluru (Dakshina Kannada)
3710,4271,5915,Arrest,2026-10-24,Ballari
3711,4273,5917,Arrest,2023-02-17,Ballari
3712,4274,5918,Arrest,2024-01-03,Gadag
3713,4275,5919,Arrest,2023-12-10,Ramanagara
3714,4278,5921,Arrest,2022-04-20,Belagavi
3715,4278,5922,Arrest,2022-04-04,Belagavi
3716,4278,5923,Arrest,2022-03-25,Belagavi
3717,4279,5924,Arrest,2026-02-28,Kolar
3718,4280,5926,Arrest,2023-07-05,Bagalkot
3719,4281,5927,Arrest,2025-07-24,Hubballi-Dharwad
3720,4281,5928,Arrest,2025-06-30,Hubballi-Dharwad
3721,4281,5929,Arrest,2025-06-24,Hubballi-Dharwad
3722,4282,5930,Arrest,2022-07-23,Davanagere
3723,4282,5931,Surrender,2022-07-18,Davanagere
3724,4283,5933,Arrest,2023-10-06,Bidar
3725,4284,5935,Arrest,2023-11-14,Bidar
3726,4285,5936,Surrender,2026-10-23,Haveri
3727,4286,5937,Arrest,2026-02-10,Bengaluru City
3728,4286,5938,Arrest,2026-02-19,Bengaluru City
3729,4288,5940,Arrest,2024-09-11,Bengaluru City
3730,4289,5941,Arrest,2024-11-09,Hassan
3731,4289,5942,Surrender,2024-11-20,Hassan
3732,4291,5943,Arrest,2022-02-23,Yadgir
3733,4292,5944,Surrender,2025-03-16,Mysuru
3734,4293,5947,Arrest,2024-09-21,Bengaluru City
3735,4293,5948,Arrest,2024-09-22,Bengaluru City
3736,4295,5949,Arrest,2026-05-27,Belagavi
3737,4296,5950,Arrest,2022-08-01,Bengaluru Rural
3738,4298,5952,Surrender,2026-02-08,Bidar
3739,4298,5953,Arrest,2026-01-29,Bidar
3740,4302,5956,Surrender,2022-06-24,Mangaluru (Dakshina Kannada)
3741,4303,5958,Arrest,2026-10-09,Hubballi-Dharwad
3742,4304,5959,Arrest,2023-09-11,Mysuru
3743,4304,5960,Arrest,2023-09-13,Mysuru
3744,4304,5961,Surrender,2023-08-18,Mysuru
3745,4305,5963,Arrest,2023-04-19,Bengaluru City
3746,4306,5964,Arrest,2025-06-18,Chikkamagaluru
3747,4309,5967,Arrest,2023-06-30,Belagavi
3748,4312,5969,Arrest,2024-09-24,Mysuru
3749,4313,5970,Arrest,2026-01-04,Tumakuru
3750,4314,5971,Arrest,2025-08-25,Ramanagara
3751,4314,5972,Surrender,2025-08-22,Ramanagara
3752,4316,5974,Surrender,2026-02-18,Bidar
3753,4316,5975,Arrest,2026-02-03,Bidar
3754,4317,5976,Arrest,2026-07-19,Bidar
3755,4319,5978,Arrest,2022-03-31,Gadag
3756,4322,5981,Arrest,2026-10-21,Bengaluru Rural
3757,4323,5982,Arrest,2022-03-27,Bengaluru City
3758,4325,5983,Arrest,2023-07-02,Bengaluru City
3759,4325,5984,Arrest,2023-06-30,Bengaluru City
3760,4327,5985,Arrest,2023-07-02,Bidar
3761,4328,5986,Arrest,2023-04-26,Yadgir
3762,4329,5988,Surrender,2025-11-17,Bengaluru Rural
3763,4329,5989,Surrender,2025-10-22,Bengaluru Rural
3764,4329,5990,Arrest,2025-11-29,Bengaluru Rural
3765,4330,5991,Arrest,2024-03-24,Raichur
3766,4330,5992,Arrest,2024-02-20,Raichur
3767,4331,5994,Arrest,2023-11-02,Chamarajanagar
3768,4332,5995,Arrest,2026-09-18,Raichur
3769,4332,5996,Arrest,2026-09-20,Raichur
3770,4333,5997,Arrest,2024-03-31,Bengaluru City
3771,4334,5998,Arrest,2025-08-11,Haveri
3772,4335,5999,Arrest,2026-03-08,Bengaluru City
3773,4339,6004,Arrest,2023-11-12,Tumakuru
3774,4339,6005,Arrest,2023-11-15,Tumakuru
3775,4339,6006,Arrest,2023-10-08,Tumakuru
3776,4341,6008,Surrender,2025-09-24,Davanagere
3777,4341,6009,Arrest,2025-09-15,Davanagere
3778,4342,6010,Arrest,2024-09-11,Mangaluru (Dakshina Kannada)
3779,4342,6011,Surrender,2024-09-07,Mangaluru (Dakshina Kannada)
3780,4345,6015,Arrest,2025-01-15,Bengaluru City
3781,4347,6017,Arrest,2026-04-26,Kodagu
3782,4347,6018,Arrest,2026-05-17,Kodagu
3783,4349,6020,Arrest,2024-10-05,Shivamogga
3784,4349,6021,Arrest,2024-09-20,Shivamogga
3785,4350,6022,Arrest,2027-01-16,Haveri
3786,4353,6025,Arrest,2025-09-11,Ballari
3787,4354,6026,Arrest,2025-10-21,Bengaluru City
3788,4357,6029,Arrest,2027-01-06,Bengaluru Rural
3789,4360,6031,Arrest,2022-11-10,Udupi
3790,4362,6034,Arrest,2022-10-21,Hubballi-Dharwad
3791,4363,6035,Arrest,2025-01-16,Mangaluru (Dakshina Kannada)
3792,4367,6039,Arrest,2025-06-10,Bidar
3793,4367,6040,Arrest,2025-06-19,Bidar
3794,4370,6041,Surrender,2022-09-09,Hassan
3795,4371,6043,Arrest,2026-04-14,Bengaluru Rural
3796,4373,6047,Arrest,2024-03-18,Chamarajanagar
3797,4374,6048,Surrender,2026-03-20,Bengaluru Rural
3798,4374,6049,Arrest,2026-03-02,Bengaluru Rural
3799,4375,6050,Arrest,2023-06-05,Tumakuru
3800,4377,6053,Surrender,2025-12-28,Bidar
3801,4378,6054,Arrest,2024-05-22,Shivamogga
3802,4378,6055,Arrest,2024-06-24,Shivamogga
3803,4381,6058,Surrender,2024-04-24,Bengaluru Rural
3804,4382,6059,Arrest,2022-03-08,Bidar
3805,4384,6061,Arrest,2022-11-27,Bagalkot
3806,4385,6063,Surrender,2023-10-14,Bengaluru City
3807,4386,6064,Surrender,2024-11-18,Haveri
3808,4387,6065,Arrest,2025-12-28,Haveri
3809,4388,6067,Surrender,2025-06-17,Udupi
3810,4389,6068,Arrest,2026-03-19,Kodagu
3811,4390,6069,Arrest,2022-06-10,Davanagere
3812,4391,6070,Arrest,2024-04-03,Udupi
3813,4391,6071,Surrender,2024-03-20,Udupi
3814,4392,6073,Surrender,2024-05-02,Hassan
3815,4395,6078,Arrest,2022-06-30,Ramanagara
3816,4398,6080,Arrest,2024-03-22,Tumakuru
3817,4398,6081,Arrest,2024-04-20,Tumakuru
3818,4400,6082,Arrest,2026-11-30,Bengaluru Rural
3819,4401,6083,Surrender,2026-12-14,Kalaburagi
3820,4401,6084,Arrest,2026-11-22,Kalaburagi
3821,4403,6087,Arrest,2022-03-03,Koppal
3822,4403,6088,Arrest,2022-02-03,Koppal
3823,4404,6089,Arrest,2026-01-10,Mangaluru (Dakshina Kannada)
3824,4408,6095,Arrest,2023-07-11,Haveri
3825,4408,6096,Arrest,2023-08-08,Haveri
3826,4409,6097,Arrest,2023-07-26,Ballari
3827,4410,6098,Arrest,2026-02-16,Gadag
3828,4410,6099,Arrest,2026-03-20,Gadag
3829,4410,6100,Arrest,2026-03-05,Gadag
3830,4411,6101,Surrender,2022-07-11,Raichur
3831,4413,6103,Arrest,2023-03-15,Hubballi-Dharwad
3832,4414,6104,Surrender,2023-03-17,Bengaluru City
3833,4415,6105,Arrest,2024-07-09,Tumakuru
3834,4416,6106,Arrest,2025-06-11,Hubballi-Dharwad
3835,4416,6107,Arrest,2025-06-17,Hubballi-Dharwad
3836,4417,6108,Arrest,2025-10-27,Belagavi
3837,4418,6109,Arrest,2022-12-18,Bengaluru City
3838,4419,6110,Arrest,2026-06-23,Bengaluru City
3839,4420,6111,Surrender,2024-09-08,Mysuru
3840,4422,6113,Surrender,2025-02-12,Yadgir
3841,4422,6114,Arrest,2025-02-13,Yadgir
3842,4423,6115,Arrest,2026-03-11,Koppal
3843,4424,6116,Arrest,2022-06-11,Haveri
3844,4424,6117,Arrest,2022-06-06,Haveri
3845,4425,6118,Surrender,2026-10-25,Bengaluru Rural
3846,4426,6119,Arrest,2023-12-23,Chamarajanagar
3847,4430,6123,Surrender,2026-09-22,Kodagu
3848,4431,6124,Arrest,2022-06-21,Mangaluru (Dakshina Kannada)
3849,4432,6125,Arrest,2022-11-12,Chikkaballapur
3850,4432,6126,Arrest,2022-11-16,Chikkaballapur
3851,4434,6128,Arrest,2025-01-04,Koppal
3852,4434,6129,Arrest,2024-12-25,Koppal
3853,4435,6130,Surrender,2026-08-16,Haveri
3854,4435,6131,Arrest,2026-08-14,Haveri
3855,4436,6132,Surrender,2022-07-12,Bengaluru City
3856,4438,6136,Arrest,2024-12-10,Koppal
3857,4439,6137,Surrender,2022-06-22,Belagavi
3858,4439,6138,Arrest,2022-07-17,Belagavi
3859,4440,6139,Arrest,2024-09-17,Raichur
3860,4441,6140,Arrest,2022-02-16,Vijayapura
3861,4441,6141,Arrest,2022-02-17,Vijayapura
3862,4443,6143,Arrest,2025-07-14,Bengaluru Rural
3863,4444,6145,Surrender,2025-04-07,Ramanagara
3864,4445,6146,Arrest,2026-07-07,Haveri
3865,4447,6148,Surrender,2022-09-18,Davanagere
3866,4448,6149,Arrest,2024-08-31,Bagalkot
3867,4449,6150,Arrest,2024-02-01,Belagavi
3868,4450,6151,Arrest,2022-10-01,Bagalkot
3869,4450,6152,Arrest,2022-09-06,Bagalkot
3870,4451,6153,Surrender,2022-11-01,Bengaluru Rural
3871,4452,6154,Arrest,2025-11-08,Chikkamagaluru
3872,4453,6155,Arrest,2024-12-31,Mangaluru (Dakshina Kannada)
3873,4455,6156,Arrest,2022-11-19,Bengaluru Rural
3874,4456,6157,Arrest,2026-01-10,Belagavi
3875,4458,6159,Arrest,2026-08-08,Bagalkot
3876,4459,6160,Surrender,2025-05-12,Vijayapura
3877,4460,6162,Arrest,2024-06-07,Vijayapura
3878,4461,6164,Arrest,2024-04-28,Raichur
3879,4462,6165,Arrest,2025-05-13,Udupi
3880,4464,6167,Arrest,2026-12-03,Bengaluru Rural
3881,4464,6169,Arrest,2026-11-21,Bengaluru Rural
3882,4465,6170,Arrest,2025-05-24,Mysuru
3883,4465,6171,Arrest,2025-06-22,Mysuru
3884,4466,6172,Arrest,2023-12-18,Shivamogga
3885,4466,6173,Arrest,2023-12-11,Shivamogga
3886,4467,6174,Arrest,2026-01-15,Kolar
3887,4468,6175,Arrest,2025-04-13,Koppal
3888,4468,6176,Arrest,2025-03-09,Koppal
3889,4469,6177,Arrest,2024-04-09,Vijayapura
3890,4470,6179,Arrest,2025-09-28,Bengaluru Rural
3891,4470,6180,Arrest,2025-08-31,Bengaluru Rural
3892,4472,6182,Arrest,2025-02-25,Mangaluru (Dakshina Kannada)
3893,4473,6183,Surrender,2026-03-24,Belagavi
3894,4474,6184,Arrest,2022-07-18,Bengaluru City
3895,4474,6185,Arrest,2022-07-17,Bengaluru City
3896,4474,6186,Arrest,2022-07-11,Bengaluru City
3897,4475,6187,Arrest,2023-12-28,Mangaluru (Dakshina Kannada)
3898,4475,6188,Arrest,2023-12-26,Mangaluru (Dakshina Kannada)
3899,4476,6191,Arrest,2025-03-15,Belagavi
3900,4478,6194,Arrest,2024-03-30,Kodagu
3901,4479,6195,Arrest,2022-05-27,Ballari
3902,4482,6198,Arrest,2025-06-19,Chitradurga
3903,4482,6199,Arrest,2025-06-04,Chitradurga
3904,4483,6200,Arrest,2026-04-17,Bengaluru Rural
3905,4484,6202,Arrest,2025-04-26,Koppal
3906,4484,6203,Surrender,2025-04-28,Koppal
3907,4486,6205,Arrest,2024-11-22,Shivamogga
3908,4488,6207,Arrest,2024-05-27,Hubballi-Dharwad
3909,4489,6209,Arrest,2024-09-26,Chamarajanagar
3910,4491,6210,Arrest,2026-07-10,Mysuru
3911,4492,6212,Arrest,2023-11-26,Udupi
3912,4494,6214,Surrender,2022-08-05,Davanagere
3913,4495,6216,Arrest,2025-07-17,Ballari
3914,4496,6217,Arrest,2025-10-22,Hassan
3915,4497,6218,Arrest,2023-11-03,Udupi
3916,4498,6219,Surrender,2026-08-20,Mangaluru (Dakshina Kannada)
3917,4498,6220,Arrest,2026-08-17,Mangaluru (Dakshina Kannada)
3918,4499,6221,Arrest,2025-01-11,Chamarajanagar
3919,4501,6223,Arrest,2025-06-24,Davanagere
3920,4501,6224,Surrender,2025-07-28,Davanagere
3921,4502,6226,Arrest,2024-06-01,Bidar
3922,4503,6227,Arrest,2024-05-23,Belagavi
3923,4503,6228,Arrest,2024-05-15,Belagavi
3924,4504,6231,Surrender,2025-04-07,Mangaluru (Dakshina Kannada)
3925,4505,6233,Surrender,2026-05-17,Mandya
3926,4508,6238,Arrest,2025-05-07,Belagavi
3927,4509,6239,Arrest,2026-07-28,Davanagere
3928,4511,6240,Arrest,2026-06-13,Mangaluru (Dakshina Kannada)
3929,4512,6241,Arrest,2026-11-18,Tumakuru
3930,4516,6245,Arrest,2023-12-05,Kodagu
3931,4516,6246,Arrest,2023-12-12,Kodagu
3932,4517,6247,Arrest,2026-07-11,Udupi
3933,4518,6248,Arrest,2026-05-21,Kodagu
3934,4519,6249,Arrest,2025-09-22,Udupi
3935,4519,6250,Arrest,2025-09-13,Udupi
3936,4519,6251,Surrender,2025-10-21,Udupi
3937,4520,6252,Surrender,2026-11-10,Hassan
3938,4521,6254,Arrest,2026-06-15,Bengaluru Rural
3939,4522,6258,Arrest,2025-04-16,Davanagere
3940,4524,6260,Arrest,2022-11-25,Davanagere
3941,4525,6261,Arrest,2022-12-12,Vijayapura
3942,4527,6265,Arrest,2025-12-18,Bengaluru City
3943,4528,6267,Surrender,2025-02-14,Ramanagara
3944,4528,6269,Arrest,2025-03-15,Ramanagara
3945,4529,6270,Arrest,2026-01-17,Bengaluru Rural
3946,4530,6272,Arrest,2026-08-27,Belagavi
3947,4530,6273,Arrest,2026-09-24,Belagavi
3948,4531,6274,Surrender,2023-01-17,Belagavi
3949,4533,6276,Arrest,2023-10-05,Vijayapura
3950,4537,6280,Arrest,2025-07-18,Raichur
3951,4538,6282,Arrest,2024-04-24,Davanagere
3952,4541,6285,Surrender,2026-03-20,Hassan
3953,4543,6287,Arrest,2024-12-18,Mysuru
3954,4544,6289,Arrest,2026-01-08,Kalaburagi
3955,4544,6290,Surrender,2026-01-27,Kalaburagi
3956,4545,6291,Surrender,2026-08-19,Belagavi
3957,4546,6292,Arrest,2023-10-04,Shivamogga
3958,4548,6294,Arrest,2026-07-02,Hubballi-Dharwad
3959,4549,6296,Arrest,2025-08-08,Mysuru
3960,4550,6299,Surrender,2022-04-17,Kodagu
3961,4552,6301,Arrest,2025-10-31,Kalaburagi
3962,4553,6302,Arrest,2026-01-25,Bagalkot
3963,4553,6304,Surrender,2026-02-18,Bagalkot
3964,4554,6305,Arrest,2026-02-11,Gadag
3965,4555,6306,Surrender,2024-12-07,Chitradurga
3966,4556,6308,Arrest,2023-01-25,Belagavi
3967,4556,6309,Arrest,2023-01-27,Belagavi
3968,4557,6310,Surrender,2022-09-13,Mangaluru (Dakshina Kannada)
3969,4558,6311,Arrest,2026-04-15,Bengaluru Rural
3970,4559,6312,Arrest,2023-12-04,Mysuru
3971,4560,6313,Arrest,2023-08-01,Mandya
3972,4561,6315,Surrender,2024-04-15,Bengaluru City
3973,4563,6318,Arrest,2025-08-08,Hubballi-Dharwad
3974,4565,6321,Arrest,2025-07-26,Bidar
3975,4565,6322,Arrest,2025-08-18,Bidar
3976,4568,6325,Arrest,2025-11-03,Belagavi
3977,4568,6326,Arrest,2025-12-03,Belagavi
3978,4569,6327,Arrest,2024-06-05,Belagavi
3979,4569,6328,Surrender,2024-06-05,Belagavi
3980,4570,6329,Arrest,2022-04-28,Hassan
3981,4571,6330,Arrest,2022-03-11,Koppal
3982,4571,6331,Arrest,2022-03-31,Koppal
3983,4572,6332,Arrest,2025-08-10,Belagavi
3984,4573,6333,Arrest,2024-01-30,Bengaluru Rural
3985,4574,6334,Arrest,2022-02-27,Kolar
3986,4576,6336,Arrest,2027-01-01,Belagavi
3987,4576,6337,Surrender,2027-01-15,Belagavi
3988,4577,6339,Surrender,2026-04-10,Bengaluru City
3989,4578,6340,Arrest,2026-12-05,Chikkaballapur
3990,4579,6342,Arrest,2025-06-15,Bengaluru City
3991,4580,6345,Arrest,2024-09-24,Hubballi-Dharwad
3992,4580,6346,Arrest,2024-09-26,Hubballi-Dharwad
3993,4581,6347,Arrest,2025-10-06,Udupi
3994,4584,6350,Arrest,2026-07-16,Davanagere
3995,4589,6355,Arrest,2026-10-22,Bengaluru City
3996,4590,6358,Arrest,2024-02-18,Mysuru
3997,4592,6360,Surrender,2026-09-13,Raichur
3998,4593,6361,Arrest,2025-11-24,Mysuru
3999,4595,6364,Arrest,2024-05-08,Davanagere
4000,4595,6365,Surrender,2024-05-06,Davanagere
4001,4596,6366,Arrest,2022-04-20,Hubballi-Dharwad
4002,4597,6367,Arrest,2022-09-21,Mysuru
4003,4600,6372,Arrest,2023-07-24,Mangaluru (Dakshina Kannada)
4004,4601,6373,Arrest,2026-03-02,Bengaluru City
4005,4602,6374,Arrest,2022-10-17,Yadgir
4006,4604,6375,Arrest,2027-01-22,Bagalkot
4007,4605,6376,Surrender,2022-06-24,Belagavi
4008,4606,6377,Arrest,2024-09-11,Bengaluru City
4009,4607,6379,Arrest,2026-08-03,Ballari
4010,4607,6380,Arrest,2026-09-08,Ballari
4011,4609,6383,Arrest,2025-02-01,Chitradurga
4012,4611,6386,Arrest,2025-06-07,Udupi
4013,4613,6388,Arrest,2023-07-04,Mangaluru (Dakshina Kannada)
4014,4617,6394,Arrest,2024-09-09,Hassan
4015,4617,6395,Arrest,2024-09-23,Hassan
4016,4618,6397,Arrest,2026-02-16,Bengaluru City
4017,4622,6402,Arrest,2025-06-08,Bidar
4018,4622,6403,Arrest,2025-06-03,Bidar
4019,4623,6404,Arrest,2024-04-21,Mangaluru (Dakshina Kannada)
4020,4625,6406,Arrest,2026-08-24,Chamarajanagar
4021,4626,6407,Surrender,2023-12-17,Bengaluru Rural
4022,4628,6408,Surrender,2022-09-27,Ballari
4023,4629,6409,Surrender,2025-05-23,Tumakuru
4024,4631,6411,Surrender,2026-06-09,Hubballi-Dharwad
4025,4631,6412,Arrest,2026-06-05,Hubballi-Dharwad
4026,4633,6417,Arrest,2026-06-11,Raichur
4027,4634,6418,Arrest,2026-01-27,Kalaburagi
4028,4635,6420,Arrest,2026-11-26,Bagalkot
4029,4636,6421,Surrender,2025-05-27,Udupi
4030,4641,6427,Arrest,2026-06-06,Chamarajanagar
4031,4642,6428,Arrest,2025-04-27,Raichur
4032,4643,6429,Arrest,2026-05-19,Hassan
4033,4644,6431,Arrest,2025-02-02,Ballari
4034,4645,6432,Arrest,2024-12-28,Mangaluru (Dakshina Kannada)
4035,4646,6434,Surrender,2026-07-26,Davanagere
4036,4646,6435,Arrest,2026-06-27,Davanagere
4037,4647,6436,Surrender,2025-07-17,Chamarajanagar
4038,4649,6439,Arrest,2024-08-24,Mysuru
4039,4649,6440,Arrest,2024-08-20,Mysuru
4040,4650,6441,Arrest,2024-05-05,Ballari
4041,4651,6443,Surrender,2026-10-27,Raichur
4042,4651,6444,Arrest,2026-10-25,Raichur
4043,4652,6445,Arrest,2026-10-10,Haveri
4044,4653,6447,Surrender,2024-08-04,Tumakuru
4045,4655,6449,Surrender,2023-06-23,Chikkamagaluru
4046,4658,6451,Arrest,2024-12-18,Chamarajanagar
4047,4660,6452,Arrest,2023-07-10,Hassan
4048,4662,6455,Arrest,2025-05-20,Kalaburagi
4049,4664,6456,Surrender,2025-01-10,Belagavi
4050,4664,6457,Arrest,2024-12-15,Belagavi
4051,4665,6459,Arrest,2025-08-22,Tumakuru
4052,4666,6462,Arrest,2024-01-21,Chamarajanagar
4053,4667,6463,Arrest,2023-08-18,Tumakuru
4054,4668,6466,Arrest,2026-02-16,Mangaluru (Dakshina Kannada)
4055,4668,6467,Arrest,2026-02-20,Mangaluru (Dakshina Kannada)
4056,4670,6469,Arrest,2026-10-02,Bengaluru Rural
4057,4671,6470,Arrest,2024-07-31,Tumakuru
4058,4671,6471,Arrest,2024-06-30,Tumakuru
4059,4672,6472,Surrender,2022-07-03,Bidar
4060,4672,6473,Surrender,2022-06-17,Bidar
4061,4676,6477,Arrest,2022-11-29,Mangaluru (Dakshina Kannada)
4062,4676,6478,Arrest,2022-12-11,Mangaluru (Dakshina Kannada)
4063,4678,6481,Arrest,2023-05-07,Belagavi
4064,4680,6483,Arrest,2026-02-05,Udupi
4065,4681,6484,Surrender,2024-06-01,Bengaluru Rural
4066,4683,6486,Arrest,2022-02-02,Belagavi
4067,4683,6487,Arrest,2022-03-13,Belagavi
4068,4685,6489,Arrest,2022-04-07,Davanagere
4069,4686,6490,Surrender,2024-07-19,Uttara Kannada
4070,4687,6492,Arrest,2022-05-25,Ballari
4071,4688,6493,Surrender,2026-02-15,Tumakuru
4072,4690,6494,Arrest,2026-01-17,Belagavi
4073,4691,6495,Surrender,2026-05-30,Bengaluru City
4074,4692,6496,Arrest,2023-09-05,Mysuru
4075,4693,6497,Arrest,2026-08-28,Kalaburagi
4076,4693,6498,Surrender,2026-08-06,Kalaburagi
4077,4694,6499,Arrest,2023-10-02,Hubballi-Dharwad
4078,4695,6501,Arrest,2026-07-30,Belagavi
4079,4696,6502,Arrest,2027-01-11,Bengaluru City
4080,4698,6506,Arrest,2024-02-21,Bengaluru Rural
4081,4700,6508,Surrender,2026-07-21,Belagavi
4082,4700,6509,Arrest,2026-07-17,Belagavi
4083,4701,6510,Surrender,2025-07-16,Mangaluru (Dakshina Kannada)
4084,4701,6512,Arrest,2025-07-15,Mangaluru (Dakshina Kannada)
4085,4703,6514,Arrest,2024-09-15,Bengaluru Rural
4086,4705,6515,Arrest,2025-06-11,Bengaluru City
4087,4706,6518,Arrest,2024-08-25,Tumakuru
4088,4707,6519,Arrest,2023-05-12,Belagavi
4089,4707,6520,Arrest,2023-04-15,Belagavi
4090,4708,6522,Surrender,2025-05-02,Bengaluru City
4091,4708,6523,Arrest,2025-04-20,Bengaluru City
4092,4709,6524,Arrest,2024-02-26,Bidar
4093,4711,6526,Surrender,2024-03-24,Chikkaballapur
4094,4712,6527,Arrest,2023-01-21,Mangaluru (Dakshina Kannada)
4095,4712,6528,Arrest,2023-01-20,Mangaluru (Dakshina Kannada)
4096,4713,6530,Arrest,2022-09-02,Chamarajanagar
4097,4715,6533,Arrest,2022-03-19,Bengaluru Rural
4098,4716,6534,Surrender,2022-07-09,Hubballi-Dharwad
4099,4717,6536,Arrest,2024-03-23,Raichur
4100,4720,6538,Arrest,2023-04-04,Vijayapura
4101,4721,6540,Arrest,2024-07-06,Mangaluru (Dakshina Kannada)
4102,4721,6542,Arrest,2024-06-20,Mangaluru (Dakshina Kannada)
4103,4723,6545,Arrest,2026-09-02,Kodagu
4104,4724,6546,Surrender,2027-01-08,Kolar
4105,4729,6550,Arrest,2025-02-10,Vijayapura
4106,4729,6551,Arrest,2025-02-05,Vijayapura
4107,4730,6552,Surrender,2025-03-31,Bengaluru Rural
4108,4731,6554,Arrest,2026-11-18,Kalaburagi
4109,4733,6555,Surrender,2026-07-04,Mysuru
4110,4733,6556,Arrest,2026-06-25,Mysuru
4111,4735,6558,Arrest,2023-06-09,Bengaluru City
4112,4736,6559,Arrest,2025-07-11,Davanagere
4113,4736,6560,Arrest,2025-08-04,Davanagere
4114,4736,6561,Surrender,2025-08-01,Davanagere
4115,4737,6562,Arrest,2024-12-03,Mangaluru (Dakshina Kannada)
4116,4738,6563,Arrest,2025-04-14,Tumakuru
4117,4739,6564,Arrest,2024-05-15,Yadgir
4118,4740,6565,Arrest,2026-10-10,Mangaluru (Dakshina Kannada)
4119,4743,6568,Arrest,2024-08-04,Ballari
4120,4744,6569,Arrest,2026-04-12,Bengaluru Rural
4121,4746,6571,Arrest,2026-11-14,Belagavi
4122,4747,6572,Arrest,2023-04-03,Chikkamagaluru
4123,4748,6573,Arrest,2024-08-09,Bengaluru Rural
4124,4748,6574,Arrest,2024-08-03,Bengaluru Rural
4125,4749,6575,Arrest,2026-08-12,Davanagere
4126,4754,6580,Arrest,2023-02-12,Belagavi
4127,4755,6581,Arrest,2022-08-23,Davanagere
4128,4755,6582,Arrest,2022-08-27,Davanagere
4129,4759,6586,Arrest,2026-05-31,Hubballi-Dharwad
4130,4762,6589,Arrest,2026-05-28,Belagavi
4131,4763,6590,Arrest,2025-02-13,Raichur
4132,4767,6592,Arrest,2024-09-19,Ramanagara
4133,4768,6593,Arrest,2026-03-21,Davanagere
4134,4769,6594,Surrender,2024-06-02,Kodagu
4135,4770,6596,Arrest,2025-07-18,Vijayapura
4136,4770,6597,Arrest,2025-08-16,Vijayapura
4137,4772,6599,Arrest,2025-01-04,Bengaluru City
4138,4773,6600,Arrest,2026-12-05,Bengaluru Rural
4139,4774,6601,Arrest,2023-06-23,Tumakuru
4140,4775,6602,Arrest,2022-06-03,Bengaluru Rural
4141,4776,6603,Arrest,2026-09-23,Shivamogga
4142,4776,6604,Arrest,2026-08-15,Shivamogga
4143,4778,6605,Arrest,2024-05-27,Ramanagara
4144,4778,6606,Arrest,2024-06-19,Ramanagara
4145,4780,6609,Surrender,2025-05-09,Hassan
4146,4781,6610,Arrest,2026-04-25,Bengaluru Rural
4147,4781,6612,Arrest,2026-05-28,Bengaluru Rural
4148,4782,6614,Arrest,2025-11-22,Davanagere
4149,4785,6616,Surrender,2024-01-15,Bengaluru Rural
4150,4788,6619,Surrender,2024-01-09,Ramanagara
4151,4789,6620,Arrest,2023-09-29,Mangaluru (Dakshina Kannada)
4152,4789,6621,Arrest,2023-10-03,Mangaluru (Dakshina Kannada)
4153,4790,6623,Arrest,2026-01-20,Belagavi
4154,4792,6626,Arrest,2023-08-12,Mysuru
4155,4792,6627,Arrest,2023-08-14,Mysuru
4156,4792,6628,Arrest,2023-08-21,Mysuru
4157,4793,6629,Arrest,2026-04-13,Tumakuru
4158,4798,6639,Surrender,2027-02-06,Bidar
4159,4799,6640,Arrest,2024-04-04,Bagalkot
4160,4799,6641,Arrest,2024-04-02,Bagalkot
4161,4800,6642,Arrest,2023-06-16,Kolar
4162,4801,6644,Surrender,2026-10-26,Ballari
4163,4804,6646,Arrest,2025-07-16,Chitradurga
4164,4806,6649,Surrender,2023-11-12,Kodagu
4165,4807,6650,Arrest,2025-01-02,Gadag
4166,4808,6651,Surrender,2022-07-19,Kolar
4167,4808,6652,Arrest,2022-07-21,Kolar
4168,4811,6656,Surrender,2026-07-07,Tumakuru
4169,4812,6657,Surrender,2024-08-05,Hubballi-Dharwad
4170,4816,6661,Surrender,2024-09-27,Mangaluru (Dakshina Kannada)
4171,4820,6665,Arrest,2024-12-26,Kodagu
4172,4824,6668,Arrest,2026-11-04,Hassan
4173,4824,6669,Arrest,2026-10-23,Hassan
4174,4829,6675,Arrest,2026-05-12,Ramanagara
4175,4829,6676,Surrender,2026-04-27,Ramanagara
4176,4830,6678,Arrest,2025-05-11,Davanagere
4177,4831,6679,Surrender,2024-06-01,Chikkaballapur
4178,4831,6680,Arrest,2024-06-19,Chikkaballapur
4179,4833,6683,Surrender,2024-03-24,Belagavi
4180,4834,6684,Arrest,2026-10-22,Davanagere
4181,4834,6685,Surrender,2026-10-14,Davanagere
4182,4835,6687,Arrest,2025-03-22,Davanagere
4183,4836,6688,Arrest,2022-08-26,Kodagu
4184,4836,6690,Surrender,2022-09-10,Kodagu
4185,4839,6693,Arrest,2026-08-12,Bengaluru City
4186,4840,6695,Surrender,2023-04-26,Mysuru
4187,4844,6696,Arrest,2025-04-01,Ramanagara
4188,4844,6697,Arrest,2025-04-08,Ramanagara
4189,4844,6698,Arrest,2025-04-21,Ramanagara
4190,4845,6699,Arrest,2023-10-08,Bengaluru Rural
4191,4847,6701,Arrest,2024-12-25,Ramanagara
4192,4848,6703,Surrender,2025-04-19,Raichur
4193,4849,6704,Arrest,2026-06-15,Belagavi
4194,4850,6705,Arrest,2026-12-21,Davanagere
4195,4851,6707,Arrest,2023-09-05,Kalaburagi
4196,4852,6709,Surrender,2024-04-29,Mangaluru (Dakshina Kannada)
4197,4853,6710,Arrest,2024-03-15,Belagavi
4198,4854,6711,Arrest,2026-08-09,Mysuru
4199,4854,6712,Arrest,2026-08-14,Mysuru
4200,4855,6714,Arrest,2026-11-11,Chamarajanagar
4201,4855,6715,Surrender,2026-10-28,Chamarajanagar
4202,4856,6717,Arrest,2026-05-06,Mangaluru (Dakshina Kannada)
4203,4858,6722,Arrest,2026-06-22,Kolar
4204,4859,6723,Surrender,2023-10-26,Bengaluru Rural
4205,4859,6724,Surrender,2023-10-19,Bengaluru Rural
4206,4860,6726,Arrest,2023-08-25,Gadag
4207,4861,6727,Arrest,2026-11-13,Kodagu
4208,4861,6728,Arrest,2026-11-06,Kodagu
4209,4862,6729,Arrest,2026-09-01,Tumakuru
4210,4862,6730,Arrest,2026-08-29,Tumakuru
4211,4862,6731,Surrender,2026-09-07,Tumakuru
4212,4866,6737,Surrender,2025-12-10,Kalaburagi
4213,4867,6738,Arrest,2026-05-04,Hassan
4214,4868,6739,Arrest,2023-02-25,Chamarajanagar
4215,4870,6741,Surrender,2026-10-10,Bagalkot
4216,4870,6743,Arrest,2026-11-17,Bagalkot
4217,4871,6744,Surrender,2023-02-13,Bengaluru City
4218,4872,6746,Arrest,2024-04-20,Bengaluru Rural
4219,4875,6748,Arrest,2026-09-02,Bidar
4220,4876,6749,Surrender,2025-02-02,Tumakuru
4221,4878,6751,Arrest,2022-11-13,Mangaluru (Dakshina Kannada)
4222,4883,6753,Arrest,2026-04-17,Chikkamagaluru
4223,4883,6754,Surrender,2026-04-04,Chikkamagaluru
4224,4884,6755,Arrest,2023-06-15,Hassan
4225,4884,6756,Arrest,2023-06-19,Hassan
4226,4885,6757,Surrender,2022-08-22,Bengaluru City
4227,4886,6758,Arrest,2024-08-31,Chamarajanagar
4228,4887,6759,Arrest,2026-07-27,Udupi
4229,4888,6760,Arrest,2022-03-16,Davanagere
4230,4894,6764,Arrest,2025-09-08,Bidar
4231,4894,6765,Surrender,2025-08-28,Bidar
4232,4895,6766,Arrest,2026-05-14,Bengaluru Rural
4233,4896,6767,Arrest,2026-08-21,Hassan
4234,4896,6768,Arrest,2026-08-24,Hassan
4235,4897,6769,Arrest,2025-04-20,Hassan
4236,4898,6770,Arrest,2022-05-13,Kalaburagi
4237,4899,6772,Arrest,2023-08-13,Ramanagara
4238,4899,6773,Arrest,2023-08-01,Ramanagara
4239,4900,6774,Arrest,2025-04-03,Tumakuru
4240,4900,6775,Arrest,2025-04-07,Tumakuru
4241,4902,6777,Surrender,2026-05-14,Belagavi
4242,4903,6779,Surrender,2026-09-02,Hassan
4243,4904,6780,Arrest,2025-05-01,Kodagu
4244,4910,6787,Arrest,2022-08-15,Mysuru
4245,4910,6788,Arrest,2022-08-27,Mysuru
4246,4910,6789,Surrender,2022-08-17,Mysuru
4247,4911,6790,Arrest,2023-10-20,Raichur
4248,4916,6794,Surrender,2023-03-24,Raichur
4249,4920,6800,Surrender,2024-08-17,Hassan
4250,4920,6801,Arrest,2024-09-07,Hassan
4251,4921,6803,Arrest,2025-07-22,Tumakuru
4252,4922,6804,Arrest,2023-12-26,Raichur
4253,4923,6805,Surrender,2025-10-13,Mysuru
4254,4927,6809,Arrest,2024-12-18,Ballari
4255,4927,6810,Arrest,2024-12-04,Ballari
4256,4928,6811,Arrest,2025-04-18,Bengaluru City
4257,4928,6812,Arrest,2025-05-18,Bengaluru City
4258,4929,6813,Arrest,2025-03-09,Mangaluru (Dakshina Kannada)
4259,4931,6815,Arrest,2024-07-14,Chamarajanagar
4260,4932,6816,Arrest,2024-08-26,Yadgir
4261,4933,6818,Arrest,2025-09-09,Kodagu
4262,4936,6823,Arrest,2023-05-14,Belagavi
4263,4937,6824,Surrender,2025-06-10,Udupi
4264,4938,6825,Arrest,2026-06-05,Koppal
4265,4939,6827,Surrender,2024-12-19,Bagalkot
4266,4942,6830,Surrender,2026-05-28,Kodagu
4267,4944,6834,Arrest,2025-07-08,Hubballi-Dharwad
4268,4946,6837,Surrender,2026-10-29,Chikkaballapur
4269,4947,6838,Arrest,2026-01-07,Davanagere
4270,4947,6839,Arrest,2026-01-15,Davanagere
4271,4948,6840,Arrest,2023-10-18,Belagavi
4272,4948,6841,Arrest,2023-10-05,Belagavi
4273,4950,6843,Surrender,2025-11-24,Bengaluru City
4274,4953,6846,Surrender,2025-12-24,Haveri
4275,4954,6847,Surrender,2025-10-16,Belagavi
4276,4955,6848,Surrender,2025-09-12,Mangaluru (Dakshina Kannada)
4277,4956,6850,Surrender,2027-01-05,Kolar
4278,4960,6853,Surrender,2025-09-11,Tumakuru
4279,4961,6855,Surrender,2025-07-01,Ramanagara
4280,4961,6856,Arrest,2025-07-16,Ramanagara
4281,4962,6857,Arrest,2024-02-25,Mysuru
4282,4963,6858,Arrest,2025-10-03,Hubballi-Dharwad
4283,4964,6859,Surrender,2026-09-17,Hassan
4284,4965,6860,Surrender,2026-07-31,Davanagere
4285,4966,6861,Surrender,2022-12-11,Bidar
4286,4966,6862,Arrest,2022-12-19,Bidar
4287,4967,6863,Arrest,2026-08-23,Bengaluru Rural
4288,4968,6864,Arrest,2025-07-18,Bengaluru Rural
4289,4969,6865,Surrender,2026-06-19,Tumakuru
4290,4970,6866,Surrender,2025-10-01,Chitradurga
4291,4971,6867,Surrender,2023-03-01,Haveri
4292,4974,6870,Arrest,2027-01-28,Hubballi-Dharwad
4293,4977,6872,Arrest,2023-12-12,Hassan
4294,4978,6873,Surrender,2023-01-06,Bengaluru Rural
4295,4979,6876,Arrest,2026-08-06,Mangaluru (Dakshina Kannada)
4296,4980,6879,Surrender,2023-09-01,Bengaluru Rural
4297,4981,6880,Arrest,2025-04-03,Mysuru
4298,4982,6881,Surrender,2023-06-26,Bengaluru City
4299,4983,6882,Arrest,2024-01-21,Mangaluru (Dakshina Kannada)
4300,4985,6884,Arrest,2025-12-01,Udupi
4301,4987,6889,Arrest,2022-04-28,Kolar
4302,4988,6890,Surrender,2026-08-23,Bengaluru City
4303,4989,6891,Arrest,2025-10-23,Ballari
4304,4989,6892,Arrest,2025-10-26,Ballari
4305,4989,6893,Arrest,2025-10-16,Ballari
4306,4991,6896,Arrest,2025-10-27,Mangaluru (Dakshina Kannada)
4307,4993,6898,Arrest,2026-06-20,Davanagere
4308,4994,6899,Arrest,2025-09-06,Yadgir
4309,4996,6900,Arrest,2026-05-28,Hassan
4310,4996,6901,Surrender,2026-05-08,Hassan
4311,4997,6902,Arrest,2027-01-04,Belagavi
4312,4998,6904,Arrest,2026-10-15,Belagavi
4313,4999,6905,Arrest,2024-04-02,Mysuru
4314,5000,6906,Arrest,2024-03-27,Kolar
4315,5001,6907,Surrender,2025-10-09,Hassan
4316,5001,6908,Arrest,2025-09-05,Hassan
4317,5003,6911,Arrest,2022-10-06,Vijayapura
4318,5004,6912,Arrest,2026-07-10,Bengaluru City
4319,5006,6915,Surrender,2025-10-04,Belagavi
4320,5007,6917,Arrest,2025-06-16,Udupi
4321,5007,6918,Surrender,2025-07-03,Udupi
4322,5008,6919,Surrender,2026-06-11,Davanagere
4323,5011,6923,Surrender,2023-09-19,Belagavi
4324,5011,6924,Arrest,2023-09-22,Belagavi
4325,5012,6926,Arrest,2024-06-13,Belagavi
4326,5013,6927,Surrender,2026-06-11,Bidar
4327,5015,6928,Arrest,2026-04-22,Davanagere
4328,5017,6930,Arrest,2024-03-17,Hassan
4329,5018,6931,Surrender,2024-07-20,Ballari
4330,5018,6932,Arrest,2024-08-27,Ballari
4331,5019,6933,Arrest,2026-05-29,Bengaluru Rural
4332,5021,6935,Arrest,2024-03-24,Mysuru
4333,5021,6937,Arrest,2024-02-28,Mysuru
4334,5022,6938,Arrest,2026-08-04,Chamarajanagar
4335,5023,6939,Arrest,2024-12-13,Chamarajanagar
4336,5026,6943,Arrest,2024-08-04,Bengaluru Rural
4337,5029,6946,Arrest,2026-10-25,Koppal
4338,5029,6947,Surrender,2026-11-01,Koppal
4339,5030,6948,Arrest,2026-03-31,Bagalkot
4340,5032,6950,Arrest,2026-04-02,Kodagu
4341,5032,6951,Arrest,2026-02-25,Kodagu
4342,5034,6953,Arrest,2025-10-26,Hassan
4343,5034,6954,Arrest,2025-10-22,Hassan
4344,5035,6955,Arrest,2022-02-21,Tumakuru
4345,5037,6957,Arrest,2024-06-04,Belagavi
4346,5038,6958,Arrest,2025-10-12,Mandya
4347,5038,6959,Arrest,2025-10-08,Mandya
4348,5039,6962,Arrest,2023-11-24,Chamarajanagar
4349,5040,6963,Arrest,2024-06-13,Koppal
4350,5040,6964,Arrest,2024-06-21,Koppal
4351,5041,6965,Surrender,2026-03-05,Mangaluru (Dakshina Kannada)
4352,5042,6966,Arrest,2023-03-27,Mysuru
4353,5044,6968,Arrest,2023-06-27,Bengaluru Rural
4354,5044,6969,Surrender,2023-07-24,Bengaluru Rural
4355,5046,6971,Arrest,2026-05-10,Ballari
4356,5046,6972,Surrender,2026-05-25,Ballari
4357,5047,6973,Arrest,2025-09-11,Tumakuru
4358,5047,6974,Arrest,2025-08-30,Tumakuru
4359,5048,6975,Arrest,2022-07-25,Hassan
4360,5049,6976,Arrest,2026-12-04,Kolar
4361,5049,6977,Arrest,2026-12-15,Kolar
4362,5050,6978,Arrest,2026-09-30,Bengaluru City
4363,5053,6981,Arrest,2022-03-19,Vijayapura
4364,5053,6982,Arrest,2022-04-05,Vijayapura
4365,5054,6983,Arrest,2024-09-20,Hassan
4366,5055,6984,Surrender,2023-07-01,Shivamogga
4367,5055,6985,Arrest,2023-07-20,Shivamogga
4368,5057,6988,Arrest,2026-09-07,Belagavi
4369,5061,6991,Arrest,2023-12-31,Belagavi
4370,5061,6992,Arrest,2023-12-17,Belagavi
4371,5064,6994,Arrest,2026-03-20,Hubballi-Dharwad
4372,5066,6996,Surrender,2026-11-22,Haveri
4373,5067,6997,Arrest,2026-02-27,Bengaluru City
4374,5068,6998,Surrender,2025-05-08,Bengaluru Rural
4375,5068,7000,Arrest,2025-05-25,Bengaluru Rural
4376,5069,7001,Arrest,2026-07-01,Hubballi-Dharwad
4377,5070,7003,Arrest,2025-02-27,Yadgir
4378,5071,7004,Arrest,2027-01-08,Mysuru
4379,5073,7005,Arrest,2023-02-19,Davanagere
4380,5075,7007,Arrest,2025-01-09,Mangaluru (Dakshina Kannada)
4381,5076,7008,Arrest,2026-04-26,Bengaluru City
4382,5076,7009,Arrest,2026-05-06,Bengaluru City
4383,5077,7010,Arrest,2023-10-24,Mangaluru (Dakshina Kannada)
4384,5078,7011,Arrest,2023-07-21,Kalaburagi
4385,5078,7012,Arrest,2023-07-29,Kalaburagi
4386,5079,7014,Arrest,2022-06-17,Davanagere
4387,5082,7017,Arrest,2023-11-02,Mysuru
4388,5084,7019,Arrest,2025-04-19,Bengaluru City
4389,5084,7020,Arrest,2025-04-27,Bengaluru City
4390,5085,7021,Surrender,2025-08-22,Belagavi
4391,5086,7023,Arrest,2023-07-17,Bengaluru Rural
4392,5087,7024,Arrest,2024-01-21,Chamarajanagar
4393,5089,7026,Arrest,2026-06-07,Davanagere
4394,5091,7028,Arrest,2024-06-11,Kolar
4395,5095,7031,Arrest,2023-08-11,Mangaluru (Dakshina Kannada)
4396,5098,7036,Arrest,2023-02-20,Belagavi
4397,5099,7037,Surrender,2025-02-09,Haveri
4398,5100,7038,Arrest,2022-12-09,Bengaluru City
4399,5102,7039,Arrest,2026-12-29,Hassan
4400,5102,7040,Arrest,2026-12-31,Hassan
4401,5103,7042,Arrest,2025-10-27,Ballari
4402,5104,7043,Arrest,2023-08-23,Bengaluru Rural
4403,5104,7045,Arrest,2023-08-14,Bengaluru Rural
4404,5105,7046,Arrest,2023-10-24,Bengaluru Rural
4405,5105,7047,Arrest,2023-11-06,Bengaluru Rural
4406,5106,7048,Surrender,2025-01-20,Raichur
4407,5106,7049,Arrest,2024-12-14,Raichur
4408,5107,7050,Arrest,2026-01-14,Bengaluru Rural
4409,5107,7051,Arrest,2026-01-14,Bengaluru Rural
4410,5108,7053,Arrest,2024-07-15,Chamarajanagar
4411,5109,7054,Surrender,2026-11-08,Belagavi
4412,5110,7055,Arrest,2024-05-29,Mysuru
4413,5111,7056,Arrest,2023-11-22,Mangaluru (Dakshina Kannada)
4414,5112,7058,Surrender,2026-02-10,Bidar
4415,5114,7060,Arrest,2025-04-06,Vijayapura
4416,5114,7061,Arrest,2025-04-16,Vijayapura
4417,5116,7062,Arrest,2024-04-28,Vijayapura
4418,5119,7066,Arrest,2022-10-11,Kolar
4419,5119,7067,Arrest,2022-10-13,Kolar
4420,5119,7068,Arrest,2022-09-22,Kolar
4421,5120,7069,Arrest,2025-07-20,Bengaluru City
4422,5121,7070,Arrest,2025-05-09,Mangaluru (Dakshina Kannada)
4423,5122,7071,Arrest,2025-10-08,Tumakuru
4424,5123,7072,Arrest,2023-02-22,Belagavi
4425,5124,7073,Arrest,2026-06-26,Tumakuru
4426,5125,7076,Surrender,2024-04-12,Tumakuru
4427,5126,7079,Arrest,2026-08-09,Kolar
4428,5127,7080,Arrest,2024-10-05,Gadag
4429,5128,7082,Arrest,2024-06-29,Bengaluru City
4430,5129,7083,Arrest,2026-12-04,Raichur
4431,5131,7084,Arrest,2024-10-13,Kodagu
4432,5131,7085,Arrest,2024-11-19,Kodagu
4433,5133,7090,Arrest,2023-05-04,Mysuru
4434,5135,7091,Arrest,2025-03-19,Belagavi
4435,5136,7092,Arrest,2026-11-27,Raichur
4436,5136,7093,Arrest,2026-11-26,Raichur
4437,5137,7095,Surrender,2024-01-14,Bengaluru City
4438,5138,7096,Arrest,2023-06-04,Davanagere
4439,5139,7097,Arrest,2025-10-05,Mysuru
4440,5140,7098,Arrest,2025-03-10,Belagavi
4441,5141,7100,Arrest,2026-11-25,Bengaluru City
4442,5142,7101,Arrest,2024-05-16,Davanagere
4443,5143,7102,Surrender,2025-08-11,Belagavi
4444,5145,7104,Arrest,2024-02-01,Belagavi
4445,5146,7105,Arrest,2026-05-19,Kalaburagi
4446,5149,7110,Arrest,2023-08-01,Mysuru
4447,5149,7111,Surrender,2023-07-11,Mysuru
4448,5150,7112,Arrest,2026-07-29,Koppal
4449,5150,7113,Arrest,2026-07-13,Koppal
4450,5151,7114,Surrender,2024-03-30,Chikkaballapur
4451,5152,7115,Arrest,2025-07-17,Kodagu
4452,5153,7116,Arrest,2026-06-29,Raichur
4453,5153,7117,Surrender,2026-06-14,Raichur
4454,5155,7119,Arrest,2025-02-24,Davanagere
4455,5156,7120,Arrest,2023-12-20,Hassan
4456,5156,7121,Arrest,2023-12-13,Hassan
4457,5157,7123,Arrest,2026-07-05,Bengaluru City
4458,5158,7124,Surrender,2025-09-16,Belagavi
4459,5159,7125,Arrest,2023-02-12,Bengaluru Rural
4460,5159,7126,Arrest,2023-03-15,Bengaluru Rural
4461,5160,7127,Arrest,2024-09-19,Mysuru
4462,5161,7129,Arrest,2024-09-07,Hassan
4463,5164,7132,Surrender,2025-10-13,Udupi
4464,5164,7133,Arrest,2025-10-14,Udupi
4465,5166,7135,Arrest,2023-09-19,Bengaluru Rural
4466,5166,7136,Surrender,2023-10-07,Bengaluru Rural
4467,5167,7137,Surrender,2026-08-26,Shivamogga
4468,5169,7140,Arrest,2026-04-16,Hubballi-Dharwad
4469,5170,7141,Arrest,2024-07-03,Ramanagara
4470,5172,7143,Surrender,2023-07-29,Udupi
4471,5172,7144,Arrest,2023-07-25,Udupi
4472,5172,7145,Surrender,2023-07-16,Udupi
4473,5175,7149,Arrest,2022-10-08,Hubballi-Dharwad
4474,5177,7151,Surrender,2026-10-19,Chamarajanagar
4475,5177,7152,Arrest,2026-11-11,Chamarajanagar
4476,5179,7153,Arrest,2026-07-01,Vijayapura
4477,5180,7154,Arrest,2026-03-31,Davanagere
4478,5180,7155,Arrest,2026-03-22,Davanagere
4479,5181,7157,Surrender,2024-04-01,Raichur
4480,5182,7158,Arrest,2025-08-04,Bengaluru Rural
4481,5182,7159,Arrest,2025-07-06,Bengaluru Rural
4482,5183,7161,Surrender,2022-07-08,Chikkamagaluru
4483,5186,7164,Arrest,2022-12-24,Koppal
4484,5187,7165,Arrest,2022-09-22,Belagavi
4485,5188,7166,Arrest,2023-03-05,Ramanagara
4486,5189,7167,Surrender,2024-05-23,Mangaluru (Dakshina Kannada)
4487,5190,7168,Arrest,2026-06-29,Tumakuru
4488,5192,7170,Surrender,2025-03-07,Belagavi
4489,5192,7171,Arrest,2025-03-18,Belagavi
4490,5195,7173,Arrest,2025-03-15,Bengaluru City
4491,5196,7175,Arrest,2026-08-05,Tumakuru
4492,5197,7176,Arrest,2022-08-06,Tumakuru
4493,5198,7178,Surrender,2026-08-01,Belagavi
4494,5198,7179,Arrest,2026-07-29,Belagavi
4495,5199,7180,Arrest,2024-03-10,Belagavi
4496,5200,7181,Arrest,2023-05-03,Mysuru
4497,5200,7182,Surrender,2023-05-25,Mysuru
4498,5200,7183,Arrest,2023-04-29,Mysuru
4499,5201,7184,Surrender,2025-06-24,Davanagere
4500,5202,7185,Arrest,2025-11-24,Kodagu
4501,5203,7186,Arrest,2022-04-23,Davanagere
4502,5205,7188,Arrest,2025-09-06,Kalaburagi
4503,5206,7190,Arrest,2025-02-14,Koppal
4504,5207,7191,Arrest,2026-10-09,Bengaluru Rural
4505,5207,7193,Arrest,2026-10-20,Bengaluru Rural
4506,5209,7195,Arrest,2026-01-19,Chamarajanagar
4507,5212,7198,Surrender,2022-09-17,Hubballi-Dharwad
4508,5215,7200,Arrest,2022-08-06,Bengaluru Rural
4509,5216,7201,Arrest,2026-08-22,Belagavi
4510,5217,7202,Arrest,2024-03-01,Belagavi
4511,5219,7205,Arrest,2023-10-11,Bagalkot
4512,5220,7206,Arrest,2026-10-27,Belagavi
4513,5222,7208,Arrest,2025-07-23,Bidar
4514,5224,7211,Arrest,2025-07-20,Chamarajanagar
4515,5225,7212,Arrest,2024-01-24,Tumakuru
4516,5226,7213,Arrest,2022-08-17,Hassan
4517,5228,7215,Arrest,2023-02-03,Bengaluru Rural
4518,5228,7216,Arrest,2023-02-20,Bengaluru Rural
4519,5228,7217,Arrest,2023-03-16,Bengaluru Rural
4520,5229,7218,Arrest,2026-10-12,Hubballi-Dharwad
4521,5230,7219,Arrest,2025-11-30,Belagavi
4522,5231,7223,Surrender,2024-04-19,Belagavi
4523,5233,7226,Arrest,2023-07-15,Mangaluru (Dakshina Kannada)
4524,5233,7227,Arrest,2023-07-14,Mangaluru (Dakshina Kannada)
4525,5234,7228,Arrest,2027-01-30,Mangaluru (Dakshina Kannada)
4526,5235,7229,Arrest,2022-06-08,Mysuru
4527,5235,7231,Arrest,2022-06-25,Mysuru
4528,5236,7232,Surrender,2024-05-11,Mangaluru (Dakshina Kannada)
4529,5237,7233,Arrest,2024-12-03,Mangaluru (Dakshina Kannada)
4530,5238,7235,Arrest,2026-01-12,Chamarajanagar
4531,5238,7236,Arrest,2026-01-02,Chamarajanagar
4532,5239,7237,Arrest,2025-03-20,Belagavi
4533,5239,7239,Arrest,2025-03-23,Belagavi
4534,5240,7240,Surrender,2022-12-15,Bidar
4535,5241,7241,Arrest,2026-12-15,Hassan
4536,5242,7242,Arrest,2025-06-29,Chamarajanagar
4537,5246,7247,Arrest,2022-04-21,Mangaluru (Dakshina Kannada)
4538,5249,7250,Arrest,2025-12-09,Chikkaballapur
4539,5251,7254,Arrest,2026-05-16,Tumakuru
4540,5252,7255,Surrender,2024-08-05,Kodagu
4541,5254,7257,Surrender,2024-03-22,Mangaluru (Dakshina Kannada)
4542,5256,7259,Arrest,2024-11-25,Chamarajanagar
4543,5257,7261,Arrest,2022-11-18,Mangaluru (Dakshina Kannada)
4544,5258,7263,Arrest,2026-03-23,Mysuru
4545,5261,7265,Arrest,2023-04-06,Belagavi
4546,5262,7268,Arrest,2026-12-14,Davanagere
4547,5264,7270,Arrest,2023-06-06,Shivamogga
4548,5265,7271,Arrest,2026-02-25,Belagavi
4549,5266,7272,Arrest,2022-08-13,Belagavi
4550,5268,7275,Arrest,2024-06-23,Mysuru
4551,5268,7276,Arrest,2024-05-25,Mysuru
4552,5269,7277,Arrest,2023-09-11,Davanagere
4553,5269,7278,Arrest,2023-08-27,Davanagere
4554,5272,7280,Arrest,2026-05-12,Shivamogga
4555,5274,7283,Arrest,2026-02-16,Bengaluru Rural
4556,5275,7284,Arrest,2026-04-19,Kalaburagi
4557,5275,7285,Arrest,2026-03-25,Kalaburagi
4558,5276,7286,Surrender,2025-04-30,Chamarajanagar
4559,5276,7287,Arrest,2025-06-04,Chamarajanagar
4560,5277,7288,Surrender,2024-05-23,Mangaluru (Dakshina Kannada)
4561,5278,7289,Arrest,2023-03-02,Uttara Kannada
4562,5281,7292,Surrender,2022-09-06,Bengaluru City
4563,5283,7297,Surrender,2026-03-06,Ballari
4564,5284,7298,Arrest,2024-06-04,Chamarajanagar
4565,5286,7300,Arrest,2026-04-18,Mysuru
4566,5287,7301,Arrest,2023-08-12,Chamarajanagar
4567,5288,7304,Arrest,2024-06-28,Yadgir
4568,5290,7306,Arrest,2022-11-28,Hubballi-Dharwad
4569,5290,7307,Arrest,2022-11-28,Hubballi-Dharwad
4570,5290,7308,Arrest,2022-11-04,Hubballi-Dharwad
4571,5293,7311,Arrest,2024-07-06,Shivamogga
4572,5293,7312,Arrest,2024-06-15,Shivamogga
4573,5295,7315,Arrest,2023-12-15,Chitradurga
4574,5298,7320,Arrest,2022-05-18,Bagalkot
4575,5299,7321,Surrender,2023-08-24,Mysuru
4576,5299,7322,Arrest,2023-08-26,Mysuru
4577,5300,7324,Arrest,2026-07-05,Gadag
4578,5301,7325,Arrest,2026-10-31,Bengaluru City
4579,5301,7326,Arrest,2026-11-26,Bengaluru City
4580,5302,7328,Arrest,2026-08-06,Hassan
4581,5302,7329,Surrender,2026-08-09,Hassan
4582,5303,7330,Surrender,2022-04-01,Shivamogga
4583,5305,7332,Arrest,2025-02-24,Bidar
4584,5307,7335,Arrest,2024-02-28,Bengaluru Rural
4585,5310,7338,Arrest,2024-12-14,Kolar
4586,5311,7339,Arrest,2025-11-27,Yadgir
4587,5312,7340,Arrest,2022-12-23,Bengaluru City
4588,5313,7341,Arrest,2023-02-03,Bengaluru City
4589,5314,7342,Arrest,2025-02-09,Hassan
4590,5314,7343,Arrest,2025-02-18,Hassan
4591,5315,7345,Arrest,2024-11-06,Bengaluru Rural
4592,5317,7347,Arrest,2024-11-15,Ballari
4593,5318,7349,Arrest,2025-12-04,Bengaluru Rural
4594,5319,7350,Arrest,2026-04-17,Belagavi
4595,5319,7351,Arrest,2026-04-27,Belagavi
4596,5320,7352,Arrest,2023-08-31,Bengaluru Rural
4597,5320,7354,Arrest,2023-08-16,Bengaluru Rural
4598,5321,7356,Arrest,2025-07-31,Yadgir
4599,5322,7357,Arrest,2022-12-02,Tumakuru
4600,5323,7358,Arrest,2024-05-26,Belagavi
4601,5323,7359,Arrest,2024-04-25,Belagavi
4602,5324,7360,Arrest,2023-11-07,Hassan
4603,5325,7362,Arrest,2025-10-18,Udupi
4604,5326,7363,Arrest,2024-11-23,Kodagu
4605,5327,7364,Arrest,2024-09-11,Mangaluru (Dakshina Kannada)
4606,5327,7365,Arrest,2024-10-07,Mangaluru (Dakshina Kannada)
4607,5327,7366,Arrest,2024-10-23,Mangaluru (Dakshina Kannada)
4608,5328,7367,Arrest,2026-07-12,Chamarajanagar
4609,5330,7368,Arrest,2025-09-05,Belagavi
4610,5330,7369,Arrest,2025-08-27,Belagavi
4611,5333,7372,Arrest,2026-01-26,Kodagu
4612,5333,7373,Surrender,2025-12-16,Kodagu
4613,5334,7374,Arrest,2024-05-11,Chamarajanagar
4614,5335,7375,Surrender,2023-07-20,Hassan
4615,5335,7376,Arrest,2023-07-09,Hassan
4616,5335,7377,Arrest,2023-08-01,Hassan
4617,5336,7378,Arrest,2025-05-17,Mangaluru (Dakshina Kannada)
4618,5338,7380,Arrest,2025-09-03,Kodagu
4619,5341,7383,Arrest,2027-01-14,Chamarajanagar
4620,5343,7385,Arrest,2025-03-02,Haveri
4621,5343,7386,Arrest,2025-04-09,Haveri
4622,5344,7389,Arrest,2025-03-10,Kalaburagi
4623,5345,7391,Surrender,2026-11-23,Raichur
4624,5345,7392,Arrest,2026-11-26,Raichur
4625,5346,7394,Arrest,2025-04-03,Mangaluru (Dakshina Kannada)
4626,5347,7396,Arrest,2023-02-11,Belagavi
4627,5348,7397,Surrender,2026-07-27,Mysuru
4628,5348,7398,Surrender,2026-07-14,Mysuru
4629,5348,7399,Arrest,2026-07-21,Mysuru
4630,5349,7400,Arrest,2025-12-11,Mangaluru (Dakshina Kannada)
4631,5349,7401,Arrest,2026-01-10,Mangaluru (Dakshina Kannada)
4632,5350,7402,Arrest,2026-05-16,Bengaluru City
4633,5351,7404,Arrest,2026-02-03,Davanagere
4634,5353,7405,Arrest,2025-01-25,Chamarajanagar
4635,5355,7407,Arrest,2025-12-09,Chikkamagaluru
4636,5356,7408,Arrest,2023-05-07,Mangaluru (Dakshina Kannada)
4637,5357,7409,Arrest,2024-08-10,Mangaluru (Dakshina Kannada)
4638,5358,7411,Arrest,2024-08-10,Bengaluru Rural
4639,5361,7414,Arrest,2023-12-27,Tumakuru
4640,5365,7417,Arrest,2023-08-20,Belagavi
4641,5366,7418,Surrender,2026-03-26,Mangaluru (Dakshina Kannada)
4642,5366,7419,Arrest,2026-04-03,Mangaluru (Dakshina Kannada)
4643,5367,7420,Arrest,2022-05-03,Bengaluru Rural
4644,5367,7421,Arrest,2022-05-18,Bengaluru Rural
4645,5367,7422,Arrest,2022-05-06,Bengaluru Rural
4646,5368,7425,Arrest,2025-07-21,Bengaluru City
4647,5369,7426,Arrest,2022-04-17,Bengaluru Rural
4648,5369,7428,Arrest,2022-04-04,Bengaluru Rural
4649,5371,7431,Arrest,2025-01-07,Koppal
4650,5374,7433,Arrest,2026-05-12,Ramanagara
4651,5375,7434,Arrest,2022-05-10,Belagavi
4652,5377,7436,Arrest,2025-07-22,Raichur
4653,5378,7437,Arrest,2022-06-28,Chikkamagaluru
4654,5379,7438,Arrest,2026-01-15,Chikkamagaluru
4655,5381,7441,Surrender,2026-09-27,Davanagere
4656,5383,7443,Arrest,2023-04-14,Koppal
4657,5383,7444,Arrest,2023-04-19,Koppal
4658,5384,7445,Arrest,2025-08-06,Belagavi
4659,5385,7446,Arrest,2023-07-14,Raichur
4660,5386,7447,Arrest,2024-05-11,Mysuru
4661,5387,7448,Surrender,2025-04-21,Davanagere
4662,5391,7450,Surrender,2022-02-04,Bengaluru City
4663,5392,7451,Arrest,2023-04-10,Vijayapura
4664,5393,7452,Arrest,2023-03-30,Belagavi
4665,5394,7453,Arrest,2026-08-28,Bengaluru Rural
4666,5396,7457,Arrest,2026-07-20,Bengaluru Rural
4667,5397,7459,Arrest,2026-12-07,Bengaluru Rural
4668,5397,7460,Surrender,2026-12-18,Bengaluru Rural
4669,5398,7461,Arrest,2024-05-25,Belagavi
4670,5399,7462,Arrest,2024-02-20,Kodagu
4671,5399,7463,Arrest,2024-02-02,Kodagu
4672,5401,7465,Surrender,2022-07-27,Bengaluru Rural
4673,5401,7466,Arrest,2022-08-13,Bengaluru Rural
4674,5401,7467,Surrender,2022-07-09,Bengaluru Rural
4675,5403,7469,Surrender,2025-07-12,Mysuru
4676,5404,7470,Arrest,2025-01-28,Bengaluru City
4677,5404,7471,Arrest,2025-01-04,Bengaluru City
4678,5409,7477,Arrest,2025-03-09,Udupi
4679,5410,7478,Surrender,2026-11-02,Mysuru
4680,5412,7481,Surrender,2022-10-27,Mandya
4681,5412,7482,Arrest,2022-12-07,Mandya
4682,5412,7483,Arrest,2022-11-19,Mandya
4683,5414,7484,Arrest,2022-03-16,Koppal
4684,5415,7485,Arrest,2023-11-15,Raichur
4685,5415,7487,Surrender,2023-10-21,Raichur
4686,5417,7490,Arrest,2024-11-19,Bidar
4687,5418,7492,Arrest,2025-03-11,Bengaluru City
4688,5418,7493,Surrender,2025-02-20,Bengaluru City
4689,5419,7494,Arrest,2025-10-07,Ballari
4690,5419,7495,Arrest,2025-09-11,Ballari
4691,5421,7496,Arrest,2025-11-25,Mysuru
4692,5422,7497,Arrest,2026-03-07,Belagavi
4693,5423,7498,Arrest,2026-04-10,Kodagu
4694,5423,7499,Arrest,2026-04-01,Kodagu
4695,5424,7500,Arrest,2025-07-21,Mangaluru (Dakshina Kannada)
4696,5425,7501,Arrest,2024-06-15,Bengaluru Rural
4697,5426,7502,Arrest,2026-12-28,Uttara Kannada
4698,5429,7506,Surrender,2026-04-23,Belagavi
4699,5430,7508,Arrest,2023-11-02,Mysuru
4700,5431,7509,Arrest,2026-03-22,Belagavi
4701,5434,7514,Arrest,2022-02-26,Tumakuru
4702,5435,7515,Surrender,2023-02-26,Udupi
4703,5436,7518,Arrest,2026-10-04,Bengaluru Rural
4704,5436,7520,Surrender,2026-11-08,Bengaluru Rural
4705,5437,7521,Surrender,2025-05-09,Bengaluru Rural
4706,5438,7522,Arrest,2025-04-20,Chamarajanagar
4707,5439,7523,Arrest,2025-07-22,Tumakuru
4708,5439,7524,Arrest,2025-07-28,Tumakuru
4709,5439,7525,Arrest,2025-07-03,Tumakuru
4710,5441,7528,Arrest,2024-04-23,Kolar
4711,5442,7530,Arrest,2025-04-30,Mysuru
4712,5443,7531,Surrender,2023-10-04,Raichur
4713,5443,7532,Arrest,2023-09-24,Raichur
4714,5447,7536,Arrest,2024-01-08,Bidar
4715,5449,7540,Arrest,2026-03-07,Tumakuru
4716,5450,7541,Arrest,2026-08-09,Ramanagara
4717,5452,7544,Arrest,2024-04-08,Tumakuru
4718,5452,7545,Arrest,2024-04-06,Tumakuru
4719,5453,7546,Arrest,2022-10-12,Kalaburagi
4720,5454,7547,Arrest,2026-05-29,Udupi
4721,5455,7548,Arrest,2023-01-25,Bengaluru Rural
4722,5456,7550,Arrest,2023-09-24,Belagavi
4723,5458,7552,Arrest,2026-01-12,Belagavi
4724,5459,7554,Surrender,2026-06-03,Raichur
4725,5461,7555,Surrender,2025-12-20,Kalaburagi
4726,5462,7556,Arrest,2026-01-09,Bengaluru Rural
4727,5464,7559,Arrest,2025-08-30,Raichur
4728,5466,7561,Arrest,2024-06-18,Belagavi
4729,5466,7562,Arrest,2024-06-03,Belagavi
4730,5468,7563,Arrest,2023-02-27,Bagalkot
4731,5469,7564,Arrest,2026-09-21,Chamarajanagar
4732,5470,7565,Arrest,2025-05-04,Bengaluru Rural
4733,5470,7566,Arrest,2025-04-22,Bengaluru Rural
4734,5471,7568,Arrest,2025-12-29,Belagavi
4735,5472,7569,Surrender,2025-07-30,Vijayapura
4736,5473,7570,Surrender,2024-04-15,Mangaluru (Dakshina Kannada)
4737,5475,7573,Arrest,2024-06-12,Bengaluru City
4738,5475,7574,Arrest,2024-07-17,Bengaluru City
4739,5476,7575,Arrest,2022-04-07,Kodagu
4740,5478,7577,Arrest,2022-04-06,Uttara Kannada
4741,5478,7578,Arrest,2022-04-30,Uttara Kannada
4742,5480,7582,Arrest,2024-12-26,Chamarajanagar
4743,5481,7583,Arrest,2025-03-03,Kodagu
4744,5482,7584,Arrest,2025-01-26,Hubballi-Dharwad
4745,5482,7585,Arrest,2025-02-12,Hubballi-Dharwad
4746,5483,7586,Arrest,2025-07-24,Mysuru
4747,5486,7589,Arrest,2024-02-27,Haveri
4748,5487,7590,Arrest,2025-02-05,Yadgir
4749,5488,7591,Arrest,2022-02-23,Mangaluru (Dakshina Kannada)
4750,5488,7592,Arrest,2022-02-27,Mangaluru (Dakshina Kannada)
4751,5490,7595,Arrest,2026-07-12,Raichur
4752,5491,7596,Surrender,2026-05-17,Hubballi-Dharwad
4753,5494,7599,Surrender,2026-09-11,Tumakuru
4754,5495,7600,Arrest,2026-02-08,Udupi
4755,5496,7601,Surrender,2025-06-10,Hassan
4756,5497,7603,Arrest,2026-10-11,Chikkaballapur
4757,5499,7605,Arrest,2026-07-01,Koppal
4758,5500,7608,Arrest,2022-06-14,Bengaluru City
4759,5501,7609,Surrender,2026-07-03,Hubballi-Dharwad
4760,5503,7611,Arrest,2022-04-21,Ramanagara
4761,5504,7612,Arrest,2025-03-17,Belagavi
4762,5505,7613,Surrender,2026-08-08,Kalaburagi
4763,5505,7614,Arrest,2026-08-31,Kalaburagi
4764,5506,7615,Arrest,2023-06-17,Davanagere
4765,5506,7616,Arrest,2023-06-06,Davanagere
4766,5508,7620,Surrender,2025-08-16,Bidar
4767,5509,7621,Arrest,2026-10-26,Bengaluru Rural
4768,5509,7622,Arrest,2026-10-23,Bengaluru Rural
4769,5510,7623,Arrest,2025-08-11,Raichur
4770,5511,7624,Surrender,2023-01-12,Chamarajanagar
4771,5511,7625,Arrest,2022-12-27,Chamarajanagar
4772,5512,7626,Arrest,2026-05-30,Vijayapura
4773,5516,7628,Arrest,2026-09-18,Belagavi
4774,5516,7629,Arrest,2026-08-28,Belagavi
4775,5517,7630,Arrest,2025-03-05,Raichur
4776,5517,7631,Arrest,2025-04-08,Raichur
4777,5518,7632,Arrest,2025-12-15,Belagavi
4778,5520,7635,Arrest,2026-01-27,Tumakuru
4779,5522,7637,Surrender,2022-07-03,Chikkamagaluru
4780,5525,7642,Surrender,2024-06-01,Davanagere
4781,5527,7644,Surrender,2024-07-20,Udupi
4782,5528,7645,Arrest,2022-03-31,Udupi
4783,5531,7649,Surrender,2024-03-18,Bidar
4784,5534,7653,Surrender,2025-07-28,Shivamogga
4785,5534,7654,Surrender,2025-07-02,Shivamogga
4786,5535,7655,Surrender,2025-12-21,Kodagu
4787,5536,7656,Arrest,2022-09-09,Bengaluru City
4788,5538,7659,Surrender,2023-11-20,Ballari
4789,5539,7661,Arrest,2026-07-20,Mysuru
4790,5540,7662,Arrest,2026-08-21,Belagavi
4791,5541,7663,Arrest,2022-01-17,Bengaluru Rural
4792,5541,7664,Arrest,2022-01-19,Bengaluru Rural
4793,5542,7665,Arrest,2024-05-14,Mysuru
4794,5542,7666,Arrest,2024-05-24,Mysuru
4795,5542,7667,Arrest,2024-05-11,Mysuru
4796,5543,7668,Surrender,2026-10-04,Kalaburagi
4797,5544,7670,Arrest,2025-06-26,Davanagere
4798,5546,7675,Surrender,2024-01-18,Kolar
4799,5547,7676,Arrest,2022-05-31,Yadgir
4800,5549,7678,Arrest,2022-10-10,Hassan
4801,5549,7679,Arrest,2022-10-23,Hassan
4802,5550,7681,Arrest,2023-04-26,Tumakuru
4803,5550,7682,Arrest,2023-05-09,Tumakuru
4804,5551,7684,Arrest,2023-04-07,Davanagere
4805,5552,7686,Arrest,2026-06-19,Belagavi
4806,5553,7687,Arrest,2023-12-11,Mangaluru (Dakshina Kannada)
4807,5555,7689,Arrest,2025-10-01,Mysuru
4808,5555,7690,Arrest,2025-10-06,Mysuru
4809,5557,7692,Arrest,2024-11-02,Ramanagara
4810,5557,7693,Surrender,2024-11-28,Ramanagara
4811,5559,7695,Arrest,2023-10-08,Tumakuru
4812,5559,7696,Arrest,2023-11-08,Tumakuru
4813,5560,7697,Arrest,2023-07-21,Bengaluru Rural
4814,5560,7698,Arrest,2023-08-09,Bengaluru Rural
4815,5561,7699,Arrest,2025-05-14,Kolar
4816,5561,7700,Arrest,2025-05-15,Kolar
4817,5562,7701,Arrest,2025-05-14,Mangaluru (Dakshina Kannada)
4818,5563,7702,Arrest,2025-02-16,Bengaluru City
4819,5565,7704,Arrest,2026-07-31,Udupi
4820,5565,7705,Surrender,2026-07-22,Udupi
4821,5567,7706,Arrest,2022-10-15,Bidar
4822,5569,7710,Arrest,2025-06-15,Udupi
4823,5570,7711,Arrest,2023-12-08,Mangaluru (Dakshina Kannada)
4824,5571,7712,Arrest,2023-09-24,Bengaluru City
4825,5572,7713,Arrest,2023-11-05,Mangaluru (Dakshina Kannada)
4826,5573,7715,Arrest,2024-02-17,Bengaluru Rural
4827,5575,7716,Arrest,2023-08-29,Belagavi
4828,5575,7717,Arrest,2023-09-06,Belagavi
4829,5576,7718,Arrest,2025-10-21,Bengaluru Rural
4830,5576,7719,Arrest,2025-11-01,Bengaluru Rural
4831,5576,7720,Arrest,2025-10-25,Bengaluru Rural
4832,5577,7721,Surrender,2026-07-21,Kodagu
4833,5577,7722,Arrest,2026-08-05,Kodagu
4834,5578,7723,Arrest,2026-11-25,Raichur
4835,5579,7724,Surrender,2026-10-12,Bidar
4836,5579,7725,Arrest,2026-10-06,Bidar
4837,5580,7726,Arrest,2023-12-23,Belagavi
4838,5580,7727,Arrest,2024-01-01,Belagavi
4839,5584,7732,Arrest,2026-01-01,Udupi
4840,5584,7733,Arrest,2026-01-19,Udupi
4841,5584,7734,Arrest,2026-01-26,Udupi
4842,5585,7735,Surrender,2025-01-26,Bengaluru City
4843,5586,7736,Surrender,2025-01-14,Udupi
4844,5587,7738,Arrest,2026-04-17,Bengaluru Rural
4845,5588,7739,Arrest,2024-07-05,Mysuru
4846,5589,7740,Arrest,2024-11-28,Davanagere
4847,5591,7743,Surrender,2025-09-23,Mangaluru (Dakshina Kannada)
4848,5594,7744,Surrender,2022-08-21,Belagavi
4849,5595,7745,Surrender,2022-08-27,Kodagu
4850,5598,7748,Arrest,2023-11-03,Hassan
4851,5599,7749,Arrest,2022-05-03,Kalaburagi
4852,5601,7752,Arrest,2026-06-23,Bengaluru City
4853,5603,7753,Arrest,2023-06-10,Udupi
4854,5605,7755,Arrest,2025-09-10,Shivamogga
4855,5606,7756,Arrest,2025-08-15,Bidar
4856,5607,7758,Arrest,2026-12-28,Bengaluru City
4857,5609,7759,Surrender,2024-04-24,Bengaluru Rural
4858,5610,7760,Arrest,2024-08-26,Haveri
4859,5611,7761,Surrender,2023-09-02,Mangaluru (Dakshina Kannada)
4860,5612,7762,Surrender,2024-12-30,Bengaluru Rural
4861,5613,7763,Arrest,2025-01-11,Kolar
4862,5614,7764,Arrest,2024-02-05,Haveri
4863,5614,7766,Arrest,2024-02-05,Haveri
4864,5616,7769,Arrest,2022-07-16,Shivamogga
4865,5618,7771,Surrender,2024-11-21,Davanagere
4866,5619,7773,Surrender,2024-07-26,Bengaluru City
4867,5619,7774,Arrest,2024-07-25,Bengaluru City
4868,5621,7776,Arrest,2023-02-11,Belagavi
4869,5621,7777,Arrest,2023-02-22,Belagavi
4870,5622,7778,Arrest,2025-02-22,Mysuru
4871,5623,7779,Arrest,2022-03-03,Koppal
4872,5624,7780,Arrest,2026-05-19,Belagavi
4873,5625,7782,Arrest,2026-11-19,Belagavi
4874,5625,7783,Arrest,2026-12-02,Belagavi
4875,5628,7786,Arrest,2025-12-17,Belagavi
4876,5628,7787,Arrest,2025-12-13,Belagavi
4877,5629,7788,Arrest,2023-06-30,Hassan
4878,5629,7789,Surrender,2023-07-20,Hassan
4879,5630,7792,Arrest,2026-01-09,Bengaluru Rural
4880,5631,7794,Arrest,2022-05-24,Raichur
4881,5633,7795,Arrest,2025-08-28,Ballari
4882,5634,7796,Arrest,2026-10-12,Belagavi
4883,5634,7797,Arrest,2026-10-22,Belagavi
4884,5636,7799,Surrender,2026-03-10,Bagalkot
4885,5639,7801,Arrest,2026-03-13,Raichur
4886,5640,7802,Arrest,2027-01-27,Tumakuru
4887,5640,7803,Arrest,2026-12-22,Tumakuru
4888,5642,7806,Arrest,2026-03-20,Hassan
4889,5643,7807,Arrest,2026-10-26,Tumakuru
4890,5644,7810,Surrender,2023-12-21,Uttara Kannada
4891,5645,7811,Arrest,2026-07-25,Bengaluru Rural
4892,5646,7812,Arrest,2026-07-12,Chikkamagaluru
4893,5646,7814,Arrest,2026-07-30,Chikkamagaluru
4894,5647,7815,Arrest,2026-02-11,Mysuru
4895,5647,7816,Arrest,2026-02-28,Mysuru
4896,5647,7817,Surrender,2026-01-29,Mysuru
4897,5648,7818,Arrest,2025-12-15,Chamarajanagar
4898,5649,7819,Arrest,2025-07-25,Bengaluru Rural
4899,5650,7820,Surrender,2022-08-29,Ramanagara
4900,5650,7821,Arrest,2022-10-06,Ramanagara
4901,5651,7822,Arrest,2026-09-11,Ballari
4902,5652,7823,Arrest,2026-06-09,Belagavi
4903,5652,7824,Arrest,2026-05-24,Belagavi
4904,5654,7826,Surrender,2023-06-07,Bidar
4905,5654,7827,Arrest,2023-05-28,Bidar
4906,5655,7828,Arrest,2025-12-22,Bengaluru City
4907,5657,7830,Arrest,2026-07-24,Hassan
4908,5658,7831,Arrest,2026-12-25,Davanagere
4909,5659,7833,Arrest,2022-11-16,Chikkamagaluru
4910,5661,7836,Arrest,2025-01-04,Belagavi
4911,5662,7838,Arrest,2025-04-15,Kalaburagi
4912,5665,7840,Arrest,2023-11-10,Kodagu
4913,5666,7841,Arrest,2024-01-03,Mysuru
4914,5667,7842,Arrest,2024-07-25,Mysuru
4915,5669,7846,Arrest,2025-05-02,Hassan
4916,5670,7847,Arrest,2024-02-16,Bengaluru City
4917,5671,7849,Surrender,2026-06-06,Kodagu
4918,5673,7852,Arrest,2025-10-25,Hassan
4919,5674,7853,Arrest,2026-06-03,Hubballi-Dharwad
4920,5675,7855,Arrest,2022-03-19,Mandya
4921,5676,7856,Arrest,2025-02-19,Mangaluru (Dakshina Kannada)
4922,5679,7859,Arrest,2026-05-09,Kolar
4923,5680,7860,Arrest,2026-08-31,Kolar
4924,5681,7861,Arrest,2024-12-31,Tumakuru
4925,5682,7862,Arrest,2023-02-01,Hassan
4926,5683,7863,Surrender,2022-12-04,Mysuru
4927,5684,7864,Arrest,2022-10-09,Bengaluru Rural
4928,5684,7865,Arrest,2022-09-28,Bengaluru Rural
4929,5685,7866,Arrest,2024-12-16,Hassan
4930,5686,7868,Arrest,2026-04-09,Belagavi
4931,5689,7871,Arrest,2024-10-19,Vijayapura
4932,5690,7873,Arrest,2026-10-14,Haveri
4933,5692,7874,Arrest,2025-10-08,Kodagu
4934,5694,7877,Arrest,2025-04-12,Ramanagara
4935,5694,7878,Surrender,2025-03-07,Ramanagara
4936,5694,7879,Arrest,2025-03-16,Ramanagara
4937,5695,7881,Surrender,2023-04-09,Bengaluru City
4938,5699,7883,Arrest,2025-10-19,Belagavi
4939,5700,7885,Arrest,2024-10-17,Bengaluru City
4940,5701,7886,Arrest,2025-01-08,Mangaluru (Dakshina Kannada)
4941,5702,7887,Arrest,2026-10-01,Kodagu
4942,5703,7889,Surrender,2026-11-08,Kodagu
4943,5703,7890,Surrender,2026-11-18,Kodagu
4944,5704,7892,Arrest,2025-07-08,Mangaluru (Dakshina Kannada)
4945,5705,7893,Arrest,2027-01-01,Bengaluru Rural
4946,5709,7895,Arrest,2023-10-26,Gadag
4947,5709,7896,Surrender,2023-10-25,Gadag
4948,5709,7897,Arrest,2023-11-09,Gadag
4949,5710,7899,Arrest,2024-02-14,Udupi
4950,5711,7900,Surrender,2025-04-14,Kodagu
4951,5712,7902,Arrest,2022-07-04,Kolar
4952,5713,7904,Arrest,2025-11-24,Belagavi
4953,5714,7905,Arrest,2023-08-23,Hassan
4954,5715,7907,Arrest,2024-06-19,Udupi
4955,5715,7908,Arrest,2024-07-04,Udupi
4956,5716,7909,Arrest,2026-03-22,Ballari
4957,5717,7910,Arrest,2026-01-08,Gadag
4958,5717,7911,Arrest,2025-12-28,Gadag
4959,5717,7912,Arrest,2026-01-14,Gadag
4960,5718,7913,Arrest,2023-06-11,Bengaluru Rural
4961,5718,7915,Arrest,2023-07-01,Bengaluru Rural
4962,5719,7916,Arrest,2024-05-26,Uttara Kannada
4963,5720,7918,Surrender,2026-12-26,Chikkamagaluru
4964,5720,7919,Arrest,2027-01-02,Chikkamagaluru
4965,5720,7920,Arrest,2027-01-25,Chikkamagaluru
4966,5721,7921,Arrest,2025-09-03,Bengaluru Rural
4967,5721,7922,Arrest,2025-09-08,Bengaluru Rural
4968,5722,7924,Arrest,2024-01-19,Chikkamagaluru
4969,5722,7925,Arrest,2024-02-23,Chikkamagaluru
4970,5723,7926,Surrender,2026-11-17,Ballari
4971,5725,7929,Arrest,2022-07-15,Tumakuru
4972,5726,7930,Arrest,2024-01-08,Bengaluru City
4973,5727,7931,Arrest,2022-06-23,Haveri
4974,5728,7932,Arrest,2024-05-24,Mysuru
4975,5730,7934,Arrest,2022-02-04,Tumakuru
4976,5730,7935,Surrender,2022-02-13,Tumakuru
4977,5731,7937,Surrender,2026-10-11,Belagavi
4978,5732,7938,Arrest,2025-10-04,Ballari
4979,5736,7943,Arrest,2026-11-09,Chitradurga
4980,5737,7944,Surrender,2026-10-16,Vijayapura
4981,5738,7946,Arrest,2025-03-16,Belagavi
4982,5739,7948,Arrest,2023-05-25,Davanagere
4983,5741,7950,Arrest,2027-01-20,Belagavi
4984,5741,7951,Arrest,2027-01-10,Belagavi
4985,5741,7952,Arrest,2027-01-01,Belagavi
4986,5743,7954,Arrest,2025-06-12,Bengaluru City
4987,5743,7955,Arrest,2025-07-01,Bengaluru City
4988,5744,7956,Arrest,2022-04-22,Koppal
4989,5745,7957,Surrender,2023-03-16,Bengaluru Rural
4990,5747,7960,Surrender,2022-12-12,Bengaluru City
4991,5747,7961,Surrender,2022-11-18,Bengaluru City
4992,5748,7963,Arrest,2026-09-25,Chamarajanagar
4993,5748,7964,Arrest,2026-09-30,Chamarajanagar
4994,5749,7965,Arrest,2022-07-06,Bengaluru City
4995,5751,7968,Arrest,2023-06-04,Yadgir
4996,5752,7969,Surrender,2026-11-09,Belagavi
4997,5753,7970,Arrest,2026-07-07,Udupi
4998,5754,7971,Surrender,2025-08-16,Bengaluru Rural
4999,5754,7972,Arrest,2025-07-26,Bengaluru Rural
5000,5754,7973,Arrest,2025-08-29,Bengaluru Rural
5001,5756,7975,Arrest,2022-08-05,Belagavi
5002,5757,7976,Arrest,2026-08-26,Belagavi
5003,5758,7977,Arrest,2024-12-19,Bengaluru Rural
5004,5759,7978,Arrest,2026-01-30,Chamarajanagar
5005,5760,7981,Arrest,2025-03-08,Belagavi
5006,5761,7982,Surrender,2025-04-12,Davanagere
5007,5767,7990,Arrest,2025-03-26,Belagavi
5008,5769,7992,Surrender,2026-08-25,Kodagu
5009,5770,7993,Arrest,2022-03-06,Ramanagara
5010,5770,7994,Surrender,2022-03-15,Ramanagara
5011,5772,7996,Arrest,2023-02-08,Haveri
5012,5772,7997,Arrest,2023-01-31,Haveri
5013,5774,7999,Arrest,2026-11-07,Bagalkot
5014,5776,8003,Surrender,2026-09-27,Raichur
5015,5779,8007,Surrender,2026-01-26,Davanagere
5016,5781,8009,Arrest,2024-07-04,Vijayapura
5017,5784,8012,Arrest,2026-12-13,Ballari
5018,5785,8014,Surrender,2024-02-04,Ramanagara
5019,5785,8015,Arrest,2023-12-27,Ramanagara
5020,5786,8016,Arrest,2024-07-14,Bengaluru City
5021,5787,8017,Arrest,2022-12-25,Vijayapura
5022,5788,8019,Arrest,2024-09-20,Belagavi
5023,5788,8020,Arrest,2024-09-20,Belagavi
5024,5789,8021,Surrender,2022-03-13,Mangaluru (Dakshina Kannada)
5025,5789,8022,Arrest,2022-04-09,Mangaluru (Dakshina Kannada)
5026,5790,8023,Surrender,2025-09-02,Tumakuru
5027,5792,8025,Arrest,2026-09-30,Chamarajanagar
5028,5794,8027,Arrest,2026-01-29,Belagavi
5029,5796,8028,Arrest,2024-03-09,Belagavi
5030,5797,8029,Arrest,2026-04-29,Raichur
5031,5798,8031,Arrest,2022-03-02,Bengaluru City
5032,5799,8034,Arrest,2022-12-18,Chamarajanagar
5033,5800,8035,Arrest,2026-08-24,Raichur
5034,5804,8038,Arrest,2025-08-30,Belagavi
5035,5804,8039,Arrest,2025-08-30,Belagavi
5036,5805,8041,Arrest,2025-06-06,Raichur
5037,5809,8047,Arrest,2024-02-15,Bengaluru City
5038,5810,8050,Arrest,2024-01-24,Bengaluru Rural
5039,5811,8051,Surrender,2022-09-15,Kalaburagi
5040,5813,8054,Arrest,2026-03-23,Davanagere
5041,5814,8055,Arrest,2026-08-23,Raichur
5042,5816,8057,Arrest,2026-03-30,Raichur
5043,5817,8059,Surrender,2025-07-07,Mysuru
5044,5818,8062,Arrest,2026-02-08,Davanagere
5045,5820,8063,Arrest,2023-08-20,Bidar
5046,5821,8065,Arrest,2026-07-16,Raichur
5047,5823,8067,Arrest,2026-02-12,Belagavi
5048,5824,8068,Arrest,2025-07-07,Mysuru
5049,5824,8069,Arrest,2025-06-21,Mysuru
5050,5824,8070,Arrest,2025-07-05,Mysuru
5051,5825,8071,Arrest,2024-09-22,Kolar
5052,5827,8072,Surrender,2022-07-03,Shivamogga
5053,5828,8074,Arrest,2024-11-28,Raichur
5054,5829,8075,Arrest,2025-02-17,Raichur
5055,5829,8076,Arrest,2025-02-10,Raichur
5056,5829,8077,Arrest,2025-03-13,Raichur
5057,5830,8078,Arrest,2024-08-30,Ballari
5058,5830,8079,Arrest,2024-08-23,Ballari
5059,5831,8080,Arrest,2025-07-09,Raichur
5060,5834,8084,Arrest,2025-01-12,Davanagere
5061,5836,8087,Surrender,2025-01-01,Mangaluru (Dakshina Kannada)
5062,5838,8088,Surrender,2026-03-08,Uttara Kannada
5063,5840,8090,Arrest,2026-01-05,Ballari
5064,5840,8091,Arrest,2026-01-18,Ballari
5065,5841,8092,Arrest,2026-02-14,Chamarajanagar
5066,5842,8093,Arrest,2026-12-04,Mysuru
5067,5842,8094,Arrest,2026-11-30,Mysuru
5068,5843,8095,Arrest,2024-12-11,Bengaluru City
5069,5843,8097,Surrender,2024-11-27,Bengaluru City
5070,5844,8098,Arrest,2025-06-06,Bengaluru Rural
5071,5845,8101,Surrender,2025-06-16,Kodagu
5072,5845,8102,Arrest,2025-06-17,Kodagu
5073,5848,8105,Arrest,2023-07-10,Udupi
5074,5851,8107,Arrest,2024-07-26,Raichur
5075,5852,8109,Arrest,2025-01-10,Kodagu
5076,5853,8111,Arrest,2025-03-27,Tumakuru
5077,5854,8113,Arrest,2027-01-03,Hubballi-Dharwad
5078,5854,8114,Arrest,2027-01-03,Hubballi-Dharwad
5079,5856,8116,Arrest,2025-08-10,Belagavi
5080,5859,8120,Arrest,2024-01-19,Mangaluru (Dakshina Kannada)
5081,5860,8121,Arrest,2024-05-16,Chamarajanagar
5082,5861,8122,Arrest,2026-11-24,Chamarajanagar
5083,5861,8123,Arrest,2026-10-26,Chamarajanagar
5084,5862,8125,Arrest,2022-02-12,Chikkaballapur
5085,5863,8126,Arrest,2025-05-22,Bagalkot
5086,5864,8127,Arrest,2023-09-09,Kodagu
5087,5864,8128,Arrest,2023-09-09,Kodagu
5088,5864,8129,Arrest,2023-09-16,Kodagu
5089,5866,8132,Surrender,2026-11-09,Davanagere
5090,5867,8133,Arrest,2022-07-06,Ballari
5091,5868,8134,Surrender,2026-03-20,Belagavi
5092,5869,8135,Arrest,2024-04-15,Bidar
5093,5870,8136,Arrest,2026-12-21,Hassan
5094,5870,8137,Arrest,2026-12-30,Hassan
5095,5871,8138,Surrender,2025-07-13,Kodagu
5096,5873,8141,Arrest,2023-06-30,Bengaluru Rural
5097,5873,8142,Surrender,2023-06-19,Bengaluru Rural
5098,5874,8143,Arrest,2025-02-20,Belagavi
5099,5874,8145,Arrest,2025-02-24,Belagavi
5100,5875,8146,Arrest,2026-08-28,Haveri
5101,5876,8148,Arrest,2026-12-30,Kalaburagi
5102,5877,8149,Arrest,2022-04-30,Hassan
5103,5878,8150,Surrender,2023-01-27,Chitradurga
5104,5879,8151,Surrender,2024-01-27,Mandya
5105,5879,8152,Arrest,2024-01-26,Mandya
5106,5881,8153,Arrest,2026-12-23,Bengaluru Rural
5107,5881,8154,Arrest,2026-12-16,Bengaluru Rural
5108,5881,8155,Surrender,2026-12-20,Bengaluru Rural
5109,5882,8156,Arrest,2025-09-12,Bengaluru Rural
5110,5883,8157,Surrender,2026-12-24,Belagavi
5111,5884,8158,Surrender,2023-01-25,Davanagere
5112,5884,8159,Arrest,2023-01-21,Davanagere
5113,5885,8160,Arrest,2026-09-09,Bengaluru Rural
5114,5886,8163,Arrest,2025-10-25,Bidar
5115,5887,8165,Arrest,2025-07-12,Hubballi-Dharwad
5116,5888,8166,Arrest,2025-10-18,Shivamogga
5117,5889,8168,Arrest,2026-12-27,Ramanagara
5118,5890,8170,Surrender,2022-12-11,Udupi
5119,5890,8171,Arrest,2022-12-17,Udupi
5120,5894,8178,Surrender,2024-10-22,Chamarajanagar
5121,5896,8180,Arrest,2026-02-20,Yadgir
5122,5898,8181,Arrest,2025-12-26,Kodagu
5123,5898,8182,Arrest,2025-12-10,Kodagu
5124,5899,8183,Arrest,2022-09-19,Hubballi-Dharwad
5125,5900,8184,Arrest,2024-04-03,Chikkamagaluru
5126,5902,8187,Arrest,2026-02-15,Belagavi
5127,5902,8188,Arrest,2026-03-13,Belagavi
5128,5903,8189,Arrest,2024-07-18,Bidar
5129,5904,8190,Arrest,2026-01-14,Belagavi
5130,5907,8193,Arrest,2022-09-25,Ballari
5131,5907,8194,Arrest,2022-10-13,Ballari
5132,5907,8195,Arrest,2022-09-23,Ballari
5133,5908,8196,Arrest,2026-10-31,Bidar
5134,5909,8197,Arrest,2026-11-20,Haveri
5135,5910,8199,Arrest,2022-12-17,Ramanagara
5136,5911,8201,Arrest,2026-01-12,Mysuru
5137,5911,8202,Arrest,2026-02-08,Mysuru
5138,5912,8203,Surrender,2026-09-21,Mysuru
5139,5913,8205,Arrest,2025-07-18,Bengaluru City
5140,5914,8206,Arrest,2022-08-18,Mangaluru (Dakshina Kannada)
5141,5914,8207,Arrest,2022-07-18,Mangaluru (Dakshina Kannada)
5142,5915,8209,Surrender,2024-08-19,Belagavi
5143,5916,8210,Arrest,2024-01-14,Belagavi
5144,5917,8211,Arrest,2026-01-28,Belagavi
5145,5918,8213,Arrest,2023-02-28,Bengaluru Rural
5146,5919,8214,Arrest,2023-05-21,Ramanagara
5147,5919,8215,Arrest,2023-06-11,Ramanagara
5148,5920,8218,Arrest,2024-01-30,Uttara Kannada
5149,5921,8220,Surrender,2025-09-23,Kodagu
5150,5921,8221,Arrest,2025-10-11,Kodagu
5151,5922,8224,Arrest,2025-10-20,Udupi
5152,5923,8225,Surrender,2022-04-10,Bengaluru Rural
5153,5924,8226,Surrender,2026-02-23,Belagavi
5154,5924,8227,Arrest,2026-02-17,Belagavi
5155,5925,8228,Arrest,2025-03-06,Davanagere
5156,5926,8230,Arrest,2022-06-08,Davanagere
5157,5927,8232,Arrest,2026-09-08,Bengaluru Rural
5158,5927,8233,Arrest,2026-09-13,Bengaluru Rural
5159,5928,8234,Arrest,2024-09-17,Raichur
5160,5929,8236,Arrest,2024-01-23,Davanagere
5161,5929,8237,Arrest,2024-02-02,Davanagere
5162,5931,8239,Arrest,2026-06-21,Haveri
5163,5931,8240,Arrest,2026-06-28,Haveri
5164,5931,8241,Arrest,2026-06-22,Haveri
5165,5934,8243,Arrest,2025-08-12,Udupi
5166,5934,8244,Arrest,2025-08-20,Udupi
5167,5936,8246,Arrest,2026-10-21,Bengaluru Rural
5168,5938,8247,Arrest,2025-04-17,Udupi
5169,5941,8250,Arrest,2024-02-17,Davanagere
5170,5941,8251,Arrest,2024-03-24,Davanagere
5171,5943,8253,Surrender,2026-04-02,Gadag
5172,5943,8254,Arrest,2026-03-26,Gadag
5173,5944,8255,Surrender,2025-08-03,Davanagere
5174,5945,8256,Arrest,2026-06-14,Ramanagara
5175,5947,8258,Arrest,2024-03-02,Chamarajanagar
5176,5947,8259,Arrest,2024-02-27,Chamarajanagar
5177,5948,8260,Arrest,2024-03-26,Udupi
5178,5949,8261,Arrest,2025-05-13,Davanagere
5179,5951,8263,Arrest,2023-12-02,Mysuru
5180,5952,8265,Surrender,2026-12-15,Raichur
5181,5953,8267,Arrest,2024-01-26,Kodagu
5182,5954,8268,Arrest,2022-12-11,Bidar
5183,5954,8269,Arrest,2022-12-27,Bidar
5184,5955,8270,Arrest,2025-08-06,Ballari
5185,5957,8271,Arrest,2023-07-08,Mandya
5186,5957,8272,Surrender,2023-06-27,Mandya
5187,5959,8274,Arrest,2023-04-11,Bengaluru Rural
5188,5961,8276,Surrender,2024-09-06,Bengaluru City
5189,5961,8277,Arrest,2024-09-03,Bengaluru City
5190,5964,8279,Arrest,2025-06-07,Chikkamagaluru
5191,5964,8280,Arrest,2025-06-15,Chikkamagaluru
5192,5966,8282,Surrender,2025-08-30,Davanagere
5193,5967,8283,Arrest,2025-07-13,Davanagere
5194,5968,8284,Surrender,2025-05-06,Davanagere
5195,5968,8285,Arrest,2025-05-28,Davanagere
5196,5969,8286,Arrest,2025-11-06,Ballari
5197,5970,8288,Surrender,2026-06-12,Bengaluru City
5198,5970,8289,Arrest,2026-06-21,Bengaluru City
5199,5971,8291,Arrest,2026-07-18,Belagavi
5200,5972,8292,Arrest,2024-10-07,Hubballi-Dharwad
5201,5973,8293,Arrest,2025-10-15,Mysuru
5202,5974,8296,Arrest,2026-11-04,Belagavi
5203,5975,8297,Arrest,2025-10-12,Udupi
5204,5976,8298,Arrest,2023-03-23,Bengaluru City
5205,5977,8299,Arrest,2025-06-06,Hubballi-Dharwad
5206,5979,8302,Arrest,2026-06-23,Belagavi
5207,5981,8304,Arrest,2025-05-24,Davanagere
5208,5983,8306,Arrest,2023-08-02,Chitradurga
5209,5984,8307,Surrender,2026-10-07,Udupi
5210,5984,8309,Arrest,2026-10-10,Udupi
5211,5985,8310,Arrest,2025-02-25,Haveri
5212,5985,8312,Arrest,2025-03-02,Haveri
5213,5986,8313,Arrest,2022-07-11,Bidar
5214,5987,8314,Surrender,2025-01-30,Belagavi
5215,5989,8316,Arrest,2023-11-18,Bengaluru Rural
5216,5989,8317,Arrest,2023-11-05,Bengaluru Rural
5217,5989,8318,Surrender,2023-11-20,Bengaluru Rural
5218,5990,8319,Arrest,2024-06-27,Ramanagara
5219,5990,8320,Arrest,2024-07-30,Ramanagara
5220,5990,8321,Arrest,2024-07-10,Ramanagara
5221,5991,8322,Arrest,2025-10-22,Davanagere
5222,5992,8323,Arrest,2026-05-29,Bengaluru City
5223,5994,8325,Arrest,2024-06-08,Shivamogga
5224,5994,8326,Arrest,2024-05-06,Shivamogga
5225,5998,8329,Arrest,2026-05-11,Tumakuru
5226,5998,8330,Arrest,2026-05-16,Tumakuru
5227,6000,8333,Arrest,2023-01-27,Kolar
