CaseMasterID,CrimeNo,District,PoliceStationNo,CrimeRegisteredDate,Year,Month,CaseCategory,GravityOffence,CrimeHead,CrimeSubHead,CaseStatus,latitude,longitude
1,100140004202500001,Bidar,4,2025-02-16,2025,2,FIR,Non-Heinous,Crimes Against Property,Theft,Charge Sheeted,17.8424,77.46473
2,100030002202200002,Mysuru,2,2022-02-03,2022,2,FIR,Heinous,Crimes Against Body,Attempt to Murder,Closed,12.28989,76.614
3,100040002202600003,Mangaluru (Dakshina Kannada),2,2026-06-08,2026,6,FIR,Non-Heinous,Crimes Against Property,Robbery,False Case,12.96452,74.75236
4,100090003202400004,Tumakuru,3,2024-08-04,2024,8,PAR,Non-Heinous,Crimes Against Body,Grievous Hurt,Charge Sheeted,13.32457,77.02905
5,700040002202400005,Mangaluru (Dakshina Kannada),2,2024-07-15,2024,7,Zero FIR,Non-Heinous,Economic Offences,Cheating,Under Investigation,12.81362,74.82682
6,100210003202400006,Koppal,3,2024-03-26,2024,3,PAR,Non-Heinous,Crimes Against Property,Robbery,Under Investigation,15.27316,76.07812
7,100180002202300007,Mandya,2,2023-01-26,2023,1,FIR,Non-Heinous,Economic Offences,Cheating,Under Investigation,12.45778,76.84212
8,100020004202400008,Bengaluru Rural,4,2024-12-19,2024,12,FIR,Non-Heinous,Economic Offences,Cheating,Closed,13.25555,77.53434
9,400020004202300009,Bengaluru Rural,4,2023-09-12,2023,9,UDR,Non-Heinous,Narcotics,NDPS Trafficking,Closed,13.35695,77.51025
10,100080001202300010,Ballari,1,2023-01-27,2023,1,FIR,Non-Heinous,Economic Offences,Forgery,Charge Sheeted,15.15989,77.02512
11,100030002202200011,Mysuru,2,2022-01-14,2022,1,FIR,Non-Heinous,Crimes Against Property,Dacoity,False Case,12.25251,76.65839
12,100220004202200012,Yadgir,4,2022-02-19,2022,2,PAR,Non-Heinous,Economic Offences,Forgery,Closed,16.77802,77.14075
13,100020002202400013,Bengaluru Rural,2,2024-04-17,2024,4,FIR,Non-Heinous,Crimes Against Property,Robbery,Charge Sheeted,13.22143,77.53393
14,100230001202200014,Chamarajanagar,1,2022-03-18,2022,3,PAR,Non-Heinous,Cyber Crime,Cyberstalking,Under Investigation,11.85328,76.9145
15,100250003202200015,Ramanagara,3,2022-10-04,2022,10,FIR,Non-Heinous,Crimes Against Property,Robbery,Closed,12.73567,77.29526
16,100170004202500016,Kolar,4,2025-12-26,2025,12,PAR,Non-Heinous,Crimes Against Property,Burglary,Closed,13.16945,78.26946
17,100020001202600017,Bengaluru Rural,1,2026-10-19,2026,10,PAR,Non-Heinous,Economic Offences,Cheating,Closed,13.29289,77.59961
18,100130004202600018,Raichur,4,2026-01-08,2026,1,PAR,Non-Heinous,Crimes Against Body,Grievous Hurt,Closed,16.28726,77.34215
19,100130003202200019,Raichur,3,2022-03-24,2022,3,FIR,Non-Heinous,Crimes Against Body,Murder,Charge Sheeted,16.19625,77.36602
20,100020001202400020,Bengaluru Rural,1,2024-10-25,2024,10,FIR,Heinous,Crimes Against Body,Assault,Charge Sheeted,13.30458,77.55245
21,400110002202500021,Davanagere,2,2025-03-15,2025,3,UDR,Non-Heinous,Crimes Against Women,Dowry Harassment,Charge Sheeted,14.46478,76.07766
22,100180003202200022,Mandya,3,2022-06-23,2022,6,FIR,Heinous,Crimes Against Body,Attempt to Murder,Charge Sheeted,12.66942,76.92189
23,100030003202300023,Mysuru,3,2023-06-23,2023,6,PAR,Non-Heinous,Economic Offences,Criminal Breach of Trust,Under Investigation,12.26925,76.7267
24,700050003202400024,Belagavi,3,2024-12-16,2024,12,Zero FIR,Non-Heinous,Crimes Against Property,Theft,Closed,15.8345,74.48815
25,100230002202400025,Chamarajanagar,2,2024-08-09,2024,8,FIR,Non-Heinous,Economic Offences,Criminal Breach of Trust,Charge Sheeted,11.87027,76.94136
26,100040002202500026,Mangaluru (Dakshina Kannada),2,2025-01-20,2025,1,FIR,Non-Heinous,Crimes Against Women,Sexual Assault,Closed,12.84472,74.83837
27,400190002202400027,Hassan,2,2024-01-24,2024,1,UDR,Non-Heinous,Public Order,Rioting,Under Investigation,12.96824,76.0643
28,700230002202500028,Chamarajanagar,2,2025-05-22,2025,5,Zero FIR,Heinous,Crimes Against Women,Domestic Violence,Charge Sheeted,11.95187,76.91359
29,100050001202500029,Belagavi,1,2025-06-22,2025,6,FIR,Non-Heinous,Crimes Against Property,Burglary,Charge Sheeted,15.77345,74.39386
30,100080002202500030,Ballari,2,2025-11-10,2025,11,FIR,Non-Heinous,Cyber Crime,Phishing,Under Investigation,15.03706,76.82446
31,100050002202500031,Belagavi,2,2025-04-22,2025,4,PAR,Non-Heinous,Crimes Against Property,Burglary,Closed,15.81965,74.47158
32,100040004202200032,Mangaluru (Dakshina Kannada),4,2022-12-13,2022,12,FIR,Heinous,Crimes Against Body,Attempt to Murder,Under Investigation,12.85947,74.88951
33,100050004202400033,Belagavi,4,2024-07-22,2024,7,FIR,Non-Heinous,Crimes Against Property,Burglary,Charge Sheeted,15.93737,74.51466
34,700010003202200034,Bengaluru City,3,2022-09-17,2022,9,Zero FIR,Heinous,Crimes Against Women,Dowry Harassment,False Case,13.00258,77.5723
35,100170001202500035,Kolar,1,2025-04-20,2025,4,FIR,Heinous,Crimes Against Women,Sexual Assault,Closed,13.13982,78.05164
36,100110002202500036,Davanagere,2,2025-03-20,2025,3,FIR,Non-Heinous,Crimes Against Women,Domestic Violence,Under Investigation,14.52414,75.98535
37,100100003202400037,Shivamogga,3,2024-01-21,2024,1,FIR,Non-Heinous,Crimes Against Property,Theft,Undetected,13.90103,75.65437
38,100240004202400038,Kodagu,4,2024-05-14,2024,5,FIR,Non-Heinous,Cyber Crime,Cyberstalking,Under Investigation,12.29233,75.75324
39,100240002202400039,Kodagu,2,2024-11-10,2024,11,FIR,Non-Heinous,Crimes Against Women,Molestation,Charge Sheeted,12.39202,75.80877
40,100040001202300040,Mangaluru (Dakshina Kannada),1,2023-12-06,2023,12,FIR,Non-Heinous,Crimes Against Property,Burglary,Charge Sheeted,12.91788,74.74248
41,100050001202500041,Belagavi,1,2025-06-03,2025,6,FIR,Heinous,Crimes Against Women,Dowry Harassment,Under Investigation,15.80914,74.44596
42,700230003202300042,Chamarajanagar,3,2023-08-12,2023,8,Zero FIR,Non-Heinous,Cyber Crime,Online Fraud,False Case,11.95536,77.02741
43,100110004202300043,Davanagere,4,2023-02-24,2023,2,FIR,Non-Heinous,Crimes Against Body,Murder,Charge Sheeted,14.48176,75.90046
44,100190003202600044,Hassan,3,2026-10-06,2026,10,FIR,Non-Heinous,Crimes Against Property,Burglary,Undetected,12.99055,76.05797
45,100140001202400045,Bidar,1,2024-02-25,2024,2,FIR,Non-Heinous,Crimes Against Property,Robbery,Charge Sheeted,17.9382,77.42806
46,100290002202500046,Gadag,2,2025-06-05,2025,6,FIR,Heinous,Narcotics,NDPS Trafficking,Charge Sheeted,15.47701,75.63697
47,700140004202500047,Bidar,4,2025-04-01,2025,4,Zero FIR,Non-Heinous,Cyber Crime,Online Fraud,Under Investigation,17.91353,77.50347
48,100060004202600048,Kalaburagi,4,2026-01-10,2026,1,FIR,Non-Heinous,Narcotics,NDPS Trafficking,Charge Sheeted,17.33582,76.78856
49,700050004202300049,Belagavi,4,2023-03-10,2023,3,Zero FIR,Heinous,Crimes Against Body,Grievous Hurt,Under Investigation,15.78538,74.525
50,100130004202600050,Raichur,4,2026-06-18,2026,6,FIR,Non-Heinous,Crimes Against Body,Grievous Hurt,Closed,16.12371,77.25368
51,100300001202500051,Uttara Kannada,1,2025-02-03,2025,2,FIR,Non-Heinous,Crimes Against Property,Dacoity,Charge Sheeted,14.82518,74.63216
52,100090001202600052,Tumakuru,1,2026-01-16,2026,1,FIR,Heinous,Crimes Against Body,Attempt to Murder,Under Investigation,13.33809,77.07231
53,100040003202600053,Mangaluru (Dakshina Kannada),3,2026-03-14,2026,3,FIR,Non-Heinous,Crimes Against Property,Burglary,Under Investigation,12.95551,74.88439
54,100080001202400054,Ballari,1,2024-10-26,2024,10,FIR,Non-Heinous,Economic Offences,Criminal Breach of Trust,Closed,15.12412,76.83096
55,100110003202400055,Davanagere,3,2024-10-04,2024,10,FIR,Non-Heinous,Crimes Against Property,Burglary,Under Investigation,14.46376,75.83922
56,100160001202300056,Udupi,1,2023-03-12,2023,3,FIR,Non-Heinous,Crimes Against Property,Robbery,False Case,13.30045,74.69936
57,100190001202600057,Hassan,1,2026-09-15,2026,9,FIR,Non-Heinous,Crimes Against Property,Theft,Undetected,13.03987,76.06953
58,100020003202400058,Bengaluru Rural,3,2024-07-27,2024,7,FIR,Non-Heinous,Economic Offences,Cheating,Charge Sheeted,13.34729,77.55808
59,100050001202200059,Belagavi,1,2022-05-14,2022,5,FIR,Non-Heinous,Crimes Against Property,Dacoity,Closed,15.84277,74.44754
60,100110002202200060,Davanagere,2,2022-09-05,2022,9,FIR,Non-Heinous,Crimes Against Property,Theft,Closed,14.38482,75.92041
61,400230001202300061,Chamarajanagar,1,2023-12-26,2023,12,UDR,Non-Heinous,Crimes Against Property,Theft,Charge Sheeted,11.90853,76.79676
62,100050003202300062,Belagavi,3,2023-09-24,2023,9,FIR,Non-Heinous,Crimes Against Property,Robbery,Under Investigation,15.84837,74.40393
63,700260001202400063,Chikkaballapur,1,2024-03-22,2024,3,Zero FIR,Non-Heinous,Crimes Against Women,Domestic Violence,Charge Sheeted,13.46144,77.6999
64,100050001202300064,Belagavi,1,2023-07-08,2023,7,FIR,Non-Heinous,Economic Offences,Cheating,False Case,15.87399,74.40138
65,100090001202400065,Tumakuru,1,2024-12-08,2024,12,FIR,Non-Heinous,Crimes Against Property,Theft,Closed,13.28295,77.07699
66,700040003202200066,Mangaluru (Dakshina Kannada),3,2022-12-26,2022,12,Zero FIR,Non-Heinous,Crimes Against Body,Murder,Closed,12.94489,74.83087
67,100190003202500067,Hassan,3,2025-05-17,2025,5,FIR,Heinous,Crimes Against Women,Domestic Violence,Closed,13.05063,76.08624
68,100090003202400068,Tumakuru,3,2024-12-12,2024,12,FIR,Non-Heinous,Crimes Against Property,Robbery,Under Investigation,13.42889,77.09891
69,100150003202600069,Chikkamagaluru,3,2026-09-11,2026,9,FIR,Non-Heinous,Crimes Against Women,Sexual Assault,Under Investigation,13.32267,75.8395
70,100050002202500070,Belagavi,2,2025-03-24,2025,3,FIR,Non-Heinous,Crimes Against Body,Grievous Hurt,Under Investigation,15.81272,74.49634
71,100080002202600071,Ballari,2,2026-04-10,2026,4,FIR,Heinous,Crimes Against Body,Murder,Closed,15.25925,76.92934
72,700090002202500072,Tumakuru,2,2025-01-24,2025,1,Zero FIR,Non-Heinous,Economic Offences,Criminal Breach of Trust,Closed,13.40981,77.10708
73,100200004202600073,Chitradurga,4,2026-10-27,2026,10,FIR,Non-Heinous,Crimes Against Property,Dacoity,Under Investigation,14.2154,76.29166
74,100160004202300074,Udupi,4,2023-09-05,2023,9,FIR,Non-Heinous,Economic Offences,Cheating,Closed,13.28449,74.70401
75,100010001202300075,Bengaluru City,1,2023-11-15,2023,11,FIR,Non-Heinous,Crimes Against Property,Theft,Charge Sheeted,12.9125,77.56727
76,400020003202400076,Bengaluru Rural,3,2024-02-06,2024,2,UDR,Non-Heinous,Crimes Against Property,Burglary,False Case,13.30189,77.53886
77,700020003202500077,Bengaluru Rural,3,2025-06-22,2025,6,Zero FIR,Non-Heinous,Economic Offences,Forgery,Under Investigation,13.34927,77.48081
78,100190004202300078,Hassan,4,2023-06-04,2023,6,FIR,Heinous,Crimes Against Women,Dowry Harassment,Closed,13.08227,76.13468
79,700070004202600079,Hubballi-Dharwad,4,2026-02-14,2026,2,Zero FIR,Non-Heinous,Crimes Against Property,Robbery,Under Investigation,15.35105,75.0271
80,100050001202600080,Belagavi,1,2026-01-23,2026,1,FIR,Heinous,Narcotics,NDPS Trafficking,False Case,15.81779,74.42276
81,100140001202600081,Bidar,1,2026-12-15,2026,12,FIR,Non-Heinous,Crimes Against Women,Molestation,Closed,17.94886,77.51311
82,700020004202200082,Bengaluru Rural,4,2022-07-23,2022,7,Zero FIR,Non-Heinous,Crimes Against Women,Sexual Assault,Charge Sheeted,13.25361,77.60888
83,100050002202500083,Belagavi,2,2025-09-24,2025,9,FIR,Non-Heinous,Cyber Crime,Online Fraud,Closed,15.81256,74.45832
84,100020004202400084,Bengaluru Rural,4,2024-01-12,2024,1,FIR,Non-Heinous,Crimes Against Property,Theft,Under Investigation,13.25752,77.55832
85,100030004202200085,Mysuru,4,2022-08-01,2022,8,FIR,Non-Heinous,Cyber Crime,Phishing,Charge Sheeted,12.26199,76.61282
86,100090002202600086,Tumakuru,2,2026-02-10,2026,2,FIR,Non-Heinous,Crimes Against Property,Robbery,Under Investigation,13.31017,77.15716
87,100290003202600087,Gadag,3,2026-12-26,2026,12,FIR,Non-Heinous,Crimes Against Property,Robbery,Charge Sheeted,15.44418,75.61418
88,100110002202200088,Davanagere,2,2022-10-04,2022,10,FIR,Heinous,Crimes Against Women,Sexual Assault,Charge Sheeted,14.45428,75.98442
89,100010004202300089,Bengaluru City,4,2023-08-25,2023,8,FIR,Non-Heinous,Crimes Against Body,Murder,Charge Sheeted,12.8619,77.63839
90,100140001202500090,Bidar,1,2025-08-21,2025,8,FIR,Non-Heinous,Crimes Against Body,Grievous Hurt,Under Investigation,17.8755,77.42684
91,100280003202500091,Haveri,3,2025-01-02,2025,1,FIR,Non-Heinous,Crimes Against Women,Sexual Assault,Under Investigation,14.70563,75.33878
92,100050003202300092,Belagavi,3,2023-05-06,2023,5,FIR,Non-Heinous,Cyber Crime,Phishing,False Case,15.77998,74.45706
93,100050004202600093,Belagavi,4,2026-04-09,2026,4,FIR,Non-Heinous,Crimes Against Property,Dacoity,Under Investigation,15.85956,74.45927
94,100040001202200094,Mangaluru (Dakshina Kannada),1,2022-07-09,2022,7,FIR,Heinous,Crimes Against Women,Sexual Assault,Charge Sheeted,12.92434,74.82237
95,100260004202200095,Chikkaballapur,4,2022-10-07,2022,10,FIR,Non-Heinous,Crimes Against Property,Dacoity,Undetected,13.56795,77.70438
96,100050002202600096,Belagavi,2,2026-03-01,2026,3,FIR,Non-Heinous,Crimes Against Property,Dacoity,Undetected,15.84909,74.59311
97,700070003202600097,Hubballi-Dharwad,3,2026-06-27,2026,6,Zero FIR,Non-Heinous,Crimes Against Property,Dacoity,Charge Sheeted,15.39861,74.96789
98,100030003202500098,Mysuru,3,2025-09-14,2025,9,FIR,Non-Heinous,Crimes Against Property,Burglary,Charge Sheeted,12.23614,76.67903
99,100210004202600099,Koppal,4,2026-02-05,2026,2,FIR,Non-Heinous,Cyber Crime,Cyberstalking,Under Investigation,15.36948,76.13626
100,100190002202600100,Hassan,2,2026-03-02,2026,3,FIR,Non-Heinous,Crimes Against Women,Sexual Assault,False Case,13.01381,76.15163
101,100040002202400101,Mangaluru (Dakshina Kannada),2,2024-02-18,2024,2,FIR,Non-Heinous,Crimes Against Property,Dacoity,False Case,12.92055,74.86891
102,400070004202600102,Hubballi-Dharwad,4,2026-07-19,2026,7,UDR,Non-Heinous,Cyber Crime,Identity Theft,Under Investigation,15.37964,75.17478
103,100240003202300103,Kodagu,3,2023-04-09,2023,4,FIR,Non-Heinous,Crimes Against Property,Robbery,Under Investigation,12.37225,75.88497
104,100080001202400104,Ballari,1,2024-04-06,2024,4,FIR,Non-Heinous,Cyber Crime,Identity Theft,Under Investigation,15.26667,76.93547
105,100030003202300105,Mysuru,3,2023-05-09,2023,5,FIR,Non-Heinous,Crimes Against Property,Robbery,Charge Sheeted,12.33209,76.70425
106,100080004202200106,Ballari,4,2022-06-16,2022,6,FIR,Non-Heinous,Crimes Against Women,Sexual Assault,Closed,15.14456,76.87376
107,100190001202300107,Hassan,1,2023-04-08,2023,4,FIR,Heinous,Crimes Against Women,Dowry Harassment,Under Investigation,12.96122,76.09922
108,100070001202500108,Hubballi-Dharwad,1,2025-08-25,2025,8,FIR,Non-Heinous,Crimes Against Property,Theft,Charge Sheeted,15.40121,75.11114
109,400030003202300109,Mysuru,3,2023-02-16,2023,2,UDR,Non-Heinous,Crimes Against Property,Robbery,Under Investigation,12.31758,76.68125
110,700010004202600110,Bengaluru City,4,2026-09-23,2026,9,Zero FIR,Heinous,Crimes Against Body,Murder,Charge Sheeted,12.94201,77.71072
111,100050004202500111,Belagavi,4,2025-04-13,2025,4,FIR,Non-Heinous,Crimes Against Property,Burglary,Under Investigation,15.9379,74.50787
112,100290004202200112,Gadag,4,2022-11-03,2022,11,FIR,Heinous,Crimes Against Women,Molestation,Charge Sheeted,15.37281,75.61912
113,100210001202300113,Koppal,1,2023-07-16,2023,7,FIR,Non-Heinous,Narcotics,NDPS Possession,Charge Sheeted,15.49861,76.24361
114,100220003202500114,Yadgir,3,2025-11-16,2025,11,FIR,Non-Heinous,Narcotics,NDPS Trafficking,Charge Sheeted,16.64455,77.17996
115,100140004202500115,Bidar,4,2025-03-18,2025,3,FIR,Heinous,Crimes Against Women,Dowry Harassment,Under Investigation,17.76807,77.48776
116,100100004202400116,Shivamogga,4,2024-04-02,2024,4,PAR,Non-Heinous,Crimes Against Property,Theft,Charge Sheeted,13.83857,75.62975
117,100100003202500117,Shivamogga,3,2025-08-06,2025,8,FIR,Non-Heinous,Crimes Against Body,Attempt to Murder,False Case,13.90571,75.60057
118,100020003202300118,Bengaluru Rural,3,2023-04-27,2023,4,FIR,Non-Heinous,Crimes Against Body,Attempt to Murder,False Case,13.25861,77.57366
119,100050001202300119,Belagavi,1,2023-02-15,2023,2,FIR,Heinous,Crimes Against Body,Assault,Charge Sheeted,15.84237,74.36615
120,100180003202500120,Mandya,3,2025-09-17,2025,9,FIR,Non-Heinous,Crimes Against Body,Murder,Under Investigation,12.52486,76.98196
121,100030003202400121,Mysuru,3,2024-05-24,2024,5,FIR,Non-Heinous,Economic Offences,Forgery,Under Investigation,12.24388,76.54208
122,700010003202300122,Bengaluru City,3,2023-06-17,2023,6,Zero FIR,Non-Heinous,Crimes Against Property,Robbery,Closed,12.99494,77.5718
123,700110003202400123,Davanagere,3,2024-01-08,2024,1,Zero FIR,Non-Heinous,Crimes Against Property,Theft,Closed,14.41545,75.86397
124,100210004202500124,Koppal,4,2025-07-02,2025,7,FIR,Non-Heinous,Crimes Against Property,Theft,Charge Sheeted,15.42097,76.17201
125,100020001202500125,Bengaluru Rural,1,2025-05-13,2025,5,FIR,Non-Heinous,Crimes Against Property,Burglary,Charge Sheeted,13.34042,77.50773
126,100060004202600126,Kalaburagi,4,2026-12-14,2026,12,FIR,Heinous,Crimes Against Body,Assault,False Case,17.29459,76.86962
127,100040003202300127,Mangaluru (Dakshina Kannada),3,2023-12-01,2023,12,PAR,Non-Heinous,Crimes Against Property,Burglary,Under Investigation,12.85707,74.8452
128,100010002202300128,Bengaluru City,2,2023-11-01,2023,11,FIR,Non-Heinous,Crimes Against Property,Robbery,Charge Sheeted,13.06555,77.62512
129,100230003202200129,Chamarajanagar,3,2022-03-11,2022,3,FIR,Non-Heinous,Economic Offences,Criminal Breach of Trust,Charge Sheeted,11.94719,76.89388
130,100100003202300130,Shivamogga,3,2023-05-13,2023,5,FIR,Heinous,Crimes Against Body,Murder,Closed,13.89478,75.54586
131,100050002202500131,Belagavi,2,2025-10-05,2025,10,FIR,Non-Heinous,Economic Offences,Cheating,Under Investigation,15.75256,74.50453
132,100280003202500132,Haveri,3,2025-01-07,2025,1,FIR,Non-Heinous,Economic Offences,Criminal Breach of Trust,Charge Sheeted,14.83979,75.46246
133,100070003202400133,Hubballi-Dharwad,3,2024-10-07,2024,10,FIR,Non-Heinous,Crimes Against Property,Robbery,Closed,15.36131,75.0894
134,100010002202500134,Bengaluru City,2,2025-11-13,2025,11,FIR,Heinous,Crimes Against Body,Murder,Charge Sheeted,12.97203,77.56248
135,100020003202200135,Bengaluru Rural,3,2022-07-24,2022,7,PAR,Heinous,Crimes Against Women,Dowry Harassment,Undetected,13.34283,77.49426
136,100020004202600136,Bengaluru Rural,4,2026-06-11,2026,6,PAR,Non-Heinous,Crimes Against Body,Assault,Closed,13.24735,77.60117
137,700120003202400137,Vijayapura,3,2024-09-14,2024,9,Zero FIR,Non-Heinous,Crimes Against Body,Assault,Charge Sheeted,16.78955,75.64558
138,700210001202600138,Koppal,1,2026-04-26,2026,4,Zero FIR,Non-Heinous,Cyber Crime,Online Fraud,Charge Sheeted,15.29765,76.1801
139,100090001202500139,Tumakuru,1,2025-04-04,2025,4,FIR,Non-Heinous,Economic Offences,Criminal Breach of Trust,Closed,13.33783,76.9832
140,100130004202600140,Raichur,4,2026-12-23,2026,12,FIR,Non-Heinous,Crimes Against Women,Dowry Harassment,Under Investigation,16.27829,77.40968
141,100190001202300141,Hassan,1,2023-04-25,2023,4,FIR,Non-Heinous,Crimes Against Property,Robbery,Undetected,13.05119,76.08483
142,400050002202300142,Belagavi,2,2023-02-23,2023,2,UDR,Heinous,Crimes Against Women,Dowry Harassment,Under Investigation,15.7537,74.58229
143,700190002202400143,Hassan,2,2024-05-21,2024,5,Zero FIR,Heinous,Crimes Against Women,Molestation,False Case,12.99416,76.11806
144,100040003202600144,Mangaluru (Dakshina Kannada),3,2026-04-11,2026,4,FIR,Heinous,Crimes Against Body,Attempt to Murder,Under Investigation,12.95536,74.97397
145,700190003202600145,Hassan,3,2026-12-26,2026,12,Zero FIR,Non-Heinous,Crimes Against Property,Robbery,False Case,12.97402,75.97982
146,100140004202500146,Bidar,4,2025-10-20,2025,10,FIR,Heinous,Crimes Against Body,Murder,Closed,17.90608,77.59548
147,100030004202300147,Mysuru,4,2023-06-07,2023,6,FIR,Non-Heinous,Crimes Against Women,Dowry Harassment,Under Investigation,12.27685,76.71011
148,100160002202600148,Udupi,2,2026-08-10,2026,8,FIR,Heinous,Crimes Against Women,Molestation,Charge Sheeted,13.35467,74.71076
149,100160002202600149,Udupi,2,2026-12-10,2026,12,FIR,Non-Heinous,Economic Offences,Forgery,Charge Sheeted,13.3864,74.75001
150,100010003202500150,Bengaluru City,3,2025-03-06,2025,3,FIR,Non-Heinous,Crimes Against Property,Burglary,Under Investigation,13.005,77.59204
151,100200001202500151,Chitradurga,1,2025-09-24,2025,9,FIR,Non-Heinous,Crimes Against Property,Robbery,Charge Sheeted,14.25194,76.44864
152,100020004202600152,Bengaluru Rural,4,2026-03-08,2026,3,FIR,Non-Heinous,Economic Offences,Cheating,False Case,13.2133,77.61785
153,100010001202600153,Bengaluru City,1,2026-02-03,2026,2,FIR,Non-Heinous,Crimes Against Body,Grievous Hurt,Under Investigation,12.88988,77.50928
154,100160002202500154,Udupi,2,2025-06-05,2025,6,FIR,Non-Heinous,Crimes Against Women,Domestic Violence,Under Investigation,13.36013,74.80335
155,100090002202400155,Tumakuru,2,2024-07-10,2024,7,FIR,Non-Heinous,Crimes Against Property,Dacoity,Undetected,13.28303,77.11354
156,100130004202200156,Raichur,4,2022-02-26,2022,2,FIR,Heinous,Crimes Against Women,Dowry Harassment,Closed,16.15644,77.36187
157,700040001202200157,Mangaluru (Dakshina Kannada),1,2022-01-07,2022,1,Zero FIR,Heinous,Crimes Against Women,Molestation,Charge Sheeted,12.88467,74.87971
158,100110002202400158,Davanagere,2,2024-05-05,2024,5,FIR,Non-Heinous,Crimes Against Property,Theft,Charge Sheeted,14.5288,75.89743
159,100030001202400159,Mysuru,1,2024-09-12,2024,9,PAR,Non-Heinous,Crimes Against Property,Dacoity,Under Investigation,12.32676,76.66848
160,700160002202500160,Udupi,2,2025-11-02,2025,11,Zero FIR,Non-Heinous,Economic Offences,Criminal Breach of Trust,Closed,13.34204,74.74002
161,100190003202200161,Hassan,3,2022-01-23,2022,1,FIR,Heinous,Crimes Against Women,Molestation,Charge Sheeted,13.0098,76.12772
162,100050003202500162,Belagavi,3,2025-05-08,2025,5,FIR,Non-Heinous,Economic Offences,Cheating,Under Investigation,15.81321,74.53521
163,100010004202300163,Bengaluru City,4,2023-09-21,2023,9,FIR,Non-Heinous,Crimes Against Property,Robbery,Undetected,12.90877,77.62963
164,400220003202600164,Yadgir,3,2026-06-08,2026,6,UDR,Non-Heinous,Crimes Against Property,Burglary,Charge Sheeted,16.80478,77.23787
165,100190001202400165,Hassan,1,2024-09-25,2024,9,FIR,Non-Heinous,Crimes Against Women,Molestation,Charge Sheeted,13.17477,76.12502
166,100100002202600166,Shivamogga,2,2026-07-17,2026,7,FIR,Heinous,Crimes Against Women,Sexual Assault,False Case,13.98862,75.5358
167,700040001202400167,Mangaluru (Dakshina Kannada),1,2024-07-12,2024,7,Zero FIR,Non-Heinous,Public Order,Rioting,False Case,12.97028,74.76328
168,400240002202300168,Kodagu,2,2023-07-09,2023,7,UDR,Non-Heinous,Economic Offences,Cheating,Under Investigation,12.34287,75.79266
169,400020001202600169,Bengaluru Rural,1,2026-08-22,2026,8,UDR,Non-Heinous,Economic Offences,Forgery,Charge Sheeted,13.27373,77.58086
170,100240003202600170,Kodagu,3,2026-06-19,2026,6,FIR,Non-Heinous,Crimes Against Body,Murder,Under Investigation,12.31876,75.71176
171,400020002202400171,Bengaluru Rural,2,2024-05-14,2024,5,UDR,Non-Heinous,Crimes Against Property,Robbery,Closed,13.30572,77.54476
172,400220001202300172,Yadgir,1,2023-01-14,2023,1,UDR,Non-Heinous,Crimes Against Property,Robbery,Under Investigation,16.80526,77.1444
173,100010002202300173,Bengaluru City,2,2023-11-25,2023,11,FIR,Non-Heinous,Crimes Against Property,Robbery,Under Investigation,12.9679,77.61314
174,100040003202200174,Mangaluru (Dakshina Kannada),3,2022-01-20,2022,1,FIR,Non-Heinous,Crimes Against Property,Burglary,Under Investigation,12.83073,74.94349
175,100010003202200175,Bengaluru City,3,2022-01-12,2022,1,FIR,Heinous,Crimes Against Women,Domestic Violence,Under Investigation,12.9913,77.55695
176,700210004202600176,Koppal,4,2026-06-16,2026,6,Zero FIR,Non-Heinous,Cyber Crime,Cyberstalking,Charge Sheeted,15.43209,76.13122
177,100040003202600177,Mangaluru (Dakshina Kannada),3,2026-09-16,2026,9,FIR,Non-Heinous,Crimes Against Body,Grievous Hurt,Charge Sheeted,12.81004,74.86421
178,100160001202600178,Udupi,1,2026-08-10,2026,8,FIR,Non-Heinous,Cyber Crime,Cyberstalking,Undetected,13.26156,74.81907
179,100020003202400179,Bengaluru Rural,3,2024-08-19,2024,8,FIR,Non-Heinous,Crimes Against Body,Attempt to Murder,Closed,13.31283,77.59409
180,100130004202600180,Raichur,4,2026-04-22,2026,4,FIR,Heinous,Crimes Against Women,Domestic Violence,Charge Sheeted,16.16345,77.38838
181,100050001202600181,Belagavi,1,2026-08-17,2026,8,FIR,Non-Heinous,Crimes Against Property,Robbery,Under Investigation,15.92766,74.48078
182,100060003202500182,Kalaburagi,3,2025-05-11,2025,5,FIR,Non-Heinous,Crimes Against Property,Robbery,Charge Sheeted,17.35492,76.86707
183,100020004202200183,Bengaluru Rural,4,2022-03-18,2022,3,FIR,Heinous,Crimes Against Body,Murder,Closed,13.26211,77.59733
184,700220004202500184,Yadgir,4,2025-02-03,2025,2,Zero FIR,Non-Heinous,Crimes Against Women,Domestic Violence,Closed,16.74418,77.19513
185,700250001202300185,Ramanagara,1,2023-05-07,2023,5,Zero FIR,Non-Heinous,Economic Offences,Cheating,Charge Sheeted,12.63874,77.27592
186,700030001202500186,Mysuru,1,2025-03-06,2025,3,Zero FIR,Heinous,Crimes Against Body,Grievous Hurt,Charge Sheeted,12.22292,76.68225
187,100020001202500187,Bengaluru Rural,1,2025-12-16,2025,12,FIR,Non-Heinous,Crimes Against Body,Assault,Closed,13.26887,77.51045
188,100300004202600188,Uttara Kannada,4,2026-07-12,2026,7,FIR,Non-Heinous,Crimes Against Property,Burglary,Under Investigation,14.69831,74.63513
189,100020004202500189,Bengaluru Rural,4,2025-04-08,2025,4,FIR,Non-Heinous,Crimes Against Body,Assault,Under Investigation,13.332,77.46869
190,100050004202600190,Belagavi,4,2026-05-02,2026,5,FIR,Non-Heinous,Crimes Against Property,Robbery,Undetected,15.99273,74.49373
191,700170002202600191,Kolar,2,2026-03-19,2026,3,Zero FIR,Non-Heinous,Economic Offences,Criminal Breach of Trust,Under Investigation,13.12183,78.08155
192,100070002202500192,Hubballi-Dharwad,2,2025-01-02,2025,1,FIR,Non-Heinous,Crimes Against Property,Theft,Closed,15.31022,75.14101
193,100120003202500193,Vijayapura,3,2025-04-14,2025,4,FIR,Non-Heinous,Crimes Against Property,Robbery,Under Investigation,16.8519,75.72539
194,100090003202600194,Tumakuru,3,2026-04-08,2026,4,FIR,Non-Heinous,Crimes Against Property,Dacoity,Undetected,13.32776,77.12908
195,100240003202500195,Kodagu,3,2025-10-02,2025,10,FIR,Non-Heinous,Crimes Against Women,Domestic Violence,False Case,12.27974,75.79794
196,100070003202300196,Hubballi-Dharwad,3,2023-06-09,2023,6,FIR,Non-Heinous,Crimes Against Property,Robbery,False Case,15.42851,75.08488
197,100160003202600197,Udupi,3,2026-06-20,2026,6,PAR,Non-Heinous,Crimes Against Women,Molestation,False Case,13.40247,74.74091
198,100040001202500198,Mangaluru (Dakshina Kannada),1,2025-07-03,2025,7,FIR,Non-Heinous,Crimes Against Body,Assault,Under Investigation,12.99069,74.94413
199,100110003202300199,Davanagere,3,2023-02-10,2023,2,FIR,Non-Heinous,Public Order,Rioting,Under Investigation,14.525,75.90354
200,700010003202500200,Bengaluru City,3,2025-05-21,2025,5,Zero FIR,Non-Heinous,Crimes Against Property,Theft,Charge Sheeted,12.94876,77.6798
201,100050004202300201,Belagavi,4,2023-02-06,2023,2,FIR,Non-Heinous,Crimes Against Body,Assault,Undetected,15.76897,74.48417
202,100100004202400202,Shivamogga,4,2024-04-15,2024,4,FIR,Non-Heinous,Cyber Crime,Cyberstalking,Closed,13.86565,75.53745
203,100240003202300203,Kodagu,3,2023-02-27,2023,2,FIR,Non-Heinous,Public Order,Unlawful Assembly,Under Investigation,12.2773,75.88355
204,100050004202200204,Belagavi,4,2022-12-11,2022,12,FIR,Non-Heinous,Crimes Against Property,Dacoity,Charge Sheeted,15.88293,74.48972
205,100250004202200205,Ramanagara,4,2022-08-26,2022,8,FIR,Non-Heinous,Economic Offences,Criminal Breach of Trust,Under Investigation,12.71698,77.31965
206,100240003202500206,Kodagu,3,2025-01-16,2025,1,FIR,Non-Heinous,Crimes Against Body,Grievous Hurt,Closed,12.29007,75.86576
207,100020001202400207,Bengaluru Rural,1,2024-10-16,2024,10,FIR,Non-Heinous,Crimes Against Property,Burglary,Charge Sheeted,13.21964,77.57768
208,100230001202600208,Chamarajanagar,1,2026-07-09,2026,7,FIR,Non-Heinous,Crimes Against Women,Dowry Harassment,Charge Sheeted,11.82917,76.89366
209,100050004202600209,Belagavi,4,2026-10-05,2026,10,FIR,Non-Heinous,Cyber Crime,Online Fraud,Under Investigation,15.87193,74.51246
210,400030003202200210,Mysuru,3,2022-02-07,2022,2,UDR,Non-Heinous,Economic Offences,Cheating,Charge Sheeted,12.22429,76.73111
211,700020001202400211,Bengaluru Rural,1,2024-07-14,2024,7,Zero FIR,Non-Heinous,Crimes Against Women,Dowry Harassment,Closed,13.31575,77.54202
212,700030001202300212,Mysuru,1,2023-12-10,2023,12,Zero FIR,Non-Heinous,Public Order,Unlawful Assembly,Under Investigation,12.28757,76.68357
213,100040002202600213,Mangaluru (Dakshina Kannada),2,2026-10-09,2026,10,FIR,Non-Heinous,Crimes Against Body,Assault,False Case,12.81636,74.95182
214,100080004202200214,Ballari,4,2022-08-22,2022,8,FIR,Non-Heinous,Crimes Against Body,Attempt to Murder,Charge Sheeted,15.13607,76.81954
215,100230001202500215,Chamarajanagar,1,2025-10-02,2025,10,FIR,Non-Heinous,Crimes Against Women,Sexual Assault,Under Investigation,11.91228,76.85595
216,100280003202300216,Haveri,3,2023-04-13,2023,4,FIR,Non-Heinous,Crimes Against Body,Attempt to Murder,Under Investigation,14.74748,75.38959
217,400030003202600217,Mysuru,3,2026-11-23,2026,11,UDR,Non-Heinous,Crimes Against Body,Grievous Hurt,Undetected,12.31916,76.65234
218,100240004202300218,Kodagu,4,2023-11-14,2023,11,PAR,Heinous,Crimes Against Body,Murder,Under Investigation,12.35691,75.72452
219,100020004202500219,Bengaluru Rural,4,2025-04-18,2025,4,FIR,Non-Heinous,Crimes Against Body,Grievous Hurt,Under Investigation,13.22123,77.5731
220,100030001202300220,Mysuru,1,2023-09-04,2023,9,FIR,Non-Heinous,Crimes Against Property,Burglary,Undetected,12.33723,76.70287
221,100210002202200221,Koppal,2,2022-09-04,2022,9,FIR,Non-Heinous,Economic Offences,Forgery,Charge Sheeted,15.30539,76.1763
222,100040003202300222,Mangaluru (Dakshina Kannada),3,2023-02-27,2023,2,FIR,Non-Heinous,Crimes Against Property,Theft,Under Investigation,12.92483,74.89453
223,100190001202600223,Hassan,1,2026-07-21,2026,7,FIR,Non-Heinous,Crimes Against Property,Burglary,Under Investigation,13.0203,76.08494
224,100040001202500224,Mangaluru (Dakshina Kannada),1,2025-10-02,2025,10,FIR,Non-Heinous,Crimes Against Property,Dacoity,Charge Sheeted,12.88105,74.95553
225,100080003202500225,Ballari,3,2025-01-25,2025,1,FIR,Non-Heinous,Crimes Against Body,Murder,Undetected,15.11109,76.88507
226,100250002202400226,Ramanagara,2,2024-02-12,2024,2,FIR,Non-Heinous,Crimes Against Women,Dowry Harassment,Closed,12.71667,77.22914
227,100250002202500227,Ramanagara,2,2025-05-27,2025,5,FIR,Non-Heinous,Cyber Crime,Identity Theft,Closed,12.73079,77.29773
228,100070001202500228,Hubballi-Dharwad,1,2025-06-12,2025,6,FIR,Non-Heinous,Crimes Against Women,Dowry Harassment,Charge Sheeted,15.42945,75.12448
229,100030001202400229,Mysuru,1,2024-11-22,2024,11,FIR,Non-Heinous,Crimes Against Property,Robbery,Closed,12.27432,76.65664
230,100020003202600230,Bengaluru Rural,3,2026-01-06,2026,1,FIR,Non-Heinous,Crimes Against Body,Assault,Charge Sheeted,13.26836,77.54728
231,100120002202500231,Vijayapura,2,2025-09-22,2025,9,FIR,Heinous,Crimes Against Women,Molestation,Charge Sheeted,16.90254,75.73208
232,100030001202600232,Mysuru,1,2026-02-20,2026,2,FIR,Heinous,Crimes Against Body,Assault,Under Investigation,12.29003,76.70788
233,100200003202300233,Chitradurga,3,2023-08-18,2023,8,FIR,Non-Heinous,Crimes Against Property,Dacoity,Under Investigation,14.14691,76.37024
234,100040003202300234,Mangaluru (Dakshina Kannada),3,2023-03-15,2023,3,FIR,Non-Heinous,Crimes Against Property,Robbery,Under Investigation,12.85393,74.76383
235,100020002202400235,Bengaluru Rural,2,2024-09-24,2024,9,FIR,Non-Heinous,Crimes Against Property,Burglary,Closed,13.2712,77.45824
236,100020003202200236,Bengaluru Rural,3,2022-11-08,2022,11,FIR,Non-Heinous,Crimes Against Property,Robbery,Under Investigation,13.34082,77.5887
237,100060002202300237,Kalaburagi,2,2023-08-15,2023,8,FIR,Non-Heinous,Crimes Against Body,Grievous Hurt,Charge Sheeted,17.34819,76.80756
238,700010001202500238,Bengaluru City,1,2025-04-17,2025,4,Zero FIR,Non-Heinous,Crimes Against Body,Assault,Under Investigation,13.02128,77.60583
239,100040001202500239,Mangaluru (Dakshina Kannada),1,2025-09-15,2025,9,FIR,Heinous,Crimes Against Body,Murder,Under Investigation,12.90443,74.96936
240,100030004202400240,Mysuru,4,2024-06-05,2024,6,FIR,Heinous,Crimes Against Body,Grievous Hurt,Under Investigation,12.25682,76.64695
241,100110003202500241,Davanagere,3,2025-11-18,2025,11,FIR,Heinous,Crimes Against Women,Sexual Assault,Charge Sheeted,14.37807,75.94697
242,100020003202600242,Bengaluru Rural,3,2026-10-22,2026,10,FIR,Heinous,Crimes Against Body,Attempt to Murder,Charge Sheeted,13.2428,77.57971
243,100110004202400243,Davanagere,4,2024-03-07,2024,3,FIR,Non-Heinous,Economic Offences,Cheating,False Case,14.45419,75.97128
244,100290003202600244,Gadag,3,2026-04-24,2026,4,FIR,Non-Heinous,Crimes Against Women,Molestation,Under Investigation,15.37044,75.56674
245,100140004202400245,Bidar,4,2024-07-07,2024,7,FIR,Non-Heinous,Crimes Against Body,Murder,False Case,17.78325,77.57335
246,100020002202400246,Bengaluru Rural,2,2024-01-04,2024,1,FIR,Non-Heinous,Economic Offences,Cheating,Charge Sheeted,13.31515,77.53883
247,100030002202300247,Mysuru,2,2023-01-01,2023,1,FIR,Non-Heinous,Crimes Against Property,Burglary,Closed,12.34352,76.73819
248,400030002202200248,Mysuru,2,2022-07-03,2022,7,UDR,Non-Heinous,Crimes Against Body,Attempt to Murder,False Case,12.21377,76.60703
249,700230004202600249,Chamarajanagar,4,2026-04-13,2026,4,Zero FIR,Non-Heinous,Economic Offences,Criminal Breach of Trust,Charge Sheeted,11.9264,77.02686
250,100150001202600250,Chikkamagaluru,1,2026-12-16,2026,12,FIR,Non-Heinous,Crimes Against Property,Theft,Charge Sheeted,13.27614,75.73186
251,100140004202400251,Bidar,4,2024-02-11,2024,2,FIR,Non-Heinous,Crimes Against Property,Dacoity,Under Investigation,17.84009,77.4839
252,100220004202300252,Yadgir,4,2023-11-10,2023,11,FIR,Heinous,Crimes Against Women,Sexual Assault,Closed,16.78572,77.19825
253,100070001202600253,Hubballi-Dharwad,1,2026-01-23,2026,1,FIR,Non-Heinous,Public Order,Rioting,Charge Sheeted,15.31214,75.11818
254,100190001202200254,Hassan,1,2022-03-06,2022,3,FIR,Non-Heinous,Crimes Against Women,Sexual Assault,Charge Sheeted,12.96071,76.15485
255,100040001202600255,Mangaluru (Dakshina Kannada),1,2026-11-08,2026,11,FIR,Non-Heinous,Crimes Against Body,Attempt to Murder,Under Investigation,12.93444,75.00165
256,100220003202600256,Yadgir,3,2026-12-01,2026,12,FIR,Non-Heinous,Crimes Against Property,Dacoity,Closed,16.80498,77.07865
257,100270003202300257,Bagalkot,3,2023-03-23,2023,3,FIR,Non-Heinous,Crimes Against Property,Robbery,Charge Sheeted,16.12024,75.69519
258,100180003202200258,Mandya,3,2022-04-22,2022,4,FIR,Non-Heinous,Crimes Against Women,Domestic Violence,Under Investigation,12.61024,76.92605
259,100050004202600259,Belagavi,4,2026-04-25,2026,4,FIR,Non-Heinous,Crimes Against Property,Theft,Under Investigation,15.96938,74.4647
260,100230003202400260,Chamarajanagar,3,2024-01-05,2024,1,FIR,Non-Heinous,Crimes Against Women,Sexual Assault,Charge Sheeted,11.99236,76.87049
261,100050004202600261,Belagavi,4,2026-04-04,2026,4,FIR,Non-Heinous,Narcotics,NDPS Trafficking,Charge Sheeted,15.89359,74.41829
262,100110002202300262,Davanagere,2,2023-08-20,2023,8,FIR,Heinous,Crimes Against Women,Domestic Violence,Charge Sheeted,14.39243,75.9111
263,100020003202600263,Bengaluru Rural,3,2026-04-07,2026,4,FIR,Non-Heinous,Cyber Crime,Identity Theft,Charge Sheeted,13.23238,77.65947
264,700250001202400264,Ramanagara,1,2024-08-14,2024,8,Zero FIR,Non-Heinous,Crimes Against Women,Molestation,Charge Sheeted,12.69851,77.29735
265,100130001202300265,Raichur,1,2023-02-12,2023,2,FIR,Heinous,Crimes Against Body,Grievous Hurt,Closed,16.19515,77.31363
266,100020001202500266,Bengaluru Rural,1,2025-07-08,2025,7,FIR,Non-Heinous,Crimes Against Women,Domestic Violence,Closed,13.19214,77.5168
267,100240004202600267,Kodagu,4,2026-02-04,2026,2,FIR,Heinous,Crimes Against Body,Attempt to Murder,Under Investigation,12.33489,75.81689
268,100050003202600268,Belagavi,3,2026-07-11,2026,7,FIR,Non-Heinous,Crimes Against Property,Robbery,Under Investigation,15.83932,74.50755
269,400020003202200269,Bengaluru Rural,3,2022-12-21,2022,12,UDR,Non-Heinous,Economic Offences,Criminal Breach of Trust,Under Investigation,13.27964,77.57831
270,700050003202600270,Belagavi,3,2026-08-05,2026,8,Zero FIR,Non-Heinous,Economic Offences,Cheating,Under Investigation,15.95109,74.57823
271,100280001202200271,Haveri,1,2022-12-08,2022,12,FIR,Non-Heinous,Cyber Crime,Online Fraud,Under Investigation,14.83336,75.30321
272,100230003202300272,Chamarajanagar,3,2023-09-09,2023,9,FIR,Non-Heinous,Crimes Against Body,Grievous Hurt,Under Investigation,12.02859,77.01337
273,100020004202200273,Bengaluru Rural,4,2022-11-21,2022,11,FIR,Non-Heinous,Economic Offences,Criminal Breach of Trust,Charge Sheeted,13.34472,77.54827
274,100100002202600274,Shivamogga,2,2026-03-09,2026,3,FIR,Non-Heinous,Crimes Against Property,Burglary,False Case,14.02186,75.65036
275,100140004202500275,Bidar,4,2025-03-03,2025,3,FIR,Non-Heinous,Crimes Against Property,Robbery,Charge Sheeted,17.92401,77.58067
276,100230003202200276,Chamarajanagar,3,2022-04-12,2022,4,FIR,Non-Heinous,Economic Offences,Forgery,Charge Sheeted,11.92461,77.13639
277,100030002202400277,Mysuru,2,2024-07-17,2024,7,FIR,Non-Heinous,Crimes Against Property,Robbery,Under Investigation,12.18667,76.54934
278,100020002202600278,Bengaluru Rural,2,2026-06-15,2026,6,FIR,Non-Heinous,Crimes Against Body,Assault,Charge Sheeted,13.29357,77.62623
279,100210002202600279,Koppal,2,2026-10-24,2026,10,FIR,Heinous,Crimes Against Body,Attempt to Murder,Charge Sheeted,15.42918,76.2224
280,100140001202600280,Bidar,1,2026-03-19,2026,3,FIR,Non-Heinous,Economic Offences,Cheating,Under Investigation,17.84974,77.63343
281,100110001202200281,Davanagere,1,2022-01-09,2022,1,FIR,Heinous,Crimes Against Body,Murder,Closed,14.6161,75.89833
282,100280003202300282,Haveri,3,2023-09-21,2023,9,FIR,Non-Heinous,Crimes Against Women,Domestic Violence,False Case,14.85133,75.49117
283,400240004202500283,Kodagu,4,2025-05-21,2025,5,UDR,Non-Heinous,Economic Offences,Cheating,Charge Sheeted,12.36646,75.77045
284,700220001202600284,Yadgir,1,2026-02-13,2026,2,Zero FIR,Non-Heinous,Economic Offences,Forgery,False Case,16.85541,77.15969
285,100240004202600285,Kodagu,4,2026-03-08,2026,3,FIR,Non-Heinous,Crimes Against Property,Burglary,Closed,12.3043,75.79717
286,700040004202200286,Mangaluru (Dakshina Kannada),4,2022-12-26,2022,12,Zero FIR,Non-Heinous,Crimes Against Women,Domestic Violence,Charge Sheeted,12.89645,74.84145
287,100010001202200287,Bengaluru City,1,2022-01-05,2022,1,FIR,Heinous,Crimes Against Women,Dowry Harassment,False Case,12.98632,77.63126
288,100010002202200288,Bengaluru City,2,2022-03-04,2022,3,FIR,Non-Heinous,Public Order,Unlawful Assembly,Charge Sheeted,12.95919,77.60239
289,100270003202400289,Bagalkot,3,2024-01-21,2024,1,FIR,Non-Heinous,Economic Offences,Cheating,Under Investigation,16.13587,75.57947
290,100170001202300290,Kolar,1,2023-05-23,2023,5,FIR,Heinous,Narcotics,NDPS Trafficking,Under Investigation,13.14963,78.22661
291,100020003202400291,Bengaluru Rural,3,2024-06-08,2024,6,FIR,Heinous,Narcotics,NDPS Possession,Charge Sheeted,13.27469,77.54825
292,100070003202200292,Hubballi-Dharwad,3,2022-12-15,2022,12,FIR,Non-Heinous,Crimes Against Body,Grievous Hurt,Under Investigation,15.28402,75.17059
293,100290004202400293,Gadag,4,2024-06-14,2024,6,FIR,Heinous,Crimes Against Body,Murder,Under Investigation,15.37877,75.63903
294,100030001202400294,Mysuru,1,2024-01-25,2024,1,FIR,Heinous,Crimes Against Women,Domestic Violence,Charge Sheeted,12.24214,76.76251
295,100110002202500295,Davanagere,2,2025-01-05,2025,1,FIR,Non-Heinous,Crimes Against Body,Assault,Undetected,14.46175,75.90232
296,700240001202600296,Kodagu,1,2026-08-23,2026,8,Zero FIR,Non-Heinous,Crimes Against Property,Robbery,Under Investigation,12.34625,75.76483
297,100030002202500297,Mysuru,2,2025-01-12,2025,1,FIR,Non-Heinous,Cyber Crime,Cyberstalking,Under Investigation,12.20759,76.68356
298,700090003202500298,Tumakuru,3,2025-03-10,2025,3,Zero FIR,Heinous,Crimes Against Body,Murder,Closed,13.31663,77.05524
299,100230004202500299,Chamarajanagar,4,2025-03-02,2025,3,FIR,Non-Heinous,Crimes Against Property,Theft,Charge Sheeted,11.8585,76.94779
300,100090002202500300,Tumakuru,2,2025-12-17,2025,12,FIR,Non-Heinous,Cyber Crime,Identity Theft,Charge Sheeted,13.27875,77.07238
301,100240001202200301,Kodagu,1,2022-07-09,2022,7,FIR,Non-Heinous,Crimes Against Property,Robbery,False Case,12.2978,75.86114
302,100050001202200302,Belagavi,1,2022-08-02,2022,8,FIR,Non-Heinous,Cyber Crime,Identity Theft,Closed,15.81786,74.56585
303,100110003202300303,Davanagere,3,2023-06-09,2023,6,FIR,Non-Heinous,Economic Offences,Criminal Breach of Trust,Charge Sheeted,14.49303,75.90248
304,100250004202500304,Ramanagara,4,2025-02-04,2025,2,FIR,Non-Heinous,Crimes Against Property,Dacoity,Charge Sheeted,12.7555,77.43552
305,100180001202400305,Mandya,1,2024-04-22,2024,4,FIR,Non-Heinous,Cyber Crime,Phishing,Closed,12.50992,76.83103
306,700200002202400306,Chitradurga,2,2024-01-12,2024,1,Zero FIR,Non-Heinous,Cyber Crime,Online Fraud,Closed,14.14729,76.38335
307,400190003202200307,Hassan,3,2022-11-07,2022,11,UDR,Heinous,Crimes Against Women,Sexual Assault,Under Investigation,13.00644,76.12548
308,100050001202600308,Belagavi,1,2026-03-08,2026,3,FIR,Non-Heinous,Crimes Against Women,Domestic Violence,Closed,15.79317,74.59435
309,700040002202600309,Mangaluru (Dakshina Kannada),2,2026-07-02,2026,7,Zero FIR,Non-Heinous,Cyber Crime,Phishing,Under Investigation,12.82379,74.8238
310,700260003202400310,Chikkaballapur,3,2024-02-20,2024,2,Zero FIR,Non-Heinous,Crimes Against Women,Dowry Harassment,Charge Sheeted,13.42016,77.66371
311,100010003202600311,Bengaluru City,3,2026-04-09,2026,4,FIR,Non-Heinous,Crimes Against Property,Robbery,Closed,13.04613,77.57886
312,100020001202600312,Bengaluru Rural,1,2026-02-06,2026,2,FIR,Non-Heinous,Cyber Crime,Online Fraud,Charge Sheeted,13.38192,77.55351
313,100010003202600313,Bengaluru City,3,2026-12-18,2026,12,FIR,Heinous,Crimes Against Women,Domestic Violence,False Case,13.01196,77.60337
314,100130003202200314,Raichur,3,2022-01-02,2022,1,FIR,Non-Heinous,Crimes Against Property,Dacoity,Undetected,16.17398,77.3422
315,100200004202400315,Chitradurga,4,2024-09-20,2024,9,FIR,Non-Heinous,Crimes Against Body,Assault,Closed,14.36339,76.47357
316,100010004202400316,Bengaluru City,4,2024-11-04,2024,11,FIR,Heinous,Crimes Against Women,Domestic Violence,Undetected,12.98474,77.65852
317,100240002202600317,Kodagu,2,2026-05-13,2026,5,FIR,Non-Heinous,Crimes Against Body,Attempt to Murder,Under Investigation,12.25049,75.89157
318,100050004202500318,Belagavi,4,2025-01-17,2025,1,FIR,Non-Heinous,Economic Offences,Forgery,Charge Sheeted,15.84214,74.45824
319,100110002202600319,Davanagere,2,2026-03-22,2026,3,FIR,Non-Heinous,Crimes Against Body,Assault,Charge Sheeted,14.39551,75.8943
320,100080003202200320,Ballari,3,2022-05-22,2022,5,FIR,Non-Heinous,Crimes Against Property,Burglary,Charge Sheeted,15.10795,76.90728
321,100060003202500321,Kalaburagi,3,2025-03-10,2025,3,FIR,Non-Heinous,Crimes Against Property,Burglary,Under Investigation,17.32776,76.90055
322,100110004202600322,Davanagere,4,2026-12-06,2026,12,FIR,Non-Heinous,Crimes Against Property,Theft,Charge Sheeted,14.45353,75.9025
323,100030002202200323,Mysuru,2,2022-01-27,2022,1,FIR,Non-Heinous,Crimes Against Property,Dacoity,Charge Sheeted,12.28287,76.7037
324,100240003202500324,Kodagu,3,2025-07-27,2025,7,FIR,Heinous,Crimes Against Women,Molestation,Charge Sheeted,12.44387,75.8417
325,100020002202300325,Bengaluru Rural,2,2023-10-25,2023,10,FIR,Non-Heinous,Crimes Against Women,Molestation,Under Investigation,13.34158,77.50688
326,100020004202200326,Bengaluru Rural,4,2022-11-18,2022,11,PAR,Heinous,Narcotics,NDPS Trafficking,Under Investigation,13.28182,77.64496
327,400260004202400327,Chikkaballapur,4,2024-10-15,2024,10,UDR,Non-Heinous,Crimes Against Property,Burglary,Closed,13.39947,77.67127
328,700200001202400328,Chitradurga,1,2024-06-14,2024,6,Zero FIR,Non-Heinous,Crimes Against Property,Theft,Under Investigation,14.3337,76.4913
329,700120003202400329,Vijayapura,3,2024-10-21,2024,10,Zero FIR,Non-Heinous,Cyber Crime,Cyberstalking,Charge Sheeted,16.89949,75.7081
330,100110004202400330,Davanagere,4,2024-09-03,2024,9,FIR,Non-Heinous,Crimes Against Body,Grievous Hurt,Closed,14.55561,75.89317
331,100280003202300331,Haveri,3,2023-05-27,2023,5,FIR,Heinous,Crimes Against Women,Domestic Violence,Under Investigation,14.7903,75.41244
332,100240003202500332,Kodagu,3,2025-03-15,2025,3,FIR,Non-Heinous,Economic Offences,Criminal Breach of Trust,Under Investigation,12.30631,75.88989
333,100240002202200333,Kodagu,2,2022-08-07,2022,8,FIR,Heinous,Crimes Against Body,Murder,Closed,12.32015,75.83577
334,100020002202500334,Bengaluru Rural,2,2025-05-12,2025,5,FIR,Heinous,Crimes Against Body,Murder,Closed,13.22153,77.53153
335,400080004202300335,Ballari,4,2023-06-27,2023,6,UDR,Non-Heinous,Economic Offences,Forgery,Closed,15.14175,76.92457
336,100190001202500336,Hassan,1,2025-03-17,2025,3,FIR,Non-Heinous,Crimes Against Property,Theft,Charge Sheeted,13.00409,76.04374
337,100240002202400337,Kodagu,2,2024-07-24,2024,7,FIR,Non-Heinous,Crimes Against Women,Sexual Assault,False Case,12.38306,75.88985
338,100150002202200338,Chikkamagaluru,2,2022-04-08,2022,4,FIR,Non-Heinous,Crimes Against Body,Grievous Hurt,Under Investigation,13.2416,75.91584
339,100230001202600339,Chamarajanagar,1,2026-06-06,2026,6,FIR,Non-Heinous,Crimes Against Property,Robbery,Closed,11.88382,76.87282
340,100050002202200340,Belagavi,2,2022-12-24,2022,12,FIR,Heinous,Narcotics,NDPS Trafficking,Closed,15.75339,74.40292
341,100210003202600341,Koppal,3,2026-06-11,2026,6,FIR,Non-Heinous,Cyber Crime,Phishing,Charge Sheeted,15.34921,76.24429
342,100130002202600342,Raichur,2,2026-08-25,2026,8,FIR,Non-Heinous,Cyber Crime,Phishing,Under Investigation,16.3287,77.32078
343,100050004202300343,Belagavi,4,2023-10-06,2023,10,FIR,Non-Heinous,Cyber Crime,Cyberstalking,Closed,15.80839,74.53524
344,100130004202500344,Raichur,4,2025-07-14,2025,7,FIR,Heinous,Crimes Against Women,Dowry Harassment,False Case,16.26995,77.33819
345,100240001202400345,Kodagu,1,2024-09-16,2024,9,FIR,Non-Heinous,Crimes Against Body,Assault,Charge Sheeted,12.36028,75.88125
346,400210003202200346,Koppal,3,2022-04-16,2022,4,UDR,Non-Heinous,Crimes Against Property,Burglary,Under Investigation,15.27802,76.13319
347,100080003202200347,Ballari,3,2022-10-22,2022,10,FIR,Non-Heinous,Crimes Against Property,Burglary,Charge Sheeted,15.09316,76.88792
348,700050001202600348,Belagavi,1,2026-08-04,2026,8,Zero FIR,Non-Heinous,Crimes Against Property,Robbery,Charge Sheeted,15.90073,74.51042
349,100050001202400349,Belagavi,1,2024-07-09,2024,7,PAR,Non-Heinous,Crimes Against Body,Grievous Hurt,Charge Sheeted,15.84325,74.53485
350,100030001202200350,Mysuru,1,2022-12-05,2022,12,FIR,Non-Heinous,Narcotics,NDPS Trafficking,Charge Sheeted,12.26157,76.62811
351,100010001202200351,Bengaluru City,1,2022-10-12,2022,10,FIR,Heinous,Crimes Against Body,Attempt to Murder,Under Investigation,12.91445,77.50585
352,100110001202500352,Davanagere,1,2025-12-22,2025,12,FIR,Non-Heinous,Cyber Crime,Cyberstalking,Closed,14.53463,76.0218
353,100130001202600353,Raichur,1,2026-02-16,2026,2,FIR,Non-Heinous,Cyber Crime,Cyberstalking,Charge Sheeted,16.30806,77.30314
354,100040003202400354,Mangaluru (Dakshina Kannada),3,2024-06-03,2024,6,FIR,Non-Heinous,Narcotics,NDPS Possession,Under Investigation,12.8989,74.81159
355,100040002202400355,Mangaluru (Dakshina Kannada),2,2024-05-25,2024,5,FIR,Heinous,Crimes Against Women,Sexual Assault,Closed,12.91141,74.82967
356,100230001202500356,Chamarajanagar,1,2025-12-04,2025,12,FIR,Non-Heinous,Crimes Against Women,Molestation,Charge Sheeted,12.07324,76.92369
357,100190002202400357,Hassan,2,2024-10-19,2024,10,FIR,Heinous,Crimes Against Body,Murder,Undetected,12.99961,75.97508
358,100060002202500358,Kalaburagi,2,2025-04-27,2025,4,FIR,Heinous,Crimes Against Women,Molestation,Under Investigation,17.30326,76.86207
359,100250004202300359,Ramanagara,4,2023-11-02,2023,11,FIR,Non-Heinous,Crimes Against Property,Dacoity,Closed,12.69567,77.34663
360,400010001202200360,Bengaluru City,1,2022-10-10,2022,10,UDR,Non-Heinous,Crimes Against Body,Assault,Charge Sheeted,13.06443,77.50572
361,100300002202600361,Uttara Kannada,2,2026-01-14,2026,1,FIR,Non-Heinous,Public Order,Unlawful Assembly,Under Investigation,14.80602,74.7104
362,100170001202600362,Kolar,1,2026-04-09,2026,4,FIR,Heinous,Crimes Against Body,Grievous Hurt,Undetected,13.11075,78.16129
363,100240003202500363,Kodagu,3,2025-05-04,2025,5,FIR,Heinous,Narcotics,NDPS Possession,Under Investigation,12.42567,75.7724
364,100030004202500364,Mysuru,4,2025-11-13,2025,11,FIR,Non-Heinous,Cyber Crime,Online Fraud,Under Investigation,12.25786,76.60155
365,100040003202600365,Mangaluru (Dakshina Kannada),3,2026-03-25,2026,3,FIR,Non-Heinous,Crimes Against Women,Sexual Assault,Under Investigation,12.80667,74.91217
366,100220001202200366,Yadgir,1,2022-03-16,2022,3,FIR,Heinous,Crimes Against Women,Dowry Harassment,Charge Sheeted,16.67202,76.9793
367,100220004202600367,Yadgir,4,2026-06-12,2026,6,FIR,Non-Heinous,Crimes Against Body,Assault,Charge Sheeted,16.75045,77.07911
368,700080003202200368,Ballari,3,2022-01-12,2022,1,Zero FIR,Non-Heinous,Economic Offences,Criminal Breach of Trust,Closed,15.11073,76.94488
369,100020002202200369,Bengaluru Rural,2,2022-04-10,2022,4,FIR,Heinous,Narcotics,NDPS Possession,Closed,13.36526,77.55282
370,100160003202600370,Udupi,3,2026-12-27,2026,12,FIR,Non-Heinous,Cyber Crime,Online Fraud,Charge Sheeted,13.33087,74.67216
371,100160001202600371,Udupi,1,2026-03-08,2026,3,FIR,Non-Heinous,Crimes Against Body,Assault,Under Investigation,13.35941,74.64088
372,100030004202600372,Mysuru,4,2026-12-11,2026,12,FIR,Heinous,Crimes Against Body,Murder,Closed,12.16368,76.72187
373,400040003202400373,Mangaluru (Dakshina Kannada),3,2024-02-13,2024,2,UDR,Non-Heinous,Cyber Crime,Identity Theft,Charge Sheeted,12.97859,74.84803
374,100120001202500374,Vijayapura,1,2025-11-01,2025,11,FIR,Heinous,Crimes Against Body,Attempt to Murder,Closed,16.84559,75.66276
375,100110003202600375,Davanagere,3,2026-10-19,2026,10,FIR,Non-Heinous,Crimes Against Property,Dacoity,Under Investigation,14.43059,75.86751
376,100230004202600376,Chamarajanagar,4,2026-10-27,2026,10,FIR,Non-Heinous,Narcotics,NDPS Possession,Charge Sheeted,11.86541,77.03601
377,100030001202500377,Mysuru,1,2025-01-09,2025,1,FIR,Heinous,Crimes Against Body,Murder,Charge Sheeted,12.30697,76.51748
378,100010002202600378,Bengaluru City,2,2026-10-19,2026,10,PAR,Heinous,Crimes Against Body,Attempt to Murder,Under Investigation,12.93917,77.5801
379,100010001202600379,Bengaluru City,1,2026-09-25,2026,9,FIR,Non-Heinous,Economic Offences,Forgery,Charge Sheeted,12.94427,77.50161
380,700040004202200380,Mangaluru (Dakshina Kannada),4,2022-07-01,2022,7,Zero FIR,Non-Heinous,Crimes Against Women,Domestic Violence,Undetected,12.85192,74.88403
381,100190002202500381,Hassan,2,2025-04-09,2025,4,PAR,Non-Heinous,Crimes Against Property,Theft,Charge Sheeted,13.13323,76.11942
382,100230002202400382,Chamarajanagar,2,2024-01-14,2024,1,FIR,Non-Heinous,Crimes Against Body,Assault,Charge Sheeted,11.99831,77.07269
383,100190004202600383,Hassan,4,2026-05-05,2026,5,PAR,Heinous,Crimes Against Body,Attempt to Murder,Charge Sheeted,13.05144,76.06771
384,700020002202400384,Bengaluru Rural,2,2024-09-02,2024,9,Zero FIR,Heinous,Crimes Against Body,Assault,Charge Sheeted,13.32908,77.58849
385,100020003202600385,Bengaluru Rural,3,2026-09-22,2026,9,FIR,Non-Heinous,Crimes Against Property,Burglary,Charge Sheeted,13.16734,77.65816
386,100220002202300386,Yadgir,2,2023-01-12,2023,1,FIR,Non-Heinous,Cyber Crime,Online Fraud,Under Investigation,16.73738,77.21427
387,100110003202600387,Davanagere,3,2026-03-17,2026,3,FIR,Heinous,Crimes Against Body,Assault,Charge Sheeted,14.41519,76.01733
388,100040004202600388,Mangaluru (Dakshina Kannada),4,2026-05-07,2026,5,FIR,Non-Heinous,Crimes Against Property,Theft,Charge Sheeted,12.82954,74.82092
389,100140003202600389,Bidar,3,2026-05-04,2026,5,FIR,Heinous,Crimes Against Women,Sexual Assault,False Case,17.82247,77.56467
390,700270003202500390,Bagalkot,3,2025-02-15,2025,2,Zero FIR,Heinous,Narcotics,NDPS Possession,Undetected,16.17674,75.70899
391,100290001202400391,Gadag,1,2024-01-26,2024,1,FIR,Heinous,Crimes Against Body,Murder,Charge Sheeted,15.39306,75.70551
392,100220002202600392,Yadgir,2,2026-12-18,2026,12,FIR,Heinous,Crimes Against Body,Assault,Charge Sheeted,16.89058,77.08548
393,100250002202400393,Ramanagara,2,2024-05-27,2024,5,FIR,Non-Heinous,Narcotics,NDPS Possession,Charge Sheeted,12.70888,77.24912
394,100020001202500394,Bengaluru Rural,1,2025-06-19,2025,6,FIR,Non-Heinous,Economic Offences,Forgery,Under Investigation,13.32823,77.5259
395,100030001202500395,Mysuru,1,2025-04-18,2025,4,FIR,Non-Heinous,Crimes Against Property,Burglary,Under Investigation,12.2381,76.67808
396,700220001202500396,Yadgir,1,2025-05-21,2025,5,Zero FIR,Non-Heinous,Crimes Against Body,Murder,Closed,16.82803,77.15858
397,400110002202300397,Davanagere,2,2023-11-11,2023,11,UDR,Non-Heinous,Cyber Crime,Cyberstalking,Charge Sheeted,14.57459,75.93573
398,100150004202400398,Chikkamagaluru,4,2024-05-13,2024,5,FIR,Non-Heinous,Crimes Against Women,Domestic Violence,Undetected,13.31918,75.79409
399,100220003202300399,Yadgir,3,2023-10-24,2023,10,FIR,Non-Heinous,Crimes Against Women,Sexual Assault,Under Investigation,16.7019,77.06025
400,100010004202200400,Bengaluru City,4,2022-08-13,2022,8,FIR,Non-Heinous,Cyber Crime,Cyberstalking,Closed,12.98552,77.61925
401,100200001202600401,Chitradurga,1,2026-02-27,2026,2,FIR,Non-Heinous,Public Order,Unlawful Assembly,Undetected,14.21747,76.40782
402,100140001202600402,Bidar,1,2026-03-18,2026,3,FIR,Heinous,Crimes Against Women,Molestation,Charge Sheeted,17.9504,77.54876
403,400220003202500403,Yadgir,3,2025-05-21,2025,5,UDR,Non-Heinous,Crimes Against Body,Assault,Under Investigation,16.79034,77.12608
404,100050003202500404,Belagavi,3,2025-11-08,2025,11,PAR,Non-Heinous,Crimes Against Property,Theft,Under Investigation,15.87698,74.52648
405,100160004202600405,Udupi,4,2026-09-08,2026,9,PAR,Non-Heinous,Crimes Against Body,Murder,Under Investigation,13.43886,74.81863
406,100110004202600406,Davanagere,4,2026-09-18,2026,9,FIR,Non-Heinous,Cyber Crime,Cyberstalking,Closed,14.51469,75.84574
407,400240001202400407,Kodagu,1,2024-10-19,2024,10,UDR,Heinous,Narcotics,NDPS Trafficking,Undetected,12.30921,75.81454
408,100050001202500408,Belagavi,1,2025-07-15,2025,7,FIR,Non-Heinous,Crimes Against Property,Burglary,Charge Sheeted,15.83693,74.5176
409,100070004202400409,Hubballi-Dharwad,4,2024-11-15,2024,11,FIR,Non-Heinous,Public Order,Rioting,Charge Sheeted,15.34114,75.16191
410,100030003202500410,Mysuru,3,2025-02-26,2025,2,FIR,Heinous,Crimes Against Women,Domestic Violence,Under Investigation,12.30975,76.71097
411,100050002202400411,Belagavi,2,2024-01-18,2024,1,FIR,Non-Heinous,Crimes Against Property,Burglary,Charge Sheeted,15.89575,74.58145
412,100290003202600412,Gadag,3,2026-04-14,2026,4,FIR,Non-Heinous,Crimes Against Property,Burglary,False Case,15.4739,75.66606
413,100040001202200413,Mangaluru (Dakshina Kannada),1,2022-05-22,2022,5,FIR,Non-Heinous,Economic Offences,Cheating,Charge Sheeted,12.89309,74.81585
414,100050002202400414,Belagavi,2,2024-02-12,2024,2,FIR,Non-Heinous,Crimes Against Body,Murder,Under Investigation,15.76153,74.49546
415,100190003202400415,Hassan,3,2024-06-25,2024,6,FIR,Heinous,Crimes Against Body,Attempt to Murder,Charge Sheeted,13.15443,76.09081
416,400160002202600416,Udupi,2,2026-01-22,2026,1,UDR,Non-Heinous,Crimes Against Property,Robbery,False Case,13.4503,74.75451
417,100060001202400417,Kalaburagi,1,2024-02-25,2024,2,FIR,Non-Heinous,Crimes Against Women,Dowry Harassment,Closed,17.33158,76.77629
418,100050002202600418,Belagavi,2,2026-10-24,2026,10,FIR,Non-Heinous,Cyber Crime,Identity Theft,Charge Sheeted,15.80027,74.5024
419,100200003202600419,Chitradurga,3,2026-12-24,2026,12,PAR,Non-Heinous,Crimes Against Women,Sexual Assault,Under Investigation,14.1994,76.36845
420,100020001202500420,Bengaluru Rural,1,2025-11-11,2025,11,FIR,Non-Heinous,Cyber Crime,Cyberstalking,Closed,13.29812,77.567
421,700240002202600421,Kodagu,2,2026-03-09,2026,3,Zero FIR,Non-Heinous,Crimes Against Body,Assault,Under Investigation,12.37857,75.78481
422,100010004202300422,Bengaluru City,4,2023-12-24,2023,12,FIR,Non-Heinous,Crimes Against Property,Theft,Undetected,12.95972,77.42358
423,100010002202600423,Bengaluru City,2,2026-08-20,2026,8,FIR,Non-Heinous,Crimes Against Property,Theft,Under Investigation,12.94924,77.63013
424,100090003202500424,Tumakuru,3,2025-05-22,2025,5,FIR,Non-Heinous,Crimes Against Property,Robbery,False Case,13.25718,77.083
425,400050004202400425,Belagavi,4,2024-11-17,2024,11,UDR,Non-Heinous,Narcotics,NDPS Possession,Under Investigation,15.77855,74.53768
426,100280001202400426,Haveri,1,2024-04-06,2024,4,FIR,Heinous,Crimes Against Women,Dowry Harassment,Charge Sheeted,14.91183,75.36248
427,700060004202600427,Kalaburagi,4,2026-11-02,2026,11,Zero FIR,Non-Heinous,Crimes Against Body,Murder,Closed,17.38727,76.82212
428,100030004202300428,Mysuru,4,2023-10-10,2023,10,FIR,Non-Heinous,Economic Offences,Forgery,Undetected,12.20183,76.73059
429,100160002202200429,Udupi,2,2022-08-24,2022,8,FIR,Non-Heinous,Crimes Against Body,Grievous Hurt,Under Investigation,13.4089,74.84195
430,100010004202200430,Bengaluru City,4,2022-10-15,2022,10,FIR,Non-Heinous,Crimes Against Property,Theft,Under Investigation,12.98385,77.63657
431,400070004202600431,Hubballi-Dharwad,4,2026-04-13,2026,4,UDR,Non-Heinous,Crimes Against Women,Domestic Violence,Undetected,15.3555,74.97836
432,100250001202400432,Ramanagara,1,2024-03-22,2024,3,FIR,Non-Heinous,Crimes Against Property,Robbery,Closed,12.81338,77.30886
433,100080003202400433,Ballari,3,2024-11-04,2024,11,FIR,Non-Heinous,Crimes Against Body,Murder,Charge Sheeted,15.10941,76.91711
434,100050003202500434,Belagavi,3,2025-06-07,2025,6,FIR,Non-Heinous,Cyber Crime,Phishing,Charge Sheeted,15.9277,74.49107
435,100270001202300435,Bagalkot,1,2023-05-17,2023,5,FIR,Heinous,Crimes Against Body,Grievous Hurt,Charge Sheeted,16.09899,75.70502
436,100010001202500436,Bengaluru City,1,2025-01-08,2025,1,FIR,Non-Heinous,Crimes Against Property,Theft,Charge Sheeted,12.96727,77.66195
437,100110001202400437,Davanagere,1,2024-09-26,2024,9,FIR,Heinous,Crimes Against Body,Assault,Closed,14.45191,75.94364
438,100290002202600438,Gadag,2,2026-10-11,2026,10,FIR,Non-Heinous,Crimes Against Women,Dowry Harassment,Under Investigation,15.30176,75.64213
439,100230004202500439,Chamarajanagar,4,2025-01-07,2025,1,FIR,Non-Heinous,Cyber Crime,Online Fraud,Under Investigation,11.85651,76.95165
440,700190003202600440,Hassan,3,2026-12-26,2026,12,Zero FIR,Non-Heinous,Cyber Crime,Phishing,Under Investigation,13.03223,76.17157
441,100050003202500441,Belagavi,3,2025-06-07,2025,6,FIR,Non-Heinous,Crimes Against Property,Robbery,False Case,15.78049,74.46695
442,100230002202200442,Chamarajanagar,2,2022-09-21,2022,9,FIR,Non-Heinous,Crimes Against Women,Dowry Harassment,Under Investigation,11.97788,77.03637
443,100020003202300443,Bengaluru Rural,3,2023-04-21,2023,4,FIR,Non-Heinous,Narcotics,NDPS Possession,Charge Sheeted,13.19032,77.48158
444,100020001202500444,Bengaluru Rural,1,2025-04-21,2025,4,FIR,Non-Heinous,Crimes Against Women,Sexual Assault,Closed,13.30942,77.54979
445,100230004202300445,Chamarajanagar,4,2023-01-01,2023,1,FIR,Non-Heinous,Crimes Against Property,Burglary,Under Investigation,11.90045,76.9394
446,400080003202500446,Ballari,3,2025-04-01,2025,4,UDR,Non-Heinous,Crimes Against Property,Burglary,Closed,15.15145,76.92806
447,700080003202400447,Ballari,3,2024-03-13,2024,3,Zero FIR,Non-Heinous,Crimes Against Property,Robbery,Closed,15.28087,76.93542
448,100150003202500448,Chikkamagaluru,3,2025-10-12,2025,10,FIR,Non-Heinous,Crimes Against Property,Dacoity,Charge Sheeted,13.3167,75.66019
449,100100001202600449,Shivamogga,1,2026-09-13,2026,9,FIR,Non-Heinous,Crimes Against Women,Molestation,Under Investigation,13.89024,75.61991
450,100100002202300450,Shivamogga,2,2023-10-05,2023,10,FIR,Non-Heinous,Cyber Crime,Identity Theft,Under Investigation,13.95585,75.57534
451,100030002202500451,Mysuru,2,2025-03-11,2025,3,FIR,Non-Heinous,Crimes Against Body,Murder,Under Investigation,12.36899,76.60548
452,100190004202400452,Hassan,4,2024-07-26,2024,7,FIR,Non-Heinous,Crimes Against Property,Dacoity,Closed,13.00357,76.09808
453,100020003202200453,Bengaluru Rural,3,2022-02-12,2022,2,FIR,Heinous,Crimes Against Women,Dowry Harassment,Charge Sheeted,13.28443,77.51283
454,700030004202600454,Mysuru,4,2026-10-24,2026,10,Zero FIR,Non-Heinous,Crimes Against Body,Attempt to Murder,Under Investigation,12.27104,76.5611
455,100090003202600455,Tumakuru,3,2026-07-13,2026,7,FIR,Non-Heinous,Crimes Against Property,Theft,Undetected,13.43855,77.15969
456,100150001202500456,Chikkamagaluru,1,2025-06-15,2025,6,FIR,Heinous,Crimes Against Body,Assault,Under Investigation,13.24906,75.78185
457,100110001202300457,Davanagere,1,2023-01-09,2023,1,FIR,Heinous,Crimes Against Women,Dowry Harassment,Closed,14.48764,75.89146
458,100230003202400458,Chamarajanagar,3,2024-10-25,2024,10,FIR,Non-Heinous,Crimes Against Body,Assault,Closed,12.04248,76.96067
459,100090003202500459,Tumakuru,3,2025-12-06,2025,12,FIR,Heinous,Narcotics,NDPS Possession,Under Investigation,13.29447,77.11625
460,100200001202600460,Chitradurga,1,2026-12-20,2026,12,FIR,Non-Heinous,Crimes Against Women,Molestation,Charge Sheeted,14.25734,76.34889
461,100230003202600461,Chamarajanagar,3,2026-01-12,2026,1,FIR,Non-Heinous,Crimes Against Property,Dacoity,Closed,11.83762,76.87704
462,100070001202500462,Hubballi-Dharwad,1,2025-05-26,2025,5,FIR,Non-Heinous,Crimes Against Property,Robbery,False Case,15.27867,75.2343
463,400280003202300463,Haveri,3,2023-07-09,2023,7,UDR,Non-Heinous,Narcotics,NDPS Trafficking,Closed,14.72348,75.44814
464,100290001202400464,Gadag,1,2024-05-09,2024,5,FIR,Non-Heinous,Economic Offences,Cheating,Charge Sheeted,15.4139,75.61892
465,100100004202400465,Shivamogga,4,2024-08-27,2024,8,FIR,Non-Heinous,Economic Offences,Cheating,False Case,13.98684,75.56336
466,100010002202500466,Bengaluru City,2,2025-11-26,2025,11,FIR,Non-Heinous,Crimes Against Women,Sexual Assault,Under Investigation,13.03317,77.49579
467,100220002202300467,Yadgir,2,2023-10-14,2023,10,FIR,Heinous,Crimes Against Women,Domestic Violence,Charge Sheeted,16.74671,77.01214
468,700060001202200468,Kalaburagi,1,2022-07-17,2022,7,Zero FIR,Non-Heinous,Crimes Against Property,Robbery,Closed,17.36407,76.84038
469,100060004202600469,Kalaburagi,4,2026-09-23,2026,9,FIR,Non-Heinous,Crimes Against Property,Robbery,Under Investigation,17.33619,76.89165
470,100030004202500470,Mysuru,4,2025-07-06,2025,7,FIR,Non-Heinous,Crimes Against Property,Dacoity,Under Investigation,12.3519,76.47601
471,100010002202400471,Bengaluru City,2,2024-07-01,2024,7,FIR,Non-Heinous,Narcotics,NDPS Possession,Closed,12.88142,77.51734
472,100190004202600472,Hassan,4,2026-10-02,2026,10,FIR,Non-Heinous,Crimes Against Women,Dowry Harassment,Charge Sheeted,13.02217,76.05603
473,700110002202600473,Davanagere,2,2026-07-09,2026,7,Zero FIR,Heinous,Crimes Against Women,Domestic Violence,Charge Sheeted,14.36198,75.94118
474,100150001202200474,Chikkamagaluru,1,2022-03-22,2022,3,FIR,Heinous,Crimes Against Women,Domestic Violence,False Case,13.33178,75.79336
475,400220002202300475,Yadgir,2,2023-01-18,2023,1,UDR,Non-Heinous,Public Order,Rioting,Charge Sheeted,16.72997,77.03209
476,100010003202200476,Bengaluru City,3,2022-09-18,2022,9,FIR,Heinous,Crimes Against Body,Murder,Undetected,12.89953,77.60743
477,100020003202200477,Bengaluru Rural,3,2022-06-08,2022,6,FIR,Non-Heinous,Crimes Against Women,Sexual Assault,False Case,13.38885,77.67533
478,100050001202400478,Belagavi,1,2024-01-20,2024,1,FIR,Heinous,Crimes Against Body,Murder,Charge Sheeted,15.88705,74.39923
479,100200002202300479,Chitradurga,2,2023-12-19,2023,12,PAR,Non-Heinous,Crimes Against Property,Dacoity,Under Investigation,14.22504,76.38664
480,100240002202500480,Kodagu,2,2025-12-09,2025,12,FIR,Non-Heinous,Crimes Against Body,Murder,Charge Sheeted,12.23581,75.81396
481,400010002202400481,Bengaluru City,2,2024-03-13,2024,3,UDR,Non-Heinous,Economic Offences,Cheating,Under Investigation,13.02229,77.56762
482,100180003202500482,Mandya,3,2025-03-01,2025,3,FIR,Non-Heinous,Cyber Crime,Identity Theft,Under Investigation,12.54512,76.87687
483,100230001202500483,Chamarajanagar,1,2025-08-24,2025,8,PAR,Non-Heinous,Crimes Against Body,Attempt to Murder,Undetected,11.87633,76.95947
484,100230003202400484,Chamarajanagar,3,2024-05-11,2024,5,FIR,Non-Heinous,Economic Offences,Cheating,Charge Sheeted,11.952,76.85182
485,700270002202200485,Bagalkot,2,2022-04-11,2022,4,Zero FIR,Non-Heinous,Crimes Against Property,Theft,Charge Sheeted,16.19076,75.65778
486,100010004202200486,Bengaluru City,4,2022-03-20,2022,3,FIR,Non-Heinous,Crimes Against Property,Dacoity,Charge Sheeted,13.08467,77.71404
487,100240001202300487,Kodagu,1,2023-11-26,2023,11,FIR,Non-Heinous,Economic Offences,Forgery,Closed,12.25804,75.74557
488,100020004202300488,Bengaluru Rural,4,2023-03-13,2023,3,FIR,Non-Heinous,Crimes Against Body,Assault,Closed,13.26922,77.5336
489,100070002202200489,Hubballi-Dharwad,2,2022-01-16,2022,1,FIR,Heinous,Crimes Against Women,Dowry Harassment,Closed,15.38287,75.16744
490,100190001202300490,Hassan,1,2023-08-23,2023,8,FIR,Non-Heinous,Crimes Against Property,Burglary,Under Investigation,12.91134,76.0011
491,100240002202400491,Kodagu,2,2024-03-05,2024,3,FIR,Non-Heinous,Economic Offences,Cheating,False Case,12.41241,75.77454
492,100030002202500492,Mysuru,2,2025-03-23,2025,3,FIR,Non-Heinous,Crimes Against Body,Attempt to Murder,Charge Sheeted,12.42428,76.61802
493,100090002202200493,Tumakuru,2,2022-01-02,2022,1,FIR,Non-Heinous,Economic Offences,Forgery,Closed,13.35852,77.06927
494,400160004202600494,Udupi,4,2026-05-10,2026,5,UDR,Non-Heinous,Crimes Against Property,Dacoity,Charge Sheeted,13.23542,74.82492
495,100110004202200495,Davanagere,4,2022-03-18,2022,3,FIR,Non-Heinous,Crimes Against Women,Dowry Harassment,Closed,14.36123,75.93947
496,400090003202500496,Tumakuru,3,2025-09-09,2025,9,UDR,Non-Heinous,Crimes Against Women,Sexual Assault,Under Investigation,13.3859,77.01897
497,100170001202600497,Kolar,1,2026-03-11,2026,3,FIR,Non-Heinous,Crimes Against Women,Dowry Harassment,Under Investigation,13.10968,78.13627
498,700110003202500498,Davanagere,3,2025-09-18,2025,9,Zero FIR,Non-Heinous,Crimes Against Property,Theft,Closed,14.42132,75.9186
499,100090002202200499,Tumakuru,2,2022-12-01,2022,12,FIR,Heinous,Crimes Against Body,Murder,Charge Sheeted,13.26689,77.08805
500,100070003202300500,Hubballi-Dharwad,3,2023-06-01,2023,6,FIR,Non-Heinous,Crimes Against Women,Sexual Assault,Under Investigation,15.31657,75.10922
501,700130002202600501,Raichur,2,2026-05-04,2026,5,Zero FIR,Non-Heinous,Cyber Crime,Cyberstalking,Charge Sheeted,16.18793,77.37238
502,100010001202600502,Bengaluru City,1,2026-11-22,2026,11,FIR,Non-Heinous,Crimes Against Women,Domestic Violence,Closed,12.96683,77.51231
503,100120004202200503,Vijayapura,4,2022-10-15,2022,10,FIR,Heinous,Crimes Against Women,Molestation,False Case,16.79826,75.77786
504,100170004202300504,Kolar,4,2023-12-10,2023,12,PAR,Non-Heinous,Crimes Against Women,Sexual Assault,Charge Sheeted,13.12174,78.16953
505,700010004202600505,Bengaluru City,4,2026-07-25,2026,7,Zero FIR,Non-Heinous,Economic Offences,Cheating,Charge Sheeted,13.01179,77.61871
506,100150004202600506,Chikkamagaluru,4,2026-05-12,2026,5,FIR,Non-Heinous,Cyber Crime,Online Fraud,Charge Sheeted,13.36693,75.74318
507,100210002202400507,Koppal,2,2024-11-07,2024,11,FIR,Non-Heinous,Economic Offences,Cheating,Closed,15.3217,76.21646
508,100190003202400508,Hassan,3,2024-09-12,2024,9,FIR,Non-Heinous,Crimes Against Property,Robbery,Under Investigation,13.12317,76.21637
509,400220001202600509,Yadgir,1,2026-08-27,2026,8,UDR,Non-Heinous,Crimes Against Property,Burglary,Under Investigation,16.73779,77.11512
510,100020003202500510,Bengaluru Rural,3,2025-07-27,2025,7,FIR,Heinous,Crimes Against Women,Domestic Violence,Under Investigation,13.21778,77.49291
511,400090002202600511,Tumakuru,2,2026-07-22,2026,7,UDR,Non-Heinous,Crimes Against Women,Dowry Harassment,Charge Sheeted,13.29041,77.16324
512,100110002202500512,Davanagere,2,2025-12-06,2025,12,FIR,Non-Heinous,Crimes Against Property,Burglary,Charge Sheeted,14.48183,75.91585
513,100170001202500513,Kolar,1,2025-12-04,2025,12,FIR,Non-Heinous,Crimes Against Women,Dowry Harassment,Under Investigation,13.20372,78.21289
514,700030002202500514,Mysuru,2,2025-07-13,2025,7,Zero FIR,Heinous,Narcotics,NDPS Possession,Closed,12.17443,76.64359
515,100180001202400515,Mandya,1,2024-06-22,2024,6,PAR,Non-Heinous,Crimes Against Property,Dacoity,False Case,12.47078,76.88625
516,100020003202300516,Bengaluru Rural,3,2023-12-04,2023,12,FIR,Heinous,Crimes Against Women,Dowry Harassment,Under Investigation,13.25139,77.56519
517,100040003202400517,Mangaluru (Dakshina Kannada),3,2024-12-26,2024,12,FIR,Non-Heinous,Crimes Against Property,Theft,Closed,12.88679,74.93257
518,400160003202200518,Udupi,3,2022-12-20,2022,12,UDR,Non-Heinous,Crimes Against Property,Robbery,Under Investigation,13.30034,74.69444
519,100040002202500519,Mangaluru (Dakshina Kannada),2,2025-11-23,2025,11,FIR,Non-Heinous,Crimes Against Property,Robbery,Under Investigation,12.81001,74.93638
520,700050001202600520,Belagavi,1,2026-12-03,2026,12,Zero FIR,Non-Heinous,Economic Offences,Forgery,Under Investigation,16.03727,74.49869
521,100020004202400521,Bengaluru Rural,4,2024-09-11,2024,9,FIR,Heinous,Crimes Against Body,Murder,Closed,13.31667,77.66968
522,100240003202400522,Kodagu,3,2024-12-18,2024,12,FIR,Non-Heinous,Cyber Crime,Online Fraud,Under Investigation,12.31466,75.92608
523,100250004202600523,Ramanagara,4,2026-02-26,2026,2,FIR,Non-Heinous,Public Order,Rioting,Under Investigation,12.68121,77.31407
524,100110001202500524,Davanagere,1,2025-03-24,2025,3,FIR,Heinous,Crimes Against Body,Grievous Hurt,Under Investigation,14.27723,75.91389
525,100240003202600525,Kodagu,3,2026-07-20,2026,7,FIR,Non-Heinous,Narcotics,NDPS Trafficking,Closed,12.22523,75.80311
526,100160001202400526,Udupi,1,2024-02-19,2024,2,FIR,Non-Heinous,Cyber Crime,Cyberstalking,Under Investigation,13.37943,74.7834
527,100050003202500527,Belagavi,3,2025-01-08,2025,1,FIR,Non-Heinous,Economic Offences,Forgery,Charge Sheeted,15.85355,74.60944
528,100040004202300528,Mangaluru (Dakshina Kannada),4,2023-05-06,2023,5,FIR,Non-Heinous,Crimes Against Property,Dacoity,Charge Sheeted,13.04133,74.79275
529,100140004202500529,Bidar,4,2025-12-18,2025,12,FIR,Non-Heinous,Crimes Against Property,Dacoity,Charge Sheeted,17.84509,77.46444
530,100070004202600530,Hubballi-Dharwad,4,2026-02-24,2026,2,FIR,Non-Heinous,Crimes Against Women,Sexual Assault,Charge Sheeted,15.42718,75.26783
531,100240002202500531,Kodagu,2,2025-09-24,2025,9,FIR,Heinous,Narcotics,NDPS Possession,Under Investigation,12.306,75.72812
532,100010001202300532,Bengaluru City,1,2023-04-14,2023,4,FIR,Heinous,Crimes Against Body,Murder,Under Investigation,13.10469,77.59513
533,100240002202500533,Kodagu,2,2025-06-22,2025,6,PAR,Non-Heinous,Economic Offences,Forgery,Charge Sheeted,12.41074,75.75364
534,100120001202500534,Vijayapura,1,2025-08-02,2025,8,FIR,Non-Heinous,Crimes Against Body,Attempt to Murder,Under Investigation,16.81622,75.73087
535,100050001202500535,Belagavi,1,2025-10-21,2025,10,FIR,Heinous,Crimes Against Body,Grievous Hurt,Under Investigation,15.78922,74.45825
536,100190004202500536,Hassan,4,2025-08-04,2025,8,FIR,Non-Heinous,Crimes Against Women,Domestic Violence,Charge Sheeted,13.11836,76.10234
537,100050004202400537,Belagavi,4,2024-01-08,2024,1,FIR,Heinous,Crimes Against Women,Sexual Assault,Under Investigation,15.82189,74.47035
538,100050004202600538,Belagavi,4,2026-01-25,2026,1,FIR,Non-Heinous,Crimes Against Property,Burglary,Under Investigation,15.89663,74.65459
539,100190004202500539,Hassan,4,2025-06-08,2025,6,FIR,Non-Heinous,Crimes Against Property,Theft,Charge Sheeted,13.01586,76.16995
540,100160003202200540,Udupi,3,2022-05-23,2022,5,FIR,Heinous,Narcotics,NDPS Trafficking,Under Investigation,13.15593,74.88736
541,100100001202500541,Shivamogga,1,2025-01-16,2025,1,FIR,Heinous,Narcotics,NDPS Possession,Under Investigation,13.83548,75.53574
542,400050004202500542,Belagavi,4,2025-09-25,2025,9,UDR,Heinous,Crimes Against Women,Sexual Assault,Charge Sheeted,15.79967,74.44625
543,100110004202400543,Davanagere,4,2024-10-07,2024,10,FIR,Heinous,Crimes Against Body,Grievous Hurt,Charge Sheeted,14.43932,75.84269
544,100030001202500544,Mysuru,1,2025-12-12,2025,12,FIR,Heinous,Crimes Against Women,Molestation,Under Investigation,12.2653,76.66322
545,100230003202300545,Chamarajanagar,3,2023-04-03,2023,4,FIR,Non-Heinous,Crimes Against Body,Murder,Charge Sheeted,11.83461,76.9007
546,100200002202300546,Chitradurga,2,2023-06-19,2023,6,FIR,Heinous,Narcotics,NDPS Trafficking,Closed,14.3018,76.37204
547,100220004202600547,Yadgir,4,2026-04-11,2026,4,FIR,Heinous,Crimes Against Body,Murder,Under Investigation,16.74411,77.07486
548,100030003202500548,Mysuru,3,2025-01-27,2025,1,FIR,Non-Heinous,Public Order,Rioting,Charge Sheeted,12.26274,76.57965
549,100020001202300549,Bengaluru Rural,1,2023-08-14,2023,8,FIR,Non-Heinous,Crimes Against Property,Burglary,Charge Sheeted,13.30837,77.44713
550,400010001202500550,Bengaluru City,1,2025-01-08,2025,1,UDR,Non-Heinous,Crimes Against Property,Burglary,Closed,12.93096,77.56079
551,100070002202300551,Hubballi-Dharwad,2,2023-04-26,2023,4,FIR,Non-Heinous,Economic Offences,Criminal Breach of Trust,Charge Sheeted,15.35007,75.07644
552,100210004202200552,Koppal,4,2022-09-10,2022,9,FIR,Non-Heinous,Crimes Against Women,Dowry Harassment,Charge Sheeted,15.19502,76.06071
553,100150003202400553,Chikkamagaluru,3,2024-05-26,2024,5,FIR,Non-Heinous,Crimes Against Property,Robbery,False Case,13.31846,75.75912
554,400230001202300554,Chamarajanagar,1,2023-10-09,2023,10,UDR,Non-Heinous,Crimes Against Property,Robbery,Charge Sheeted,11.85432,76.98489
555,100280003202500555,Haveri,3,2025-10-03,2025,10,FIR,Non-Heinous,Crimes Against Women,Domestic Violence,Charge Sheeted,14.7422,75.4346
556,100290003202600556,Gadag,3,2026-02-02,2026,2,FIR,Non-Heinous,Crimes Against Property,Theft,Closed,15.44196,75.56792
557,700090004202400557,Tumakuru,4,2024-12-26,2024,12,Zero FIR,Non-Heinous,Economic Offences,Forgery,False Case,13.28765,77.12451
558,100060002202600558,Kalaburagi,2,2026-10-26,2026,10,FIR,Heinous,Crimes Against Body,Grievous Hurt,Charge Sheeted,17.35801,76.69676
559,100050003202200559,Belagavi,3,2022-08-19,2022,8,FIR,Non-Heinous,Crimes Against Women,Molestation,Charge Sheeted,15.75676,74.39071
560,100050001202300560,Belagavi,1,2023-11-17,2023,11,FIR,Non-Heinous,Economic Offences,Cheating,Charge Sheeted,15.8022,74.52448
561,100010004202500561,Bengaluru City,4,2025-01-21,2025,1,FIR,Non-Heinous,Crimes Against Property,Theft,Charge Sheeted,12.92238,77.61728
562,100140002202300562,Bidar,2,2023-08-27,2023,8,FIR,Non-Heinous,Crimes Against Property,Theft,Under Investigation,17.91695,77.5427
563,400090002202500563,Tumakuru,2,2025-12-06,2025,12,UDR,Heinous,Crimes Against Body,Assault,Closed,13.31911,77.14589
564,700040001202600564,Mangaluru (Dakshina Kannada),1,2026-06-25,2026,6,Zero FIR,Non-Heinous,Crimes Against Women,Sexual Assault,Closed,12.9411,74.79678
565,100040003202400565,Mangaluru (Dakshina Kannada),3,2024-11-11,2024,11,PAR,Non-Heinous,Crimes Against Women,Sexual Assault,False Case,12.97653,74.92768
566,100100003202400566,Shivamogga,3,2024-01-05,2024,1,FIR,Non-Heinous,Crimes Against Body,Grievous Hurt,Charge Sheeted,13.96956,75.49048
567,100020001202400567,Bengaluru Rural,1,2024-05-13,2024,5,FIR,Non-Heinous,Cyber Crime,Identity Theft,Closed,13.19813,77.56462
568,400190003202300568,Hassan,3,2023-05-22,2023,5,UDR,Non-Heinous,Cyber Crime,Cyberstalking,Closed,12.9604,76.11829
569,100080004202200569,Ballari,4,2022-11-08,2022,11,FIR,Non-Heinous,Crimes Against Women,Dowry Harassment,Under Investigation,15.1956,76.9338
570,100040001202600570,Mangaluru (Dakshina Kannada),1,2026-10-03,2026,10,FIR,Non-Heinous,Crimes Against Property,Theft,Under Investigation,12.92732,74.84108
571,100250004202300571,Ramanagara,4,2023-09-19,2023,9,FIR,Heinous,Crimes Against Body,Attempt to Murder,Closed,12.6067,77.29792
572,100190001202400572,Hassan,1,2024-09-26,2024,9,FIR,Heinous,Crimes Against Body,Assault,Undetected,13.07118,76.20549
573,100010002202500573,Bengaluru City,2,2025-11-21,2025,11,FIR,Non-Heinous,Crimes Against Property,Robbery,Under Investigation,12.97117,77.60291
574,100250002202200574,Ramanagara,2,2022-10-03,2022,10,FIR,Non-Heinous,Crimes Against Women,Dowry Harassment,Charge Sheeted,12.70847,77.34451
575,100160004202600575,Udupi,4,2026-09-06,2026,9,FIR,Non-Heinous,Crimes Against Body,Grievous Hurt,Closed,13.30578,74.63991
576,100050001202500576,Belagavi,1,2025-11-05,2025,11,FIR,Non-Heinous,Crimes Against Women,Dowry Harassment,Charge Sheeted,16.00286,74.47444
577,100070001202500577,Hubballi-Dharwad,1,2025-06-27,2025,6,FIR,Heinous,Crimes Against Women,Domestic Violence,Charge Sheeted,15.39314,74.9922
578,100030003202600578,Mysuru,3,2026-09-05,2026,9,FIR,Non-Heinous,Crimes Against Property,Theft,False Case,12.31211,76.59516
579,100190003202400579,Hassan,3,2024-07-18,2024,7,FIR,Non-Heinous,Crimes Against Property,Theft,Charge Sheeted,13.06784,76.08494
580,100170001202200580,Kolar,1,2022-10-01,2022,10,FIR,Heinous,Crimes Against Women,Sexual Assault,Under Investigation,13.21306,78.19493
581,100220002202600581,Yadgir,2,2026-01-18,2026,1,FIR,Heinous,Crimes Against Body,Attempt to Murder,Under Investigation,16.74682,77.04206
582,100230003202600582,Chamarajanagar,3,2026-08-14,2026,8,FIR,Heinous,Crimes Against Women,Domestic Violence,Charge Sheeted,11.90709,76.92885
583,100170001202500583,Kolar,1,2025-09-02,2025,9,FIR,Non-Heinous,Crimes Against Body,Grievous Hurt,False Case,13.22883,78.12995
584,100110001202500584,Davanagere,1,2025-10-13,2025,10,FIR,Non-Heinous,Crimes Against Property,Robbery,Closed,14.47832,75.94198
585,100090001202300585,Tumakuru,1,2023-02-02,2023,2,FIR,Non-Heinous,Economic Offences,Criminal Breach of Trust,Under Investigation,13.27034,77.16468
586,100140003202600586,Bidar,3,2026-06-27,2026,6,FIR,Non-Heinous,Crimes Against Body,Murder,False Case,17.92448,77.51874
587,100050004202600587,Belagavi,4,2026-10-15,2026,10,FIR,Non-Heinous,Crimes Against Property,Dacoity,Under Investigation,15.86509,74.46389
588,100050003202200588,Belagavi,3,2022-05-04,2022,5,FIR,Heinous,Crimes Against Women,Dowry Harassment,Undetected,15.67124,74.5015
589,100020003202600589,Bengaluru Rural,3,2026-12-07,2026,12,FIR,Non-Heinous,Crimes Against Property,Robbery,Under Investigation,13.2503,77.68264
590,700030001202300590,Mysuru,1,2023-06-01,2023,6,Zero FIR,Non-Heinous,Crimes Against Body,Murder,Under Investigation,12.26775,76.66271
591,100050002202500591,Belagavi,2,2025-10-06,2025,10,FIR,Heinous,Crimes Against Body,Murder,Under Investigation,15.92651,74.42708
592,100130001202600592,Raichur,1,2026-07-25,2026,7,FIR,Heinous,Crimes Against Body,Grievous Hurt,Charge Sheeted,16.16017,77.35278
593,700170002202400593,Kolar,2,2024-12-03,2024,12,Zero FIR,Non-Heinous,Crimes Against Property,Robbery,Closed,13.0248,78.20612
594,100040003202400594,Mangaluru (Dakshina Kannada),3,2024-04-22,2024,4,FIR,Non-Heinous,Crimes Against Property,Dacoity,Under Investigation,12.92976,74.82328
595,400110001202600595,Davanagere,1,2026-11-13,2026,11,UDR,Non-Heinous,Crimes Against Women,Sexual Assault,Closed,14.49742,75.89589
596,100240004202500596,Kodagu,4,2025-05-02,2025,5,FIR,Non-Heinous,Economic Offences,Criminal Breach of Trust,Under Investigation,12.34521,75.77031
597,100250003202300597,Ramanagara,3,2023-04-18,2023,4,FIR,Heinous,Crimes Against Body,Grievous Hurt,Under Investigation,12.7216,77.22985
598,100020001202500598,Bengaluru Rural,1,2025-04-12,2025,4,FIR,Heinous,Crimes Against Body,Assault,Charge Sheeted,13.28604,77.54409
599,100250004202400599,Ramanagara,4,2024-05-02,2024,5,FIR,Non-Heinous,Crimes Against Property,Burglary,Closed,12.74183,77.28462
600,100130002202600600,Raichur,2,2026-03-03,2026,3,FIR,Non-Heinous,Crimes Against Body,Attempt to Murder,Closed,16.33912,77.32047
601,100050003202600601,Belagavi,3,2026-10-25,2026,10,FIR,Non-Heinous,Crimes Against Body,Assault,Charge Sheeted,15.9654,74.5128
602,100010003202600602,Bengaluru City,3,2026-08-01,2026,8,FIR,Heinous,Crimes Against Women,Dowry Harassment,Charge Sheeted,12.9827,77.60391
603,100040003202400603,Mangaluru (Dakshina Kannada),3,2024-03-06,2024,3,PAR,Non-Heinous,Crimes Against Property,Dacoity,Charge Sheeted,12.87634,74.8003
604,100020003202500604,Bengaluru Rural,3,2025-07-02,2025,7,FIR,Non-Heinous,Crimes Against Body,Murder,Undetected,13.32748,77.50769
605,100180001202300605,Mandya,1,2023-02-04,2023,2,PAR,Heinous,Crimes Against Women,Molestation,Charge Sheeted,12.57229,76.89444
606,100040003202500606,Mangaluru (Dakshina Kannada),3,2025-08-18,2025,8,FIR,Non-Heinous,Crimes Against Property,Theft,Charge Sheeted,12.98593,74.84232
607,400070003202500607,Hubballi-Dharwad,3,2025-04-26,2025,4,UDR,Non-Heinous,Economic Offences,Cheating,Undetected,15.28483,75.04711
608,100030002202500608,Mysuru,2,2025-04-22,2025,4,FIR,Non-Heinous,Economic Offences,Forgery,Charge Sheeted,12.33393,76.63692
609,100080001202200609,Ballari,1,2022-09-18,2022,9,FIR,Heinous,Crimes Against Women,Molestation,Closed,15.10891,76.94778
610,100120001202400610,Vijayapura,1,2024-12-17,2024,12,FIR,Non-Heinous,Cyber Crime,Cyberstalking,Under Investigation,16.80873,75.61032
611,100140002202300611,Bidar,2,2023-04-26,2023,4,FIR,Non-Heinous,Crimes Against Property,Dacoity,Closed,17.89953,77.56292
612,100140002202600612,Bidar,2,2026-06-24,2026,6,FIR,Non-Heinous,Crimes Against Body,Grievous Hurt,Under Investigation,17.94059,77.51797
613,100070004202600613,Hubballi-Dharwad,4,2026-07-02,2026,7,FIR,Non-Heinous,Public Order,Unlawful Assembly,Under Investigation,15.37098,75.14959
614,100240004202300614,Kodagu,4,2023-09-19,2023,9,FIR,Non-Heinous,Economic Offences,Cheating,Under Investigation,12.43222,75.79058
615,100250001202600615,Ramanagara,1,2026-01-09,2026,1,FIR,Non-Heinous,Crimes Against Property,Dacoity,False Case,12.59322,77.2705
616,100020001202600616,Bengaluru Rural,1,2026-04-17,2026,4,FIR,Non-Heinous,Crimes Against Property,Robbery,Under Investigation,13.23694,77.54861
617,100140003202200617,Bidar,3,2022-02-17,2022,2,FIR,Non-Heinous,Crimes Against Women,Molestation,Undetected,17.93354,77.49391
618,100150001202400618,Chikkamagaluru,1,2024-03-17,2024,3,FIR,Non-Heinous,Crimes Against Property,Robbery,Charge Sheeted,13.27404,75.77954
619,700030004202200619,Mysuru,4,2022-08-20,2022,8,Zero FIR,Non-Heinous,Crimes Against Property,Theft,Under Investigation,12.32365,76.61169
620,100010002202500620,Bengaluru City,2,2025-11-21,2025,11,FIR,Non-Heinous,Crimes Against Property,Burglary,Closed,12.97306,77.58845
621,100120003202400621,Vijayapura,3,2024-07-17,2024,7,PAR,Non-Heinous,Crimes Against Property,Dacoity,Under Investigation,16.98564,75.66919
622,100010001202400622,Bengaluru City,1,2024-02-06,2024,2,FIR,Non-Heinous,Crimes Against Property,Burglary,Under Investigation,12.96944,77.59355
623,100270001202600623,Bagalkot,1,2026-09-02,2026,9,FIR,Non-Heinous,Public Order,Rioting,False Case,16.16187,75.67007
624,100270001202400624,Bagalkot,1,2024-08-01,2024,8,FIR,Non-Heinous,Economic Offences,Cheating,Closed,16.18899,75.69105
625,100080004202400625,Ballari,4,2024-12-08,2024,12,FIR,Non-Heinous,Cyber Crime,Identity Theft,Under Investigation,15.1175,76.82497
626,100060002202200626,Kalaburagi,2,2022-10-05,2022,10,FIR,Non-Heinous,Crimes Against Property,Robbery,False Case,17.28922,76.83487
627,100110004202500627,Davanagere,4,2025-09-05,2025,9,PAR,Heinous,Narcotics,NDPS Possession,Closed,14.51338,75.83898
628,100050002202600628,Belagavi,2,2026-04-19,2026,4,FIR,Non-Heinous,Cyber Crime,Online Fraud,Under Investigation,15.87914,74.50822
629,400070001202400629,Hubballi-Dharwad,1,2024-12-19,2024,12,UDR,Heinous,Crimes Against Body,Grievous Hurt,Under Investigation,15.36171,75.07839
630,100040002202300630,Mangaluru (Dakshina Kannada),2,2023-08-17,2023,8,PAR,Non-Heinous,Cyber Crime,Phishing,Under Investigation,12.87128,74.941
631,100170003202400631,Kolar,3,2024-09-14,2024,9,PAR,Non-Heinous,Crimes Against Body,Assault,Charge Sheeted,13.17815,78.09477
632,100080002202500632,Ballari,2,2025-09-19,2025,9,FIR,Non-Heinous,Crimes Against Body,Grievous Hurt,Under Investigation,15.13765,76.84963
633,100010002202400633,Bengaluru City,2,2024-02-26,2024,2,FIR,Heinous,Crimes Against Body,Attempt to Murder,False Case,12.9255,77.62682
634,100130003202600634,Raichur,3,2026-04-06,2026,4,PAR,Heinous,Narcotics,NDPS Trafficking,Charge Sheeted,16.13696,77.34409
635,100240004202600635,Kodagu,4,2026-07-06,2026,7,FIR,Heinous,Crimes Against Body,Murder,Under Investigation,12.37028,75.85444
636,100010004202300636,Bengaluru City,4,2023-11-01,2023,11,FIR,Non-Heinous,Crimes Against Women,Sexual Assault,Under Investigation,12.97655,77.59859
637,400020004202200637,Bengaluru Rural,4,2022-11-02,2022,11,UDR,Non-Heinous,Economic Offences,Forgery,Charge Sheeted,13.23552,77.53864
638,100030001202200638,Mysuru,1,2022-01-09,2022,1,FIR,Non-Heinous,Crimes Against Property,Burglary,Under Investigation,12.30933,76.65267
639,100090002202600639,Tumakuru,2,2026-09-22,2026,9,FIR,Non-Heinous,Crimes Against Body,Assault,Under Investigation,13.45221,77.02646
640,100040002202500640,Mangaluru (Dakshina Kannada),2,2025-12-08,2025,12,FIR,Non-Heinous,Economic Offences,Cheating,Under Investigation,12.91581,74.88885
641,100070002202400641,Hubballi-Dharwad,2,2024-07-16,2024,7,FIR,Non-Heinous,Crimes Against Property,Robbery,Charge Sheeted,15.20283,75.10595
642,100010004202400642,Bengaluru City,4,2024-07-18,2024,7,FIR,Heinous,Crimes Against Body,Grievous Hurt,Closed,13.07905,77.63723
643,100010003202200643,Bengaluru City,3,2022-04-13,2022,4,FIR,Non-Heinous,Crimes Against Women,Molestation,Charge Sheeted,12.95845,77.60695
644,100220004202400644,Yadgir,4,2024-04-17,2024,4,FIR,Non-Heinous,Crimes Against Property,Burglary,Closed,16.72941,77.09503
645,100050004202400645,Belagavi,4,2024-10-09,2024,10,FIR,Heinous,Crimes Against Body,Murder,Charge Sheeted,15.79202,74.40479
646,100190002202200646,Hassan,2,2022-08-27,2022,8,FIR,Non-Heinous,Crimes Against Women,Domestic Violence,Under Investigation,12.98758,76.01215
647,100230002202500647,Chamarajanagar,2,2025-12-18,2025,12,FIR,Non-Heinous,Cyber Crime,Identity Theft,Closed,11.93721,76.91783
648,100290003202600648,Gadag,3,2026-05-05,2026,5,FIR,Non-Heinous,Crimes Against Property,Dacoity,Charge Sheeted,15.36227,75.54604
649,100050001202600649,Belagavi,1,2026-06-16,2026,6,FIR,Heinous,Crimes Against Women,Domestic Violence,Under Investigation,15.87636,74.49234
650,100290002202200650,Gadag,2,2022-04-17,2022,4,FIR,Non-Heinous,Economic Offences,Cheating,Under Investigation,15.47996,75.66548
651,100070003202300651,Hubballi-Dharwad,3,2023-01-07,2023,1,FIR,Non-Heinous,Cyber Crime,Cyberstalking,Charge Sheeted,15.34456,75.06082
652,100160003202600652,Udupi,3,2026-12-16,2026,12,PAR,Non-Heinous,Crimes Against Body,Attempt to Murder,Charge Sheeted,13.28323,74.72777
653,100020002202300653,Bengaluru Rural,2,2023-01-04,2023,1,FIR,Heinous,Crimes Against Body,Grievous Hurt,False Case,13.24508,77.71175
654,100280002202400654,Haveri,2,2024-08-08,2024,8,FIR,Heinous,Crimes Against Women,Sexual Assault,Charge Sheeted,14.67427,75.34482
655,100130002202400655,Raichur,2,2024-05-12,2024,5,FIR,Non-Heinous,Economic Offences,Forgery,Charge Sheeted,16.20174,77.29971
656,700110002202500656,Davanagere,2,2025-07-15,2025,7,Zero FIR,Non-Heinous,Crimes Against Property,Theft,Undetected,14.51829,75.94629
657,100050002202500657,Belagavi,2,2025-06-01,2025,6,FIR,Non-Heinous,Crimes Against Property,Dacoity,Undetected,15.86207,74.52365
658,100070002202600658,Hubballi-Dharwad,2,2026-04-05,2026,4,FIR,Non-Heinous,Public Order,Rioting,Under Investigation,15.45296,75.18941
659,100040003202500659,Mangaluru (Dakshina Kannada),3,2025-11-21,2025,11,FIR,Non-Heinous,Crimes Against Body,Attempt to Murder,Under Investigation,12.86429,74.82033
660,700230002202300660,Chamarajanagar,2,2023-07-07,2023,7,Zero FIR,Non-Heinous,Economic Offences,Forgery,Under Investigation,11.90274,77.00698
661,100180001202600661,Mandya,1,2026-12-22,2026,12,FIR,Non-Heinous,Crimes Against Women,Dowry Harassment,Closed,12.57545,76.98931
662,100030001202500662,Mysuru,1,2025-02-25,2025,2,FIR,Non-Heinous,Economic Offences,Criminal Breach of Trust,False Case,12.25381,76.61393
663,100240004202500663,Kodagu,4,2025-02-08,2025,2,FIR,Non-Heinous,Cyber Crime,Identity Theft,Closed,12.45968,75.78093
664,100160004202500664,Udupi,4,2025-07-14,2025,7,FIR,Non-Heinous,Crimes Against Property,Dacoity,Charge Sheeted,13.27447,74.75672
665,100120002202400665,Vijayapura,2,2024-07-12,2024,7,FIR,Non-Heinous,Economic Offences,Criminal Breach of Trust,False Case,16.82379,75.56241
666,100240002202600666,Kodagu,2,2026-10-27,2026,10,FIR,Non-Heinous,Crimes Against Property,Theft,Under Investigation,12.40595,75.80772
667,100220004202300667,Yadgir,4,2023-12-07,2023,12,FIR,Non-Heinous,Crimes Against Body,Assault,Undetected,16.78299,77.22041
668,100280001202400668,Haveri,1,2024-06-02,2024,6,FIR,Non-Heinous,Crimes Against Property,Dacoity,Under Investigation,14.90486,75.41001
669,100150004202300669,Chikkamagaluru,4,2023-07-23,2023,7,PAR,Non-Heinous,Economic Offences,Criminal Breach of Trust,Closed,13.30617,75.84398
670,100040003202500670,Mangaluru (Dakshina Kannada),3,2025-09-09,2025,9,FIR,Non-Heinous,Crimes Against Property,Burglary,Closed,12.91266,74.85263
671,100110002202600671,Davanagere,2,2026-04-15,2026,4,PAR,Non-Heinous,Economic Offences,Criminal Breach of Trust,Undetected,14.43478,75.94697
672,100220002202400672,Yadgir,2,2024-03-02,2024,3,FIR,Heinous,Crimes Against Body,Attempt to Murder,Under Investigation,16.76732,77.04758
673,100070002202500673,Hubballi-Dharwad,2,2025-05-07,2025,5,FIR,Non-Heinous,Crimes Against Property,Robbery,Charge Sheeted,15.35891,75.20677
674,100240001202600674,Kodagu,1,2026-03-05,2026,3,FIR,Non-Heinous,Cyber Crime,Cyberstalking,Closed,12.40336,75.76936
675,100040002202400675,Mangaluru (Dakshina Kannada),2,2024-02-08,2024,2,PAR,Heinous,Crimes Against Women,Dowry Harassment,Charge Sheeted,12.94602,74.89981
676,100090004202300676,Tumakuru,4,2023-11-02,2023,11,FIR,Non-Heinous,Crimes Against Women,Sexual Assault,Closed,13.37211,77.10537
677,100180004202600677,Mandya,4,2026-02-14,2026,2,FIR,Non-Heinous,Cyber Crime,Phishing,Charge Sheeted,12.52009,76.84719
678,100090004202600678,Tumakuru,4,2026-05-16,2026,5,FIR,Heinous,Crimes Against Body,Assault,Closed,13.27013,77.14476
679,100170004202600679,Kolar,4,2026-03-04,2026,3,FIR,Non-Heinous,Crimes Against Body,Assault,Charge Sheeted,13.14652,78.08724
680,400010002202400680,Bengaluru City,2,2024-11-21,2024,11,UDR,Heinous,Crimes Against Body,Assault,Under Investigation,13.04788,77.51855
681,100120001202400681,Vijayapura,1,2024-04-01,2024,4,FIR,Non-Heinous,Crimes Against Property,Robbery,Under Investigation,16.88947,75.7133
682,400130001202600682,Raichur,1,2026-03-23,2026,3,UDR,Non-Heinous,Economic Offences,Criminal Breach of Trust,False Case,16.23725,77.39197
683,100160002202500683,Udupi,2,2025-12-11,2025,12,FIR,Non-Heinous,Crimes Against Body,Attempt to Murder,Charge Sheeted,13.25476,74.75106
684,100040003202600684,Mangaluru (Dakshina Kannada),3,2026-07-13,2026,7,FIR,Non-Heinous,Crimes Against Property,Dacoity,Under Investigation,12.89573,74.79375
685,100050004202400685,Belagavi,4,2024-03-04,2024,3,FIR,Heinous,Crimes Against Body,Assault,Charge Sheeted,15.77447,74.48312
686,100240003202600686,Kodagu,3,2026-01-24,2026,1,FIR,Non-Heinous,Crimes Against Women,Sexual Assault,Closed,12.39162,75.80804
687,100020004202300687,Bengaluru Rural,4,2023-07-12,2023,7,FIR,Non-Heinous,Economic Offences,Criminal Breach of Trust,Charge Sheeted,13.17932,77.46704
688,100070003202400688,Hubballi-Dharwad,3,2024-06-19,2024,6,FIR,Heinous,Crimes Against Body,Grievous Hurt,Closed,15.36547,75.15283
689,100180004202400689,Mandya,4,2024-06-06,2024,6,PAR,Non-Heinous,Crimes Against Property,Robbery,Under Investigation,12.42834,76.95708
690,100030003202500690,Mysuru,3,2025-02-18,2025,2,FIR,Non-Heinous,Crimes Against Women,Domestic Violence,False Case,12.3103,76.58068
691,100130001202500691,Raichur,1,2025-05-07,2025,5,FIR,Heinous,Crimes Against Body,Grievous Hurt,Undetected,16.22624,77.3341
692,700080003202600692,Ballari,3,2026-04-19,2026,4,Zero FIR,Non-Heinous,Cyber Crime,Cyberstalking,Under Investigation,15.14028,76.86544
693,700240003202300693,Kodagu,3,2023-06-18,2023,6,Zero FIR,Non-Heinous,Crimes Against Property,Theft,Under Investigation,12.22213,75.79234
694,100280003202500694,Haveri,3,2025-12-27,2025,12,FIR,Heinous,Crimes Against Women,Molestation,Charge Sheeted,14.87963,75.43272
695,100130003202400695,Raichur,3,2024-08-27,2024,8,PAR,Non-Heinous,Cyber Crime,Phishing,Charge Sheeted,16.24827,77.39568
696,100130003202500696,Raichur,3,2025-09-01,2025,9,FIR,Non-Heinous,Crimes Against Property,Theft,Undetected,16.23878,77.25426
697,100040001202600697,Mangaluru (Dakshina Kannada),1,2026-12-16,2026,12,FIR,Non-Heinous,Crimes Against Property,Theft,Under Investigation,12.89071,74.93342
698,100050002202500698,Belagavi,2,2025-02-08,2025,2,PAR,Non-Heinous,Narcotics,NDPS Possession,False Case,15.87697,74.43567
699,400170002202600699,Kolar,2,2026-10-01,2026,10,UDR,Non-Heinous,Crimes Against Property,Burglary,Under Investigation,13.04868,78.16481
700,100180001202500700,Mandya,1,2025-02-09,2025,2,FIR,Non-Heinous,Cyber Crime,Cyberstalking,Closed,12.47638,76.86407
701,100020001202600701,Bengaluru Rural,1,2026-12-09,2026,12,FIR,Non-Heinous,Crimes Against Women,Molestation,Charge Sheeted,13.38168,77.54642
702,400020002202500702,Bengaluru Rural,2,2025-06-20,2025,6,UDR,Non-Heinous,Economic Offences,Criminal Breach of Trust,Undetected,13.28037,77.59036
703,100230004202600703,Chamarajanagar,4,2026-09-21,2026,9,FIR,Heinous,Crimes Against Body,Assault,False Case,11.85708,76.96457
704,100130003202600704,Raichur,3,2026-03-05,2026,3,FIR,Heinous,Crimes Against Body,Grievous Hurt,Charge Sheeted,16.20364,77.28034
705,100150004202300705,Chikkamagaluru,4,2023-09-22,2023,9,FIR,Non-Heinous,Crimes Against Property,Robbery,Charge Sheeted,13.2958,75.73629
706,100030002202600706,Mysuru,2,2026-03-26,2026,3,FIR,Non-Heinous,Crimes Against Body,Assault,Charge Sheeted,12.23783,76.70284
707,100020004202400707,Bengaluru Rural,4,2024-06-24,2024,6,FIR,Non-Heinous,Crimes Against Women,Molestation,False Case,13.29095,77.56201
708,100010001202600708,Bengaluru City,1,2026-07-17,2026,7,FIR,Non-Heinous,Crimes Against Body,Murder,Undetected,12.9864,77.49743
709,700240004202400709,Kodagu,4,2024-05-21,2024,5,Zero FIR,Non-Heinous,Crimes Against Property,Theft,Charge Sheeted,12.3918,75.83876
710,100010004202300710,Bengaluru City,4,2023-10-06,2023,10,FIR,Non-Heinous,Crimes Against Body,Murder,Closed,12.91372,77.50046
711,100020002202200711,Bengaluru Rural,2,2022-07-12,2022,7,FIR,Non-Heinous,Crimes Against Property,Robbery,Undetected,13.33081,77.49806
712,400020001202600712,Bengaluru Rural,1,2026-11-09,2026,11,UDR,Non-Heinous,Crimes Against Body,Murder,Charge Sheeted,13.33824,77.64906
713,100010004202200713,Bengaluru City,4,2022-11-02,2022,11,FIR,Non-Heinous,Crimes Against Property,Dacoity,Charge Sheeted,12.98396,77.60373
714,100030001202600714,Mysuru,1,2026-02-07,2026,2,FIR,Non-Heinous,Crimes Against Property,Burglary,Charge Sheeted,12.33356,76.67443
715,100020004202600715,Bengaluru Rural,4,2026-03-03,2026,3,FIR,Non-Heinous,Crimes Against Body,Assault,False Case,13.30685,77.50215
716,100160001202400716,Udupi,1,2024-01-09,2024,1,FIR,Non-Heinous,Crimes Against Body,Attempt to Murder,Under Investigation,13.33726,74.78777
717,100050004202500717,Belagavi,4,2025-03-25,2025,3,PAR,Non-Heinous,Cyber Crime,Online Fraud,Closed,15.81315,74.62568
718,100210002202400718,Koppal,2,2024-04-25,2024,4,FIR,Heinous,Narcotics,NDPS Trafficking,Under Investigation,15.29776,76.14436
719,700220004202500719,Yadgir,4,2025-05-07,2025,5,Zero FIR,Non-Heinous,Crimes Against Women,Dowry Harassment,Under Investigation,16.8535,77.1333
720,700280002202600720,Haveri,2,2026-03-23,2026,3,Zero FIR,Non-Heinous,Economic Offences,Criminal Breach of Trust,Closed,14.79712,75.46706
721,100220001202200721,Yadgir,1,2022-10-18,2022,10,FIR,Non-Heinous,Economic Offences,Forgery,Charge Sheeted,16.76236,77.0326
722,100050003202600722,Belagavi,3,2026-11-04,2026,11,FIR,Non-Heinous,Crimes Against Women,Domestic Violence,Under Investigation,15.87254,74.64201
723,700010002202400723,Bengaluru City,2,2024-10-08,2024,10,Zero FIR,Non-Heinous,Crimes Against Property,Dacoity,Under Investigation,13.06455,77.48644
724,400090002202500724,Tumakuru,2,2025-10-20,2025,10,UDR,Heinous,Crimes Against Body,Murder,Closed,13.33827,77.08593
725,400270004202600725,Bagalkot,4,2026-02-14,2026,2,UDR,Heinous,Crimes Against Body,Attempt to Murder,Charge Sheeted,16.15516,75.69201
726,100030003202500726,Mysuru,3,2025-03-09,2025,3,FIR,Non-Heinous,Crimes Against Property,Robbery,False Case,12.34082,76.65064
727,100130002202600727,Raichur,2,2026-07-13,2026,7,FIR,Non-Heinous,Crimes Against Property,Dacoity,Under Investigation,16.17182,77.30929
728,100130002202600728,Raichur,2,2026-04-06,2026,4,FIR,Non-Heinous,Economic Offences,Criminal Breach of Trust,Closed,16.11146,77.48391
729,100140002202500729,Bidar,2,2025-12-14,2025,12,FIR,Non-Heinous,Crimes Against Property,Burglary,Under Investigation,17.89913,77.51335
730,700210001202300730,Koppal,1,2023-04-16,2023,4,Zero FIR,Heinous,Crimes Against Body,Assault,Under Investigation,15.23658,76.21751
731,400130004202600731,Raichur,4,2026-01-05,2026,1,UDR,Non-Heinous,Economic Offences,Criminal Breach of Trust,Under Investigation,16.22059,77.29883
732,100020002202500732,Bengaluru Rural,2,2025-01-14,2025,1,FIR,Heinous,Crimes Against Body,Murder,Undetected,13.32396,77.52435
733,100060004202600733,Kalaburagi,4,2026-02-03,2026,2,FIR,Non-Heinous,Crimes Against Women,Sexual Assault,Charge Sheeted,17.29036,76.84553
734,100160001202200734,Udupi,1,2022-04-16,2022,4,FIR,Non-Heinous,Crimes Against Women,Domestic Violence,Charge Sheeted,13.29366,74.7151
735,100110004202600735,Davanagere,4,2026-02-20,2026,2,FIR,Non-Heinous,Crimes Against Body,Attempt to Murder,Under Investigation,14.57485,75.88019
736,700050001202500736,Belagavi,1,2025-04-09,2025,4,Zero FIR,Non-Heinous,Crimes Against Property,Theft,Under Investigation,15.87416,74.52622
737,100230003202500737,Chamarajanagar,3,2025-05-06,2025,5,PAR,Non-Heinous,Crimes Against Property,Dacoity,Under Investigation,11.91966,76.90987
738,400170001202600738,Kolar,1,2026-05-21,2026,5,UDR,Non-Heinous,Crimes Against Property,Theft,Charge Sheeted,13.16012,78.19546
739,100200002202500739,Chitradurga,2,2025-12-26,2025,12,FIR,Non-Heinous,Crimes Against Property,Theft,Charge Sheeted,14.30623,76.4455
740,100140004202600740,Bidar,4,2026-04-04,2026,4,FIR,Non-Heinous,Cyber Crime,Phishing,Charge Sheeted,17.87695,77.57422
741,100030003202400741,Mysuru,3,2024-08-18,2024,8,FIR,Non-Heinous,Crimes Against Women,Dowry Harassment,Under Investigation,12.39142,76.59028
742,100070002202300742,Hubballi-Dharwad,2,2023-12-19,2023,12,FIR,Non-Heinous,Crimes Against Property,Burglary,Charge Sheeted,15.32441,75.07106
743,100040002202500743,Mangaluru (Dakshina Kannada),2,2025-02-16,2025,2,FIR,Heinous,Crimes Against Body,Assault,Under Investigation,12.87598,74.90014
744,100110003202600744,Davanagere,3,2026-03-11,2026,3,FIR,Non-Heinous,Crimes Against Property,Dacoity,Closed,14.46166,75.97187
745,100220002202500745,Yadgir,2,2025-07-20,2025,7,PAR,Heinous,Crimes Against Body,Grievous Hurt,Closed,16.76661,77.16159
746,100130003202200746,Raichur,3,2022-07-08,2022,7,FIR,Non-Heinous,Crimes Against Women,Sexual Assault,Charge Sheeted,16.18517,77.3138
747,100070004202300747,Hubballi-Dharwad,4,2023-11-15,2023,11,FIR,Non-Heinous,Crimes Against Body,Grievous Hurt,Under Investigation,15.36448,75.05487
748,100100001202200748,Shivamogga,1,2022-06-24,2022,6,FIR,Non-Heinous,Cyber Crime,Phishing,Charge Sheeted,13.90454,75.53416
749,100130003202600749,Raichur,3,2026-08-24,2026,8,FIR,Non-Heinous,Crimes Against Women,Domestic Violence,Closed,16.16881,77.31086
750,100140002202400750,Bidar,2,2024-09-01,2024,9,PAR,Heinous,Crimes Against Body,Grievous Hurt,Under Investigation,17.86961,77.60543
751,100280003202300751,Haveri,3,2023-03-01,2023,3,FIR,Non-Heinous,Crimes Against Property,Burglary,Charge Sheeted,14.67393,75.38333
752,100040002202400752,Mangaluru (Dakshina Kannada),2,2024-04-05,2024,4,FIR,Non-Heinous,Public Order,Rioting,Under Investigation,12.88088,74.81035
753,100020002202300753,Bengaluru Rural,2,2023-08-03,2023,8,FIR,Non-Heinous,Crimes Against Women,Molestation,Charge Sheeted,13.29368,77.59888
754,100090001202500754,Tumakuru,1,2025-08-26,2025,8,FIR,Non-Heinous,Crimes Against Body,Grievous Hurt,Under Investigation,13.30552,77.10799
755,100050004202400755,Belagavi,4,2024-12-01,2024,12,FIR,Non-Heinous,Economic Offences,Forgery,Charge Sheeted,15.8977,74.4486
756,100010002202200756,Bengaluru City,2,2022-05-06,2022,5,PAR,Non-Heinous,Crimes Against Property,Robbery,Under Investigation,13.06705,77.61412
757,100070001202600757,Hubballi-Dharwad,1,2026-05-20,2026,5,PAR,Non-Heinous,Crimes Against Property,Dacoity,Charge Sheeted,15.46591,75.11704
758,100030002202600758,Mysuru,2,2026-06-26,2026,6,FIR,Non-Heinous,Economic Offences,Cheating,Undetected,12.30893,76.57835
759,100240002202400759,Kodagu,2,2024-11-25,2024,11,FIR,Heinous,Crimes Against Body,Attempt to Murder,False Case,12.41861,75.68647
760,100150001202500760,Chikkamagaluru,1,2025-04-14,2025,4,FIR,Non-Heinous,Narcotics,NDPS Trafficking,Charge Sheeted,13.30043,75.75209
761,100220002202200761,Yadgir,2,2022-12-02,2022,12,PAR,Non-Heinous,Crimes Against Property,Burglary,Closed,16.77573,77.12661
762,100090004202200762,Tumakuru,4,2022-08-07,2022,8,FIR,Non-Heinous,Crimes Against Body,Murder,Under Investigation,13.37153,77.13363
763,100030003202500763,Mysuru,3,2025-07-06,2025,7,FIR,Non-Heinous,Economic Offences,Cheating,Under Investigation,12.4082,76.54202
764,100160003202400764,Udupi,3,2024-06-15,2024,6,FIR,Non-Heinous,Economic Offences,Criminal Breach of Trust,Undetected,13.40432,74.76852
765,100170004202500765,Kolar,4,2025-01-23,2025,1,FIR,Non-Heinous,Crimes Against Body,Grievous Hurt,Charge Sheeted,13.21429,78.06707
766,100040003202500766,Mangaluru (Dakshina Kannada),3,2025-10-20,2025,10,FIR,Non-Heinous,Cyber Crime,Identity Theft,Charge Sheeted,12.9173,74.89905
767,100130002202400767,Raichur,2,2024-03-11,2024,3,FIR,Non-Heinous,Crimes Against Body,Assault,Under Investigation,16.2574,77.33177
768,100080003202400768,Ballari,3,2024-02-25,2024,2,PAR,Non-Heinous,Crimes Against Property,Robbery,Closed,15.18652,76.95571
769,100260001202300769,Chikkaballapur,1,2023-03-23,2023,3,FIR,Non-Heinous,Crimes Against Body,Murder,Charge Sheeted,13.37548,77.71697
770,100190002202500770,Hassan,2,2025-09-19,2025,9,FIR,Non-Heinous,Crimes Against Women,Domestic Violence,Under Investigation,13.0423,76.06231
771,700130004202300771,Raichur,4,2023-05-04,2023,5,Zero FIR,Non-Heinous,Economic Offences,Forgery,Charge Sheeted,16.23893,77.2912
772,100050001202300772,Belagavi,1,2023-11-26,2023,11,FIR,Non-Heinous,Economic Offences,Forgery,Undetected,15.82046,74.54726
773,100030003202200773,Mysuru,3,2022-01-06,2022,1,FIR,Non-Heinous,Crimes Against Property,Theft,Charge Sheeted,12.34057,76.58537
774,100010001202600774,Bengaluru City,1,2026-11-21,2026,11,PAR,Non-Heinous,Crimes Against Property,Robbery,Undetected,12.90632,77.55459
775,400210004202600775,Koppal,4,2026-09-05,2026,9,UDR,Non-Heinous,Crimes Against Body,Assault,Charge Sheeted,15.408,76.15124
776,100050001202500776,Belagavi,1,2025-12-20,2025,12,FIR,Non-Heinous,Crimes Against Women,Dowry Harassment,Closed,15.86035,74.46597
777,100240001202300777,Kodagu,1,2023-12-26,2023,12,FIR,Non-Heinous,Economic Offences,Criminal Breach of Trust,Undetected,12.46751,75.72968
778,100110003202600778,Davanagere,3,2026-07-24,2026,7,FIR,Non-Heinous,Crimes Against Property,Burglary,Under Investigation,14.53529,75.9597
779,100210004202200779,Koppal,4,2022-08-24,2022,8,FIR,Non-Heinous,Narcotics,NDPS Possession,Under Investigation,15.45174,76.02635
780,100210002202300780,Koppal,2,2023-10-13,2023,10,FIR,Non-Heinous,Crimes Against Property,Robbery,Under Investigation,15.35602,76.16888
781,100160004202400781,Udupi,4,2024-01-12,2024,1,FIR,Non-Heinous,Crimes Against Women,Sexual Assault,Undetected,13.33388,74.78199
782,100070003202400782,Hubballi-Dharwad,3,2024-09-07,2024,9,FIR,Non-Heinous,Crimes Against Body,Assault,Charge Sheeted,15.35431,75.11349
783,100010003202400783,Bengaluru City,3,2024-05-23,2024,5,FIR,Heinous,Crimes Against Body,Attempt to Murder,False Case,12.99417,77.60053
784,100010004202400784,Bengaluru City,4,2024-09-14,2024,9,FIR,Non-Heinous,Crimes Against Property,Burglary,False Case,12.98522,77.63325
785,100020003202400785,Bengaluru Rural,3,2024-08-01,2024,8,FIR,Non-Heinous,Crimes Against Property,Theft,False Case,13.26436,77.43742
786,100090002202300786,Tumakuru,2,2023-07-01,2023,7,FIR,Non-Heinous,Cyber Crime,Online Fraud,Closed,13.30911,77.1747
787,700020001202200787,Bengaluru Rural,1,2022-02-01,2022,2,Zero FIR,Non-Heinous,Economic Offences,Cheating,Under Investigation,13.31752,77.51538
788,700030002202400788,Mysuru,2,2024-11-03,2024,11,Zero FIR,Non-Heinous,Economic Offences,Forgery,Charge Sheeted,12.32667,76.62351
789,400100002202600789,Shivamogga,2,2026-05-23,2026,5,UDR,Non-Heinous,Crimes Against Property,Robbery,False Case,14.00443,75.53854
790,700020002202300790,Bengaluru Rural,2,2023-07-13,2023,7,Zero FIR,Non-Heinous,Public Order,Rioting,Under Investigation,13.27761,77.68934
791,100190002202200791,Hassan,2,2022-04-15,2022,4,FIR,Non-Heinous,Crimes Against Women,Domestic Violence,Under Investigation,13.0806,76.16549
792,100240002202300792,Kodagu,2,2023-10-23,2023,10,FIR,Non-Heinous,Economic Offences,Forgery,Undetected,12.2251,75.82986
793,100090001202300793,Tumakuru,1,2023-04-17,2023,4,FIR,Non-Heinous,Economic Offences,Forgery,Under Investigation,13.34271,77.13108
794,700240004202200794,Kodagu,4,2022-08-18,2022,8,Zero FIR,Heinous,Crimes Against Body,Grievous Hurt,Under Investigation,12.23401,75.7997
795,100160002202300795,Udupi,2,2023-11-07,2023,11,FIR,Non-Heinous,Crimes Against Property,Burglary,False Case,13.28176,74.81896
796,100050002202400796,Belagavi,2,2024-05-04,2024,5,FIR,Non-Heinous,Economic Offences,Criminal Breach of Trust,False Case,15.82224,74.52342
797,100010002202200797,Bengaluru City,2,2022-01-05,2022,1,FIR,Non-Heinous,Crimes Against Women,Domestic Violence,Closed,12.99418,77.66112
798,100220003202400798,Yadgir,3,2024-11-03,2024,11,FIR,Heinous,Crimes Against Body,Attempt to Murder,Under Investigation,16.83728,77.12515
799,100060002202600799,Kalaburagi,2,2026-10-06,2026,10,FIR,Heinous,Crimes Against Women,Dowry Harassment,Closed,17.38126,76.84828
800,100050002202200800,Belagavi,2,2022-10-25,2022,10,FIR,Non-Heinous,Crimes Against Property,Dacoity,Charge Sheeted,15.87428,74.55859
801,100050004202300801,Belagavi,4,2023-08-21,2023,8,FIR,Non-Heinous,Crimes Against Body,Grievous Hurt,Under Investigation,15.85102,74.55462
802,100280004202600802,Haveri,4,2026-11-23,2026,11,FIR,Non-Heinous,Economic Offences,Criminal Breach of Trust,Under Investigation,14.71027,75.43931
803,100040004202500803,Mangaluru (Dakshina Kannada),4,2025-12-13,2025,12,FIR,Non-Heinous,Cyber Crime,Phishing,Under Investigation,13.05222,74.85454
804,100100001202500804,Shivamogga,1,2025-06-10,2025,6,FIR,Non-Heinous,Crimes Against Property,Robbery,Charge Sheeted,13.97805,75.54845
805,100170004202200805,Kolar,4,2022-11-25,2022,11,FIR,Non-Heinous,Crimes Against Women,Domestic Violence,Undetected,13.18161,78.19655
806,100240004202500806,Kodagu,4,2025-11-21,2025,11,FIR,Non-Heinous,Crimes Against Women,Molestation,Closed,12.35457,75.79615
807,400050003202600807,Belagavi,3,2026-05-03,2026,5,UDR,Non-Heinous,Crimes Against Property,Burglary,Under Investigation,15.84731,74.45501
808,700060003202300808,Kalaburagi,3,2023-10-21,2023,10,Zero FIR,Non-Heinous,Economic Offences,Forgery,Under Investigation,17.42257,76.73814
809,100010003202300809,Bengaluru City,3,2023-01-17,2023,1,FIR,Non-Heinous,Crimes Against Women,Domestic Violence,Under Investigation,12.97566,77.49099
810,100200001202600810,Chitradurga,1,2026-09-25,2026,9,FIR,Non-Heinous,Crimes Against Body,Grievous Hurt,Under Investigation,14.3141,76.4637
811,100010003202200811,Bengaluru City,3,2022-02-15,2022,2,FIR,Non-Heinous,Economic Offences,Criminal Breach of Trust,Undetected,13.01061,77.57866
812,100020003202400812,Bengaluru Rural,3,2024-02-15,2024,2,FIR,Non-Heinous,Cyber Crime,Cyberstalking,False Case,13.20252,77.49724
813,100280002202600813,Haveri,2,2026-02-22,2026,2,FIR,Heinous,Crimes Against Body,Grievous Hurt,False Case,14.84394,75.34699
814,700240004202200814,Kodagu,4,2022-01-27,2022,1,Zero FIR,Non-Heinous,Cyber Crime,Online Fraud,Undetected,12.38151,75.83206
815,100020002202400815,Bengaluru Rural,2,2024-10-10,2024,10,FIR,Non-Heinous,Crimes Against Property,Dacoity,Closed,13.30888,77.55816
816,100090004202500816,Tumakuru,4,2025-10-09,2025,10,FIR,Non-Heinous,Crimes Against Body,Assault,Under Investigation,13.32244,76.97583
817,100040003202500817,Mangaluru (Dakshina Kannada),3,2025-11-27,2025,11,FIR,Heinous,Crimes Against Body,Assault,Closed,12.8511,74.83626
818,100040003202500818,Mangaluru (Dakshina Kannada),3,2025-02-08,2025,2,PAR,Non-Heinous,Economic Offences,Cheating,Charge Sheeted,13.01785,74.87104
819,100290001202300819,Gadag,1,2023-07-01,2023,7,FIR,Non-Heinous,Crimes Against Women,Molestation,False Case,15.39243,75.43426
820,100020003202600820,Bengaluru Rural,3,2026-02-20,2026,2,FIR,Non-Heinous,Cyber Crime,Phishing,Charge Sheeted,13.35722,77.51237
821,400120001202500821,Vijayapura,1,2025-03-20,2025,3,UDR,Non-Heinous,Crimes Against Property,Dacoity,Charge Sheeted,16.84621,75.74968
822,100140001202300822,Bidar,1,2023-12-27,2023,12,FIR,Non-Heinous,Economic Offences,Forgery,Under Investigation,17.94774,77.57692
823,100050001202600823,Belagavi,1,2026-01-14,2026,1,FIR,Non-Heinous,Narcotics,NDPS Trafficking,Closed,15.91402,74.43205
824,100230001202200824,Chamarajanagar,1,2022-09-12,2022,9,FIR,Non-Heinous,Economic Offences,Forgery,Charge Sheeted,11.98301,76.96681
825,100040003202400825,Mangaluru (Dakshina Kannada),3,2024-07-02,2024,7,FIR,Heinous,Crimes Against Body,Murder,False Case,12.89896,74.89518
826,700050001202400826,Belagavi,1,2024-04-13,2024,4,Zero FIR,Non-Heinous,Cyber Crime,Identity Theft,False Case,15.92396,74.48485
827,100220004202400827,Yadgir,4,2024-08-05,2024,8,FIR,Non-Heinous,Crimes Against Property,Theft,False Case,16.67223,77.04119
828,100050001202200828,Belagavi,1,2022-03-16,2022,3,FIR,Non-Heinous,Crimes Against Body,Grievous Hurt,Closed,15.93524,74.58118
829,100130004202300829,Raichur,4,2023-07-27,2023,7,FIR,Heinous,Narcotics,NDPS Possession,Under Investigation,16.18949,77.36119
830,100280004202200830,Haveri,4,2022-03-20,2022,3,FIR,Non-Heinous,Crimes Against Property,Theft,False Case,14.8442,75.40709
831,100050002202300831,Belagavi,2,2023-03-16,2023,3,FIR,Heinous,Crimes Against Women,Molestation,Under Investigation,15.8707,74.52182
832,700260001202200832,Chikkaballapur,1,2022-04-26,2022,4,Zero FIR,Non-Heinous,Cyber Crime,Online Fraud,Under Investigation,13.38774,77.7152
833,400200001202500833,Chitradurga,1,2025-01-14,2025,1,UDR,Heinous,Narcotics,NDPS Possession,Under Investigation,14.26268,76.314
834,100210001202200834,Koppal,1,2022-09-10,2022,9,FIR,Non-Heinous,Crimes Against Property,Dacoity,Charge Sheeted,15.45749,76.05596
835,100110004202500835,Davanagere,4,2025-01-26,2025,1,PAR,Non-Heinous,Crimes Against Body,Attempt to Murder,Under Investigation,14.5612,75.94397
836,100230004202200836,Chamarajanagar,4,2022-02-18,2022,2,FIR,Non-Heinous,Cyber Crime,Phishing,Charge Sheeted,11.96161,77.01212
837,100110004202300837,Davanagere,4,2023-08-10,2023,8,FIR,Non-Heinous,Narcotics,NDPS Possession,Charge Sheeted,14.48609,75.8721
838,100010001202500838,Bengaluru City,1,2025-05-07,2025,5,FIR,Non-Heinous,Cyber Crime,Cyberstalking,Closed,12.98332,77.57249
839,100130004202300839,Raichur,4,2023-05-14,2023,5,FIR,Non-Heinous,Crimes Against Property,Dacoity,Charge Sheeted,16.10437,77.39945
840,100190004202500840,Hassan,4,2025-02-16,2025,2,FIR,Non-Heinous,Cyber Crime,Phishing,Under Investigation,12.97166,76.06023
841,700240004202600841,Kodagu,4,2026-01-06,2026,1,Zero FIR,Non-Heinous,Crimes Against Body,Grievous Hurt,Charge Sheeted,12.46715,75.81712
842,100130002202400842,Raichur,2,2024-01-01,2024,1,FIR,Non-Heinous,Crimes Against Property,Theft,Undetected,16.27206,77.31697
843,100090004202200843,Tumakuru,4,2022-07-16,2022,7,PAR,Heinous,Crimes Against Body,Attempt to Murder,Charge Sheeted,13.22991,77.08188
844,400250001202300844,Ramanagara,1,2023-08-02,2023,8,UDR,Non-Heinous,Crimes Against Body,Grievous Hurt,Undetected,12.82396,77.29918
845,100030002202600845,Mysuru,2,2026-03-27,2026,3,PAR,Non-Heinous,Crimes Against Body,Murder,Closed,12.29336,76.63321
846,100020003202600846,Bengaluru Rural,3,2026-02-06,2026,2,FIR,Non-Heinous,Crimes Against Property,Robbery,Under Investigation,13.34477,77.56846
847,700120002202400847,Vijayapura,2,2024-05-27,2024,5,Zero FIR,Non-Heinous,Cyber Crime,Cyberstalking,Charge Sheeted,16.82075,75.71892
848,100110003202400848,Davanagere,3,2024-12-03,2024,12,FIR,Non-Heinous,Cyber Crime,Phishing,Closed,14.53611,75.97241
849,100270004202400849,Bagalkot,4,2024-03-27,2024,3,FIR,Non-Heinous,Crimes Against Women,Dowry Harassment,Under Investigation,16.24838,75.65266
850,100020001202600850,Bengaluru Rural,1,2026-06-27,2026,6,FIR,Non-Heinous,Crimes Against Property,Robbery,Under Investigation,13.31432,77.55953
851,100190003202400851,Hassan,3,2024-06-24,2024,6,FIR,Non-Heinous,Crimes Against Women,Domestic Violence,Charge Sheeted,12.93432,76.07603
852,700090003202300852,Tumakuru,3,2023-06-11,2023,6,Zero FIR,Heinous,Crimes Against Body,Assault,Under Investigation,13.30127,77.09968
853,100240003202400853,Kodagu,3,2024-08-12,2024,8,FIR,Heinous,Crimes Against Women,Dowry Harassment,Charge Sheeted,12.43326,75.79567
854,100020001202500854,Bengaluru Rural,1,2025-11-04,2025,11,FIR,Non-Heinous,Crimes Against Body,Assault,Closed,13.26324,77.53664
855,100240003202600855,Kodagu,3,2026-03-01,2026,3,FIR,Heinous,Crimes Against Women,Sexual Assault,Closed,12.32583,75.78904
856,400070003202400856,Hubballi-Dharwad,3,2024-11-15,2024,11,UDR,Non-Heinous,Crimes Against Property,Burglary,Closed,15.36614,75.12754
857,100070003202400857,Hubballi-Dharwad,3,2024-12-14,2024,12,FIR,Non-Heinous,Cyber Crime,Online Fraud,Closed,15.36813,75.17158
858,100060002202600858,Kalaburagi,2,2026-05-21,2026,5,FIR,Non-Heinous,Crimes Against Property,Burglary,Undetected,17.42374,76.77198
859,400190001202500859,Hassan,1,2025-03-04,2025,3,UDR,Non-Heinous,Cyber Crime,Online Fraud,Charge Sheeted,12.89033,76.10436
860,100130002202400860,Raichur,2,2024-07-10,2024,7,FIR,Non-Heinous,Economic Offences,Forgery,False Case,16.23805,77.36715
861,100130003202600861,Raichur,3,2026-05-24,2026,5,PAR,Non-Heinous,Crimes Against Women,Sexual Assault,Closed,16.18933,77.3753
862,100140004202500862,Bidar,4,2025-04-24,2025,4,PAR,Non-Heinous,Cyber Crime,Online Fraud,Charge Sheeted,17.92101,77.56224
863,100240004202600863,Kodagu,4,2026-07-26,2026,7,FIR,Non-Heinous,Economic Offences,Cheating,Under Investigation,12.4164,75.84112
864,100130001202500864,Raichur,1,2025-07-24,2025,7,FIR,Non-Heinous,Public Order,Unlawful Assembly,Under Investigation,16.26137,77.4028
865,400040002202500865,Mangaluru (Dakshina Kannada),2,2025-12-07,2025,12,UDR,Non-Heinous,Crimes Against Property,Burglary,Charge Sheeted,12.84071,74.90508
866,100110002202600866,Davanagere,2,2026-01-12,2026,1,FIR,Heinous,Crimes Against Body,Grievous Hurt,Closed,14.53239,76.0116
867,100160001202400867,Udupi,1,2024-02-14,2024,2,FIR,Heinous,Crimes Against Women,Dowry Harassment,Undetected,13.29017,74.73646
868,100030003202300868,Mysuru,3,2023-07-18,2023,7,FIR,Non-Heinous,Crimes Against Property,Burglary,Undetected,12.35874,76.5968
869,100230001202600869,Chamarajanagar,1,2026-12-20,2026,12,FIR,Non-Heinous,Crimes Against Property,Theft,Under Investigation,12.02013,77.00195
870,400250002202600870,Ramanagara,2,2026-09-12,2026,9,UDR,Non-Heinous,Crimes Against Body,Assault,Charge Sheeted,12.74213,77.27668
871,100250004202200871,Ramanagara,4,2022-07-07,2022,7,FIR,Non-Heinous,Crimes Against Property,Burglary,Under Investigation,12.64942,77.34021
872,700010001202200872,Bengaluru City,1,2022-11-16,2022,11,Zero FIR,Non-Heinous,Crimes Against Body,Grievous Hurt,Closed,13.00295,77.59866
873,400010002202400873,Bengaluru City,2,2024-12-01,2024,12,UDR,Non-Heinous,Crimes Against Property,Theft,Closed,12.84204,77.61174
874,100190003202500874,Hassan,3,2025-02-16,2025,2,FIR,Non-Heinous,Crimes Against Property,Burglary,Charge Sheeted,12.97456,76.06702
875,100160001202200875,Udupi,1,2022-02-05,2022,2,FIR,Non-Heinous,Crimes Against Property,Dacoity,Charge Sheeted,13.42728,74.80124
876,100250003202300876,Ramanagara,3,2023-07-10,2023,7,FIR,Non-Heinous,Cyber Crime,Online Fraud,Under Investigation,12.80455,77.25717
877,700010003202500877,Bengaluru City,3,2025-06-01,2025,6,Zero FIR,Non-Heinous,Crimes Against Body,Attempt to Murder,Closed,12.85798,77.58116
878,100040004202400878,Mangaluru (Dakshina Kannada),4,2024-03-09,2024,3,FIR,Non-Heinous,Crimes Against Property,Dacoity,Closed,12.93737,74.82642
879,100110001202400879,Davanagere,1,2024-03-12,2024,3,FIR,Heinous,Crimes Against Body,Assault,Charge Sheeted,14.39551,75.96574
880,100240003202200880,Kodagu,3,2022-02-03,2022,2,FIR,Non-Heinous,Crimes Against Women,Dowry Harassment,Under Investigation,12.2455,75.92828
881,100080004202600881,Ballari,4,2026-05-12,2026,5,FIR,Heinous,Crimes Against Body,Murder,Charge Sheeted,15.28089,76.94091
882,100200002202200882,Chitradurga,2,2022-02-08,2022,2,FIR,Heinous,Crimes Against Women,Molestation,Undetected,14.29923,76.41086
883,100110001202500883,Davanagere,1,2025-11-24,2025,11,FIR,Non-Heinous,Economic Offences,Cheating,Under Investigation,14.37722,75.88076
884,100250004202500884,Ramanagara,4,2025-09-23,2025,9,FIR,Non-Heinous,Cyber Crime,Phishing,False Case,12.73917,77.28702
885,100070003202400885,Hubballi-Dharwad,3,2024-07-08,2024,7,FIR,Non-Heinous,Crimes Against Women,Molestation,Charge Sheeted,15.40762,74.95143
886,700010003202600886,Bengaluru City,3,2026-04-03,2026,4,Zero FIR,Non-Heinous,Crimes Against Body,Grievous Hurt,Charge Sheeted,13.01302,77.48066
887,100160001202600887,Udupi,1,2026-07-18,2026,7,PAR,Heinous,Crimes Against Body,Attempt to Murder,Charge Sheeted,13.34971,74.78979
888,100180001202500888,Mandya,1,2025-01-23,2025,1,FIR,Non-Heinous,Economic Offences,Cheating,Closed,12.5781,76.943
889,100130002202500889,Raichur,2,2025-12-17,2025,12,FIR,Non-Heinous,Crimes Against Property,Dacoity,Charge Sheeted,16.25883,77.37773
890,100070002202300890,Hubballi-Dharwad,2,2023-06-02,2023,6,FIR,Non-Heinous,Crimes Against Property,Theft,Charge Sheeted,15.35776,75.10449
891,100110001202400891,Davanagere,1,2024-05-01,2024,5,FIR,Non-Heinous,Economic Offences,Criminal Breach of Trust,Closed,14.38769,75.90703
892,100160004202200892,Udupi,4,2022-01-19,2022,1,FIR,Non-Heinous,Cyber Crime,Identity Theft,Undetected,13.31772,74.71178
893,400060004202400893,Kalaburagi,4,2024-10-25,2024,10,UDR,Non-Heinous,Crimes Against Women,Domestic Violence,Under Investigation,17.23708,76.80568
894,100050003202400894,Belagavi,3,2024-11-23,2024,11,PAR,Non-Heinous,Crimes Against Women,Domestic Violence,Under Investigation,15.83691,74.58516
895,100090003202200895,Tumakuru,3,2022-12-08,2022,12,FIR,Non-Heinous,Crimes Against Property,Robbery,Closed,13.31978,76.99504
896,400240004202400896,Kodagu,4,2024-08-05,2024,8,UDR,Non-Heinous,Crimes Against Body,Murder,False Case,12.44612,75.73288
897,100010002202300897,Bengaluru City,2,2023-03-19,2023,3,FIR,Non-Heinous,Cyber Crime,Online Fraud,Charge Sheeted,12.94044,77.55604
898,100010002202200898,Bengaluru City,2,2022-12-09,2022,12,FIR,Non-Heinous,Crimes Against Property,Burglary,Charge Sheeted,12.98041,77.53509
899,100090002202400899,Tumakuru,2,2024-03-07,2024,3,FIR,Non-Heinous,Crimes Against Property,Robbery,Under Investigation,13.38818,77.00355
900,100290004202300900,Gadag,4,2023-01-24,2023,1,FIR,Non-Heinous,Crimes Against Property,Theft,Under Investigation,15.38092,75.6497
901,400020001202500901,Bengaluru Rural,1,2025-07-25,2025,7,UDR,Heinous,Crimes Against Women,Domestic Violence,Closed,13.31358,77.66855
902,100010001202500902,Bengaluru City,1,2025-05-02,2025,5,FIR,Non-Heinous,Crimes Against Property,Robbery,Under Investigation,13.01094,77.64795
903,100160002202300903,Udupi,2,2023-03-26,2023,3,FIR,Non-Heinous,Crimes Against Body,Assault,Under Investigation,13.36655,74.73903
904,100050002202500904,Belagavi,2,2025-03-11,2025,3,FIR,Non-Heinous,Cyber Crime,Identity Theft,Under Investigation,15.86897,74.44894
905,400030004202300905,Mysuru,4,2023-01-03,2023,1,UDR,Non-Heinous,Crimes Against Property,Robbery,Closed,12.28083,76.54577
906,100190004202600906,Hassan,4,2026-04-19,2026,4,PAR,Non-Heinous,Crimes Against Property,Dacoity,Charge Sheeted,13.08006,76.06515
907,100060002202600907,Kalaburagi,2,2026-02-24,2026,2,FIR,Non-Heinous,Cyber Crime,Online Fraud,Closed,17.37773,76.86983
908,100080001202300908,Ballari,1,2023-03-06,2023,3,FIR,Non-Heinous,Crimes Against Women,Domestic Violence,Under Investigation,15.08621,76.93673
909,100070004202600909,Hubballi-Dharwad,4,2026-01-13,2026,1,FIR,Non-Heinous,Crimes Against Women,Dowry Harassment,Undetected,15.33305,75.10537
910,100150003202500910,Chikkamagaluru,3,2025-04-18,2025,4,FIR,Non-Heinous,Crimes Against Property,Robbery,Under Investigation,13.41769,75.85337
911,100190002202500911,Hassan,2,2025-05-23,2025,5,FIR,Non-Heinous,Crimes Against Property,Robbery,Charge Sheeted,12.97094,76.07264
912,400110002202500912,Davanagere,2,2025-01-19,2025,1,UDR,Non-Heinous,Crimes Against Property,Burglary,Charge Sheeted,14.53417,75.92258
913,100040002202600913,Mangaluru (Dakshina Kannada),2,2026-09-11,2026,9,FIR,Non-Heinous,Crimes Against Women,Molestation,Charge Sheeted,12.87886,74.79425
914,100140004202200914,Bidar,4,2022-08-12,2022,8,FIR,Heinous,Crimes Against Women,Molestation,Charge Sheeted,17.90194,77.35223
915,100010002202200915,Bengaluru City,2,2022-12-10,2022,12,FIR,Non-Heinous,Crimes Against Property,Robbery,Charge Sheeted,12.90835,77.66618
916,400240002202500916,Kodagu,2,2025-09-27,2025,9,UDR,Heinous,Crimes Against Body,Grievous Hurt,Closed,12.44448,75.78947
917,100090004202600917,Tumakuru,4,2026-09-05,2026,9,FIR,Heinous,Crimes Against Women,Molestation,Under Investigation,13.32723,77.20211
918,100160004202600918,Udupi,4,2026-11-21,2026,11,FIR,Heinous,Crimes Against Women,Domestic Violence,False Case,13.38941,74.80662
919,100200004202200919,Chitradurga,4,2022-05-21,2022,5,FIR,Non-Heinous,Narcotics,NDPS Trafficking,Charge Sheeted,14.25564,76.36494
920,700050003202600920,Belagavi,3,2026-01-27,2026,1,Zero FIR,Non-Heinous,Cyber Crime,Phishing,Undetected,15.88056,74.43904
921,100160001202600921,Udupi,1,2026-01-20,2026,1,FIR,Non-Heinous,Crimes Against Body,Grievous Hurt,Closed,13.30683,74.74563
922,100040001202500922,Mangaluru (Dakshina Kannada),1,2025-02-24,2025,2,PAR,Non-Heinous,Crimes Against Property,Burglary,Undetected,12.95947,74.83155
923,100180003202300923,Mandya,3,2023-07-05,2023,7,FIR,Non-Heinous,Crimes Against Property,Theft,Charge Sheeted,12.633,76.89756
924,100020002202300924,Bengaluru Rural,2,2023-09-08,2023,9,FIR,Non-Heinous,Economic Offences,Criminal Breach of Trust,False Case,13.25208,77.66607
925,100090001202300925,Tumakuru,1,2023-09-17,2023,9,FIR,Non-Heinous,Crimes Against Property,Theft,Charge Sheeted,13.33346,77.14708
926,100230002202500926,Chamarajanagar,2,2025-05-18,2025,5,FIR,Non-Heinous,Economic Offences,Criminal Breach of Trust,Charge Sheeted,11.97796,76.9915
927,700130004202300927,Raichur,4,2023-12-27,2023,12,Zero FIR,Non-Heinous,Crimes Against Property,Burglary,Closed,16.09158,77.29996
928,700190003202200928,Hassan,3,2022-12-24,2022,12,Zero FIR,Non-Heinous,Crimes Against Body,Grievous Hurt,Charge Sheeted,13.0369,76.12283
929,700070001202500929,Hubballi-Dharwad,1,2025-01-26,2025,1,Zero FIR,Non-Heinous,Crimes Against Women,Dowry Harassment,Under Investigation,15.42262,75.07717
930,100230003202600930,Chamarajanagar,3,2026-08-22,2026,8,FIR,Non-Heinous,Crimes Against Property,Dacoity,Closed,11.91843,77.024
931,100130002202300931,Raichur,2,2023-08-25,2023,8,FIR,Heinous,Crimes Against Body,Assault,Charge Sheeted,16.21656,77.34432
932,100050001202200932,Belagavi,1,2022-09-03,2022,9,PAR,Heinous,Crimes Against Body,Attempt to Murder,Undetected,15.79796,74.59248
933,100020004202300933,Bengaluru Rural,4,2023-04-24,2023,4,FIR,Non-Heinous,Crimes Against Property,Robbery,Closed,13.1928,77.4673
934,100090003202200934,Tumakuru,3,2022-01-23,2022,1,FIR,Non-Heinous,Economic Offences,Forgery,Charge Sheeted,13.26213,77.13855
935,100070004202300935,Hubballi-Dharwad,4,2023-12-10,2023,12,FIR,Non-Heinous,Crimes Against Property,Dacoity,Under Investigation,15.2634,75.00286
936,100190001202300936,Hassan,1,2023-02-02,2023,2,FIR,Non-Heinous,Cyber Crime,Online Fraud,Charge Sheeted,13.00552,76.04201
937,100210001202200937,Koppal,1,2022-04-02,2022,4,FIR,Non-Heinous,Crimes Against Property,Theft,Charge Sheeted,15.36484,76.11038
938,100050002202500938,Belagavi,2,2025-04-05,2025,4,FIR,Non-Heinous,Crimes Against Property,Robbery,Undetected,15.83131,74.47127
939,100040003202500939,Mangaluru (Dakshina Kannada),3,2025-03-14,2025,3,FIR,Non-Heinous,Public Order,Unlawful Assembly,Under Investigation,13.00376,74.84026
940,100160002202500940,Udupi,2,2025-08-20,2025,8,FIR,Non-Heinous,Crimes Against Body,Murder,Undetected,13.32214,74.78805
941,100160002202600941,Udupi,2,2026-04-22,2026,4,FIR,Non-Heinous,Crimes Against Property,Burglary,Under Investigation,13.3125,74.69856
942,100160002202300942,Udupi,2,2023-04-10,2023,4,FIR,Non-Heinous,Economic Offences,Criminal Breach of Trust,Charge Sheeted,13.38508,74.7883
943,700030004202500943,Mysuru,4,2025-06-16,2025,6,Zero FIR,Non-Heinous,Crimes Against Body,Attempt to Murder,Under Investigation,12.37988,76.704
944,100030003202500944,Mysuru,3,2025-08-15,2025,8,FIR,Non-Heinous,Crimes Against Property,Theft,Closed,12.21419,76.60508
945,100250004202600945,Ramanagara,4,2026-04-09,2026,4,FIR,Non-Heinous,Crimes Against Property,Dacoity,Under Investigation,12.73008,77.33321
946,400120002202500946,Vijayapura,2,2025-07-25,2025,7,UDR,Non-Heinous,Crimes Against Property,Dacoity,Under Investigation,16.75208,75.61732
947,100030003202600947,Mysuru,3,2026-12-12,2026,12,FIR,Non-Heinous,Crimes Against Property,Theft,Charge Sheeted,12.33475,76.7056
948,100050002202300948,Belagavi,2,2023-06-03,2023,6,FIR,Non-Heinous,Cyber Crime,Phishing,Under Investigation,15.93157,74.51632
949,100020004202500949,Bengaluru Rural,4,2025-08-04,2025,8,FIR,Heinous,Narcotics,NDPS Possession,Closed,13.26733,77.5563
950,100280002202300950,Haveri,2,2023-03-11,2023,3,FIR,Heinous,Narcotics,NDPS Trafficking,Closed,14.8399,75.48779
951,100230003202400951,Chamarajanagar,3,2024-10-17,2024,10,FIR,Non-Heinous,Crimes Against Body,Grievous Hurt,Under Investigation,11.86438,76.94164
952,100040001202200952,Mangaluru (Dakshina Kannada),1,2022-10-24,2022,10,FIR,Heinous,Crimes Against Women,Molestation,Under Investigation,12.93433,74.94112
953,100150002202500953,Chikkamagaluru,2,2025-10-17,2025,10,PAR,Non-Heinous,Crimes Against Property,Burglary,Under Investigation,13.32358,75.67621
954,700220001202200954,Yadgir,1,2022-03-18,2022,3,Zero FIR,Non-Heinous,Narcotics,NDPS Trafficking,Charge Sheeted,16.74664,77.24002
955,100020002202400955,Bengaluru Rural,2,2024-02-02,2024,2,FIR,Non-Heinous,Crimes Against Body,Grievous Hurt,False Case,13.2602,77.46982
956,100030003202600956,Mysuru,3,2026-07-25,2026,7,FIR,Non-Heinous,Crimes Against Women,Dowry Harassment,Under Investigation,12.24964,76.55373
957,100100003202500957,Shivamogga,3,2025-09-12,2025,9,FIR,Non-Heinous,Crimes Against Women,Molestation,Under Investigation,13.88673,75.62304
958,100140004202500958,Bidar,4,2025-05-06,2025,5,FIR,Non-Heinous,Crimes Against Property,Robbery,Charge Sheeted,17.90328,77.33373
959,100160002202300959,Udupi,2,2023-02-27,2023,2,FIR,Non-Heinous,Cyber Crime,Identity Theft,Charge Sheeted,13.31778,74.69152
960,100020004202300960,Bengaluru Rural,4,2023-11-06,2023,11,FIR,Non-Heinous,Crimes Against Women,Domestic Violence,Under Investigation,13.2675,77.57513
961,100150002202400961,Chikkamagaluru,2,2024-06-22,2024,6,FIR,Non-Heinous,Public Order,Unlawful Assembly,Under Investigation,13.20063,75.66603
962,700190001202600962,Hassan,1,2026-05-14,2026,5,Zero FIR,Heinous,Crimes Against Body,Murder,Under Investigation,13.08071,76.15714
963,100010003202600963,Bengaluru City,3,2026-05-16,2026,5,FIR,Non-Heinous,Crimes Against Property,Burglary,Charge Sheeted,12.93055,77.53941
964,100030001202200964,Mysuru,1,2022-08-02,2022,8,FIR,Non-Heinous,Crimes Against Property,Burglary,Charge Sheeted,12.25436,76.74632
965,100190001202400965,Hassan,1,2024-05-21,2024,5,FIR,Non-Heinous,Crimes Against Women,Domestic Violence,Undetected,12.96354,76.15925
966,100020004202600966,Bengaluru Rural,4,2026-08-22,2026,8,FIR,Non-Heinous,Crimes Against Body,Attempt to Murder,Closed,13.3866,77.47399
967,100050004202300967,Belagavi,4,2023-09-01,2023,9,PAR,Non-Heinous,Crimes Against Women,Sexual Assault,Under Investigation,15.83669,74.55017
968,100230002202600968,Chamarajanagar,2,2026-05-11,2026,5,FIR,Non-Heinous,Cyber Crime,Online Fraud,Under Investigation,11.96629,76.92489
969,100020003202500969,Bengaluru Rural,3,2025-02-20,2025,2,FIR,Heinous,Crimes Against Body,Murder,Charge Sheeted,13.3667,77.62603
970,100260004202200970,Chikkaballapur,4,2022-11-03,2022,11,FIR,Non-Heinous,Crimes Against Property,Burglary,Under Investigation,13.37536,77.70596
971,400140002202400971,Bidar,2,2024-01-21,2024,1,UDR,Non-Heinous,Cyber Crime,Cyberstalking,Closed,17.90864,77.4586
972,100030004202200972,Mysuru,4,2022-03-18,2022,3,FIR,Non-Heinous,Crimes Against Property,Robbery,False Case,12.41347,76.62403
973,100070004202300973,Hubballi-Dharwad,4,2023-05-03,2023,5,FIR,Heinous,Crimes Against Body,Grievous Hurt,Charge Sheeted,15.35095,75.24037
974,100010003202200974,Bengaluru City,3,2022-12-05,2022,12,FIR,Non-Heinous,Economic Offences,Cheating,Charge Sheeted,12.95001,77.62708
975,100170004202200975,Kolar,4,2022-08-11,2022,8,FIR,Heinous,Narcotics,NDPS Possession,Charge Sheeted,13.10559,78.15542
976,100150001202400976,Chikkamagaluru,1,2024-12-01,2024,12,FIR,Non-Heinous,Narcotics,NDPS Possession,False Case,13.36179,75.73872
977,700230003202500977,Chamarajanagar,3,2025-11-20,2025,11,Zero FIR,Non-Heinous,Economic Offences,Criminal Breach of Trust,Charge Sheeted,11.92116,76.85436
978,700050002202300978,Belagavi,2,2023-02-19,2023,2,Zero FIR,Non-Heinous,Cyber Crime,Phishing,Closed,15.76708,74.47486
979,100280004202300979,Haveri,4,2023-07-24,2023,7,FIR,Non-Heinous,Cyber Crime,Phishing,Charge Sheeted,14.8272,75.4532
980,100040002202600980,Mangaluru (Dakshina Kannada),2,2026-11-25,2026,11,PAR,Non-Heinous,Crimes Against Property,Theft,Under Investigation,12.83744,74.84891
981,100280001202500981,Haveri,1,2025-12-24,2025,12,FIR,Non-Heinous,Crimes Against Property,Dacoity,Closed,14.90888,75.40037
982,400080004202500982,Ballari,4,2025-07-11,2025,7,UDR,Non-Heinous,Crimes Against Property,Burglary,Under Investigation,15.22771,76.8948
983,100010004202600983,Bengaluru City,4,2026-08-18,2026,8,FIR,Non-Heinous,Public Order,Rioting,Undetected,12.911,77.6032
984,100250002202400984,Ramanagara,2,2024-11-03,2024,11,FIR,Non-Heinous,Crimes Against Property,Dacoity,Under Investigation,12.76411,77.28164
985,100010002202200985,Bengaluru City,2,2022-02-12,2022,2,FIR,Non-Heinous,Public Order,Unlawful Assembly,Charge Sheeted,13.1135,77.62418
986,100040002202200986,Mangaluru (Dakshina Kannada),2,2022-11-26,2022,11,FIR,Non-Heinous,Crimes Against Property,Dacoity,Charge Sheeted,13.02994,74.88378
987,100050003202500987,Belagavi,3,2025-03-04,2025,3,FIR,Non-Heinous,Crimes Against Property,Robbery,Under Investigation,15.81277,74.46824
988,100190004202500988,Hassan,4,2025-01-01,2025,1,FIR,Non-Heinous,Narcotics,NDPS Possession,Charge Sheeted,13.06531,76.2112
989,100290001202600989,Gadag,1,2026-10-13,2026,10,PAR,Heinous,Crimes Against Women,Domestic Violence,Charge Sheeted,15.40996,75.63927
990,100010003202400990,Bengaluru City,3,2024-01-26,2024,1,PAR,Heinous,Crimes Against Women,Dowry Harassment,Under Investigation,12.99997,77.67011
991,100140002202200991,Bidar,2,2022-11-10,2022,11,FIR,Non-Heinous,Economic Offences,Criminal Breach of Trust,Closed,17.89738,77.56733
992,100140004202400992,Bidar,4,2024-07-16,2024,7,FIR,Non-Heinous,Crimes Against Property,Robbery,False Case,17.85017,77.52876
993,100160002202600993,Udupi,2,2026-12-15,2026,12,FIR,Heinous,Crimes Against Women,Domestic Violence,False Case,13.23566,74.76953
994,100190001202600994,Hassan,1,2026-11-16,2026,11,FIR,Non-Heinous,Cyber Crime,Identity Theft,Charge Sheeted,12.93789,76.03159
995,100250004202600995,Ramanagara,4,2026-01-06,2026,1,FIR,Heinous,Narcotics,NDPS Trafficking,Closed,12.69167,77.25992
996,100050003202600996,Belagavi,3,2026-04-10,2026,4,FIR,Non-Heinous,Crimes Against Property,Theft,Closed,15.81947,74.50352
997,100050003202400997,Belagavi,3,2024-12-23,2024,12,FIR,Heinous,Crimes Against Women,Dowry Harassment,Under Investigation,15.75498,74.56403
998,100300002202400998,Uttara Kannada,2,2024-04-06,2024,4,FIR,Non-Heinous,Crimes Against Women,Domestic Violence,Undetected,14.85078,74.67124
999,100090001202400999,Tumakuru,1,2024-09-08,2024,9,FIR,Non-Heinous,Crimes Against Women,Dowry Harassment,Charge Sheeted,13.42579,77.17017
1000,100040004202201000,Mangaluru (Dakshina Kannada),4,2022-03-22,2022,3,FIR,Non-Heinous,Crimes Against Women,Domestic Violence,Charge Sheeted,12.90368,74.81318
1001,400130003202601001,Raichur,3,2026-08-12,2026,8,UDR,Non-Heinous,Crimes Against Body,Attempt to Murder,Closed,16.16353,77.32678
1002,100190001202601002,Hassan,1,2026-12-22,2026,12,FIR,Non-Heinous,Cyber Crime,Identity Theft,Undetected,12.98026,75.99188
1003,100020001202401003,Bengaluru Rural,1,2024-01-10,2024,1,FIR,Non-Heinous,Crimes Against Property,Robbery,Under Investigation,13.353,77.48206
1004,100180004202601004,Mandya,4,2026-06-14,2026,6,FIR,Non-Heinous,Cyber Crime,Cyberstalking,Charge Sheeted,12.61556,76.89099
1005,100200001202601005,Chitradurga,1,2026-04-07,2026,4,FIR,Non-Heinous,Crimes Against Women,Sexual Assault,Undetected,14.23432,76.40462
1006,100050003202301006,Belagavi,3,2023-11-05,2023,11,FIR,Heinous,Crimes Against Body,Attempt to Murder,Closed,15.92316,74.51591
1007,100030001202401007,Mysuru,1,2024-10-17,2024,10,FIR,Non-Heinous,Economic Offences,Criminal Breach of Trust,Closed,12.22544,76.65423
1008,100040002202501008,Mangaluru (Dakshina Kannada),2,2025-11-15,2025,11,FIR,Non-Heinous,Crimes Against Property,Robbery,Charge Sheeted,12.94721,74.84957
1009,100050004202501009,Belagavi,4,2025-08-21,2025,8,PAR,Non-Heinous,Crimes Against Property,Robbery,Charge Sheeted,15.94155,74.56063
1010,100130001202501010,Raichur,1,2025-05-22,2025,5,FIR,Non-Heinous,Crimes Against Property,Dacoity,Under Investigation,16.19436,77.32907
1011,100100002202301011,Shivamogga,2,2023-08-17,2023,8,PAR,Non-Heinous,Narcotics,NDPS Possession,Charge Sheeted,13.96177,75.53007
1012,100040002202501012,Mangaluru (Dakshina Kannada),2,2025-08-05,2025,8,FIR,Non-Heinous,Public Order,Unlawful Assembly,Under Investigation,12.96403,74.95388
1013,100220004202201013,Yadgir,4,2022-02-06,2022,2,FIR,Non-Heinous,Crimes Against Body,Attempt to Murder,Charge Sheeted,16.76878,77.05572
1014,100020003202201014,Bengaluru Rural,3,2022-08-27,2022,8,FIR,Non-Heinous,Narcotics,NDPS Trafficking,Closed,13.26033,77.51964
1015,100220004202201015,Yadgir,4,2022-05-14,2022,5,FIR,Non-Heinous,Crimes Against Property,Theft,Under Investigation,16.72394,77.00945
1016,400050004202501016,Belagavi,4,2025-11-21,2025,11,UDR,Non-Heinous,Crimes Against Property,Burglary,Under Investigation,15.78218,74.53826
1017,100230003202401017,Chamarajanagar,3,2024-11-11,2024,11,FIR,Non-Heinous,Crimes Against Property,Theft,False Case,11.88363,77.01412
1018,100060002202301018,Kalaburagi,2,2023-09-10,2023,9,FIR,Non-Heinous,Crimes Against Body,Attempt to Murder,Charge Sheeted,17.27988,76.87985
1019,100030003202401019,Mysuru,3,2024-10-22,2024,10,FIR,Non-Heinous,Crimes Against Women,Sexual Assault,Under Investigation,12.33361,76.64082
1020,100070002202301020,Hubballi-Dharwad,2,2023-04-03,2023,4,FIR,Heinous,Crimes Against Women,Dowry Harassment,False Case,15.30631,75.06036
1021,700030002202401021,Mysuru,2,2024-10-08,2024,10,Zero FIR,Non-Heinous,Crimes Against Body,Assault,Charge Sheeted,12.29902,76.66936
1022,100050004202601022,Belagavi,4,2026-08-02,2026,8,FIR,Heinous,Crimes Against Women,Dowry Harassment,Under Investigation,15.80265,74.48358
1023,100290004202501023,Gadag,4,2025-03-06,2025,3,FIR,Non-Heinous,Crimes Against Women,Molestation,Undetected,15.34049,75.52291
1024,100230001202401024,Chamarajanagar,1,2024-02-06,2024,2,FIR,Non-Heinous,Crimes Against Property,Theft,Under Investigation,11.90383,77.01636
1025,100170004202601025,Kolar,4,2026-11-17,2026,11,FIR,Non-Heinous,Crimes Against Body,Grievous Hurt,Under Investigation,13.05135,78.15961
1026,100180004202201026,Mandya,4,2022-02-18,2022,2,FIR,Heinous,Crimes Against Women,Molestation,Charge Sheeted,12.52746,76.93991
1027,100030002202301027,Mysuru,2,2023-07-17,2023,7,FIR,Heinous,Crimes Against Women,Dowry Harassment,Closed,12.2073,76.53491
1028,100190004202301028,Hassan,4,2023-02-24,2023,2,PAR,Non-Heinous,Crimes Against Property,Dacoity,Closed,12.94126,76.15561
1029,100050001202401029,Belagavi,1,2024-04-02,2024,4,FIR,Non-Heinous,Crimes Against Property,Robbery,Under Investigation,15.80547,74.59102
1030,400130001202301030,Raichur,1,2023-02-04,2023,2,UDR,Heinous,Crimes Against Body,Grievous Hurt,Charge Sheeted,16.16729,77.25076
1031,400050002202401031,Belagavi,2,2024-04-20,2024,4,UDR,Non-Heinous,Crimes Against Property,Theft,Undetected,15.93906,74.53882
1032,100070002202401032,Hubballi-Dharwad,2,2024-06-17,2024,6,FIR,Non-Heinous,Crimes Against Property,Theft,Charge Sheeted,15.40738,75.1297
1033,100090002202201033,Tumakuru,2,2022-06-09,2022,6,FIR,Heinous,Crimes Against Body,Attempt to Murder,Charge Sheeted,13.35406,77.05371
1034,100240002202501034,Kodagu,2,2025-09-01,2025,9,FIR,Non-Heinous,Crimes Against Women,Sexual Assault,False Case,12.40352,75.69735
1035,100080002202601035,Ballari,2,2026-03-17,2026,3,FIR,Non-Heinous,Crimes Against Body,Murder,Under Investigation,15.12028,76.9707
1036,100280001202601036,Haveri,1,2026-02-18,2026,2,FIR,Non-Heinous,Crimes Against Property,Robbery,Closed,14.83695,75.2955
1037,100110004202501037,Davanagere,4,2025-11-06,2025,11,FIR,Non-Heinous,Economic Offences,Forgery,Closed,14.40881,75.97415
1038,100070004202301038,Hubballi-Dharwad,4,2023-08-26,2023,8,PAR,Non-Heinous,Economic Offences,Cheating,Closed,15.32094,75.15982
1039,100010004202601039,Bengaluru City,4,2026-01-14,2026,1,FIR,Non-Heinous,Cyber Crime,Cyberstalking,Charge Sheeted,12.91689,77.59095
1040,100110002202601040,Davanagere,2,2026-04-17,2026,4,FIR,Heinous,Crimes Against Body,Murder,Charge Sheeted,14.41894,75.87727
1041,400110002202401041,Davanagere,2,2024-10-21,2024,10,UDR,Non-Heinous,Crimes Against Body,Attempt to Murder,Under Investigation,14.51136,75.98476
1042,100140002202401042,Bidar,2,2024-08-24,2024,8,PAR,Heinous,Crimes Against Body,Assault,Charge Sheeted,17.89025,77.50625
1043,100120003202601043,Vijayapura,3,2026-11-03,2026,11,FIR,Non-Heinous,Crimes Against Women,Molestation,Under Investigation,16.83281,75.59671
1044,100250003202301044,Ramanagara,3,2023-01-12,2023,1,FIR,Non-Heinous,Economic Offences,Criminal Breach of Trust,Under Investigation,12.70759,77.14536
1045,400020003202501045,Bengaluru Rural,3,2025-09-10,2025,9,UDR,Non-Heinous,Crimes Against Property,Theft,Charge Sheeted,13.19038,77.56647
1046,100030001202601046,Mysuru,1,2026-10-27,2026,10,FIR,Non-Heinous,Crimes Against Body,Assault,Under Investigation,12.40248,76.61607
1047,100040001202301047,Mangaluru (Dakshina Kannada),1,2023-12-22,2023,12,FIR,Heinous,Crimes Against Body,Grievous Hurt,Charge Sheeted,12.9265,74.84177
1048,100220001202601048,Yadgir,1,2026-03-05,2026,3,FIR,Non-Heinous,Cyber Crime,Phishing,Undetected,16.7067,77.08911
1049,100030002202501049,Mysuru,2,2025-11-07,2025,11,FIR,Heinous,Crimes Against Body,Murder,Closed,12.24031,76.61379
1050,100010004202301050,Bengaluru City,4,2023-03-13,2023,3,FIR,Non-Heinous,Cyber Crime,Phishing,Under Investigation,12.96723,77.58325
1051,100050004202201051,Belagavi,4,2022-05-27,2022,5,FIR,Non-Heinous,Crimes Against Women,Sexual Assault,Charge Sheeted,15.78699,74.48921
1052,400250002202601052,Ramanagara,2,2026-01-21,2026,1,UDR,Non-Heinous,Crimes Against Property,Dacoity,Charge Sheeted,12.73299,77.22072
1053,100250004202601053,Ramanagara,4,2026-04-11,2026,4,FIR,Non-Heinous,Crimes Against Property,Dacoity,Undetected,12.67499,77.40314
1054,100060003202301054,Kalaburagi,3,2023-12-21,2023,12,FIR,Non-Heinous,Economic Offences,Forgery,Under Investigation,17.44523,76.90032
1055,400050004202201055,Belagavi,4,2022-06-06,2022,6,UDR,Heinous,Crimes Against Women,Domestic Violence,Closed,15.90956,74.4741
1056,700040004202401056,Mangaluru (Dakshina Kannada),4,2024-08-26,2024,8,Zero FIR,Non-Heinous,Crimes Against Women,Dowry Harassment,Under Investigation,12.85289,74.91951
1057,100040003202601057,Mangaluru (Dakshina Kannada),3,2026-11-06,2026,11,FIR,Non-Heinous,Crimes Against Body,Attempt to Murder,False Case,12.86249,74.77487
1058,100160004202301058,Udupi,4,2023-02-07,2023,2,FIR,Non-Heinous,Narcotics,NDPS Possession,Charge Sheeted,13.35757,74.71253
1059,100110004202501059,Davanagere,4,2025-01-06,2025,1,FIR,Non-Heinous,Crimes Against Property,Theft,Under Investigation,14.49092,75.85863
1060,100010004202601060,Bengaluru City,4,2026-05-20,2026,5,FIR,Non-Heinous,Crimes Against Body,Murder,Closed,12.96194,77.52724
1061,100010003202601061,Bengaluru City,3,2026-09-07,2026,9,FIR,Non-Heinous,Economic Offences,Cheating,Under Investigation,12.97846,77.60392
1062,100110004202601062,Davanagere,4,2026-12-25,2026,12,FIR,Heinous,Crimes Against Women,Sexual Assault,Under Investigation,14.5819,75.91681
1063,100010003202601063,Bengaluru City,3,2026-02-21,2026,2,FIR,Heinous,Crimes Against Women,Dowry Harassment,Closed,12.99211,77.64615
1064,100230004202201064,Chamarajanagar,4,2022-07-04,2022,7,FIR,Non-Heinous,Crimes Against Property,Dacoity,Undetected,11.93986,76.96918
1065,100220002202501065,Yadgir,2,2025-12-18,2025,12,FIR,Non-Heinous,Economic Offences,Forgery,Under Investigation,16.61247,77.13681
1066,400050001202301066,Belagavi,1,2023-05-17,2023,5,UDR,Non-Heinous,Economic Offences,Forgery,Under Investigation,15.71563,74.54714
1067,100150004202501067,Chikkamagaluru,4,2025-05-01,2025,5,FIR,Non-Heinous,Crimes Against Property,Dacoity,Under Investigation,13.3728,75.81619
1068,100230002202401068,Chamarajanagar,2,2024-05-17,2024,5,FIR,Non-Heinous,Crimes Against Property,Dacoity,Undetected,11.9686,76.92214
1069,100040003202601069,Mangaluru (Dakshina Kannada),3,2026-04-15,2026,4,FIR,Non-Heinous,Crimes Against Body,Grievous Hurt,Charge Sheeted,12.97797,74.8696
1070,100230001202301070,Chamarajanagar,1,2023-10-21,2023,10,FIR,Non-Heinous,Crimes Against Body,Murder,Charge Sheeted,11.90548,76.9133
1071,100070002202301071,Hubballi-Dharwad,2,2023-03-24,2023,3,FIR,Non-Heinous,Crimes Against Body,Assault,Closed,15.31542,75.09338
1072,100020004202601072,Bengaluru Rural,4,2026-06-25,2026,6,FIR,Non-Heinous,Crimes Against Body,Attempt to Murder,Charge Sheeted,13.43255,77.57086
1073,700160002202401073,Udupi,2,2024-02-15,2024,2,Zero FIR,Non-Heinous,Crimes Against Property,Robbery,Charge Sheeted,13.3479,74.72341
1074,100010003202601074,Bengaluru City,3,2026-07-17,2026,7,FIR,Non-Heinous,Crimes Against Property,Dacoity,Charge Sheeted,13.00665,77.54979
1075,100040001202501075,Mangaluru (Dakshina Kannada),1,2025-06-13,2025,6,PAR,Non-Heinous,Crimes Against Property,Robbery,Closed,12.96619,74.84975
1076,100190003202201076,Hassan,3,2022-03-22,2022,3,FIR,Non-Heinous,Crimes Against Property,Robbery,Undetected,12.97425,75.99049
1077,100050003202201077,Belagavi,3,2022-04-19,2022,4,FIR,Non-Heinous,Cyber Crime,Cyberstalking,Closed,15.82526,74.53892
1078,100190004202501078,Hassan,4,2025-05-13,2025,5,FIR,Non-Heinous,Crimes Against Body,Murder,Undetected,13.07933,76.11216
1079,100050001202401079,Belagavi,1,2024-03-03,2024,3,FIR,Heinous,Crimes Against Women,Domestic Violence,Under Investigation,15.80727,74.48599
1080,100020001202401080,Bengaluru Rural,1,2024-11-24,2024,11,FIR,Non-Heinous,Crimes Against Property,Robbery,Under Investigation,13.3354,77.55648
1081,100100001202601081,Shivamogga,1,2026-04-08,2026,4,FIR,Non-Heinous,Crimes Against Property,Robbery,Charge Sheeted,13.86675,75.48788
1082,100020002202601082,Bengaluru Rural,2,2026-07-09,2026,7,FIR,Non-Heinous,Economic Offences,Criminal Breach of Trust,Under Investigation,13.27225,77.62301
1083,100060004202501083,Kalaburagi,4,2025-05-09,2025,5,FIR,Non-Heinous,Cyber Crime,Online Fraud,Under Investigation,17.29404,76.90573
1084,100080003202601084,Ballari,3,2026-05-03,2026,5,FIR,Non-Heinous,Cyber Crime,Phishing,Under Investigation,14.97878,76.91441
1085,100250003202501085,Ramanagara,3,2025-11-08,2025,11,PAR,Heinous,Crimes Against Women,Molestation,Charge Sheeted,12.64852,77.3021
1086,700110002202301086,Davanagere,2,2023-05-26,2023,5,Zero FIR,Heinous,Crimes Against Body,Assault,Charge Sheeted,14.39251,75.92891
1087,400250001202501087,Ramanagara,1,2025-12-22,2025,12,UDR,Non-Heinous,Crimes Against Property,Dacoity,Closed,12.68497,77.24319
1088,100220001202601088,Yadgir,1,2026-08-01,2026,8,FIR,Non-Heinous,Crimes Against Property,Dacoity,Under Investigation,16.75586,77.2353
1089,100130002202501089,Raichur,2,2025-12-24,2025,12,FIR,Non-Heinous,Crimes Against Property,Burglary,Undetected,16.2657,77.32935
1090,100250002202301090,Ramanagara,2,2023-09-14,2023,9,FIR,Non-Heinous,Economic Offences,Cheating,False Case,12.68998,77.25966
1091,100080001202601091,Ballari,1,2026-08-08,2026,8,FIR,Heinous,Crimes Against Women,Domestic Violence,Closed,15.05214,76.92662
1092,100160003202501092,Udupi,3,2025-09-19,2025,9,FIR,Non-Heinous,Economic Offences,Forgery,Charge Sheeted,13.37817,74.65839
1093,100080001202501093,Ballari,1,2025-07-18,2025,7,FIR,Non-Heinous,Narcotics,NDPS Trafficking,Closed,15.19885,76.82509
1094,100100003202301094,Shivamogga,3,2023-09-02,2023,9,FIR,Non-Heinous,Crimes Against Women,Molestation,Closed,13.87275,75.6382
1095,100080002202501095,Ballari,2,2025-06-11,2025,6,FIR,Non-Heinous,Crimes Against Property,Robbery,Charge Sheeted,15.15496,76.9112
1096,100030003202601096,Mysuru,3,2026-05-18,2026,5,FIR,Heinous,Crimes Against Body,Attempt to Murder,Charge Sheeted,12.27711,76.67551
1097,100010001202301097,Bengaluru City,1,2023-06-16,2023,6,FIR,Non-Heinous,Crimes Against Property,Burglary,Charge Sheeted,13.02297,77.46564
1098,100100003202201098,Shivamogga,3,2022-05-11,2022,5,FIR,Non-Heinous,Crimes Against Women,Molestation,Under Investigation,13.90445,75.54296
1099,100190001202501099,Hassan,1,2025-06-01,2025,6,FIR,Heinous,Crimes Against Body,Murder,Charge Sheeted,13.01739,76.05339
1100,400240002202201100,Kodagu,2,2022-04-08,2022,4,UDR,Heinous,Narcotics,NDPS Possession,Closed,12.36587,75.83346
1101,100040002202601101,Mangaluru (Dakshina Kannada),2,2026-12-08,2026,12,FIR,Heinous,Crimes Against Women,Sexual Assault,Closed,12.92555,74.86869
1102,100090001202301102,Tumakuru,1,2023-03-16,2023,3,FIR,Non-Heinous,Economic Offences,Cheating,Closed,13.17009,77.26775
1103,100120002202601103,Vijayapura,2,2026-05-06,2026,5,FIR,Heinous,Crimes Against Women,Domestic Violence,Closed,16.86827,75.76181
1104,100190004202301104,Hassan,4,2023-07-20,2023,7,FIR,Non-Heinous,Crimes Against Property,Theft,False Case,13.02036,76.07403
1105,100160001202401105,Udupi,1,2024-05-14,2024,5,FIR,Non-Heinous,Economic Offences,Forgery,Under Investigation,13.42049,74.78929
1106,100190003202501106,Hassan,3,2025-10-16,2025,10,FIR,Non-Heinous,Crimes Against Property,Theft,Under Investigation,13.00687,76.14569
1107,100070002202601107,Hubballi-Dharwad,2,2026-12-09,2026,12,FIR,Heinous,Crimes Against Body,Grievous Hurt,Under Investigation,15.34769,75.15809
1108,100050002202501108,Belagavi,2,2025-05-21,2025,5,FIR,Non-Heinous,Economic Offences,Criminal Breach of Trust,Charge Sheeted,15.87016,74.34596
1109,100050003202301109,Belagavi,3,2023-01-26,2023,1,FIR,Non-Heinous,Crimes Against Property,Robbery,Charge Sheeted,15.91444,74.44467
1110,100290004202301110,Gadag,4,2023-04-25,2023,4,FIR,Heinous,Crimes Against Body,Attempt to Murder,Under Investigation,15.46307,75.65154
1111,100040004202601111,Mangaluru (Dakshina Kannada),4,2026-09-02,2026,9,FIR,Non-Heinous,Crimes Against Property,Robbery,Undetected,12.93222,74.79287
1112,100230004202601112,Chamarajanagar,4,2026-09-10,2026,9,FIR,Non-Heinous,Crimes Against Property,Robbery,Under Investigation,11.90656,76.89926
1113,100220004202301113,Yadgir,4,2023-01-22,2023,1,FIR,Heinous,Crimes Against Women,Molestation,Under Investigation,16.74504,77.05903
1114,100040002202201114,Mangaluru (Dakshina Kannada),2,2022-07-05,2022,7,PAR,Non-Heinous,Crimes Against Women,Dowry Harassment,Under Investigation,12.86483,74.90119
1115,100060002202401115,Kalaburagi,2,2024-08-27,2024,8,FIR,Non-Heinous,Economic Offences,Cheating,False Case,17.30599,76.85221
1116,100020002202601116,Bengaluru Rural,2,2026-04-02,2026,4,FIR,Heinous,Crimes Against Body,Grievous Hurt,False Case,13.27762,77.49441
1117,100110003202501117,Davanagere,3,2025-06-20,2025,6,FIR,Non-Heinous,Crimes Against Property,Dacoity,False Case,14.42954,75.92681
1118,100060004202401118,Kalaburagi,4,2024-06-21,2024,6,FIR,Heinous,Crimes Against Body,Grievous Hurt,Closed,17.32086,76.98438
1119,100090002202601119,Tumakuru,2,2026-09-19,2026,9,FIR,Non-Heinous,Crimes Against Body,Murder,Under Investigation,13.37577,77.1052
1120,100040003202201120,Mangaluru (Dakshina Kannada),3,2022-12-13,2022,12,FIR,Non-Heinous,Crimes Against Property,Dacoity,Closed,12.89249,74.84
1121,100050002202601121,Belagavi,2,2026-11-08,2026,11,FIR,Non-Heinous,Economic Offences,Criminal Breach of Trust,False Case,15.79854,74.45784
1122,100280003202301122,Haveri,3,2023-10-16,2023,10,FIR,Heinous,Crimes Against Body,Murder,False Case,14.83071,75.42592
1123,700260004202601123,Chikkaballapur,4,2026-05-05,2026,5,Zero FIR,Non-Heinous,Crimes Against Property,Theft,Closed,13.39811,77.7723
1124,100100003202601124,Shivamogga,3,2026-03-13,2026,3,FIR,Non-Heinous,Crimes Against Property,Burglary,Closed,13.94705,75.59906
1125,100270004202301125,Bagalkot,4,2023-09-22,2023,9,FIR,Non-Heinous,Crimes Against Women,Sexual Assault,Charge Sheeted,16.22318,75.65874
1126,100010003202301126,Bengaluru City,3,2023-06-21,2023,6,FIR,Non-Heinous,Cyber Crime,Phishing,False Case,13.01903,77.51858
1127,100120001202301127,Vijayapura,1,2023-03-16,2023,3,FIR,Non-Heinous,Crimes Against Women,Molestation,Under Investigation,16.81443,75.64834
1128,100250003202301128,Ramanagara,3,2023-09-25,2023,9,FIR,Non-Heinous,Economic Offences,Forgery,False Case,12.79933,77.3649
1129,100030002202401129,Mysuru,2,2024-04-18,2024,4,FIR,Heinous,Crimes Against Body,Murder,Closed,12.34953,76.73605
1130,100040003202201130,Mangaluru (Dakshina Kannada),3,2022-03-18,2022,3,FIR,Non-Heinous,Crimes Against Women,Molestation,Charge Sheeted,12.80397,74.96642
1131,100020003202501131,Bengaluru Rural,3,2025-03-01,2025,3,FIR,Heinous,Crimes Against Women,Dowry Harassment,Under Investigation,13.32913,77.55561
1132,400050003202401132,Belagavi,3,2024-08-07,2024,8,UDR,Heinous,Crimes Against Body,Attempt to Murder,Under Investigation,15.80181,74.51583
1133,100050003202401133,Belagavi,3,2024-11-05,2024,11,PAR,Non-Heinous,Crimes Against Property,Theft,Under Investigation,15.99196,74.47752
1134,100050002202201134,Belagavi,2,2022-12-26,2022,12,FIR,Non-Heinous,Economic Offences,Criminal Breach of Trust,Charge Sheeted,15.86223,74.46214
1135,100220001202401135,Yadgir,1,2024-03-01,2024,3,FIR,Heinous,Narcotics,NDPS Trafficking,Under Investigation,16.82609,77.12847
1136,100140004202501136,Bidar,4,2025-08-08,2025,8,FIR,Non-Heinous,Crimes Against Body,Attempt to Murder,Under Investigation,17.87924,77.50266
1137,400050001202601137,Belagavi,1,2026-05-08,2026,5,UDR,Heinous,Narcotics,NDPS Possession,Charge Sheeted,15.84027,74.46485
1138,100050001202201138,Belagavi,1,2022-06-07,2022,6,FIR,Non-Heinous,Crimes Against Property,Burglary,Charge Sheeted,15.87291,74.48162
1139,100010002202401139,Bengaluru City,2,2024-04-26,2024,4,FIR,Non-Heinous,Crimes Against Property,Robbery,Under Investigation,12.99386,77.67458
1140,100280004202501140,Haveri,4,2025-10-20,2025,10,FIR,Non-Heinous,Crimes Against Women,Molestation,Undetected,14.75442,75.44509
1141,100290004202401141,Gadag,4,2024-03-09,2024,3,FIR,Non-Heinous,Crimes Against Property,Robbery,Charge Sheeted,15.51202,75.68606
1142,100050004202201142,Belagavi,4,2022-11-18,2022,11,PAR,Non-Heinous,Crimes Against Property,Theft,Under Investigation,15.854,74.54374
1143,400050002202501143,Belagavi,2,2025-06-22,2025,6,UDR,Non-Heinous,Crimes Against Property,Dacoity,Charge Sheeted,15.88398,74.52404
1144,100010004202501144,Bengaluru City,4,2025-09-10,2025,9,FIR,Non-Heinous,Crimes Against Property,Theft,Under Investigation,13.00421,77.53887
1145,100110003202501145,Davanagere,3,2025-06-13,2025,6,FIR,Non-Heinous,Crimes Against Property,Burglary,False Case,14.53568,75.92599
1146,100190002202401146,Hassan,2,2024-10-22,2024,10,FIR,Non-Heinous,Cyber Crime,Cyberstalking,Closed,12.99613,76.21357
1147,100050004202601147,Belagavi,4,2026-05-27,2026,5,FIR,Non-Heinous,Crimes Against Body,Assault,Closed,15.85133,74.49077
1148,100090004202401148,Tumakuru,4,2024-08-21,2024,8,FIR,Non-Heinous,Crimes Against Body,Grievous Hurt,False Case,13.4579,77.18046
1149,100040003202601149,Mangaluru (Dakshina Kannada),3,2026-02-13,2026,2,FIR,Non-Heinous,Crimes Against Property,Dacoity,Under Investigation,12.96189,74.85051
1150,100030003202601150,Mysuru,3,2026-11-02,2026,11,FIR,Non-Heinous,Crimes Against Property,Robbery,Charge Sheeted,12.27659,76.68106
1151,100230001202501151,Chamarajanagar,1,2025-08-15,2025,8,FIR,Non-Heinous,Economic Offences,Forgery,Closed,11.89359,76.92172
1152,400010001202401152,Bengaluru City,1,2024-11-21,2024,11,UDR,Heinous,Crimes Against Body,Murder,Closed,12.96872,77.536
1153,100070004202201153,Hubballi-Dharwad,4,2022-01-23,2022,1,PAR,Non-Heinous,Economic Offences,Forgery,False Case,15.49117,75.09766
1154,100050004202201154,Belagavi,4,2022-11-23,2022,11,FIR,Heinous,Crimes Against Women,Domestic Violence,Under Investigation,15.92091,74.47601
1155,100030003202301155,Mysuru,3,2023-02-04,2023,2,PAR,Non-Heinous,Public Order,Rioting,Charge Sheeted,12.307,76.76596
1156,100240003202601156,Kodagu,3,2026-05-21,2026,5,FIR,Non-Heinous,Economic Offences,Cheating,Under Investigation,12.35629,75.88804
1157,100010001202401157,Bengaluru City,1,2024-07-23,2024,7,FIR,Non-Heinous,Crimes Against Women,Dowry Harassment,False Case,12.9414,77.69654
1158,100150001202301158,Chikkamagaluru,1,2023-08-16,2023,8,FIR,Non-Heinous,Crimes Against Property,Burglary,Closed,13.28804,75.81083
1159,100230002202501159,Chamarajanagar,2,2025-06-13,2025,6,FIR,Non-Heinous,Crimes Against Property,Burglary,Charge Sheeted,11.96551,76.88442
1160,100030003202301160,Mysuru,3,2023-06-12,2023,6,FIR,Non-Heinous,Economic Offences,Criminal Breach of Trust,Charge Sheeted,12.42985,76.58589
1161,100240002202601161,Kodagu,2,2026-03-19,2026,3,FIR,Non-Heinous,Public Order,Rioting,Closed,12.3012,75.83517
1162,700020004202601162,Bengaluru Rural,4,2026-09-12,2026,9,Zero FIR,Heinous,Crimes Against Body,Attempt to Murder,Closed,13.264,77.59717
1163,100110001202601163,Davanagere,1,2026-02-04,2026,2,FIR,Non-Heinous,Economic Offences,Criminal Breach of Trust,Closed,14.45135,75.91626
1164,100020002202401164,Bengaluru Rural,2,2024-09-17,2024,9,FIR,Heinous,Crimes Against Women,Dowry Harassment,Charge Sheeted,13.29536,77.52707
1165,100190003202501165,Hassan,3,2025-01-22,2025,1,FIR,Heinous,Crimes Against Body,Grievous Hurt,Under Investigation,13.06771,76.00748
1166,100260003202401166,Chikkaballapur,3,2024-06-19,2024,6,FIR,Non-Heinous,Crimes Against Body,Grievous Hurt,Closed,13.45446,77.72387
1167,700040003202301167,Mangaluru (Dakshina Kannada),3,2023-03-15,2023,3,Zero FIR,Non-Heinous,Economic Offences,Criminal Breach of Trust,Closed,12.94853,74.76793
1168,100010002202201168,Bengaluru City,2,2022-03-15,2022,3,FIR,Non-Heinous,Crimes Against Property,Dacoity,Under Investigation,13.05477,77.61009
1169,100110002202601169,Davanagere,2,2026-11-26,2026,11,FIR,Non-Heinous,Crimes Against Body,Attempt to Murder,Closed,14.35076,75.84228
1170,100020004202601170,Bengaluru Rural,4,2026-10-12,2026,10,FIR,Non-Heinous,Cyber Crime,Cyberstalking,False Case,13.23349,77.61268
1171,100190002202401171,Hassan,2,2024-06-07,2024,6,FIR,Non-Heinous,Economic Offences,Criminal Breach of Trust,Charge Sheeted,13.03671,76.0378
1172,700080003202501172,Ballari,3,2025-02-19,2025,2,Zero FIR,Non-Heinous,Cyber Crime,Identity Theft,Under Investigation,15.08272,76.94217
1173,100140003202201173,Bidar,3,2022-11-17,2022,11,FIR,Non-Heinous,Cyber Crime,Online Fraud,Under Investigation,17.83662,77.56587
1174,100170003202501174,Kolar,3,2025-05-27,2025,5,FIR,Non-Heinous,Crimes Against Body,Murder,Under Investigation,13.11541,78.06169
1175,100090001202201175,Tumakuru,1,2022-07-08,2022,7,FIR,Non-Heinous,Crimes Against Property,Burglary,Under Investigation,13.36224,77.14323
1176,100020004202201176,Bengaluru Rural,4,2022-07-16,2022,7,FIR,Non-Heinous,Crimes Against Body,Grievous Hurt,Charge Sheeted,13.31244,77.59231
1177,100050002202601177,Belagavi,2,2026-02-06,2026,2,PAR,Non-Heinous,Public Order,Unlawful Assembly,Closed,15.80443,74.40896
1178,100090002202201178,Tumakuru,2,2022-02-18,2022,2,FIR,Non-Heinous,Crimes Against Property,Burglary,Under Investigation,13.41969,77.03914
1179,100210004202401179,Koppal,4,2024-08-05,2024,8,FIR,Non-Heinous,Crimes Against Women,Domestic Violence,Closed,15.2376,76.24534
1180,100050002202301180,Belagavi,2,2023-04-23,2023,4,FIR,Non-Heinous,Crimes Against Body,Assault,Under Investigation,15.81274,74.54673
1181,700020001202301181,Bengaluru Rural,1,2023-09-12,2023,9,Zero FIR,Non-Heinous,Crimes Against Property,Dacoity,Charge Sheeted,13.2835,77.58621
1182,100110004202201182,Davanagere,4,2022-04-06,2022,4,FIR,Non-Heinous,Crimes Against Body,Murder,Charge Sheeted,14.48512,75.80327
1183,100260002202201183,Chikkaballapur,2,2022-01-23,2022,1,PAR,Non-Heinous,Crimes Against Body,Murder,Under Investigation,13.36212,77.72331
1184,100040002202401184,Mangaluru (Dakshina Kannada),2,2024-08-12,2024,8,FIR,Non-Heinous,Cyber Crime,Online Fraud,Charge Sheeted,12.91043,74.8667
1185,100020004202601185,Bengaluru Rural,4,2026-04-06,2026,4,FIR,Non-Heinous,Crimes Against Property,Theft,Charge Sheeted,13.37877,77.51294
1186,100040004202401186,Mangaluru (Dakshina Kannada),4,2024-07-05,2024,7,FIR,Non-Heinous,Crimes Against Women,Sexual Assault,Under Investigation,12.89576,74.80697
1187,100050002202501187,Belagavi,2,2025-11-07,2025,11,FIR,Non-Heinous,Economic Offences,Cheating,Charge Sheeted,15.95274,74.48146
1188,100030001202401188,Mysuru,1,2024-02-26,2024,2,FIR,Non-Heinous,Economic Offences,Forgery,Closed,12.39055,76.65907
1189,100040002202501189,Mangaluru (Dakshina Kannada),2,2025-02-15,2025,2,FIR,Non-Heinous,Crimes Against Women,Molestation,Under Investigation,12.86955,74.84833
1190,100010002202501190,Bengaluru City,2,2025-10-06,2025,10,FIR,Non-Heinous,Public Order,Rioting,False Case,13.01778,77.63516
1191,400020002202201191,Bengaluru Rural,2,2022-05-12,2022,5,UDR,Heinous,Crimes Against Body,Attempt to Murder,Closed,13.30156,77.49117
1192,100090001202501192,Tumakuru,1,2025-07-20,2025,7,FIR,Non-Heinous,Economic Offences,Forgery,Charge Sheeted,13.32522,77.11207
1193,100130003202501193,Raichur,3,2025-10-27,2025,10,FIR,Non-Heinous,Cyber Crime,Cyberstalking,Under Investigation,16.13133,77.35362
1194,100270003202601194,Bagalkot,3,2026-12-09,2026,12,FIR,Non-Heinous,Crimes Against Women,Domestic Violence,Closed,16.16119,75.78515
1195,700250003202401195,Ramanagara,3,2024-10-17,2024,10,Zero FIR,Non-Heinous,Cyber Crime,Phishing,Closed,12.68866,77.29353
1196,100010001202201196,Bengaluru City,1,2022-03-10,2022,3,PAR,Non-Heinous,Crimes Against Property,Burglary,Under Investigation,13.025,77.59414
1197,100050004202601197,Belagavi,4,2026-05-02,2026,5,FIR,Non-Heinous,Public Order,Unlawful Assembly,Under Investigation,15.8729,74.53377
1198,100130001202401198,Raichur,1,2024-08-04,2024,8,FIR,Non-Heinous,Crimes Against Property,Robbery,Charge Sheeted,16.23219,77.36211
1199,100190001202601199,Hassan,1,2026-09-17,2026,9,FIR,Non-Heinous,Economic Offences,Cheating,Charge Sheeted,12.89783,76.12416
1200,100150003202301200,Chikkamagaluru,3,2023-11-08,2023,11,FIR,Non-Heinous,Crimes Against Property,Robbery,Under Investigation,13.30211,75.8099
1201,400050003202501201,Belagavi,3,2025-08-24,2025,8,UDR,Non-Heinous,Cyber Crime,Phishing,Closed,15.82925,74.52007
1202,100090003202301202,Tumakuru,3,2023-12-19,2023,12,FIR,Non-Heinous,Crimes Against Body,Murder,False Case,13.28244,77.05092
1203,100010001202501203,Bengaluru City,1,2025-10-15,2025,10,FIR,Non-Heinous,Crimes Against Property,Burglary,Under Investigation,13.00263,77.51503
1204,400230002202501204,Chamarajanagar,2,2025-02-03,2025,2,UDR,Non-Heinous,Crimes Against Body,Grievous Hurt,Charge Sheeted,12.00216,76.89378
1205,100070002202301205,Hubballi-Dharwad,2,2023-07-13,2023,7,FIR,Non-Heinous,Public Order,Unlawful Assembly,False Case,15.34658,75.0713
1206,100230004202501206,Chamarajanagar,4,2025-12-24,2025,12,FIR,Non-Heinous,Crimes Against Body,Assault,Under Investigation,11.95484,76.86992
1207,100010004202201207,Bengaluru City,4,2022-05-04,2022,5,PAR,Non-Heinous,Crimes Against Property,Dacoity,Closed,12.85429,77.62976
1208,100120004202501208,Vijayapura,4,2025-01-23,2025,1,PAR,Heinous,Crimes Against Women,Sexual Assault,Charge Sheeted,16.81297,75.75054
1209,100160002202601209,Udupi,2,2026-10-02,2026,10,FIR,Non-Heinous,Crimes Against Women,Domestic Violence,Charge Sheeted,13.32078,74.76506
1210,100160004202601210,Udupi,4,2026-02-02,2026,2,FIR,Non-Heinous,Crimes Against Property,Robbery,Under Investigation,13.37734,74.72068
1211,100090002202601211,Tumakuru,2,2026-12-22,2026,12,FIR,Non-Heinous,Cyber Crime,Cyberstalking,Undetected,13.28044,77.00966
1212,100080004202301212,Ballari,4,2023-12-12,2023,12,FIR,Heinous,Narcotics,NDPS Trafficking,Undetected,15.1057,76.87948
1213,100050003202601213,Belagavi,3,2026-10-04,2026,10,FIR,Non-Heinous,Public Order,Rioting,Under Investigation,15.81148,74.36164
1214,100060003202501214,Kalaburagi,3,2025-05-04,2025,5,FIR,Non-Heinous,Crimes Against Property,Burglary,Charge Sheeted,17.37863,76.79945
1215,100020004202301215,Bengaluru Rural,4,2023-09-18,2023,9,FIR,Non-Heinous,Crimes Against Property,Theft,Under Investigation,13.35922,77.6574
1216,100140003202601216,Bidar,3,2026-12-11,2026,12,FIR,Non-Heinous,Crimes Against Body,Grievous Hurt,Under Investigation,17.95065,77.57061
1217,700010004202301217,Bengaluru City,4,2023-01-27,2023,1,Zero FIR,Non-Heinous,Crimes Against Body,Murder,Under Investigation,12.96361,77.67015
1218,100010003202301218,Bengaluru City,3,2023-01-12,2023,1,FIR,Non-Heinous,Crimes Against Property,Burglary,Closed,13.09889,77.58363
1219,100060001202601219,Kalaburagi,1,2026-07-22,2026,7,FIR,Non-Heinous,Crimes Against Property,Theft,False Case,17.3909,76.84809
1220,100030003202301220,Mysuru,3,2023-07-14,2023,7,FIR,Heinous,Crimes Against Body,Murder,Charge Sheeted,12.32284,76.68383
1221,100020002202501221,Bengaluru Rural,2,2025-05-01,2025,5,FIR,Non-Heinous,Crimes Against Body,Grievous Hurt,Closed,13.29989,77.45899
1222,100040003202301222,Mangaluru (Dakshina Kannada),3,2023-11-22,2023,11,FIR,Non-Heinous,Economic Offences,Cheating,Under Investigation,12.89964,74.93955
1223,100110002202301223,Davanagere,2,2023-10-11,2023,10,FIR,Non-Heinous,Crimes Against Property,Dacoity,Under Investigation,14.50113,75.92819
1224,100290004202601224,Gadag,4,2026-09-22,2026,9,FIR,Non-Heinous,Crimes Against Property,Theft,Undetected,15.54878,75.69358
1225,100030003202301225,Mysuru,3,2023-06-15,2023,6,FIR,Non-Heinous,Cyber Crime,Identity Theft,Closed,12.21991,76.63039
1226,100130003202201226,Raichur,3,2022-01-15,2022,1,FIR,Non-Heinous,Crimes Against Women,Dowry Harassment,Charge Sheeted,16.24061,77.31121
1227,100020002202601227,Bengaluru Rural,2,2026-10-27,2026,10,FIR,Non-Heinous,Public Order,Rioting,Closed,13.1963,77.56648
1228,100070004202601228,Hubballi-Dharwad,4,2026-11-17,2026,11,FIR,Non-Heinous,Crimes Against Property,Theft,Under Investigation,15.25749,75.07443
1229,100010003202201229,Bengaluru City,3,2022-06-09,2022,6,FIR,Non-Heinous,Crimes Against Body,Assault,Closed,12.89239,77.66201
1230,700230004202401230,Chamarajanagar,4,2024-01-22,2024,1,Zero FIR,Non-Heinous,Crimes Against Property,Theft,Charge Sheeted,11.9815,76.95022
1231,100230003202201231,Chamarajanagar,3,2022-09-24,2022,9,FIR,Non-Heinous,Public Order,Rioting,Charge Sheeted,11.91886,76.99637
1232,700190003202201232,Hassan,3,2022-11-18,2022,11,Zero FIR,Non-Heinous,Cyber Crime,Phishing,Under Investigation,13.00037,76.06619
1233,100050003202601233,Belagavi,3,2026-04-03,2026,4,FIR,Non-Heinous,Economic Offences,Forgery,False Case,15.85145,74.53109
1234,100070001202501234,Hubballi-Dharwad,1,2025-09-10,2025,9,FIR,Non-Heinous,Crimes Against Body,Grievous Hurt,Closed,15.38297,75.20519
1235,100220001202301235,Yadgir,1,2023-07-24,2023,7,PAR,Non-Heinous,Economic Offences,Cheating,Undetected,16.72628,77.12955
1236,100090003202201236,Tumakuru,3,2022-02-10,2022,2,FIR,Heinous,Crimes Against Body,Assault,Charge Sheeted,13.28777,77.0919
1237,400130004202601237,Raichur,4,2026-02-18,2026,2,UDR,Heinous,Crimes Against Body,Assault,Charge Sheeted,16.22182,77.27767
1238,100110004202201238,Davanagere,4,2022-11-06,2022,11,FIR,Non-Heinous,Cyber Crime,Phishing,Closed,14.47428,75.89681
1239,100070003202201239,Hubballi-Dharwad,3,2022-08-24,2022,8,FIR,Heinous,Crimes Against Body,Assault,Charge Sheeted,15.3316,75.15228
1240,100020004202301240,Bengaluru Rural,4,2023-03-13,2023,3,FIR,Non-Heinous,Crimes Against Property,Dacoity,Undetected,13.23513,77.51409
1241,100240002202301241,Kodagu,2,2023-08-25,2023,8,FIR,Non-Heinous,Economic Offences,Cheating,Undetected,12.32765,75.80877
1242,100110001202601242,Davanagere,1,2026-11-14,2026,11,FIR,Non-Heinous,Cyber Crime,Phishing,False Case,14.52047,75.95279
1243,100100003202201243,Shivamogga,3,2022-02-19,2022,2,FIR,Non-Heinous,Crimes Against Body,Attempt to Murder,Under Investigation,13.93599,75.6125
1244,100050003202401244,Belagavi,3,2024-02-13,2024,2,FIR,Heinous,Crimes Against Body,Grievous Hurt,Under Investigation,15.83375,74.50838
1245,400050004202401245,Belagavi,4,2024-09-09,2024,9,UDR,Non-Heinous,Crimes Against Property,Theft,Undetected,15.81197,74.45718
1246,100050001202401246,Belagavi,1,2024-06-10,2024,6,FIR,Heinous,Crimes Against Women,Molestation,False Case,15.73037,74.42021
1247,400040001202601247,Mangaluru (Dakshina Kannada),1,2026-04-24,2026,4,UDR,Heinous,Crimes Against Women,Domestic Violence,Under Investigation,12.89269,74.81266
1248,100050004202501248,Belagavi,4,2025-06-02,2025,6,FIR,Non-Heinous,Crimes Against Property,Dacoity,Charge Sheeted,15.87848,74.5811
1249,100130002202301249,Raichur,2,2023-10-08,2023,10,FIR,Non-Heinous,Cyber Crime,Phishing,Under Investigation,16.23098,77.28742
1250,400180002202401250,Mandya,2,2024-01-07,2024,1,UDR,Heinous,Crimes Against Women,Domestic Violence,Under Investigation,12.59064,76.86702
1251,100110002202601251,Davanagere,2,2026-03-01,2026,3,FIR,Non-Heinous,Crimes Against Property,Burglary,False Case,14.43891,75.89778
1252,100160003202301252,Udupi,3,2023-09-11,2023,9,FIR,Heinous,Crimes Against Women,Sexual Assault,Closed,13.41237,74.75184
1253,400090003202301253,Tumakuru,3,2023-02-21,2023,2,UDR,Non-Heinous,Crimes Against Property,Dacoity,Charge Sheeted,13.28512,77.1265
1254,100160001202201254,Udupi,1,2022-11-23,2022,11,FIR,Non-Heinous,Crimes Against Women,Dowry Harassment,Undetected,13.30197,74.6977
1255,100160004202301255,Udupi,4,2023-10-27,2023,10,FIR,Non-Heinous,Economic Offences,Cheating,Under Investigation,13.42263,74.73302
1256,100150003202501256,Chikkamagaluru,3,2025-07-08,2025,7,FIR,Non-Heinous,Crimes Against Property,Robbery,Under Investigation,13.40668,75.76791
1257,100100004202401257,Shivamogga,4,2024-08-18,2024,8,PAR,Non-Heinous,Crimes Against Property,Burglary,False Case,13.90876,75.59736
1258,100020002202301258,Bengaluru Rural,2,2023-11-13,2023,11,FIR,Heinous,Crimes Against Body,Assault,Under Investigation,13.36175,77.61632
1259,100110002202501259,Davanagere,2,2025-07-11,2025,7,FIR,Heinous,Crimes Against Body,Attempt to Murder,Charge Sheeted,14.51978,75.81098
1260,700080004202201260,Ballari,4,2022-09-12,2022,9,Zero FIR,Non-Heinous,Crimes Against Property,Theft,Charge Sheeted,15.07511,76.86606
1261,100050001202501261,Belagavi,1,2025-05-17,2025,5,FIR,Heinous,Crimes Against Body,Attempt to Murder,Under Investigation,15.91271,74.41315
1262,100050004202401262,Belagavi,4,2024-03-16,2024,3,FIR,Non-Heinous,Crimes Against Property,Burglary,Under Investigation,15.85158,74.44648
1263,700230004202501263,Chamarajanagar,4,2025-07-05,2025,7,Zero FIR,Non-Heinous,Narcotics,NDPS Trafficking,Charge Sheeted,11.76201,76.90625
1264,100080004202601264,Ballari,4,2026-02-22,2026,2,FIR,Heinous,Crimes Against Women,Dowry Harassment,Under Investigation,15.19942,76.90858
1265,100110001202501265,Davanagere,1,2025-01-10,2025,1,PAR,Heinous,Crimes Against Women,Dowry Harassment,False Case,14.52024,75.94598
1266,700040003202601266,Mangaluru (Dakshina Kannada),3,2026-11-19,2026,11,Zero FIR,Heinous,Crimes Against Women,Sexual Assault,Under Investigation,12.98405,74.90811
1267,100140003202601267,Bidar,3,2026-06-11,2026,6,FIR,Non-Heinous,Crimes Against Body,Assault,Under Investigation,18.05509,77.48123
1268,400160001202301268,Udupi,1,2023-01-20,2023,1,UDR,Non-Heinous,Crimes Against Property,Robbery,Undetected,13.31454,74.83612
1269,100070004202201269,Hubballi-Dharwad,4,2022-11-18,2022,11,FIR,Non-Heinous,Crimes Against Property,Robbery,Closed,15.23025,75.00353
1270,100200003202201270,Chitradurga,3,2022-10-24,2022,10,FIR,Non-Heinous,Crimes Against Women,Domestic Violence,Under Investigation,14.10644,76.38369
1271,100160001202401271,Udupi,1,2024-01-23,2024,1,FIR,Heinous,Narcotics,NDPS Trafficking,Charge Sheeted,13.38616,74.82367
1272,100280001202401272,Haveri,1,2024-02-07,2024,2,FIR,Heinous,Crimes Against Body,Murder,Closed,14.71161,75.32173
1273,700110001202301273,Davanagere,1,2023-06-20,2023,6,Zero FIR,Non-Heinous,Crimes Against Women,Domestic Violence,Charge Sheeted,14.51615,75.95278
1274,100050002202301274,Belagavi,2,2023-07-01,2023,7,FIR,Non-Heinous,Crimes Against Body,Assault,Undetected,15.92157,74.43026
1275,700220003202301275,Yadgir,3,2023-08-04,2023,8,Zero FIR,Heinous,Crimes Against Body,Attempt to Murder,Under Investigation,16.68947,77.22013
1276,100020003202601276,Bengaluru Rural,3,2026-02-19,2026,2,PAR,Non-Heinous,Crimes Against Property,Burglary,Under Investigation,13.26321,77.5571
1277,100190004202201277,Hassan,4,2022-03-10,2022,3,FIR,Non-Heinous,Economic Offences,Criminal Breach of Trust,Closed,13.00252,76.13664
1278,100140004202601278,Bidar,4,2026-07-09,2026,7,FIR,Non-Heinous,Crimes Against Property,Burglary,Closed,17.87785,77.44873
1279,400300002202401279,Uttara Kannada,2,2024-08-15,2024,8,UDR,Non-Heinous,Crimes Against Body,Grievous Hurt,Closed,14.87109,74.73822
1280,100160002202501280,Udupi,2,2025-10-19,2025,10,FIR,Non-Heinous,Crimes Against Body,Assault,Under Investigation,13.35766,74.68638
1281,100020001202601281,Bengaluru Rural,1,2026-01-07,2026,1,FIR,Non-Heinous,Crimes Against Body,Assault,False Case,13.32533,77.49928
1282,100170002202401282,Kolar,2,2024-08-19,2024,8,FIR,Non-Heinous,Crimes Against Body,Attempt to Murder,Closed,13.14072,78.11428
1283,100110002202201283,Davanagere,2,2022-01-01,2022,1,FIR,Non-Heinous,Crimes Against Property,Theft,Under Investigation,14.38899,75.94494
1284,100130002202501284,Raichur,2,2025-06-01,2025,6,FIR,Non-Heinous,Crimes Against Body,Attempt to Murder,Charge Sheeted,16.22306,77.32229
1285,100070002202201285,Hubballi-Dharwad,2,2022-09-09,2022,9,FIR,Non-Heinous,Crimes Against Property,Theft,Under Investigation,15.3268,75.16438
1286,100190002202401286,Hassan,2,2024-10-13,2024,10,FIR,Non-Heinous,Crimes Against Body,Attempt to Murder,Under Investigation,12.97544,76.10221
1287,100250004202501287,Ramanagara,4,2025-04-21,2025,4,FIR,Non-Heinous,Economic Offences,Forgery,Charge Sheeted,12.75105,77.35258
1288,100050001202601288,Belagavi,1,2026-06-04,2026,6,PAR,Non-Heinous,Crimes Against Body,Grievous Hurt,Charge Sheeted,15.93106,74.4415
1289,100220004202401289,Yadgir,4,2024-05-17,2024,5,FIR,Non-Heinous,Narcotics,NDPS Possession,Under Investigation,16.72536,77.11732
1290,400220003202601290,Yadgir,3,2026-06-03,2026,6,UDR,Non-Heinous,Crimes Against Property,Dacoity,Closed,16.87209,77.21844
1291,700110001202401291,Davanagere,1,2024-11-25,2024,11,Zero FIR,Non-Heinous,Economic Offences,Cheating,Closed,14.33157,75.95534
1292,100120002202201292,Vijayapura,2,2022-09-17,2022,9,PAR,Non-Heinous,Cyber Crime,Phishing,Closed,16.90683,75.67033
1293,100300003202401293,Uttara Kannada,3,2024-07-04,2024,7,FIR,Non-Heinous,Crimes Against Property,Burglary,Undetected,14.7569,74.8023
1294,100290004202401294,Gadag,4,2024-04-16,2024,4,FIR,Heinous,Crimes Against Body,Attempt to Murder,Under Investigation,15.4191,75.59812
1295,700090004202201295,Tumakuru,4,2022-10-14,2022,10,Zero FIR,Non-Heinous,Cyber Crime,Phishing,Under Investigation,13.29115,77.10469
1296,100010004202201296,Bengaluru City,4,2022-11-09,2022,11,FIR,Non-Heinous,Crimes Against Women,Dowry Harassment,False Case,13.0457,77.50094
1297,100050004202501297,Belagavi,4,2025-10-11,2025,10,FIR,Non-Heinous,Crimes Against Property,Theft,Closed,15.78811,74.37589
1298,100040002202601298,Mangaluru (Dakshina Kannada),2,2026-07-05,2026,7,PAR,Heinous,Crimes Against Women,Dowry Harassment,Under Investigation,12.92565,74.83271
1299,100030001202601299,Mysuru,1,2026-09-18,2026,9,FIR,Heinous,Crimes Against Body,Grievous Hurt,Under Investigation,12.29287,76.54168
1300,700060001202201300,Kalaburagi,1,2022-09-16,2022,9,Zero FIR,Non-Heinous,Economic Offences,Cheating,Closed,17.29577,76.84278
1301,100190001202401301,Hassan,1,2024-03-26,2024,3,FIR,Non-Heinous,Crimes Against Body,Assault,Charge Sheeted,13.01986,76.1408
1302,100110003202201302,Davanagere,3,2022-07-18,2022,7,FIR,Non-Heinous,Crimes Against Property,Robbery,Under Investigation,14.4074,75.89837
1303,100050002202501303,Belagavi,2,2025-08-05,2025,8,FIR,Non-Heinous,Crimes Against Property,Theft,Under Investigation,15.9286,74.43401
1304,100040001202201304,Mangaluru (Dakshina Kannada),1,2022-05-27,2022,5,FIR,Non-Heinous,Crimes Against Property,Robbery,Under Investigation,12.81556,74.92891
1305,100010001202401305,Bengaluru City,1,2024-12-12,2024,12,FIR,Non-Heinous,Crimes Against Women,Molestation,Under Investigation,12.97566,77.51218
1306,100010002202501306,Bengaluru City,2,2025-08-01,2025,8,FIR,Non-Heinous,Public Order,Unlawful Assembly,Charge Sheeted,12.9134,77.54173
1307,700110001202501307,Davanagere,1,2025-10-02,2025,10,Zero FIR,Non-Heinous,Crimes Against Property,Robbery,Undetected,14.49259,75.88013
1308,100090001202501308,Tumakuru,1,2025-10-25,2025,10,FIR,Non-Heinous,Cyber Crime,Online Fraud,Closed,13.28672,77.17115
1309,100290003202201309,Gadag,3,2022-10-06,2022,10,FIR,Non-Heinous,Economic Offences,Cheating,False Case,15.35733,75.62257
1310,100050003202201310,Belagavi,3,2022-03-27,2022,3,FIR,Non-Heinous,Economic Offences,Cheating,Charge Sheeted,15.97364,74.45517
1311,100050001202301311,Belagavi,1,2023-05-26,2023,5,FIR,Non-Heinous,Economic Offences,Forgery,Charge Sheeted,15.80241,74.39323
1312,100160002202401312,Udupi,2,2024-06-16,2024,6,FIR,Non-Heinous,Crimes Against Property,Dacoity,Under Investigation,13.32579,74.88389
1313,100200001202601313,Chitradurga,1,2026-02-11,2026,2,FIR,Heinous,Crimes Against Women,Dowry Harassment,Under Investigation,14.28886,76.39549
1314,700050002202601314,Belagavi,2,2026-02-23,2026,2,Zero FIR,Non-Heinous,Crimes Against Body,Murder,Charge Sheeted,15.83919,74.47073
1315,100150003202401315,Chikkamagaluru,3,2024-07-14,2024,7,FIR,Non-Heinous,Economic Offences,Criminal Breach of Trust,Undetected,13.34768,75.75248
1316,100240003202501316,Kodagu,3,2025-09-03,2025,9,PAR,Non-Heinous,Crimes Against Property,Dacoity,False Case,12.33031,75.74775
1317,400140001202301317,Bidar,1,2023-01-03,2023,1,UDR,Non-Heinous,Crimes Against Property,Robbery,Under Investigation,17.94156,77.6348
1318,100160003202401318,Udupi,3,2024-07-11,2024,7,FIR,Non-Heinous,Crimes Against Property,Dacoity,Under Investigation,13.38878,74.78533
1319,100110003202601319,Davanagere,3,2026-07-20,2026,7,PAR,Non-Heinous,Crimes Against Women,Dowry Harassment,Charge Sheeted,14.46091,75.83822
1320,100040003202601320,Mangaluru (Dakshina Kannada),3,2026-04-26,2026,4,FIR,Non-Heinous,Economic Offences,Criminal Breach of Trust,Undetected,12.85294,74.95745
1321,100040001202301321,Mangaluru (Dakshina Kannada),1,2023-03-25,2023,3,FIR,Non-Heinous,Crimes Against Property,Theft,Under Investigation,12.85987,74.914
1322,100050001202301322,Belagavi,1,2023-05-23,2023,5,FIR,Heinous,Crimes Against Women,Sexual Assault,Charge Sheeted,15.72938,74.43588
1323,100220003202501323,Yadgir,3,2025-08-08,2025,8,FIR,Non-Heinous,Narcotics,NDPS Trafficking,Closed,16.73808,77.18218
1324,100130003202301324,Raichur,3,2023-08-10,2023,8,FIR,Non-Heinous,Crimes Against Property,Theft,Charge Sheeted,16.15958,77.3215
1325,100050001202601325,Belagavi,1,2026-10-21,2026,10,PAR,Non-Heinous,Economic Offences,Cheating,Charge Sheeted,15.80174,74.52256
1326,100280004202401326,Haveri,4,2024-06-23,2024,6,PAR,Non-Heinous,Cyber Crime,Identity Theft,Closed,14.77034,75.38435
1327,700050002202301327,Belagavi,2,2023-10-25,2023,10,Zero FIR,Non-Heinous,Crimes Against Property,Robbery,Closed,16.07065,74.39539
1328,400020002202501328,Bengaluru Rural,2,2025-03-06,2025,3,UDR,Heinous,Crimes Against Women,Sexual Assault,Charge Sheeted,13.25953,77.64199
1329,700020002202401329,Bengaluru Rural,2,2024-09-24,2024,9,Zero FIR,Non-Heinous,Crimes Against Property,Theft,Under Investigation,13.33515,77.53825
1330,100090004202301330,Tumakuru,4,2023-09-09,2023,9,FIR,Non-Heinous,Economic Offences,Criminal Breach of Trust,Charge Sheeted,13.3601,77.11839
1331,100140001202301331,Bidar,1,2023-06-15,2023,6,FIR,Non-Heinous,Crimes Against Property,Dacoity,Under Investigation,17.90801,77.44108
1332,100270004202501332,Bagalkot,4,2025-10-10,2025,10,FIR,Non-Heinous,Economic Offences,Forgery,Undetected,16.24722,75.66858
1333,100050002202601333,Belagavi,2,2026-05-14,2026,5,FIR,Heinous,Crimes Against Women,Dowry Harassment,Under Investigation,15.88105,74.5011
1334,100250004202401334,Ramanagara,4,2024-02-02,2024,2,FIR,Non-Heinous,Crimes Against Property,Burglary,Closed,12.73587,77.26653
1335,100020003202301335,Bengaluru Rural,3,2023-07-11,2023,7,FIR,Non-Heinous,Crimes Against Women,Molestation,Charge Sheeted,13.22539,77.48971
1336,100050003202401336,Belagavi,3,2024-09-08,2024,9,FIR,Non-Heinous,Economic Offences,Criminal Breach of Trust,Charge Sheeted,15.81742,74.46711
1337,100020001202301337,Bengaluru Rural,1,2023-08-27,2023,8,FIR,Non-Heinous,Crimes Against Property,Theft,Under Investigation,13.37369,77.61049
1338,100060004202401338,Kalaburagi,4,2024-04-13,2024,4,FIR,Non-Heinous,Crimes Against Property,Burglary,Under Investigation,17.20497,76.7811
1339,100030003202301339,Mysuru,3,2023-05-25,2023,5,FIR,Non-Heinous,Crimes Against Body,Grievous Hurt,Closed,12.28961,76.5928
1340,700140003202201340,Bidar,3,2022-01-15,2022,1,Zero FIR,Non-Heinous,Crimes Against Property,Theft,Closed,17.92077,77.60413
1341,100120003202201341,Vijayapura,3,2022-11-21,2022,11,FIR,Non-Heinous,Economic Offences,Cheating,Under Investigation,16.74556,75.71136
1342,100160004202301342,Udupi,4,2023-12-24,2023,12,FIR,Non-Heinous,Crimes Against Property,Burglary,False Case,13.34072,74.69975
1343,700110001202201343,Davanagere,1,2022-02-07,2022,2,Zero FIR,Non-Heinous,Crimes Against Property,Dacoity,Closed,14.40422,75.84015
1344,100280004202301344,Haveri,4,2023-12-15,2023,12,FIR,Heinous,Crimes Against Women,Dowry Harassment,Charge Sheeted,14.62655,75.40817
1345,100250001202501345,Ramanagara,1,2025-10-18,2025,10,FIR,Heinous,Crimes Against Body,Attempt to Murder,Charge Sheeted,12.78372,77.33701
1346,400140001202601346,Bidar,1,2026-03-25,2026,3,UDR,Non-Heinous,Crimes Against Women,Molestation,Charge Sheeted,17.91823,77.53647
1347,100210001202201347,Koppal,1,2022-05-18,2022,5,FIR,Non-Heinous,Crimes Against Body,Assault,Charge Sheeted,15.50325,76.16973
1348,100020003202201348,Bengaluru Rural,3,2022-06-26,2022,6,FIR,Non-Heinous,Narcotics,NDPS Possession,Charge Sheeted,13.3373,77.57259
1349,100140003202301349,Bidar,3,2023-09-24,2023,9,PAR,Non-Heinous,Crimes Against Property,Theft,Charge Sheeted,17.9343,77.56673
1350,100090004202401350,Tumakuru,4,2024-01-04,2024,1,FIR,Non-Heinous,Crimes Against Property,Theft,False Case,13.47367,77.06751
1351,100050003202401351,Belagavi,3,2024-12-04,2024,12,FIR,Non-Heinous,Crimes Against Property,Theft,Under Investigation,15.86631,74.46761
1352,100230001202301352,Chamarajanagar,1,2023-05-21,2023,5,FIR,Heinous,Crimes Against Women,Sexual Assault,Under Investigation,11.91997,76.81577
1353,100280002202601353,Haveri,2,2026-07-22,2026,7,FIR,Non-Heinous,Crimes Against Property,Burglary,Undetected,14.8735,75.41575
1354,100040003202601354,Mangaluru (Dakshina Kannada),3,2026-02-09,2026,2,FIR,Non-Heinous,Crimes Against Property,Dacoity,Charge Sheeted,12.9534,74.79479
1355,100100004202501355,Shivamogga,4,2025-01-27,2025,1,FIR,Non-Heinous,Crimes Against Women,Domestic Violence,False Case,13.8687,75.57926
1356,100140002202201356,Bidar,2,2022-04-23,2022,4,FIR,Non-Heinous,Crimes Against Property,Robbery,Undetected,17.92027,77.48688
1357,700050004202201357,Belagavi,4,2022-01-09,2022,1,Zero FIR,Non-Heinous,Crimes Against Property,Theft,Undetected,15.84452,74.56718
1358,100180001202501358,Mandya,1,2025-07-11,2025,7,FIR,Non-Heinous,Crimes Against Women,Domestic Violence,Charge Sheeted,12.43628,77.00157
1359,100020002202401359,Bengaluru Rural,2,2024-03-01,2024,3,FIR,Non-Heinous,Economic Offences,Criminal Breach of Trust,Charge Sheeted,13.30266,77.56341
1360,100070001202501360,Hubballi-Dharwad,1,2025-03-09,2025,3,FIR,Heinous,Crimes Against Women,Molestation,Charge Sheeted,15.46317,75.19347
1361,100150004202401361,Chikkamagaluru,4,2024-06-23,2024,6,FIR,Non-Heinous,Crimes Against Body,Murder,Closed,13.32516,75.78994
1362,100160003202301362,Udupi,3,2023-03-17,2023,3,FIR,Non-Heinous,Crimes Against Property,Dacoity,Charge Sheeted,13.30494,74.90226
1363,100230002202601363,Chamarajanagar,2,2026-06-04,2026,6,FIR,Non-Heinous,Crimes Against Body,Assault,Charge Sheeted,11.90887,77.00508
1364,100070003202601364,Hubballi-Dharwad,3,2026-05-11,2026,5,PAR,Heinous,Crimes Against Women,Molestation,Charge Sheeted,15.32907,75.29182
1365,100220002202501365,Yadgir,2,2025-06-10,2025,6,FIR,Non-Heinous,Crimes Against Body,Assault,Closed,16.83977,77.14424
1366,100020003202501366,Bengaluru Rural,3,2025-03-05,2025,3,FIR,Non-Heinous,Crimes Against Property,Robbery,Undetected,13.30994,77.62429
1367,100190004202201367,Hassan,4,2022-10-03,2022,10,FIR,Heinous,Crimes Against Body,Assault,Closed,13.05228,76.03165
1368,100260003202401368,Chikkaballapur,3,2024-01-19,2024,1,PAR,Heinous,Crimes Against Women,Dowry Harassment,Under Investigation,13.35322,77.75272
1369,100010003202401369,Bengaluru City,3,2024-08-03,2024,8,FIR,Non-Heinous,Crimes Against Women,Molestation,Charge Sheeted,12.95167,77.55991
1370,100140002202501370,Bidar,2,2025-07-03,2025,7,FIR,Non-Heinous,Crimes Against Women,Sexual Assault,Charge Sheeted,17.89726,77.45547
1371,100230002202301371,Chamarajanagar,2,2023-05-02,2023,5,FIR,Heinous,Narcotics,NDPS Possession,Under Investigation,11.84561,76.91188
1372,400250001202301372,Ramanagara,1,2023-07-08,2023,7,UDR,Non-Heinous,Cyber Crime,Online Fraud,Undetected,12.74919,77.25521
1373,100030001202601373,Mysuru,1,2026-12-19,2026,12,FIR,Non-Heinous,Cyber Crime,Online Fraud,False Case,12.34257,76.61286
1374,100020001202401374,Bengaluru Rural,1,2024-03-13,2024,3,PAR,Non-Heinous,Economic Offences,Criminal Breach of Trust,Under Investigation,13.21864,77.44699
1375,400050002202201375,Belagavi,2,2022-08-12,2022,8,UDR,Heinous,Crimes Against Women,Dowry Harassment,Under Investigation,15.81178,74.48492
1376,100100003202601376,Shivamogga,3,2026-08-20,2026,8,FIR,Heinous,Crimes Against Women,Molestation,Under Investigation,14.03175,75.65699
1377,100050004202601377,Belagavi,4,2026-01-19,2026,1,FIR,Non-Heinous,Crimes Against Women,Dowry Harassment,Under Investigation,15.78243,74.63253
1378,100090003202601378,Tumakuru,3,2026-05-14,2026,5,FIR,Non-Heinous,Crimes Against Body,Grievous Hurt,Charge Sheeted,13.21504,77.0639
1379,100110001202401379,Davanagere,1,2024-11-10,2024,11,FIR,Non-Heinous,Crimes Against Property,Theft,Charge Sheeted,14.57622,75.95698
1380,100090002202601380,Tumakuru,2,2026-10-02,2026,10,FIR,Non-Heinous,Crimes Against Women,Dowry Harassment,Charge Sheeted,13.26641,77.12015
1381,100120004202501381,Vijayapura,4,2025-02-22,2025,2,FIR,Non-Heinous,Cyber Crime,Online Fraud,Charge Sheeted,16.89654,75.7399
1382,100050004202501382,Belagavi,4,2025-11-13,2025,11,FIR,Non-Heinous,Cyber Crime,Phishing,Under Investigation,15.73658,74.40152
1383,100070002202301383,Hubballi-Dharwad,2,2023-02-12,2023,2,FIR,Non-Heinous,Crimes Against Women,Dowry Harassment,Charge Sheeted,15.35519,75.22113
1384,100120001202401384,Vijayapura,1,2024-12-23,2024,12,FIR,Non-Heinous,Cyber Crime,Identity Theft,False Case,16.86155,75.75499
1385,100240004202501385,Kodagu,4,2025-09-16,2025,9,FIR,Non-Heinous,Crimes Against Women,Sexual Assault,Under Investigation,12.37529,75.83416
1386,100010002202401386,Bengaluru City,2,2024-07-24,2024,7,FIR,Non-Heinous,Crimes Against Property,Dacoity,Closed,13.03943,77.63217
1387,400060003202501387,Kalaburagi,3,2025-09-05,2025,9,UDR,Non-Heinous,Economic Offences,Criminal Breach of Trust,Closed,17.28447,76.95428
1388,700150001202601388,Chikkamagaluru,1,2026-04-19,2026,4,Zero FIR,Heinous,Crimes Against Women,Domestic Violence,Closed,13.32764,75.80464
1389,100090001202501389,Tumakuru,1,2025-06-17,2025,6,FIR,Non-Heinous,Crimes Against Body,Grievous Hurt,Charge Sheeted,13.3715,77.13222
1390,100240001202601390,Kodagu,1,2026-01-27,2026,1,FIR,Non-Heinous,Cyber Crime,Cyberstalking,Closed,12.28982,75.79574
1391,100120002202201391,Vijayapura,2,2022-10-27,2022,10,FIR,Non-Heinous,Crimes Against Property,Burglary,Charge Sheeted,16.82292,75.73009
1392,100270001202401392,Bagalkot,1,2024-04-18,2024,4,FIR,Heinous,Crimes Against Women,Molestation,Undetected,16.07466,75.64019
1393,400020002202201393,Bengaluru Rural,2,2022-10-06,2022,10,UDR,Non-Heinous,Crimes Against Property,Burglary,Undetected,13.3263,77.4933
1394,700190001202301394,Hassan,1,2023-04-03,2023,4,Zero FIR,Non-Heinous,Crimes Against Property,Theft,Under Investigation,12.94665,76.19599
1395,100110001202601395,Davanagere,1,2026-11-20,2026,11,FIR,Non-Heinous,Crimes Against Body,Attempt to Murder,Charge Sheeted,14.48143,75.91583
1396,100050001202401396,Belagavi,1,2024-06-25,2024,6,FIR,Non-Heinous,Crimes Against Women,Domestic Violence,Closed,15.82332,74.42213
1397,700020004202301397,Bengaluru Rural,4,2023-09-04,2023,9,Zero FIR,Non-Heinous,Crimes Against Body,Grievous Hurt,Charge Sheeted,13.2304,77.45255
1398,100240003202301398,Kodagu,3,2023-02-02,2023,2,FIR,Non-Heinous,Economic Offences,Cheating,Closed,12.29755,75.84001
1399,400180003202601399,Mandya,3,2026-09-08,2026,9,UDR,Non-Heinous,Crimes Against Property,Robbery,Charge Sheeted,12.56996,76.90361
1400,100240003202201400,Kodagu,3,2022-04-27,2022,4,PAR,Heinous,Crimes Against Women,Sexual Assault,Charge Sheeted,12.28042,75.74416
1401,400060001202401401,Kalaburagi,1,2024-11-12,2024,11,UDR,Heinous,Crimes Against Body,Grievous Hurt,Closed,17.20683,76.84011
1402,100250004202201402,Ramanagara,4,2022-06-03,2022,6,FIR,Non-Heinous,Crimes Against Women,Sexual Assault,Under Investigation,12.6392,77.27536
1403,400020003202401403,Bengaluru Rural,3,2024-12-10,2024,12,UDR,Non-Heinous,Cyber Crime,Cyberstalking,Closed,13.28324,77.46109
1404,100010002202401404,Bengaluru City,2,2024-12-23,2024,12,FIR,Non-Heinous,Crimes Against Body,Attempt to Murder,Under Investigation,13.02897,77.53164
1405,100110003202601405,Davanagere,3,2026-10-03,2026,10,FIR,Non-Heinous,Crimes Against Body,Murder,Charge Sheeted,14.49519,75.88493
1406,700240003202301406,Kodagu,3,2023-04-14,2023,4,Zero FIR,Non-Heinous,Crimes Against Women,Molestation,Closed,12.32778,75.73233
1407,100080003202501407,Ballari,3,2025-07-18,2025,7,FIR,Non-Heinous,Crimes Against Property,Burglary,Undetected,15.08485,76.89313
1408,100240003202401408,Kodagu,3,2024-05-19,2024,5,PAR,Non-Heinous,Crimes Against Body,Murder,Charge Sheeted,12.32897,75.73504
1409,400230003202601409,Chamarajanagar,3,2026-05-15,2026,5,UDR,Non-Heinous,Crimes Against Body,Grievous Hurt,Under Investigation,11.9489,76.88504
1410,100240002202201410,Kodagu,2,2022-08-10,2022,8,FIR,Non-Heinous,Narcotics,NDPS Trafficking,False Case,12.28567,75.80577
1411,100230003202501411,Chamarajanagar,3,2025-07-06,2025,7,FIR,Non-Heinous,Cyber Crime,Identity Theft,Charge Sheeted,11.92881,76.9569
1412,100040002202601412,Mangaluru (Dakshina Kannada),2,2026-09-06,2026,9,FIR,Non-Heinous,Crimes Against Property,Dacoity,Under Investigation,12.97335,74.87263
1413,100300001202501413,Uttara Kannada,1,2025-08-14,2025,8,FIR,Non-Heinous,Crimes Against Property,Burglary,Closed,14.78498,74.76613
1414,100050001202501414,Belagavi,1,2025-06-24,2025,6,FIR,Non-Heinous,Crimes Against Property,Robbery,Undetected,15.81868,74.51089
1415,100070003202601415,Hubballi-Dharwad,3,2026-09-17,2026,9,FIR,Non-Heinous,Crimes Against Property,Theft,False Case,15.29871,75.04821
1416,100150004202501416,Chikkamagaluru,4,2025-03-16,2025,3,FIR,Heinous,Crimes Against Women,Domestic Violence,Charge Sheeted,13.37185,75.79848
1417,100280001202601417,Haveri,1,2026-07-11,2026,7,FIR,Non-Heinous,Crimes Against Property,Dacoity,False Case,14.67151,75.33756
1418,100050003202501418,Belagavi,3,2025-06-25,2025,6,FIR,Heinous,Crimes Against Body,Murder,Under Investigation,15.8839,74.40548
1419,100230004202301419,Chamarajanagar,4,2023-01-06,2023,1,FIR,Non-Heinous,Cyber Crime,Phishing,Under Investigation,11.99748,76.88593
1420,100060003202501420,Kalaburagi,3,2025-06-12,2025,6,FIR,Non-Heinous,Crimes Against Women,Molestation,Charge Sheeted,17.42335,76.75321
1421,100190003202601421,Hassan,3,2026-04-12,2026,4,FIR,Non-Heinous,Narcotics,NDPS Possession,Closed,13.01892,76.09135
1422,100020001202301422,Bengaluru Rural,1,2023-06-25,2023,6,FIR,Non-Heinous,Cyber Crime,Phishing,Under Investigation,13.28871,77.52371
1423,100150004202501423,Chikkamagaluru,4,2025-07-21,2025,7,FIR,Non-Heinous,Crimes Against Property,Robbery,Undetected,13.26326,75.76192
1424,100070001202301424,Hubballi-Dharwad,1,2023-09-19,2023,9,FIR,Heinous,Crimes Against Body,Assault,Charge Sheeted,15.24541,75.14218
1425,100020001202401425,Bengaluru Rural,1,2024-03-13,2024,3,PAR,Heinous,Crimes Against Women,Dowry Harassment,Charge Sheeted,13.28257,77.50641
1426,100280003202201426,Haveri,3,2022-03-04,2022,3,FIR,Heinous,Crimes Against Women,Domestic Violence,Closed,14.81576,75.44973
1427,400010003202501427,Bengaluru City,3,2025-04-10,2025,4,UDR,Non-Heinous,Cyber Crime,Online Fraud,Closed,12.90378,77.5734
1428,100150001202401428,Chikkamagaluru,1,2024-07-22,2024,7,FIR,Non-Heinous,Crimes Against Property,Dacoity,Closed,13.34628,75.85963
1429,100130003202201429,Raichur,3,2022-03-09,2022,3,FIR,Non-Heinous,Economic Offences,Forgery,Undetected,16.12831,77.37442
1430,100230004202301430,Chamarajanagar,4,2023-03-03,2023,3,FIR,Non-Heinous,Economic Offences,Cheating,Closed,11.93931,77.00689
1431,100080003202501431,Ballari,3,2025-11-19,2025,11,FIR,Non-Heinous,Cyber Crime,Online Fraud,False Case,15.0703,76.96291
1432,700010002202501432,Bengaluru City,2,2025-07-05,2025,7,Zero FIR,Heinous,Crimes Against Body,Grievous Hurt,Charge Sheeted,12.96222,77.45924
1433,700130004202501433,Raichur,4,2025-06-05,2025,6,Zero FIR,Heinous,Crimes Against Body,Grievous Hurt,Under Investigation,16.24802,77.28973
1434,100010004202501434,Bengaluru City,4,2025-04-15,2025,4,FIR,Non-Heinous,Crimes Against Women,Sexual Assault,Charge Sheeted,12.91354,77.59325
1435,100220001202201435,Yadgir,1,2022-10-23,2022,10,FIR,Non-Heinous,Crimes Against Women,Molestation,False Case,16.75022,77.21907
1436,100090003202501436,Tumakuru,3,2025-09-06,2025,9,FIR,Non-Heinous,Crimes Against Women,Domestic Violence,Under Investigation,13.25585,77.09234
1437,100290002202601437,Gadag,2,2026-05-05,2026,5,PAR,Non-Heinous,Crimes Against Property,Robbery,Closed,15.37882,75.76049
1438,100230003202601438,Chamarajanagar,3,2026-05-15,2026,5,FIR,Heinous,Crimes Against Body,Attempt to Murder,Under Investigation,11.90397,76.95197
1439,100050002202601439,Belagavi,2,2026-08-20,2026,8,FIR,Non-Heinous,Crimes Against Property,Theft,Undetected,15.76047,74.4376
1440,100170002202301440,Kolar,2,2023-02-23,2023,2,FIR,Non-Heinous,Crimes Against Body,Attempt to Murder,Closed,13.11093,78.09923
1441,100090001202601441,Tumakuru,1,2026-02-12,2026,2,FIR,Heinous,Crimes Against Women,Molestation,Closed,13.28277,77.16389
1442,100020004202401442,Bengaluru Rural,4,2024-03-13,2024,3,FIR,Non-Heinous,Crimes Against Property,Burglary,Closed,13.24483,77.57564
1443,100010004202601443,Bengaluru City,4,2026-02-18,2026,2,PAR,Non-Heinous,Public Order,Unlawful Assembly,Under Investigation,12.97786,77.67033
1444,100070002202401444,Hubballi-Dharwad,2,2024-08-05,2024,8,PAR,Non-Heinous,Narcotics,NDPS Possession,False Case,15.37546,75.18336
1445,100010001202501445,Bengaluru City,1,2025-02-19,2025,2,FIR,Non-Heinous,Economic Offences,Criminal Breach of Trust,Under Investigation,13.01901,77.6004
1446,100220002202401446,Yadgir,2,2024-04-16,2024,4,FIR,Non-Heinous,Crimes Against Property,Burglary,Undetected,16.77856,77.20737
1447,100270004202601447,Bagalkot,4,2026-12-04,2026,12,PAR,Non-Heinous,Crimes Against Body,Assault,Closed,16.14786,75.69132
1448,100170001202501448,Kolar,1,2025-04-09,2025,4,FIR,Non-Heinous,Cyber Crime,Cyberstalking,Charge Sheeted,13.15719,78.1982
1449,100240004202501449,Kodagu,4,2025-04-03,2025,4,PAR,Non-Heinous,Crimes Against Body,Assault,Charge Sheeted,12.32534,75.82144
1450,100250002202401450,Ramanagara,2,2024-03-04,2024,3,PAR,Heinous,Narcotics,NDPS Possession,Charge Sheeted,12.65598,77.36387
1451,100050004202401451,Belagavi,4,2024-07-24,2024,7,FIR,Heinous,Crimes Against Women,Domestic Violence,Under Investigation,15.69416,74.53778
1452,100030004202501452,Mysuru,4,2025-01-07,2025,1,FIR,Non-Heinous,Narcotics,NDPS Possession,Charge Sheeted,12.26923,76.67605
1453,100010003202601453,Bengaluru City,3,2026-05-06,2026,5,FIR,Non-Heinous,Narcotics,NDPS Possession,Under Investigation,13.00216,77.60958
1454,700090003202601454,Tumakuru,3,2026-10-19,2026,10,Zero FIR,Non-Heinous,Cyber Crime,Identity Theft,Charge Sheeted,13.18909,77.18688
1455,100040004202201455,Mangaluru (Dakshina Kannada),4,2022-12-12,2022,12,FIR,Non-Heinous,Crimes Against Property,Dacoity,Closed,12.91892,74.80703
1456,100010004202601456,Bengaluru City,4,2026-11-11,2026,11,PAR,Non-Heinous,Economic Offences,Criminal Breach of Trust,Undetected,12.94242,77.60565
1457,100140002202201457,Bidar,2,2022-09-26,2022,9,FIR,Non-Heinous,Crimes Against Property,Theft,Under Investigation,17.87946,77.55381
1458,100030004202501458,Mysuru,4,2025-08-25,2025,8,FIR,Non-Heinous,Crimes Against Property,Dacoity,Charge Sheeted,12.28793,76.5372
1459,100130001202401459,Raichur,1,2024-03-07,2024,3,FIR,Non-Heinous,Crimes Against Property,Dacoity,Undetected,16.17852,77.26426
1460,100030001202601460,Mysuru,1,2026-07-01,2026,7,FIR,Non-Heinous,Crimes Against Property,Theft,Charge Sheeted,12.31672,76.6307
1461,400040003202201461,Mangaluru (Dakshina Kannada),3,2022-12-06,2022,12,UDR,Non-Heinous,Crimes Against Body,Grievous Hurt,Charge Sheeted,12.89342,74.88593
1462,100290003202401462,Gadag,3,2024-11-01,2024,11,FIR,Non-Heinous,Cyber Crime,Identity Theft,Charge Sheeted,15.48171,75.66911
1463,400110004202401463,Davanagere,4,2024-04-25,2024,4,UDR,Non-Heinous,Crimes Against Women,Dowry Harassment,Under Investigation,14.44215,75.88282
1464,100030004202601464,Mysuru,4,2026-07-10,2026,7,FIR,Heinous,Crimes Against Women,Dowry Harassment,Under Investigation,12.29823,76.69512
1465,100080004202401465,Ballari,4,2024-10-12,2024,10,FIR,Non-Heinous,Crimes Against Property,Robbery,Under Investigation,15.23024,76.9691
1466,100050003202601466,Belagavi,3,2026-04-23,2026,4,FIR,Non-Heinous,Crimes Against Property,Burglary,Charge Sheeted,15.78025,74.40722
1467,100050001202401467,Belagavi,1,2024-10-03,2024,10,FIR,Non-Heinous,Crimes Against Property,Theft,Closed,15.93044,74.52008
1468,100070004202301468,Hubballi-Dharwad,4,2023-07-04,2023,7,FIR,Non-Heinous,Economic Offences,Cheating,Under Investigation,15.27674,75.01976
1469,700290001202601469,Gadag,1,2026-03-10,2026,3,Zero FIR,Non-Heinous,Cyber Crime,Phishing,Undetected,15.43259,75.58476
1470,100110001202301470,Davanagere,1,2023-10-18,2023,10,FIR,Heinous,Crimes Against Body,Assault,Closed,14.45868,75.94561
1471,100010003202401471,Bengaluru City,3,2024-05-18,2024,5,FIR,Heinous,Crimes Against Women,Sexual Assault,Under Investigation,13.01521,77.55033
1472,100020004202301472,Bengaluru Rural,4,2023-12-04,2023,12,FIR,Non-Heinous,Public Order,Unlawful Assembly,Charge Sheeted,13.30481,77.5347
1473,100180002202201473,Mandya,2,2022-01-09,2022,1,FIR,Non-Heinous,Crimes Against Body,Attempt to Murder,Charge Sheeted,12.55585,76.95269
1474,100150004202201474,Chikkamagaluru,4,2022-06-06,2022,6,FIR,Heinous,Crimes Against Body,Attempt to Murder,Charge Sheeted,13.34748,75.80786
1475,100240003202301475,Kodagu,3,2023-07-02,2023,7,FIR,Non-Heinous,Crimes Against Body,Grievous Hurt,Undetected,12.26214,75.88294
1476,100190003202301476,Hassan,3,2023-04-16,2023,4,FIR,Heinous,Crimes Against Women,Sexual Assault,Charge Sheeted,13.05811,76.11382
1477,400190001202201477,Hassan,1,2022-06-13,2022,6,UDR,Non-Heinous,Crimes Against Women,Sexual Assault,Charge Sheeted,12.96949,76.10168
1478,100170001202201478,Kolar,1,2022-10-05,2022,10,PAR,Non-Heinous,Economic Offences,Cheating,Charge Sheeted,13.1381,78.17921
1479,100190001202201479,Hassan,1,2022-08-21,2022,8,FIR,Heinous,Crimes Against Body,Assault,Closed,13.04535,76.19184
1480,100070001202601480,Hubballi-Dharwad,1,2026-10-08,2026,10,FIR,Non-Heinous,Crimes Against Property,Burglary,Closed,15.39159,75.04685
1481,100150001202501481,Chikkamagaluru,1,2025-12-25,2025,12,FIR,Non-Heinous,Cyber Crime,Phishing,Charge Sheeted,13.32912,75.75942
1482,100020004202301482,Bengaluru Rural,4,2023-08-12,2023,8,FIR,Non-Heinous,Crimes Against Property,Robbery,Under Investigation,13.40027,77.57478
1483,100160003202301483,Udupi,3,2023-12-02,2023,12,FIR,Non-Heinous,Crimes Against Property,Dacoity,Charge Sheeted,13.31331,74.74581
1484,700010004202501484,Bengaluru City,4,2025-06-26,2025,6,Zero FIR,Non-Heinous,Crimes Against Women,Dowry Harassment,False Case,12.87862,77.52662
1485,700030003202201485,Mysuru,3,2022-02-11,2022,2,Zero FIR,Non-Heinous,Crimes Against Women,Sexual Assault,Under Investigation,12.3838,76.65776
1486,100030001202401486,Mysuru,1,2024-05-26,2024,5,FIR,Non-Heinous,Crimes Against Property,Theft,Charge Sheeted,12.33996,76.55254
1487,100110002202201487,Davanagere,2,2022-07-05,2022,7,FIR,Non-Heinous,Crimes Against Body,Grievous Hurt,Closed,14.46441,75.97577
1488,100190001202201488,Hassan,1,2022-06-16,2022,6,FIR,Non-Heinous,Crimes Against Body,Murder,Closed,12.981,76.11748
1489,700030004202501489,Mysuru,4,2025-09-25,2025,9,Zero FIR,Non-Heinous,Crimes Against Property,Burglary,Under Investigation,12.35407,76.76987
1490,100160003202401490,Udupi,3,2024-10-20,2024,10,FIR,Heinous,Crimes Against Body,Assault,Charge Sheeted,13.36144,74.75218
1491,100050002202301491,Belagavi,2,2023-03-05,2023,3,FIR,Non-Heinous,Cyber Crime,Identity Theft,Under Investigation,15.79349,74.60796
1492,100010002202301492,Bengaluru City,2,2023-08-17,2023,8,FIR,Non-Heinous,Public Order,Rioting,Charge Sheeted,12.86622,77.61972
1493,100020001202301493,Bengaluru Rural,1,2023-01-04,2023,1,FIR,Non-Heinous,Economic Offences,Criminal Breach of Trust,Charge Sheeted,13.30534,77.48731
1494,100090004202401494,Tumakuru,4,2024-06-27,2024,6,FIR,Non-Heinous,Economic Offences,Cheating,Under Investigation,13.30469,77.02466
1495,100190003202601495,Hassan,3,2026-05-20,2026,5,FIR,Non-Heinous,Crimes Against Women,Domestic Violence,Charge Sheeted,12.96194,76.03143
1496,100020001202601496,Bengaluru Rural,1,2026-05-18,2026,5,FIR,Heinous,Crimes Against Body,Assault,Under Investigation,13.25218,77.58135
1497,100240002202601497,Kodagu,2,2026-11-12,2026,11,FIR,Non-Heinous,Crimes Against Property,Dacoity,Under Investigation,12.39843,75.82824
1498,100050004202401498,Belagavi,4,2024-06-10,2024,6,FIR,Non-Heinous,Crimes Against Property,Burglary,Closed,15.89458,74.54663
1499,700180002202301499,Mandya,2,2023-11-07,2023,11,Zero FIR,Non-Heinous,Economic Offences,Criminal Breach of Trust,Charge Sheeted,12.51673,76.86484
1500,100250004202501500,Ramanagara,4,2025-05-26,2025,5,FIR,Non-Heinous,Crimes Against Body,Attempt to Murder,Charge Sheeted,12.65587,77.28143
1501,400230002202501501,Chamarajanagar,2,2025-04-16,2025,4,UDR,Non-Heinous,Crimes Against Property,Robbery,False Case,11.89153,76.85994
1502,100020004202601502,Bengaluru Rural,4,2026-10-03,2026,10,FIR,Non-Heinous,Cyber Crime,Identity Theft,Closed,13.29082,77.50044
1503,100050003202201503,Belagavi,3,2022-06-12,2022,6,FIR,Heinous,Crimes Against Women,Molestation,Under Investigation,15.91163,74.51283
1504,100030002202501504,Mysuru,2,2025-02-05,2025,2,FIR,Non-Heinous,Economic Offences,Criminal Breach of Trust,Charge Sheeted,12.14141,76.63953
1505,100110003202201505,Davanagere,3,2022-10-27,2022,10,FIR,Non-Heinous,Crimes Against Property,Robbery,False Case,14.44295,75.91983
1506,100050002202401506,Belagavi,2,2024-12-21,2024,12,FIR,Heinous,Narcotics,NDPS Trafficking,Under Investigation,15.84747,74.61174
1507,100020001202501507,Bengaluru Rural,1,2025-06-24,2025,6,FIR,Non-Heinous,Crimes Against Women,Domestic Violence,Charge Sheeted,13.22473,77.57318
1508,700240002202501508,Kodagu,2,2025-09-22,2025,9,Zero FIR,Non-Heinous,Public Order,Unlawful Assembly,Closed,12.42392,75.91838
1509,100100004202601509,Shivamogga,4,2026-04-17,2026,4,FIR,Non-Heinous,Crimes Against Body,Attempt to Murder,False Case,13.97413,75.54975
1510,100120003202401510,Vijayapura,3,2024-08-27,2024,8,FIR,Non-Heinous,Economic Offences,Criminal Breach of Trust,Closed,16.89112,75.8182
1511,100270001202201511,Bagalkot,1,2022-06-06,2022,6,FIR,Non-Heinous,Crimes Against Body,Attempt to Murder,Under Investigation,16.14009,75.65558
1512,100280003202201512,Haveri,3,2022-07-09,2022,7,FIR,Non-Heinous,Crimes Against Women,Sexual Assault,Charge Sheeted,14.70159,75.35891
1513,100030004202601513,Mysuru,4,2026-11-09,2026,11,FIR,Non-Heinous,Economic Offences,Cheating,Under Investigation,12.31007,76.7434
1514,100050003202401514,Belagavi,3,2024-07-24,2024,7,FIR,Non-Heinous,Crimes Against Body,Attempt to Murder,Under Investigation,15.79253,74.46748
1515,400130002202601515,Raichur,2,2026-02-10,2026,2,UDR,Non-Heinous,Crimes Against Property,Robbery,Closed,16.20672,77.26713
1516,100030003202401516,Mysuru,3,2024-08-08,2024,8,FIR,Non-Heinous,Economic Offences,Forgery,Charge Sheeted,12.26177,76.70529
1517,100030002202401517,Mysuru,2,2024-03-15,2024,3,FIR,Non-Heinous,Cyber Crime,Phishing,Under Investigation,12.27556,76.68862
1518,100060004202301518,Kalaburagi,4,2023-04-14,2023,4,FIR,Non-Heinous,Crimes Against Property,Theft,Charge Sheeted,17.42199,76.8966
1519,100010003202301519,Bengaluru City,3,2023-10-09,2023,10,FIR,Non-Heinous,Crimes Against Body,Murder,Charge Sheeted,12.92856,77.62129
1520,100060004202501520,Kalaburagi,4,2025-07-17,2025,7,FIR,Non-Heinous,Crimes Against Property,Dacoity,Closed,17.26061,76.88084
1521,100090002202401521,Tumakuru,2,2024-04-02,2024,4,FIR,Non-Heinous,Crimes Against Women,Dowry Harassment,Under Investigation,13.37117,77.03115
1522,100050002202301522,Belagavi,2,2023-05-10,2023,5,FIR,Non-Heinous,Crimes Against Body,Assault,Charge Sheeted,15.82449,74.43316
1523,100030004202601523,Mysuru,4,2026-09-11,2026,9,FIR,Non-Heinous,Crimes Against Property,Theft,Charge Sheeted,12.42813,76.60729
1524,100020001202501524,Bengaluru Rural,1,2025-08-19,2025,8,FIR,Non-Heinous,Crimes Against Property,Theft,False Case,13.41966,77.50362
1525,100260001202201525,Chikkaballapur,1,2022-10-07,2022,10,FIR,Non-Heinous,Crimes Against Property,Dacoity,Under Investigation,13.37265,77.7424
1526,100190001202501526,Hassan,1,2025-12-26,2025,12,PAR,Non-Heinous,Crimes Against Women,Molestation,Under Investigation,12.99584,76.08159
1527,100050001202401527,Belagavi,1,2024-07-25,2024,7,FIR,Non-Heinous,Crimes Against Women,Sexual Assault,Under Investigation,15.77842,74.53413
1528,100050002202501528,Belagavi,2,2025-12-06,2025,12,PAR,Heinous,Crimes Against Women,Dowry Harassment,Charge Sheeted,15.83599,74.54388
1529,100090001202501529,Tumakuru,1,2025-03-26,2025,3,FIR,Non-Heinous,Crimes Against Body,Attempt to Murder,Under Investigation,13.30659,77.13377
1530,100130003202501530,Raichur,3,2025-03-15,2025,3,FIR,Non-Heinous,Cyber Crime,Identity Theft,Under Investigation,16.36729,77.32643
1531,100140003202301531,Bidar,3,2023-04-10,2023,4,FIR,Non-Heinous,Crimes Against Women,Molestation,Undetected,17.96989,77.54133
1532,100050002202601532,Belagavi,2,2026-06-18,2026,6,FIR,Non-Heinous,Crimes Against Women,Sexual Assault,Charge Sheeted,15.80969,74.52942
1533,100210001202601533,Koppal,1,2026-05-16,2026,5,FIR,Heinous,Crimes Against Body,Assault,Charge Sheeted,15.28662,76.11467
1534,100230003202201534,Chamarajanagar,3,2022-12-23,2022,12,FIR,Non-Heinous,Economic Offences,Forgery,Under Investigation,11.89228,76.9049
1535,400120004202301535,Vijayapura,4,2023-09-19,2023,9,UDR,Non-Heinous,Crimes Against Body,Attempt to Murder,Under Investigation,16.84536,75.67769
1536,100020003202601536,Bengaluru Rural,3,2026-08-04,2026,8,FIR,Heinous,Crimes Against Body,Grievous Hurt,Undetected,13.29768,77.62161
1537,100040001202301537,Mangaluru (Dakshina Kannada),1,2023-04-04,2023,4,FIR,Non-Heinous,Crimes Against Body,Murder,Closed,12.85414,74.88533
1538,100220001202601538,Yadgir,1,2026-02-24,2026,2,FIR,Non-Heinous,Crimes Against Property,Robbery,Charge Sheeted,16.69232,77.25498
1539,100230003202301539,Chamarajanagar,3,2023-04-06,2023,4,FIR,Non-Heinous,Cyber Crime,Phishing,Under Investigation,11.97573,77.05151
1540,100090003202401540,Tumakuru,3,2024-08-11,2024,8,FIR,Non-Heinous,Crimes Against Property,Burglary,Charge Sheeted,13.36103,77.21221
1541,700090002202601541,Tumakuru,2,2026-05-11,2026,5,Zero FIR,Non-Heinous,Crimes Against Body,Assault,Closed,13.35831,77.2533
1542,100270004202601542,Bagalkot,4,2026-02-15,2026,2,FIR,Non-Heinous,Crimes Against Property,Robbery,Charge Sheeted,16.23228,75.74565
1543,100020001202201543,Bengaluru Rural,1,2022-08-05,2022,8,FIR,Non-Heinous,Crimes Against Women,Domestic Violence,Undetected,13.25384,77.56959
1544,100160004202601544,Udupi,4,2026-01-21,2026,1,FIR,Non-Heinous,Cyber Crime,Cyberstalking,Charge Sheeted,13.29663,74.74525
1545,100030003202301545,Mysuru,3,2023-02-16,2023,2,PAR,Non-Heinous,Crimes Against Body,Murder,False Case,12.2561,76.64886
1546,100240001202201546,Kodagu,1,2022-03-17,2022,3,FIR,Non-Heinous,Crimes Against Property,Dacoity,Charge Sheeted,12.34159,75.7658
1547,100230002202301547,Chamarajanagar,2,2023-07-24,2023,7,FIR,Non-Heinous,Economic Offences,Forgery,Charge Sheeted,11.94807,77.04402
1548,100270003202201548,Bagalkot,3,2022-08-06,2022,8,FIR,Non-Heinous,Crimes Against Body,Murder,Charge Sheeted,16.10875,75.79784
1549,400010002202301549,Bengaluru City,2,2023-10-08,2023,10,UDR,Non-Heinous,Economic Offences,Forgery,Charge Sheeted,12.93269,77.51932
1550,100190004202501550,Hassan,4,2025-04-26,2025,4,FIR,Non-Heinous,Economic Offences,Cheating,Closed,13.0246,76.22968
1551,100040003202401551,Mangaluru (Dakshina Kannada),3,2024-04-13,2024,4,FIR,Non-Heinous,Crimes Against Property,Dacoity,Closed,12.97303,74.85691
1552,100210001202501552,Koppal,1,2025-12-06,2025,12,FIR,Non-Heinous,Narcotics,NDPS Trafficking,Undetected,15.37866,76.12577
1553,100050002202401553,Belagavi,2,2024-06-21,2024,6,FIR,Heinous,Crimes Against Body,Murder,Under Investigation,15.83446,74.43987
1554,100020001202401554,Bengaluru Rural,1,2024-02-20,2024,2,FIR,Non-Heinous,Cyber Crime,Cyberstalking,Charge Sheeted,13.27877,77.55958
1555,100020004202201555,Bengaluru Rural,4,2022-09-12,2022,9,FIR,Non-Heinous,Crimes Against Property,Dacoity,Closed,13.18097,77.55847
1556,400180001202601556,Mandya,1,2026-09-04,2026,9,UDR,Non-Heinous,Economic Offences,Cheating,Under Investigation,12.49582,76.96712
1557,100040004202301557,Mangaluru (Dakshina Kannada),4,2023-12-13,2023,12,FIR,Heinous,Crimes Against Body,Attempt to Murder,False Case,12.86905,74.78377
1558,700120003202301558,Vijayapura,3,2023-04-19,2023,4,Zero FIR,Non-Heinous,Crimes Against Body,Assault,Closed,16.7726,75.68768
1559,100030002202301559,Mysuru,2,2023-05-02,2023,5,FIR,Heinous,Crimes Against Body,Grievous Hurt,Under Investigation,12.11505,76.74418
1560,100140001202501560,Bidar,1,2025-10-14,2025,10,FIR,Non-Heinous,Crimes Against Body,Assault,Charge Sheeted,17.89178,77.54777
1561,100080003202401561,Ballari,3,2024-04-17,2024,4,FIR,Non-Heinous,Crimes Against Property,Theft,Under Investigation,15.22028,76.98001
1562,100130002202601562,Raichur,2,2026-06-24,2026,6,FIR,Non-Heinous,Crimes Against Property,Robbery,Under Investigation,16.00493,77.3757
1563,100050003202201563,Belagavi,3,2022-08-04,2022,8,FIR,Heinous,Crimes Against Women,Molestation,Undetected,15.82201,74.51701
1564,100010003202401564,Bengaluru City,3,2024-07-18,2024,7,FIR,Heinous,Crimes Against Women,Domestic Violence,Charge Sheeted,13.02027,77.50699
1565,400010003202601565,Bengaluru City,3,2026-02-13,2026,2,UDR,Non-Heinous,Cyber Crime,Phishing,Closed,12.96734,77.5746
1566,100030004202401566,Mysuru,4,2024-09-08,2024,9,FIR,Non-Heinous,Economic Offences,Criminal Breach of Trust,Undetected,12.35763,76.56197
1567,100050004202301567,Belagavi,4,2023-01-07,2023,1,FIR,Non-Heinous,Economic Offences,Forgery,Charge Sheeted,15.77775,74.38611
1568,100110002202601568,Davanagere,2,2026-12-23,2026,12,FIR,Non-Heinous,Crimes Against Property,Dacoity,Under Investigation,14.60335,75.95846
1569,100040002202601569,Mangaluru (Dakshina Kannada),2,2026-07-26,2026,7,FIR,Non-Heinous,Crimes Against Body,Attempt to Murder,Charge Sheeted,12.93812,74.84017
1570,100110004202501570,Davanagere,4,2025-09-14,2025,9,FIR,Non-Heinous,Crimes Against Property,Burglary,Charge Sheeted,14.44047,75.81279
1571,100050004202201571,Belagavi,4,2022-04-07,2022,4,FIR,Non-Heinous,Crimes Against Property,Robbery,Charge Sheeted,15.73004,74.46645
1572,100080003202601572,Ballari,3,2026-04-18,2026,4,FIR,Non-Heinous,Crimes Against Property,Robbery,Closed,15.09721,76.89134
1573,700020001202301573,Bengaluru Rural,1,2023-08-20,2023,8,Zero FIR,Non-Heinous,Economic Offences,Cheating,False Case,13.34332,77.54119
1574,400160003202401574,Udupi,3,2024-03-27,2024,3,UDR,Non-Heinous,Crimes Against Property,Theft,Closed,13.34628,74.801
1575,100290003202201575,Gadag,3,2022-06-25,2022,6,FIR,Heinous,Crimes Against Women,Sexual Assault,Charge Sheeted,15.45427,75.52537
1576,100280004202501576,Haveri,4,2025-02-16,2025,2,FIR,Non-Heinous,Cyber Crime,Phishing,False Case,14.81101,75.34701
1577,100230002202301577,Chamarajanagar,2,2023-07-25,2023,7,FIR,Non-Heinous,Crimes Against Body,Assault,Closed,11.9382,77.15419
1578,700050002202401578,Belagavi,2,2024-05-27,2024,5,Zero FIR,Non-Heinous,Crimes Against Property,Theft,Under Investigation,15.80894,74.49543
1579,100190002202201579,Hassan,2,2022-04-01,2022,4,FIR,Non-Heinous,Crimes Against Property,Theft,Closed,13.02953,76.18163
1580,100080004202401580,Ballari,4,2024-01-04,2024,1,FIR,Heinous,Crimes Against Body,Attempt to Murder,Closed,15.17147,77.02419
1581,100020003202601581,Bengaluru Rural,3,2026-05-14,2026,5,FIR,Non-Heinous,Crimes Against Property,Theft,Under Investigation,13.29475,77.52971
1582,100020002202501582,Bengaluru Rural,2,2025-11-25,2025,11,FIR,Non-Heinous,Crimes Against Property,Burglary,Charge Sheeted,13.3047,77.48215
1583,100010003202501583,Bengaluru City,3,2025-01-04,2025,1,PAR,Heinous,Crimes Against Body,Grievous Hurt,False Case,12.98095,77.50763
1584,100180003202601584,Mandya,3,2026-04-15,2026,4,FIR,Non-Heinous,Crimes Against Property,Robbery,False Case,12.51822,76.88221
1585,100220001202301585,Yadgir,1,2023-12-08,2023,12,FIR,Non-Heinous,Crimes Against Body,Assault,Under Investigation,16.68198,77.11008
1586,100050002202401586,Belagavi,2,2024-12-09,2024,12,PAR,Non-Heinous,Crimes Against Property,Robbery,Charge Sheeted,15.77022,74.51
1587,100090001202501587,Tumakuru,1,2025-08-01,2025,8,FIR,Non-Heinous,Crimes Against Property,Theft,Under Investigation,13.35581,77.11297
1588,100070002202401588,Hubballi-Dharwad,2,2024-07-25,2024,7,FIR,Non-Heinous,Crimes Against Body,Murder,False Case,15.27971,75.12884
1589,100030001202301589,Mysuru,1,2023-02-18,2023,2,PAR,Heinous,Crimes Against Body,Attempt to Murder,Under Investigation,12.18584,76.7064
1590,100020002202301590,Bengaluru Rural,2,2023-05-13,2023,5,FIR,Non-Heinous,Public Order,Unlawful Assembly,Charge Sheeted,13.31403,77.57919
1591,700250003202201591,Ramanagara,3,2022-03-23,2022,3,Zero FIR,Non-Heinous,Narcotics,NDPS Possession,Under Investigation,12.67837,77.41559
1592,100100001202301592,Shivamogga,1,2023-02-12,2023,2,PAR,Heinous,Crimes Against Women,Sexual Assault,Undetected,13.90826,75.66046
1593,100050001202401593,Belagavi,1,2024-07-24,2024,7,FIR,Non-Heinous,Crimes Against Body,Murder,Under Investigation,15.87591,74.40363
1594,400190001202501594,Hassan,1,2025-12-01,2025,12,UDR,Non-Heinous,Crimes Against Property,Burglary,Charge Sheeted,12.98802,76.17044
1595,100010001202301595,Bengaluru City,1,2023-03-15,2023,3,FIR,Non-Heinous,Narcotics,NDPS Trafficking,Charge Sheeted,12.93396,77.72496
1596,100280001202601596,Haveri,1,2026-02-27,2026,2,FIR,Non-Heinous,Narcotics,NDPS Trafficking,Charge Sheeted,14.84651,75.40536
1597,400070003202601597,Hubballi-Dharwad,3,2026-11-01,2026,11,UDR,Heinous,Crimes Against Body,Grievous Hurt,Charge Sheeted,15.37661,75.1758
1598,100290002202601598,Gadag,2,2026-02-15,2026,2,FIR,Non-Heinous,Crimes Against Property,Burglary,Under Investigation,15.44079,75.68251
1599,100110002202401599,Davanagere,2,2024-08-23,2024,8,FIR,Heinous,Narcotics,NDPS Possession,Charge Sheeted,14.50479,76.00388
1600,400110003202301600,Davanagere,3,2023-12-25,2023,12,UDR,Non-Heinous,Narcotics,NDPS Possession,Under Investigation,14.46451,75.91693
1601,100130003202201601,Raichur,3,2022-12-02,2022,12,FIR,Non-Heinous,Crimes Against Property,Robbery,Charge Sheeted,16.23119,77.37486
1602,100010004202401602,Bengaluru City,4,2024-09-04,2024,9,FIR,Heinous,Crimes Against Body,Grievous Hurt,Undetected,12.93528,77.5495
1603,100110003202501603,Davanagere,3,2025-11-19,2025,11,FIR,Non-Heinous,Crimes Against Property,Dacoity,Closed,14.47797,75.95435
1604,100130002202301604,Raichur,2,2023-01-03,2023,1,FIR,Non-Heinous,Crimes Against Property,Robbery,Under Investigation,16.2742,77.44228
1605,100190002202301605,Hassan,2,2023-09-27,2023,9,FIR,Non-Heinous,Crimes Against Property,Burglary,Charge Sheeted,13.06116,76.0983
1606,100240004202201606,Kodagu,4,2022-07-15,2022,7,FIR,Non-Heinous,Crimes Against Property,Dacoity,Charge Sheeted,12.38113,75.78102
1607,400080003202601607,Ballari,3,2026-09-06,2026,9,UDR,Non-Heinous,Cyber Crime,Phishing,Closed,15.15388,76.90642
1608,100040001202401608,Mangaluru (Dakshina Kannada),1,2024-03-04,2024,3,FIR,Non-Heinous,Economic Offences,Cheating,Closed,12.8725,74.90636
1609,100110003202301609,Davanagere,3,2023-06-14,2023,6,PAR,Non-Heinous,Economic Offences,Cheating,Under Investigation,14.52229,75.97953
1610,100050004202501610,Belagavi,4,2025-10-25,2025,10,FIR,Non-Heinous,Economic Offences,Cheating,Closed,15.81639,74.54003
1611,100020004202401611,Bengaluru Rural,4,2024-05-22,2024,5,FIR,Non-Heinous,Crimes Against Women,Dowry Harassment,Undetected,13.29221,77.5978
1612,100020002202501612,Bengaluru Rural,2,2025-08-12,2025,8,FIR,Heinous,Crimes Against Women,Molestation,Closed,13.23545,77.58971
1613,100040002202601613,Mangaluru (Dakshina Kannada),2,2026-05-17,2026,5,FIR,Heinous,Crimes Against Women,Domestic Violence,Closed,13.0162,74.94259
1614,100170001202601614,Kolar,1,2026-03-12,2026,3,FIR,Heinous,Crimes Against Body,Grievous Hurt,Under Investigation,13.06389,78.09519
1615,100020004202501615,Bengaluru Rural,4,2025-01-07,2025,1,PAR,Non-Heinous,Economic Offences,Criminal Breach of Trust,Under Investigation,13.38653,77.52612
1616,700050004202501616,Belagavi,4,2025-12-13,2025,12,Zero FIR,Non-Heinous,Crimes Against Body,Attempt to Murder,Closed,15.85364,74.4184
1617,100290003202601617,Gadag,3,2026-10-16,2026,10,FIR,Non-Heinous,Crimes Against Property,Theft,Closed,15.4928,75.70185
1618,100050002202501618,Belagavi,2,2025-12-27,2025,12,FIR,Non-Heinous,Crimes Against Women,Molestation,Under Investigation,15.79727,74.53318
1619,700050003202501619,Belagavi,3,2025-07-27,2025,7,Zero FIR,Non-Heinous,Crimes Against Women,Sexual Assault,Charge Sheeted,15.88325,74.47331
1620,100020001202201620,Bengaluru Rural,1,2022-01-15,2022,1,FIR,Non-Heinous,Crimes Against Women,Sexual Assault,Charge Sheeted,13.34574,77.51903
1621,100020003202401621,Bengaluru Rural,3,2024-09-09,2024,9,FIR,Heinous,Crimes Against Body,Attempt to Murder,Undetected,13.36228,77.61004
1622,100020004202501622,Bengaluru Rural,4,2025-08-13,2025,8,FIR,Non-Heinous,Crimes Against Property,Robbery,Under Investigation,13.36518,77.63341
1623,100060003202501623,Kalaburagi,3,2025-11-01,2025,11,PAR,Non-Heinous,Cyber Crime,Identity Theft,Closed,17.29743,76.77605
1624,100180003202301624,Mandya,3,2023-10-15,2023,10,FIR,Non-Heinous,Crimes Against Property,Theft,False Case,12.61194,76.89713
1625,100030001202401625,Mysuru,1,2024-12-15,2024,12,FIR,Non-Heinous,Cyber Crime,Online Fraud,Closed,12.28918,76.58646
1626,100010001202401626,Bengaluru City,1,2024-01-25,2024,1,FIR,Non-Heinous,Cyber Crime,Online Fraud,False Case,12.90696,77.60263
1627,400140001202401627,Bidar,1,2024-04-11,2024,4,UDR,Non-Heinous,Economic Offences,Forgery,Closed,17.89888,77.53406
1628,100160004202301628,Udupi,4,2023-08-04,2023,8,FIR,Non-Heinous,Narcotics,NDPS Trafficking,Closed,13.45832,74.72192
1629,100010003202301629,Bengaluru City,3,2023-07-08,2023,7,FIR,Heinous,Crimes Against Body,Grievous Hurt,False Case,13.00368,77.721
1630,100010002202401630,Bengaluru City,2,2024-05-02,2024,5,FIR,Heinous,Crimes Against Body,Murder,False Case,13.0537,77.53082
1631,100070001202501631,Hubballi-Dharwad,1,2025-01-27,2025,1,PAR,Non-Heinous,Economic Offences,Criminal Breach of Trust,Under Investigation,15.32851,75.0929
1632,100040001202501632,Mangaluru (Dakshina Kannada),1,2025-05-21,2025,5,FIR,Heinous,Crimes Against Body,Attempt to Murder,Closed,12.89589,74.79435
1633,100020001202601633,Bengaluru Rural,1,2026-03-09,2026,3,FIR,Non-Heinous,Economic Offences,Cheating,Charge Sheeted,13.28693,77.59609
1634,100030003202401634,Mysuru,3,2024-06-22,2024,6,FIR,Non-Heinous,Crimes Against Property,Dacoity,Charge Sheeted,12.29744,76.63708
1635,100040003202301635,Mangaluru (Dakshina Kannada),3,2023-01-13,2023,1,FIR,Non-Heinous,Economic Offences,Forgery,False Case,12.91094,74.9058
1636,100120004202501636,Vijayapura,4,2025-06-11,2025,6,FIR,Non-Heinous,Crimes Against Property,Dacoity,Undetected,16.87995,75.68213
1637,100190003202201637,Hassan,3,2022-05-11,2022,5,FIR,Non-Heinous,Crimes Against Property,Robbery,Undetected,13.04053,76.11221
1638,100100002202501638,Shivamogga,2,2025-04-12,2025,4,FIR,Non-Heinous,Crimes Against Women,Dowry Harassment,Charge Sheeted,13.85876,75.49118
1639,100020001202401639,Bengaluru Rural,1,2024-03-11,2024,3,FIR,Non-Heinous,Crimes Against Property,Burglary,Under Investigation,13.19954,77.77715
1640,100090003202301640,Tumakuru,3,2023-10-08,2023,10,FIR,Non-Heinous,Crimes Against Property,Theft,Undetected,13.25862,77.24687
1641,100050002202401641,Belagavi,2,2024-04-10,2024,4,FIR,Heinous,Crimes Against Body,Attempt to Murder,Under Investigation,15.87853,74.55176
1642,700050003202401642,Belagavi,3,2024-12-02,2024,12,Zero FIR,Non-Heinous,Crimes Against Property,Robbery,Under Investigation,15.84672,74.52272
1643,100010001202601643,Bengaluru City,1,2026-08-17,2026,8,FIR,Heinous,Narcotics,NDPS Trafficking,Undetected,12.81744,77.60199
1644,100040001202601644,Mangaluru (Dakshina Kannada),1,2026-07-05,2026,7,FIR,Heinous,Crimes Against Women,Domestic Violence,Under Investigation,12.99561,74.88593
1645,100220004202301645,Yadgir,4,2023-12-10,2023,12,FIR,Non-Heinous,Economic Offences,Forgery,Charge Sheeted,16.79673,77.07485
1646,100200002202201646,Chitradurga,2,2022-07-12,2022,7,FIR,Non-Heinous,Cyber Crime,Identity Theft,Undetected,14.15226,76.40739
1647,100220001202501647,Yadgir,1,2025-07-14,2025,7,FIR,Non-Heinous,Crimes Against Body,Assault,Charge Sheeted,16.81534,77.05794
1648,100020004202301648,Bengaluru Rural,4,2023-09-15,2023,9,FIR,Non-Heinous,Crimes Against Body,Murder,Charge Sheeted,13.3594,77.49417
1649,700030003202601649,Mysuru,3,2026-05-22,2026,5,Zero FIR,Heinous,Crimes Against Women,Sexual Assault,Under Investigation,12.33586,76.73933
1650,100030004202501650,Mysuru,4,2025-09-12,2025,9,FIR,Non-Heinous,Economic Offences,Forgery,Under Investigation,12.25125,76.5614
1651,100230001202401651,Chamarajanagar,1,2024-08-16,2024,8,FIR,Heinous,Crimes Against Women,Molestation,Under Investigation,11.92907,77.05047
1652,100030001202401652,Mysuru,1,2024-07-21,2024,7,FIR,Non-Heinous,Economic Offences,Cheating,Closed,12.36583,76.75628
1653,100020001202601653,Bengaluru Rural,1,2026-09-25,2026,9,FIR,Non-Heinous,Crimes Against Body,Grievous Hurt,Undetected,13.28123,77.52618
1654,100030001202601654,Mysuru,1,2026-11-18,2026,11,FIR,Non-Heinous,Crimes Against Property,Dacoity,Undetected,12.29877,76.64942
1655,100230004202601655,Chamarajanagar,4,2026-08-02,2026,8,FIR,Non-Heinous,Narcotics,NDPS Trafficking,Under Investigation,11.91908,76.93411
1656,100040003202401656,Mangaluru (Dakshina Kannada),3,2024-06-22,2024,6,FIR,Non-Heinous,Economic Offences,Forgery,Undetected,13.01379,74.86537
1657,100010003202301657,Bengaluru City,3,2023-08-15,2023,8,FIR,Non-Heinous,Cyber Crime,Identity Theft,Under Investigation,13.00009,77.58918
1658,100050004202401658,Belagavi,4,2024-08-03,2024,8,FIR,Non-Heinous,Crimes Against Property,Robbery,Closed,15.79694,74.50372
1659,100090001202601659,Tumakuru,1,2026-04-01,2026,4,PAR,Non-Heinous,Crimes Against Property,Burglary,Under Investigation,13.31219,77.10561
1660,100050001202601660,Belagavi,1,2026-03-07,2026,3,FIR,Non-Heinous,Crimes Against Property,Dacoity,Charge Sheeted,15.93177,74.53523
1661,100040002202601661,Mangaluru (Dakshina Kannada),2,2026-10-06,2026,10,FIR,Non-Heinous,Cyber Crime,Phishing,False Case,13.00943,74.87064
1662,100140001202401662,Bidar,1,2024-05-05,2024,5,FIR,Heinous,Crimes Against Women,Domestic Violence,Charge Sheeted,17.95565,77.53531
1663,700020003202401663,Bengaluru Rural,3,2024-09-07,2024,9,Zero FIR,Non-Heinous,Cyber Crime,Cyberstalking,Under Investigation,13.23502,77.63982
1664,400190003202401664,Hassan,3,2024-01-01,2024,1,UDR,Non-Heinous,Economic Offences,Criminal Breach of Trust,Undetected,13.05306,76.01769
1665,700140002202301665,Bidar,2,2023-06-02,2023,6,Zero FIR,Non-Heinous,Crimes Against Property,Robbery,Under Investigation,17.93414,77.55581
1666,100090002202501666,Tumakuru,2,2025-12-18,2025,12,FIR,Non-Heinous,Economic Offences,Cheating,Charge Sheeted,13.4431,77.08217
1667,100240001202301667,Kodagu,1,2023-08-09,2023,8,FIR,Non-Heinous,Crimes Against Property,Theft,Closed,12.3205,75.86555
1668,100300003202501668,Uttara Kannada,3,2025-01-16,2025,1,PAR,Non-Heinous,Crimes Against Body,Murder,False Case,14.81561,74.71771
1669,100170003202301669,Kolar,3,2023-08-13,2023,8,FIR,Non-Heinous,Crimes Against Body,Grievous Hurt,Under Investigation,13.14084,78.09011
1670,100020001202301670,Bengaluru Rural,1,2023-03-19,2023,3,FIR,Non-Heinous,Crimes Against Body,Grievous Hurt,Charge Sheeted,13.40073,77.51176
1671,400110002202501671,Davanagere,2,2025-08-08,2025,8,UDR,Non-Heinous,Crimes Against Body,Assault,Charge Sheeted,14.45993,75.92377
1672,700280001202201672,Haveri,1,2022-11-06,2022,11,Zero FIR,Heinous,Crimes Against Body,Murder,Under Investigation,14.82166,75.35775
1673,700190002202501673,Hassan,2,2025-09-05,2025,9,Zero FIR,Non-Heinous,Crimes Against Body,Assault,Closed,12.98015,76.05395
1674,400090003202201674,Tumakuru,3,2022-01-11,2022,1,UDR,Heinous,Crimes Against Women,Sexual Assault,Under Investigation,13.22293,77.20331
1675,100170004202401675,Kolar,4,2024-08-10,2024,8,FIR,Non-Heinous,Economic Offences,Cheating,Charge Sheeted,13.15148,78.08488
1676,400170003202501676,Kolar,3,2025-12-11,2025,12,UDR,Heinous,Crimes Against Women,Domestic Violence,Under Investigation,13.05876,78.03255
1677,100030001202601677,Mysuru,1,2026-02-13,2026,2,FIR,Non-Heinous,Crimes Against Body,Grievous Hurt,False Case,12.34085,76.57935
1678,100260001202301678,Chikkaballapur,1,2023-06-16,2023,6,FIR,Non-Heinous,Crimes Against Women,Molestation,Closed,13.49203,77.69308
1679,100270002202201679,Bagalkot,2,2022-03-20,2022,3,FIR,Non-Heinous,Crimes Against Property,Theft,Closed,16.17545,75.57694
1680,100290003202301680,Gadag,3,2023-09-19,2023,9,FIR,Non-Heinous,Economic Offences,Criminal Breach of Trust,False Case,15.47157,75.7295
1681,100050001202601681,Belagavi,1,2026-12-09,2026,12,FIR,Heinous,Crimes Against Body,Assault,Under Investigation,15.86307,74.49391
1682,100070003202301682,Hubballi-Dharwad,3,2023-12-14,2023,12,FIR,Non-Heinous,Crimes Against Women,Sexual Assault,Closed,15.44118,75.1158
1683,100220003202301683,Yadgir,3,2023-03-08,2023,3,FIR,Non-Heinous,Cyber Crime,Identity Theft,Charge Sheeted,16.6518,77.12099
1684,100200003202501684,Chitradurga,3,2025-08-14,2025,8,FIR,Non-Heinous,Crimes Against Body,Murder,Under Investigation,14.18382,76.38219
1685,700030001202501685,Mysuru,1,2025-11-14,2025,11,Zero FIR,Non-Heinous,Crimes Against Body,Grievous Hurt,Under Investigation,12.31591,76.60622
1686,700160002202401686,Udupi,2,2024-07-01,2024,7,Zero FIR,Non-Heinous,Crimes Against Property,Dacoity,Closed,13.31061,74.82006
1687,100220001202601687,Yadgir,1,2026-01-20,2026,1,FIR,Non-Heinous,Cyber Crime,Online Fraud,Under Investigation,16.73455,77.25963
1688,100230002202201688,Chamarajanagar,2,2022-07-09,2022,7,FIR,Non-Heinous,Cyber Crime,Identity Theft,False Case,11.93951,76.93889
1689,100050004202201689,Belagavi,4,2022-01-05,2022,1,FIR,Heinous,Crimes Against Women,Sexual Assault,Closed,15.87722,74.59424
1690,100160003202601690,Udupi,3,2026-12-09,2026,12,FIR,Heinous,Crimes Against Body,Murder,Undetected,13.22385,74.6017
1691,100040003202201691,Mangaluru (Dakshina Kannada),3,2022-04-17,2022,4,FIR,Non-Heinous,Crimes Against Property,Burglary,Under Investigation,12.97759,74.89624
1692,100080001202201692,Ballari,1,2022-02-16,2022,2,FIR,Non-Heinous,Crimes Against Property,Theft,Charge Sheeted,15.07297,76.91859
1693,100200002202601693,Chitradurga,2,2026-08-11,2026,8,FIR,Non-Heinous,Economic Offences,Cheating,Undetected,14.24277,76.44104
1694,100160002202201694,Udupi,2,2022-11-02,2022,11,FIR,Non-Heinous,Cyber Crime,Cyberstalking,Under Investigation,13.42012,74.73187
1695,100290001202501695,Gadag,1,2025-01-21,2025,1,FIR,Non-Heinous,Crimes Against Body,Assault,Under Investigation,15.37655,75.53098
1696,100240002202301696,Kodagu,2,2023-07-06,2023,7,FIR,Non-Heinous,Crimes Against Property,Burglary,Charge Sheeted,12.30198,75.72978
1697,400280002202401697,Haveri,2,2024-08-04,2024,8,UDR,Non-Heinous,Crimes Against Body,Attempt to Murder,Undetected,14.86807,75.3642
1698,100010004202601698,Bengaluru City,4,2026-05-11,2026,5,FIR,Non-Heinous,Crimes Against Property,Burglary,Under Investigation,12.93107,77.50888
1699,400250002202501699,Ramanagara,2,2025-12-20,2025,12,UDR,Non-Heinous,Crimes Against Body,Attempt to Murder,Charge Sheeted,12.67312,77.23975
1700,100160003202601700,Udupi,3,2026-12-19,2026,12,FIR,Non-Heinous,Cyber Crime,Cyberstalking,Under Investigation,13.27521,74.74674
1701,100070003202301701,Hubballi-Dharwad,3,2023-07-10,2023,7,FIR,Non-Heinous,Crimes Against Body,Grievous Hurt,Under Investigation,15.22414,75.17279
1702,100050002202501702,Belagavi,2,2025-06-04,2025,6,FIR,Non-Heinous,Crimes Against Property,Dacoity,Closed,15.83577,74.40246
1703,100040004202601703,Mangaluru (Dakshina Kannada),4,2026-05-16,2026,5,FIR,Non-Heinous,Public Order,Unlawful Assembly,Closed,12.9295,74.85948
1704,100040002202501704,Mangaluru (Dakshina Kannada),2,2025-01-14,2025,1,FIR,Non-Heinous,Cyber Crime,Cyberstalking,Under Investigation,12.77667,74.88415
1705,400110004202501705,Davanagere,4,2025-10-17,2025,10,UDR,Non-Heinous,Crimes Against Property,Theft,Charge Sheeted,14.44421,76.08547
1706,100160004202601706,Udupi,4,2026-11-25,2026,11,FIR,Non-Heinous,Economic Offences,Forgery,Closed,13.34109,74.75255
1707,100270001202601707,Bagalkot,1,2026-01-25,2026,1,FIR,Non-Heinous,Crimes Against Property,Burglary,Under Investigation,16.18434,75.60303
1708,400050002202201708,Belagavi,2,2022-05-05,2022,5,UDR,Non-Heinous,Crimes Against Women,Molestation,Under Investigation,15.8157,74.48052
1709,100250001202201709,Ramanagara,1,2022-03-24,2022,3,FIR,Heinous,Crimes Against Body,Grievous Hurt,Under Investigation,12.59759,77.3087
1710,100010001202401710,Bengaluru City,1,2024-12-25,2024,12,FIR,Non-Heinous,Economic Offences,Forgery,False Case,12.97443,77.62518
1711,100090003202201711,Tumakuru,3,2022-06-20,2022,6,FIR,Non-Heinous,Crimes Against Property,Theft,Charge Sheeted,13.33482,77.17001
1712,100120001202301712,Vijayapura,1,2023-07-08,2023,7,FIR,Non-Heinous,Narcotics,NDPS Trafficking,Charge Sheeted,16.77241,75.72826
1713,100010004202301713,Bengaluru City,4,2023-11-16,2023,11,FIR,Heinous,Crimes Against Body,Assault,Under Investigation,12.9495,77.63431
1714,100170003202201714,Kolar,3,2022-05-24,2022,5,FIR,Heinous,Crimes Against Women,Domestic Violence,Charge Sheeted,13.20977,78.09588
1715,700180004202501715,Mandya,4,2025-11-19,2025,11,Zero FIR,Non-Heinous,Economic Offences,Forgery,False Case,12.54607,76.84645
1716,700130003202201716,Raichur,3,2022-09-27,2022,9,Zero FIR,Non-Heinous,Economic Offences,Criminal Breach of Trust,Charge Sheeted,16.1453,77.43677
1717,100030001202601717,Mysuru,1,2026-11-05,2026,11,FIR,Non-Heinous,Narcotics,NDPS Trafficking,Under Investigation,12.38829,76.68299
1718,100190002202501718,Hassan,2,2025-12-23,2025,12,FIR,Heinous,Crimes Against Women,Molestation,Undetected,13.02446,76.08307
1719,100190001202601719,Hassan,1,2026-07-25,2026,7,PAR,Non-Heinous,Crimes Against Property,Dacoity,Under Investigation,12.99669,76.10429
1720,100140001202501720,Bidar,1,2025-07-08,2025,7,FIR,Non-Heinous,Crimes Against Property,Theft,Closed,17.88631,77.5418
1721,100080003202201721,Ballari,3,2022-08-03,2022,8,FIR,Non-Heinous,Cyber Crime,Online Fraud,Charge Sheeted,15.03786,76.91307
1722,700090004202401722,Tumakuru,4,2024-07-24,2024,7,Zero FIR,Non-Heinous,Economic Offences,Cheating,Under Investigation,13.40019,77.09967
1723,100070002202601723,Hubballi-Dharwad,2,2026-03-27,2026,3,FIR,Non-Heinous,Crimes Against Body,Murder,Under Investigation,15.39603,75.12079
1724,400070002202601724,Hubballi-Dharwad,2,2026-12-19,2026,12,UDR,Non-Heinous,Crimes Against Body,Assault,Closed,15.26562,75.157
1725,100030001202501725,Mysuru,1,2025-11-08,2025,11,FIR,Non-Heinous,Cyber Crime,Phishing,Undetected,12.25486,76.57082
1726,100010002202501726,Bengaluru City,2,2025-10-08,2025,10,FIR,Non-Heinous,Crimes Against Women,Molestation,False Case,12.88426,77.64988
1727,100250001202401727,Ramanagara,1,2024-07-03,2024,7,FIR,Non-Heinous,Crimes Against Property,Burglary,Under Investigation,12.63836,77.1997
1728,100030003202401728,Mysuru,3,2024-04-03,2024,4,FIR,Non-Heinous,Economic Offences,Forgery,Under Investigation,12.28451,76.70914
1729,100050003202501729,Belagavi,3,2025-03-14,2025,3,FIR,Non-Heinous,Crimes Against Body,Attempt to Murder,Charge Sheeted,15.87225,74.49288
1730,100030001202601730,Mysuru,1,2026-09-27,2026,9,FIR,Heinous,Crimes Against Body,Assault,Charge Sheeted,12.35174,76.73707
1731,100100004202301731,Shivamogga,4,2023-06-19,2023,6,FIR,Heinous,Crimes Against Body,Assault,Charge Sheeted,13.92489,75.53665
1732,100020002202301732,Bengaluru Rural,2,2023-08-13,2023,8,FIR,Non-Heinous,Crimes Against Property,Robbery,Charge Sheeted,13.38206,77.57659
1733,100040004202401733,Mangaluru (Dakshina Kannada),4,2024-07-27,2024,7,FIR,Non-Heinous,Crimes Against Women,Molestation,Charge Sheeted,12.97799,74.94234
1734,400230002202401734,Chamarajanagar,2,2024-04-24,2024,4,UDR,Non-Heinous,Crimes Against Women,Domestic Violence,Under Investigation,11.86483,76.91443
1735,100100002202601735,Shivamogga,2,2026-06-07,2026,6,FIR,Non-Heinous,Economic Offences,Forgery,Under Investigation,13.85728,75.52898
1736,100300001202601736,Uttara Kannada,1,2026-01-21,2026,1,FIR,Non-Heinous,Economic Offences,Cheating,Under Investigation,14.75684,74.67741
1737,100090002202601737,Tumakuru,2,2026-11-16,2026,11,FIR,Heinous,Crimes Against Women,Molestation,Under Investigation,13.4385,77.09068
1738,100020002202601738,Bengaluru Rural,2,2026-09-06,2026,9,PAR,Heinous,Crimes Against Body,Assault,Charge Sheeted,13.22324,77.49188
1739,700060001202301739,Kalaburagi,1,2023-09-14,2023,9,Zero FIR,Non-Heinous,Crimes Against Women,Domestic Violence,False Case,17.28276,76.73355
1740,700020001202601740,Bengaluru Rural,1,2026-05-13,2026,5,Zero FIR,Non-Heinous,Crimes Against Body,Assault,Undetected,13.28604,77.56588
1741,100290003202401741,Gadag,3,2024-05-16,2024,5,FIR,Non-Heinous,Crimes Against Property,Theft,Charge Sheeted,15.3335,75.65734
1742,100020002202301742,Bengaluru Rural,2,2023-10-07,2023,10,FIR,Non-Heinous,Crimes Against Body,Attempt to Murder,Closed,13.23984,77.4671
1743,100140001202301743,Bidar,1,2023-03-24,2023,3,FIR,Non-Heinous,Crimes Against Women,Molestation,False Case,17.9093,77.47491
1744,100050002202601744,Belagavi,2,2026-02-16,2026,2,FIR,Heinous,Crimes Against Body,Grievous Hurt,Closed,15.91558,74.35083
1745,700140004202401745,Bidar,4,2024-09-17,2024,9,Zero FIR,Non-Heinous,Crimes Against Body,Attempt to Murder,Closed,17.99447,77.61351
1746,100280001202601746,Haveri,1,2026-08-23,2026,8,FIR,Non-Heinous,Cyber Crime,Identity Theft,Undetected,14.72805,75.48697
1747,100120002202501747,Vijayapura,2,2025-07-09,2025,7,FIR,Non-Heinous,Economic Offences,Criminal Breach of Trust,Charge Sheeted,16.81902,75.63255
1748,100090004202401748,Tumakuru,4,2024-01-27,2024,1,FIR,Heinous,Crimes Against Body,Murder,Undetected,13.31563,77.12433
1749,100140003202601749,Bidar,3,2026-06-26,2026,6,PAR,Heinous,Crimes Against Body,Assault,Under Investigation,17.88466,77.62184
1750,100150004202501750,Chikkamagaluru,4,2025-04-14,2025,4,FIR,Non-Heinous,Crimes Against Body,Murder,Charge Sheeted,13.25644,75.79616
1751,100250002202301751,Ramanagara,2,2023-06-03,2023,6,FIR,Non-Heinous,Crimes Against Property,Theft,Charge Sheeted,12.70378,77.32684
1752,100240004202601752,Kodagu,4,2026-01-03,2026,1,FIR,Heinous,Crimes Against Women,Sexual Assault,Charge Sheeted,12.32763,75.88657
1753,100080004202601753,Ballari,4,2026-06-10,2026,6,FIR,Non-Heinous,Crimes Against Property,Robbery,Under Investigation,15.11602,76.84354
1754,100280003202301754,Haveri,3,2023-04-02,2023,4,FIR,Heinous,Crimes Against Women,Sexual Assault,Closed,14.85568,75.41033
1755,100130004202401755,Raichur,4,2024-04-25,2024,4,FIR,Non-Heinous,Crimes Against Property,Robbery,Closed,16.1638,77.46511
1756,100150003202601756,Chikkamagaluru,3,2026-08-10,2026,8,FIR,Non-Heinous,Crimes Against Property,Theft,Charge Sheeted,13.30853,75.81189
1757,700110003202501757,Davanagere,3,2025-11-22,2025,11,Zero FIR,Non-Heinous,Crimes Against Property,Robbery,Closed,14.59098,75.98781
1758,100030003202401758,Mysuru,3,2024-12-27,2024,12,FIR,Non-Heinous,Crimes Against Property,Robbery,Undetected,12.37097,76.65604
1759,100230001202601759,Chamarajanagar,1,2026-12-07,2026,12,FIR,Non-Heinous,Public Order,Unlawful Assembly,Under Investigation,11.90302,76.97034
1760,100260003202401760,Chikkaballapur,3,2024-01-09,2024,1,FIR,Non-Heinous,Crimes Against Property,Burglary,Charge Sheeted,13.44214,77.64893
1761,100110002202501761,Davanagere,2,2025-04-13,2025,4,FIR,Non-Heinous,Economic Offences,Cheating,Under Investigation,14.56834,76.02404
1762,700090002202601762,Tumakuru,2,2026-11-11,2026,11,Zero FIR,Non-Heinous,Crimes Against Property,Burglary,Closed,13.37332,77.06386
1763,100010003202201763,Bengaluru City,3,2022-12-02,2022,12,FIR,Non-Heinous,Crimes Against Women,Sexual Assault,Under Investigation,13.01856,77.63757
1764,100220001202301764,Yadgir,1,2023-04-18,2023,4,FIR,Non-Heinous,Crimes Against Women,Sexual Assault,Undetected,16.69752,77.14366
1765,100040004202301765,Mangaluru (Dakshina Kannada),4,2023-02-03,2023,2,FIR,Non-Heinous,Crimes Against Women,Molestation,Charge Sheeted,12.89511,74.83352
1766,100100003202501766,Shivamogga,3,2025-07-27,2025,7,FIR,Non-Heinous,Crimes Against Property,Robbery,Charge Sheeted,13.95326,75.47906
1767,100150004202401767,Chikkamagaluru,4,2024-10-14,2024,10,PAR,Non-Heinous,Cyber Crime,Online Fraud,Closed,13.37469,75.7468
1768,100020003202301768,Bengaluru Rural,3,2023-11-18,2023,11,FIR,Non-Heinous,Economic Offences,Criminal Breach of Trust,Charge Sheeted,13.3262,77.5255
1769,100040003202301769,Mangaluru (Dakshina Kannada),3,2023-09-11,2023,9,FIR,Non-Heinous,Crimes Against Body,Attempt to Murder,Charge Sheeted,12.92681,74.85785
1770,100020002202501770,Bengaluru Rural,2,2025-05-15,2025,5,FIR,Heinous,Crimes Against Women,Sexual Assault,Closed,13.34351,77.56234
1771,700010004202601771,Bengaluru City,4,2026-03-02,2026,3,Zero FIR,Non-Heinous,Public Order,Unlawful Assembly,Under Investigation,12.95559,77.61347
1772,100020003202601772,Bengaluru Rural,3,2026-08-25,2026,8,FIR,Non-Heinous,Crimes Against Property,Dacoity,Under Investigation,13.16068,77.68364
1773,700240002202501773,Kodagu,2,2025-06-18,2025,6,Zero FIR,Non-Heinous,Crimes Against Property,Robbery,False Case,12.27968,75.91019
1774,100110002202501774,Davanagere,2,2025-04-02,2025,4,FIR,Non-Heinous,Crimes Against Body,Assault,Charge Sheeted,14.53332,75.90417
1775,100100002202301775,Shivamogga,2,2023-10-10,2023,10,FIR,Non-Heinous,Crimes Against Women,Sexual Assault,Charge Sheeted,14.02907,75.62514
1776,700050003202201776,Belagavi,3,2022-09-12,2022,9,Zero FIR,Non-Heinous,Economic Offences,Criminal Breach of Trust,False Case,15.81255,74.48986
1777,100120003202201777,Vijayapura,3,2022-07-08,2022,7,PAR,Non-Heinous,Cyber Crime,Phishing,Under Investigation,16.81343,75.70017
1778,100220003202501778,Yadgir,3,2025-02-27,2025,2,FIR,Non-Heinous,Crimes Against Property,Dacoity,Charge Sheeted,16.79122,77.24484
1779,100160001202301779,Udupi,1,2023-03-02,2023,3,FIR,Non-Heinous,Crimes Against Property,Robbery,False Case,13.30988,74.74137
1780,100130003202501780,Raichur,3,2025-04-11,2025,4,PAR,Non-Heinous,Crimes Against Property,Theft,False Case,16.12975,77.46797
1781,100020002202301781,Bengaluru Rural,2,2023-05-18,2023,5,FIR,Non-Heinous,Economic Offences,Criminal Breach of Trust,Closed,13.23564,77.66419
1782,400220004202401782,Yadgir,4,2024-01-17,2024,1,UDR,Non-Heinous,Cyber Crime,Online Fraud,Charge Sheeted,16.83202,77.17404
1783,100010003202201783,Bengaluru City,3,2022-10-03,2022,10,FIR,Non-Heinous,Crimes Against Property,Dacoity,Charge Sheeted,12.99364,77.55303
1784,100080003202301784,Ballari,3,2023-05-20,2023,5,FIR,Non-Heinous,Crimes Against Property,Theft,False Case,15.17232,76.94623
1785,400180001202501785,Mandya,1,2025-03-25,2025,3,UDR,Non-Heinous,Crimes Against Property,Theft,Closed,12.50292,76.95719
1786,100040003202601786,Mangaluru (Dakshina Kannada),3,2026-11-26,2026,11,FIR,Non-Heinous,Crimes Against Property,Burglary,False Case,12.98431,74.83726
1787,100220001202601787,Yadgir,1,2026-09-24,2026,9,PAR,Non-Heinous,Cyber Crime,Online Fraud,Under Investigation,16.75376,77.17666
1788,700030001202501788,Mysuru,1,2025-02-13,2025,2,Zero FIR,Heinous,Crimes Against Women,Sexual Assault,Under Investigation,12.26025,76.66742
1789,100010004202601789,Bengaluru City,4,2026-07-03,2026,7,FIR,Non-Heinous,Economic Offences,Criminal Breach of Trust,Under Investigation,12.96017,77.5415
1790,700110003202501790,Davanagere,3,2025-03-23,2025,3,Zero FIR,Heinous,Crimes Against Women,Dowry Harassment,Closed,14.42508,75.81924
1791,700010004202401791,Bengaluru City,4,2024-07-19,2024,7,Zero FIR,Heinous,Crimes Against Women,Sexual Assault,Charge Sheeted,12.8589,77.6718
1792,100030002202201792,Mysuru,2,2022-01-02,2022,1,FIR,Non-Heinous,Crimes Against Women,Domestic Violence,Undetected,12.32258,76.77155
1793,100130003202301793,Raichur,3,2023-08-12,2023,8,FIR,Non-Heinous,Cyber Crime,Cyberstalking,Charge Sheeted,16.29715,77.275
1794,700040001202601794,Mangaluru (Dakshina Kannada),1,2026-07-09,2026,7,Zero FIR,Non-Heinous,Crimes Against Property,Burglary,Under Investigation,12.94412,74.86451
1795,100020001202201795,Bengaluru Rural,1,2022-03-21,2022,3,FIR,Heinous,Crimes Against Women,Molestation,Closed,13.21781,77.56383
1796,100250001202601796,Ramanagara,1,2026-03-13,2026,3,FIR,Non-Heinous,Crimes Against Property,Theft,Charge Sheeted,12.7117,77.25193
1797,100090004202501797,Tumakuru,4,2025-10-21,2025,10,FIR,Non-Heinous,Crimes Against Property,Dacoity,Charge Sheeted,13.38916,77.15499
1798,100070004202201798,Hubballi-Dharwad,4,2022-07-21,2022,7,FIR,Non-Heinous,Crimes Against Property,Dacoity,Charge Sheeted,15.38467,75.05792
1799,100160003202601799,Udupi,3,2026-05-24,2026,5,FIR,Non-Heinous,Crimes Against Women,Dowry Harassment,Under Investigation,13.33167,74.76806
1800,100030001202601800,Mysuru,1,2026-04-01,2026,4,FIR,Non-Heinous,Economic Offences,Forgery,Closed,12.31266,76.64661
1801,100250003202201801,Ramanagara,3,2022-01-27,2022,1,PAR,Heinous,Crimes Against Women,Molestation,Under Investigation,12.75676,77.35693
1802,100270004202501802,Bagalkot,4,2025-09-12,2025,9,FIR,Heinous,Crimes Against Body,Grievous Hurt,False Case,16.13024,75.72408
1803,100050002202601803,Belagavi,2,2026-03-23,2026,3,FIR,Heinous,Crimes Against Body,Grievous Hurt,False Case,15.80178,74.47
1804,100020003202601804,Bengaluru Rural,3,2026-08-27,2026,8,FIR,Non-Heinous,Crimes Against Property,Burglary,Under Investigation,13.35543,77.58093
1805,100020001202401805,Bengaluru Rural,1,2024-09-04,2024,9,FIR,Non-Heinous,Crimes Against Women,Dowry Harassment,Closed,13.29309,77.51362
1806,700030003202501806,Mysuru,3,2025-10-07,2025,10,Zero FIR,Non-Heinous,Crimes Against Property,Burglary,Charge Sheeted,12.30048,76.70113
1807,100010001202501807,Bengaluru City,1,2025-07-03,2025,7,FIR,Heinous,Crimes Against Body,Assault,Closed,12.89195,77.58449
1808,100070001202201808,Hubballi-Dharwad,1,2022-07-06,2022,7,FIR,Heinous,Crimes Against Women,Dowry Harassment,Charge Sheeted,15.36508,75.0998
1809,100050001202301809,Belagavi,1,2023-10-23,2023,10,FIR,Non-Heinous,Crimes Against Property,Theft,False Case,15.87398,74.44467
1810,400190003202201810,Hassan,3,2022-11-19,2022,11,UDR,Non-Heinous,Crimes Against Property,Robbery,Under Investigation,12.99558,76.15054
1811,100300001202601811,Uttara Kannada,1,2026-05-22,2026,5,FIR,Non-Heinous,Crimes Against Property,Dacoity,Charge Sheeted,14.86505,74.75362
1812,100020001202501812,Bengaluru Rural,1,2025-07-06,2025,7,FIR,Non-Heinous,Economic Offences,Criminal Breach of Trust,Undetected,13.34594,77.58091
1813,100170001202601813,Kolar,1,2026-09-10,2026,9,FIR,Non-Heinous,Public Order,Rioting,Under Investigation,13.15659,78.20603
1814,100120003202601814,Vijayapura,3,2026-07-26,2026,7,PAR,Heinous,Crimes Against Women,Molestation,Charge Sheeted,16.85013,75.8078
1815,100060004202201815,Kalaburagi,4,2022-08-04,2022,8,FIR,Non-Heinous,Economic Offences,Criminal Breach of Trust,Charge Sheeted,17.38959,76.89693
1816,100010004202601816,Bengaluru City,4,2026-10-07,2026,10,FIR,Non-Heinous,Crimes Against Property,Dacoity,Under Investigation,13.04299,77.58796
1817,100240002202201817,Kodagu,2,2022-08-25,2022,8,FIR,Non-Heinous,Economic Offences,Forgery,Under Investigation,12.36483,75.75717
1818,100020004202501818,Bengaluru Rural,4,2025-07-01,2025,7,FIR,Heinous,Crimes Against Body,Assault,Charge Sheeted,13.33061,77.50279
1819,100210001202301819,Koppal,1,2023-06-19,2023,6,FIR,Non-Heinous,Crimes Against Property,Theft,Undetected,15.31581,76.12821
1820,100270003202201820,Bagalkot,3,2022-10-27,2022,10,FIR,Heinous,Crimes Against Women,Molestation,Under Investigation,16.11632,75.6838
1821,400300004202501821,Uttara Kannada,4,2025-03-27,2025,3,UDR,Non-Heinous,Crimes Against Body,Grievous Hurt,Undetected,14.65271,74.7865
1822,100080002202301822,Ballari,2,2023-02-06,2023,2,FIR,Non-Heinous,Crimes Against Property,Theft,Under Investigation,15.13789,76.9278
1823,100110002202401823,Davanagere,2,2024-11-09,2024,11,FIR,Heinous,Crimes Against Women,Dowry Harassment,Under Investigation,14.4033,75.86066
1824,700120002202501824,Vijayapura,2,2025-03-03,2025,3,Zero FIR,Heinous,Crimes Against Body,Attempt to Murder,Charge Sheeted,16.84874,75.74918
1825,100250004202601825,Ramanagara,4,2026-02-23,2026,2,FIR,Non-Heinous,Public Order,Rioting,Charge Sheeted,12.79623,77.36466
1826,100020001202501826,Bengaluru Rural,1,2025-06-11,2025,6,FIR,Non-Heinous,Economic Offences,Forgery,Charge Sheeted,13.22683,77.59233
1827,100020002202501827,Bengaluru Rural,2,2025-09-22,2025,9,FIR,Non-Heinous,Cyber Crime,Online Fraud,False Case,13.36465,77.55909
1828,100050002202401828,Belagavi,2,2024-02-15,2024,2,FIR,Non-Heinous,Crimes Against Body,Assault,Charge Sheeted,15.98736,74.47419
1829,700180001202401829,Mandya,1,2024-09-26,2024,9,Zero FIR,Non-Heinous,Crimes Against Body,Attempt to Murder,Under Investigation,12.46432,76.88925
1830,100130003202201830,Raichur,3,2022-01-23,2022,1,FIR,Non-Heinous,Crimes Against Property,Dacoity,Charge Sheeted,16.25215,77.27367
1831,100250003202301831,Ramanagara,3,2023-05-15,2023,5,FIR,Heinous,Crimes Against Women,Molestation,Under Investigation,12.67384,77.22488
1832,100020004202301832,Bengaluru Rural,4,2023-08-26,2023,8,FIR,Non-Heinous,Crimes Against Body,Murder,Under Investigation,13.06874,77.58287
1833,100240003202501833,Kodagu,3,2025-08-23,2025,8,FIR,Heinous,Crimes Against Women,Molestation,Under Investigation,12.39931,75.84354
1834,100140003202601834,Bidar,3,2026-06-17,2026,6,FIR,Non-Heinous,Crimes Against Property,Robbery,Charge Sheeted,17.94607,77.50318
1835,700050004202501835,Belagavi,4,2025-10-05,2025,10,Zero FIR,Non-Heinous,Crimes Against Property,Theft,Under Investigation,15.91088,74.55513
1836,100190002202201836,Hassan,2,2022-01-19,2022,1,FIR,Non-Heinous,Crimes Against Women,Molestation,Charge Sheeted,12.97583,76.18977
1837,700020003202601837,Bengaluru Rural,3,2026-11-22,2026,11,Zero FIR,Non-Heinous,Crimes Against Women,Dowry Harassment,Charge Sheeted,13.24153,77.48872
1838,100090004202201838,Tumakuru,4,2022-06-12,2022,6,FIR,Non-Heinous,Cyber Crime,Phishing,Closed,13.35701,77.03463
1839,100160004202601839,Udupi,4,2026-04-06,2026,4,FIR,Non-Heinous,Crimes Against Women,Domestic Violence,Charge Sheeted,13.38215,74.66113
1840,100230001202501840,Chamarajanagar,1,2025-11-13,2025,11,FIR,Non-Heinous,Crimes Against Body,Attempt to Murder,Closed,11.91451,76.94186
1841,100130001202401841,Raichur,1,2024-05-09,2024,5,FIR,Non-Heinous,Crimes Against Property,Dacoity,Charge Sheeted,16.26712,77.34937
1842,100060004202301842,Kalaburagi,4,2023-11-03,2023,11,FIR,Non-Heinous,Crimes Against Women,Dowry Harassment,Under Investigation,17.35408,76.87567
1843,100160003202401843,Udupi,3,2024-06-07,2024,6,FIR,Non-Heinous,Crimes Against Body,Attempt to Murder,Charge Sheeted,13.38894,74.80624
1844,100210001202401844,Koppal,1,2024-07-03,2024,7,FIR,Non-Heinous,Crimes Against Property,Burglary,Closed,15.27053,76.20491
1845,100280004202301845,Haveri,4,2023-07-24,2023,7,PAR,Heinous,Crimes Against Body,Murder,Under Investigation,14.81621,75.40377
1846,400030004202201846,Mysuru,4,2022-06-27,2022,6,UDR,Non-Heinous,Public Order,Unlawful Assembly,Under Investigation,12.25226,76.61501
1847,100050004202601847,Belagavi,4,2026-07-24,2026,7,FIR,Non-Heinous,Crimes Against Body,Grievous Hurt,False Case,15.81461,74.41275
1848,100160004202601848,Udupi,4,2026-09-24,2026,9,FIR,Non-Heinous,Economic Offences,Forgery,Charge Sheeted,13.20539,74.85228
1849,100190002202601849,Hassan,2,2026-08-27,2026,8,FIR,Non-Heinous,Cyber Crime,Online Fraud,Charge Sheeted,13.0927,76.10128
1850,100030003202301850,Mysuru,3,2023-10-10,2023,10,FIR,Non-Heinous,Crimes Against Body,Murder,Under Investigation,12.1876,76.64525
1851,700010002202301851,Bengaluru City,2,2023-09-11,2023,9,Zero FIR,Non-Heinous,Crimes Against Property,Dacoity,Charge Sheeted,12.93267,77.51328
1852,700040003202201852,Mangaluru (Dakshina Kannada),3,2022-09-10,2022,9,Zero FIR,Non-Heinous,Economic Offences,Criminal Breach of Trust,Under Investigation,13.05597,74.79749
1853,100040003202201853,Mangaluru (Dakshina Kannada),3,2022-09-17,2022,9,FIR,Heinous,Crimes Against Body,Assault,Charge Sheeted,12.89862,74.91164
1854,400230004202601854,Chamarajanagar,4,2026-08-02,2026,8,UDR,Non-Heinous,Crimes Against Property,Theft,Under Investigation,11.85179,76.9667
1855,100160001202301855,Udupi,1,2023-02-15,2023,2,FIR,Non-Heinous,Crimes Against Women,Dowry Harassment,Undetected,13.3105,74.75505
1856,100030003202501856,Mysuru,3,2025-07-26,2025,7,FIR,Non-Heinous,Crimes Against Property,Dacoity,Under Investigation,12.35247,76.57452
1857,100030002202401857,Mysuru,2,2024-10-22,2024,10,FIR,Non-Heinous,Crimes Against Property,Robbery,Closed,12.33302,76.65689
1858,100290003202401858,Gadag,3,2024-01-04,2024,1,PAR,Non-Heinous,Economic Offences,Criminal Breach of Trust,Under Investigation,15.35399,75.61665
1859,700210004202201859,Koppal,4,2022-12-25,2022,12,Zero FIR,Non-Heinous,Crimes Against Property,Robbery,Under Investigation,15.36495,76.2096
1860,100220002202501860,Yadgir,2,2025-09-22,2025,9,FIR,Heinous,Narcotics,NDPS Possession,Closed,16.90106,77.20857
1861,100270004202601861,Bagalkot,4,2026-04-09,2026,4,FIR,Non-Heinous,Cyber Crime,Identity Theft,Closed,16.0935,75.59232
1862,100240002202601862,Kodagu,2,2026-08-08,2026,8,FIR,Non-Heinous,Crimes Against Women,Sexual Assault,Under Investigation,12.33297,75.80003
1863,400160002202201863,Udupi,2,2022-10-27,2022,10,UDR,Non-Heinous,Crimes Against Property,Robbery,Charge Sheeted,13.34249,74.68805
1864,100020004202601864,Bengaluru Rural,4,2026-04-09,2026,4,FIR,Non-Heinous,Crimes Against Property,Dacoity,Charge Sheeted,13.31311,77.52821
1865,100090002202201865,Tumakuru,2,2022-10-15,2022,10,FIR,Non-Heinous,Crimes Against Property,Dacoity,Charge Sheeted,13.28321,77.19881
1866,700080001202201866,Ballari,1,2022-10-03,2022,10,Zero FIR,Non-Heinous,Crimes Against Property,Burglary,Closed,15.06301,76.94139
1867,100050002202401867,Belagavi,2,2024-08-06,2024,8,FIR,Non-Heinous,Crimes Against Property,Theft,False Case,15.90815,74.62968
1868,100230003202501868,Chamarajanagar,3,2025-07-21,2025,7,FIR,Heinous,Crimes Against Body,Assault,Charge Sheeted,11.98465,77.02182
1869,100090001202401869,Tumakuru,1,2024-06-03,2024,6,FIR,Non-Heinous,Crimes Against Body,Murder,Under Investigation,13.33582,77.12261
1870,100070004202401870,Hubballi-Dharwad,4,2024-06-05,2024,6,FIR,Non-Heinous,Crimes Against Body,Attempt to Murder,Under Investigation,15.42582,75.05466
1871,100140004202601871,Bidar,4,2026-07-18,2026,7,FIR,Heinous,Crimes Against Body,Assault,Under Investigation,17.88471,77.59616
1872,100020004202401872,Bengaluru Rural,4,2024-01-24,2024,1,FIR,Non-Heinous,Crimes Against Women,Dowry Harassment,Undetected,13.28418,77.40366
1873,100260001202401873,Chikkaballapur,1,2024-02-06,2024,2,FIR,Non-Heinous,Narcotics,NDPS Possession,False Case,13.32672,77.67989
1874,100050001202401874,Belagavi,1,2024-05-13,2024,5,FIR,Heinous,Crimes Against Women,Molestation,Under Investigation,15.87057,74.45632
1875,100020002202201875,Bengaluru Rural,2,2022-03-11,2022,3,FIR,Non-Heinous,Crimes Against Women,Domestic Violence,Closed,13.22155,77.52247
1876,100050004202501876,Belagavi,4,2025-11-08,2025,11,FIR,Heinous,Crimes Against Body,Murder,Charge Sheeted,15.89689,74.39737
1877,100130002202601877,Raichur,2,2026-05-03,2026,5,FIR,Non-Heinous,Crimes Against Women,Sexual Assault,Charge Sheeted,16.20197,77.41011
1878,100070001202401878,Hubballi-Dharwad,1,2024-06-05,2024,6,FIR,Non-Heinous,Crimes Against Body,Assault,False Case,15.32012,75.11966
1879,400020003202501879,Bengaluru Rural,3,2025-04-17,2025,4,UDR,Non-Heinous,Crimes Against Women,Dowry Harassment,Undetected,13.27088,77.49592
1880,400050002202601880,Belagavi,2,2026-12-25,2026,12,UDR,Heinous,Crimes Against Women,Molestation,Charge Sheeted,15.90993,74.39636
1881,100080002202601881,Ballari,2,2026-06-03,2026,6,FIR,Non-Heinous,Crimes Against Body,Assault,Charge Sheeted,15.30176,76.97712
1882,100240004202301882,Kodagu,4,2023-10-14,2023,10,FIR,Non-Heinous,Public Order,Unlawful Assembly,False Case,12.28051,75.90749
1883,100080002202401883,Ballari,2,2024-12-12,2024,12,FIR,Non-Heinous,Economic Offences,Forgery,Under Investigation,15.13087,76.90045
1884,400130001202601884,Raichur,1,2026-09-07,2026,9,UDR,Non-Heinous,Crimes Against Body,Murder,Charge Sheeted,16.15752,77.32111
1885,100140002202201885,Bidar,2,2022-07-05,2022,7,FIR,Non-Heinous,Crimes Against Women,Domestic Violence,Under Investigation,17.94285,77.44698
1886,100270003202601886,Bagalkot,3,2026-08-25,2026,8,FIR,Non-Heinous,Crimes Against Property,Robbery,Closed,16.26852,75.73619
1887,100230002202201887,Chamarajanagar,2,2022-02-07,2022,2,FIR,Heinous,Crimes Against Women,Sexual Assault,Under Investigation,11.9484,76.92336
1888,100040004202201888,Mangaluru (Dakshina Kannada),4,2022-12-17,2022,12,FIR,Non-Heinous,Crimes Against Property,Theft,Closed,12.91339,74.81316
1889,100100001202601889,Shivamogga,1,2026-01-06,2026,1,PAR,Non-Heinous,Public Order,Unlawful Assembly,Under Investigation,13.95645,75.63817
1890,100030004202401890,Mysuru,4,2024-03-18,2024,3,FIR,Heinous,Crimes Against Body,Assault,Closed,12.19761,76.65558
1891,100020004202401891,Bengaluru Rural,4,2024-02-20,2024,2,PAR,Heinous,Crimes Against Women,Sexual Assault,False Case,13.22926,77.49804
1892,400010004202301892,Bengaluru City,4,2023-05-02,2023,5,UDR,Non-Heinous,Crimes Against Body,Assault,Closed,13.04763,77.6823
1893,100010004202501893,Bengaluru City,4,2025-08-10,2025,8,FIR,Heinous,Crimes Against Women,Domestic Violence,Closed,12.94718,77.45762
1894,100050001202301894,Belagavi,1,2023-01-21,2023,1,PAR,Non-Heinous,Public Order,Unlawful Assembly,Charge Sheeted,15.72424,74.48724
1895,100300002202601895,Uttara Kannada,2,2026-12-07,2026,12,FIR,Non-Heinous,Crimes Against Women,Dowry Harassment,Charge Sheeted,14.78661,74.68391
1896,100060003202501896,Kalaburagi,3,2025-09-15,2025,9,FIR,Non-Heinous,Crimes Against Property,Burglary,Closed,17.34062,76.78626
1897,100050003202601897,Belagavi,3,2026-03-13,2026,3,FIR,Non-Heinous,Crimes Against Women,Dowry Harassment,Charge Sheeted,15.89703,74.44626
1898,400050001202201898,Belagavi,1,2022-06-24,2022,6,UDR,Non-Heinous,Crimes Against Women,Domestic Violence,Closed,15.89562,74.50554
1899,100040004202301899,Mangaluru (Dakshina Kannada),4,2023-12-22,2023,12,FIR,Non-Heinous,Crimes Against Body,Grievous Hurt,Under Investigation,12.85261,74.9305
1900,100050003202601900,Belagavi,3,2026-02-09,2026,2,FIR,Heinous,Crimes Against Women,Sexual Assault,Charge Sheeted,15.78309,74.4584
1901,100050001202601901,Belagavi,1,2026-04-04,2026,4,PAR,Non-Heinous,Crimes Against Property,Robbery,Under Investigation,15.88848,74.44355
1902,100160003202301902,Udupi,3,2023-09-11,2023,9,FIR,Non-Heinous,Crimes Against Property,Burglary,Under Investigation,13.27523,74.75693
1903,100170002202601903,Kolar,2,2026-11-18,2026,11,FIR,Non-Heinous,Crimes Against Property,Dacoity,Charge Sheeted,13.13254,78.17488
1904,100020004202401904,Bengaluru Rural,4,2024-02-19,2024,2,FIR,Non-Heinous,Crimes Against Property,Dacoity,False Case,13.38471,77.65546
1905,100120004202601905,Vijayapura,4,2026-05-25,2026,5,FIR,Non-Heinous,Cyber Crime,Cyberstalking,Under Investigation,16.74846,75.62395
1906,100230001202501906,Chamarajanagar,1,2025-04-07,2025,4,FIR,Non-Heinous,Crimes Against Women,Dowry Harassment,Closed,11.85154,76.99064
1907,100050002202601907,Belagavi,2,2026-03-27,2026,3,FIR,Non-Heinous,Economic Offences,Criminal Breach of Trust,Charge Sheeted,15.91618,74.55835
1908,100270003202601908,Bagalkot,3,2026-09-03,2026,9,PAR,Heinous,Crimes Against Body,Grievous Hurt,Charge Sheeted,16.1259,75.68786
1909,100010001202501909,Bengaluru City,1,2025-12-23,2025,12,PAR,Non-Heinous,Economic Offences,Cheating,Charge Sheeted,13.02958,77.61811
1910,100080002202601910,Ballari,2,2026-03-17,2026,3,FIR,Non-Heinous,Crimes Against Women,Molestation,False Case,15.21055,77.0313
1911,400010002202501911,Bengaluru City,2,2025-08-01,2025,8,UDR,Non-Heinous,Economic Offences,Forgery,Under Investigation,13.06727,77.58543
1912,100020002202501912,Bengaluru Rural,2,2025-08-02,2025,8,FIR,Non-Heinous,Economic Offences,Criminal Breach of Trust,Undetected,13.25437,77.58051
1913,100050003202201913,Belagavi,3,2022-08-22,2022,8,FIR,Non-Heinous,Crimes Against Women,Sexual Assault,Charge Sheeted,15.82414,74.49142
1914,100110002202401914,Davanagere,2,2024-08-06,2024,8,PAR,Non-Heinous,Crimes Against Property,Robbery,Closed,14.36961,75.9518
1915,700240004202201915,Kodagu,4,2022-01-27,2022,1,Zero FIR,Non-Heinous,Cyber Crime,Cyberstalking,Under Investigation,12.27256,75.806
1916,100030002202301916,Mysuru,2,2023-10-09,2023,10,PAR,Non-Heinous,Crimes Against Property,Theft,False Case,12.31132,76.70107
1917,100150004202601917,Chikkamagaluru,4,2026-03-26,2026,3,FIR,Non-Heinous,Crimes Against Property,Dacoity,Under Investigation,13.28697,75.78572
1918,100210001202601918,Koppal,1,2026-04-11,2026,4,FIR,Non-Heinous,Crimes Against Body,Grievous Hurt,Charge Sheeted,15.33936,76.10126
1919,100070001202501919,Hubballi-Dharwad,1,2025-11-26,2025,11,FIR,Heinous,Narcotics,NDPS Possession,Closed,15.37398,75.06615
1920,100140004202401920,Bidar,4,2024-06-16,2024,6,FIR,Non-Heinous,Crimes Against Property,Theft,False Case,17.81683,77.56027
1921,100050004202301921,Belagavi,4,2023-10-26,2023,10,FIR,Non-Heinous,Cyber Crime,Cyberstalking,Charge Sheeted,15.843,74.52284
1922,100020003202401922,Bengaluru Rural,3,2024-11-03,2024,11,FIR,Heinous,Crimes Against Women,Molestation,Charge Sheeted,13.24607,77.4744
1923,100020001202201923,Bengaluru Rural,1,2022-03-20,2022,3,FIR,Non-Heinous,Narcotics,NDPS Trafficking,Under Investigation,13.28131,77.66028
1924,700020001202401924,Bengaluru Rural,1,2024-09-08,2024,9,Zero FIR,Non-Heinous,Narcotics,NDPS Possession,Closed,13.35331,77.56562
1925,100140004202501925,Bidar,4,2025-11-16,2025,11,FIR,Non-Heinous,Crimes Against Property,Dacoity,Undetected,17.96545,77.53457
1926,700010003202601926,Bengaluru City,3,2026-02-10,2026,2,Zero FIR,Heinous,Crimes Against Women,Sexual Assault,Under Investigation,12.97674,77.55132
1927,100230002202401927,Chamarajanagar,2,2024-03-12,2024,3,FIR,Non-Heinous,Crimes Against Body,Assault,Charge Sheeted,11.99494,76.86552
1928,100250003202601928,Ramanagara,3,2026-09-26,2026,9,FIR,Non-Heinous,Crimes Against Women,Dowry Harassment,Undetected,12.72341,77.24401
1929,100050003202401929,Belagavi,3,2024-01-22,2024,1,FIR,Non-Heinous,Cyber Crime,Phishing,Under Investigation,15.757,74.55307
1930,100050002202501930,Belagavi,2,2025-12-08,2025,12,FIR,Non-Heinous,Crimes Against Body,Attempt to Murder,Under Investigation,15.87851,74.57609
1931,100060003202601931,Kalaburagi,3,2026-09-24,2026,9,FIR,Non-Heinous,Crimes Against Property,Robbery,False Case,17.46412,76.89656
1932,100190003202601932,Hassan,3,2026-12-21,2026,12,FIR,Non-Heinous,Economic Offences,Criminal Breach of Trust,Under Investigation,13.0204,76.20985
1933,100230004202301933,Chamarajanagar,4,2023-02-21,2023,2,FIR,Non-Heinous,Cyber Crime,Phishing,Closed,11.90382,76.92344
1934,100020003202601934,Bengaluru Rural,3,2026-04-07,2026,4,FIR,Non-Heinous,Crimes Against Property,Burglary,Closed,13.34058,77.61669
1935,100080004202201935,Ballari,4,2022-05-23,2022,5,FIR,Non-Heinous,Crimes Against Property,Robbery,Under Investigation,14.98927,77.00442
1936,400020001202501936,Bengaluru Rural,1,2025-03-23,2025,3,UDR,Heinous,Crimes Against Women,Domestic Violence,Closed,13.22699,77.43102
1937,100190004202601937,Hassan,4,2026-03-17,2026,3,FIR,Heinous,Crimes Against Body,Assault,Charge Sheeted,12.84368,76.07665
1938,400030004202301938,Mysuru,4,2023-11-24,2023,11,UDR,Heinous,Crimes Against Women,Dowry Harassment,False Case,12.25547,76.63634
1939,100020003202301939,Bengaluru Rural,3,2023-11-12,2023,11,FIR,Heinous,Crimes Against Body,Attempt to Murder,Under Investigation,13.33719,77.59235
1940,100030002202601940,Mysuru,2,2026-06-24,2026,6,FIR,Non-Heinous,Crimes Against Property,Burglary,False Case,12.34477,76.64666
1941,100010004202601941,Bengaluru City,4,2026-04-02,2026,4,FIR,Non-Heinous,Crimes Against Body,Murder,Under Investigation,12.95124,77.63139
1942,100190002202301942,Hassan,2,2023-11-14,2023,11,FIR,Heinous,Crimes Against Women,Domestic Violence,Charge Sheeted,12.98747,76.07068
1943,700140001202301943,Bidar,1,2023-07-14,2023,7,Zero FIR,Non-Heinous,Crimes Against Property,Robbery,Charge Sheeted,17.88406,77.50115
1944,100140002202501944,Bidar,2,2025-12-21,2025,12,FIR,Non-Heinous,Cyber Crime,Online Fraud,Charge Sheeted,17.95199,77.59617
1945,100230004202401945,Chamarajanagar,4,2024-01-23,2024,1,PAR,Heinous,Crimes Against Women,Dowry Harassment,Closed,11.83124,76.90869
1946,100010003202501946,Bengaluru City,3,2025-08-04,2025,8,FIR,Non-Heinous,Crimes Against Body,Grievous Hurt,Charge Sheeted,12.97888,77.61525
1947,100270004202201947,Bagalkot,4,2022-09-07,2022,9,PAR,Heinous,Narcotics,NDPS Trafficking,Undetected,16.23584,75.72137
1948,100220001202401948,Yadgir,1,2024-05-20,2024,5,FIR,Non-Heinous,Crimes Against Property,Robbery,Closed,16.73151,77.13543
1949,100010004202501949,Bengaluru City,4,2025-09-25,2025,9,FIR,Non-Heinous,Crimes Against Property,Robbery,Closed,12.81418,77.51963
1950,100050004202501950,Belagavi,4,2025-07-14,2025,7,FIR,Heinous,Crimes Against Women,Molestation,Undetected,15.83441,74.55121
1951,100220003202601951,Yadgir,3,2026-08-05,2026,8,FIR,Non-Heinous,Economic Offences,Forgery,Under Investigation,16.69288,76.99447
1952,100180002202201952,Mandya,2,2022-05-19,2022,5,PAR,Non-Heinous,Crimes Against Property,Burglary,Under Investigation,12.58174,76.84653
1953,100050001202401953,Belagavi,1,2024-11-02,2024,11,FIR,Heinous,Narcotics,NDPS Possession,Under Investigation,15.82037,74.47308
1954,100050001202501954,Belagavi,1,2025-04-23,2025,4,FIR,Non-Heinous,Cyber Crime,Identity Theft,Under Investigation,15.89385,74.55772
1955,100050002202401955,Belagavi,2,2024-02-17,2024,2,FIR,Non-Heinous,Crimes Against Women,Dowry Harassment,Charge Sheeted,15.83738,74.42173
1956,100130003202601956,Raichur,3,2026-07-12,2026,7,FIR,Non-Heinous,Crimes Against Women,Domestic Violence,Charge Sheeted,16.12699,77.41334
1957,100150001202501957,Chikkamagaluru,1,2025-04-09,2025,4,FIR,Non-Heinous,Crimes Against Women,Domestic Violence,Undetected,13.30801,75.78017
1958,100050002202601958,Belagavi,2,2026-09-01,2026,9,FIR,Heinous,Crimes Against Body,Attempt to Murder,Under Investigation,15.85738,74.46874
1959,700100001202401959,Shivamogga,1,2024-11-21,2024,11,Zero FIR,Non-Heinous,Economic Offences,Criminal Breach of Trust,Closed,13.88087,75.52072
1960,100130002202201960,Raichur,2,2022-10-15,2022,10,FIR,Heinous,Crimes Against Women,Molestation,Closed,16.17893,77.37656
1961,400190001202601961,Hassan,1,2026-07-25,2026,7,UDR,Non-Heinous,Crimes Against Property,Theft,Under Investigation,12.87409,76.13695
1962,700030004202501962,Mysuru,4,2025-04-17,2025,4,Zero FIR,Non-Heinous,Cyber Crime,Phishing,Closed,12.34637,76.70262
1963,400020004202401963,Bengaluru Rural,4,2024-07-25,2024,7,UDR,Non-Heinous,Crimes Against Property,Robbery,Closed,13.26363,77.55036
1964,100130004202501964,Raichur,4,2025-04-27,2025,4,FIR,Non-Heinous,Crimes Against Women,Sexual Assault,Under Investigation,16.13211,77.36626
1965,100240003202601965,Kodagu,3,2026-08-25,2026,8,FIR,Non-Heinous,Economic Offences,Criminal Breach of Trust,Under Investigation,12.3645,75.80001
1966,400140004202501966,Bidar,4,2025-06-14,2025,6,UDR,Non-Heinous,Economic Offences,Criminal Breach of Trust,Under Investigation,17.81563,77.5587
1967,100050001202301967,Belagavi,1,2023-11-20,2023,11,PAR,Heinous,Crimes Against Women,Molestation,False Case,15.86934,74.4128
1968,100050004202301968,Belagavi,4,2023-01-23,2023,1,FIR,Non-Heinous,Crimes Against Property,Robbery,Charge Sheeted,15.95929,74.61953
1969,400020004202401969,Bengaluru Rural,4,2024-01-23,2024,1,UDR,Non-Heinous,Crimes Against Body,Grievous Hurt,Charge Sheeted,13.29166,77.58909
1970,100210002202401970,Koppal,2,2024-10-06,2024,10,FIR,Non-Heinous,Crimes Against Body,Attempt to Murder,Under Investigation,15.21619,76.20785
1971,100110004202301971,Davanagere,4,2023-02-18,2023,2,FIR,Non-Heinous,Crimes Against Property,Dacoity,Closed,14.48206,75.95764
1972,100230003202501972,Chamarajanagar,3,2025-04-08,2025,4,FIR,Non-Heinous,Crimes Against Property,Burglary,Under Investigation,11.92854,76.95081
1973,100020004202501973,Bengaluru Rural,4,2025-09-20,2025,9,FIR,Non-Heinous,Crimes Against Body,Grievous Hurt,Under Investigation,13.29897,77.48302
1974,100020003202601974,Bengaluru Rural,3,2026-01-07,2026,1,FIR,Non-Heinous,Narcotics,NDPS Trafficking,Charge Sheeted,13.17766,77.58776
1975,100120003202401975,Vijayapura,3,2024-09-24,2024,9,FIR,Non-Heinous,Crimes Against Body,Assault,Under Investigation,16.86894,75.77232
1976,100200004202401976,Chitradurga,4,2024-03-24,2024,3,FIR,Non-Heinous,Cyber Crime,Phishing,Undetected,14.18084,76.40209
1977,100150003202501977,Chikkamagaluru,3,2025-09-08,2025,9,FIR,Non-Heinous,Crimes Against Women,Domestic Violence,Closed,13.25164,75.87989
1978,100010001202201978,Bengaluru City,1,2022-03-05,2022,3,FIR,Non-Heinous,Economic Offences,Cheating,Closed,13.01822,77.55893
1979,100210001202601979,Koppal,1,2026-08-12,2026,8,PAR,Non-Heinous,Economic Offences,Cheating,Under Investigation,15.394,76.16901
1980,100230004202201980,Chamarajanagar,4,2022-09-26,2022,9,FIR,Non-Heinous,Crimes Against Property,Burglary,Charge Sheeted,11.89712,77.03953
1981,100030002202501981,Mysuru,2,2025-12-27,2025,12,FIR,Heinous,Crimes Against Women,Domestic Violence,Under Investigation,12.20883,76.5861
1982,700020004202201982,Bengaluru Rural,4,2022-11-08,2022,11,Zero FIR,Non-Heinous,Crimes Against Women,Sexual Assault,Under Investigation,13.43136,77.45497
1983,100110003202601983,Davanagere,3,2026-04-09,2026,4,FIR,Non-Heinous,Narcotics,NDPS Trafficking,False Case,14.45972,75.99242
1984,100180004202601984,Mandya,4,2026-01-11,2026,1,FIR,Non-Heinous,Economic Offences,Forgery,Charge Sheeted,12.47716,76.87199
1985,700050001202601985,Belagavi,1,2026-05-24,2026,5,Zero FIR,Non-Heinous,Crimes Against Women,Domestic Violence,Under Investigation,15.92019,74.46701
1986,700040002202501986,Mangaluru (Dakshina Kannada),2,2025-07-08,2025,7,Zero FIR,Heinous,Crimes Against Women,Domestic Violence,Under Investigation,12.93158,74.82949
1987,400050004202401987,Belagavi,4,2024-06-08,2024,6,UDR,Non-Heinous,Crimes Against Body,Murder,False Case,15.89749,74.51225
1988,100040002202601988,Mangaluru (Dakshina Kannada),2,2026-04-22,2026,4,FIR,Non-Heinous,Public Order,Unlawful Assembly,Charge Sheeted,12.9428,74.81047
1989,100160002202601989,Udupi,2,2026-04-21,2026,4,FIR,Non-Heinous,Crimes Against Property,Theft,Charge Sheeted,13.23861,74.81616
1990,700080003202601990,Ballari,3,2026-10-23,2026,10,Zero FIR,Non-Heinous,Economic Offences,Forgery,Closed,15.19228,76.95635
1991,100240004202501991,Kodagu,4,2025-06-23,2025,6,FIR,Heinous,Narcotics,NDPS Trafficking,Undetected,12.44683,75.81174
1992,100100001202601992,Shivamogga,1,2026-12-03,2026,12,FIR,Non-Heinous,Crimes Against Property,Theft,Closed,14.0217,75.55848
1993,100170003202201993,Kolar,3,2022-06-06,2022,6,FIR,Non-Heinous,Crimes Against Body,Assault,Under Investigation,13.15005,78.09857
1994,100110001202501994,Davanagere,1,2025-04-20,2025,4,FIR,Non-Heinous,Crimes Against Women,Molestation,False Case,14.54807,75.87517
1995,700090002202201995,Tumakuru,2,2022-11-03,2022,11,Zero FIR,Non-Heinous,Crimes Against Property,Dacoity,Charge Sheeted,13.372,77.07535
1996,400020004202601996,Bengaluru Rural,4,2026-08-13,2026,8,UDR,Non-Heinous,Crimes Against Body,Grievous Hurt,Under Investigation,13.18723,77.62743
1997,100170003202401997,Kolar,3,2024-10-13,2024,10,FIR,Heinous,Crimes Against Women,Sexual Assault,Charge Sheeted,13.12996,78.19786
1998,100050004202601998,Belagavi,4,2026-12-09,2026,12,FIR,Non-Heinous,Crimes Against Property,Theft,Closed,15.90801,74.50421
1999,700010001202601999,Bengaluru City,1,2026-09-11,2026,9,Zero FIR,Non-Heinous,Crimes Against Property,Dacoity,Charge Sheeted,13.04572,77.48598
2000,100180002202602000,Mandya,2,2026-02-07,2026,2,FIR,Heinous,Crimes Against Women,Molestation,Charge Sheeted,12.48976,76.89979
2001,100160002202302001,Udupi,2,2023-02-24,2023,2,FIR,Heinous,Crimes Against Body,Grievous Hurt,Charge Sheeted,13.46049,74.76333
2002,400150003202602002,Chikkamagaluru,3,2026-03-17,2026,3,UDR,Heinous,Crimes Against Women,Sexual Assault,Charge Sheeted,13.24599,75.7202
2003,400050003202502003,Belagavi,3,2025-08-14,2025,8,UDR,Non-Heinous,Narcotics,NDPS Trafficking,Under Investigation,15.85614,74.4724
2004,100130002202202004,Raichur,2,2022-01-24,2022,1,FIR,Non-Heinous,Crimes Against Women,Molestation,Charge Sheeted,16.13234,77.26778
2005,700060001202302005,Kalaburagi,1,2023-03-06,2023,3,Zero FIR,Non-Heinous,Crimes Against Property,Burglary,Closed,17.29639,76.88625
2006,100040002202602006,Mangaluru (Dakshina Kannada),2,2026-05-11,2026,5,FIR,Non-Heinous,Crimes Against Property,Theft,Closed,12.92438,74.94551
2007,100080003202302007,Ballari,3,2023-10-15,2023,10,FIR,Non-Heinous,Crimes Against Women,Domestic Violence,Charge Sheeted,15.27135,76.9065
2008,100250004202402008,Ramanagara,4,2024-06-11,2024,6,FIR,Non-Heinous,Crimes Against Property,Robbery,Closed,12.69474,77.31154
2009,100020002202402009,Bengaluru Rural,2,2024-07-18,2024,7,FIR,Non-Heinous,Crimes Against Women,Domestic Violence,Under Investigation,13.34252,77.58356
2010,100120002202502010,Vijayapura,2,2025-08-23,2025,8,FIR,Heinous,Crimes Against Women,Domestic Violence,Closed,16.8983,75.72515
2011,100180002202402011,Mandya,2,2024-10-14,2024,10,FIR,Heinous,Narcotics,NDPS Possession,Closed,12.56103,76.78959
2012,100050004202302012,Belagavi,4,2023-07-10,2023,7,FIR,Non-Heinous,Crimes Against Property,Dacoity,Charge Sheeted,15.86518,74.38373
2013,100140003202302013,Bidar,3,2023-10-18,2023,10,FIR,Non-Heinous,Public Order,Unlawful Assembly,Undetected,17.97755,77.55791
2014,100150003202202014,Chikkamagaluru,3,2022-10-10,2022,10,FIR,Non-Heinous,Economic Offences,Cheating,False Case,13.24742,75.73758
2015,100030001202302015,Mysuru,1,2023-06-17,2023,6,FIR,Non-Heinous,Crimes Against Property,Theft,Closed,12.27689,76.60565
2016,100130001202402016,Raichur,1,2024-07-20,2024,7,FIR,Non-Heinous,Cyber Crime,Cyberstalking,False Case,16.08789,77.39575
2017,100010004202602017,Bengaluru City,4,2026-06-25,2026,6,PAR,Non-Heinous,Crimes Against Body,Attempt to Murder,Closed,12.94533,77.67854
2018,100050001202402018,Belagavi,1,2024-09-10,2024,9,FIR,Non-Heinous,Economic Offences,Criminal Breach of Trust,Charge Sheeted,15.75827,74.42395
2019,100270001202502019,Bagalkot,1,2025-03-17,2025,3,FIR,Non-Heinous,Crimes Against Property,Dacoity,Under Investigation,16.29008,75.67213
2020,700050003202402020,Belagavi,3,2024-04-20,2024,4,Zero FIR,Non-Heinous,Economic Offences,Cheating,Under Investigation,15.84451,74.44117
2021,100250004202602021,Ramanagara,4,2026-10-19,2026,10,FIR,Non-Heinous,Crimes Against Property,Theft,Closed,12.73541,77.30432
2022,100250002202402022,Ramanagara,2,2024-12-09,2024,12,FIR,Non-Heinous,Economic Offences,Criminal Breach of Trust,Under Investigation,12.76358,77.30781
2023,100010001202502023,Bengaluru City,1,2025-11-10,2025,11,FIR,Heinous,Crimes Against Body,Murder,Charge Sheeted,12.91991,77.5241
2024,100020003202602024,Bengaluru Rural,3,2026-05-04,2026,5,FIR,Non-Heinous,Cyber Crime,Online Fraud,Under Investigation,13.27477,77.55043
2025,100130003202202025,Raichur,3,2022-05-12,2022,5,FIR,Heinous,Crimes Against Body,Assault,Closed,16.19223,77.24614
2026,100220001202602026,Yadgir,1,2026-04-21,2026,4,FIR,Non-Heinous,Economic Offences,Forgery,Charge Sheeted,16.82777,77.10582
2027,100030001202602027,Mysuru,1,2026-06-26,2026,6,FIR,Non-Heinous,Crimes Against Body,Grievous Hurt,Charge Sheeted,12.31263,76.6115
2028,100250002202602028,Ramanagara,2,2026-08-26,2026,8,FIR,Non-Heinous,Crimes Against Women,Dowry Harassment,Under Investigation,12.75556,77.26684
2029,100110003202302029,Davanagere,3,2023-09-19,2023,9,FIR,Non-Heinous,Crimes Against Women,Dowry Harassment,Charge Sheeted,14.52368,75.89576
2030,100220004202502030,Yadgir,4,2025-01-07,2025,1,FIR,Non-Heinous,Cyber Crime,Phishing,Charge Sheeted,16.68097,77.16503
2031,100030002202302031,Mysuru,2,2023-11-25,2023,11,FIR,Non-Heinous,Crimes Against Property,Burglary,Under Investigation,12.23224,76.74693
2032,100210004202402032,Koppal,4,2024-04-06,2024,4,FIR,Heinous,Crimes Against Body,Murder,Under Investigation,15.33895,76.19782
2033,100090002202202033,Tumakuru,2,2022-10-24,2022,10,FIR,Non-Heinous,Crimes Against Property,Dacoity,Undetected,13.37124,77.14248
2034,100130003202502034,Raichur,3,2025-05-10,2025,5,FIR,Heinous,Crimes Against Women,Dowry Harassment,Charge Sheeted,16.25009,77.44106
2035,100080002202302035,Ballari,2,2023-01-04,2023,1,FIR,Non-Heinous,Economic Offences,Cheating,Closed,15.02906,76.82859
2036,100110002202602036,Davanagere,2,2026-04-05,2026,4,FIR,Non-Heinous,Crimes Against Property,Dacoity,Closed,14.36547,75.88362
2037,100110002202602037,Davanagere,2,2026-01-03,2026,1,FIR,Non-Heinous,Crimes Against Property,Burglary,False Case,14.46187,75.87479
2038,700140004202202038,Bidar,4,2022-07-08,2022,7,Zero FIR,Non-Heinous,Economic Offences,Criminal Breach of Trust,Charge Sheeted,17.89825,77.55954
2039,100170003202202039,Kolar,3,2022-07-23,2022,7,FIR,Non-Heinous,Crimes Against Property,Robbery,Under Investigation,13.12659,78.03908
2040,100020002202402040,Bengaluru Rural,2,2024-08-21,2024,8,FIR,Heinous,Crimes Against Body,Grievous Hurt,Charge Sheeted,13.19848,77.50502
2041,100230004202602041,Chamarajanagar,4,2026-03-25,2026,3,FIR,Non-Heinous,Crimes Against Women,Sexual Assault,False Case,11.88632,76.97795
2042,700130003202602042,Raichur,3,2026-12-06,2026,12,Zero FIR,Non-Heinous,Narcotics,NDPS Possession,Under Investigation,16.20026,77.22328
2043,100030003202502043,Mysuru,3,2025-07-14,2025,7,FIR,Non-Heinous,Economic Offences,Cheating,Charge Sheeted,12.28722,76.62616
2044,100030003202202044,Mysuru,3,2022-06-23,2022,6,FIR,Non-Heinous,Crimes Against Property,Burglary,Under Investigation,12.27777,76.48254
2045,100240002202302045,Kodagu,2,2023-06-08,2023,6,FIR,Heinous,Narcotics,NDPS Possession,Under Investigation,12.27508,75.85771
2046,700020004202302046,Bengaluru Rural,4,2023-12-06,2023,12,Zero FIR,Non-Heinous,Crimes Against Property,Theft,Under Investigation,13.28741,77.46891
2047,100130002202502047,Raichur,2,2025-04-08,2025,4,FIR,Non-Heinous,Narcotics,NDPS Trafficking,Closed,16.29725,77.38057
2048,100020004202302048,Bengaluru Rural,4,2023-10-04,2023,10,FIR,Heinous,Crimes Against Body,Murder,Charge Sheeted,13.32362,77.70145
2049,100220004202402049,Yadgir,4,2024-10-16,2024,10,FIR,Non-Heinous,Public Order,Rioting,Charge Sheeted,16.68363,77.13602
2050,100030002202402050,Mysuru,2,2024-02-08,2024,2,FIR,Non-Heinous,Crimes Against Property,Robbery,Undetected,12.30682,76.65136
2051,100220003202502051,Yadgir,3,2025-02-03,2025,2,FIR,Non-Heinous,Crimes Against Property,Dacoity,Charge Sheeted,16.76669,77.143
2052,100090002202502052,Tumakuru,2,2025-11-10,2025,11,PAR,Non-Heinous,Economic Offences,Cheating,Under Investigation,13.42717,77.23455
2053,100130002202402053,Raichur,2,2024-12-24,2024,12,FIR,Non-Heinous,Crimes Against Property,Theft,Charge Sheeted,16.17217,77.34688
2054,700090002202502054,Tumakuru,2,2025-01-01,2025,1,Zero FIR,Non-Heinous,Crimes Against Body,Attempt to Murder,Undetected,13.30845,77.08368
2055,100170001202502055,Kolar,1,2025-04-25,2025,4,FIR,Non-Heinous,Crimes Against Property,Robbery,Under Investigation,13.11248,78.14084
2056,100070003202302056,Hubballi-Dharwad,3,2023-01-11,2023,1,FIR,Non-Heinous,Cyber Crime,Phishing,Closed,15.27831,75.21552
2057,100250003202502057,Ramanagara,3,2025-11-03,2025,11,FIR,Non-Heinous,Crimes Against Property,Burglary,Under Investigation,12.72808,77.32693
2058,100090003202602058,Tumakuru,3,2026-05-17,2026,5,FIR,Non-Heinous,Crimes Against Property,Robbery,Charge Sheeted,13.33318,77.07224
2059,100070003202502059,Hubballi-Dharwad,3,2025-07-09,2025,7,FIR,Heinous,Crimes Against Body,Grievous Hurt,Under Investigation,15.42233,75.05836
2060,100180002202402060,Mandya,2,2024-03-08,2024,3,FIR,Non-Heinous,Crimes Against Body,Assault,Charge Sheeted,12.55689,76.83837
2061,100020002202202061,Bengaluru Rural,2,2022-03-06,2022,3,PAR,Heinous,Crimes Against Body,Grievous Hurt,Under Investigation,13.36814,77.47215
2062,100080001202302062,Ballari,1,2023-02-09,2023,2,FIR,Non-Heinous,Crimes Against Women,Molestation,Under Investigation,15.14329,76.93236
2063,100050003202302063,Belagavi,3,2023-01-20,2023,1,FIR,Non-Heinous,Economic Offences,Cheating,Charge Sheeted,15.83725,74.47662
2064,100100001202202064,Shivamogga,1,2022-09-27,2022,9,FIR,Non-Heinous,Crimes Against Property,Robbery,Under Investigation,13.9571,75.62213
2065,100020002202602065,Bengaluru Rural,2,2026-12-15,2026,12,FIR,Heinous,Crimes Against Body,Murder,Undetected,13.22897,77.48172
2066,400040002202502066,Mangaluru (Dakshina Kannada),2,2025-09-04,2025,9,UDR,Heinous,Crimes Against Body,Assault,Closed,12.91098,74.9107
2067,100050003202302067,Belagavi,3,2023-08-24,2023,8,FIR,Non-Heinous,Cyber Crime,Cyberstalking,Under Investigation,15.85458,74.53702
2068,100190001202402068,Hassan,1,2024-08-27,2024,8,FIR,Non-Heinous,Economic Offences,Forgery,Charge Sheeted,12.99958,76.088
2069,400100003202502069,Shivamogga,3,2025-12-06,2025,12,UDR,Non-Heinous,Crimes Against Body,Attempt to Murder,Charge Sheeted,13.99713,75.57844
2070,100030001202502070,Mysuru,1,2025-03-27,2025,3,FIR,Non-Heinous,Crimes Against Property,Robbery,False Case,12.26989,76.63156
2071,100210001202202071,Koppal,1,2022-10-19,2022,10,FIR,Non-Heinous,Crimes Against Property,Theft,Charge Sheeted,15.28082,76.13531
2072,100090004202402072,Tumakuru,4,2024-10-02,2024,10,FIR,Non-Heinous,Crimes Against Property,Theft,Under Investigation,13.35612,77.16467
2073,100120002202602073,Vijayapura,2,2026-01-05,2026,1,FIR,Non-Heinous,Crimes Against Property,Robbery,Charge Sheeted,16.81629,75.68947
2074,100160003202602074,Udupi,3,2026-07-21,2026,7,FIR,Non-Heinous,Crimes Against Women,Dowry Harassment,Under Investigation,13.27333,74.78329
2075,100120003202402075,Vijayapura,3,2024-03-27,2024,3,FIR,Non-Heinous,Narcotics,NDPS Trafficking,False Case,16.77923,75.68149
2076,100220003202502076,Yadgir,3,2025-12-19,2025,12,FIR,Non-Heinous,Crimes Against Property,Burglary,Under Investigation,16.75411,77.23231
2077,100050004202502077,Belagavi,4,2025-07-22,2025,7,FIR,Non-Heinous,Crimes Against Women,Sexual Assault,Closed,15.78218,74.60592
2078,100030004202202078,Mysuru,4,2022-03-08,2022,3,FIR,Non-Heinous,Crimes Against Body,Murder,Closed,12.3469,76.67367
2079,100090003202402079,Tumakuru,3,2024-06-27,2024,6,FIR,Heinous,Crimes Against Body,Murder,Closed,13.33695,77.10096
2080,100050003202602080,Belagavi,3,2026-02-14,2026,2,FIR,Non-Heinous,Cyber Crime,Cyberstalking,Under Investigation,15.90502,74.39585
2081,100030001202402081,Mysuru,1,2024-12-12,2024,12,FIR,Non-Heinous,Crimes Against Property,Robbery,Closed,12.34579,76.56636
2082,100300002202402082,Uttara Kannada,2,2024-08-05,2024,8,FIR,Non-Heinous,Crimes Against Property,Theft,Charge Sheeted,14.78962,74.68529
2083,100040002202602083,Mangaluru (Dakshina Kannada),2,2026-08-20,2026,8,FIR,Non-Heinous,Economic Offences,Forgery,Closed,12.93792,74.91594
2084,100240003202202084,Kodagu,3,2022-04-24,2022,4,FIR,Non-Heinous,Economic Offences,Criminal Breach of Trust,Under Investigation,12.37154,75.7932
2085,100110002202502085,Davanagere,2,2025-02-01,2025,2,FIR,Heinous,Crimes Against Women,Sexual Assault,Undetected,14.47055,75.85725
2086,400180003202202086,Mandya,3,2022-04-09,2022,4,UDR,Non-Heinous,Crimes Against Body,Attempt to Murder,Charge Sheeted,12.4801,76.88131
2087,100050004202602087,Belagavi,4,2026-05-04,2026,5,FIR,Non-Heinous,Cyber Crime,Identity Theft,Charge Sheeted,15.81055,74.55382
2088,100090001202602088,Tumakuru,1,2026-11-19,2026,11,FIR,Non-Heinous,Crimes Against Women,Sexual Assault,Under Investigation,13.32617,77.12863
2089,100080001202602089,Ballari,1,2026-12-12,2026,12,FIR,Non-Heinous,Public Order,Unlawful Assembly,Closed,15.21888,77.04183
2090,100050002202302090,Belagavi,2,2023-09-18,2023,9,FIR,Non-Heinous,Economic Offences,Cheating,False Case,15.80613,74.52552
2091,100040001202402091,Mangaluru (Dakshina Kannada),1,2024-07-08,2024,7,FIR,Heinous,Crimes Against Women,Molestation,Charge Sheeted,12.88955,74.88917
2092,100160001202202092,Udupi,1,2022-12-27,2022,12,FIR,Heinous,Crimes Against Body,Assault,Under Investigation,13.34985,74.68573
2093,100050004202302093,Belagavi,4,2023-10-12,2023,10,FIR,Non-Heinous,Crimes Against Property,Theft,Under Investigation,15.74793,74.50044
2094,100030001202302094,Mysuru,1,2023-11-02,2023,11,FIR,Non-Heinous,Crimes Against Property,Burglary,Under Investigation,12.32783,76.4713
2095,100290004202502095,Gadag,4,2025-07-18,2025,7,FIR,Heinous,Crimes Against Body,Grievous Hurt,Under Investigation,15.47934,75.66734
2096,100170004202202096,Kolar,4,2022-09-27,2022,9,PAR,Non-Heinous,Crimes Against Property,Burglary,False Case,13.0197,78.20203
2097,100290001202402097,Gadag,1,2024-05-14,2024,5,FIR,Heinous,Crimes Against Women,Molestation,Closed,15.50519,75.65926
2098,100050004202602098,Belagavi,4,2026-11-08,2026,11,FIR,Heinous,Crimes Against Women,Dowry Harassment,Closed,15.88929,74.52268
2099,400050003202202099,Belagavi,3,2022-03-23,2022,3,UDR,Heinous,Crimes Against Women,Molestation,Undetected,15.77487,74.53868
2100,100250003202502100,Ramanagara,3,2025-04-22,2025,4,FIR,Non-Heinous,Crimes Against Property,Burglary,Charge Sheeted,12.79337,77.27184
2101,700280002202602101,Haveri,2,2026-11-25,2026,11,Zero FIR,Non-Heinous,Crimes Against Property,Robbery,Undetected,14.80608,75.40916
2102,100130003202502102,Raichur,3,2025-09-15,2025,9,FIR,Heinous,Narcotics,NDPS Possession,Under Investigation,16.24036,77.34662
2103,100230004202302103,Chamarajanagar,4,2023-06-27,2023,6,FIR,Non-Heinous,Public Order,Unlawful Assembly,False Case,12.00547,76.99466
2104,100020001202402104,Bengaluru Rural,1,2024-07-18,2024,7,FIR,Non-Heinous,Crimes Against Property,Burglary,Charge Sheeted,13.26408,77.49363
2105,100030001202602105,Mysuru,1,2026-04-11,2026,4,FIR,Non-Heinous,Economic Offences,Cheating,Under Investigation,12.40214,76.63321
2106,100250003202402106,Ramanagara,3,2024-09-08,2024,9,FIR,Heinous,Narcotics,NDPS Possession,Closed,12.7211,77.2702
2107,100110003202502107,Davanagere,3,2025-07-09,2025,7,FIR,Non-Heinous,Crimes Against Body,Grievous Hurt,Undetected,14.43662,75.88857
2108,100030003202302108,Mysuru,3,2023-04-26,2023,4,FIR,Non-Heinous,Economic Offences,Criminal Breach of Trust,Under Investigation,12.2488,76.59831
2109,100220003202402109,Yadgir,3,2024-05-23,2024,5,FIR,Heinous,Crimes Against Body,Murder,Under Investigation,16.72798,77.1609
2110,100290002202402110,Gadag,2,2024-07-12,2024,7,FIR,Non-Heinous,Crimes Against Property,Dacoity,Charge Sheeted,15.4202,75.60631
2111,700050004202502111,Belagavi,4,2025-06-05,2025,6,Zero FIR,Non-Heinous,Crimes Against Property,Dacoity,Charge Sheeted,15.87039,74.39749
2112,100200004202602112,Chitradurga,4,2026-08-14,2026,8,PAR,Heinous,Crimes Against Women,Sexual Assault,Under Investigation,14.14974,76.44762
2113,100020002202202113,Bengaluru Rural,2,2022-06-24,2022,6,FIR,Heinous,Narcotics,NDPS Possession,Charge Sheeted,13.32817,77.58437
2114,700050001202302114,Belagavi,1,2023-11-07,2023,11,Zero FIR,Non-Heinous,Crimes Against Women,Dowry Harassment,Charge Sheeted,15.86422,74.45765
2115,400050004202602115,Belagavi,4,2026-08-16,2026,8,UDR,Non-Heinous,Public Order,Unlawful Assembly,Under Investigation,15.83796,74.40514
2116,100030003202602116,Mysuru,3,2026-02-15,2026,2,FIR,Non-Heinous,Economic Offences,Cheating,Charge Sheeted,12.2844,76.58955
2117,100010001202602117,Bengaluru City,1,2026-07-15,2026,7,FIR,Non-Heinous,Crimes Against Body,Murder,Charge Sheeted,12.96498,77.60307
2118,100030003202202118,Mysuru,3,2022-02-21,2022,2,FIR,Non-Heinous,Crimes Against Body,Grievous Hurt,Under Investigation,12.25272,76.55539
2119,100180001202602119,Mandya,1,2026-02-22,2026,2,FIR,Non-Heinous,Crimes Against Property,Robbery,Undetected,12.4843,76.85285
2120,100090002202502120,Tumakuru,2,2025-05-11,2025,5,FIR,Non-Heinous,Crimes Against Body,Attempt to Murder,Closed,13.2315,77.15484
2121,400160003202402121,Udupi,3,2024-07-16,2024,7,UDR,Non-Heinous,Crimes Against Body,Assault,Closed,13.33798,74.81072
2122,100190002202402122,Hassan,2,2024-07-03,2024,7,FIR,Heinous,Crimes Against Body,Attempt to Murder,Charge Sheeted,12.95998,76.15784
2123,700090001202502123,Tumakuru,1,2025-10-26,2025,10,Zero FIR,Non-Heinous,Economic Offences,Criminal Breach of Trust,Closed,13.25455,77.08741
2124,100250003202502124,Ramanagara,3,2025-08-16,2025,8,FIR,Non-Heinous,Economic Offences,Criminal Breach of Trust,Charge Sheeted,12.745,77.236
2125,100110004202302125,Davanagere,4,2023-07-12,2023,7,FIR,Non-Heinous,Crimes Against Property,Dacoity,Charge Sheeted,14.49315,75.88443
2126,700060003202202126,Kalaburagi,3,2022-06-24,2022,6,Zero FIR,Non-Heinous,Crimes Against Body,Murder,Charge Sheeted,17.27174,76.89437
2127,100250001202602127,Ramanagara,1,2026-01-15,2026,1,FIR,Non-Heinous,Crimes Against Body,Grievous Hurt,Closed,12.71256,77.2988
2128,100120001202302128,Vijayapura,1,2023-12-06,2023,12,PAR,Non-Heinous,Crimes Against Property,Burglary,Charge Sheeted,16.85962,75.73044
2129,100140001202202129,Bidar,1,2022-09-19,2022,9,FIR,Non-Heinous,Crimes Against Property,Burglary,False Case,18.02294,77.55911
2130,100110004202502130,Davanagere,4,2025-06-18,2025,6,PAR,Heinous,Crimes Against Women,Sexual Assault,Under Investigation,14.42555,75.96001
2131,100020004202202131,Bengaluru Rural,4,2022-12-07,2022,12,PAR,Heinous,Crimes Against Women,Dowry Harassment,Under Investigation,13.35181,77.59793
2132,100020002202402132,Bengaluru Rural,2,2024-02-18,2024,2,FIR,Non-Heinous,Economic Offences,Criminal Breach of Trust,Closed,13.2676,77.67814
2133,100040001202202133,Mangaluru (Dakshina Kannada),1,2022-08-03,2022,8,FIR,Heinous,Narcotics,NDPS Possession,Under Investigation,12.96046,74.86705
2134,100020004202402134,Bengaluru Rural,4,2024-11-21,2024,11,FIR,Non-Heinous,Crimes Against Property,Robbery,Charge Sheeted,13.23467,77.50936
2135,100140003202602135,Bidar,3,2026-08-27,2026,8,FIR,Heinous,Crimes Against Body,Murder,Undetected,18.00249,77.5425
2136,100050002202202136,Belagavi,2,2022-01-10,2022,1,FIR,Non-Heinous,Economic Offences,Criminal Breach of Trust,Charge Sheeted,15.93321,74.51825
2137,100120002202302137,Vijayapura,2,2023-03-03,2023,3,FIR,Non-Heinous,Crimes Against Body,Assault,False Case,16.8525,75.59327
2138,100250004202502138,Ramanagara,4,2025-03-03,2025,3,FIR,Non-Heinous,Crimes Against Property,Burglary,False Case,12.69555,77.26669
2139,100210004202302139,Koppal,4,2023-01-06,2023,1,PAR,Non-Heinous,Crimes Against Property,Theft,Under Investigation,15.33141,76.07429
2140,100150002202502140,Chikkamagaluru,2,2025-11-24,2025,11,FIR,Non-Heinous,Economic Offences,Forgery,Closed,13.31527,75.79202
2141,100050001202302141,Belagavi,1,2023-12-21,2023,12,FIR,Non-Heinous,Crimes Against Property,Robbery,False Case,15.90278,74.49094
2142,100050001202502142,Belagavi,1,2025-08-09,2025,8,FIR,Non-Heinous,Crimes Against Property,Dacoity,Charge Sheeted,15.83792,74.45155
2143,100110004202502143,Davanagere,4,2025-06-10,2025,6,FIR,Non-Heinous,Cyber Crime,Cyberstalking,False Case,14.46471,75.97281
2144,100290003202302144,Gadag,3,2023-04-03,2023,4,FIR,Non-Heinous,Crimes Against Property,Dacoity,Under Investigation,15.43063,75.72343
2145,100160003202502145,Udupi,3,2025-06-03,2025,6,FIR,Non-Heinous,Crimes Against Property,Burglary,Under Investigation,13.32637,74.74633
2146,700240002202602146,Kodagu,2,2026-11-05,2026,11,Zero FIR,Non-Heinous,Cyber Crime,Online Fraud,Undetected,12.31271,75.81756
2147,100020002202602147,Bengaluru Rural,2,2026-03-02,2026,3,FIR,Non-Heinous,Crimes Against Property,Burglary,Under Investigation,13.2872,77.60591
2148,100120003202402148,Vijayapura,3,2024-02-05,2024,2,FIR,Heinous,Crimes Against Body,Assault,Charge Sheeted,16.81251,75.72978
2149,100090004202502149,Tumakuru,4,2025-05-08,2025,5,FIR,Heinous,Crimes Against Body,Grievous Hurt,Closed,13.39317,77.19332
2150,100200001202302150,Chitradurga,1,2023-11-08,2023,11,FIR,Non-Heinous,Economic Offences,Forgery,Charge Sheeted,14.16191,76.48958
2151,100180003202302151,Mandya,3,2023-08-27,2023,8,FIR,Non-Heinous,Economic Offences,Criminal Breach of Trust,Closed,12.52546,76.84288
2152,100090003202402152,Tumakuru,3,2024-10-12,2024,10,FIR,Heinous,Narcotics,NDPS Trafficking,False Case,13.29313,77.0997
2153,100120003202402153,Vijayapura,3,2024-07-19,2024,7,PAR,Non-Heinous,Crimes Against Property,Theft,Undetected,16.76803,75.71896
2154,100010003202602154,Bengaluru City,3,2026-08-26,2026,8,FIR,Non-Heinous,Economic Offences,Cheating,Closed,12.97149,77.54742
2155,700050004202402155,Belagavi,4,2024-11-15,2024,11,Zero FIR,Heinous,Crimes Against Women,Dowry Harassment,Charge Sheeted,15.82632,74.43196
2156,100210004202402156,Koppal,4,2024-11-22,2024,11,FIR,Non-Heinous,Crimes Against Property,Robbery,Closed,15.33217,76.15439
2157,100020004202202157,Bengaluru Rural,4,2022-03-07,2022,3,FIR,Non-Heinous,Crimes Against Property,Robbery,Under Investigation,13.25931,77.39473
2158,100160002202302158,Udupi,2,2023-03-06,2023,3,FIR,Non-Heinous,Crimes Against Body,Assault,Closed,13.28551,74.70353
2159,100090001202402159,Tumakuru,1,2024-04-16,2024,4,FIR,Non-Heinous,Economic Offences,Forgery,Charge Sheeted,13.37902,77.15937
2160,400030001202402160,Mysuru,1,2024-06-18,2024,6,UDR,Non-Heinous,Crimes Against Property,Dacoity,Undetected,12.31703,76.73182
2161,100300003202602161,Uttara Kannada,3,2026-02-20,2026,2,FIR,Non-Heinous,Public Order,Rioting,Under Investigation,14.81325,74.82299
2162,400220004202602162,Yadgir,4,2026-03-04,2026,3,UDR,Heinous,Crimes Against Body,Murder,Charge Sheeted,16.73448,77.15827
2163,100110002202602163,Davanagere,2,2026-08-02,2026,8,FIR,Non-Heinous,Crimes Against Women,Molestation,Undetected,14.46132,75.9095
2164,700050001202602164,Belagavi,1,2026-01-07,2026,1,Zero FIR,Non-Heinous,Crimes Against Property,Dacoity,Under Investigation,15.8867,74.43653
2165,100240002202302165,Kodagu,2,2023-10-14,2023,10,FIR,Non-Heinous,Crimes Against Women,Sexual Assault,Charge Sheeted,12.41815,75.81834
2166,100050002202402166,Belagavi,2,2024-10-19,2024,10,FIR,Non-Heinous,Narcotics,NDPS Possession,False Case,15.82146,74.54496
2167,100130003202302167,Raichur,3,2023-02-07,2023,2,FIR,Non-Heinous,Crimes Against Women,Molestation,False Case,16.23055,77.3822
2168,100020002202502168,Bengaluru Rural,2,2025-10-10,2025,10,FIR,Non-Heinous,Crimes Against Women,Dowry Harassment,Under Investigation,13.29343,77.54159
2169,100220002202602169,Yadgir,2,2026-09-07,2026,9,FIR,Non-Heinous,Economic Offences,Criminal Breach of Trust,Under Investigation,16.75577,77.04112
2170,100170001202402170,Kolar,1,2024-03-18,2024,3,FIR,Non-Heinous,Crimes Against Body,Assault,Closed,13.19869,78.13572
2171,100010003202202171,Bengaluru City,3,2022-01-12,2022,1,PAR,Heinous,Crimes Against Women,Molestation,False Case,13.03313,77.62491
2172,100110002202402172,Davanagere,2,2024-04-03,2024,4,FIR,Non-Heinous,Crimes Against Women,Domestic Violence,False Case,14.47286,75.96387
2173,100190003202202173,Hassan,3,2022-08-18,2022,8,FIR,Non-Heinous,Crimes Against Property,Robbery,Undetected,13.10453,76.14143
2174,100270002202602174,Bagalkot,2,2026-11-06,2026,11,FIR,Non-Heinous,Crimes Against Property,Burglary,Closed,16.10967,75.71203
2175,100020002202202175,Bengaluru Rural,2,2022-04-20,2022,4,FIR,Non-Heinous,Crimes Against Property,Theft,Undetected,13.25401,77.49733
2176,400210004202302176,Koppal,4,2023-09-21,2023,9,UDR,Non-Heinous,Economic Offences,Criminal Breach of Trust,Charge Sheeted,15.33851,76.14427
2177,100020001202402177,Bengaluru Rural,1,2024-10-01,2024,10,FIR,Non-Heinous,Crimes Against Women,Molestation,Under Investigation,13.30308,77.45807
2178,100210003202302178,Koppal,3,2023-10-11,2023,10,FIR,Non-Heinous,Public Order,Rioting,False Case,15.42766,76.13397
2179,100060003202602179,Kalaburagi,3,2026-07-18,2026,7,FIR,Non-Heinous,Public Order,Rioting,Under Investigation,17.22887,76.772
2180,100010002202502180,Bengaluru City,2,2025-08-24,2025,8,FIR,Non-Heinous,Crimes Against Women,Sexual Assault,Charge Sheeted,13.00288,77.54285
2181,100240004202502181,Kodagu,4,2025-07-27,2025,7,FIR,Heinous,Crimes Against Women,Domestic Violence,Under Investigation,12.20239,75.87665
2182,100110002202502182,Davanagere,2,2025-09-15,2025,9,FIR,Non-Heinous,Crimes Against Property,Theft,Closed,14.45246,75.92203
2183,100190003202602183,Hassan,3,2026-12-10,2026,12,PAR,Non-Heinous,Economic Offences,Cheating,Charge Sheeted,12.98086,76.1213
2184,100030002202502184,Mysuru,2,2025-06-15,2025,6,FIR,Non-Heinous,Crimes Against Body,Murder,Under Investigation,12.29591,76.70838
2185,100280004202402185,Haveri,4,2024-04-14,2024,4,PAR,Non-Heinous,Crimes Against Body,Grievous Hurt,Under Investigation,14.7506,75.34201
2186,100020001202502186,Bengaluru Rural,1,2025-06-02,2025,6,FIR,Non-Heinous,Crimes Against Property,Burglary,False Case,13.34104,77.47926
2187,100070001202202187,Hubballi-Dharwad,1,2022-05-23,2022,5,PAR,Non-Heinous,Crimes Against Body,Assault,Charge Sheeted,15.35653,75.09095
2188,100190004202502188,Hassan,4,2025-09-17,2025,9,FIR,Non-Heinous,Crimes Against Property,Robbery,False Case,13.00854,76.17505
2189,100010001202402189,Bengaluru City,1,2024-05-08,2024,5,FIR,Non-Heinous,Crimes Against Property,Theft,Under Investigation,13.04603,77.65693
2190,100010001202602190,Bengaluru City,1,2026-12-24,2026,12,FIR,Non-Heinous,Economic Offences,Cheating,Charge Sheeted,12.95639,77.56525
2191,100160001202502191,Udupi,1,2025-07-06,2025,7,PAR,Heinous,Crimes Against Body,Attempt to Murder,Under Investigation,13.30458,74.71312
2192,100020003202502192,Bengaluru Rural,3,2025-05-26,2025,5,FIR,Non-Heinous,Crimes Against Property,Dacoity,Charge Sheeted,13.30685,77.52976
2193,100110001202602193,Davanagere,1,2026-08-10,2026,8,FIR,Non-Heinous,Crimes Against Property,Robbery,Charge Sheeted,14.53403,75.98601
2194,100070002202502194,Hubballi-Dharwad,2,2025-02-22,2025,2,FIR,Non-Heinous,Crimes Against Women,Dowry Harassment,Under Investigation,15.24381,75.07612
2195,400030002202602195,Mysuru,2,2026-04-03,2026,4,UDR,Non-Heinous,Economic Offences,Forgery,False Case,12.20009,76.65314
2196,100010004202502196,Bengaluru City,4,2025-03-23,2025,3,FIR,Heinous,Crimes Against Women,Sexual Assault,Under Investigation,12.93773,77.61699
2197,100010003202402197,Bengaluru City,3,2024-03-03,2024,3,FIR,Non-Heinous,Crimes Against Body,Grievous Hurt,Closed,12.99152,77.6463
2198,400130002202402198,Raichur,2,2024-09-16,2024,9,UDR,Non-Heinous,Crimes Against Property,Burglary,Under Investigation,16.28789,77.42287
2199,700040001202302199,Mangaluru (Dakshina Kannada),1,2023-10-14,2023,10,Zero FIR,Non-Heinous,Crimes Against Property,Robbery,False Case,12.82867,74.75942
2200,100110003202502200,Davanagere,3,2025-08-26,2025,8,FIR,Non-Heinous,Public Order,Rioting,Charge Sheeted,14.32851,75.93733
2201,100020004202602201,Bengaluru Rural,4,2026-09-22,2026,9,FIR,Heinous,Crimes Against Body,Assault,Undetected,13.22638,77.54564
2202,100020002202502202,Bengaluru Rural,2,2025-06-17,2025,6,FIR,Non-Heinous,Economic Offences,Cheating,Charge Sheeted,13.22417,77.57693
2203,100080001202602203,Ballari,1,2026-12-15,2026,12,FIR,Non-Heinous,Crimes Against Body,Murder,Closed,15.12643,77.02945
2204,100080001202502204,Ballari,1,2025-10-22,2025,10,FIR,Non-Heinous,Economic Offences,Cheating,Under Investigation,15.04428,76.99537
2205,100120001202602205,Vijayapura,1,2026-09-25,2026,9,PAR,Non-Heinous,Cyber Crime,Online Fraud,Closed,16.81672,75.61896
2206,100280003202602206,Haveri,3,2026-12-07,2026,12,FIR,Non-Heinous,Crimes Against Women,Dowry Harassment,Charge Sheeted,14.81897,75.47752
2207,100140004202302207,Bidar,4,2023-06-09,2023,6,FIR,Non-Heinous,Economic Offences,Criminal Breach of Trust,Under Investigation,17.91239,77.51227
2208,100050004202202208,Belagavi,4,2022-11-06,2022,11,FIR,Non-Heinous,Crimes Against Women,Molestation,Closed,15.87434,74.48491
2209,100170001202402209,Kolar,1,2024-12-07,2024,12,PAR,Non-Heinous,Crimes Against Women,Molestation,False Case,13.14806,78.20275
2210,100060002202502210,Kalaburagi,2,2025-02-25,2025,2,FIR,Heinous,Crimes Against Women,Sexual Assault,Charge Sheeted,17.36159,76.78922
2211,400010002202302211,Bengaluru City,2,2023-10-27,2023,10,UDR,Non-Heinous,Cyber Crime,Cyberstalking,Closed,12.97934,77.58671
2212,100170002202202212,Kolar,2,2022-04-15,2022,4,FIR,Non-Heinous,Crimes Against Property,Theft,Closed,13.12004,78.11987
2213,100080002202402213,Ballari,2,2024-10-19,2024,10,PAR,Non-Heinous,Cyber Crime,Phishing,False Case,15.20517,76.81768
2214,100220002202302214,Yadgir,2,2023-09-22,2023,9,FIR,Non-Heinous,Crimes Against Women,Molestation,False Case,16.82309,77.15698
2215,100030002202402215,Mysuru,2,2024-01-16,2024,1,FIR,Heinous,Crimes Against Women,Domestic Violence,Closed,12.30366,76.5947
2216,100080004202302216,Ballari,4,2023-01-24,2023,1,PAR,Non-Heinous,Crimes Against Property,Robbery,Charge Sheeted,15.0865,76.98509
2217,700220003202602217,Yadgir,3,2026-04-23,2026,4,Zero FIR,Non-Heinous,Crimes Against Property,Dacoity,Closed,16.78321,77.13628
2218,100050001202502218,Belagavi,1,2025-12-15,2025,12,FIR,Heinous,Crimes Against Body,Grievous Hurt,Under Investigation,15.81244,74.56893
2219,100020003202302219,Bengaluru Rural,3,2023-04-19,2023,4,FIR,Heinous,Crimes Against Women,Domestic Violence,Under Investigation,13.17282,77.47612
2220,100110002202502220,Davanagere,2,2025-05-22,2025,5,FIR,Non-Heinous,Crimes Against Women,Sexual Assault,False Case,14.59739,75.96633
2221,100090002202302221,Tumakuru,2,2023-12-16,2023,12,FIR,Non-Heinous,Economic Offences,Criminal Breach of Trust,Under Investigation,13.35878,77.08061
2222,100120001202602222,Vijayapura,1,2026-03-10,2026,3,FIR,Non-Heinous,Public Order,Unlawful Assembly,Charge Sheeted,16.85315,75.71956
2223,100010001202602223,Bengaluru City,1,2026-06-07,2026,6,FIR,Non-Heinous,Public Order,Rioting,Undetected,12.9156,77.6415
2224,100110002202502224,Davanagere,2,2025-06-04,2025,6,FIR,Non-Heinous,Crimes Against Women,Dowry Harassment,Under Investigation,14.44565,75.90396
2225,100250002202602225,Ramanagara,2,2026-03-10,2026,3,FIR,Non-Heinous,Crimes Against Property,Dacoity,Charge Sheeted,12.73263,77.2084
2226,700020002202302226,Bengaluru Rural,2,2023-10-03,2023,10,Zero FIR,Non-Heinous,Crimes Against Property,Theft,False Case,13.22079,77.66487
2227,100040003202202227,Mangaluru (Dakshina Kannada),3,2022-05-25,2022,5,FIR,Non-Heinous,Crimes Against Property,Burglary,Closed,12.99896,74.88127
2228,100230002202402228,Chamarajanagar,2,2024-04-09,2024,4,PAR,Heinous,Crimes Against Body,Assault,Under Investigation,11.92959,76.99399
2229,100020004202602229,Bengaluru Rural,4,2026-06-21,2026,6,FIR,Non-Heinous,Crimes Against Property,Robbery,Charge Sheeted,13.30132,77.56282
2230,100050004202302230,Belagavi,4,2023-04-12,2023,4,FIR,Heinous,Crimes Against Women,Sexual Assault,Closed,15.83334,74.56235
2231,100090002202502231,Tumakuru,2,2025-07-10,2025,7,FIR,Heinous,Crimes Against Body,Attempt to Murder,Charge Sheeted,13.37359,77.20741
2232,100090004202302232,Tumakuru,4,2023-10-07,2023,10,FIR,Non-Heinous,Cyber Crime,Identity Theft,Undetected,13.35527,77.11704
2233,700080004202602233,Ballari,4,2026-01-18,2026,1,Zero FIR,Non-Heinous,Economic Offences,Cheating,False Case,15.22627,76.90645
2234,100040003202202234,Mangaluru (Dakshina Kannada),3,2022-10-26,2022,10,FIR,Non-Heinous,Economic Offences,Criminal Breach of Trust,Closed,12.93254,74.89821
2235,100030004202302235,Mysuru,4,2023-01-03,2023,1,FIR,Non-Heinous,Crimes Against Body,Grievous Hurt,Charge Sheeted,12.23513,76.61699
2236,100110004202302236,Davanagere,4,2023-03-21,2023,3,FIR,Non-Heinous,Cyber Crime,Cyberstalking,Under Investigation,14.42634,75.95473
2237,100080001202302237,Ballari,1,2023-07-04,2023,7,FIR,Heinous,Crimes Against Women,Molestation,Charge Sheeted,15.10609,76.96669
2238,100280001202402238,Haveri,1,2024-12-21,2024,12,FIR,Non-Heinous,Crimes Against Body,Assault,Charge Sheeted,14.78759,75.39482
2239,100250002202502239,Ramanagara,2,2025-11-08,2025,11,FIR,Non-Heinous,Cyber Crime,Identity Theft,Charge Sheeted,12.78745,77.23664
2240,700030001202502240,Mysuru,1,2025-02-23,2025,2,Zero FIR,Non-Heinous,Economic Offences,Cheating,Under Investigation,12.26764,76.643
2241,100130003202402241,Raichur,3,2024-05-05,2024,5,FIR,Heinous,Crimes Against Body,Assault,Closed,16.18098,77.36843
2242,100010003202302242,Bengaluru City,3,2023-09-20,2023,9,FIR,Non-Heinous,Crimes Against Women,Dowry Harassment,False Case,12.93359,77.66599
2243,400020002202502243,Bengaluru Rural,2,2025-02-04,2025,2,UDR,Non-Heinous,Cyber Crime,Identity Theft,Closed,13.25274,77.53692
2244,700010001202402244,Bengaluru City,1,2024-10-02,2024,10,Zero FIR,Heinous,Crimes Against Women,Dowry Harassment,Under Investigation,12.8928,77.57784
2245,100240003202602245,Kodagu,3,2026-06-18,2026,6,FIR,Non-Heinous,Cyber Crime,Phishing,Closed,12.40101,75.78871
2246,100020003202302246,Bengaluru Rural,3,2023-03-06,2023,3,FIR,Heinous,Crimes Against Body,Assault,Closed,13.16402,77.55854
2247,700280001202402247,Haveri,1,2024-11-26,2024,11,Zero FIR,Non-Heinous,Crimes Against Women,Molestation,Charge Sheeted,14.75589,75.48658
2248,100250001202502248,Ramanagara,1,2025-10-21,2025,10,PAR,Non-Heinous,Cyber Crime,Phishing,Closed,12.85214,77.32916
2249,400030001202502249,Mysuru,1,2025-06-11,2025,6,UDR,Non-Heinous,Crimes Against Property,Burglary,Closed,12.2482,76.52131
2250,700240004202402250,Kodagu,4,2024-08-26,2024,8,Zero FIR,Non-Heinous,Crimes Against Women,Dowry Harassment,Under Investigation,12.40794,75.86105
2251,100080001202402251,Ballari,1,2024-01-09,2024,1,FIR,Non-Heinous,Economic Offences,Cheating,Charge Sheeted,15.0851,76.92083
2252,100160003202602252,Udupi,3,2026-07-16,2026,7,FIR,Non-Heinous,Economic Offences,Criminal Breach of Trust,Charge Sheeted,13.36824,74.76851
2253,100270002202602253,Bagalkot,2,2026-09-06,2026,9,FIR,Heinous,Narcotics,NDPS Possession,Under Investigation,16.10576,75.59064
2254,100030003202402254,Mysuru,3,2024-06-10,2024,6,FIR,Non-Heinous,Crimes Against Property,Burglary,Under Investigation,12.16299,76.5533
2255,400010003202202255,Bengaluru City,3,2022-01-16,2022,1,UDR,Non-Heinous,Crimes Against Property,Burglary,False Case,12.96683,77.62753
2256,100250003202302256,Ramanagara,3,2023-05-18,2023,5,FIR,Non-Heinous,Crimes Against Property,Theft,Charge Sheeted,12.9271,77.26911
2257,100060003202202257,Kalaburagi,3,2022-03-03,2022,3,FIR,Non-Heinous,Economic Offences,Criminal Breach of Trust,Closed,17.37096,76.86256
2258,100130001202402258,Raichur,1,2024-08-04,2024,8,FIR,Heinous,Crimes Against Women,Domestic Violence,False Case,16.29145,77.33198
2259,100240002202502259,Kodagu,2,2025-09-26,2025,9,FIR,Non-Heinous,Cyber Crime,Phishing,Closed,12.35562,75.84188
2260,100210004202502260,Koppal,4,2025-03-04,2025,3,PAR,Non-Heinous,Economic Offences,Cheating,Closed,15.31719,76.12257
2261,100050004202202261,Belagavi,4,2022-09-07,2022,9,PAR,Non-Heinous,Crimes Against Property,Theft,Under Investigation,15.85318,74.39846
2262,100170001202602262,Kolar,1,2026-02-15,2026,2,FIR,Heinous,Crimes Against Women,Sexual Assault,Closed,13.18947,78.09473
2263,100060004202402263,Kalaburagi,4,2024-05-13,2024,5,FIR,Non-Heinous,Crimes Against Property,Dacoity,Closed,17.2145,76.9132
2264,100010002202502264,Bengaluru City,2,2025-10-09,2025,10,PAR,Heinous,Crimes Against Women,Dowry Harassment,Charge Sheeted,12.98941,77.59777
2265,100050002202502265,Belagavi,2,2025-10-03,2025,10,FIR,Heinous,Crimes Against Women,Domestic Violence,Closed,15.89224,74.50862
2266,100140001202502266,Bidar,1,2025-12-23,2025,12,FIR,Heinous,Crimes Against Body,Assault,Charge Sheeted,17.94079,77.48216
2267,100010001202202267,Bengaluru City,1,2022-08-27,2022,8,FIR,Non-Heinous,Crimes Against Women,Domestic Violence,Charge Sheeted,13.10988,77.6526
2268,100110003202602268,Davanagere,3,2026-01-12,2026,1,FIR,Heinous,Crimes Against Body,Attempt to Murder,Closed,14.43486,75.97129
2269,100110002202602269,Davanagere,2,2026-07-06,2026,7,FIR,Non-Heinous,Economic Offences,Criminal Breach of Trust,Under Investigation,14.42315,75.82193
2270,400190004202302270,Hassan,4,2023-01-19,2023,1,UDR,Non-Heinous,Crimes Against Body,Grievous Hurt,Charge Sheeted,13.06317,76.04269
2271,100110003202602271,Davanagere,3,2026-09-10,2026,9,FIR,Non-Heinous,Cyber Crime,Cyberstalking,Closed,14.45841,75.96253
2272,100100002202602272,Shivamogga,2,2026-03-03,2026,3,FIR,Non-Heinous,Narcotics,NDPS Trafficking,Charge Sheeted,13.83349,75.61151
2273,400060001202502273,Kalaburagi,1,2025-02-15,2025,2,UDR,Non-Heinous,Cyber Crime,Online Fraud,Under Investigation,17.40347,76.89781
2274,100050001202202274,Belagavi,1,2022-04-09,2022,4,FIR,Heinous,Crimes Against Body,Assault,Charge Sheeted,15.88798,74.5295
2275,400080004202402275,Ballari,4,2024-06-15,2024,6,UDR,Non-Heinous,Economic Offences,Forgery,Under Investigation,15.1121,76.91339
2276,100020003202602276,Bengaluru Rural,3,2026-07-01,2026,7,FIR,Non-Heinous,Crimes Against Body,Assault,Charge Sheeted,13.28822,77.59375
2277,100050001202402277,Belagavi,1,2024-02-07,2024,2,FIR,Heinous,Crimes Against Body,Attempt to Murder,Charge Sheeted,15.87636,74.42511
2278,100060001202402278,Kalaburagi,1,2024-04-07,2024,4,PAR,Non-Heinous,Crimes Against Body,Attempt to Murder,Under Investigation,17.34184,76.93514
2279,100050002202302279,Belagavi,2,2023-09-11,2023,9,FIR,Non-Heinous,Crimes Against Body,Attempt to Murder,Undetected,15.80738,74.52022
2280,100030003202502280,Mysuru,3,2025-09-21,2025,9,FIR,Non-Heinous,Crimes Against Property,Dacoity,Charge Sheeted,12.25591,76.66627
2281,100040003202302281,Mangaluru (Dakshina Kannada),3,2023-02-04,2023,2,FIR,Non-Heinous,Crimes Against Property,Theft,Charge Sheeted,12.9346,74.79947
2282,100100003202502282,Shivamogga,3,2025-05-10,2025,5,FIR,Non-Heinous,Crimes Against Property,Theft,Charge Sheeted,13.89266,75.52708
2283,100030001202602283,Mysuru,1,2026-07-13,2026,7,FIR,Non-Heinous,Crimes Against Property,Theft,Closed,12.24024,76.69288
2284,100010001202402284,Bengaluru City,1,2024-09-22,2024,9,FIR,Heinous,Crimes Against Women,Dowry Harassment,Under Investigation,13.05442,77.52567
2285,100210003202602285,Koppal,3,2026-11-07,2026,11,FIR,Non-Heinous,Crimes Against Women,Domestic Violence,Under Investigation,15.42237,76.16838
2286,100020001202302286,Bengaluru Rural,1,2023-04-04,2023,4,FIR,Non-Heinous,Crimes Against Women,Domestic Violence,Closed,13.28775,77.54473
2287,100270003202302287,Bagalkot,3,2023-07-14,2023,7,FIR,Non-Heinous,Crimes Against Property,Theft,Charge Sheeted,16.19929,75.67218
2288,100020003202602288,Bengaluru Rural,3,2026-02-23,2026,2,FIR,Heinous,Crimes Against Body,Grievous Hurt,Closed,13.31503,77.58039
2289,100010001202602289,Bengaluru City,1,2026-06-10,2026,6,FIR,Heinous,Narcotics,NDPS Possession,Charge Sheeted,12.98549,77.64491
2290,100110003202202290,Davanagere,3,2022-05-04,2022,5,FIR,Non-Heinous,Economic Offences,Cheating,Closed,14.40317,76.05639
2291,100150003202502291,Chikkamagaluru,3,2025-09-24,2025,9,FIR,Non-Heinous,Crimes Against Women,Sexual Assault,Under Investigation,13.27667,75.75157
2292,100110003202502292,Davanagere,3,2025-01-25,2025,1,FIR,Non-Heinous,Crimes Against Property,Dacoity,Under Investigation,14.48973,75.89597
2293,100290003202602293,Gadag,3,2026-10-23,2026,10,PAR,Non-Heinous,Economic Offences,Forgery,Charge Sheeted,15.45878,75.59757
2294,100020004202402294,Bengaluru Rural,4,2024-02-06,2024,2,FIR,Non-Heinous,Crimes Against Property,Dacoity,Under Investigation,13.23883,77.505
2295,100260001202202295,Chikkaballapur,1,2022-06-04,2022,6,PAR,Non-Heinous,Crimes Against Property,Theft,Closed,13.55201,77.68158
2296,100110002202402296,Davanagere,2,2024-09-18,2024,9,FIR,Heinous,Crimes Against Body,Murder,Undetected,14.39125,75.97022
2297,100290001202502297,Gadag,1,2025-01-25,2025,1,FIR,Non-Heinous,Economic Offences,Cheating,Under Investigation,15.43421,75.59249
2298,100100003202402298,Shivamogga,3,2024-01-17,2024,1,FIR,Non-Heinous,Crimes Against Property,Theft,Under Investigation,14.00663,75.59765
2299,100110001202602299,Davanagere,1,2026-12-12,2026,12,FIR,Non-Heinous,Crimes Against Property,Burglary,False Case,14.51052,75.97027
2300,400030001202502300,Mysuru,1,2025-05-10,2025,5,UDR,Heinous,Crimes Against Women,Molestation,Under Investigation,12.33543,76.59674
2301,100170001202402301,Kolar,1,2024-07-07,2024,7,PAR,Non-Heinous,Economic Offences,Forgery,Closed,13.27025,78.14168
2302,100220004202402302,Yadgir,4,2024-08-13,2024,8,FIR,Non-Heinous,Crimes Against Property,Burglary,Closed,16.68654,77.14634
2303,100030003202402303,Mysuru,3,2024-04-09,2024,4,FIR,Non-Heinous,Cyber Crime,Identity Theft,Under Investigation,12.28192,76.66224
2304,100240003202602304,Kodagu,3,2026-02-13,2026,2,FIR,Non-Heinous,Crimes Against Property,Burglary,Under Investigation,12.28858,75.71573
2305,700160004202302305,Udupi,4,2023-04-04,2023,4,Zero FIR,Non-Heinous,Crimes Against Property,Robbery,Under Investigation,13.42661,74.79711
2306,100110001202402306,Davanagere,1,2024-10-13,2024,10,FIR,Non-Heinous,Crimes Against Body,Grievous Hurt,Under Investigation,14.4125,75.88008
2307,100050003202202307,Belagavi,3,2022-12-03,2022,12,FIR,Non-Heinous,Economic Offences,Cheating,False Case,15.73938,74.55891
2308,100150002202502308,Chikkamagaluru,2,2025-08-22,2025,8,FIR,Non-Heinous,Crimes Against Property,Burglary,Charge Sheeted,13.31511,75.71574
2309,100030002202402309,Mysuru,2,2024-05-19,2024,5,FIR,Non-Heinous,Crimes Against Property,Theft,Closed,12.26026,76.58956
2310,100060004202602310,Kalaburagi,4,2026-10-12,2026,10,PAR,Non-Heinous,Crimes Against Women,Domestic Violence,Charge Sheeted,17.34683,76.74576
2311,100220003202402311,Yadgir,3,2024-03-03,2024,3,FIR,Heinous,Crimes Against Women,Domestic Violence,Charge Sheeted,16.84411,77.03197
2312,100040001202402312,Mangaluru (Dakshina Kannada),1,2024-11-17,2024,11,FIR,Non-Heinous,Public Order,Unlawful Assembly,Under Investigation,12.8357,74.93156
2313,100040001202402313,Mangaluru (Dakshina Kannada),1,2024-03-02,2024,3,FIR,Non-Heinous,Economic Offences,Cheating,Under Investigation,12.85876,74.89807
2314,100080004202602314,Ballari,4,2026-08-06,2026,8,FIR,Non-Heinous,Economic Offences,Forgery,Under Investigation,15.00404,76.97292
2315,100010002202502315,Bengaluru City,2,2025-11-07,2025,11,FIR,Non-Heinous,Crimes Against Body,Grievous Hurt,Charge Sheeted,13.00232,77.53727
2316,100160004202502316,Udupi,4,2025-01-21,2025,1,PAR,Non-Heinous,Crimes Against Women,Sexual Assault,Charge Sheeted,13.33194,74.81911
2317,100190002202202317,Hassan,2,2022-12-08,2022,12,FIR,Non-Heinous,Economic Offences,Cheating,Closed,13.00868,76.14293
2318,100050001202502318,Belagavi,1,2025-08-04,2025,8,PAR,Heinous,Crimes Against Women,Molestation,Closed,15.77869,74.55667
2319,100070003202402319,Hubballi-Dharwad,3,2024-03-24,2024,3,FIR,Non-Heinous,Crimes Against Property,Robbery,Undetected,15.4523,75.1284
2320,100290001202602320,Gadag,1,2026-06-13,2026,6,FIR,Non-Heinous,Narcotics,NDPS Possession,Closed,15.37144,75.5623
2321,100220002202602321,Yadgir,2,2026-06-20,2026,6,FIR,Non-Heinous,Crimes Against Women,Dowry Harassment,Closed,16.81148,77.08561
2322,100040004202602322,Mangaluru (Dakshina Kannada),4,2026-02-14,2026,2,FIR,Non-Heinous,Crimes Against Property,Theft,Under Investigation,12.93548,74.80995
2323,100100004202402323,Shivamogga,4,2024-11-17,2024,11,FIR,Heinous,Crimes Against Women,Molestation,Under Investigation,14.03535,75.50565
2324,700280003202402324,Haveri,3,2024-05-21,2024,5,Zero FIR,Non-Heinous,Crimes Against Property,Theft,Charge Sheeted,14.80773,75.45334
2325,100070003202302325,Hubballi-Dharwad,3,2023-02-02,2023,2,FIR,Non-Heinous,Crimes Against Property,Burglary,Charge Sheeted,15.42501,75.08651
2326,100050001202302326,Belagavi,1,2023-01-19,2023,1,FIR,Non-Heinous,Crimes Against Property,Dacoity,Charge Sheeted,15.85831,74.45744
2327,100270003202502327,Bagalkot,3,2025-01-16,2025,1,FIR,Non-Heinous,Cyber Crime,Phishing,Charge Sheeted,16.19029,75.6367
2328,100060003202402328,Kalaburagi,3,2024-03-17,2024,3,FIR,Non-Heinous,Economic Offences,Criminal Breach of Trust,Charge Sheeted,17.26057,76.84467
2329,100020001202502329,Bengaluru Rural,1,2025-03-17,2025,3,FIR,Non-Heinous,Cyber Crime,Phishing,False Case,13.299,77.4711
2330,100070002202502330,Hubballi-Dharwad,2,2025-11-05,2025,11,FIR,Non-Heinous,Economic Offences,Forgery,False Case,15.29698,75.13808
2331,700060001202402331,Kalaburagi,1,2024-08-08,2024,8,Zero FIR,Non-Heinous,Crimes Against Women,Dowry Harassment,Under Investigation,17.33826,76.73222
2332,700010001202502332,Bengaluru City,1,2025-04-22,2025,4,Zero FIR,Non-Heinous,Economic Offences,Cheating,Undetected,13.07357,77.60237
2333,100070003202602333,Hubballi-Dharwad,3,2026-06-20,2026,6,FIR,Non-Heinous,Narcotics,NDPS Trafficking,Closed,15.29061,75.14829
2334,100040002202502334,Mangaluru (Dakshina Kannada),2,2025-06-11,2025,6,FIR,Non-Heinous,Cyber Crime,Phishing,Closed,12.96507,74.81252
2335,100130004202402335,Raichur,4,2024-07-26,2024,7,FIR,Non-Heinous,Cyber Crime,Online Fraud,Charge Sheeted,16.24745,77.26391
2336,700040002202502336,Mangaluru (Dakshina Kannada),2,2025-11-19,2025,11,Zero FIR,Non-Heinous,Economic Offences,Cheating,Under Investigation,12.93315,74.87085
2337,100050003202502337,Belagavi,3,2025-05-27,2025,5,FIR,Non-Heinous,Economic Offences,Cheating,Under Investigation,15.7757,74.3644
2338,100040001202302338,Mangaluru (Dakshina Kannada),1,2023-09-03,2023,9,FIR,Heinous,Crimes Against Body,Grievous Hurt,Under Investigation,12.93974,74.84421
2339,100240001202502339,Kodagu,1,2025-11-06,2025,11,FIR,Non-Heinous,Crimes Against Women,Dowry Harassment,Under Investigation,12.20744,75.76956
2340,100030004202302340,Mysuru,4,2023-12-26,2023,12,FIR,Non-Heinous,Crimes Against Property,Dacoity,Under Investigation,12.32878,76.68748
2341,100070003202202341,Hubballi-Dharwad,3,2022-11-17,2022,11,PAR,Non-Heinous,Crimes Against Property,Theft,Under Investigation,15.34268,75.12385
2342,100280003202302342,Haveri,3,2023-11-17,2023,11,FIR,Non-Heinous,Crimes Against Body,Grievous Hurt,Charge Sheeted,14.71717,75.45368
2343,100190004202202343,Hassan,4,2022-06-23,2022,6,FIR,Non-Heinous,Economic Offences,Criminal Breach of Trust,Undetected,13.01419,76.08878
2344,700190004202502344,Hassan,4,2025-01-20,2025,1,Zero FIR,Non-Heinous,Public Order,Unlawful Assembly,Charge Sheeted,13.07125,76.11136
2345,100160003202302345,Udupi,3,2023-08-21,2023,8,FIR,Non-Heinous,Crimes Against Property,Robbery,Charge Sheeted,13.35028,74.68268
2346,100190001202602346,Hassan,1,2026-11-11,2026,11,FIR,Heinous,Crimes Against Women,Dowry Harassment,False Case,12.89201,76.12202
2347,100160003202302347,Udupi,3,2023-10-12,2023,10,FIR,Non-Heinous,Crimes Against Property,Theft,Charge Sheeted,13.40346,74.73991
2348,100050001202602348,Belagavi,1,2026-01-03,2026,1,FIR,Non-Heinous,Crimes Against Property,Burglary,Charge Sheeted,15.93137,74.52288
2349,100250001202602349,Ramanagara,1,2026-07-22,2026,7,FIR,Non-Heinous,Crimes Against Body,Murder,Under Investigation,12.76086,77.33242
2350,100110003202302350,Davanagere,3,2023-04-22,2023,4,FIR,Non-Heinous,Crimes Against Property,Theft,Closed,14.61214,75.90961
2351,400010003202402351,Bengaluru City,3,2024-02-25,2024,2,UDR,Non-Heinous,Crimes Against Body,Murder,False Case,12.98973,77.6159
2352,100020002202202352,Bengaluru Rural,2,2022-08-09,2022,8,PAR,Non-Heinous,Crimes Against Body,Attempt to Murder,Charge Sheeted,13.28308,77.59902
2353,400230003202502353,Chamarajanagar,3,2025-04-13,2025,4,UDR,Non-Heinous,Crimes Against Women,Dowry Harassment,Under Investigation,11.92769,77.0957
2354,100170002202202354,Kolar,2,2022-06-15,2022,6,FIR,Non-Heinous,Crimes Against Body,Grievous Hurt,Closed,13.07201,78.12274
2355,400110001202402355,Davanagere,1,2024-12-27,2024,12,UDR,Heinous,Crimes Against Body,Attempt to Murder,Under Investigation,14.50469,76.00122
2356,100130004202202356,Raichur,4,2022-01-13,2022,1,FIR,Non-Heinous,Economic Offences,Forgery,False Case,16.21397,77.33155
2357,100010001202402357,Bengaluru City,1,2024-03-23,2024,3,FIR,Non-Heinous,Crimes Against Property,Burglary,Charge Sheeted,12.85196,77.61407
2358,100110001202202358,Davanagere,1,2022-12-18,2022,12,FIR,Heinous,Crimes Against Body,Murder,Undetected,14.39064,75.87873
2359,100050003202402359,Belagavi,3,2024-08-11,2024,8,FIR,Non-Heinous,Crimes Against Property,Burglary,Undetected,15.88483,74.43841
2360,100190002202502360,Hassan,2,2025-11-12,2025,11,FIR,Non-Heinous,Crimes Against Property,Burglary,Charge Sheeted,13.01365,76.11322
2361,100220001202602361,Yadgir,1,2026-12-16,2026,12,FIR,Non-Heinous,Crimes Against Women,Sexual Assault,Undetected,16.83682,77.08936
2362,100170002202502362,Kolar,2,2025-08-16,2025,8,FIR,Non-Heinous,Crimes Against Property,Dacoity,Closed,13.04755,78.03578
2363,100190003202602363,Hassan,3,2026-06-24,2026,6,FIR,Non-Heinous,Crimes Against Property,Burglary,Under Investigation,12.98663,76.10119
2364,100250001202602364,Ramanagara,1,2026-02-16,2026,2,PAR,Non-Heinous,Cyber Crime,Online Fraud,Closed,12.70984,77.26243
2365,100090004202502365,Tumakuru,4,2025-12-19,2025,12,FIR,Non-Heinous,Cyber Crime,Cyberstalking,Under Investigation,13.38177,77.07574
2366,100050002202502366,Belagavi,2,2025-02-27,2025,2,FIR,Heinous,Crimes Against Women,Molestation,Under Investigation,15.86396,74.44125
2367,100020003202402367,Bengaluru Rural,3,2024-08-04,2024,8,FIR,Non-Heinous,Public Order,Rioting,Under Investigation,13.3546,77.59978
2368,100250001202402368,Ramanagara,1,2024-12-27,2024,12,FIR,Non-Heinous,Crimes Against Property,Dacoity,Charge Sheeted,12.6532,77.32558
2369,100030001202302369,Mysuru,1,2023-07-03,2023,7,FIR,Non-Heinous,Economic Offences,Criminal Breach of Trust,Closed,12.4702,76.69362
2370,100090002202602370,Tumakuru,2,2026-09-16,2026,9,FIR,Non-Heinous,Crimes Against Body,Assault,Under Investigation,13.34509,77.07238
2371,100060004202402371,Kalaburagi,4,2024-01-20,2024,1,FIR,Non-Heinous,Crimes Against Women,Molestation,Closed,17.26579,76.70535
2372,700070002202502372,Hubballi-Dharwad,2,2025-04-05,2025,4,Zero FIR,Non-Heinous,Cyber Crime,Cyberstalking,Undetected,15.28779,75.10903
2373,400050003202602373,Belagavi,3,2026-06-07,2026,6,UDR,Non-Heinous,Crimes Against Body,Attempt to Murder,Charge Sheeted,15.78711,74.4688
2374,100140003202402374,Bidar,3,2024-02-16,2024,2,FIR,Heinous,Crimes Against Body,Murder,Charge Sheeted,17.91415,77.50941
2375,100010004202402375,Bengaluru City,4,2024-05-16,2024,5,FIR,Non-Heinous,Crimes Against Women,Sexual Assault,Undetected,12.95957,77.67588
2376,700250001202302376,Ramanagara,1,2023-09-16,2023,9,Zero FIR,Non-Heinous,Narcotics,NDPS Trafficking,False Case,12.80582,77.36788
2377,100120001202502377,Vijayapura,1,2025-09-10,2025,9,FIR,Non-Heinous,Economic Offences,Criminal Breach of Trust,Under Investigation,16.79859,75.65958
2378,100080004202402378,Ballari,4,2024-07-08,2024,7,FIR,Non-Heinous,Crimes Against Property,Theft,Charge Sheeted,15.10039,76.86105
2379,100120002202502379,Vijayapura,2,2025-03-01,2025,3,FIR,Non-Heinous,Crimes Against Property,Theft,False Case,16.86245,75.69696
2380,100040003202502380,Mangaluru (Dakshina Kannada),3,2025-04-09,2025,4,FIR,Non-Heinous,Crimes Against Women,Dowry Harassment,Undetected,12.87759,74.74731
2381,700020002202602381,Bengaluru Rural,2,2026-12-07,2026,12,Zero FIR,Non-Heinous,Cyber Crime,Online Fraud,Charge Sheeted,13.27602,77.61079
2382,100230003202402382,Chamarajanagar,3,2024-06-13,2024,6,FIR,Non-Heinous,Crimes Against Women,Dowry Harassment,Closed,11.9407,76.82937
2383,100020003202602383,Bengaluru Rural,3,2026-05-17,2026,5,FIR,Non-Heinous,Cyber Crime,Cyberstalking,Charge Sheeted,13.23172,77.48545
2384,100190004202502384,Hassan,4,2025-12-07,2025,12,FIR,Heinous,Crimes Against Women,Sexual Assault,Charge Sheeted,12.88773,76.09501
2385,400190003202602385,Hassan,3,2026-09-22,2026,9,UDR,Non-Heinous,Crimes Against Women,Sexual Assault,Closed,13.02302,76.02698
2386,100030003202202386,Mysuru,3,2022-07-15,2022,7,FIR,Non-Heinous,Crimes Against Women,Domestic Violence,Closed,12.32483,76.63821
2387,100110001202402387,Davanagere,1,2024-10-02,2024,10,FIR,Non-Heinous,Economic Offences,Criminal Breach of Trust,Undetected,14.53778,75.92036
2388,100010003202602388,Bengaluru City,3,2026-07-07,2026,7,FIR,Non-Heinous,Crimes Against Body,Assault,Under Investigation,12.97524,77.60981
2389,700130003202502389,Raichur,3,2025-06-05,2025,6,Zero FIR,Heinous,Crimes Against Women,Molestation,Undetected,16.2657,77.42747
2390,400170002202502390,Kolar,2,2025-07-09,2025,7,UDR,Non-Heinous,Crimes Against Property,Robbery,Charge Sheeted,13.08354,78.0152
2391,100240004202302391,Kodagu,4,2023-11-17,2023,11,FIR,Heinous,Crimes Against Body,Murder,False Case,12.3998,75.70573
2392,100050001202202392,Belagavi,1,2022-10-26,2022,10,FIR,Non-Heinous,Crimes Against Body,Grievous Hurt,False Case,15.93187,74.53536
2393,100190002202402393,Hassan,2,2024-07-11,2024,7,FIR,Non-Heinous,Crimes Against Body,Attempt to Murder,Charge Sheeted,13.04996,76.22449
2394,100250003202302394,Ramanagara,3,2023-01-15,2023,1,FIR,Non-Heinous,Crimes Against Property,Theft,Charge Sheeted,12.72708,77.24815
2395,100170003202602395,Kolar,3,2026-05-07,2026,5,FIR,Non-Heinous,Economic Offences,Cheating,Closed,13.17897,78.13997
2396,100010002202402396,Bengaluru City,2,2024-07-16,2024,7,FIR,Non-Heinous,Public Order,Unlawful Assembly,Undetected,12.94595,77.57177
2397,100250004202502397,Ramanagara,4,2025-02-05,2025,2,FIR,Non-Heinous,Cyber Crime,Online Fraud,Charge Sheeted,12.6607,77.33874
2398,100030004202202398,Mysuru,4,2022-11-24,2022,11,FIR,Non-Heinous,Public Order,Rioting,Closed,12.18521,76.60459
2399,100120001202302399,Vijayapura,1,2023-07-26,2023,7,FIR,Non-Heinous,Crimes Against Property,Theft,Under Investigation,16.77881,75.68958
2400,100150001202602400,Chikkamagaluru,1,2026-06-01,2026,6,FIR,Heinous,Crimes Against Body,Murder,Under Investigation,13.38533,75.6989
2401,100020003202202401,Bengaluru Rural,3,2022-08-21,2022,8,FIR,Non-Heinous,Public Order,Rioting,False Case,13.27368,77.53513
2402,400040003202402402,Mangaluru (Dakshina Kannada),3,2024-07-10,2024,7,UDR,Non-Heinous,Crimes Against Property,Burglary,Charge Sheeted,12.92974,74.92037
2403,100020003202602403,Bengaluru Rural,3,2026-12-13,2026,12,PAR,Non-Heinous,Crimes Against Property,Burglary,False Case,13.26482,77.5159
2404,100080002202502404,Ballari,2,2025-02-12,2025,2,FIR,Heinous,Narcotics,NDPS Possession,Closed,15.19691,76.8302
2405,100050003202402405,Belagavi,3,2024-10-23,2024,10,FIR,Non-Heinous,Crimes Against Women,Molestation,Closed,15.8891,74.46968
2406,100070003202402406,Hubballi-Dharwad,3,2024-12-22,2024,12,FIR,Non-Heinous,Cyber Crime,Cyberstalking,Under Investigation,15.31108,75.1223
2407,100020003202402407,Bengaluru Rural,3,2024-02-16,2024,2,FIR,Non-Heinous,Crimes Against Property,Robbery,Charge Sheeted,13.38266,77.54717
2408,100030003202402408,Mysuru,3,2024-07-24,2024,7,FIR,Non-Heinous,Crimes Against Body,Assault,Under Investigation,12.24209,76.60633
2409,700160004202502409,Udupi,4,2025-12-24,2025,12,Zero FIR,Non-Heinous,Cyber Crime,Phishing,Under Investigation,13.40825,74.65776
2410,100080003202502410,Ballari,3,2025-11-25,2025,11,PAR,Non-Heinous,Crimes Against Body,Attempt to Murder,Under Investigation,15.10687,76.85512
2411,100050002202302411,Belagavi,2,2023-08-25,2023,8,FIR,Non-Heinous,Crimes Against Women,Domestic Violence,Closed,15.79008,74.4521
2412,100130002202502412,Raichur,2,2025-09-22,2025,9,FIR,Non-Heinous,Economic Offences,Criminal Breach of Trust,Charge Sheeted,16.16188,77.44878
2413,700230003202502413,Chamarajanagar,3,2025-02-10,2025,2,Zero FIR,Non-Heinous,Economic Offences,Criminal Breach of Trust,Under Investigation,11.81559,76.88063
2414,100030004202502414,Mysuru,4,2025-09-11,2025,9,FIR,Non-Heinous,Crimes Against Property,Theft,Closed,12.31878,76.58271
2415,100020003202502415,Bengaluru Rural,3,2025-12-04,2025,12,FIR,Non-Heinous,Crimes Against Women,Sexual Assault,Under Investigation,13.26053,77.57738
2416,100230001202502416,Chamarajanagar,1,2025-04-23,2025,4,FIR,Heinous,Crimes Against Body,Murder,Charge Sheeted,11.87373,76.94123
2417,100020002202202417,Bengaluru Rural,2,2022-10-25,2022,10,FIR,Heinous,Crimes Against Women,Molestation,Closed,13.3084,77.47229
2418,100020003202402418,Bengaluru Rural,3,2024-09-24,2024,9,FIR,Heinous,Crimes Against Women,Domestic Violence,Undetected,13.20018,77.57238
2419,100010002202502419,Bengaluru City,2,2025-03-04,2025,3,FIR,Non-Heinous,Crimes Against Women,Dowry Harassment,Charge Sheeted,12.90574,77.59789
2420,700170004202302420,Kolar,4,2023-06-17,2023,6,Zero FIR,Non-Heinous,Economic Offences,Criminal Breach of Trust,Charge Sheeted,13.11953,78.16225
2421,100040001202502421,Mangaluru (Dakshina Kannada),1,2025-01-19,2025,1,FIR,Non-Heinous,Economic Offences,Forgery,Charge Sheeted,12.97966,74.83191
2422,100050004202302422,Belagavi,4,2023-09-21,2023,9,FIR,Non-Heinous,Economic Offences,Cheating,Closed,15.81437,74.45796
2423,100100001202402423,Shivamogga,1,2024-09-07,2024,9,FIR,Non-Heinous,Crimes Against Property,Burglary,Under Investigation,13.83197,75.58067
2424,100140003202602424,Bidar,3,2026-07-14,2026,7,PAR,Non-Heinous,Crimes Against Women,Sexual Assault,Charge Sheeted,17.90066,77.49455
2425,100240004202602425,Kodagu,4,2026-09-21,2026,9,FIR,Non-Heinous,Cyber Crime,Identity Theft,Charge Sheeted,12.24001,75.95503
2426,100250001202302426,Ramanagara,1,2023-02-12,2023,2,FIR,Non-Heinous,Crimes Against Property,Burglary,Under Investigation,12.68824,77.31317
2427,100010001202602427,Bengaluru City,1,2026-03-08,2026,3,FIR,Non-Heinous,Crimes Against Women,Sexual Assault,Closed,12.94216,77.53101
2428,100080002202402428,Ballari,2,2024-07-20,2024,7,FIR,Heinous,Crimes Against Body,Assault,Under Investigation,15.13363,76.96744
2429,100090001202602429,Tumakuru,1,2026-10-14,2026,10,FIR,Non-Heinous,Crimes Against Body,Assault,Under Investigation,13.37646,77.20601
2430,100020002202602430,Bengaluru Rural,2,2026-01-11,2026,1,FIR,Non-Heinous,Crimes Against Property,Theft,Charge Sheeted,13.34099,77.37925
2431,100250001202502431,Ramanagara,1,2025-05-08,2025,5,FIR,Non-Heinous,Economic Offences,Cheating,Under Investigation,12.69701,77.26602
2432,100230003202602432,Chamarajanagar,3,2026-04-06,2026,4,FIR,Non-Heinous,Crimes Against Women,Sexual Assault,Undetected,11.98621,77.00783
2433,100120004202202433,Vijayapura,4,2022-02-14,2022,2,FIR,Non-Heinous,Crimes Against Women,Molestation,Undetected,16.96958,75.6894
2434,100040002202602434,Mangaluru (Dakshina Kannada),2,2026-11-22,2026,11,FIR,Heinous,Crimes Against Women,Domestic Violence,Closed,12.93347,74.91864
2435,100250004202502435,Ramanagara,4,2025-06-08,2025,6,PAR,Non-Heinous,Crimes Against Property,Theft,False Case,12.63571,77.13692
2436,400160004202402436,Udupi,4,2024-01-26,2024,1,UDR,Non-Heinous,Crimes Against Property,Robbery,Charge Sheeted,13.35808,74.75072
2437,100110002202402437,Davanagere,2,2024-11-12,2024,11,FIR,Non-Heinous,Economic Offences,Forgery,Under Investigation,14.41041,75.96484
2438,100090003202402438,Tumakuru,3,2024-12-17,2024,12,FIR,Heinous,Crimes Against Body,Attempt to Murder,Charge Sheeted,13.36171,77.07503
2439,100050003202602439,Belagavi,3,2026-11-06,2026,11,FIR,Non-Heinous,Crimes Against Women,Domestic Violence,Under Investigation,15.979,74.57837
2440,100100001202602440,Shivamogga,1,2026-12-12,2026,12,FIR,Non-Heinous,Crimes Against Property,Burglary,Charge Sheeted,13.971,75.48412
2441,100110004202302441,Davanagere,4,2023-01-26,2023,1,FIR,Non-Heinous,Crimes Against Body,Grievous Hurt,Charge Sheeted,14.51123,75.88763
2442,100030002202402442,Mysuru,2,2024-05-01,2024,5,FIR,Heinous,Crimes Against Body,Attempt to Murder,Charge Sheeted,12.33131,76.6417
2443,100030003202202443,Mysuru,3,2022-05-05,2022,5,FIR,Non-Heinous,Economic Offences,Criminal Breach of Trust,Closed,12.19121,76.5716
2444,100220003202602444,Yadgir,3,2026-07-03,2026,7,FIR,Non-Heinous,Economic Offences,Criminal Breach of Trust,Under Investigation,16.86284,77.1347
2445,100070002202502445,Hubballi-Dharwad,2,2025-04-26,2025,4,FIR,Non-Heinous,Crimes Against Property,Robbery,Charge Sheeted,15.40191,75.05242
2446,100280002202402446,Haveri,2,2024-02-03,2024,2,PAR,Non-Heinous,Crimes Against Property,Theft,Closed,14.77586,75.49234
2447,100020001202602447,Bengaluru Rural,1,2026-04-23,2026,4,FIR,Non-Heinous,Crimes Against Women,Sexual Assault,Under Investigation,13.25863,77.47091
2448,100030001202202448,Mysuru,1,2022-05-14,2022,5,FIR,Non-Heinous,Crimes Against Property,Dacoity,Undetected,12.26487,76.65647
2449,100030002202202449,Mysuru,2,2022-06-11,2022,6,FIR,Heinous,Crimes Against Body,Murder,False Case,12.37028,76.58461
2450,100260004202402450,Chikkaballapur,4,2024-04-09,2024,4,FIR,Non-Heinous,Crimes Against Property,Robbery,Closed,13.48362,77.72825
2451,100050003202502451,Belagavi,3,2025-01-04,2025,1,PAR,Non-Heinous,Crimes Against Property,Burglary,Under Investigation,15.91058,74.50453
2452,100220001202502452,Yadgir,1,2025-01-26,2025,1,FIR,Heinous,Crimes Against Body,Murder,Charge Sheeted,16.75927,77.05519
2453,100040003202502453,Mangaluru (Dakshina Kannada),3,2025-09-20,2025,9,FIR,Heinous,Crimes Against Women,Sexual Assault,Closed,12.95119,74.8444
2454,100250004202402454,Ramanagara,4,2024-09-03,2024,9,FIR,Heinous,Crimes Against Body,Murder,Under Investigation,12.7744,77.28925
2455,400030003202502455,Mysuru,3,2025-06-17,2025,6,UDR,Heinous,Crimes Against Body,Attempt to Murder,Charge Sheeted,12.34685,76.64991
2456,100040002202302456,Mangaluru (Dakshina Kannada),2,2023-04-11,2023,4,PAR,Non-Heinous,Crimes Against Property,Burglary,Closed,12.80347,74.84162
2457,100030004202602457,Mysuru,4,2026-07-25,2026,7,FIR,Heinous,Narcotics,NDPS Trafficking,Closed,12.2068,76.69929
2458,400060001202602458,Kalaburagi,1,2026-12-21,2026,12,UDR,Non-Heinous,Crimes Against Property,Dacoity,Under Investigation,17.2505,76.93035
2459,100230003202502459,Chamarajanagar,3,2025-12-19,2025,12,FIR,Heinous,Narcotics,NDPS Possession,Closed,11.93697,76.98876
2460,100240001202402460,Kodagu,1,2024-07-10,2024,7,FIR,Non-Heinous,Crimes Against Women,Domestic Violence,Charge Sheeted,12.35086,75.82378
2461,100120004202302461,Vijayapura,4,2023-12-26,2023,12,FIR,Heinous,Crimes Against Women,Sexual Assault,Under Investigation,16.87553,75.72215
2462,100140001202602462,Bidar,1,2026-01-26,2026,1,FIR,Non-Heinous,Public Order,Rioting,False Case,17.93587,77.57418
2463,100050002202402463,Belagavi,2,2024-12-25,2024,12,FIR,Non-Heinous,Economic Offences,Criminal Breach of Trust,Charge Sheeted,15.8613,74.50773
2464,100080002202602464,Ballari,2,2026-12-15,2026,12,FIR,Non-Heinous,Cyber Crime,Identity Theft,Closed,15.22896,76.93899
2465,100240001202602465,Kodagu,1,2026-08-01,2026,8,PAR,Non-Heinous,Cyber Crime,Online Fraud,Charge Sheeted,12.27575,75.8036
2466,100020004202202466,Bengaluru Rural,4,2022-04-04,2022,4,FIR,Heinous,Narcotics,NDPS Possession,Closed,13.29596,77.5167
2467,400010003202602467,Bengaluru City,3,2026-03-22,2026,3,UDR,Non-Heinous,Public Order,Rioting,Charge Sheeted,12.9382,77.57444
2468,100050002202302468,Belagavi,2,2023-01-27,2023,1,FIR,Non-Heinous,Crimes Against Women,Dowry Harassment,Under Investigation,15.85233,74.46487
2469,100050001202402469,Belagavi,1,2024-05-15,2024,5,FIR,Non-Heinous,Narcotics,NDPS Possession,Charge Sheeted,15.91005,74.53221
2470,100050002202502470,Belagavi,2,2025-05-01,2025,5,FIR,Non-Heinous,Economic Offences,Criminal Breach of Trust,Charge Sheeted,15.83627,74.47528
2471,100250001202502471,Ramanagara,1,2025-12-26,2025,12,FIR,Non-Heinous,Economic Offences,Criminal Breach of Trust,Under Investigation,12.7911,77.28642
2472,100140001202302472,Bidar,1,2023-09-01,2023,9,FIR,Non-Heinous,Crimes Against Women,Domestic Violence,Under Investigation,17.87286,77.55357
2473,100190003202302473,Hassan,3,2023-02-02,2023,2,FIR,Non-Heinous,Crimes Against Women,Dowry Harassment,False Case,13.0159,76.12413
2474,100110001202502474,Davanagere,1,2025-06-07,2025,6,FIR,Non-Heinous,Crimes Against Women,Molestation,Undetected,14.4519,76.0185
2475,100050001202302475,Belagavi,1,2023-03-25,2023,3,FIR,Non-Heinous,Economic Offences,Forgery,Under Investigation,15.79731,74.44111
2476,100070004202602476,Hubballi-Dharwad,4,2026-08-03,2026,8,FIR,Non-Heinous,Crimes Against Property,Burglary,Charge Sheeted,15.47947,75.1361
2477,400010003202402477,Bengaluru City,3,2024-09-04,2024,9,UDR,Heinous,Crimes Against Body,Attempt to Murder,Charge Sheeted,12.93513,77.71646
2478,100050003202502478,Belagavi,3,2025-06-08,2025,6,FIR,Non-Heinous,Crimes Against Women,Dowry Harassment,Under Investigation,15.69316,74.50822
2479,700080002202202479,Ballari,2,2022-02-05,2022,2,Zero FIR,Heinous,Crimes Against Women,Dowry Harassment,Charge Sheeted,15.15471,76.91055
2480,100190004202402480,Hassan,4,2024-01-05,2024,1,FIR,Heinous,Crimes Against Women,Domestic Violence,Under Investigation,13.06112,76.05918
2481,100190003202202481,Hassan,3,2022-02-10,2022,2,PAR,Non-Heinous,Crimes Against Body,Grievous Hurt,Charge Sheeted,13.075,76.13348
2482,100140004202202482,Bidar,4,2022-07-07,2022,7,FIR,Heinous,Crimes Against Women,Domestic Violence,Under Investigation,17.92966,77.60321
2483,100290001202502483,Gadag,1,2025-10-18,2025,10,FIR,Non-Heinous,Crimes Against Body,Attempt to Murder,Under Investigation,15.57558,75.63843
2484,100240001202202484,Kodagu,1,2022-06-03,2022,6,FIR,Non-Heinous,Narcotics,NDPS Trafficking,Charge Sheeted,12.35509,75.76569
2485,100020001202602485,Bengaluru Rural,1,2026-10-08,2026,10,FIR,Heinous,Crimes Against Women,Sexual Assault,Charge Sheeted,13.21379,77.64852
2486,100170002202602486,Kolar,2,2026-10-16,2026,10,FIR,Non-Heinous,Crimes Against Women,Molestation,Charge Sheeted,13.13176,78.1393
2487,100240003202502487,Kodagu,3,2025-05-14,2025,5,FIR,Non-Heinous,Crimes Against Property,Robbery,Charge Sheeted,12.211,75.76529
2488,100230004202402488,Chamarajanagar,4,2024-09-04,2024,9,FIR,Non-Heinous,Crimes Against Property,Burglary,Under Investigation,12.08588,77.08231
2489,100050003202602489,Belagavi,3,2026-04-11,2026,4,FIR,Non-Heinous,Crimes Against Women,Domestic Violence,Under Investigation,15.76331,74.55407
2490,100040003202502490,Mangaluru (Dakshina Kannada),3,2025-06-20,2025,6,FIR,Non-Heinous,Crimes Against Property,Robbery,False Case,12.87651,74.86099
2491,100050004202402491,Belagavi,4,2024-01-17,2024,1,FIR,Heinous,Crimes Against Body,Attempt to Murder,Charge Sheeted,15.85527,74.47735
2492,100240001202502492,Kodagu,1,2025-06-18,2025,6,FIR,Non-Heinous,Crimes Against Property,Dacoity,Charge Sheeted,12.30284,75.75877
2493,100240004202502493,Kodagu,4,2025-12-15,2025,12,FIR,Non-Heinous,Crimes Against Property,Burglary,False Case,12.39558,75.77052
2494,100180001202302494,Mandya,1,2023-07-25,2023,7,FIR,Non-Heinous,Crimes Against Women,Domestic Violence,Charge Sheeted,12.62832,76.80398
2495,100040004202502495,Mangaluru (Dakshina Kannada),4,2025-11-14,2025,11,FIR,Non-Heinous,Crimes Against Women,Dowry Harassment,Charge Sheeted,12.99199,74.7953
2496,400070003202402496,Hubballi-Dharwad,3,2024-12-05,2024,12,UDR,Non-Heinous,Crimes Against Women,Dowry Harassment,Charge Sheeted,15.36835,75.15582
2497,100060001202602497,Kalaburagi,1,2026-12-25,2026,12,FIR,Non-Heinous,Crimes Against Women,Sexual Assault,Closed,17.3251,76.81333
2498,700100001202602498,Shivamogga,1,2026-08-20,2026,8,Zero FIR,Heinous,Crimes Against Body,Attempt to Murder,Closed,13.97399,75.48768
2499,700030003202502499,Mysuru,3,2025-04-04,2025,4,Zero FIR,Non-Heinous,Economic Offences,Cheating,Closed,12.35005,76.69221
2500,100050003202502500,Belagavi,3,2025-05-21,2025,5,FIR,Non-Heinous,Crimes Against Property,Robbery,False Case,15.88467,74.52017
2501,100230004202602501,Chamarajanagar,4,2026-03-18,2026,3,FIR,Non-Heinous,Crimes Against Property,Theft,Closed,11.89947,76.9717
2502,100020002202502502,Bengaluru Rural,2,2025-05-02,2025,5,FIR,Non-Heinous,Cyber Crime,Identity Theft,Closed,13.28203,77.52439
2503,100230004202502503,Chamarajanagar,4,2025-07-25,2025,7,FIR,Non-Heinous,Crimes Against Property,Dacoity,Under Investigation,11.9506,76.93384
2504,100190002202602504,Hassan,2,2026-09-10,2026,9,FIR,Non-Heinous,Narcotics,NDPS Trafficking,Charge Sheeted,13.14303,76.02841
2505,100080003202302505,Ballari,3,2023-06-07,2023,6,FIR,Non-Heinous,Economic Offences,Cheating,Under Investigation,15.12562,76.80538
2506,100050003202302506,Belagavi,3,2023-09-10,2023,9,FIR,Heinous,Narcotics,NDPS Possession,Charge Sheeted,15.77952,74.44455
2507,100010004202502507,Bengaluru City,4,2025-11-18,2025,11,FIR,Non-Heinous,Economic Offences,Cheating,Under Investigation,12.87763,77.52294
2508,100020002202302508,Bengaluru Rural,2,2023-04-26,2023,4,FIR,Non-Heinous,Crimes Against Body,Assault,Charge Sheeted,13.21877,77.54604
2509,100240001202602509,Kodagu,1,2026-10-23,2026,10,FIR,Non-Heinous,Crimes Against Property,Theft,Charge Sheeted,12.3426,75.75099
2510,100050003202202510,Belagavi,3,2022-09-18,2022,9,FIR,Non-Heinous,Economic Offences,Forgery,Charge Sheeted,15.85756,74.48536
2511,100020003202502511,Bengaluru Rural,3,2025-02-02,2025,2,FIR,Non-Heinous,Crimes Against Property,Dacoity,Under Investigation,13.27914,77.53184
2512,100050001202602512,Belagavi,1,2026-03-17,2026,3,FIR,Heinous,Crimes Against Women,Sexual Assault,Under Investigation,15.95444,74.53058
2513,100090003202602513,Tumakuru,3,2026-03-12,2026,3,FIR,Non-Heinous,Crimes Against Property,Theft,Charge Sheeted,13.45196,77.09345
2514,100050003202602514,Belagavi,3,2026-02-22,2026,2,FIR,Heinous,Crimes Against Women,Dowry Harassment,Charge Sheeted,15.86268,74.59109
2515,100070004202202515,Hubballi-Dharwad,4,2022-03-14,2022,3,FIR,Non-Heinous,Crimes Against Property,Theft,Charge Sheeted,15.42855,75.1334
2516,100250003202402516,Ramanagara,3,2024-06-01,2024,6,FIR,Non-Heinous,Crimes Against Body,Grievous Hurt,Charge Sheeted,12.78414,77.26373
2517,100230003202202517,Chamarajanagar,3,2022-02-20,2022,2,FIR,Non-Heinous,Crimes Against Body,Murder,Under Investigation,11.9524,76.97698
2518,100060001202302518,Kalaburagi,1,2023-09-24,2023,9,FIR,Non-Heinous,Cyber Crime,Online Fraud,Charge Sheeted,17.34586,76.88331
2519,100090003202202519,Tumakuru,3,2022-02-20,2022,2,FIR,Non-Heinous,Crimes Against Property,Burglary,Closed,13.31564,77.05894
2520,100140001202402520,Bidar,1,2024-05-20,2024,5,FIR,Non-Heinous,Crimes Against Body,Murder,Under Investigation,17.96739,77.42964
2521,100040003202202521,Mangaluru (Dakshina Kannada),3,2022-07-14,2022,7,PAR,Non-Heinous,Crimes Against Property,Dacoity,Charge Sheeted,12.83304,74.88076
2522,100150002202502522,Chikkamagaluru,2,2025-07-05,2025,7,FIR,Non-Heinous,Crimes Against Property,Theft,Under Investigation,13.31374,75.76215
2523,100020001202402523,Bengaluru Rural,1,2024-02-12,2024,2,FIR,Non-Heinous,Cyber Crime,Cyberstalking,Under Investigation,13.34457,77.5643
2524,700040003202502524,Mangaluru (Dakshina Kannada),3,2025-06-20,2025,6,Zero FIR,Non-Heinous,Crimes Against Women,Molestation,Under Investigation,12.84532,74.98813
2525,100050001202502525,Belagavi,1,2025-06-19,2025,6,FIR,Non-Heinous,Crimes Against Property,Theft,Charge Sheeted,15.86794,74.49168
2526,100250003202602526,Ramanagara,3,2026-03-09,2026,3,FIR,Heinous,Crimes Against Body,Grievous Hurt,Under Investigation,12.64407,77.32724
2527,100050002202602527,Belagavi,2,2026-09-05,2026,9,FIR,Non-Heinous,Crimes Against Property,Dacoity,Charge Sheeted,15.90402,74.49086
2528,700140001202502528,Bidar,1,2025-10-22,2025,10,Zero FIR,Non-Heinous,Economic Offences,Cheating,Charge Sheeted,17.90021,77.54824
2529,100050001202502529,Belagavi,1,2025-03-23,2025,3,FIR,Non-Heinous,Cyber Crime,Identity Theft,Undetected,15.87024,74.57654
2530,100030002202402530,Mysuru,2,2024-09-04,2024,9,FIR,Non-Heinous,Crimes Against Property,Robbery,Charge Sheeted,12.31407,76.63377
2531,700240001202402531,Kodagu,1,2024-02-11,2024,2,Zero FIR,Non-Heinous,Crimes Against Women,Dowry Harassment,Closed,12.22838,75.80892
2532,100050002202302532,Belagavi,2,2023-12-08,2023,12,FIR,Non-Heinous,Economic Offences,Criminal Breach of Trust,Under Investigation,15.81222,74.57971
2533,100050003202602533,Belagavi,3,2026-11-06,2026,11,FIR,Heinous,Crimes Against Body,Assault,Closed,15.83495,74.45518
2534,100150001202402534,Chikkamagaluru,1,2024-03-15,2024,3,FIR,Heinous,Narcotics,NDPS Possession,Closed,13.30195,75.77729
2535,100070002202402535,Hubballi-Dharwad,2,2024-01-20,2024,1,PAR,Non-Heinous,Cyber Crime,Cyberstalking,Closed,15.1822,75.13533
2536,100250002202202536,Ramanagara,2,2022-10-27,2022,10,PAR,Non-Heinous,Crimes Against Women,Domestic Violence,Undetected,12.63281,77.26188
2537,400070004202602537,Hubballi-Dharwad,4,2026-07-06,2026,7,UDR,Non-Heinous,Economic Offences,Criminal Breach of Trust,Charge Sheeted,15.36514,75.14343
2538,400130003202302538,Raichur,3,2023-01-22,2023,1,UDR,Heinous,Crimes Against Women,Sexual Assault,Charge Sheeted,16.24436,77.38457
2539,100020002202302539,Bengaluru Rural,2,2023-06-20,2023,6,FIR,Non-Heinous,Crimes Against Property,Burglary,Charge Sheeted,13.28841,77.64654
2540,100050004202502540,Belagavi,4,2025-10-16,2025,10,FIR,Heinous,Crimes Against Women,Molestation,Under Investigation,15.84199,74.35472
2541,100020004202302541,Bengaluru Rural,4,2023-03-21,2023,3,FIR,Non-Heinous,Crimes Against Women,Sexual Assault,Under Investigation,13.31486,77.56312
2542,100130002202602542,Raichur,2,2026-03-12,2026,3,PAR,Heinous,Crimes Against Body,Grievous Hurt,Charge Sheeted,16.29624,77.42011
2543,100020003202402543,Bengaluru Rural,3,2024-01-27,2024,1,FIR,Heinous,Crimes Against Body,Murder,Charge Sheeted,13.26476,77.55465
2544,100040002202202544,Mangaluru (Dakshina Kannada),2,2022-01-04,2022,1,FIR,Non-Heinous,Crimes Against Body,Grievous Hurt,Charge Sheeted,12.8682,74.89977
2545,100240002202202545,Kodagu,2,2022-02-18,2022,2,FIR,Non-Heinous,Economic Offences,Forgery,Under Investigation,12.35976,75.80057
2546,100050002202502546,Belagavi,2,2025-01-19,2025,1,FIR,Non-Heinous,Economic Offences,Criminal Breach of Trust,Charge Sheeted,15.91681,74.5364
2547,100040004202502547,Mangaluru (Dakshina Kannada),4,2025-09-27,2025,9,FIR,Non-Heinous,Crimes Against Property,Theft,Charge Sheeted,12.88068,74.88303
2548,100140003202402548,Bidar,3,2024-09-12,2024,9,FIR,Heinous,Crimes Against Body,Attempt to Murder,False Case,18.10892,77.50375
2549,100090001202502549,Tumakuru,1,2025-10-03,2025,10,FIR,Heinous,Crimes Against Body,Murder,Under Investigation,13.39927,77.08583
2550,100050002202502550,Belagavi,2,2025-11-02,2025,11,FIR,Non-Heinous,Crimes Against Body,Assault,Undetected,15.84684,74.38115
2551,100090001202402551,Tumakuru,1,2024-12-13,2024,12,FIR,Non-Heinous,Crimes Against Property,Robbery,Closed,13.28778,77.14531
2552,100030003202602552,Mysuru,3,2026-09-24,2026,9,FIR,Non-Heinous,Public Order,Unlawful Assembly,Closed,12.3279,76.5357
2553,100240003202502553,Kodagu,3,2025-05-13,2025,5,FIR,Non-Heinous,Crimes Against Body,Grievous Hurt,Closed,12.3678,75.79823
2554,100020002202302554,Bengaluru Rural,2,2023-04-11,2023,4,FIR,Non-Heinous,Crimes Against Women,Dowry Harassment,Under Investigation,13.12865,77.53374
2555,100140003202202555,Bidar,3,2022-12-03,2022,12,FIR,Non-Heinous,Cyber Crime,Identity Theft,Charge Sheeted,17.95613,77.51223
2556,100050004202402556,Belagavi,4,2024-07-06,2024,7,FIR,Non-Heinous,Crimes Against Women,Dowry Harassment,Under Investigation,15.79687,74.44968
2557,100280002202602557,Haveri,2,2026-12-11,2026,12,FIR,Non-Heinous,Crimes Against Body,Attempt to Murder,Charge Sheeted,14.72893,75.42769
2558,100050004202202558,Belagavi,4,2022-04-05,2022,4,PAR,Heinous,Crimes Against Women,Molestation,Closed,15.90095,74.52079
2559,100190003202202559,Hassan,3,2022-09-02,2022,9,FIR,Heinous,Crimes Against Women,Sexual Assault,Under Investigation,12.97012,76.15931
2560,700010004202302560,Bengaluru City,4,2023-04-06,2023,4,Zero FIR,Non-Heinous,Crimes Against Body,Assault,Under Investigation,13.02217,77.65227
2561,100030002202602561,Mysuru,2,2026-01-12,2026,1,FIR,Heinous,Crimes Against Women,Sexual Assault,Closed,12.40428,76.72545
2562,100030004202602562,Mysuru,4,2026-03-20,2026,3,FIR,Non-Heinous,Crimes Against Property,Dacoity,Charge Sheeted,12.2688,76.58926
2563,100050004202302563,Belagavi,4,2023-11-09,2023,11,FIR,Non-Heinous,Crimes Against Women,Domestic Violence,Under Investigation,15.81486,74.49016
2564,400050001202502564,Belagavi,1,2025-08-07,2025,8,UDR,Non-Heinous,Crimes Against Women,Dowry Harassment,Charge Sheeted,15.86837,74.49704
2565,100010003202202565,Bengaluru City,3,2022-01-12,2022,1,FIR,Non-Heinous,Crimes Against Body,Murder,Under Investigation,12.95124,77.58383
2566,100230001202602566,Chamarajanagar,1,2026-01-22,2026,1,FIR,Non-Heinous,Cyber Crime,Identity Theft,Under Investigation,11.90556,76.95165
2567,100250003202202567,Ramanagara,3,2022-09-02,2022,9,FIR,Heinous,Crimes Against Body,Assault,Closed,12.63195,77.26325
2568,100050001202302568,Belagavi,1,2023-06-02,2023,6,FIR,Non-Heinous,Crimes Against Property,Burglary,Charge Sheeted,15.84746,74.58764
2569,100050002202302569,Belagavi,2,2023-07-24,2023,7,FIR,Non-Heinous,Crimes Against Property,Burglary,Under Investigation,15.79946,74.56196
2570,100110001202302570,Davanagere,1,2023-08-15,2023,8,FIR,Non-Heinous,Cyber Crime,Cyberstalking,Under Investigation,14.50055,75.81073
2571,100110002202302571,Davanagere,2,2023-10-16,2023,10,FIR,Non-Heinous,Crimes Against Property,Burglary,Undetected,14.52507,75.80247
2572,100240004202502572,Kodagu,4,2025-09-08,2025,9,FIR,Non-Heinous,Crimes Against Property,Dacoity,Charge Sheeted,12.38637,75.64276
2573,100040004202302573,Mangaluru (Dakshina Kannada),4,2023-09-19,2023,9,PAR,Non-Heinous,Crimes Against Body,Attempt to Murder,Undetected,12.85018,74.95233
2574,100070004202502574,Hubballi-Dharwad,4,2025-01-01,2025,1,FIR,Non-Heinous,Narcotics,NDPS Trafficking,False Case,15.35882,75.11134
2575,100240003202502575,Kodagu,3,2025-05-15,2025,5,FIR,Non-Heinous,Cyber Crime,Identity Theft,Closed,12.40998,75.83099
2576,400210003202502576,Koppal,3,2025-12-07,2025,12,UDR,Non-Heinous,Narcotics,NDPS Trafficking,Charge Sheeted,15.32398,76.16407
2577,100020002202302577,Bengaluru Rural,2,2023-03-17,2023,3,FIR,Non-Heinous,Crimes Against Women,Molestation,Undetected,13.35304,77.52032
2578,400030003202502578,Mysuru,3,2025-08-04,2025,8,UDR,Heinous,Crimes Against Body,Attempt to Murder,Undetected,12.32803,76.60359
2579,100110003202402579,Davanagere,3,2024-07-24,2024,7,FIR,Non-Heinous,Crimes Against Property,Robbery,Closed,14.41683,75.91767
2580,100050001202302580,Belagavi,1,2023-07-16,2023,7,FIR,Non-Heinous,Crimes Against Women,Domestic Violence,Closed,15.79875,74.5378
2581,100240001202502581,Kodagu,1,2025-06-08,2025,6,FIR,Non-Heinous,Narcotics,NDPS Possession,Charge Sheeted,12.26855,75.87026
2582,100010003202202582,Bengaluru City,3,2022-05-26,2022,5,FIR,Non-Heinous,Crimes Against Property,Burglary,Charge Sheeted,12.99796,77.58224
2583,100040002202602583,Mangaluru (Dakshina Kannada),2,2026-10-23,2026,10,FIR,Non-Heinous,Crimes Against Property,Theft,Charge Sheeted,12.85128,74.92545
2584,100010004202202584,Bengaluru City,4,2022-12-23,2022,12,FIR,Non-Heinous,Crimes Against Property,Dacoity,Closed,12.95337,77.62658
2585,100090002202202585,Tumakuru,2,2022-02-07,2022,2,FIR,Non-Heinous,Crimes Against Property,Theft,Closed,13.36461,77.13574
2586,700190001202202586,Hassan,1,2022-10-26,2022,10,Zero FIR,Non-Heinous,Cyber Crime,Identity Theft,Under Investigation,13.0073,75.97688
2587,100020003202502587,Bengaluru Rural,3,2025-04-19,2025,4,FIR,Non-Heinous,Public Order,Unlawful Assembly,Charge Sheeted,13.26847,77.56978
2588,100250004202502588,Ramanagara,4,2025-07-08,2025,7,FIR,Heinous,Crimes Against Women,Molestation,Closed,12.80614,77.29774
2589,100180003202202589,Mandya,3,2022-03-20,2022,3,PAR,Non-Heinous,Crimes Against Property,Robbery,Undetected,12.47582,76.90083
2590,100060002202302590,Kalaburagi,2,2023-06-02,2023,6,PAR,Non-Heinous,Crimes Against Women,Molestation,False Case,17.3051,76.8075
2591,100210004202302591,Koppal,4,2023-09-27,2023,9,FIR,Non-Heinous,Economic Offences,Forgery,False Case,15.41977,76.23832
2592,100050001202402592,Belagavi,1,2024-10-17,2024,10,FIR,Non-Heinous,Crimes Against Property,Theft,Closed,15.80941,74.50161
2593,100130002202402593,Raichur,2,2024-01-25,2024,1,FIR,Heinous,Crimes Against Body,Assault,Under Investigation,16.16532,77.47229
2594,100230002202302594,Chamarajanagar,2,2023-05-23,2023,5,FIR,Non-Heinous,Crimes Against Body,Assault,Charge Sheeted,11.98029,76.91662
2595,100060001202302595,Kalaburagi,1,2023-03-21,2023,3,FIR,Non-Heinous,Economic Offences,Cheating,Under Investigation,17.37919,76.82133
2596,100030003202402596,Mysuru,3,2024-04-13,2024,4,FIR,Non-Heinous,Crimes Against Property,Burglary,Charge Sheeted,12.3317,76.59993
2597,100120002202202597,Vijayapura,2,2022-07-20,2022,7,FIR,Non-Heinous,Crimes Against Property,Dacoity,Charge Sheeted,16.85394,75.80693
2598,100110003202502598,Davanagere,3,2025-10-22,2025,10,FIR,Non-Heinous,Public Order,Unlawful Assembly,Charge Sheeted,14.42749,75.88872
2599,700160004202402599,Udupi,4,2024-03-14,2024,3,Zero FIR,Heinous,Crimes Against Body,Murder,Under Investigation,13.3876,74.82007
2600,100010004202502600,Bengaluru City,4,2025-08-21,2025,8,PAR,Non-Heinous,Economic Offences,Criminal Breach of Trust,Under Investigation,12.94331,77.55603
2601,100250004202602601,Ramanagara,4,2026-03-18,2026,3,FIR,Heinous,Crimes Against Body,Grievous Hurt,Closed,12.69499,77.26089
2602,100030004202302602,Mysuru,4,2023-04-14,2023,4,FIR,Heinous,Crimes Against Women,Molestation,Under Investigation,12.28523,76.58309
2603,700050002202602603,Belagavi,2,2026-04-16,2026,4,Zero FIR,Heinous,Crimes Against Body,Attempt to Murder,Under Investigation,15.7364,74.50765
2604,700220003202202604,Yadgir,3,2022-08-05,2022,8,Zero FIR,Non-Heinous,Crimes Against Property,Theft,Charge Sheeted,16.64299,77.13499
2605,100140001202202605,Bidar,1,2022-02-13,2022,2,FIR,Heinous,Crimes Against Body,Attempt to Murder,Under Investigation,17.89225,77.47791
2606,100280003202502606,Haveri,3,2025-11-16,2025,11,FIR,Heinous,Crimes Against Body,Assault,Charge Sheeted,14.738,75.32739
2607,100130001202202607,Raichur,1,2022-08-14,2022,8,FIR,Non-Heinous,Public Order,Rioting,Under Investigation,16.18669,77.33139
2608,100040003202302608,Mangaluru (Dakshina Kannada),3,2023-05-01,2023,5,FIR,Heinous,Crimes Against Body,Murder,Charge Sheeted,13.00415,74.88297
2609,100270002202502609,Bagalkot,2,2025-03-23,2025,3,FIR,Non-Heinous,Crimes Against Property,Dacoity,Under Investigation,16.18124,75.66149
2610,400080001202302610,Ballari,1,2023-09-10,2023,9,UDR,Non-Heinous,Economic Offences,Forgery,Under Investigation,15.12915,76.80037
2611,100010001202502611,Bengaluru City,1,2025-02-26,2025,2,FIR,Non-Heinous,Economic Offences,Cheating,Charge Sheeted,12.98999,77.59359
2612,100250003202602612,Ramanagara,3,2026-10-19,2026,10,FIR,Non-Heinous,Crimes Against Women,Molestation,Charge Sheeted,12.721,77.27657
2613,100130003202202613,Raichur,3,2022-10-16,2022,10,FIR,Non-Heinous,Economic Offences,Cheating,Charge Sheeted,16.18629,77.23084
2614,100090001202602614,Tumakuru,1,2026-04-04,2026,4,FIR,Non-Heinous,Economic Offences,Criminal Breach of Trust,Undetected,13.36734,77.04021
2615,100110001202402615,Davanagere,1,2024-11-23,2024,11,FIR,Heinous,Crimes Against Body,Murder,False Case,14.37956,75.88351
2616,100250003202402616,Ramanagara,3,2024-07-12,2024,7,FIR,Non-Heinous,Crimes Against Women,Dowry Harassment,Closed,12.72935,77.17527
2617,100250003202602617,Ramanagara,3,2026-09-13,2026,9,FIR,Non-Heinous,Cyber Crime,Identity Theft,Under Investigation,12.66623,77.26406
2618,100020003202202618,Bengaluru Rural,3,2022-03-07,2022,3,FIR,Non-Heinous,Crimes Against Body,Assault,Closed,13.29098,77.58917
2619,100110003202602619,Davanagere,3,2026-08-24,2026,8,FIR,Non-Heinous,Crimes Against Property,Theft,Under Investigation,14.46989,75.86598
2620,100190001202402620,Hassan,1,2024-09-08,2024,9,FIR,Non-Heinous,Economic Offences,Cheating,Under Investigation,13.12652,76.04369
2621,100250001202402621,Ramanagara,1,2024-05-19,2024,5,FIR,Non-Heinous,Crimes Against Property,Dacoity,False Case,12.80005,77.19567
2622,100090001202602622,Tumakuru,1,2026-05-01,2026,5,FIR,Non-Heinous,Economic Offences,Criminal Breach of Trust,Under Investigation,13.3248,77.22155
2623,100040004202302623,Mangaluru (Dakshina Kannada),4,2023-11-23,2023,11,FIR,Non-Heinous,Crimes Against Property,Robbery,Under Investigation,12.89772,74.81365
2624,100230002202602624,Chamarajanagar,2,2026-06-22,2026,6,FIR,Non-Heinous,Crimes Against Property,Dacoity,Undetected,11.95415,76.92477
2625,100050002202602625,Belagavi,2,2026-11-06,2026,11,FIR,Non-Heinous,Public Order,Unlawful Assembly,Charge Sheeted,15.79092,74.49177
2626,100120001202602626,Vijayapura,1,2026-04-26,2026,4,FIR,Non-Heinous,Crimes Against Body,Attempt to Murder,Undetected,16.68469,75.65954
2627,700140003202402627,Bidar,3,2024-05-18,2024,5,Zero FIR,Heinous,Crimes Against Women,Molestation,Under Investigation,17.87701,77.47987
2628,100030001202302628,Mysuru,1,2023-04-23,2023,4,FIR,Heinous,Crimes Against Women,Sexual Assault,Closed,12.3979,76.64985
2629,100070001202202629,Hubballi-Dharwad,1,2022-04-27,2022,4,FIR,Non-Heinous,Cyber Crime,Cyberstalking,Undetected,15.35839,75.0956
2630,700100002202402630,Shivamogga,2,2024-04-27,2024,4,Zero FIR,Heinous,Narcotics,NDPS Trafficking,Charge Sheeted,13.88473,75.43545
2631,100020004202302631,Bengaluru Rural,4,2023-03-03,2023,3,PAR,Non-Heinous,Crimes Against Property,Burglary,False Case,13.27998,77.50671
2632,100050001202302632,Belagavi,1,2023-05-02,2023,5,FIR,Non-Heinous,Crimes Against Property,Robbery,Under Investigation,15.76363,74.61243
2633,100080001202202633,Ballari,1,2022-01-06,2022,1,FIR,Non-Heinous,Crimes Against Property,Theft,Charge Sheeted,15.13894,76.97992
2634,100190002202402634,Hassan,2,2024-09-15,2024,9,FIR,Heinous,Crimes Against Body,Murder,Under Investigation,13.07503,76.1021
2635,700020004202602635,Bengaluru Rural,4,2026-10-09,2026,10,Zero FIR,Non-Heinous,Cyber Crime,Phishing,Under Investigation,13.22791,77.50213
2636,100050003202302636,Belagavi,3,2023-08-21,2023,8,FIR,Heinous,Crimes Against Body,Grievous Hurt,Undetected,15.86757,74.45232
2637,100120002202502637,Vijayapura,2,2025-08-12,2025,8,FIR,Non-Heinous,Crimes Against Property,Dacoity,Charge Sheeted,16.83212,75.66649
2638,100010004202402638,Bengaluru City,4,2024-05-13,2024,5,FIR,Non-Heinous,Cyber Crime,Online Fraud,Closed,12.99028,77.67882
2639,100060002202502639,Kalaburagi,2,2025-05-12,2025,5,FIR,Non-Heinous,Crimes Against Property,Robbery,Closed,17.25345,76.82291
2640,100170001202302640,Kolar,1,2023-04-27,2023,4,FIR,Non-Heinous,Crimes Against Body,Assault,Closed,12.98956,78.10017
2641,100020004202402641,Bengaluru Rural,4,2024-05-26,2024,5,FIR,Non-Heinous,Crimes Against Women,Sexual Assault,False Case,13.3617,77.50824
2642,100160004202502642,Udupi,4,2025-12-02,2025,12,FIR,Heinous,Crimes Against Women,Molestation,Charge Sheeted,13.27157,74.78497
2643,100250004202202643,Ramanagara,4,2022-05-01,2022,5,FIR,Non-Heinous,Crimes Against Women,Dowry Harassment,Closed,12.77794,77.32404
2644,700070004202202644,Hubballi-Dharwad,4,2022-03-11,2022,3,Zero FIR,Heinous,Crimes Against Body,Grievous Hurt,Under Investigation,15.3043,75.08002
2645,100280003202402645,Haveri,3,2024-03-06,2024,3,FIR,Non-Heinous,Crimes Against Body,Assault,Under Investigation,14.77341,75.34649
2646,100080004202202646,Ballari,4,2022-12-16,2022,12,FIR,Non-Heinous,Crimes Against Property,Dacoity,Closed,15.16456,76.84201
2647,100020002202602647,Bengaluru Rural,2,2026-01-23,2026,1,FIR,Non-Heinous,Cyber Crime,Online Fraud,Under Investigation,13.24742,77.58692
2648,100110001202402648,Davanagere,1,2024-11-14,2024,11,FIR,Non-Heinous,Crimes Against Property,Robbery,Closed,14.45292,75.89933
2649,100020001202402649,Bengaluru Rural,1,2024-07-27,2024,7,FIR,Non-Heinous,Crimes Against Body,Assault,Closed,13.32657,77.56536
2650,100020002202402650,Bengaluru Rural,2,2024-07-14,2024,7,FIR,Non-Heinous,Crimes Against Body,Grievous Hurt,Charge Sheeted,13.35836,77.49244
2651,100230004202202651,Chamarajanagar,4,2022-01-02,2022,1,FIR,Non-Heinous,Crimes Against Women,Domestic Violence,Charge Sheeted,11.929,76.87427
2652,100010003202302652,Bengaluru City,3,2023-08-12,2023,8,FIR,Heinous,Crimes Against Body,Grievous Hurt,Closed,13.04441,77.64469
2653,100190003202302653,Hassan,3,2023-12-18,2023,12,FIR,Non-Heinous,Crimes Against Property,Theft,Under Investigation,13.01505,76.18632
2654,100050001202602654,Belagavi,1,2026-08-01,2026,8,FIR,Heinous,Crimes Against Women,Dowry Harassment,Closed,15.83516,74.43594
2655,100140002202402655,Bidar,2,2024-01-14,2024,1,FIR,Non-Heinous,Crimes Against Women,Domestic Violence,Under Investigation,17.91515,77.57683
2656,700040004202502656,Mangaluru (Dakshina Kannada),4,2025-07-13,2025,7,Zero FIR,Non-Heinous,Crimes Against Property,Burglary,Charge Sheeted,12.80186,74.74774
2657,100130004202402657,Raichur,4,2024-10-10,2024,10,FIR,Non-Heinous,Cyber Crime,Identity Theft,Closed,16.26417,77.27646
2658,100050003202302658,Belagavi,3,2023-12-19,2023,12,FIR,Non-Heinous,Crimes Against Property,Burglary,False Case,15.87504,74.48313
2659,100040004202502659,Mangaluru (Dakshina Kannada),4,2025-05-12,2025,5,FIR,Heinous,Crimes Against Women,Dowry Harassment,Charge Sheeted,12.94131,75.0198
2660,700240004202302660,Kodagu,4,2023-08-21,2023,8,Zero FIR,Heinous,Crimes Against Body,Murder,Closed,12.24598,75.78001
2661,100050001202602661,Belagavi,1,2026-12-08,2026,12,FIR,Non-Heinous,Crimes Against Property,Dacoity,Closed,15.90326,74.40066
2662,100130004202202662,Raichur,4,2022-03-20,2022,3,FIR,Non-Heinous,Crimes Against Women,Molestation,Undetected,16.22356,77.41552
2663,100250003202402663,Ramanagara,3,2024-09-03,2024,9,FIR,Non-Heinous,Crimes Against Body,Attempt to Murder,Under Investigation,12.736,77.35282
2664,100080004202602664,Ballari,4,2026-08-24,2026,8,FIR,Heinous,Narcotics,NDPS Possession,Closed,15.17348,76.90163
2665,100010003202502665,Bengaluru City,3,2025-03-07,2025,3,FIR,Non-Heinous,Economic Offences,Cheating,Under Investigation,12.95425,77.65591
2666,100280003202502666,Haveri,3,2025-01-15,2025,1,FIR,Non-Heinous,Cyber Crime,Phishing,False Case,14.81156,75.43145
2667,100050004202502667,Belagavi,4,2025-03-27,2025,3,FIR,Non-Heinous,Crimes Against Body,Attempt to Murder,False Case,15.99919,74.52919
2668,100050001202202668,Belagavi,1,2022-06-19,2022,6,PAR,Heinous,Crimes Against Women,Dowry Harassment,False Case,15.84152,74.45593
2669,100050004202402669,Belagavi,4,2024-08-01,2024,8,FIR,Heinous,Crimes Against Body,Grievous Hurt,False Case,15.80609,74.56857
2670,100010002202602670,Bengaluru City,2,2026-10-27,2026,10,FIR,Non-Heinous,Crimes Against Property,Dacoity,Charge Sheeted,13.03773,77.69809
2671,100200004202402671,Chitradurga,4,2024-05-27,2024,5,FIR,Non-Heinous,Crimes Against Property,Robbery,Closed,14.17338,76.39704
2672,100020003202402672,Bengaluru Rural,3,2024-03-06,2024,3,FIR,Non-Heinous,Crimes Against Body,Murder,Under Investigation,13.32542,77.54546
2673,100010004202602673,Bengaluru City,4,2026-03-04,2026,3,FIR,Non-Heinous,Crimes Against Property,Burglary,Charge Sheeted,13.00265,77.71172
2674,100020003202402674,Bengaluru Rural,3,2024-05-06,2024,5,FIR,Non-Heinous,Cyber Crime,Phishing,Under Investigation,13.23561,77.61281
2675,100090003202602675,Tumakuru,3,2026-05-10,2026,5,FIR,Non-Heinous,Crimes Against Property,Dacoity,Under Investigation,13.37318,77.22514
2676,100020001202302676,Bengaluru Rural,1,2023-10-14,2023,10,FIR,Non-Heinous,Crimes Against Property,Dacoity,Charge Sheeted,13.22247,77.58744
2677,100030003202502677,Mysuru,3,2025-05-18,2025,5,FIR,Heinous,Crimes Against Body,Grievous Hurt,Undetected,12.31098,76.58233
2678,100030002202402678,Mysuru,2,2024-11-03,2024,11,FIR,Non-Heinous,Crimes Against Body,Grievous Hurt,Under Investigation,12.36839,76.64203
2679,100230002202502679,Chamarajanagar,2,2025-01-03,2025,1,FIR,Heinous,Crimes Against Body,Assault,Closed,11.92108,76.88754
2680,100010002202202680,Bengaluru City,2,2022-02-18,2022,2,FIR,Heinous,Narcotics,NDPS Possession,Charge Sheeted,13.10247,77.6557
2681,100150003202402681,Chikkamagaluru,3,2024-11-23,2024,11,FIR,Heinous,Crimes Against Women,Domestic Violence,Under Investigation,13.37232,75.8872
2682,100240004202202682,Kodagu,4,2022-10-07,2022,10,FIR,Non-Heinous,Crimes Against Women,Molestation,Under Investigation,12.42792,75.76034
2683,100130001202502683,Raichur,1,2025-01-09,2025,1,FIR,Non-Heinous,Crimes Against Body,Grievous Hurt,Charge Sheeted,16.13547,77.33147
2684,100130004202502684,Raichur,4,2025-02-15,2025,2,FIR,Non-Heinous,Cyber Crime,Identity Theft,Under Investigation,16.18759,77.36522
2685,100240003202202685,Kodagu,3,2022-01-25,2022,1,PAR,Non-Heinous,Crimes Against Property,Burglary,Under Investigation,12.29482,75.73636
2686,100030004202202686,Mysuru,4,2022-04-05,2022,4,FIR,Non-Heinous,Cyber Crime,Phishing,False Case,12.34715,76.58752
2687,100080001202302687,Ballari,1,2023-12-21,2023,12,FIR,Non-Heinous,Crimes Against Women,Domestic Violence,Under Investigation,15.2211,76.86514
2688,100030002202402688,Mysuru,2,2024-11-06,2024,11,FIR,Non-Heinous,Crimes Against Property,Robbery,Charge Sheeted,12.24786,76.60466
2689,100030004202202689,Mysuru,4,2022-03-01,2022,3,FIR,Heinous,Crimes Against Women,Domestic Violence,Closed,12.26324,76.7032
2690,700120002202302690,Vijayapura,2,2023-09-21,2023,9,Zero FIR,Non-Heinous,Economic Offences,Forgery,Charge Sheeted,16.8869,75.72007
2691,100050001202402691,Belagavi,1,2024-06-24,2024,6,FIR,Heinous,Crimes Against Body,Assault,Under Investigation,15.90629,74.55485
2692,100080001202402692,Ballari,1,2024-09-09,2024,9,FIR,Heinous,Crimes Against Women,Sexual Assault,False Case,15.14952,76.92315
2693,100180004202302693,Mandya,4,2023-12-16,2023,12,FIR,Non-Heinous,Crimes Against Women,Domestic Violence,Under Investigation,12.51749,76.84084
2694,100130004202602694,Raichur,4,2026-02-14,2026,2,FIR,Non-Heinous,Crimes Against Body,Murder,Closed,16.34873,77.36548
2695,100160003202602695,Udupi,3,2026-02-07,2026,2,FIR,Non-Heinous,Crimes Against Body,Grievous Hurt,Charge Sheeted,13.14243,74.737
2696,100110001202602696,Davanagere,1,2026-06-24,2026,6,FIR,Non-Heinous,Cyber Crime,Online Fraud,Charge Sheeted,14.54788,75.86025
2697,100080003202502697,Ballari,3,2025-01-27,2025,1,FIR,Non-Heinous,Crimes Against Women,Domestic Violence,False Case,15.16449,76.93443
2698,100160003202402698,Udupi,3,2024-04-15,2024,4,FIR,Non-Heinous,Crimes Against Property,Theft,Undetected,13.21711,74.75073
2699,100230004202402699,Chamarajanagar,4,2024-12-10,2024,12,FIR,Non-Heinous,Crimes Against Property,Dacoity,Under Investigation,11.94261,77.00664
2700,100050001202502700,Belagavi,1,2025-12-20,2025,12,FIR,Non-Heinous,Cyber Crime,Cyberstalking,Charge Sheeted,15.83574,74.46836
2701,100270001202602701,Bagalkot,1,2026-06-05,2026,6,FIR,Non-Heinous,Economic Offences,Cheating,Under Investigation,16.0586,75.6871
2702,100250004202202702,Ramanagara,4,2022-02-26,2022,2,FIR,Non-Heinous,Crimes Against Body,Murder,Charge Sheeted,12.74863,77.17035
2703,100020003202602703,Bengaluru Rural,3,2026-09-26,2026,9,PAR,Non-Heinous,Crimes Against Property,Theft,Charge Sheeted,13.29303,77.54327
2704,100200002202602704,Chitradurga,2,2026-04-08,2026,4,FIR,Heinous,Crimes Against Body,Assault,False Case,14.27249,76.46823
2705,100070003202502705,Hubballi-Dharwad,3,2025-01-26,2025,1,FIR,Non-Heinous,Crimes Against Property,Dacoity,Charge Sheeted,15.42554,75.1154
2706,100120002202202706,Vijayapura,2,2022-07-07,2022,7,FIR,Non-Heinous,Crimes Against Property,Robbery,Undetected,16.78671,75.64459
2707,100240003202402707,Kodagu,3,2024-06-09,2024,6,FIR,Heinous,Crimes Against Women,Dowry Harassment,Under Investigation,12.43543,75.79724
2708,100120002202602708,Vijayapura,2,2026-12-12,2026,12,FIR,Non-Heinous,Crimes Against Property,Dacoity,Under Investigation,16.80384,75.68109
2709,100030003202502709,Mysuru,3,2025-02-13,2025,2,FIR,Non-Heinous,Crimes Against Body,Murder,Closed,12.2004,76.54261
2710,100160004202602710,Udupi,4,2026-05-23,2026,5,FIR,Non-Heinous,Cyber Crime,Phishing,Charge Sheeted,13.38162,74.78052
2711,100020004202302711,Bengaluru Rural,4,2023-02-19,2023,2,FIR,Non-Heinous,Economic Offences,Criminal Breach of Trust,Under Investigation,13.15218,77.46114
2712,100170002202202712,Kolar,2,2022-11-06,2022,11,FIR,Non-Heinous,Crimes Against Property,Theft,Charge Sheeted,13.18652,78.17683
2713,100050003202602713,Belagavi,3,2026-09-04,2026,9,FIR,Non-Heinous,Crimes Against Body,Grievous Hurt,Under Investigation,15.77876,74.5449
2714,100040003202402714,Mangaluru (Dakshina Kannada),3,2024-09-02,2024,9,FIR,Non-Heinous,Crimes Against Property,Theft,Undetected,12.93225,74.76175
2715,100240004202402715,Kodagu,4,2024-11-01,2024,11,FIR,Non-Heinous,Crimes Against Body,Murder,Under Investigation,12.38877,75.8306
2716,100230002202402716,Chamarajanagar,2,2024-11-12,2024,11,FIR,Heinous,Crimes Against Women,Molestation,Under Investigation,11.87323,76.86718
2717,100200004202402717,Chitradurga,4,2024-04-01,2024,4,PAR,Non-Heinous,Cyber Crime,Online Fraud,Under Investigation,14.16183,76.39277
2718,100160001202602718,Udupi,1,2026-11-20,2026,11,FIR,Non-Heinous,Crimes Against Property,Burglary,Under Investigation,13.34349,74.66155
2719,100070002202502719,Hubballi-Dharwad,2,2025-08-22,2025,8,FIR,Heinous,Narcotics,NDPS Trafficking,Charge Sheeted,15.28059,75.03662
2720,100030002202602720,Mysuru,2,2026-06-13,2026,6,FIR,Non-Heinous,Crimes Against Property,Dacoity,Undetected,12.26467,76.81701
2721,100080004202402721,Ballari,4,2024-02-08,2024,2,FIR,Non-Heinous,Crimes Against Women,Molestation,Undetected,15.1859,76.85448
2722,100050003202602722,Belagavi,3,2026-01-10,2026,1,FIR,Non-Heinous,Crimes Against Women,Dowry Harassment,Under Investigation,15.82797,74.57373
2723,100040003202202723,Mangaluru (Dakshina Kannada),3,2022-01-21,2022,1,FIR,Non-Heinous,Crimes Against Property,Robbery,Under Investigation,12.91036,74.90176
2724,100140002202302724,Bidar,2,2023-01-25,2023,1,FIR,Non-Heinous,Crimes Against Property,Theft,Under Investigation,17.8587,77.42618
2725,100160001202402725,Udupi,1,2024-07-07,2024,7,FIR,Heinous,Narcotics,NDPS Trafficking,Under Investigation,13.31455,74.7953
2726,700050001202602726,Belagavi,1,2026-08-04,2026,8,Zero FIR,Heinous,Crimes Against Body,Assault,Closed,15.78797,74.57487
2727,100090002202402727,Tumakuru,2,2024-08-25,2024,8,FIR,Heinous,Crimes Against Body,Attempt to Murder,Charge Sheeted,13.43239,77.22404
2728,700230002202402728,Chamarajanagar,2,2024-10-22,2024,10,Zero FIR,Heinous,Crimes Against Body,Murder,Undetected,11.84327,76.86779
2729,100230002202302729,Chamarajanagar,2,2023-04-25,2023,4,PAR,Non-Heinous,Cyber Crime,Phishing,False Case,11.95287,76.97539
2730,100050004202402730,Belagavi,4,2024-06-23,2024,6,FIR,Non-Heinous,Crimes Against Women,Molestation,Closed,15.96281,74.51404
2731,100020003202402731,Bengaluru Rural,3,2024-02-21,2024,2,FIR,Non-Heinous,Economic Offences,Criminal Breach of Trust,Charge Sheeted,13.27117,77.56372
2732,100010004202602732,Bengaluru City,4,2026-02-27,2026,2,PAR,Non-Heinous,Cyber Crime,Phishing,Undetected,12.96158,77.65426
2733,100050002202302733,Belagavi,2,2023-03-25,2023,3,FIR,Non-Heinous,Crimes Against Body,Murder,False Case,15.87968,74.56728
2734,100080001202302734,Ballari,1,2023-04-22,2023,4,FIR,Non-Heinous,Crimes Against Property,Theft,Charge Sheeted,15.09444,77.04017
2735,100060002202502735,Kalaburagi,2,2025-10-18,2025,10,FIR,Non-Heinous,Narcotics,NDPS Trafficking,Undetected,17.21299,76.81003
2736,100020002202302736,Bengaluru Rural,2,2023-11-07,2023,11,PAR,Heinous,Crimes Against Body,Assault,Charge Sheeted,13.30605,77.64894
2737,100240003202402737,Kodagu,3,2024-02-02,2024,2,FIR,Heinous,Crimes Against Women,Dowry Harassment,Under Investigation,12.3542,75.78405
2738,100160004202402738,Udupi,4,2024-11-20,2024,11,FIR,Non-Heinous,Public Order,Unlawful Assembly,Charge Sheeted,13.35806,74.69828
2739,100110002202502739,Davanagere,2,2025-04-11,2025,4,FIR,Non-Heinous,Crimes Against Property,Dacoity,Charge Sheeted,14.48363,75.88204
2740,100250003202402740,Ramanagara,3,2024-12-23,2024,12,FIR,Heinous,Crimes Against Women,Molestation,Under Investigation,12.65131,77.36949
2741,100160004202602741,Udupi,4,2026-01-21,2026,1,FIR,Non-Heinous,Crimes Against Property,Theft,Closed,13.37292,74.72718
2742,100130002202302742,Raichur,2,2023-05-04,2023,5,FIR,Non-Heinous,Crimes Against Property,Theft,Undetected,16.16332,77.33258
2743,100080002202402743,Ballari,2,2024-04-27,2024,4,FIR,Non-Heinous,Crimes Against Women,Domestic Violence,Charge Sheeted,15.17073,76.95133
2744,100160004202602744,Udupi,4,2026-05-02,2026,5,FIR,Non-Heinous,Crimes Against Body,Murder,Closed,13.38571,74.74607
2745,100160004202302745,Udupi,4,2023-04-07,2023,4,FIR,Non-Heinous,Crimes Against Body,Assault,Under Investigation,13.31198,74.79948
2746,100040002202502746,Mangaluru (Dakshina Kannada),2,2025-08-16,2025,8,FIR,Non-Heinous,Crimes Against Property,Theft,Under Investigation,12.9079,74.76165
2747,100160003202302747,Udupi,3,2023-05-11,2023,5,FIR,Heinous,Crimes Against Body,Murder,Charge Sheeted,13.3997,74.65948
2748,700190001202502748,Hassan,1,2025-02-11,2025,2,Zero FIR,Non-Heinous,Narcotics,NDPS Possession,Under Investigation,13.13312,76.20347
2749,100170002202402749,Kolar,2,2024-02-12,2024,2,FIR,Non-Heinous,Crimes Against Body,Attempt to Murder,False Case,13.12553,78.194
2750,100010002202602750,Bengaluru City,2,2026-08-11,2026,8,FIR,Non-Heinous,Crimes Against Property,Dacoity,Under Investigation,12.95493,77.50382
2751,100090002202602751,Tumakuru,2,2026-10-25,2026,10,FIR,Non-Heinous,Crimes Against Property,Robbery,Charge Sheeted,13.30204,77.12293
2752,100020001202302752,Bengaluru Rural,1,2023-12-10,2023,12,FIR,Non-Heinous,Economic Offences,Cheating,Closed,13.26623,77.60714
2753,100020002202302753,Bengaluru Rural,2,2023-08-09,2023,8,FIR,Heinous,Crimes Against Body,Murder,Under Investigation,13.25035,77.5482
2754,100060002202202754,Kalaburagi,2,2022-09-12,2022,9,FIR,Non-Heinous,Economic Offences,Forgery,Charge Sheeted,17.37588,76.86499
2755,100020001202402755,Bengaluru Rural,1,2024-05-15,2024,5,FIR,Non-Heinous,Economic Offences,Criminal Breach of Trust,Under Investigation,13.30211,77.50473
2756,100290002202402756,Gadag,2,2024-03-19,2024,3,FIR,Non-Heinous,Crimes Against Property,Dacoity,Under Investigation,15.48298,75.59031
2757,100010003202602757,Bengaluru City,3,2026-08-25,2026,8,PAR,Non-Heinous,Crimes Against Women,Sexual Assault,Under Investigation,12.87827,77.56621
2758,100050004202602758,Belagavi,4,2026-11-03,2026,11,FIR,Heinous,Crimes Against Women,Domestic Violence,Closed,15.68393,74.4871
2759,100040001202502759,Mangaluru (Dakshina Kannada),1,2025-09-14,2025,9,FIR,Non-Heinous,Crimes Against Body,Assault,Under Investigation,12.96993,74.85634
2760,100160003202602760,Udupi,3,2026-06-05,2026,6,FIR,Non-Heinous,Crimes Against Women,Molestation,Under Investigation,13.32195,74.71173
2761,400010004202202761,Bengaluru City,4,2022-08-22,2022,8,UDR,Heinous,Crimes Against Body,Assault,Closed,12.89443,77.5761
2762,100270002202502762,Bagalkot,2,2025-10-16,2025,10,FIR,Non-Heinous,Crimes Against Property,Burglary,Charge Sheeted,16.12642,75.68407
2763,100240003202602763,Kodagu,3,2026-05-19,2026,5,FIR,Non-Heinous,Crimes Against Property,Robbery,Charge Sheeted,12.41272,75.77279
2764,100060004202402764,Kalaburagi,4,2024-08-27,2024,8,FIR,Non-Heinous,Crimes Against Property,Burglary,Closed,17.33981,76.86481
2765,100230003202302765,Chamarajanagar,3,2023-02-07,2023,2,FIR,Non-Heinous,Cyber Crime,Online Fraud,Under Investigation,11.93944,76.98793
2766,100010002202602766,Bengaluru City,2,2026-05-09,2026,5,FIR,Heinous,Crimes Against Women,Sexual Assault,Charge Sheeted,13.0131,77.6771
2767,100130002202602767,Raichur,2,2026-04-25,2026,4,FIR,Non-Heinous,Cyber Crime,Online Fraud,Charge Sheeted,16.04947,77.37091
2768,100020003202602768,Bengaluru Rural,3,2026-11-05,2026,11,FIR,Non-Heinous,Crimes Against Property,Robbery,Under Investigation,13.4095,77.50354
2769,100010004202202769,Bengaluru City,4,2022-03-07,2022,3,FIR,Non-Heinous,Economic Offences,Forgery,Charge Sheeted,12.99493,77.62075
2770,700050002202602770,Belagavi,2,2026-12-20,2026,12,Zero FIR,Non-Heinous,Crimes Against Property,Theft,Under Investigation,15.90846,74.49283
2771,100030001202402771,Mysuru,1,2024-08-18,2024,8,FIR,Non-Heinous,Crimes Against Property,Robbery,Charge Sheeted,12.21078,76.64099
2772,700190001202402772,Hassan,1,2024-07-23,2024,7,Zero FIR,Non-Heinous,Crimes Against Property,Dacoity,Under Investigation,13.00126,76.0903
2773,400230001202402773,Chamarajanagar,1,2024-01-22,2024,1,UDR,Heinous,Crimes Against Body,Assault,Closed,11.86475,77.00219
2774,400250003202302774,Ramanagara,3,2023-07-14,2023,7,UDR,Heinous,Crimes Against Women,Sexual Assault,Undetected,12.71491,77.3807
2775,100030003202402775,Mysuru,3,2024-02-06,2024,2,FIR,Non-Heinous,Crimes Against Women,Domestic Violence,False Case,12.42334,76.55651
2776,100020003202602776,Bengaluru Rural,3,2026-05-11,2026,5,FIR,Non-Heinous,Cyber Crime,Phishing,Undetected,13.19197,77.55033
2777,100070001202302777,Hubballi-Dharwad,1,2023-06-01,2023,6,FIR,Non-Heinous,Crimes Against Women,Sexual Assault,Closed,15.33921,75.15093
2778,100050004202302778,Belagavi,4,2023-09-23,2023,9,FIR,Non-Heinous,Crimes Against Women,Domestic Violence,Charge Sheeted,15.86628,74.44918
2779,100060003202602779,Kalaburagi,3,2026-09-23,2026,9,FIR,Non-Heinous,Crimes Against Property,Burglary,Under Investigation,17.34852,76.77977
2780,100110001202202780,Davanagere,1,2022-03-03,2022,3,FIR,Non-Heinous,Crimes Against Women,Dowry Harassment,False Case,14.40719,75.99499
2781,100220004202202781,Yadgir,4,2022-07-12,2022,7,FIR,Heinous,Crimes Against Body,Murder,Undetected,16.66534,77.16404
2782,700130004202502782,Raichur,4,2025-09-26,2025,9,Zero FIR,Non-Heinous,Crimes Against Property,Robbery,Under Investigation,16.217,77.33165
2783,100010001202502783,Bengaluru City,1,2025-03-02,2025,3,FIR,Heinous,Crimes Against Women,Molestation,Undetected,12.86605,77.558
2784,100270003202302784,Bagalkot,3,2023-03-02,2023,3,PAR,Non-Heinous,Crimes Against Property,Theft,Undetected,16.23938,75.68379
2785,400050003202302785,Belagavi,3,2023-07-19,2023,7,UDR,Non-Heinous,Crimes Against Women,Molestation,Charge Sheeted,15.83157,74.63714
2786,100030004202202786,Mysuru,4,2022-09-26,2022,9,FIR,Heinous,Crimes Against Body,Assault,Under Investigation,12.38815,76.79221
2787,400050002202402787,Belagavi,2,2024-10-20,2024,10,UDR,Non-Heinous,Crimes Against Body,Grievous Hurt,Undetected,15.74838,74.58389
2788,700100001202602788,Shivamogga,1,2026-10-05,2026,10,Zero FIR,Heinous,Crimes Against Body,Grievous Hurt,False Case,13.87343,75.55991
2789,100090002202502789,Tumakuru,2,2025-04-02,2025,4,FIR,Non-Heinous,Cyber Crime,Identity Theft,Charge Sheeted,13.33717,77.13258
2790,100210003202202790,Koppal,3,2022-12-02,2022,12,FIR,Heinous,Crimes Against Women,Molestation,Under Investigation,15.30848,76.23395
2791,100010001202502791,Bengaluru City,1,2025-04-07,2025,4,FIR,Heinous,Crimes Against Women,Sexual Assault,Under Investigation,12.93151,77.6211
2792,100090003202602792,Tumakuru,3,2026-11-26,2026,11,FIR,Non-Heinous,Economic Offences,Criminal Breach of Trust,Closed,13.28316,77.20807
2793,100030004202202793,Mysuru,4,2022-01-21,2022,1,FIR,Heinous,Crimes Against Women,Molestation,Under Investigation,12.28511,76.57105
2794,100270004202402794,Bagalkot,4,2024-06-01,2024,6,FIR,Non-Heinous,Crimes Against Property,Burglary,Charge Sheeted,16.21684,75.71195
2795,100180003202402795,Mandya,3,2024-11-17,2024,11,FIR,Heinous,Narcotics,NDPS Trafficking,Charge Sheeted,12.52848,76.96485
2796,700140001202302796,Bidar,1,2023-11-17,2023,11,Zero FIR,Non-Heinous,Crimes Against Property,Burglary,Under Investigation,17.86888,77.50562
2797,100160004202302797,Udupi,4,2023-03-15,2023,3,FIR,Non-Heinous,Crimes Against Property,Theft,Undetected,13.26329,74.79617
2798,100230003202602798,Chamarajanagar,3,2026-02-22,2026,2,FIR,Non-Heinous,Crimes Against Body,Assault,Under Investigation,11.77691,76.96798
2799,100290002202302799,Gadag,2,2023-08-09,2023,8,FIR,Non-Heinous,Crimes Against Property,Burglary,Under Investigation,15.34142,75.70008
2800,100240003202502800,Kodagu,3,2025-03-10,2025,3,FIR,Non-Heinous,Crimes Against Property,Robbery,Closed,12.36269,75.73095
2801,400140004202602801,Bidar,4,2026-03-03,2026,3,UDR,Non-Heinous,Crimes Against Women,Sexual Assault,Charge Sheeted,17.99571,77.57307
2802,100290004202302802,Gadag,4,2023-03-23,2023,3,FIR,Non-Heinous,Cyber Crime,Identity Theft,Under Investigation,15.46599,75.66782
2803,100010003202502803,Bengaluru City,3,2025-01-07,2025,1,FIR,Non-Heinous,Crimes Against Property,Robbery,Closed,12.94877,77.58551
2804,100200004202602804,Chitradurga,4,2026-08-20,2026,8,FIR,Non-Heinous,Cyber Crime,Online Fraud,Under Investigation,14.32379,76.40004
2805,100190004202202805,Hassan,4,2022-07-14,2022,7,FIR,Non-Heinous,Crimes Against Body,Attempt to Murder,False Case,13.01501,76.05031
2806,400050001202202806,Belagavi,1,2022-12-07,2022,12,UDR,Non-Heinous,Economic Offences,Forgery,Charge Sheeted,15.82877,74.44588
2807,100260003202602807,Chikkaballapur,3,2026-10-21,2026,10,FIR,Non-Heinous,Crimes Against Property,Robbery,Closed,13.4681,77.76853
2808,100110002202202808,Davanagere,2,2022-04-03,2022,4,FIR,Non-Heinous,Crimes Against Property,Theft,Under Investigation,14.46411,75.8958
2809,100090003202202809,Tumakuru,3,2022-09-06,2022,9,FIR,Non-Heinous,Crimes Against Property,Dacoity,Closed,13.31322,77.13801
2810,100210002202502810,Koppal,2,2025-08-11,2025,8,FIR,Non-Heinous,Crimes Against Property,Dacoity,Under Investigation,15.36767,76.19652
2811,100090001202602811,Tumakuru,1,2026-04-21,2026,4,FIR,Non-Heinous,Crimes Against Property,Dacoity,Under Investigation,13.35209,77.16713
2812,100220003202502812,Yadgir,3,2025-08-02,2025,8,FIR,Non-Heinous,Economic Offences,Forgery,Under Investigation,16.75066,77.32044
2813,400140003202202813,Bidar,3,2022-06-26,2022,6,UDR,Non-Heinous,Economic Offences,Forgery,Under Investigation,17.99417,77.47618
2814,400030003202502814,Mysuru,3,2025-12-15,2025,12,UDR,Non-Heinous,Cyber Crime,Phishing,False Case,12.27579,76.74348
2815,100130001202402815,Raichur,1,2024-08-06,2024,8,FIR,Non-Heinous,Crimes Against Property,Theft,False Case,16.14855,77.44714
2816,400230003202602816,Chamarajanagar,3,2026-05-15,2026,5,UDR,Non-Heinous,Cyber Crime,Identity Theft,Undetected,12.01615,76.88743
2817,100040002202502817,Mangaluru (Dakshina Kannada),2,2025-12-16,2025,12,FIR,Heinous,Crimes Against Women,Domestic Violence,Closed,12.86683,74.85147
2818,100230003202602818,Chamarajanagar,3,2026-06-02,2026,6,FIR,Non-Heinous,Economic Offences,Forgery,Under Investigation,11.88057,76.9774
2819,100050002202502819,Belagavi,2,2025-07-25,2025,7,FIR,Non-Heinous,Crimes Against Property,Robbery,Charge Sheeted,15.87334,74.44841
2820,100050003202502820,Belagavi,3,2025-06-03,2025,6,FIR,Non-Heinous,Crimes Against Property,Theft,Under Investigation,15.92226,74.44632
2821,100280001202602821,Haveri,1,2026-07-06,2026,7,FIR,Non-Heinous,Crimes Against Property,Burglary,Closed,14.71925,75.48663
2822,100030004202602822,Mysuru,4,2026-09-06,2026,9,FIR,Non-Heinous,Crimes Against Women,Domestic Violence,Closed,12.35991,76.65326
2823,100010004202402823,Bengaluru City,4,2024-11-10,2024,11,PAR,Non-Heinous,Crimes Against Body,Murder,Under Investigation,12.97684,77.60239
2824,100030002202602824,Mysuru,2,2026-07-18,2026,7,FIR,Heinous,Narcotics,NDPS Trafficking,False Case,12.33504,76.62844
2825,100030001202302825,Mysuru,1,2023-01-05,2023,1,FIR,Non-Heinous,Crimes Against Property,Dacoity,Under Investigation,12.32037,76.58417
2826,100010004202602826,Bengaluru City,4,2026-01-11,2026,1,FIR,Non-Heinous,Economic Offences,Criminal Breach of Trust,Under Investigation,12.91051,77.62449
2827,100080003202402827,Ballari,3,2024-02-14,2024,2,FIR,Non-Heinous,Crimes Against Property,Burglary,Charge Sheeted,15.06146,76.87985
2828,100220002202502828,Yadgir,2,2025-01-02,2025,1,FIR,Non-Heinous,Crimes Against Property,Burglary,Charge Sheeted,16.71723,77.09539
2829,100130001202502829,Raichur,1,2025-08-05,2025,8,FIR,Non-Heinous,Economic Offences,Forgery,Charge Sheeted,16.18071,77.32187
2830,100010001202302830,Bengaluru City,1,2023-06-11,2023,6,FIR,Heinous,Crimes Against Body,Grievous Hurt,Closed,13.07693,77.46214
2831,100050002202602831,Belagavi,2,2026-12-12,2026,12,FIR,Non-Heinous,Crimes Against Women,Dowry Harassment,Under Investigation,15.77213,74.40457
2832,100290004202602832,Gadag,4,2026-10-16,2026,10,FIR,Heinous,Crimes Against Body,Assault,Charge Sheeted,15.42752,75.45935
2833,100110001202502833,Davanagere,1,2025-10-13,2025,10,FIR,Non-Heinous,Crimes Against Property,Burglary,Charge Sheeted,14.43198,75.93632
2834,100230001202602834,Chamarajanagar,1,2026-10-03,2026,10,FIR,Non-Heinous,Crimes Against Property,Robbery,Charge Sheeted,11.93108,77.05994
2835,100140004202202835,Bidar,4,2022-03-18,2022,3,FIR,Non-Heinous,Crimes Against Property,Burglary,Under Investigation,17.82483,77.54032
2836,100090003202602836,Tumakuru,3,2026-03-10,2026,3,PAR,Non-Heinous,Economic Offences,Forgery,False Case,13.37657,77.18209
2837,100060002202202837,Kalaburagi,2,2022-07-02,2022,7,FIR,Non-Heinous,Economic Offences,Cheating,Under Investigation,17.24808,76.77206
2838,100190001202402838,Hassan,1,2024-04-22,2024,4,FIR,Non-Heinous,Crimes Against Body,Grievous Hurt,Charge Sheeted,13.01345,76.13137
2839,100030002202602839,Mysuru,2,2026-08-18,2026,8,FIR,Heinous,Crimes Against Women,Dowry Harassment,Under Investigation,12.33432,76.65485
2840,100190001202202840,Hassan,1,2022-06-05,2022,6,FIR,Heinous,Crimes Against Women,Molestation,Charge Sheeted,12.98078,76.06341
2841,100280003202302841,Haveri,3,2023-08-13,2023,8,FIR,Heinous,Crimes Against Body,Assault,Closed,14.87332,75.423
2842,100230004202302842,Chamarajanagar,4,2023-08-18,2023,8,FIR,Non-Heinous,Crimes Against Property,Theft,Under Investigation,11.90928,76.94931
2843,700070004202202843,Hubballi-Dharwad,4,2022-01-15,2022,1,Zero FIR,Non-Heinous,Cyber Crime,Phishing,Undetected,15.24498,75.0999
2844,100050002202502844,Belagavi,2,2025-08-07,2025,8,FIR,Heinous,Crimes Against Women,Domestic Violence,Undetected,15.82563,74.57443
2845,400110004202302845,Davanagere,4,2023-06-13,2023,6,UDR,Non-Heinous,Crimes Against Women,Dowry Harassment,Under Investigation,14.44354,75.92089
2846,100020002202602846,Bengaluru Rural,2,2026-11-22,2026,11,FIR,Non-Heinous,Crimes Against Property,Burglary,Closed,13.44496,77.54579
2847,100210001202302847,Koppal,1,2023-06-26,2023,6,FIR,Non-Heinous,Crimes Against Property,Dacoity,Charge Sheeted,15.37341,76.20495
2848,100120004202402848,Vijayapura,4,2024-06-25,2024,6,FIR,Non-Heinous,Crimes Against Property,Theft,Under Investigation,16.78735,75.66096
2849,700240001202402849,Kodagu,1,2024-02-11,2024,2,Zero FIR,Non-Heinous,Crimes Against Body,Grievous Hurt,False Case,12.36378,75.79584
2850,100140003202202850,Bidar,3,2022-08-02,2022,8,FIR,Heinous,Crimes Against Women,Molestation,Closed,18.01329,77.5646
2851,100160004202402851,Udupi,4,2024-01-04,2024,1,FIR,Non-Heinous,Economic Offences,Cheating,Charge Sheeted,13.35544,74.7574
2852,100150003202302852,Chikkamagaluru,3,2023-06-18,2023,6,FIR,Non-Heinous,Crimes Against Property,Dacoity,Closed,13.31224,75.8704
2853,100300003202302853,Uttara Kannada,3,2023-03-11,2023,3,FIR,Non-Heinous,Crimes Against Property,Burglary,Closed,14.75807,74.60171
2854,100050001202302854,Belagavi,1,2023-05-02,2023,5,FIR,Non-Heinous,Economic Offences,Criminal Breach of Trust,Closed,15.95879,74.53596
2855,100150003202602855,Chikkamagaluru,3,2026-01-23,2026,1,FIR,Heinous,Crimes Against Women,Sexual Assault,Under Investigation,13.3876,75.7736
2856,100160001202602856,Udupi,1,2026-09-04,2026,9,FIR,Heinous,Crimes Against Women,Molestation,Under Investigation,13.31045,74.74569
2857,100080002202602857,Ballari,2,2026-06-07,2026,6,FIR,Heinous,Crimes Against Body,Grievous Hurt,Under Investigation,15.19811,76.95129
2858,100030003202302858,Mysuru,3,2023-02-25,2023,2,FIR,Non-Heinous,Economic Offences,Criminal Breach of Trust,Under Investigation,12.33006,76.68202
2859,100010002202402859,Bengaluru City,2,2024-04-14,2024,4,FIR,Non-Heinous,Crimes Against Property,Theft,Under Investigation,12.86693,77.6245
2860,100110002202302860,Davanagere,2,2023-08-03,2023,8,FIR,Heinous,Crimes Against Body,Attempt to Murder,Under Investigation,14.43255,75.89824
2861,100150003202602861,Chikkamagaluru,3,2026-07-11,2026,7,FIR,Non-Heinous,Crimes Against Property,Robbery,Charge Sheeted,13.32698,75.70535
2862,100100004202302862,Shivamogga,4,2023-03-16,2023,3,FIR,Non-Heinous,Crimes Against Women,Molestation,Charge Sheeted,13.93447,75.42683
2863,100040004202502863,Mangaluru (Dakshina Kannada),4,2025-07-02,2025,7,FIR,Non-Heinous,Crimes Against Women,Molestation,Charge Sheeted,12.97859,74.89647
2864,100050002202502864,Belagavi,2,2025-03-04,2025,3,PAR,Non-Heinous,Crimes Against Property,Burglary,False Case,15.91992,74.38313
2865,100020001202402865,Bengaluru Rural,1,2024-03-10,2024,3,FIR,Non-Heinous,Economic Offences,Forgery,Under Investigation,13.30267,77.65495
2866,100050003202502866,Belagavi,3,2025-02-22,2025,2,FIR,Heinous,Narcotics,NDPS Trafficking,Charge Sheeted,15.76893,74.54234
2867,100170001202302867,Kolar,1,2023-07-23,2023,7,FIR,Non-Heinous,Crimes Against Body,Attempt to Murder,Charge Sheeted,13.18875,78.2296
2868,100280003202602868,Haveri,3,2026-11-23,2026,11,FIR,Heinous,Narcotics,NDPS Trafficking,Charge Sheeted,15.00895,75.37133
2869,100240003202402869,Kodagu,3,2024-05-05,2024,5,FIR,Non-Heinous,Crimes Against Property,Robbery,Under Investigation,12.38904,75.88226
2870,100190001202402870,Hassan,1,2024-02-27,2024,2,FIR,Heinous,Crimes Against Body,Attempt to Murder,Closed,13.13506,76.17023
2871,400010003202502871,Bengaluru City,3,2025-08-21,2025,8,UDR,Non-Heinous,Economic Offences,Criminal Breach of Trust,Closed,13.01293,77.57877
2872,100300003202402872,Uttara Kannada,3,2024-09-03,2024,9,FIR,Heinous,Crimes Against Body,Assault,Closed,14.87127,74.77405
2873,100060002202402873,Kalaburagi,2,2024-03-19,2024,3,FIR,Non-Heinous,Narcotics,NDPS Trafficking,Charge Sheeted,17.28196,76.79576
2874,100140004202202874,Bidar,4,2022-09-05,2022,9,FIR,Non-Heinous,Crimes Against Body,Murder,Charge Sheeted,17.91964,77.46723
2875,100090001202202875,Tumakuru,1,2022-06-26,2022,6,FIR,Non-Heinous,Cyber Crime,Cyberstalking,Under Investigation,13.41987,77.18881
2876,100060001202302876,Kalaburagi,1,2023-03-18,2023,3,FIR,Non-Heinous,Crimes Against Women,Sexual Assault,Charge Sheeted,17.34013,76.92447
2877,100090004202402877,Tumakuru,4,2024-07-16,2024,7,FIR,Non-Heinous,Crimes Against Property,Dacoity,Charge Sheeted,13.2436,77.13348
2878,100010003202302878,Bengaluru City,3,2023-12-22,2023,12,FIR,Non-Heinous,Crimes Against Property,Dacoity,Closed,13.04576,77.5873
2879,100010004202402879,Bengaluru City,4,2024-02-03,2024,2,FIR,Non-Heinous,Narcotics,NDPS Trafficking,Closed,12.83507,77.53675
2880,700070002202602880,Hubballi-Dharwad,2,2026-08-03,2026,8,Zero FIR,Non-Heinous,Crimes Against Women,Sexual Assault,Under Investigation,15.33845,75.00006
2881,100280004202202881,Haveri,4,2022-12-10,2022,12,FIR,Heinous,Narcotics,NDPS Possession,Undetected,14.8548,75.36479
2882,100250003202202882,Ramanagara,3,2022-06-18,2022,6,FIR,Non-Heinous,Crimes Against Property,Burglary,Charge Sheeted,12.70551,77.18815
2883,100190003202602883,Hassan,3,2026-03-21,2026,3,PAR,Heinous,Crimes Against Body,Attempt to Murder,Under Investigation,13.11669,76.14232
2884,100020001202402884,Bengaluru Rural,1,2024-08-04,2024,8,PAR,Non-Heinous,Crimes Against Property,Dacoity,Closed,13.33705,77.44107
2885,400010002202602885,Bengaluru City,2,2026-10-01,2026,10,UDR,Non-Heinous,Crimes Against Body,Assault,Charge Sheeted,12.92419,77.64851
2886,100110001202602886,Davanagere,1,2026-10-15,2026,10,FIR,Non-Heinous,Cyber Crime,Online Fraud,Closed,14.57246,76.00187
2887,400170002202602887,Kolar,2,2026-03-13,2026,3,UDR,Non-Heinous,Cyber Crime,Online Fraud,Charge Sheeted,13.34516,78.11508
2888,100010002202602888,Bengaluru City,2,2026-04-04,2026,4,FIR,Non-Heinous,Cyber Crime,Online Fraud,Closed,12.98319,77.58083
2889,100070001202602889,Hubballi-Dharwad,1,2026-05-15,2026,5,FIR,Non-Heinous,Cyber Crime,Phishing,False Case,15.33156,75.16683
2890,100140004202402890,Bidar,4,2024-11-21,2024,11,PAR,Non-Heinous,Crimes Against Property,Theft,Charge Sheeted,17.92703,77.60668
2891,700080004202602891,Ballari,4,2026-04-14,2026,4,Zero FIR,Non-Heinous,Cyber Crime,Online Fraud,Charge Sheeted,15.15917,76.94733
2892,100110003202402892,Davanagere,3,2024-06-01,2024,6,PAR,Heinous,Crimes Against Body,Grievous Hurt,False Case,14.43854,75.9286
2893,100050004202402893,Belagavi,4,2024-10-11,2024,10,FIR,Heinous,Narcotics,NDPS Possession,False Case,15.83188,74.35284
2894,100050004202302894,Belagavi,4,2023-01-02,2023,1,FIR,Non-Heinous,Economic Offences,Criminal Breach of Trust,Closed,15.88386,74.53375
2895,100280004202302895,Haveri,4,2023-11-06,2023,11,PAR,Non-Heinous,Economic Offences,Criminal Breach of Trust,Closed,14.77844,75.40738
2896,400050002202602896,Belagavi,2,2026-09-10,2026,9,UDR,Non-Heinous,Crimes Against Body,Attempt to Murder,Closed,15.88267,74.44678
2897,400050003202402897,Belagavi,3,2024-10-26,2024,10,UDR,Non-Heinous,Crimes Against Women,Sexual Assault,Under Investigation,15.77181,74.56961
2898,100020001202302898,Bengaluru Rural,1,2023-11-03,2023,11,FIR,Non-Heinous,Crimes Against Property,Robbery,Charge Sheeted,13.28863,77.51572
2899,100240002202402899,Kodagu,2,2024-06-24,2024,6,FIR,Non-Heinous,Economic Offences,Cheating,Closed,12.34098,75.82824
2900,100020002202502900,Bengaluru Rural,2,2025-09-06,2025,9,FIR,Heinous,Narcotics,NDPS Trafficking,Under Investigation,13.3296,77.56652
2901,100270002202302901,Bagalkot,2,2023-08-19,2023,8,FIR,Non-Heinous,Economic Offences,Forgery,Under Investigation,16.16578,75.77928
2902,100050002202402902,Belagavi,2,2024-09-20,2024,9,FIR,Non-Heinous,Public Order,Unlawful Assembly,Closed,15.83864,74.46457
2903,100040004202502903,Mangaluru (Dakshina Kannada),4,2025-01-24,2025,1,PAR,Non-Heinous,Cyber Crime,Cyberstalking,Charge Sheeted,12.88785,74.85592
2904,100190002202502904,Hassan,2,2025-10-25,2025,10,PAR,Heinous,Crimes Against Women,Sexual Assault,Under Investigation,12.93829,76.02919
2905,100130001202602905,Raichur,1,2026-04-25,2026,4,FIR,Non-Heinous,Crimes Against Property,Burglary,Under Investigation,16.1144,77.37649
2906,100280003202602906,Haveri,3,2026-01-01,2026,1,FIR,Heinous,Crimes Against Body,Grievous Hurt,Closed,14.82212,75.42141
2907,100110002202302907,Davanagere,2,2023-06-11,2023,6,FIR,Non-Heinous,Crimes Against Property,Robbery,Undetected,14.50633,75.95618
2908,100040003202402908,Mangaluru (Dakshina Kannada),3,2024-05-01,2024,5,PAR,Non-Heinous,Crimes Against Property,Dacoity,Under Investigation,12.83144,74.83588
2909,100050004202602909,Belagavi,4,2026-08-10,2026,8,FIR,Heinous,Crimes Against Body,Murder,Charge Sheeted,15.7315,74.44313
2910,700190001202302910,Hassan,1,2023-12-14,2023,12,Zero FIR,Non-Heinous,Economic Offences,Criminal Breach of Trust,Under Investigation,13.17195,76.06541
2911,100230004202302911,Chamarajanagar,4,2023-11-24,2023,11,FIR,Non-Heinous,Crimes Against Property,Dacoity,False Case,11.93513,76.92052
2912,100030002202502912,Mysuru,2,2025-06-12,2025,6,FIR,Non-Heinous,Crimes Against Body,Assault,Closed,12.35793,76.61843
2913,700050003202202913,Belagavi,3,2022-04-07,2022,4,Zero FIR,Non-Heinous,Crimes Against Property,Robbery,Charge Sheeted,15.78098,74.52734
2914,100090001202502914,Tumakuru,1,2025-09-01,2025,9,FIR,Non-Heinous,Crimes Against Women,Dowry Harassment,Under Investigation,13.4337,77.05918
2915,700040002202602915,Mangaluru (Dakshina Kannada),2,2026-10-01,2026,10,Zero FIR,Non-Heinous,Crimes Against Property,Burglary,Closed,12.84754,74.88211
2916,100080003202602916,Ballari,3,2026-12-03,2026,12,PAR,Non-Heinous,Crimes Against Property,Dacoity,False Case,15.19362,76.92206
2917,100130003202302917,Raichur,3,2023-12-19,2023,12,FIR,Non-Heinous,Economic Offences,Criminal Breach of Trust,Closed,16.20048,77.24025
2918,400020004202502918,Bengaluru Rural,4,2025-11-15,2025,11,UDR,Non-Heinous,Crimes Against Property,Robbery,Under Investigation,13.27272,77.51559
2919,100130004202202919,Raichur,4,2022-05-05,2022,5,FIR,Non-Heinous,Crimes Against Property,Dacoity,False Case,16.17074,77.34993
2920,100020004202202920,Bengaluru Rural,4,2022-06-04,2022,6,PAR,Non-Heinous,Crimes Against Women,Domestic Violence,Under Investigation,13.20028,77.56102
2921,100030004202602921,Mysuru,4,2026-11-21,2026,11,FIR,Non-Heinous,Cyber Crime,Phishing,Closed,12.38803,76.60268
2922,100150003202602922,Chikkamagaluru,3,2026-10-06,2026,10,FIR,Non-Heinous,Crimes Against Property,Theft,Under Investigation,13.40667,75.74185
2923,100030001202202923,Mysuru,1,2022-02-02,2022,2,FIR,Non-Heinous,Crimes Against Women,Sexual Assault,Closed,12.34366,76.71894
2924,700030001202302924,Mysuru,1,2023-03-10,2023,3,Zero FIR,Non-Heinous,Crimes Against Property,Dacoity,Charge Sheeted,12.30604,76.53483
2925,400020003202602925,Bengaluru Rural,3,2026-03-11,2026,3,UDR,Heinous,Crimes Against Body,Grievous Hurt,Closed,13.30835,77.44284
2926,100030002202602926,Mysuru,2,2026-07-19,2026,7,FIR,Non-Heinous,Crimes Against Property,Dacoity,Closed,12.34504,76.66594
2927,100140001202202927,Bidar,1,2022-05-18,2022,5,FIR,Heinous,Crimes Against Women,Dowry Harassment,Charge Sheeted,18.01767,77.57812
2928,100190002202402928,Hassan,2,2024-04-18,2024,4,FIR,Non-Heinous,Crimes Against Women,Molestation,False Case,12.92307,76.18614
2929,700010003202502929,Bengaluru City,3,2025-06-22,2025,6,Zero FIR,Non-Heinous,Economic Offences,Cheating,Under Investigation,12.93315,77.48825
2930,100050003202402930,Belagavi,3,2024-06-14,2024,6,FIR,Non-Heinous,Cyber Crime,Online Fraud,Charge Sheeted,15.82717,74.4697
2931,100160001202602931,Udupi,1,2026-08-15,2026,8,FIR,Non-Heinous,Crimes Against Body,Attempt to Murder,Charge Sheeted,13.37682,74.8345
2932,100050003202502932,Belagavi,3,2025-10-23,2025,10,FIR,Non-Heinous,Crimes Against Property,Burglary,Charge Sheeted,15.9779,74.47484
2933,100020001202502933,Bengaluru Rural,1,2025-11-06,2025,11,FIR,Non-Heinous,Cyber Crime,Phishing,Charge Sheeted,13.28226,77.5759
2934,100280003202202934,Haveri,3,2022-11-25,2022,11,PAR,Non-Heinous,Crimes Against Body,Assault,Closed,14.79785,75.5211
2935,100050002202602935,Belagavi,2,2026-03-21,2026,3,FIR,Non-Heinous,Economic Offences,Cheating,Charge Sheeted,15.87512,74.49113
2936,100240001202402936,Kodagu,1,2024-07-13,2024,7,FIR,Heinous,Crimes Against Body,Assault,Closed,12.37933,75.74126
2937,700100001202202937,Shivamogga,1,2022-09-21,2022,9,Zero FIR,Non-Heinous,Crimes Against Property,Theft,Charge Sheeted,13.97615,75.64795
2938,100170004202402938,Kolar,4,2024-06-21,2024,6,FIR,Non-Heinous,Crimes Against Property,Burglary,Closed,13.0702,78.13446
2939,100030001202502939,Mysuru,1,2025-02-13,2025,2,FIR,Heinous,Crimes Against Body,Attempt to Murder,Charge Sheeted,12.26383,76.54798
2940,100040002202302940,Mangaluru (Dakshina Kannada),2,2023-08-27,2023,8,FIR,Non-Heinous,Crimes Against Property,Dacoity,Undetected,12.85812,74.89632
2941,700230002202502941,Chamarajanagar,2,2025-02-07,2025,2,Zero FIR,Non-Heinous,Crimes Against Property,Robbery,Under Investigation,11.91255,76.96748
2942,100250004202602942,Ramanagara,4,2026-04-24,2026,4,FIR,Non-Heinous,Crimes Against Property,Burglary,Under Investigation,12.66498,77.2664
2943,100160001202602943,Udupi,1,2026-04-19,2026,4,FIR,Non-Heinous,Crimes Against Property,Dacoity,Undetected,13.3416,74.69705
2944,700190003202602944,Hassan,3,2026-07-10,2026,7,Zero FIR,Heinous,Crimes Against Body,Murder,Closed,13.00646,76.0433
2945,100250001202502945,Ramanagara,1,2025-07-21,2025,7,FIR,Heinous,Crimes Against Women,Domestic Violence,Closed,12.70562,77.35639
2946,700020003202402946,Bengaluru Rural,3,2024-08-18,2024,8,Zero FIR,Non-Heinous,Crimes Against Property,Robbery,False Case,13.30293,77.47205
2947,100020003202202947,Bengaluru Rural,3,2022-06-11,2022,6,FIR,Non-Heinous,Crimes Against Body,Assault,Closed,13.28989,77.62862
2948,100300002202402948,Uttara Kannada,2,2024-06-05,2024,6,PAR,Non-Heinous,Crimes Against Women,Molestation,Under Investigation,14.77174,74.64838
2949,100030004202602949,Mysuru,4,2026-07-20,2026,7,FIR,Non-Heinous,Economic Offences,Forgery,False Case,12.29043,76.58162
2950,700190002202402950,Hassan,2,2024-07-15,2024,7,Zero FIR,Non-Heinous,Cyber Crime,Phishing,Charge Sheeted,13.01527,76.07068
2951,700020003202402951,Bengaluru Rural,3,2024-12-10,2024,12,Zero FIR,Non-Heinous,Crimes Against Property,Robbery,Closed,13.16885,77.6017
2952,100190003202402952,Hassan,3,2024-09-02,2024,9,FIR,Non-Heinous,Crimes Against Property,Burglary,Under Investigation,13.05098,76.11468
2953,100230001202502953,Chamarajanagar,1,2025-03-11,2025,3,FIR,Non-Heinous,Crimes Against Property,Robbery,Under Investigation,11.95462,76.73666
2954,100050003202602954,Belagavi,3,2026-01-25,2026,1,FIR,Non-Heinous,Crimes Against Property,Dacoity,Charge Sheeted,15.93167,74.52103
2955,100190002202502955,Hassan,2,2025-08-25,2025,8,FIR,Non-Heinous,Economic Offences,Forgery,Closed,12.90983,76.09664
2956,100280002202502956,Haveri,2,2025-01-23,2025,1,FIR,Heinous,Crimes Against Body,Attempt to Murder,Charge Sheeted,14.77666,75.38896
2957,100230004202202957,Chamarajanagar,4,2022-05-04,2022,5,FIR,Non-Heinous,Cyber Crime,Identity Theft,Closed,11.97086,76.96585
2958,100230003202202958,Chamarajanagar,3,2022-06-03,2022,6,PAR,Non-Heinous,Cyber Crime,Phishing,False Case,11.97822,76.95374
2959,100210001202302959,Koppal,1,2023-08-08,2023,8,FIR,Heinous,Narcotics,NDPS Possession,Under Investigation,15.36709,76.18898
2960,100020003202302960,Bengaluru Rural,3,2023-09-09,2023,9,FIR,Non-Heinous,Economic Offences,Criminal Breach of Trust,Charge Sheeted,13.2483,77.56524
2961,100250002202602961,Ramanagara,2,2026-06-10,2026,6,PAR,Heinous,Narcotics,NDPS Possession,Under Investigation,12.68349,77.23457
2962,100150003202302962,Chikkamagaluru,3,2023-08-17,2023,8,FIR,Non-Heinous,Crimes Against Property,Burglary,False Case,13.264,75.69667
2963,100250002202302963,Ramanagara,2,2023-07-07,2023,7,FIR,Non-Heinous,Crimes Against Body,Grievous Hurt,Charge Sheeted,12.68772,77.23063
2964,100040002202302964,Mangaluru (Dakshina Kannada),2,2023-03-16,2023,3,PAR,Non-Heinous,Crimes Against Property,Robbery,Under Investigation,12.86317,74.85902
2965,100140004202602965,Bidar,4,2026-03-08,2026,3,FIR,Non-Heinous,Crimes Against Property,Burglary,Under Investigation,17.97372,77.48436
2966,100010004202602966,Bengaluru City,4,2026-02-07,2026,2,FIR,Non-Heinous,Crimes Against Women,Domestic Violence,Charge Sheeted,12.94791,77.57781
2967,100140001202402967,Bidar,1,2024-11-18,2024,11,FIR,Non-Heinous,Crimes Against Property,Dacoity,Charge Sheeted,17.92372,77.49224
2968,100090004202302968,Tumakuru,4,2023-04-26,2023,4,FIR,Non-Heinous,Crimes Against Property,Robbery,Under Investigation,13.34755,77.11558
2969,100180004202502969,Mandya,4,2025-03-19,2025,3,FIR,Non-Heinous,Crimes Against Property,Theft,Undetected,12.46031,76.90459
2970,700050004202502970,Belagavi,4,2025-09-01,2025,9,Zero FIR,Non-Heinous,Crimes Against Women,Domestic Violence,Charge Sheeted,15.77115,74.54891
2971,100110004202602971,Davanagere,4,2026-03-22,2026,3,PAR,Non-Heinous,Crimes Against Property,Burglary,Charge Sheeted,14.47625,75.94209
2972,100010001202302972,Bengaluru City,1,2023-01-04,2023,1,FIR,Heinous,Crimes Against Body,Murder,False Case,12.97762,77.65266
2973,100050002202602973,Belagavi,2,2026-08-01,2026,8,FIR,Non-Heinous,Narcotics,NDPS Possession,Under Investigation,15.80006,74.51022
2974,100080001202402974,Ballari,1,2024-05-26,2024,5,PAR,Non-Heinous,Crimes Against Women,Dowry Harassment,Under Investigation,15.26934,76.93985
2975,100130003202302975,Raichur,3,2023-07-25,2023,7,FIR,Heinous,Crimes Against Body,Attempt to Murder,Under Investigation,16.10491,77.34109
2976,100160004202402976,Udupi,4,2024-07-11,2024,7,FIR,Non-Heinous,Crimes Against Property,Theft,Under Investigation,13.32198,74.82254
2977,100090004202202977,Tumakuru,4,2022-11-20,2022,11,FIR,Heinous,Crimes Against Body,Assault,Under Investigation,13.42506,77.13037
2978,100110001202502978,Davanagere,1,2025-12-01,2025,12,FIR,Non-Heinous,Crimes Against Property,Robbery,Charge Sheeted,14.42362,75.95413
2979,100130002202502979,Raichur,2,2025-02-13,2025,2,FIR,Non-Heinous,Crimes Against Women,Sexual Assault,Charge Sheeted,16.07529,77.39211
2980,100300002202302980,Uttara Kannada,2,2023-10-13,2023,10,PAR,Non-Heinous,Economic Offences,Forgery,Closed,14.75415,74.76816
2981,100050003202302981,Belagavi,3,2023-02-09,2023,2,FIR,Non-Heinous,Crimes Against Property,Burglary,Undetected,15.84622,74.52708
2982,100130002202202982,Raichur,2,2022-06-23,2022,6,FIR,Heinous,Crimes Against Women,Dowry Harassment,Charge Sheeted,16.17031,77.34828
2983,100030001202402983,Mysuru,1,2024-02-06,2024,2,FIR,Non-Heinous,Crimes Against Property,Robbery,Charge Sheeted,12.38427,76.60826
2984,100280003202302984,Haveri,3,2023-11-02,2023,11,FIR,Non-Heinous,Cyber Crime,Identity Theft,Under Investigation,14.81256,75.32833
2985,100150003202602985,Chikkamagaluru,3,2026-11-09,2026,11,FIR,Heinous,Crimes Against Body,Murder,Undetected,13.2614,75.77224
2986,100050004202502986,Belagavi,4,2025-04-24,2025,4,FIR,Non-Heinous,Crimes Against Property,Theft,Charge Sheeted,15.83754,74.49514
2987,100090001202402987,Tumakuru,1,2024-10-01,2024,10,FIR,Non-Heinous,Crimes Against Property,Burglary,Charge Sheeted,13.29008,77.10924
2988,100060003202502988,Kalaburagi,3,2025-09-24,2025,9,FIR,Non-Heinous,Cyber Crime,Phishing,Undetected,17.41368,76.82984
2989,100270004202502989,Bagalkot,4,2025-02-26,2025,2,PAR,Non-Heinous,Narcotics,NDPS Trafficking,Under Investigation,16.12391,75.64633
2990,700240002202602990,Kodagu,2,2026-11-08,2026,11,Zero FIR,Non-Heinous,Crimes Against Women,Domestic Violence,False Case,12.35832,75.7568
2991,100120001202302991,Vijayapura,1,2023-08-07,2023,8,FIR,Non-Heinous,Cyber Crime,Cyberstalking,Closed,16.72907,75.65693
2992,100200002202502992,Chitradurga,2,2025-08-27,2025,8,FIR,Heinous,Crimes Against Body,Murder,Under Investigation,14.1601,76.38207
2993,100160003202302993,Udupi,3,2023-08-19,2023,8,FIR,Heinous,Narcotics,NDPS Trafficking,Under Investigation,13.3241,74.67793
2994,100010002202202994,Bengaluru City,2,2022-01-01,2022,1,FIR,Non-Heinous,Crimes Against Property,Dacoity,Closed,12.93112,77.62945
2995,700020004202402995,Bengaluru Rural,4,2024-02-04,2024,2,Zero FIR,Non-Heinous,Crimes Against Property,Burglary,Undetected,13.22234,77.55534
2996,100050003202502996,Belagavi,3,2025-09-22,2025,9,FIR,Non-Heinous,Crimes Against Property,Theft,Closed,15.91218,74.63304
2997,100240002202202997,Kodagu,2,2022-08-24,2022,8,FIR,Non-Heinous,Economic Offences,Forgery,Undetected,12.20228,75.76356
2998,100220002202402998,Yadgir,2,2024-09-14,2024,9,FIR,Non-Heinous,Crimes Against Women,Molestation,Closed,16.70088,77.11592
2999,100160003202502999,Udupi,3,2025-07-05,2025,7,FIR,Non-Heinous,Crimes Against Body,Attempt to Murder,False Case,13.35895,74.64573
3000,700120002202603000,Vijayapura,2,2026-10-06,2026,10,Zero FIR,Heinous,Crimes Against Women,Molestation,Under Investigation,16.87761,75.64194
3001,100250001202503001,Ramanagara,1,2025-10-03,2025,10,FIR,Non-Heinous,Economic Offences,Cheating,False Case,12.66209,77.27557
3002,100110001202403002,Davanagere,1,2024-09-15,2024,9,PAR,Non-Heinous,Crimes Against Property,Robbery,Closed,14.53234,75.97152
3003,100230004202203003,Chamarajanagar,4,2022-11-06,2022,11,FIR,Non-Heinous,Cyber Crime,Phishing,Under Investigation,11.96298,76.84567
3004,100110002202503004,Davanagere,2,2025-08-10,2025,8,FIR,Non-Heinous,Crimes Against Property,Theft,Closed,14.58397,75.95529
3005,100230004202403005,Chamarajanagar,4,2024-02-04,2024,2,FIR,Non-Heinous,Crimes Against Property,Dacoity,Under Investigation,11.95992,76.8294
3006,400070002202503006,Hubballi-Dharwad,2,2025-02-27,2025,2,UDR,Non-Heinous,Crimes Against Body,Attempt to Murder,Closed,15.42579,75.12877
3007,100040004202203007,Mangaluru (Dakshina Kannada),4,2022-08-05,2022,8,FIR,Non-Heinous,Economic Offences,Cheating,Charge Sheeted,12.92156,74.89403
3008,100090003202303008,Tumakuru,3,2023-11-12,2023,11,FIR,Non-Heinous,Cyber Crime,Cyberstalking,Under Investigation,13.21829,77.09092
3009,100110003202603009,Davanagere,3,2026-08-16,2026,8,FIR,Non-Heinous,Crimes Against Property,Burglary,Charge Sheeted,14.66756,75.91006
3010,100130001202203010,Raichur,1,2022-02-20,2022,2,FIR,Heinous,Crimes Against Body,Grievous Hurt,Under Investigation,16.24611,77.3713
3011,100050003202503011,Belagavi,3,2025-09-17,2025,9,FIR,Non-Heinous,Economic Offences,Forgery,False Case,15.74771,74.47538
3012,700030002202203012,Mysuru,2,2022-03-04,2022,3,Zero FIR,Non-Heinous,Economic Offences,Cheating,Under Investigation,12.25991,76.66644
3013,100230001202203013,Chamarajanagar,1,2022-12-05,2022,12,FIR,Non-Heinous,Cyber Crime,Identity Theft,Closed,11.94818,76.9574
3014,100120004202503014,Vijayapura,4,2025-01-18,2025,1,FIR,Non-Heinous,Crimes Against Body,Attempt to Murder,Under Investigation,16.86108,75.74462
3015,100240002202303015,Kodagu,2,2023-08-19,2023,8,FIR,Non-Heinous,Crimes Against Body,Murder,Undetected,12.48901,75.80026
3016,100050002202203016,Belagavi,2,2022-11-13,2022,11,FIR,Non-Heinous,Crimes Against Body,Assault,Undetected,15.94453,74.40104
3017,100040004202203017,Mangaluru (Dakshina Kannada),4,2022-07-25,2022,7,FIR,Non-Heinous,Crimes Against Property,Dacoity,Undetected,12.81323,74.85557
3018,100020002202403018,Bengaluru Rural,2,2024-07-02,2024,7,FIR,Non-Heinous,Cyber Crime,Online Fraud,Undetected,13.30136,77.57209
3019,100020002202303019,Bengaluru Rural,2,2023-12-14,2023,12,FIR,Non-Heinous,Crimes Against Property,Robbery,Undetected,13.23113,77.50744
3020,400190004202403020,Hassan,4,2024-03-22,2024,3,UDR,Non-Heinous,Crimes Against Women,Domestic Violence,Undetected,12.95375,76.18967
3021,100010004202503021,Bengaluru City,4,2025-04-03,2025,4,FIR,Non-Heinous,Public Order,Rioting,Under Investigation,12.88987,77.50281
3022,100210003202303022,Koppal,3,2023-12-15,2023,12,PAR,Non-Heinous,Cyber Crime,Online Fraud,Undetected,15.42276,76.16262
3023,100160002202403023,Udupi,2,2024-02-11,2024,2,FIR,Non-Heinous,Cyber Crime,Online Fraud,False Case,13.44981,74.6791
3024,100190001202203024,Hassan,1,2022-07-24,2022,7,FIR,Non-Heinous,Public Order,Unlawful Assembly,Under Investigation,13.05591,76.11339
3025,100050001202203025,Belagavi,1,2022-03-12,2022,3,FIR,Non-Heinous,Crimes Against Women,Domestic Violence,Charge Sheeted,15.80081,74.50741
3026,100220002202303026,Yadgir,2,2023-08-06,2023,8,PAR,Non-Heinous,Crimes Against Property,Theft,Under Investigation,16.74911,77.11924
3027,100280001202203027,Haveri,1,2022-06-10,2022,6,FIR,Non-Heinous,Crimes Against Property,Robbery,False Case,14.78094,75.38789
3028,100130003202503028,Raichur,3,2025-11-20,2025,11,FIR,Non-Heinous,Crimes Against Body,Murder,Charge Sheeted,16.18556,77.33993
3029,100050004202303029,Belagavi,4,2023-10-27,2023,10,FIR,Non-Heinous,Crimes Against Property,Theft,False Case,15.79592,74.50468
3030,100140002202303030,Bidar,2,2023-03-10,2023,3,FIR,Non-Heinous,Crimes Against Property,Theft,Charge Sheeted,17.85443,77.45979
3031,100060003202603031,Kalaburagi,3,2026-10-21,2026,10,FIR,Non-Heinous,Crimes Against Body,Assault,Charge Sheeted,17.32951,76.80559
3032,100030001202303032,Mysuru,1,2023-04-16,2023,4,FIR,Non-Heinous,Public Order,Rioting,Charge Sheeted,12.24686,76.67339
3033,100020003202503033,Bengaluru Rural,3,2025-06-02,2025,6,FIR,Non-Heinous,Crimes Against Body,Assault,Closed,13.35218,77.52309
3034,100280002202603034,Haveri,2,2026-10-11,2026,10,FIR,Non-Heinous,Crimes Against Property,Dacoity,Under Investigation,14.82506,75.40099
3035,100020004202403035,Bengaluru Rural,4,2024-12-12,2024,12,FIR,Non-Heinous,Crimes Against Women,Domestic Violence,Closed,13.3298,77.56197
3036,100270002202403036,Bagalkot,2,2024-10-04,2024,10,FIR,Non-Heinous,Crimes Against Property,Burglary,Charge Sheeted,16.19085,75.58715
3037,100130003202303037,Raichur,3,2023-07-04,2023,7,FIR,Heinous,Narcotics,NDPS Trafficking,Under Investigation,16.3058,77.35692
3038,100070001202603038,Hubballi-Dharwad,1,2026-07-19,2026,7,FIR,Non-Heinous,Crimes Against Body,Assault,Charge Sheeted,15.42402,75.10641
3039,100050004202303039,Belagavi,4,2023-05-04,2023,5,FIR,Non-Heinous,Cyber Crime,Phishing,Charge Sheeted,15.83784,74.51602
3040,100010003202503040,Bengaluru City,3,2025-12-19,2025,12,FIR,Non-Heinous,Crimes Against Property,Robbery,Charge Sheeted,12.89596,77.63465
3041,100010004202603041,Bengaluru City,4,2026-05-15,2026,5,FIR,Heinous,Crimes Against Body,Attempt to Murder,False Case,13.01398,77.53658
3042,100150001202403042,Chikkamagaluru,1,2024-11-05,2024,11,FIR,Non-Heinous,Economic Offences,Forgery,Under Investigation,13.27689,75.71933
3043,100250001202403043,Ramanagara,1,2024-01-01,2024,1,FIR,Heinous,Narcotics,NDPS Possession,Under Investigation,12.71566,77.17685
3044,100210002202503044,Koppal,2,2025-11-02,2025,11,FIR,Non-Heinous,Crimes Against Body,Assault,Charge Sheeted,15.49905,76.3249
3045,100040001202503045,Mangaluru (Dakshina Kannada),1,2025-10-20,2025,10,FIR,Non-Heinous,Crimes Against Property,Burglary,Under Investigation,13.02501,74.90591
3046,100100003202403046,Shivamogga,3,2024-11-24,2024,11,FIR,Non-Heinous,Crimes Against Property,Dacoity,False Case,13.96748,75.55673
3047,700110004202303047,Davanagere,4,2023-03-14,2023,3,Zero FIR,Non-Heinous,Crimes Against Property,Robbery,Undetected,14.51915,75.90627
3048,100270002202303048,Bagalkot,2,2023-11-07,2023,11,FIR,Non-Heinous,Crimes Against Property,Dacoity,Closed,16.1893,75.64203
3049,100050003202303049,Belagavi,3,2023-07-21,2023,7,FIR,Heinous,Crimes Against Women,Domestic Violence,Charge Sheeted,15.82393,74.55408
3050,100300003202503050,Uttara Kannada,3,2025-08-16,2025,8,FIR,Non-Heinous,Crimes Against Property,Burglary,Charge Sheeted,14.68247,74.64151
3051,100020003202203051,Bengaluru Rural,3,2022-10-07,2022,10,FIR,Heinous,Crimes Against Body,Attempt to Murder,Under Investigation,13.26594,77.58288
3052,100010004202203052,Bengaluru City,4,2022-08-16,2022,8,FIR,Non-Heinous,Cyber Crime,Cyberstalking,Charge Sheeted,12.95336,77.59874
3053,700220003202203053,Yadgir,3,2022-02-03,2022,2,Zero FIR,Heinous,Crimes Against Women,Molestation,Under Investigation,16.72765,77.12862
3054,100110003202503054,Davanagere,3,2025-09-03,2025,9,FIR,Non-Heinous,Crimes Against Property,Burglary,Charge Sheeted,14.5106,75.84386
3055,100010001202403055,Bengaluru City,1,2024-06-27,2024,6,FIR,Non-Heinous,Crimes Against Property,Theft,Undetected,13.08566,77.60977
3056,100130002202603056,Raichur,2,2026-12-27,2026,12,FIR,Heinous,Crimes Against Women,Sexual Assault,Closed,16.15916,77.45067
3057,100230002202603057,Chamarajanagar,2,2026-11-19,2026,11,FIR,Non-Heinous,Crimes Against Property,Robbery,Charge Sheeted,11.92302,76.84624
3058,700240003202503058,Kodagu,3,2025-05-22,2025,5,Zero FIR,Non-Heinous,Crimes Against Property,Robbery,Charge Sheeted,12.33196,75.78985
3059,100210002202403059,Koppal,2,2024-03-02,2024,3,FIR,Heinous,Crimes Against Body,Attempt to Murder,Charge Sheeted,15.36648,76.22997
3060,700020003202203060,Bengaluru Rural,3,2022-10-23,2022,10,Zero FIR,Non-Heinous,Narcotics,NDPS Trafficking,Under Investigation,13.33235,77.6228
3061,100020001202203061,Bengaluru Rural,1,2022-06-26,2022,6,PAR,Non-Heinous,Crimes Against Women,Domestic Violence,False Case,13.21772,77.58707
3062,100010003202603062,Bengaluru City,3,2026-08-15,2026,8,FIR,Non-Heinous,Crimes Against Property,Robbery,Closed,12.95654,77.69388
3063,700030002202503063,Mysuru,2,2025-09-08,2025,9,Zero FIR,Non-Heinous,Crimes Against Property,Dacoity,Charge Sheeted,12.35648,76.62255
3064,400030002202503064,Mysuru,2,2025-07-03,2025,7,UDR,Non-Heinous,Crimes Against Women,Domestic Violence,False Case,12.36891,76.59799
3065,100280001202303065,Haveri,1,2023-08-02,2023,8,FIR,Heinous,Crimes Against Body,Murder,Closed,14.82004,75.41544
3066,100150004202203066,Chikkamagaluru,4,2022-02-23,2022,2,FIR,Non-Heinous,Crimes Against Women,Domestic Violence,Closed,13.30697,75.7028
3067,100020001202403067,Bengaluru Rural,1,2024-08-06,2024,8,FIR,Non-Heinous,Crimes Against Property,Dacoity,Under Investigation,13.29731,77.56556
3068,100020002202503068,Bengaluru Rural,2,2025-11-04,2025,11,FIR,Non-Heinous,Crimes Against Body,Attempt to Murder,Closed,13.1779,77.56264
3069,100080004202403069,Ballari,4,2024-07-04,2024,7,FIR,Non-Heinous,Crimes Against Body,Murder,Charge Sheeted,15.06343,76.92915
3070,100050004202203070,Belagavi,4,2022-06-07,2022,6,FIR,Non-Heinous,Cyber Crime,Cyberstalking,Under Investigation,15.79184,74.54373
3071,100020002202503071,Bengaluru Rural,2,2025-05-26,2025,5,FIR,Heinous,Crimes Against Women,Molestation,Undetected,13.28431,77.53262
3072,700060003202403072,Kalaburagi,3,2024-12-12,2024,12,Zero FIR,Non-Heinous,Crimes Against Property,Dacoity,Undetected,17.47211,76.93755
3073,100240003202503073,Kodagu,3,2025-04-25,2025,4,FIR,Non-Heinous,Crimes Against Women,Sexual Assault,Closed,12.23413,75.74844
3074,100210004202603074,Koppal,4,2026-07-19,2026,7,FIR,Non-Heinous,Crimes Against Women,Domestic Violence,Charge Sheeted,15.31718,76.19443
3075,100270004202403075,Bagalkot,4,2024-12-02,2024,12,FIR,Non-Heinous,Economic Offences,Criminal Breach of Trust,Under Investigation,16.14436,75.72474
3076,700120001202603076,Vijayapura,1,2026-03-01,2026,3,Zero FIR,Non-Heinous,Crimes Against Body,Grievous Hurt,Charge Sheeted,16.83135,75.5935
3077,700220001202403077,Yadgir,1,2024-08-18,2024,8,Zero FIR,Heinous,Crimes Against Body,Murder,Closed,16.65813,77.21026
3078,100050004202603078,Belagavi,4,2026-02-22,2026,2,PAR,Non-Heinous,Narcotics,NDPS Possession,Closed,15.74152,74.53688
3079,100040001202303079,Mangaluru (Dakshina Kannada),1,2023-12-16,2023,12,FIR,Non-Heinous,Economic Offences,Criminal Breach of Trust,Under Investigation,12.9857,74.80954
3080,100240001202303080,Kodagu,1,2023-09-01,2023,9,FIR,Heinous,Crimes Against Women,Sexual Assault,Under Investigation,12.43248,75.64529
3081,100220001202403081,Yadgir,1,2024-05-03,2024,5,FIR,Heinous,Crimes Against Women,Domestic Violence,Under Investigation,16.75101,77.13808
3082,100230004202403082,Chamarajanagar,4,2024-05-05,2024,5,FIR,Non-Heinous,Economic Offences,Forgery,False Case,11.85535,76.9019
3083,100050003202203083,Belagavi,3,2022-08-05,2022,8,FIR,Heinous,Crimes Against Body,Attempt to Murder,Under Investigation,15.84674,74.50198
3084,100030001202603084,Mysuru,1,2026-04-10,2026,4,FIR,Non-Heinous,Crimes Against Property,Robbery,Under Investigation,12.3334,76.6876
3085,100020004202303085,Bengaluru Rural,4,2023-12-14,2023,12,PAR,Heinous,Crimes Against Women,Molestation,Under Investigation,13.29581,77.59252
3086,100130002202603086,Raichur,2,2026-07-20,2026,7,FIR,Non-Heinous,Cyber Crime,Online Fraud,Charge Sheeted,16.16184,77.32902
3087,100100002202303087,Shivamogga,2,2023-11-11,2023,11,FIR,Non-Heinous,Crimes Against Women,Molestation,Undetected,13.90677,75.64661
3088,100020002202303088,Bengaluru Rural,2,2023-02-04,2023,2,FIR,Non-Heinous,Economic Offences,Criminal Breach of Trust,Closed,13.27289,77.49481
3089,700110003202203089,Davanagere,3,2022-02-23,2022,2,Zero FIR,Non-Heinous,Crimes Against Body,Grievous Hurt,Under Investigation,14.44446,75.92617
3090,100100002202403090,Shivamogga,2,2024-12-01,2024,12,FIR,Non-Heinous,Public Order,Unlawful Assembly,Undetected,13.88802,75.61019
3091,100050002202403091,Belagavi,2,2024-12-19,2024,12,FIR,Non-Heinous,Cyber Crime,Phishing,Charge Sheeted,15.90439,74.50839
3092,100030003202203092,Mysuru,3,2022-12-20,2022,12,PAR,Non-Heinous,Crimes Against Property,Dacoity,Undetected,12.26354,76.59667
3093,100020004202203093,Bengaluru Rural,4,2022-10-18,2022,10,FIR,Non-Heinous,Cyber Crime,Cyberstalking,Charge Sheeted,13.36287,77.56543
3094,100250002202503094,Ramanagara,2,2025-10-19,2025,10,FIR,Non-Heinous,Crimes Against Women,Dowry Harassment,Closed,12.70616,77.3573
3095,100250001202403095,Ramanagara,1,2024-08-10,2024,8,FIR,Non-Heinous,Crimes Against Property,Burglary,Under Investigation,12.80371,77.24811
3096,100190003202503096,Hassan,3,2025-03-19,2025,3,FIR,Non-Heinous,Cyber Crime,Cyberstalking,Closed,13.10656,76.07324
3097,100150001202503097,Chikkamagaluru,1,2025-04-27,2025,4,FIR,Non-Heinous,Economic Offences,Forgery,Undetected,13.2327,75.75287
3098,100050003202503098,Belagavi,3,2025-09-20,2025,9,FIR,Non-Heinous,Crimes Against Body,Assault,Charge Sheeted,15.86461,74.50418
3099,100240003202303099,Kodagu,3,2023-06-18,2023,6,FIR,Non-Heinous,Economic Offences,Cheating,Charge Sheeted,12.25358,75.78501
3100,100190002202403100,Hassan,2,2024-12-23,2024,12,FIR,Non-Heinous,Cyber Crime,Online Fraud,Closed,12.98726,76.11438
3101,100020001202503101,Bengaluru Rural,1,2025-05-05,2025,5,FIR,Non-Heinous,Economic Offences,Cheating,Under Investigation,13.34536,77.49198
3102,100140003202303102,Bidar,3,2023-05-03,2023,5,FIR,Heinous,Narcotics,NDPS Trafficking,Under Investigation,17.88286,77.3804
3103,100070002202603103,Hubballi-Dharwad,2,2026-04-17,2026,4,FIR,Non-Heinous,Cyber Crime,Online Fraud,Under Investigation,15.35406,75.09042
3104,100140003202603104,Bidar,3,2026-03-03,2026,3,FIR,Non-Heinous,Crimes Against Body,Attempt to Murder,Charge Sheeted,17.95231,77.54557
3105,700020002202403105,Bengaluru Rural,2,2024-04-21,2024,4,Zero FIR,Non-Heinous,Crimes Against Women,Molestation,Under Investigation,13.24106,77.54803
3106,100030004202603106,Mysuru,4,2026-02-06,2026,2,FIR,Non-Heinous,Crimes Against Property,Dacoity,Under Investigation,12.3322,76.66453
3107,100100004202503107,Shivamogga,4,2025-08-26,2025,8,FIR,Non-Heinous,Crimes Against Property,Dacoity,Charge Sheeted,13.88536,75.64158
3108,100070001202603108,Hubballi-Dharwad,1,2026-02-27,2026,2,FIR,Heinous,Crimes Against Women,Sexual Assault,Under Investigation,15.34099,75.16326
3109,400250002202303109,Ramanagara,2,2023-05-22,2023,5,UDR,Non-Heinous,Crimes Against Property,Dacoity,Charge Sheeted,12.79917,77.31195
3110,400180002202303110,Mandya,2,2023-07-19,2023,7,UDR,Non-Heinous,Crimes Against Women,Dowry Harassment,Closed,12.57762,76.96302
3111,100240003202403111,Kodagu,3,2024-11-08,2024,11,FIR,Non-Heinous,Economic Offences,Forgery,Charge Sheeted,12.32979,75.86954
3112,100220003202503112,Yadgir,3,2025-09-19,2025,9,FIR,Non-Heinous,Crimes Against Body,Assault,Closed,16.76252,77.12135
3113,700170003202303113,Kolar,3,2023-12-20,2023,12,Zero FIR,Non-Heinous,Crimes Against Women,Sexual Assault,Under Investigation,13.15085,78.19773
3114,100090003202403114,Tumakuru,3,2024-03-06,2024,3,FIR,Heinous,Crimes Against Women,Dowry Harassment,Closed,13.3241,77.09153
3115,100010002202403115,Bengaluru City,2,2024-02-06,2024,2,FIR,Non-Heinous,Economic Offences,Criminal Breach of Trust,Undetected,13.02698,77.66334
3116,100300001202203116,Uttara Kannada,1,2022-06-09,2022,6,FIR,Non-Heinous,Narcotics,NDPS Possession,Under Investigation,14.69635,74.72176
3117,100180002202503117,Mandya,2,2025-06-07,2025,6,FIR,Heinous,Crimes Against Women,Dowry Harassment,Charge Sheeted,12.42474,76.84329
3118,100110004202203118,Davanagere,4,2022-10-01,2022,10,FIR,Heinous,Narcotics,NDPS Trafficking,Undetected,14.50606,76.01178
3119,100250003202603119,Ramanagara,3,2026-07-14,2026,7,FIR,Non-Heinous,Economic Offences,Forgery,Under Investigation,12.68403,77.31228
3120,700050004202503120,Belagavi,4,2025-07-26,2025,7,Zero FIR,Heinous,Crimes Against Women,Domestic Violence,Under Investigation,15.83338,74.54685
3121,100210004202603121,Koppal,4,2026-12-01,2026,12,FIR,Heinous,Crimes Against Body,Murder,Closed,15.36632,76.21117
3122,100020002202503122,Bengaluru Rural,2,2025-11-06,2025,11,PAR,Non-Heinous,Public Order,Unlawful Assembly,Under Investigation,13.20859,77.62314
3123,100070001202403123,Hubballi-Dharwad,1,2024-01-24,2024,1,PAR,Non-Heinous,Crimes Against Property,Burglary,Charge Sheeted,15.37628,75.06814
3124,100280001202503124,Haveri,1,2025-09-13,2025,9,FIR,Non-Heinous,Crimes Against Women,Molestation,Charge Sheeted,14.84825,75.4386
3125,100010001202603125,Bengaluru City,1,2026-01-13,2026,1,FIR,Heinous,Crimes Against Women,Dowry Harassment,Charge Sheeted,12.96758,77.64987
3126,100070002202503126,Hubballi-Dharwad,2,2025-10-12,2025,10,FIR,Non-Heinous,Crimes Against Property,Robbery,Charge Sheeted,15.30391,75.22797
3127,700070003202603127,Hubballi-Dharwad,3,2026-08-20,2026,8,Zero FIR,Heinous,Narcotics,NDPS Trafficking,Closed,15.28168,75.14427
3128,100040004202603128,Mangaluru (Dakshina Kannada),4,2026-03-25,2026,3,FIR,Non-Heinous,Economic Offences,Criminal Breach of Trust,Under Investigation,12.82339,74.76454
3129,700050004202603129,Belagavi,4,2026-12-21,2026,12,Zero FIR,Non-Heinous,Crimes Against Property,Theft,Undetected,15.8867,74.6007
3130,100090001202503130,Tumakuru,1,2025-10-01,2025,10,FIR,Heinous,Crimes Against Body,Attempt to Murder,Closed,13.28694,77.02142
3131,100080001202403131,Ballari,1,2024-06-27,2024,6,FIR,Non-Heinous,Public Order,Rioting,Under Investigation,15.24889,76.78363
3132,400030003202203132,Mysuru,3,2022-04-18,2022,4,UDR,Non-Heinous,Crimes Against Property,Theft,Under Investigation,12.29676,76.59385
3133,100030003202203133,Mysuru,3,2022-12-09,2022,12,FIR,Non-Heinous,Economic Offences,Forgery,Charge Sheeted,12.31052,76.69446
3134,100030002202603134,Mysuru,2,2026-04-25,2026,4,FIR,Non-Heinous,Economic Offences,Criminal Breach of Trust,Charge Sheeted,12.38295,76.62744
3135,100220003202503135,Yadgir,3,2025-06-10,2025,6,FIR,Heinous,Crimes Against Women,Domestic Violence,Under Investigation,16.72212,77.13174
3136,100270004202603136,Bagalkot,4,2026-05-07,2026,5,PAR,Non-Heinous,Economic Offences,Forgery,Closed,16.19666,75.65384
3137,400100003202303137,Shivamogga,3,2023-09-12,2023,9,UDR,Non-Heinous,Crimes Against Property,Dacoity,Under Investigation,13.95185,75.54731
3138,100250001202603138,Ramanagara,1,2026-04-10,2026,4,FIR,Non-Heinous,Crimes Against Property,Burglary,Charge Sheeted,12.71072,77.32
3139,700030002202503139,Mysuru,2,2025-04-21,2025,4,Zero FIR,Heinous,Crimes Against Body,Assault,Under Investigation,12.20599,76.65339
3140,100080003202403140,Ballari,3,2024-08-01,2024,8,PAR,Non-Heinous,Crimes Against Property,Burglary,Charge Sheeted,15.10899,76.84461
3141,100040001202503141,Mangaluru (Dakshina Kannada),1,2025-09-20,2025,9,PAR,Non-Heinous,Crimes Against Body,Attempt to Murder,Closed,12.8778,74.88303
3142,100020003202403142,Bengaluru Rural,3,2024-05-13,2024,5,FIR,Non-Heinous,Economic Offences,Cheating,Charge Sheeted,13.32336,77.56839
3143,100260002202603143,Chikkaballapur,2,2026-05-15,2026,5,FIR,Heinous,Crimes Against Body,Assault,False Case,13.4927,77.70088
3144,100040003202203144,Mangaluru (Dakshina Kannada),3,2022-11-19,2022,11,PAR,Non-Heinous,Crimes Against Body,Attempt to Murder,Closed,12.90095,74.93253
3145,100180002202203145,Mandya,2,2022-07-07,2022,7,FIR,Non-Heinous,Cyber Crime,Online Fraud,Charge Sheeted,12.53842,76.93231
3146,100040003202603146,Mangaluru (Dakshina Kannada),3,2026-07-18,2026,7,FIR,Non-Heinous,Cyber Crime,Identity Theft,Under Investigation,12.98439,74.88415
3147,100040003202303147,Mangaluru (Dakshina Kannada),3,2023-03-26,2023,3,FIR,Non-Heinous,Economic Offences,Cheating,Charge Sheeted,12.95489,74.79377
3148,100170004202503148,Kolar,4,2025-01-25,2025,1,FIR,Heinous,Crimes Against Women,Molestation,Charge Sheeted,13.17676,78.21661
3149,100060004202503149,Kalaburagi,4,2025-07-27,2025,7,PAR,Heinous,Crimes Against Body,Attempt to Murder,False Case,17.30943,76.73947
3150,100160002202603150,Udupi,2,2026-11-13,2026,11,FIR,Non-Heinous,Crimes Against Property,Robbery,Charge Sheeted,13.3517,74.67598
3151,100020002202603151,Bengaluru Rural,2,2026-05-16,2026,5,PAR,Heinous,Crimes Against Body,Attempt to Murder,Closed,13.2231,77.56626
3152,100300001202303152,Uttara Kannada,1,2023-12-07,2023,12,FIR,Non-Heinous,Economic Offences,Forgery,Closed,14.8451,74.72726
3153,100070003202203153,Hubballi-Dharwad,3,2022-04-05,2022,4,FIR,Non-Heinous,Economic Offences,Forgery,Charge Sheeted,15.42342,75.15525
3154,100120001202603154,Vijayapura,1,2026-12-10,2026,12,FIR,Non-Heinous,Crimes Against Women,Dowry Harassment,Under Investigation,16.85506,75.73993
3155,100260004202303155,Chikkaballapur,4,2023-12-12,2023,12,FIR,Non-Heinous,Crimes Against Property,Theft,Charge Sheeted,13.39081,77.72919
3156,100200003202403156,Chitradurga,3,2024-04-11,2024,4,PAR,Non-Heinous,Crimes Against Property,Burglary,Undetected,14.26794,76.4919
3157,100060002202303157,Kalaburagi,2,2023-07-10,2023,7,FIR,Non-Heinous,Crimes Against Property,Dacoity,Under Investigation,17.32829,76.8261
3158,100220002202503158,Yadgir,2,2025-09-24,2025,9,FIR,Non-Heinous,Crimes Against Body,Grievous Hurt,False Case,16.77742,77.14736
3159,100030004202603159,Mysuru,4,2026-06-27,2026,6,FIR,Non-Heinous,Crimes Against Women,Dowry Harassment,Under Investigation,12.23754,76.56382
3160,100240004202503160,Kodagu,4,2025-05-27,2025,5,FIR,Non-Heinous,Public Order,Rioting,Under Investigation,12.36999,75.84745
3161,100130002202503161,Raichur,2,2025-10-15,2025,10,FIR,Non-Heinous,Crimes Against Body,Assault,Closed,16.24092,77.42147
3162,400160004202503162,Udupi,4,2025-01-02,2025,1,UDR,Non-Heinous,Cyber Crime,Online Fraud,Under Investigation,13.31955,74.82809
3163,400210002202303163,Koppal,2,2023-06-20,2023,6,UDR,Heinous,Crimes Against Body,Murder,Undetected,15.44565,76.06874
3164,100130003202603164,Raichur,3,2026-07-15,2026,7,FIR,Heinous,Crimes Against Body,Murder,Closed,16.2522,77.36346
3165,100170002202503165,Kolar,2,2025-12-25,2025,12,FIR,Non-Heinous,Crimes Against Property,Dacoity,Charge Sheeted,13.09908,78.1972
3166,100050002202503166,Belagavi,2,2025-07-06,2025,7,FIR,Non-Heinous,Crimes Against Women,Domestic Violence,Under Investigation,15.8379,74.51697
3167,100090001202503167,Tumakuru,1,2025-09-12,2025,9,FIR,Non-Heinous,Economic Offences,Forgery,Charge Sheeted,13.48906,77.0791
3168,400200004202403168,Chitradurga,4,2024-02-06,2024,2,UDR,Non-Heinous,Crimes Against Property,Robbery,Under Investigation,14.16135,76.40432
3169,100050002202303169,Belagavi,2,2023-09-20,2023,9,FIR,Heinous,Crimes Against Women,Dowry Harassment,Undetected,15.93388,74.49388
3170,100010002202503170,Bengaluru City,2,2025-06-19,2025,6,FIR,Non-Heinous,Narcotics,NDPS Possession,Charge Sheeted,12.96863,77.52441
3171,100100002202403171,Shivamogga,2,2024-09-26,2024,9,FIR,Non-Heinous,Public Order,Rioting,Undetected,13.91983,75.52634
3172,100190004202403172,Hassan,4,2024-07-14,2024,7,FIR,Non-Heinous,Economic Offences,Forgery,Charge Sheeted,13.02799,76.0308
3173,100040004202203173,Mangaluru (Dakshina Kannada),4,2022-03-27,2022,3,FIR,Non-Heinous,Crimes Against Women,Dowry Harassment,Charge Sheeted,12.84812,74.90366
3174,400050003202203174,Belagavi,3,2022-11-19,2022,11,UDR,Non-Heinous,Crimes Against Property,Dacoity,False Case,15.85532,74.55934
3175,700080003202503175,Ballari,3,2025-08-19,2025,8,Zero FIR,Non-Heinous,Cyber Crime,Identity Theft,Under Investigation,15.07113,76.92158
3176,100090003202303176,Tumakuru,3,2023-06-09,2023,6,FIR,Heinous,Crimes Against Body,Murder,Closed,13.31616,77.17025
3177,100110004202303177,Davanagere,4,2023-08-05,2023,8,FIR,Non-Heinous,Crimes Against Property,Theft,Charge Sheeted,14.48016,75.97703
3178,700050004202603178,Belagavi,4,2026-06-20,2026,6,Zero FIR,Non-Heinous,Crimes Against Body,Grievous Hurt,False Case,15.82058,74.54371
3179,100110001202503179,Davanagere,1,2025-11-14,2025,11,FIR,Non-Heinous,Crimes Against Property,Burglary,Charge Sheeted,14.50087,75.8414
3180,100250004202603180,Ramanagara,4,2026-06-17,2026,6,FIR,Non-Heinous,Crimes Against Property,Burglary,Undetected,12.71424,77.33329
3181,100170003202603181,Kolar,3,2026-08-11,2026,8,FIR,Non-Heinous,Crimes Against Body,Grievous Hurt,Charge Sheeted,13.09792,78.15458
3182,100230002202303182,Chamarajanagar,2,2023-06-19,2023,6,FIR,Heinous,Crimes Against Body,Assault,Under Investigation,11.97682,76.92389
3183,100010002202603183,Bengaluru City,2,2026-06-07,2026,6,FIR,Heinous,Narcotics,NDPS Possession,Closed,12.98514,77.61706
3184,100120003202403184,Vijayapura,3,2024-05-01,2024,5,FIR,Non-Heinous,Public Order,Unlawful Assembly,Undetected,16.75866,75.57988
3185,100240001202503185,Kodagu,1,2025-02-08,2025,2,FIR,Non-Heinous,Crimes Against Property,Dacoity,Under Investigation,12.32936,75.80726
3186,100070001202203186,Hubballi-Dharwad,1,2022-01-02,2022,1,FIR,Non-Heinous,Economic Offences,Cheating,False Case,15.37154,75.21442
3187,400230004202503187,Chamarajanagar,4,2025-05-24,2025,5,UDR,Non-Heinous,Crimes Against Women,Molestation,Undetected,11.97422,76.9258
3188,100040004202503188,Mangaluru (Dakshina Kannada),4,2025-10-01,2025,10,FIR,Non-Heinous,Crimes Against Property,Dacoity,Closed,12.89737,74.91359
3189,100110004202303189,Davanagere,4,2023-12-24,2023,12,PAR,Non-Heinous,Crimes Against Body,Attempt to Murder,Undetected,14.53648,76.01347
3190,100140004202403190,Bidar,4,2024-06-25,2024,6,FIR,Non-Heinous,Crimes Against Women,Dowry Harassment,Under Investigation,18.01243,77.57045
3191,100210004202303191,Koppal,4,2023-04-08,2023,4,FIR,Non-Heinous,Crimes Against Property,Robbery,Undetected,15.30658,76.20033
3192,100020004202503192,Bengaluru Rural,4,2025-12-12,2025,12,FIR,Non-Heinous,Public Order,Unlawful Assembly,Charge Sheeted,13.21641,77.54611
3193,700100001202303193,Shivamogga,1,2023-05-12,2023,5,Zero FIR,Non-Heinous,Crimes Against Property,Dacoity,False Case,13.81291,75.57924
3194,100200002202403194,Chitradurga,2,2024-08-08,2024,8,FIR,Heinous,Crimes Against Women,Sexual Assault,Under Investigation,14.20877,76.38386
3195,100110001202203195,Davanagere,1,2022-10-18,2022,10,FIR,Non-Heinous,Crimes Against Property,Burglary,Closed,14.31129,75.93203
3196,100130004202203196,Raichur,4,2022-08-11,2022,8,FIR,Non-Heinous,Crimes Against Property,Dacoity,Under Investigation,16.20098,77.25132
3197,100160004202603197,Udupi,4,2026-07-11,2026,7,FIR,Non-Heinous,Crimes Against Property,Robbery,Under Investigation,13.3349,74.78469
3198,100060003202203198,Kalaburagi,3,2022-11-26,2022,11,FIR,Non-Heinous,Crimes Against Property,Theft,False Case,17.37798,76.93597
3199,100010003202603199,Bengaluru City,3,2026-09-10,2026,9,FIR,Heinous,Crimes Against Body,Murder,Charge Sheeted,12.92283,77.59133
3200,100120002202603200,Vijayapura,2,2026-12-09,2026,12,FIR,Non-Heinous,Crimes Against Women,Sexual Assault,Closed,16.86978,75.60287
3201,700050003202503201,Belagavi,3,2025-09-25,2025,9,Zero FIR,Non-Heinous,Cyber Crime,Identity Theft,Under Investigation,15.80801,74.48139
3202,100220004202403202,Yadgir,4,2024-05-10,2024,5,FIR,Non-Heinous,Narcotics,NDPS Possession,Closed,16.81709,77.12077
3203,100240002202403203,Kodagu,2,2024-09-18,2024,9,FIR,Non-Heinous,Crimes Against Women,Molestation,Undetected,12.39852,75.82421
3204,700070003202603204,Hubballi-Dharwad,3,2026-07-25,2026,7,Zero FIR,Non-Heinous,Crimes Against Property,Theft,False Case,15.44053,75.04858
3205,100060001202603205,Kalaburagi,1,2026-04-27,2026,4,FIR,Non-Heinous,Cyber Crime,Phishing,Under Investigation,17.23815,76.76836
3206,100080001202603206,Ballari,1,2026-01-23,2026,1,FIR,Non-Heinous,Crimes Against Property,Robbery,Under Investigation,15.11563,76.93836
3207,100190002202603207,Hassan,2,2026-08-14,2026,8,PAR,Non-Heinous,Crimes Against Body,Attempt to Murder,Charge Sheeted,12.92058,76.1027
3208,700250001202303208,Ramanagara,1,2023-07-15,2023,7,Zero FIR,Heinous,Crimes Against Women,Sexual Assault,Charge Sheeted,12.70269,77.20666
3209,100090003202303209,Tumakuru,3,2023-10-14,2023,10,FIR,Non-Heinous,Economic Offences,Forgery,Closed,13.3881,77.09912
3210,100020004202303210,Bengaluru Rural,4,2023-04-02,2023,4,PAR,Heinous,Crimes Against Women,Sexual Assault,Under Investigation,13.25966,77.55725
3211,100040003202303211,Mangaluru (Dakshina Kannada),3,2023-04-20,2023,4,FIR,Heinous,Narcotics,NDPS Trafficking,Charge Sheeted,12.98558,74.78369
3212,100010002202403212,Bengaluru City,2,2024-01-03,2024,1,FIR,Non-Heinous,Crimes Against Property,Theft,Charge Sheeted,12.84984,77.52709
3213,100010004202503213,Bengaluru City,4,2025-10-23,2025,10,FIR,Non-Heinous,Crimes Against Property,Robbery,Charge Sheeted,13.06919,77.58634
3214,100200001202603214,Chitradurga,1,2026-01-27,2026,1,FIR,Non-Heinous,Crimes Against Body,Attempt to Murder,Closed,14.2005,76.34144
3215,100020004202503215,Bengaluru Rural,4,2025-09-25,2025,9,PAR,Non-Heinous,Crimes Against Property,Theft,Undetected,13.31193,77.50264
3216,100030002202503216,Mysuru,2,2025-04-01,2025,4,FIR,Non-Heinous,Crimes Against Property,Dacoity,Closed,12.31023,76.56377
3217,100040004202403217,Mangaluru (Dakshina Kannada),4,2024-09-17,2024,9,FIR,Non-Heinous,Crimes Against Women,Molestation,Undetected,12.8411,74.97857
3218,700120004202503218,Vijayapura,4,2025-11-09,2025,11,Zero FIR,Non-Heinous,Crimes Against Property,Burglary,Under Investigation,16.73664,75.73439
3219,100230002202203219,Chamarajanagar,2,2022-05-20,2022,5,FIR,Non-Heinous,Crimes Against Body,Murder,Charge Sheeted,11.87978,76.91956
3220,400270003202203220,Bagalkot,3,2022-12-13,2022,12,UDR,Heinous,Crimes Against Body,Attempt to Murder,Under Investigation,16.17358,75.60908
3221,100110002202603221,Davanagere,2,2026-05-18,2026,5,FIR,Non-Heinous,Crimes Against Property,Theft,Charge Sheeted,14.48014,75.89859
3222,400200002202403222,Chitradurga,2,2024-05-20,2024,5,UDR,Non-Heinous,Economic Offences,Forgery,Closed,14.30601,76.40174
3223,100050001202303223,Belagavi,1,2023-07-22,2023,7,FIR,Non-Heinous,Crimes Against Property,Theft,Closed,15.86395,74.5472
3224,100080003202503224,Ballari,3,2025-11-09,2025,11,FIR,Non-Heinous,Cyber Crime,Online Fraud,Under Investigation,15.03325,76.96489
3225,100130003202403225,Raichur,3,2024-09-21,2024,9,FIR,Heinous,Crimes Against Body,Murder,Under Investigation,16.24684,77.37398
3226,100200003202403226,Chitradurga,3,2024-12-23,2024,12,FIR,Non-Heinous,Crimes Against Women,Dowry Harassment,Undetected,14.19869,76.31872
3227,700040002202303227,Mangaluru (Dakshina Kannada),2,2023-02-11,2023,2,Zero FIR,Heinous,Crimes Against Women,Sexual Assault,Under Investigation,12.94514,74.8625
3228,100020001202503228,Bengaluru Rural,1,2025-06-07,2025,6,FIR,Non-Heinous,Cyber Crime,Identity Theft,Under Investigation,13.33758,77.50332
3229,100220002202503229,Yadgir,2,2025-04-25,2025,4,FIR,Non-Heinous,Crimes Against Property,Robbery,Under Investigation,16.69872,77.17851
3230,100250001202403230,Ramanagara,1,2024-04-12,2024,4,FIR,Non-Heinous,Cyber Crime,Online Fraud,False Case,12.74385,77.362
3231,100190003202603231,Hassan,3,2026-04-14,2026,4,FIR,Heinous,Crimes Against Body,Murder,Charge Sheeted,13.06632,76.19196
3232,100280002202603232,Haveri,2,2026-07-17,2026,7,FIR,Non-Heinous,Crimes Against Property,Burglary,Charge Sheeted,14.69732,75.43365
3233,700080002202403233,Ballari,2,2024-09-27,2024,9,Zero FIR,Non-Heinous,Narcotics,NDPS Trafficking,Closed,15.15206,76.95893
3234,100070001202403234,Hubballi-Dharwad,1,2024-02-01,2024,2,FIR,Non-Heinous,Crimes Against Body,Attempt to Murder,Charge Sheeted,15.3712,75.07909
3235,100200002202303235,Chitradurga,2,2023-11-07,2023,11,FIR,Heinous,Crimes Against Women,Molestation,False Case,14.22978,76.43207
3236,700060004202603236,Kalaburagi,4,2026-03-20,2026,3,Zero FIR,Heinous,Crimes Against Women,Dowry Harassment,Undetected,17.29594,76.84348
3237,100020003202403237,Bengaluru Rural,3,2024-06-08,2024,6,FIR,Non-Heinous,Crimes Against Property,Burglary,Charge Sheeted,13.24209,77.58274
3238,100140001202403238,Bidar,1,2024-02-17,2024,2,FIR,Non-Heinous,Crimes Against Property,Robbery,Under Investigation,17.8727,77.52975
3239,100070002202603239,Hubballi-Dharwad,2,2026-02-08,2026,2,FIR,Non-Heinous,Narcotics,NDPS Trafficking,Under Investigation,15.51967,75.15195
3240,100070004202503240,Hubballi-Dharwad,4,2025-04-22,2025,4,FIR,Heinous,Crimes Against Women,Sexual Assault,False Case,15.41091,75.02584
3241,100030004202603241,Mysuru,4,2026-02-10,2026,2,FIR,Non-Heinous,Crimes Against Women,Sexual Assault,Under Investigation,12.27039,76.59142
3242,100300002202403242,Uttara Kannada,2,2024-07-06,2024,7,FIR,Non-Heinous,Crimes Against Property,Robbery,Charge Sheeted,14.87491,74.75598
3243,100130002202303243,Raichur,2,2023-02-03,2023,2,FIR,Non-Heinous,Crimes Against Women,Dowry Harassment,Closed,16.13347,77.30641
3244,400120004202403244,Vijayapura,4,2024-06-21,2024,6,UDR,Non-Heinous,Crimes Against Body,Attempt to Murder,Under Investigation,16.84579,75.71129
3245,100100001202303245,Shivamogga,1,2023-03-12,2023,3,FIR,Non-Heinous,Crimes Against Body,Murder,Under Investigation,14.01022,75.56508
3246,100130002202603246,Raichur,2,2026-07-26,2026,7,PAR,Non-Heinous,Crimes Against Property,Robbery,Closed,16.2002,77.1734
3247,100200001202303247,Chitradurga,1,2023-06-14,2023,6,FIR,Heinous,Crimes Against Women,Sexual Assault,Under Investigation,14.21444,76.23723
3248,100110001202403248,Davanagere,1,2024-08-25,2024,8,FIR,Non-Heinous,Crimes Against Body,Grievous Hurt,Charge Sheeted,14.51512,75.99967
3249,100070003202603249,Hubballi-Dharwad,3,2026-07-02,2026,7,FIR,Heinous,Crimes Against Women,Domestic Violence,Under Investigation,15.43083,75.16838
3250,100120003202303250,Vijayapura,3,2023-01-26,2023,1,FIR,Non-Heinous,Crimes Against Property,Robbery,Under Investigation,16.89954,75.73694
3251,100090003202603251,Tumakuru,3,2026-09-20,2026,9,FIR,Non-Heinous,Crimes Against Property,Theft,Under Investigation,13.33616,77.16405
3252,100040003202503252,Mangaluru (Dakshina Kannada),3,2025-08-13,2025,8,FIR,Non-Heinous,Economic Offences,Cheating,Under Investigation,12.88642,74.77292
3253,100030003202303253,Mysuru,3,2023-11-13,2023,11,FIR,Non-Heinous,Crimes Against Property,Dacoity,False Case,12.25272,76.67992
3254,100030001202603254,Mysuru,1,2026-07-26,2026,7,PAR,Non-Heinous,Cyber Crime,Cyberstalking,Closed,12.21225,76.69754
3255,100270002202203255,Bagalkot,2,2022-01-13,2022,1,FIR,Non-Heinous,Cyber Crime,Cyberstalking,Under Investigation,16.30766,75.56933
3256,400040004202603256,Mangaluru (Dakshina Kannada),4,2026-01-06,2026,1,UDR,Heinous,Crimes Against Body,Murder,Charge Sheeted,12.90928,74.79978
3257,100150001202203257,Chikkamagaluru,1,2022-05-27,2022,5,FIR,Non-Heinous,Crimes Against Property,Burglary,Undetected,13.34026,75.68907
3258,100250003202203258,Ramanagara,3,2022-05-27,2022,5,FIR,Heinous,Crimes Against Body,Grievous Hurt,Under Investigation,12.81285,77.21569
3259,100170004202403259,Kolar,4,2024-10-06,2024,10,FIR,Non-Heinous,Crimes Against Property,Burglary,Charge Sheeted,13.15927,78.13887
3260,100020001202203260,Bengaluru Rural,1,2022-12-06,2022,12,FIR,Heinous,Crimes Against Women,Dowry Harassment,Charge Sheeted,13.314,77.50314
3261,100190003202503261,Hassan,3,2025-09-02,2025,9,FIR,Heinous,Crimes Against Body,Grievous Hurt,Closed,12.93302,76.13025
3262,100030001202503262,Mysuru,1,2025-01-18,2025,1,FIR,Heinous,Crimes Against Body,Grievous Hurt,Under Investigation,12.29334,76.74177
3263,400050003202603263,Belagavi,3,2026-05-05,2026,5,UDR,Non-Heinous,Crimes Against Women,Sexual Assault,Charge Sheeted,15.90526,74.3982
3264,100080003202603264,Ballari,3,2026-04-11,2026,4,PAR,Non-Heinous,Crimes Against Property,Burglary,Under Investigation,15.0475,76.91919
3265,100050002202403265,Belagavi,2,2024-02-01,2024,2,FIR,Non-Heinous,Crimes Against Women,Domestic Violence,Under Investigation,15.87961,74.4493
3266,100020001202303266,Bengaluru Rural,1,2023-04-15,2023,4,FIR,Non-Heinous,Cyber Crime,Online Fraud,Charge Sheeted,13.31942,77.54026
3267,100080004202303267,Ballari,4,2023-06-20,2023,6,FIR,Non-Heinous,Crimes Against Property,Dacoity,False Case,15.06317,76.88423
3268,100220004202203268,Yadgir,4,2022-08-23,2022,8,FIR,Non-Heinous,Crimes Against Body,Grievous Hurt,Under Investigation,16.73963,77.07075
3269,100010001202203269,Bengaluru City,1,2022-06-05,2022,6,FIR,Heinous,Crimes Against Body,Attempt to Murder,Under Investigation,12.95311,77.67033
3270,100280002202303270,Haveri,2,2023-01-24,2023,1,FIR,Non-Heinous,Crimes Against Property,Burglary,Under Investigation,14.93158,75.57776
3271,100020002202503271,Bengaluru Rural,2,2025-10-10,2025,10,FIR,Non-Heinous,Crimes Against Property,Robbery,Under Investigation,13.31952,77.5921
3272,100240002202503272,Kodagu,2,2025-01-25,2025,1,FIR,Heinous,Crimes Against Body,Murder,Closed,12.30041,75.87304
3273,100010004202503273,Bengaluru City,4,2025-07-09,2025,7,FIR,Non-Heinous,Economic Offences,Criminal Breach of Trust,Charge Sheeted,13.02274,77.61505
3274,100020002202603274,Bengaluru Rural,2,2026-02-12,2026,2,FIR,Heinous,Crimes Against Women,Dowry Harassment,Under Investigation,13.32176,77.60369
3275,100160002202203275,Udupi,2,2022-03-21,2022,3,PAR,Non-Heinous,Public Order,Rioting,Undetected,13.40487,74.77901
3276,100020001202403276,Bengaluru Rural,1,2024-03-26,2024,3,FIR,Non-Heinous,Economic Offences,Cheating,Closed,13.19452,77.42421
3277,100110003202503277,Davanagere,3,2025-09-15,2025,9,FIR,Non-Heinous,Crimes Against Body,Grievous Hurt,Charge Sheeted,14.43004,75.97897
3278,100160004202503278,Udupi,4,2025-12-20,2025,12,PAR,Non-Heinous,Economic Offences,Criminal Breach of Trust,Under Investigation,13.22165,74.69549
3279,100270002202603279,Bagalkot,2,2026-11-20,2026,11,FIR,Heinous,Crimes Against Women,Dowry Harassment,Charge Sheeted,16.11216,75.74621
3280,100010001202503280,Bengaluru City,1,2025-01-26,2025,1,FIR,Non-Heinous,Crimes Against Property,Dacoity,Under Investigation,12.88729,77.7203
3281,100080003202403281,Ballari,3,2024-09-10,2024,9,FIR,Heinous,Crimes Against Body,Attempt to Murder,Closed,15.14424,76.9129
3282,100020003202403282,Bengaluru Rural,3,2024-08-10,2024,8,FIR,Non-Heinous,Crimes Against Body,Grievous Hurt,Under Investigation,13.30038,77.51367
3283,100020004202503283,Bengaluru Rural,4,2025-10-09,2025,10,FIR,Non-Heinous,Cyber Crime,Identity Theft,Under Investigation,13.29477,77.57964
3284,700160003202603284,Udupi,3,2026-10-05,2026,10,Zero FIR,Non-Heinous,Crimes Against Women,Domestic Violence,Under Investigation,13.4193,74.73397
3285,100010001202603285,Bengaluru City,1,2026-01-13,2026,1,FIR,Non-Heinous,Crimes Against Body,Attempt to Murder,Under Investigation,12.95218,77.58566
3286,100050001202403286,Belagavi,1,2024-02-07,2024,2,FIR,Non-Heinous,Public Order,Unlawful Assembly,Under Investigation,15.88588,74.5679
3287,100170001202303287,Kolar,1,2023-04-06,2023,4,FIR,Non-Heinous,Crimes Against Body,Murder,Charge Sheeted,13.05171,78.09626
3288,100240004202403288,Kodagu,4,2024-12-20,2024,12,PAR,Non-Heinous,Crimes Against Property,Dacoity,Charge Sheeted,12.41107,75.68229
3289,400250004202203289,Ramanagara,4,2022-03-12,2022,3,UDR,Non-Heinous,Crimes Against Property,Burglary,Under Investigation,12.6531,77.30356
3290,100020004202303290,Bengaluru Rural,4,2023-04-13,2023,4,FIR,Non-Heinous,Crimes Against Body,Attempt to Murder,False Case,13.25311,77.54758
3291,100080002202603291,Ballari,2,2026-10-26,2026,10,FIR,Non-Heinous,Crimes Against Property,Burglary,Closed,15.13334,76.89702
3292,100190001202503292,Hassan,1,2025-12-27,2025,12,FIR,Non-Heinous,Crimes Against Property,Dacoity,False Case,13.04214,76.12627
3293,100140002202503293,Bidar,2,2025-01-21,2025,1,FIR,Non-Heinous,Crimes Against Women,Domestic Violence,Under Investigation,17.87798,77.4655
3294,100140001202403294,Bidar,1,2024-05-05,2024,5,FIR,Non-Heinous,Crimes Against Body,Grievous Hurt,Under Investigation,17.99185,77.52831
3295,100220003202503295,Yadgir,3,2025-06-01,2025,6,FIR,Non-Heinous,Crimes Against Body,Grievous Hurt,Closed,16.77966,77.01155
3296,100120001202503296,Vijayapura,1,2025-05-04,2025,5,FIR,Non-Heinous,Crimes Against Property,Burglary,Undetected,16.75327,75.79787
3297,100020002202203297,Bengaluru Rural,2,2022-04-20,2022,4,FIR,Heinous,Crimes Against Body,Assault,Under Investigation,13.297,77.60545
3298,100060003202503298,Kalaburagi,3,2025-05-13,2025,5,FIR,Heinous,Crimes Against Women,Molestation,Undetected,17.36645,76.74968
3299,100240004202303299,Kodagu,4,2023-06-20,2023,6,FIR,Non-Heinous,Crimes Against Property,Robbery,Charge Sheeted,12.30427,75.74121
3300,100010002202403300,Bengaluru City,2,2024-05-12,2024,5,FIR,Non-Heinous,Crimes Against Body,Assault,Charge Sheeted,12.88949,77.56236
3301,100010003202503301,Bengaluru City,3,2025-08-06,2025,8,FIR,Non-Heinous,Crimes Against Property,Robbery,Closed,12.88205,77.67066
3302,100250002202403302,Ramanagara,2,2024-12-03,2024,12,FIR,Non-Heinous,Crimes Against Property,Dacoity,False Case,12.67242,77.27524
3303,100130003202603303,Raichur,3,2026-01-18,2026,1,FIR,Heinous,Crimes Against Body,Attempt to Murder,Closed,16.22648,77.38933
3304,100240003202603304,Kodagu,3,2026-12-26,2026,12,FIR,Heinous,Crimes Against Body,Murder,Charge Sheeted,12.35071,75.861
3305,400020004202403305,Bengaluru Rural,4,2024-02-19,2024,2,UDR,Non-Heinous,Crimes Against Property,Robbery,Under Investigation,13.24627,77.52346
3306,100100004202503306,Shivamogga,4,2025-07-06,2025,7,FIR,Non-Heinous,Economic Offences,Criminal Breach of Trust,Charge Sheeted,13.77509,75.6314
3307,100170002202603307,Kolar,2,2026-07-13,2026,7,FIR,Non-Heinous,Crimes Against Women,Domestic Violence,Undetected,13.04268,78.16772
3308,100050003202503308,Belagavi,3,2025-05-25,2025,5,PAR,Non-Heinous,Economic Offences,Cheating,Closed,15.84054,74.48276
3309,100030004202603309,Mysuru,4,2026-05-01,2026,5,FIR,Non-Heinous,Crimes Against Property,Burglary,False Case,12.29293,76.58029
3310,100080003202303310,Ballari,3,2023-04-27,2023,4,FIR,Non-Heinous,Narcotics,NDPS Trafficking,Closed,15.15255,76.93678
3311,100260001202503311,Chikkaballapur,1,2025-04-11,2025,4,FIR,Non-Heinous,Public Order,Rioting,Under Investigation,13.41746,77.78316
3312,100140004202403312,Bidar,4,2024-02-06,2024,2,FIR,Non-Heinous,Crimes Against Women,Domestic Violence,Charge Sheeted,17.99813,77.61073
3313,100010004202503313,Bengaluru City,4,2025-06-26,2025,6,FIR,Non-Heinous,Crimes Against Property,Theft,Charge Sheeted,13.0691,77.57115
3314,100010004202503314,Bengaluru City,4,2025-06-08,2025,6,FIR,Non-Heinous,Crimes Against Property,Robbery,Charge Sheeted,12.88407,77.6617
3315,100030001202203315,Mysuru,1,2022-02-21,2022,2,FIR,Non-Heinous,Crimes Against Property,Theft,Under Investigation,12.36811,76.55022
3316,100050003202203316,Belagavi,3,2022-05-04,2022,5,FIR,Heinous,Crimes Against Body,Grievous Hurt,Under Investigation,15.8665,74.43908
3317,100060003202503317,Kalaburagi,3,2025-02-26,2025,2,FIR,Non-Heinous,Crimes Against Women,Sexual Assault,Closed,17.27336,76.89078
3318,400060002202303318,Kalaburagi,2,2023-05-06,2023,5,UDR,Non-Heinous,Crimes Against Property,Robbery,Under Investigation,17.39058,76.74367
3319,100050003202503319,Belagavi,3,2025-06-21,2025,6,FIR,Non-Heinous,Crimes Against Property,Robbery,Charge Sheeted,15.89084,74.45758
3320,100130003202403320,Raichur,3,2024-05-16,2024,5,FIR,Non-Heinous,Crimes Against Body,Attempt to Murder,Under Investigation,16.25098,77.35827
3321,100230004202603321,Chamarajanagar,4,2026-06-13,2026,6,FIR,Heinous,Crimes Against Body,Attempt to Murder,Charge Sheeted,11.83738,76.88227
3322,100140004202603322,Bidar,4,2026-10-21,2026,10,FIR,Heinous,Crimes Against Women,Domestic Violence,False Case,17.84019,77.50524
3323,700090004202603323,Tumakuru,4,2026-11-19,2026,11,Zero FIR,Non-Heinous,Public Order,Unlawful Assembly,Closed,13.34822,77.1631
3324,100010002202503324,Bengaluru City,2,2025-12-14,2025,12,FIR,Non-Heinous,Public Order,Rioting,Under Investigation,12.95299,77.4425
3325,100250004202603325,Ramanagara,4,2026-03-20,2026,3,FIR,Heinous,Crimes Against Body,Assault,Under Investigation,12.71212,77.29832
3326,100010001202203326,Bengaluru City,1,2022-02-02,2022,2,FIR,Non-Heinous,Economic Offences,Forgery,False Case,12.9858,77.65097
3327,100280004202503327,Haveri,4,2025-12-13,2025,12,FIR,Non-Heinous,Cyber Crime,Identity Theft,Charge Sheeted,14.68231,75.43176
3328,100070003202503328,Hubballi-Dharwad,3,2025-09-18,2025,9,FIR,Non-Heinous,Crimes Against Women,Sexual Assault,Charge Sheeted,15.30418,75.09998
3329,100110004202603329,Davanagere,4,2026-07-09,2026,7,FIR,Non-Heinous,Crimes Against Women,Sexual Assault,Charge Sheeted,14.44901,75.84537
3330,100060003202403330,Kalaburagi,3,2024-01-18,2024,1,FIR,Heinous,Crimes Against Body,Murder,Closed,17.38611,76.7707
3331,100240001202403331,Kodagu,1,2024-06-08,2024,6,FIR,Non-Heinous,Crimes Against Body,Attempt to Murder,Under Investigation,12.2837,75.82382
3332,100050002202403332,Belagavi,2,2024-11-25,2024,11,FIR,Non-Heinous,Economic Offences,Criminal Breach of Trust,Charge Sheeted,15.89154,74.46917
3333,100070001202303333,Hubballi-Dharwad,1,2023-04-07,2023,4,FIR,Non-Heinous,Crimes Against Women,Sexual Assault,False Case,15.40331,75.16666
3334,100280002202403334,Haveri,2,2024-05-05,2024,5,FIR,Non-Heinous,Crimes Against Property,Dacoity,Under Investigation,14.91676,75.47783
3335,100040004202503335,Mangaluru (Dakshina Kannada),4,2025-05-18,2025,5,FIR,Non-Heinous,Economic Offences,Cheating,Under Investigation,12.91764,74.92658
3336,400200001202603336,Chitradurga,1,2026-06-15,2026,6,UDR,Non-Heinous,Crimes Against Body,Murder,Charge Sheeted,14.2074,76.40664
3337,100050002202303337,Belagavi,2,2023-10-17,2023,10,PAR,Non-Heinous,Crimes Against Property,Robbery,Charge Sheeted,15.78571,74.48711
3338,400070004202403338,Hubballi-Dharwad,4,2024-01-04,2024,1,UDR,Non-Heinous,Economic Offences,Forgery,Charge Sheeted,15.40956,75.17993
3339,100130001202603339,Raichur,1,2026-01-23,2026,1,FIR,Heinous,Crimes Against Body,Grievous Hurt,Under Investigation,16.15912,77.3191
3340,100250004202403340,Ramanagara,4,2024-01-23,2024,1,FIR,Non-Heinous,Narcotics,NDPS Trafficking,Closed,12.61891,77.26142
3341,100280003202403341,Haveri,3,2024-08-22,2024,8,FIR,Heinous,Narcotics,NDPS Trafficking,Under Investigation,14.79472,75.30029
3342,700020003202503342,Bengaluru Rural,3,2025-07-03,2025,7,Zero FIR,Non-Heinous,Cyber Crime,Identity Theft,Charge Sheeted,13.28839,77.57087
3343,100030003202303343,Mysuru,3,2023-07-14,2023,7,FIR,Non-Heinous,Economic Offences,Forgery,Under Investigation,12.2874,76.70128
3344,100030004202403344,Mysuru,4,2024-05-20,2024,5,FIR,Non-Heinous,Cyber Crime,Phishing,Undetected,12.31541,76.81111
3345,700200002202203345,Chitradurga,2,2022-06-17,2022,6,Zero FIR,Heinous,Crimes Against Body,Attempt to Murder,Undetected,14.26958,76.52374
3346,100120004202403346,Vijayapura,4,2024-10-03,2024,10,FIR,Non-Heinous,Crimes Against Body,Murder,False Case,16.87942,75.74553
3347,100080001202403347,Ballari,1,2024-01-24,2024,1,FIR,Non-Heinous,Economic Offences,Forgery,Charge Sheeted,15.13613,76.99267
3348,100130001202503348,Raichur,1,2025-04-04,2025,4,FIR,Non-Heinous,Economic Offences,Criminal Breach of Trust,Under Investigation,16.21431,77.27287
3349,100020002202403349,Bengaluru Rural,2,2024-12-14,2024,12,FIR,Heinous,Crimes Against Body,Assault,False Case,13.27248,77.48119
3350,100280003202303350,Haveri,3,2023-09-18,2023,9,FIR,Heinous,Crimes Against Body,Assault,Charge Sheeted,14.78601,75.46059
3351,100020001202203351,Bengaluru Rural,1,2022-01-23,2022,1,FIR,Non-Heinous,Economic Offences,Criminal Breach of Trust,Charge Sheeted,13.24457,77.57061
3352,100050003202203352,Belagavi,3,2022-06-21,2022,6,FIR,Non-Heinous,Crimes Against Property,Robbery,Under Investigation,15.79811,74.42448
3353,100020001202503353,Bengaluru Rural,1,2025-12-15,2025,12,PAR,Non-Heinous,Economic Offences,Criminal Breach of Trust,Charge Sheeted,13.144,77.5789
3354,100010002202603354,Bengaluru City,2,2026-05-04,2026,5,FIR,Non-Heinous,Cyber Crime,Cyberstalking,Undetected,12.99493,77.63067
3355,100110001202603355,Davanagere,1,2026-03-02,2026,3,PAR,Non-Heinous,Crimes Against Women,Domestic Violence,Charge Sheeted,14.51739,75.92077
3356,100270004202503356,Bagalkot,4,2025-01-17,2025,1,FIR,Non-Heinous,Crimes Against Body,Grievous Hurt,Closed,16.09562,75.60681
3357,100050003202503357,Belagavi,3,2025-11-22,2025,11,FIR,Non-Heinous,Crimes Against Property,Dacoity,Under Investigation,15.80507,74.48323
3358,100010002202503358,Bengaluru City,2,2025-04-13,2025,4,FIR,Non-Heinous,Economic Offences,Forgery,Under Investigation,12.92807,77.51439
3359,100010004202503359,Bengaluru City,4,2025-10-27,2025,10,FIR,Heinous,Crimes Against Women,Molestation,Under Investigation,13.07129,77.58483
3360,100130004202303360,Raichur,4,2023-11-03,2023,11,FIR,Non-Heinous,Crimes Against Women,Domestic Violence,Charge Sheeted,16.14484,77.39779
3361,100250004202603361,Ramanagara,4,2026-12-01,2026,12,FIR,Non-Heinous,Crimes Against Women,Molestation,Charge Sheeted,12.85065,77.25157
3362,100290003202503362,Gadag,3,2025-07-17,2025,7,FIR,Heinous,Crimes Against Body,Murder,Closed,15.3397,75.66167
3363,100170001202503363,Kolar,1,2025-01-03,2025,1,PAR,Non-Heinous,Cyber Crime,Online Fraud,False Case,13.10981,78.11291
3364,700130001202303364,Raichur,1,2023-02-22,2023,2,Zero FIR,Non-Heinous,Cyber Crime,Cyberstalking,Charge Sheeted,16.16164,77.34356
3365,100040003202403365,Mangaluru (Dakshina Kannada),3,2024-10-08,2024,10,FIR,Non-Heinous,Cyber Crime,Identity Theft,Closed,12.93457,74.89407
3366,100010004202603366,Bengaluru City,4,2026-08-06,2026,8,FIR,Non-Heinous,Economic Offences,Forgery,Closed,12.94216,77.5929
3367,100190003202203367,Hassan,3,2022-09-10,2022,9,FIR,Non-Heinous,Cyber Crime,Online Fraud,Under Investigation,13.00536,75.99844
3368,100220004202403368,Yadgir,4,2024-08-14,2024,8,FIR,Non-Heinous,Crimes Against Property,Theft,Under Investigation,16.75837,77.09672
3369,100150001202403369,Chikkamagaluru,1,2024-06-06,2024,6,FIR,Non-Heinous,Cyber Crime,Phishing,False Case,13.30625,75.61569
3370,100130002202203370,Raichur,2,2022-06-07,2022,6,FIR,Non-Heinous,Crimes Against Property,Robbery,Charge Sheeted,16.18183,77.3455
3371,100140003202403371,Bidar,3,2024-05-04,2024,5,PAR,Non-Heinous,Crimes Against Property,Robbery,Charge Sheeted,17.90058,77.44958
3372,100190003202503372,Hassan,3,2025-09-06,2025,9,FIR,Heinous,Crimes Against Body,Assault,Under Investigation,13.06148,76.0574
3373,100020004202503373,Bengaluru Rural,4,2025-05-27,2025,5,FIR,Non-Heinous,Crimes Against Women,Dowry Harassment,Closed,13.39267,77.72754
3374,100140001202503374,Bidar,1,2025-08-14,2025,8,FIR,Non-Heinous,Narcotics,NDPS Trafficking,Charge Sheeted,17.86388,77.5108
3375,100160003202503375,Udupi,3,2025-04-20,2025,4,FIR,Non-Heinous,Crimes Against Women,Molestation,Under Investigation,13.31561,74.8596
3376,700070004202303376,Hubballi-Dharwad,4,2023-03-12,2023,3,Zero FIR,Non-Heinous,Crimes Against Property,Theft,Charge Sheeted,15.39261,75.12297
3377,100010001202303377,Bengaluru City,1,2023-03-23,2023,3,FIR,Heinous,Crimes Against Body,Assault,Under Investigation,12.98723,77.59883
3378,100100004202403378,Shivamogga,4,2024-05-02,2024,5,FIR,Non-Heinous,Crimes Against Property,Robbery,Charge Sheeted,14.10062,75.63402
3379,100020002202603379,Bengaluru Rural,2,2026-04-14,2026,4,PAR,Non-Heinous,Economic Offences,Forgery,Closed,13.36864,77.47351
3380,400160003202203380,Udupi,3,2022-03-07,2022,3,UDR,Non-Heinous,Crimes Against Property,Robbery,False Case,13.29339,74.73764
3381,700260003202603381,Chikkaballapur,3,2026-12-26,2026,12,Zero FIR,Non-Heinous,Crimes Against Property,Burglary,Charge Sheeted,13.45982,77.63109
3382,100050001202503382,Belagavi,1,2025-01-26,2025,1,FIR,Non-Heinous,Economic Offences,Cheating,Closed,15.80498,74.43979
3383,100190001202403383,Hassan,1,2024-12-08,2024,12,FIR,Non-Heinous,Crimes Against Women,Molestation,Closed,12.98053,76.01702
3384,700140003202303384,Bidar,3,2023-11-24,2023,11,Zero FIR,Non-Heinous,Crimes Against Property,Burglary,Closed,17.99414,77.50622
3385,100060004202303385,Kalaburagi,4,2023-05-24,2023,5,FIR,Non-Heinous,Crimes Against Body,Murder,Closed,17.32224,77.01519
3386,100030003202603386,Mysuru,3,2026-02-02,2026,2,PAR,Non-Heinous,Crimes Against Body,Grievous Hurt,Closed,12.24548,76.58148
3387,100250002202603387,Ramanagara,2,2026-10-17,2026,10,FIR,Non-Heinous,Crimes Against Property,Dacoity,Under Investigation,12.63372,77.34039
3388,100010004202303388,Bengaluru City,4,2023-01-04,2023,1,FIR,Non-Heinous,Crimes Against Property,Burglary,False Case,12.99529,77.53697
3389,100290004202403389,Gadag,4,2024-02-12,2024,2,FIR,Non-Heinous,Economic Offences,Criminal Breach of Trust,Charge Sheeted,15.44902,75.62865
3390,100010003202303390,Bengaluru City,3,2023-11-09,2023,11,FIR,Non-Heinous,Crimes Against Property,Dacoity,Charge Sheeted,13.03744,77.57652
3391,100110002202503391,Davanagere,2,2025-06-04,2025,6,FIR,Non-Heinous,Narcotics,NDPS Possession,Undetected,14.49315,75.79988
3392,100020004202303392,Bengaluru Rural,4,2023-02-03,2023,2,FIR,Non-Heinous,Narcotics,NDPS Possession,False Case,13.20446,77.51144
3393,100060003202303393,Kalaburagi,3,2023-07-14,2023,7,PAR,Heinous,Crimes Against Women,Domestic Violence,Under Investigation,17.39385,76.82033
3394,100170004202503394,Kolar,4,2025-05-03,2025,5,FIR,Non-Heinous,Crimes Against Body,Murder,Charge Sheeted,13.10647,78.10391
3395,100210002202603395,Koppal,2,2026-06-15,2026,6,FIR,Non-Heinous,Crimes Against Women,Sexual Assault,Charge Sheeted,15.32586,76.14327
3396,100050003202403396,Belagavi,3,2024-02-27,2024,2,FIR,Heinous,Crimes Against Body,Murder,Under Investigation,15.90169,74.43042
3397,700030002202603397,Mysuru,2,2026-10-11,2026,10,Zero FIR,Non-Heinous,Crimes Against Property,Dacoity,Closed,12.28916,76.62567
3398,100010001202203398,Bengaluru City,1,2022-07-03,2022,7,FIR,Heinous,Crimes Against Body,Murder,Charge Sheeted,12.94164,77.57191
3399,100300003202203399,Uttara Kannada,3,2022-05-14,2022,5,FIR,Heinous,Crimes Against Women,Sexual Assault,Closed,14.78297,74.66278
3400,100010001202403400,Bengaluru City,1,2024-09-13,2024,9,FIR,Non-Heinous,Crimes Against Property,Theft,Closed,13.03134,77.55794
3401,100130001202603401,Raichur,1,2026-12-13,2026,12,FIR,Non-Heinous,Cyber Crime,Identity Theft,Undetected,16.26424,77.26645
3402,100230003202203402,Chamarajanagar,3,2022-12-27,2022,12,FIR,Non-Heinous,Crimes Against Women,Dowry Harassment,Charge Sheeted,11.95167,77.06911
3403,100050004202403403,Belagavi,4,2024-11-21,2024,11,FIR,Non-Heinous,Crimes Against Property,Theft,Charge Sheeted,15.88993,74.54756
3404,100190003202403404,Hassan,3,2024-06-27,2024,6,FIR,Non-Heinous,Crimes Against Body,Assault,Undetected,12.964,76.12179
3405,100010004202603405,Bengaluru City,4,2026-12-16,2026,12,FIR,Non-Heinous,Cyber Crime,Cyberstalking,Undetected,12.8987,77.58297
3406,100020003202203406,Bengaluru Rural,3,2022-10-23,2022,10,PAR,Non-Heinous,Crimes Against Body,Grievous Hurt,Under Investigation,13.3915,77.61452
3407,100010003202303407,Bengaluru City,3,2023-11-10,2023,11,FIR,Non-Heinous,Economic Offences,Forgery,Under Investigation,12.90276,77.57899
3408,100110003202303408,Davanagere,3,2023-07-08,2023,7,FIR,Non-Heinous,Crimes Against Property,Robbery,Closed,14.40442,75.87621
3409,700060004202403409,Kalaburagi,4,2024-04-19,2024,4,Zero FIR,Non-Heinous,Crimes Against Body,Assault,Charge Sheeted,17.35191,76.67643
3410,100080003202503410,Ballari,3,2025-01-13,2025,1,FIR,Heinous,Crimes Against Women,Dowry Harassment,Closed,15.1703,76.97342
3411,700120002202503411,Vijayapura,2,2025-08-20,2025,8,Zero FIR,Non-Heinous,Narcotics,NDPS Possession,Charge Sheeted,16.8515,75.89451
3412,100140002202503412,Bidar,2,2025-05-01,2025,5,FIR,Non-Heinous,Economic Offences,Forgery,Charge Sheeted,17.9517,77.62888
3413,100210003202203413,Koppal,3,2022-04-17,2022,4,PAR,Non-Heinous,Crimes Against Body,Attempt to Murder,Closed,15.31662,76.25003
3414,100020004202503414,Bengaluru Rural,4,2025-02-13,2025,2,FIR,Non-Heinous,Crimes Against Women,Domestic Violence,Closed,13.25005,77.51518
3415,100030004202603415,Mysuru,4,2026-06-01,2026,6,FIR,Non-Heinous,Crimes Against Property,Theft,Closed,12.26627,76.62743
3416,100060004202403416,Kalaburagi,4,2024-09-11,2024,9,FIR,Non-Heinous,Crimes Against Body,Grievous Hurt,Closed,17.23598,76.78734
3417,100240003202603417,Kodagu,3,2026-11-15,2026,11,FIR,Non-Heinous,Cyber Crime,Cyberstalking,Undetected,12.24673,75.82793
3418,100050001202303418,Belagavi,1,2023-02-05,2023,2,FIR,Heinous,Crimes Against Body,Assault,Charge Sheeted,15.77217,74.53245
3419,100270002202503419,Bagalkot,2,2025-09-13,2025,9,FIR,Non-Heinous,Crimes Against Property,Dacoity,Closed,16.19857,75.777
3420,100230004202403420,Chamarajanagar,4,2024-01-13,2024,1,FIR,Non-Heinous,Crimes Against Property,Burglary,Undetected,11.8666,76.93246
3421,100020001202503421,Bengaluru Rural,1,2025-03-13,2025,3,FIR,Non-Heinous,Crimes Against Women,Dowry Harassment,Undetected,13.29266,77.60383
3422,100090002202403422,Tumakuru,2,2024-07-12,2024,7,FIR,Non-Heinous,Crimes Against Property,Burglary,Under Investigation,13.32098,77.08649
3423,100030003202503423,Mysuru,3,2025-05-25,2025,5,FIR,Non-Heinous,Crimes Against Property,Robbery,Under Investigation,12.25637,76.58928
3424,100010004202603424,Bengaluru City,4,2026-04-18,2026,4,FIR,Non-Heinous,Public Order,Unlawful Assembly,Closed,12.96029,77.47674
3425,100020002202603425,Bengaluru Rural,2,2026-06-03,2026,6,FIR,Heinous,Crimes Against Women,Domestic Violence,False Case,13.24531,77.52627
3426,100160004202503426,Udupi,4,2025-03-13,2025,3,PAR,Non-Heinous,Crimes Against Property,Burglary,Under Investigation,13.31432,74.7419
3427,100220002202603427,Yadgir,2,2026-10-26,2026,10,FIR,Non-Heinous,Crimes Against Property,Dacoity,Charge Sheeted,16.71732,77.29337
3428,100110004202503428,Davanagere,4,2025-03-11,2025,3,FIR,Heinous,Crimes Against Body,Grievous Hurt,Charge Sheeted,14.40723,75.9693
3429,100070002202503429,Hubballi-Dharwad,2,2025-12-17,2025,12,FIR,Heinous,Crimes Against Body,Grievous Hurt,Closed,15.41149,75.14896
3430,400130002202603430,Raichur,2,2026-01-16,2026,1,UDR,Non-Heinous,Economic Offences,Cheating,Under Investigation,16.21824,77.34444
3431,100030002202503431,Mysuru,2,2025-08-22,2025,8,FIR,Heinous,Crimes Against Women,Domestic Violence,Charge Sheeted,12.30479,76.69266
3432,100070002202503432,Hubballi-Dharwad,2,2025-10-24,2025,10,PAR,Non-Heinous,Cyber Crime,Identity Theft,Under Investigation,15.35249,75.13271
3433,100100003202603433,Shivamogga,3,2026-04-19,2026,4,FIR,Non-Heinous,Crimes Against Property,Robbery,Under Investigation,14.03931,75.55547
3434,100010004202603434,Bengaluru City,4,2026-06-19,2026,6,FIR,Non-Heinous,Crimes Against Women,Sexual Assault,False Case,12.99082,77.67539
3435,100250002202403435,Ramanagara,2,2024-04-03,2024,4,FIR,Non-Heinous,Cyber Crime,Cyberstalking,Closed,12.77765,77.43305
3436,100030003202303436,Mysuru,3,2023-11-13,2023,11,FIR,Non-Heinous,Crimes Against Body,Grievous Hurt,Charge Sheeted,12.15805,76.67207
3437,100170003202303437,Kolar,3,2023-04-17,2023,4,FIR,Non-Heinous,Cyber Crime,Identity Theft,Closed,13.08296,78.0729
3438,100020003202403438,Bengaluru Rural,3,2024-03-07,2024,3,FIR,Non-Heinous,Economic Offences,Criminal Breach of Trust,Closed,13.40106,77.59605
3439,100080001202403439,Ballari,1,2024-08-16,2024,8,FIR,Non-Heinous,Economic Offences,Criminal Breach of Trust,Charge Sheeted,15.06205,76.92739
3440,100200004202603440,Chitradurga,4,2026-11-26,2026,11,FIR,Non-Heinous,Economic Offences,Criminal Breach of Trust,Under Investigation,14.25864,76.40211
3441,400050001202203441,Belagavi,1,2022-10-17,2022,10,UDR,Heinous,Crimes Against Body,Attempt to Murder,False Case,15.83066,74.4294
3442,100030002202203442,Mysuru,2,2022-10-14,2022,10,FIR,Non-Heinous,Crimes Against Property,Robbery,Charge Sheeted,12.26957,76.57271
3443,100070001202303443,Hubballi-Dharwad,1,2023-02-03,2023,2,FIR,Non-Heinous,Economic Offences,Forgery,False Case,15.41454,75.07813
3444,100230001202603444,Chamarajanagar,1,2026-11-03,2026,11,FIR,Non-Heinous,Public Order,Rioting,False Case,11.85426,76.9659
3445,400250002202603445,Ramanagara,2,2026-03-25,2026,3,UDR,Non-Heinous,Crimes Against Property,Robbery,Charge Sheeted,12.6088,77.29298
3446,100220004202503446,Yadgir,4,2025-01-07,2025,1,FIR,Heinous,Crimes Against Women,Molestation,Undetected,16.73373,77.13549
3447,100020004202503447,Bengaluru Rural,4,2025-08-23,2025,8,FIR,Heinous,Crimes Against Women,Sexual Assault,Closed,13.37491,77.52757
3448,100050001202403448,Belagavi,1,2024-02-21,2024,2,FIR,Heinous,Crimes Against Women,Domestic Violence,Closed,15.93818,74.58422
3449,100210003202503449,Koppal,3,2025-10-06,2025,10,FIR,Non-Heinous,Narcotics,NDPS Trafficking,Charge Sheeted,15.3865,76.27557
3450,100290002202303450,Gadag,2,2023-12-27,2023,12,FIR,Heinous,Crimes Against Women,Domestic Violence,Under Investigation,15.39675,75.61725
3451,100060003202403451,Kalaburagi,3,2024-04-11,2024,4,PAR,Heinous,Crimes Against Women,Domestic Violence,Closed,17.29621,76.90182
3452,100010001202603452,Bengaluru City,1,2026-11-24,2026,11,FIR,Non-Heinous,Crimes Against Property,Theft,Charge Sheeted,12.93176,77.58899
3453,100030004202203453,Mysuru,4,2022-09-02,2022,9,FIR,Non-Heinous,Crimes Against Women,Dowry Harassment,Charge Sheeted,12.27563,76.5688
3454,400210003202203454,Koppal,3,2022-04-09,2022,4,UDR,Non-Heinous,Crimes Against Property,Theft,Charge Sheeted,15.27472,76.32878
3455,100010003202503455,Bengaluru City,3,2025-07-06,2025,7,FIR,Non-Heinous,Cyber Crime,Phishing,Undetected,12.90326,77.60697
3456,100040002202503456,Mangaluru (Dakshina Kannada),2,2025-03-03,2025,3,FIR,Non-Heinous,Economic Offences,Criminal Breach of Trust,Closed,12.92909,74.96438
3457,100010004202603457,Bengaluru City,4,2026-01-25,2026,1,PAR,Non-Heinous,Crimes Against Body,Murder,Undetected,13.02137,77.64693
3458,700110004202503458,Davanagere,4,2025-06-14,2025,6,Zero FIR,Heinous,Crimes Against Body,Assault,False Case,14.55691,75.88621
3459,100020004202403459,Bengaluru Rural,4,2024-03-06,2024,3,FIR,Non-Heinous,Cyber Crime,Online Fraud,Under Investigation,13.22399,77.59383
3460,100040001202603460,Mangaluru (Dakshina Kannada),1,2026-12-14,2026,12,FIR,Non-Heinous,Economic Offences,Cheating,Closed,12.82272,74.80797
3461,100210001202603461,Koppal,1,2026-03-01,2026,3,FIR,Non-Heinous,Crimes Against Property,Robbery,Charge Sheeted,15.42598,76.0288
3462,100030003202303462,Mysuru,3,2023-11-10,2023,11,PAR,Heinous,Crimes Against Women,Sexual Assault,Charge Sheeted,12.3102,76.57033
3463,100230002202603463,Chamarajanagar,2,2026-12-13,2026,12,FIR,Non-Heinous,Economic Offences,Forgery,Charge Sheeted,11.99944,76.95063
3464,100160004202403464,Udupi,4,2024-08-21,2024,8,FIR,Non-Heinous,Crimes Against Body,Murder,Undetected,13.3556,74.70685
3465,100230004202503465,Chamarajanagar,4,2025-08-21,2025,8,FIR,Non-Heinous,Crimes Against Property,Robbery,Closed,11.81865,76.8942
3466,100020003202303466,Bengaluru Rural,3,2023-12-07,2023,12,FIR,Heinous,Crimes Against Women,Sexual Assault,Under Investigation,13.3076,77.63066
3467,100230002202403467,Chamarajanagar,2,2024-02-27,2024,2,FIR,Non-Heinous,Economic Offences,Cheating,Under Investigation,11.88898,76.83888
3468,100050004202303468,Belagavi,4,2023-05-13,2023,5,FIR,Non-Heinous,Crimes Against Property,Burglary,False Case,15.83054,74.48518
3469,100050002202303469,Belagavi,2,2023-03-04,2023,3,FIR,Non-Heinous,Crimes Against Property,Theft,Under Investigation,15.86255,74.40818
3470,100110004202403470,Davanagere,4,2024-02-14,2024,2,FIR,Non-Heinous,Crimes Against Property,Theft,Closed,14.62188,76.00938
3471,100130004202603471,Raichur,4,2026-01-08,2026,1,FIR,Non-Heinous,Crimes Against Body,Attempt to Murder,Under Investigation,16.22922,77.39971
3472,100020003202603472,Bengaluru Rural,3,2026-10-09,2026,10,FIR,Heinous,Crimes Against Women,Dowry Harassment,Charge Sheeted,13.25338,77.62717
3473,100130003202303473,Raichur,3,2023-08-19,2023,8,FIR,Non-Heinous,Public Order,Rioting,Closed,16.24233,77.38711
3474,100090004202303474,Tumakuru,4,2023-01-27,2023,1,FIR,Non-Heinous,Crimes Against Women,Dowry Harassment,Under Investigation,13.28332,76.99999
3475,100130002202603475,Raichur,2,2026-11-26,2026,11,FIR,Heinous,Narcotics,NDPS Trafficking,Charge Sheeted,16.20629,77.30984
3476,100130002202203476,Raichur,2,2022-04-02,2022,4,PAR,Non-Heinous,Crimes Against Property,Dacoity,Under Investigation,16.32382,77.4041
3477,400170002202503477,Kolar,2,2025-11-17,2025,11,UDR,Non-Heinous,Crimes Against Property,Robbery,Closed,13.20784,78.12678
3478,100020002202403478,Bengaluru Rural,2,2024-10-07,2024,10,PAR,Non-Heinous,Narcotics,NDPS Trafficking,Charge Sheeted,13.2025,77.57994
3479,400190001202603479,Hassan,1,2026-11-08,2026,11,UDR,Non-Heinous,Cyber Crime,Cyberstalking,Under Investigation,12.98133,76.16599
3480,100070004202203480,Hubballi-Dharwad,4,2022-07-04,2022,7,FIR,Heinous,Crimes Against Women,Sexual Assault,Charge Sheeted,15.34784,75.03433
3481,700060002202303481,Kalaburagi,2,2023-05-22,2023,5,Zero FIR,Non-Heinous,Crimes Against Property,Robbery,Under Investigation,17.44995,76.89619
3482,100040001202503482,Mangaluru (Dakshina Kannada),1,2025-10-20,2025,10,FIR,Non-Heinous,Crimes Against Property,Dacoity,Under Investigation,12.89474,74.78514
3483,100220001202503483,Yadgir,1,2025-04-19,2025,4,FIR,Non-Heinous,Crimes Against Property,Burglary,Charge Sheeted,16.719,77.0755
3484,100250004202603484,Ramanagara,4,2026-06-11,2026,6,FIR,Heinous,Crimes Against Women,Molestation,Under Investigation,12.67475,77.36757
3485,700010004202503485,Bengaluru City,4,2025-07-20,2025,7,Zero FIR,Non-Heinous,Crimes Against Property,Dacoity,Closed,12.93986,77.53669
3486,100220002202203486,Yadgir,2,2022-10-14,2022,10,FIR,Non-Heinous,Crimes Against Property,Theft,Charge Sheeted,16.772,77.20401
3487,100130003202503487,Raichur,3,2025-03-11,2025,3,FIR,Non-Heinous,Narcotics,NDPS Trafficking,Closed,16.12722,77.39934
3488,100230003202303488,Chamarajanagar,3,2023-11-02,2023,11,FIR,Non-Heinous,Crimes Against Women,Sexual Assault,Charge Sheeted,11.8042,76.8863
3489,100010001202503489,Bengaluru City,1,2025-03-12,2025,3,FIR,Non-Heinous,Crimes Against Women,Molestation,Charge Sheeted,12.87596,77.63515
3490,100030002202603490,Mysuru,2,2026-03-08,2026,3,FIR,Non-Heinous,Crimes Against Property,Dacoity,Under Investigation,12.28689,76.64174
3491,100110002202603491,Davanagere,2,2026-03-17,2026,3,FIR,Heinous,Crimes Against Women,Dowry Harassment,Charge Sheeted,14.47688,75.93068
3492,100020004202403492,Bengaluru Rural,4,2024-01-08,2024,1,FIR,Heinous,Crimes Against Women,Sexual Assault,Under Investigation,13.35822,77.5049
3493,100040004202603493,Mangaluru (Dakshina Kannada),4,2026-12-18,2026,12,FIR,Non-Heinous,Economic Offences,Criminal Breach of Trust,Under Investigation,12.85733,74.94065
3494,100250002202603494,Ramanagara,2,2026-07-05,2026,7,FIR,Heinous,Crimes Against Body,Grievous Hurt,Under Investigation,12.80718,77.24664
3495,100040001202403495,Mangaluru (Dakshina Kannada),1,2024-11-12,2024,11,FIR,Non-Heinous,Crimes Against Property,Burglary,Under Investigation,12.87138,74.86486
3496,100040001202303496,Mangaluru (Dakshina Kannada),1,2023-06-26,2023,6,PAR,Non-Heinous,Economic Offences,Criminal Breach of Trust,Charge Sheeted,13.01238,74.84657
3497,100210003202603497,Koppal,3,2026-12-19,2026,12,FIR,Non-Heinous,Crimes Against Property,Robbery,Charge Sheeted,15.31886,76.18967
3498,400110004202203498,Davanagere,4,2022-09-25,2022,9,UDR,Non-Heinous,Crimes Against Women,Sexual Assault,Undetected,14.52891,75.93352
3499,100010004202403499,Bengaluru City,4,2024-10-15,2024,10,FIR,Non-Heinous,Crimes Against Women,Molestation,Under Investigation,12.96262,77.66606
3500,100020004202203500,Bengaluru Rural,4,2022-10-12,2022,10,FIR,Heinous,Crimes Against Women,Molestation,Closed,13.27406,77.62081
3501,100240002202203501,Kodagu,2,2022-08-26,2022,8,PAR,Non-Heinous,Crimes Against Property,Theft,Charge Sheeted,12.33006,75.75582
3502,100140003202203502,Bidar,3,2022-05-03,2022,5,FIR,Heinous,Narcotics,NDPS Trafficking,Under Investigation,17.83743,77.49932
3503,700190002202403503,Hassan,2,2024-06-07,2024,6,Zero FIR,Heinous,Crimes Against Body,Murder,False Case,12.99692,76.08894
3504,100100002202203504,Shivamogga,2,2022-07-13,2022,7,FIR,Non-Heinous,Crimes Against Property,Dacoity,Under Investigation,13.96429,75.72592
3505,100090002202603505,Tumakuru,2,2026-07-06,2026,7,FIR,Non-Heinous,Crimes Against Property,Robbery,Under Investigation,13.36483,77.22854
3506,700010002202403506,Bengaluru City,2,2024-06-26,2024,6,Zero FIR,Non-Heinous,Cyber Crime,Phishing,Under Investigation,12.89961,77.53709
3507,100250003202503507,Ramanagara,3,2025-09-11,2025,9,FIR,Non-Heinous,Cyber Crime,Phishing,Undetected,12.58457,77.38455
3508,100130004202603508,Raichur,4,2026-01-05,2026,1,FIR,Non-Heinous,Crimes Against Property,Burglary,Charge Sheeted,16.23046,77.37977
3509,100020004202503509,Bengaluru Rural,4,2025-01-20,2025,1,FIR,Heinous,Crimes Against Women,Dowry Harassment,Undetected,13.28899,77.55649
3510,100170002202303510,Kolar,2,2023-08-22,2023,8,FIR,Heinous,Crimes Against Body,Murder,Under Investigation,13.2261,78.12374
3511,100170003202303511,Kolar,3,2023-08-11,2023,8,FIR,Non-Heinous,Cyber Crime,Phishing,Closed,13.04681,77.99544
3512,100110002202503512,Davanagere,2,2025-07-03,2025,7,FIR,Non-Heinous,Crimes Against Body,Assault,Under Investigation,14.55818,75.94175
3513,100230004202403513,Chamarajanagar,4,2024-02-16,2024,2,FIR,Non-Heinous,Crimes Against Women,Molestation,Under Investigation,11.97217,76.86578
3514,700250003202303514,Ramanagara,3,2023-12-08,2023,12,Zero FIR,Non-Heinous,Crimes Against Women,Molestation,Charge Sheeted,12.83544,77.34587
3515,100110003202303515,Davanagere,3,2023-02-09,2023,2,FIR,Non-Heinous,Crimes Against Women,Sexual Assault,Under Investigation,14.42462,75.89854
3516,100180003202603516,Mandya,3,2026-09-13,2026,9,FIR,Non-Heinous,Crimes Against Women,Molestation,Closed,12.49618,76.93034
3517,100100001202203517,Shivamogga,1,2022-06-02,2022,6,PAR,Non-Heinous,Crimes Against Property,Robbery,Under Investigation,13.93864,75.59343
3518,100100003202303518,Shivamogga,3,2023-10-04,2023,10,FIR,Non-Heinous,Crimes Against Property,Burglary,Under Investigation,13.8234,75.48228
3519,100080003202403519,Ballari,3,2024-03-06,2024,3,FIR,Heinous,Crimes Against Body,Murder,Closed,15.14819,76.95383
3520,100090004202403520,Tumakuru,4,2024-03-04,2024,3,FIR,Non-Heinous,Economic Offences,Forgery,False Case,13.44627,77.111
3521,100060004202403521,Kalaburagi,4,2024-06-06,2024,6,FIR,Non-Heinous,Crimes Against Property,Dacoity,False Case,17.41291,76.82075
3522,100020001202503522,Bengaluru Rural,1,2025-03-27,2025,3,FIR,Non-Heinous,Cyber Crime,Phishing,False Case,13.27364,77.54182
3523,100170004202503523,Kolar,4,2025-02-24,2025,2,FIR,Non-Heinous,Crimes Against Women,Dowry Harassment,Charge Sheeted,13.12785,78.12688
3524,100050001202603524,Belagavi,1,2026-10-21,2026,10,PAR,Non-Heinous,Crimes Against Body,Assault,Charge Sheeted,15.88053,74.58807
3525,100190003202503525,Hassan,3,2025-10-17,2025,10,FIR,Non-Heinous,Cyber Crime,Identity Theft,Charge Sheeted,12.96501,76.04295
3526,700240004202403526,Kodagu,4,2024-04-21,2024,4,Zero FIR,Heinous,Crimes Against Women,Domestic Violence,Closed,12.27326,75.79216
3527,100240001202403527,Kodagu,1,2024-01-21,2024,1,FIR,Heinous,Crimes Against Body,Attempt to Murder,Under Investigation,12.27335,75.82794
3528,100240004202503528,Kodagu,4,2025-03-15,2025,3,FIR,Non-Heinous,Crimes Against Body,Grievous Hurt,Closed,12.28449,75.78737
3529,100140002202203529,Bidar,2,2022-02-16,2022,2,FIR,Non-Heinous,Crimes Against Property,Theft,Charge Sheeted,17.87266,77.57276
3530,400010004202403530,Bengaluru City,4,2024-05-06,2024,5,UDR,Non-Heinous,Crimes Against Women,Molestation,Charge Sheeted,13.03038,77.62874
3531,100280004202503531,Haveri,4,2025-06-17,2025,6,FIR,Heinous,Crimes Against Women,Sexual Assault,Charge Sheeted,14.77224,75.39448
3532,100240003202503532,Kodagu,3,2025-11-07,2025,11,FIR,Non-Heinous,Cyber Crime,Identity Theft,Under Investigation,12.317,75.70607
3533,100190003202503533,Hassan,3,2025-02-14,2025,2,FIR,Non-Heinous,Crimes Against Property,Burglary,Charge Sheeted,13.06271,76.06525
3534,100050001202503534,Belagavi,1,2025-07-27,2025,7,FIR,Non-Heinous,Economic Offences,Cheating,Closed,15.73518,74.49548
3535,100190002202303535,Hassan,2,2023-03-07,2023,3,FIR,Non-Heinous,Cyber Crime,Identity Theft,Under Investigation,13.04334,76.06166
3536,100040003202203536,Mangaluru (Dakshina Kannada),3,2022-11-27,2022,11,FIR,Non-Heinous,Crimes Against Women,Dowry Harassment,Charge Sheeted,13.00543,74.86732
3537,100270003202403537,Bagalkot,3,2024-04-11,2024,4,PAR,Non-Heinous,Crimes Against Property,Theft,Undetected,16.18318,75.81635
3538,100080003202303538,Ballari,3,2023-06-09,2023,6,FIR,Heinous,Crimes Against Body,Attempt to Murder,False Case,15.12237,76.92902
3539,100090002202603539,Tumakuru,2,2026-09-18,2026,9,FIR,Heinous,Crimes Against Body,Murder,Charge Sheeted,13.35626,77.14958
3540,100140002202303540,Bidar,2,2023-11-08,2023,11,FIR,Non-Heinous,Cyber Crime,Online Fraud,False Case,17.99717,77.37304
3541,100030002202403541,Mysuru,2,2024-07-24,2024,7,FIR,Heinous,Crimes Against Body,Attempt to Murder,Under Investigation,12.22763,76.64373
3542,100030001202403542,Mysuru,1,2024-01-25,2024,1,FIR,Non-Heinous,Crimes Against Body,Murder,Charge Sheeted,12.23997,76.68735
3543,100130003202603543,Raichur,3,2026-03-06,2026,3,PAR,Non-Heinous,Crimes Against Women,Dowry Harassment,False Case,16.15293,77.38697
3544,100130004202403544,Raichur,4,2024-02-05,2024,2,FIR,Non-Heinous,Crimes Against Property,Theft,Under Investigation,16.13253,77.31913
3545,100220002202203545,Yadgir,2,2022-10-17,2022,10,FIR,Non-Heinous,Crimes Against Body,Attempt to Murder,Charge Sheeted,16.75807,77.11247
3546,100020001202503546,Bengaluru Rural,1,2025-05-19,2025,5,FIR,Heinous,Crimes Against Body,Murder,Closed,13.28957,77.54357
3547,100040004202303547,Mangaluru (Dakshina Kannada),4,2023-11-11,2023,11,FIR,Non-Heinous,Crimes Against Property,Robbery,Under Investigation,12.89583,74.94455
3548,100270001202503548,Bagalkot,1,2025-09-24,2025,9,FIR,Non-Heinous,Crimes Against Women,Dowry Harassment,Closed,16.2152,75.62173
3549,700240003202603549,Kodagu,3,2026-07-23,2026,7,Zero FIR,Non-Heinous,Crimes Against Body,Grievous Hurt,False Case,12.32115,75.74954
3550,100050004202403550,Belagavi,4,2024-06-24,2024,6,FIR,Non-Heinous,Economic Offences,Forgery,Charge Sheeted,15.91708,74.46892
3551,100250003202303551,Ramanagara,3,2023-08-03,2023,8,FIR,Non-Heinous,Crimes Against Property,Robbery,Under Investigation,12.75113,77.24428
3552,700240002202603552,Kodagu,2,2026-05-05,2026,5,Zero FIR,Non-Heinous,Crimes Against Property,Theft,Under Investigation,12.28771,75.71641
3553,100110004202603553,Davanagere,4,2026-12-09,2026,12,FIR,Non-Heinous,Crimes Against Property,Robbery,Closed,14.38901,75.99437
3554,100080002202403554,Ballari,2,2024-10-19,2024,10,FIR,Non-Heinous,Narcotics,NDPS Possession,Charge Sheeted,15.16605,76.98785
3555,100060001202603555,Kalaburagi,1,2026-10-10,2026,10,FIR,Heinous,Crimes Against Women,Sexual Assault,Closed,17.26238,76.76845
3556,100230001202203556,Chamarajanagar,1,2022-06-27,2022,6,FIR,Non-Heinous,Crimes Against Property,Burglary,False Case,11.89581,76.94149
3557,100140003202203557,Bidar,3,2022-06-15,2022,6,FIR,Non-Heinous,Crimes Against Body,Assault,Under Investigation,17.91916,77.53701
3558,100110003202503558,Davanagere,3,2025-07-13,2025,7,FIR,Non-Heinous,Crimes Against Property,Dacoity,Under Investigation,14.50892,75.91512
3559,100020003202503559,Bengaluru Rural,3,2025-10-04,2025,10,FIR,Non-Heinous,Economic Offences,Cheating,Under Investigation,13.24403,77.4599
3560,100020003202503560,Bengaluru Rural,3,2025-10-11,2025,10,FIR,Non-Heinous,Crimes Against Women,Domestic Violence,Under Investigation,13.20284,77.60687
3561,100010001202603561,Bengaluru City,1,2026-05-06,2026,5,FIR,Non-Heinous,Crimes Against Property,Theft,Charge Sheeted,13.02574,77.67067
3562,100040001202603562,Mangaluru (Dakshina Kannada),1,2026-11-17,2026,11,FIR,Heinous,Crimes Against Women,Dowry Harassment,Charge Sheeted,12.92769,74.84957
3563,100010003202503563,Bengaluru City,3,2025-08-12,2025,8,FIR,Heinous,Crimes Against Women,Sexual Assault,Closed,12.924,77.68445
3564,100070004202303564,Hubballi-Dharwad,4,2023-06-01,2023,6,FIR,Non-Heinous,Economic Offences,Forgery,Under Investigation,15.4313,75.12091
3565,100030004202303565,Mysuru,4,2023-08-07,2023,8,FIR,Non-Heinous,Economic Offences,Criminal Breach of Trust,Charge Sheeted,12.1667,76.63407
3566,700020004202303566,Bengaluru Rural,4,2023-11-14,2023,11,Zero FIR,Heinous,Crimes Against Body,Grievous Hurt,Under Investigation,13.14557,77.60379
3567,100050004202603567,Belagavi,4,2026-07-20,2026,7,FIR,Non-Heinous,Public Order,Rioting,Charge Sheeted,15.82938,74.48453
3568,100040002202603568,Mangaluru (Dakshina Kannada),2,2026-05-26,2026,5,FIR,Non-Heinous,Crimes Against Property,Dacoity,False Case,12.88519,74.93976
3569,100050004202603569,Belagavi,4,2026-11-03,2026,11,FIR,Non-Heinous,Crimes Against Property,Theft,Charge Sheeted,15.76363,74.41917
3570,100140003202603570,Bidar,3,2026-06-09,2026,6,FIR,Non-Heinous,Crimes Against Women,Sexual Assault,Under Investigation,17.9132,77.58468
3571,700020004202203571,Bengaluru Rural,4,2022-09-20,2022,9,Zero FIR,Heinous,Crimes Against Body,Murder,Under Investigation,13.24709,77.58936
3572,100070001202603572,Hubballi-Dharwad,1,2026-02-01,2026,2,FIR,Non-Heinous,Crimes Against Property,Robbery,Under Investigation,15.38685,75.17396
3573,100190003202303573,Hassan,3,2023-03-11,2023,3,FIR,Non-Heinous,Economic Offences,Cheating,False Case,13.00423,76.09686
3574,100190003202403574,Hassan,3,2024-11-04,2024,11,FIR,Heinous,Crimes Against Women,Dowry Harassment,Closed,12.98753,76.04448
3575,100050002202303575,Belagavi,2,2023-02-15,2023,2,FIR,Non-Heinous,Crimes Against Property,Theft,Charge Sheeted,15.74715,74.54874
3576,100020004202203576,Bengaluru Rural,4,2022-06-06,2022,6,FIR,Non-Heinous,Crimes Against Property,Dacoity,Charge Sheeted,13.32346,77.4021
3577,100220003202403577,Yadgir,3,2024-04-17,2024,4,FIR,Non-Heinous,Crimes Against Women,Molestation,Charge Sheeted,16.7026,77.15532
3578,100180003202303578,Mandya,3,2023-12-15,2023,12,FIR,Non-Heinous,Crimes Against Property,Robbery,Charge Sheeted,12.49886,76.96729
3579,100180001202403579,Mandya,1,2024-07-03,2024,7,FIR,Non-Heinous,Narcotics,NDPS Possession,Closed,12.59858,76.90351
3580,100010002202203580,Bengaluru City,2,2022-11-19,2022,11,FIR,Non-Heinous,Cyber Crime,Cyberstalking,Under Investigation,13.02981,77.48939
3581,100050001202503581,Belagavi,1,2025-12-21,2025,12,FIR,Heinous,Narcotics,NDPS Possession,Closed,15.83568,74.42037
3582,100270001202603582,Bagalkot,1,2026-05-22,2026,5,FIR,Heinous,Crimes Against Body,Attempt to Murder,Charge Sheeted,16.06295,75.6796
3583,100030001202303583,Mysuru,1,2023-08-04,2023,8,FIR,Non-Heinous,Crimes Against Property,Theft,Closed,12.29158,76.6013
3584,100290001202603584,Gadag,1,2026-12-08,2026,12,FIR,Non-Heinous,Cyber Crime,Identity Theft,Undetected,15.40745,75.59811
3585,100260001202603585,Chikkaballapur,1,2026-09-11,2026,9,FIR,Heinous,Crimes Against Women,Dowry Harassment,Under Investigation,13.46461,77.67731
3586,100230002202303586,Chamarajanagar,2,2023-05-22,2023,5,FIR,Non-Heinous,Crimes Against Body,Grievous Hurt,Closed,11.88782,76.93661
3587,100050002202603587,Belagavi,2,2026-12-04,2026,12,FIR,Non-Heinous,Crimes Against Property,Dacoity,Closed,15.888,74.53225
3588,100030001202503588,Mysuru,1,2025-05-08,2025,5,FIR,Non-Heinous,Crimes Against Body,Attempt to Murder,Charge Sheeted,12.23668,76.61123
3589,100170001202503589,Kolar,1,2025-10-03,2025,10,FIR,Non-Heinous,Crimes Against Property,Theft,Charge Sheeted,13.13243,78.05328
3590,700240004202403590,Kodagu,4,2024-10-25,2024,10,Zero FIR,Non-Heinous,Crimes Against Property,Burglary,Closed,12.26982,75.93912
3591,100020003202403591,Bengaluru Rural,3,2024-07-18,2024,7,PAR,Non-Heinous,Crimes Against Women,Molestation,Under Investigation,13.29592,77.53021
3592,100290004202503592,Gadag,4,2025-05-21,2025,5,FIR,Non-Heinous,Crimes Against Property,Burglary,Closed,15.4281,75.59198
3593,100280003202203593,Haveri,3,2022-02-16,2022,2,FIR,Non-Heinous,Economic Offences,Cheating,Undetected,14.76013,75.44163
3594,100030001202303594,Mysuru,1,2023-12-16,2023,12,FIR,Heinous,Crimes Against Women,Domestic Violence,Charge Sheeted,12.34539,76.69592
3595,100040001202203595,Mangaluru (Dakshina Kannada),1,2022-07-18,2022,7,FIR,Non-Heinous,Crimes Against Property,Burglary,Under Investigation,12.85548,74.76142
3596,100060003202503596,Kalaburagi,3,2025-12-13,2025,12,FIR,Non-Heinous,Crimes Against Women,Dowry Harassment,Undetected,17.32774,76.94074
3597,100190004202603597,Hassan,4,2026-04-04,2026,4,PAR,Non-Heinous,Crimes Against Body,Grievous Hurt,Charge Sheeted,12.95521,76.11657
3598,100010003202303598,Bengaluru City,3,2023-05-27,2023,5,FIR,Non-Heinous,Crimes Against Property,Theft,Closed,12.92514,77.57447
3599,100160004202303599,Udupi,4,2023-07-10,2023,7,FIR,Non-Heinous,Public Order,Unlawful Assembly,Charge Sheeted,13.22176,74.61821
3600,400270003202303600,Bagalkot,3,2023-04-06,2023,4,UDR,Non-Heinous,Crimes Against Body,Grievous Hurt,Closed,16.2344,75.75856
3601,100150003202603601,Chikkamagaluru,3,2026-11-12,2026,11,FIR,Non-Heinous,Crimes Against Body,Assault,Under Investigation,13.33109,75.7473
3602,100130002202603602,Raichur,2,2026-10-26,2026,10,PAR,Non-Heinous,Crimes Against Property,Dacoity,Closed,16.27332,77.37
3603,100020002202503603,Bengaluru Rural,2,2025-05-27,2025,5,PAR,Heinous,Crimes Against Body,Murder,Under Investigation,13.24896,77.49116
3604,100220002202403604,Yadgir,2,2024-10-01,2024,10,FIR,Non-Heinous,Crimes Against Women,Sexual Assault,Closed,16.80634,77.10846
3605,100100003202403605,Shivamogga,3,2024-10-24,2024,10,FIR,Non-Heinous,Crimes Against Women,Molestation,Charge Sheeted,13.96098,75.5935
3606,100010004202503606,Bengaluru City,4,2025-03-22,2025,3,FIR,Non-Heinous,Cyber Crime,Identity Theft,Charge Sheeted,12.98508,77.61433
3607,100290001202603607,Gadag,1,2026-03-03,2026,3,FIR,Non-Heinous,Crimes Against Property,Burglary,Charge Sheeted,15.4756,75.68598
3608,100140004202203608,Bidar,4,2022-07-09,2022,7,FIR,Non-Heinous,Crimes Against Property,Robbery,Charge Sheeted,17.88797,77.47229
3609,100290003202303609,Gadag,3,2023-07-25,2023,7,FIR,Heinous,Crimes Against Body,Assault,Charge Sheeted,15.47779,75.64175
3610,100160003202603610,Udupi,3,2026-06-20,2026,6,FIR,Non-Heinous,Narcotics,NDPS Trafficking,Undetected,13.29942,74.66424
3611,700190004202303611,Hassan,4,2023-09-20,2023,9,Zero FIR,Heinous,Crimes Against Body,Murder,Charge Sheeted,12.88535,76.10255
3612,100010004202603612,Bengaluru City,4,2026-04-15,2026,4,FIR,Non-Heinous,Crimes Against Property,Dacoity,Under Investigation,12.89924,77.63161
3613,100030004202303613,Mysuru,4,2023-04-04,2023,4,FIR,Non-Heinous,Crimes Against Property,Dacoity,Under Investigation,12.28971,76.74836
3614,100190002202603614,Hassan,2,2026-03-05,2026,3,FIR,Non-Heinous,Crimes Against Property,Theft,False Case,13.14495,76.04904
3615,100020003202303615,Bengaluru Rural,3,2023-09-27,2023,9,FIR,Non-Heinous,Crimes Against Property,Dacoity,Undetected,13.25617,77.59558
3616,100090003202203616,Tumakuru,3,2022-12-07,2022,12,FIR,Non-Heinous,Crimes Against Property,Theft,Charge Sheeted,13.34225,77.15087
3617,100020002202203617,Bengaluru Rural,2,2022-07-16,2022,7,FIR,Non-Heinous,Cyber Crime,Phishing,Closed,13.20912,77.55503
3618,100070004202603618,Hubballi-Dharwad,4,2026-05-12,2026,5,FIR,Non-Heinous,Crimes Against Property,Dacoity,Charge Sheeted,15.42581,75.1727
3619,700100001202503619,Shivamogga,1,2025-02-25,2025,2,Zero FIR,Non-Heinous,Crimes Against Women,Dowry Harassment,Under Investigation,13.82988,75.60315
3620,100280004202203620,Haveri,4,2022-11-05,2022,11,FIR,Non-Heinous,Crimes Against Body,Grievous Hurt,False Case,14.83668,75.3757
3621,100070003202603621,Hubballi-Dharwad,3,2026-12-17,2026,12,FIR,Heinous,Crimes Against Women,Dowry Harassment,Charge Sheeted,15.35026,75.1246
3622,100110004202603622,Davanagere,4,2026-01-16,2026,1,PAR,Non-Heinous,Crimes Against Women,Dowry Harassment,Under Investigation,14.47107,75.97047
3623,100030004202503623,Mysuru,4,2025-12-13,2025,12,FIR,Non-Heinous,Crimes Against Property,Theft,Under Investigation,12.25073,76.60179
3624,100040003202603624,Mangaluru (Dakshina Kannada),3,2026-07-25,2026,7,FIR,Non-Heinous,Crimes Against Body,Attempt to Murder,Under Investigation,12.98875,74.84201
3625,100010004202603625,Bengaluru City,4,2026-12-11,2026,12,FIR,Non-Heinous,Crimes Against Women,Sexual Assault,Charge Sheeted,12.94827,77.60141
3626,100160003202403626,Udupi,3,2024-11-10,2024,11,FIR,Non-Heinous,Public Order,Unlawful Assembly,Undetected,13.36337,74.78373
3627,100010003202403627,Bengaluru City,3,2024-03-27,2024,3,FIR,Non-Heinous,Crimes Against Women,Dowry Harassment,Under Investigation,12.98379,77.61701
3628,100300004202303628,Uttara Kannada,4,2023-03-11,2023,3,FIR,Non-Heinous,Crimes Against Body,Grievous Hurt,Closed,14.82053,74.64479
3629,700240001202403629,Kodagu,1,2024-03-27,2024,3,Zero FIR,Non-Heinous,Crimes Against Property,Dacoity,False Case,12.31881,75.82029
3630,100180004202303630,Mandya,4,2023-05-25,2023,5,FIR,Non-Heinous,Crimes Against Property,Theft,Under Investigation,12.51402,76.9458
3631,700020002202403631,Bengaluru Rural,2,2024-10-07,2024,10,Zero FIR,Heinous,Crimes Against Women,Domestic Violence,Under Investigation,13.30874,77.61389
3632,400230003202603632,Chamarajanagar,3,2026-04-19,2026,4,UDR,Non-Heinous,Economic Offences,Forgery,Charge Sheeted,11.81606,76.90348
3633,100010004202603633,Bengaluru City,4,2026-08-11,2026,8,FIR,Heinous,Crimes Against Body,Assault,Charge Sheeted,13.0476,77.57431
3634,100070003202503634,Hubballi-Dharwad,3,2025-12-27,2025,12,FIR,Non-Heinous,Crimes Against Body,Assault,Under Investigation,15.34911,75.14455
3635,100140001202303635,Bidar,1,2023-07-07,2023,7,FIR,Non-Heinous,Cyber Crime,Online Fraud,Charge Sheeted,17.94036,77.5122
3636,100130002202503636,Raichur,2,2025-12-11,2025,12,FIR,Non-Heinous,Cyber Crime,Identity Theft,Under Investigation,16.19537,77.4088
3637,100010001202503637,Bengaluru City,1,2025-07-22,2025,7,FIR,Non-Heinous,Crimes Against Property,Robbery,Closed,12.9378,77.6542
3638,100040003202503638,Mangaluru (Dakshina Kannada),3,2025-05-10,2025,5,FIR,Non-Heinous,Crimes Against Property,Theft,Charge Sheeted,12.9436,74.90149
3639,100100001202503639,Shivamogga,1,2025-02-04,2025,2,FIR,Heinous,Crimes Against Body,Murder,Under Investigation,13.82598,75.55326
3640,100090001202603640,Tumakuru,1,2026-08-25,2026,8,FIR,Heinous,Crimes Against Body,Grievous Hurt,Under Investigation,13.3652,77.20012
3641,100050003202203641,Belagavi,3,2022-04-26,2022,4,FIR,Non-Heinous,Crimes Against Property,Theft,Closed,15.89868,74.51389
3642,100120003202603642,Vijayapura,3,2026-11-08,2026,11,FIR,Non-Heinous,Crimes Against Property,Robbery,Under Investigation,16.81423,75.71462
3643,100050003202203643,Belagavi,3,2022-12-19,2022,12,FIR,Non-Heinous,Economic Offences,Cheating,Charge Sheeted,15.77911,74.48182
3644,100070003202203644,Hubballi-Dharwad,3,2022-07-27,2022,7,FIR,Heinous,Crimes Against Body,Murder,Closed,15.40448,75.19051
3645,100240001202403645,Kodagu,1,2024-11-10,2024,11,PAR,Heinous,Crimes Against Body,Grievous Hurt,False Case,12.45142,75.81203
3646,100110004202503646,Davanagere,4,2025-02-26,2025,2,FIR,Heinous,Crimes Against Body,Murder,False Case,14.47465,75.88267
3647,100030001202603647,Mysuru,1,2026-09-01,2026,9,FIR,Non-Heinous,Crimes Against Property,Dacoity,Charge Sheeted,12.2466,76.61025
3648,100170001202603648,Kolar,1,2026-03-17,2026,3,PAR,Non-Heinous,Crimes Against Property,Theft,Under Investigation,13.19367,78.22081
3649,100100001202303649,Shivamogga,1,2023-03-18,2023,3,FIR,Heinous,Crimes Against Women,Domestic Violence,Under Investigation,13.86177,75.49273
3650,100150004202303650,Chikkamagaluru,4,2023-08-22,2023,8,FIR,Heinous,Crimes Against Body,Murder,False Case,13.23505,75.73506
3651,100020001202503651,Bengaluru Rural,1,2025-02-24,2025,2,FIR,Non-Heinous,Crimes Against Property,Theft,Under Investigation,13.18402,77.55448
3652,100040003202303652,Mangaluru (Dakshina Kannada),3,2023-05-22,2023,5,FIR,Non-Heinous,Crimes Against Women,Sexual Assault,Undetected,12.96105,74.81975
3653,100090001202403653,Tumakuru,1,2024-11-07,2024,11,FIR,Non-Heinous,Crimes Against Body,Grievous Hurt,False Case,13.34607,77.09186
3654,100230003202503654,Chamarajanagar,3,2025-12-08,2025,12,FIR,Non-Heinous,Crimes Against Property,Theft,Closed,11.92209,77.05289
3655,100170003202303655,Kolar,3,2023-03-01,2023,3,FIR,Non-Heinous,Crimes Against Property,Dacoity,Undetected,13.07715,78.06139
3656,100010004202503656,Bengaluru City,4,2025-06-24,2025,6,FIR,Heinous,Crimes Against Women,Domestic Violence,Under Investigation,12.95557,77.51051
3657,100250002202403657,Ramanagara,2,2024-02-10,2024,2,FIR,Non-Heinous,Crimes Against Property,Robbery,Under Investigation,12.6814,77.22554
3658,100020004202503658,Bengaluru Rural,4,2025-11-10,2025,11,FIR,Heinous,Crimes Against Women,Molestation,Charge Sheeted,13.24971,77.5537
3659,100050004202603659,Belagavi,4,2026-09-03,2026,9,FIR,Non-Heinous,Narcotics,NDPS Trafficking,Closed,15.86272,74.47676
3660,100270002202503660,Bagalkot,2,2025-04-23,2025,4,FIR,Non-Heinous,Crimes Against Body,Attempt to Murder,Closed,16.15226,75.68408
3661,100020002202203661,Bengaluru Rural,2,2022-02-26,2022,2,FIR,Non-Heinous,Crimes Against Women,Sexual Assault,Closed,13.37316,77.61895
3662,100040002202503662,Mangaluru (Dakshina Kannada),2,2025-12-04,2025,12,PAR,Non-Heinous,Crimes Against Body,Attempt to Murder,Closed,12.87498,74.85425
3663,100170004202603663,Kolar,4,2026-01-02,2026,1,FIR,Heinous,Crimes Against Body,Grievous Hurt,Closed,13.16772,78.22249
3664,100120001202203664,Vijayapura,1,2022-10-06,2022,10,FIR,Non-Heinous,Crimes Against Body,Assault,Under Investigation,16.82436,75.79601
3665,100020003202303665,Bengaluru Rural,3,2023-04-12,2023,4,FIR,Non-Heinous,Economic Offences,Forgery,Closed,13.36957,77.63162
3666,100300002202603666,Uttara Kannada,2,2026-02-24,2026,2,FIR,Non-Heinous,Crimes Against Body,Attempt to Murder,Closed,14.74138,74.81101
3667,100110001202603667,Davanagere,1,2026-07-15,2026,7,FIR,Heinous,Narcotics,NDPS Possession,Charge Sheeted,14.42022,75.96547
3668,400130003202503668,Raichur,3,2025-08-05,2025,8,UDR,Non-Heinous,Crimes Against Body,Assault,Charge Sheeted,16.22113,77.36603
3669,400110003202503669,Davanagere,3,2025-10-01,2025,10,UDR,Non-Heinous,Crimes Against Property,Dacoity,Closed,14.52771,75.82197
3670,700190001202603670,Hassan,1,2026-12-10,2026,12,Zero FIR,Non-Heinous,Cyber Crime,Cyberstalking,Under Investigation,13.01352,76.05327
3671,100020001202403671,Bengaluru Rural,1,2024-06-15,2024,6,FIR,Non-Heinous,Cyber Crime,Phishing,Closed,13.35738,77.57835
3672,100160003202403672,Udupi,3,2024-03-08,2024,3,FIR,Non-Heinous,Public Order,Rioting,Undetected,13.39187,74.69907
3673,100210001202403673,Koppal,1,2024-07-17,2024,7,FIR,Non-Heinous,Crimes Against Body,Murder,Under Investigation,15.42307,76.12713
3674,100230003202403674,Chamarajanagar,3,2024-03-09,2024,3,FIR,Non-Heinous,Narcotics,NDPS Possession,Charge Sheeted,11.87463,76.92561
3675,100240001202603675,Kodagu,1,2026-03-03,2026,3,FIR,Non-Heinous,Crimes Against Property,Theft,Charge Sheeted,12.25167,75.93238
3676,100110002202603676,Davanagere,2,2026-01-08,2026,1,FIR,Heinous,Crimes Against Women,Dowry Harassment,Charge Sheeted,14.48344,75.79275
3677,100240002202603677,Kodagu,2,2026-11-01,2026,11,FIR,Non-Heinous,Crimes Against Property,Theft,Charge Sheeted,12.34407,75.72557
3678,100240001202203678,Kodagu,1,2022-09-25,2022,9,FIR,Non-Heinous,Economic Offences,Criminal Breach of Trust,Under Investigation,12.41346,75.74796
3679,100070001202403679,Hubballi-Dharwad,1,2024-03-23,2024,3,FIR,Non-Heinous,Crimes Against Property,Robbery,Under Investigation,15.31753,75.11256
3680,100070004202403680,Hubballi-Dharwad,4,2024-10-01,2024,10,FIR,Non-Heinous,Narcotics,NDPS Trafficking,Closed,15.40182,75.12972
3681,700050002202603681,Belagavi,2,2026-04-12,2026,4,Zero FIR,Non-Heinous,Crimes Against Women,Domestic Violence,Charge Sheeted,15.81542,74.50732
3682,100040001202403682,Mangaluru (Dakshina Kannada),1,2024-07-21,2024,7,FIR,Non-Heinous,Crimes Against Property,Burglary,Under Investigation,12.89036,74.81979
3683,100050004202403683,Belagavi,4,2024-08-12,2024,8,FIR,Heinous,Crimes Against Women,Molestation,Charge Sheeted,15.90003,74.55384
3684,700020003202603684,Bengaluru Rural,3,2026-11-27,2026,11,Zero FIR,Non-Heinous,Crimes Against Property,Burglary,Charge Sheeted,13.36652,77.58127
3685,100010004202403685,Bengaluru City,4,2024-08-24,2024,8,FIR,Non-Heinous,Cyber Crime,Identity Theft,Charge Sheeted,12.99446,77.65752
3686,100230002202603686,Chamarajanagar,2,2026-03-23,2026,3,FIR,Non-Heinous,Cyber Crime,Online Fraud,Charge Sheeted,11.89148,76.90746
3687,100080002202403687,Ballari,2,2024-02-09,2024,2,FIR,Non-Heinous,Crimes Against Body,Grievous Hurt,Charge Sheeted,15.07322,76.89685
3688,100020001202503688,Bengaluru Rural,1,2025-12-03,2025,12,FIR,Non-Heinous,Economic Offences,Forgery,Undetected,13.23997,77.59211
3689,100050002202203689,Belagavi,2,2022-08-22,2022,8,PAR,Non-Heinous,Economic Offences,Cheating,Undetected,15.83625,74.62548
3690,100250004202503690,Ramanagara,4,2025-08-14,2025,8,PAR,Heinous,Crimes Against Body,Attempt to Murder,Charge Sheeted,12.69571,77.12451
3691,700050002202403691,Belagavi,2,2024-09-21,2024,9,Zero FIR,Non-Heinous,Cyber Crime,Online Fraud,Closed,15.91329,74.48281
3692,100210003202503692,Koppal,3,2025-08-15,2025,8,FIR,Heinous,Crimes Against Body,Grievous Hurt,Closed,15.22742,76.13486
3693,100010002202303693,Bengaluru City,2,2023-08-06,2023,8,FIR,Non-Heinous,Crimes Against Body,Attempt to Murder,Under Investigation,12.98586,77.62056
3694,100080001202603694,Ballari,1,2026-12-24,2026,12,FIR,Non-Heinous,Crimes Against Body,Grievous Hurt,Under Investigation,15.05899,76.9501
3695,100230001202603695,Chamarajanagar,1,2026-04-09,2026,4,FIR,Non-Heinous,Crimes Against Property,Robbery,Closed,11.94463,76.88213
3696,100280002202403696,Haveri,2,2024-02-22,2024,2,PAR,Non-Heinous,Cyber Crime,Identity Theft,Charge Sheeted,14.70311,75.4864
3697,100010004202503697,Bengaluru City,4,2025-10-27,2025,10,FIR,Non-Heinous,Crimes Against Property,Burglary,Under Investigation,12.91556,77.60217
3698,100090001202603698,Tumakuru,1,2026-11-18,2026,11,FIR,Non-Heinous,Crimes Against Women,Dowry Harassment,Closed,13.22381,77.19338
3699,100240001202303699,Kodagu,1,2023-11-22,2023,11,PAR,Heinous,Crimes Against Women,Sexual Assault,Under Investigation,12.30416,75.81945
3700,100040001202403700,Mangaluru (Dakshina Kannada),1,2024-06-02,2024,6,FIR,Non-Heinous,Narcotics,NDPS Possession,Undetected,12.83476,74.83085
3701,100050002202403701,Belagavi,2,2024-12-03,2024,12,FIR,Non-Heinous,Economic Offences,Forgery,Charge Sheeted,15.88274,74.47989
3702,100050004202403702,Belagavi,4,2024-08-06,2024,8,FIR,Heinous,Crimes Against Body,Murder,Closed,15.8782,74.64179
3703,100040004202503703,Mangaluru (Dakshina Kannada),4,2025-01-16,2025,1,FIR,Non-Heinous,Crimes Against Property,Theft,Charge Sheeted,12.91703,74.84072
3704,700110004202203704,Davanagere,4,2022-10-19,2022,10,Zero FIR,Non-Heinous,Crimes Against Property,Dacoity,Under Investigation,14.42242,75.89298
3705,100040001202303705,Mangaluru (Dakshina Kannada),1,2023-12-23,2023,12,FIR,Non-Heinous,Economic Offences,Forgery,Under Investigation,12.89093,74.85602
3706,100170001202303706,Kolar,1,2023-04-18,2023,4,FIR,Non-Heinous,Crimes Against Property,Burglary,Charge Sheeted,13.16339,78.11451
3707,100030001202403707,Mysuru,1,2024-07-07,2024,7,FIR,Non-Heinous,Crimes Against Body,Grievous Hurt,Charge Sheeted,12.31222,76.58895
3708,100270001202503708,Bagalkot,1,2025-05-07,2025,5,FIR,Heinous,Narcotics,NDPS Possession,Under Investigation,16.17193,75.64918
3709,100240002202303709,Kodagu,2,2023-10-21,2023,10,FIR,Heinous,Crimes Against Body,Assault,Under Investigation,12.30303,75.75309
3710,100060003202203710,Kalaburagi,3,2022-03-23,2022,3,FIR,Non-Heinous,Narcotics,NDPS Trafficking,Under Investigation,17.27279,76.79964
3711,100160002202503711,Udupi,2,2025-08-19,2025,8,FIR,Non-Heinous,Crimes Against Women,Molestation,False Case,13.40515,74.71982
3712,100140001202303712,Bidar,1,2023-04-19,2023,4,FIR,Non-Heinous,Crimes Against Property,Theft,Under Investigation,17.88672,77.53967
3713,100020002202603713,Bengaluru Rural,2,2026-05-14,2026,5,PAR,Non-Heinous,Cyber Crime,Identity Theft,Undetected,13.30992,77.56005
3714,400040002202403714,Mangaluru (Dakshina Kannada),2,2024-10-02,2024,10,UDR,Non-Heinous,Crimes Against Property,Robbery,Under Investigation,12.76574,74.75175
3715,400130003202603715,Raichur,3,2026-02-22,2026,2,UDR,Non-Heinous,Crimes Against Property,Dacoity,Under Investigation,16.1371,77.37845
3716,100010004202403716,Bengaluru City,4,2024-10-16,2024,10,FIR,Non-Heinous,Crimes Against Body,Grievous Hurt,Charge Sheeted,13.13152,77.55931
3717,700280002202203717,Haveri,2,2022-04-16,2022,4,Zero FIR,Heinous,Crimes Against Women,Domestic Violence,Under Investigation,14.74418,75.49106
3718,100160004202303718,Udupi,4,2023-09-13,2023,9,FIR,Non-Heinous,Public Order,Unlawful Assembly,Undetected,13.24169,74.71818
3719,100290004202503719,Gadag,4,2025-10-19,2025,10,FIR,Non-Heinous,Crimes Against Property,Robbery,Charge Sheeted,15.47532,75.62312
3720,100030003202303720,Mysuru,3,2023-12-08,2023,12,FIR,Non-Heinous,Crimes Against Women,Molestation,Under Investigation,12.29249,76.65396
3721,100240002202503721,Kodagu,2,2025-12-01,2025,12,FIR,Non-Heinous,Crimes Against Property,Theft,Closed,12.34796,75.76413
3722,400010002202503722,Bengaluru City,2,2025-05-16,2025,5,UDR,Heinous,Crimes Against Body,Assault,Undetected,13.01706,77.56751
3723,100080002202603723,Ballari,2,2026-03-27,2026,3,FIR,Non-Heinous,Crimes Against Property,Robbery,Closed,15.13369,76.9933
3724,100040001202603724,Mangaluru (Dakshina Kannada),1,2026-02-25,2026,2,FIR,Non-Heinous,Cyber Crime,Online Fraud,Under Investigation,12.92351,74.8747
3725,100050004202203725,Belagavi,4,2022-05-15,2022,5,FIR,Non-Heinous,Crimes Against Property,Robbery,False Case,15.84515,74.45316
3726,100020003202503726,Bengaluru Rural,3,2025-03-21,2025,3,FIR,Heinous,Crimes Against Body,Attempt to Murder,False Case,13.32658,77.46273
3727,100050004202403727,Belagavi,4,2024-01-20,2024,1,FIR,Non-Heinous,Crimes Against Women,Domestic Violence,Under Investigation,15.83321,74.42242
3728,100110003202503728,Davanagere,3,2025-09-08,2025,9,FIR,Non-Heinous,Crimes Against Property,Burglary,Closed,14.50364,75.93944
3729,700270002202503729,Bagalkot,2,2025-04-27,2025,4,Zero FIR,Non-Heinous,Crimes Against Property,Burglary,Under Investigation,16.13631,75.72464
3730,100270001202603730,Bagalkot,1,2026-06-06,2026,6,FIR,Non-Heinous,Crimes Against Property,Burglary,Undetected,16.18148,75.53753
3731,400120003202603731,Vijayapura,3,2026-05-10,2026,5,UDR,Non-Heinous,Crimes Against Body,Murder,Under Investigation,16.8303,75.62114
3732,100140004202603732,Bidar,4,2026-07-20,2026,7,FIR,Non-Heinous,Economic Offences,Forgery,Closed,17.93465,77.40573
3733,100200003202403733,Chitradurga,3,2024-04-09,2024,4,FIR,Heinous,Crimes Against Body,Attempt to Murder,Undetected,14.28056,76.35321
3734,700090002202603734,Tumakuru,2,2026-12-25,2026,12,Zero FIR,Non-Heinous,Crimes Against Property,Burglary,Undetected,13.39454,77.13307
3735,100060002202603735,Kalaburagi,2,2026-06-24,2026,6,FIR,Non-Heinous,Crimes Against Women,Domestic Violence,Under Investigation,17.26216,76.80883
3736,100010004202303736,Bengaluru City,4,2023-05-19,2023,5,FIR,Heinous,Crimes Against Women,Sexual Assault,Charge Sheeted,12.95175,77.61168
3737,100030004202503737,Mysuru,4,2025-09-23,2025,9,FIR,Non-Heinous,Cyber Crime,Cyberstalking,Under Investigation,12.25473,76.64621
3738,400190002202303738,Hassan,2,2023-02-04,2023,2,UDR,Heinous,Narcotics,NDPS Possession,Under Investigation,12.93491,76.11878
3739,100240004202503739,Kodagu,4,2025-04-25,2025,4,FIR,Heinous,Crimes Against Women,Dowry Harassment,Under Investigation,12.27413,75.92451
3740,100040001202403740,Mangaluru (Dakshina Kannada),1,2024-12-14,2024,12,FIR,Heinous,Narcotics,NDPS Possession,Closed,12.85319,74.8617
3741,100160001202303741,Udupi,1,2023-10-23,2023,10,FIR,Non-Heinous,Cyber Crime,Identity Theft,False Case,13.21637,74.83702
3742,100240003202603742,Kodagu,3,2026-08-25,2026,8,FIR,Non-Heinous,Crimes Against Women,Domestic Violence,False Case,12.42925,75.81923
3743,700230002202603743,Chamarajanagar,2,2026-10-05,2026,10,Zero FIR,Heinous,Crimes Against Women,Dowry Harassment,False Case,11.88737,76.92493
3744,100110003202403744,Davanagere,3,2024-03-12,2024,3,FIR,Non-Heinous,Crimes Against Women,Molestation,Undetected,14.5293,75.93071
3745,100070001202303745,Hubballi-Dharwad,1,2023-08-21,2023,8,FIR,Non-Heinous,Narcotics,NDPS Trafficking,Under Investigation,15.25174,75.17143
3746,700070004202503746,Hubballi-Dharwad,4,2025-02-17,2025,2,Zero FIR,Heinous,Narcotics,NDPS Possession,Closed,15.37675,75.07533
3747,100160001202503747,Udupi,1,2025-07-13,2025,7,FIR,Non-Heinous,Economic Offences,Cheating,Under Investigation,13.28098,74.77406
3748,100160004202503748,Udupi,4,2025-04-07,2025,4,FIR,Heinous,Crimes Against Women,Dowry Harassment,Charge Sheeted,13.38699,74.75796
3749,100290001202503749,Gadag,1,2025-11-20,2025,11,FIR,Non-Heinous,Crimes Against Body,Assault,Under Investigation,15.39985,75.80424
3750,100220003202503750,Yadgir,3,2025-07-26,2025,7,FIR,Heinous,Crimes Against Body,Assault,Charge Sheeted,16.85029,77.1743
3751,100110004202203751,Davanagere,4,2022-09-14,2022,9,FIR,Non-Heinous,Crimes Against Property,Burglary,Charge Sheeted,14.43238,76.01581
3752,100250003202503752,Ramanagara,3,2025-09-25,2025,9,FIR,Non-Heinous,Crimes Against Property,Theft,False Case,12.73704,77.29458
3753,400130002202603753,Raichur,2,2026-05-05,2026,5,UDR,Non-Heinous,Economic Offences,Cheating,Under Investigation,16.1726,77.39036
3754,400190001202603754,Hassan,1,2026-05-01,2026,5,UDR,Non-Heinous,Crimes Against Property,Burglary,Under Investigation,13.11406,76.17465
3755,100010002202203755,Bengaluru City,2,2022-12-16,2022,12,FIR,Non-Heinous,Crimes Against Body,Assault,Charge Sheeted,13.00738,77.67183
3756,100070001202403756,Hubballi-Dharwad,1,2024-01-22,2024,1,FIR,Heinous,Crimes Against Women,Sexual Assault,Under Investigation,15.32324,75.12603
3757,100240001202603757,Kodagu,1,2026-08-09,2026,8,FIR,Non-Heinous,Crimes Against Women,Dowry Harassment,Charge Sheeted,12.29083,75.81848
3758,100280001202603758,Haveri,1,2026-10-18,2026,10,FIR,Non-Heinous,Crimes Against Property,Robbery,Closed,14.78303,75.48786
3759,400020003202203759,Bengaluru Rural,3,2022-05-23,2022,5,UDR,Non-Heinous,Crimes Against Property,Burglary,Charge Sheeted,13.30074,77.55339
3760,100140001202403760,Bidar,1,2024-01-20,2024,1,FIR,Non-Heinous,Economic Offences,Criminal Breach of Trust,Undetected,17.76574,77.57248
3761,100040004202303761,Mangaluru (Dakshina Kannada),4,2023-11-19,2023,11,FIR,Heinous,Narcotics,NDPS Trafficking,False Case,12.96572,74.8645
3762,100110004202503762,Davanagere,4,2025-08-18,2025,8,FIR,Non-Heinous,Crimes Against Property,Theft,Under Investigation,14.50061,75.87127
3763,100060001202503763,Kalaburagi,1,2025-07-16,2025,7,FIR,Non-Heinous,Crimes Against Property,Theft,Closed,17.3913,76.86362
3764,100020004202303764,Bengaluru Rural,4,2023-03-12,2023,3,FIR,Non-Heinous,Narcotics,NDPS Trafficking,Under Investigation,13.19391,77.49679
3765,100050004202403765,Belagavi,4,2024-12-10,2024,12,FIR,Non-Heinous,Economic Offences,Forgery,Charge Sheeted,15.79767,74.53144
3766,100040001202303766,Mangaluru (Dakshina Kannada),1,2023-07-08,2023,7,FIR,Non-Heinous,Cyber Crime,Phishing,Under Investigation,12.88278,74.89167
3767,400020002202503767,Bengaluru Rural,2,2025-02-01,2025,2,UDR,Heinous,Crimes Against Women,Dowry Harassment,Under Investigation,13.31,77.57674
3768,100150003202303768,Chikkamagaluru,3,2023-11-26,2023,11,PAR,Non-Heinous,Public Order,Rioting,Under Investigation,13.35599,75.75837
3769,100030004202203769,Mysuru,4,2022-08-19,2022,8,FIR,Non-Heinous,Crimes Against Property,Robbery,Under Investigation,12.27551,76.53184
3770,100110002202203770,Davanagere,2,2022-11-19,2022,11,FIR,Non-Heinous,Crimes Against Property,Robbery,Under Investigation,14.38071,75.86471
3771,100130003202603771,Raichur,3,2026-06-01,2026,6,FIR,Non-Heinous,Crimes Against Body,Murder,False Case,16.17819,77.27035
3772,100030003202603772,Mysuru,3,2026-06-23,2026,6,PAR,Non-Heinous,Cyber Crime,Phishing,Charge Sheeted,12.23577,76.62746
3773,100110002202403773,Davanagere,2,2024-01-23,2024,1,FIR,Non-Heinous,Crimes Against Property,Dacoity,Undetected,14.38784,75.88846
3774,100110001202403774,Davanagere,1,2024-02-14,2024,2,FIR,Non-Heinous,Crimes Against Property,Dacoity,Closed,14.45325,75.91963
3775,100240002202203775,Kodagu,2,2022-04-12,2022,4,FIR,Non-Heinous,Cyber Crime,Phishing,Under Investigation,12.35005,75.82199
3776,100090003202603776,Tumakuru,3,2026-08-09,2026,8,FIR,Non-Heinous,Economic Offences,Criminal Breach of Trust,Undetected,13.29734,77.17185
3777,100090004202403777,Tumakuru,4,2024-10-05,2024,10,FIR,Non-Heinous,Crimes Against Body,Grievous Hurt,Closed,13.24109,77.08617
3778,100020002202403778,Bengaluru Rural,2,2024-02-24,2024,2,PAR,Heinous,Crimes Against Women,Dowry Harassment,Under Investigation,13.31457,77.54806
3779,400100001202403779,Shivamogga,1,2024-09-07,2024,9,UDR,Non-Heinous,Crimes Against Property,Dacoity,Closed,13.96412,75.64544
3780,400110002202203780,Davanagere,2,2022-06-20,2022,6,UDR,Non-Heinous,Cyber Crime,Identity Theft,Undetected,14.47923,75.7715
3781,100050004202403781,Belagavi,4,2024-10-10,2024,10,FIR,Non-Heinous,Cyber Crime,Phishing,Under Investigation,15.76122,74.53088
3782,100190001202303782,Hassan,1,2023-08-19,2023,8,FIR,Non-Heinous,Crimes Against Women,Domestic Violence,Undetected,13.05169,76.03832
3783,100020002202203783,Bengaluru Rural,2,2022-09-09,2022,9,FIR,Non-Heinous,Economic Offences,Forgery,Charge Sheeted,13.29272,77.52732
3784,100140003202303784,Bidar,3,2023-10-03,2023,10,FIR,Heinous,Crimes Against Women,Sexual Assault,Charge Sheeted,17.88529,77.51516
3785,700100001202603785,Shivamogga,1,2026-09-01,2026,9,Zero FIR,Non-Heinous,Economic Offences,Criminal Breach of Trust,Charge Sheeted,13.95665,75.65921
3786,400150003202203786,Chikkamagaluru,3,2022-07-11,2022,7,UDR,Non-Heinous,Economic Offences,Forgery,Under Investigation,13.26749,75.66078
3787,100040004202303787,Mangaluru (Dakshina Kannada),4,2023-02-10,2023,2,FIR,Heinous,Crimes Against Body,Attempt to Murder,False Case,12.99694,74.85517
3788,100200002202403788,Chitradurga,2,2024-02-08,2024,2,FIR,Non-Heinous,Crimes Against Property,Theft,Closed,14.17853,76.46608
3789,100110001202603789,Davanagere,1,2026-06-15,2026,6,PAR,Non-Heinous,Narcotics,NDPS Possession,Under Investigation,14.48777,75.86263
3790,100040003202203790,Mangaluru (Dakshina Kannada),3,2022-12-04,2022,12,FIR,Non-Heinous,Crimes Against Body,Grievous Hurt,Charge Sheeted,12.88256,74.90237
3791,100010001202603791,Bengaluru City,1,2026-09-09,2026,9,FIR,Heinous,Crimes Against Body,Attempt to Murder,Charge Sheeted,12.96342,77.66846
3792,100030003202203792,Mysuru,3,2022-11-15,2022,11,FIR,Non-Heinous,Crimes Against Women,Sexual Assault,Under Investigation,12.32747,76.56133
3793,100110002202603793,Davanagere,2,2026-09-16,2026,9,FIR,Non-Heinous,Economic Offences,Cheating,Charge Sheeted,14.47185,75.89377
3794,100270001202603794,Bagalkot,1,2026-01-02,2026,1,FIR,Non-Heinous,Economic Offences,Criminal Breach of Trust,Charge Sheeted,16.22257,75.5677
3795,100190003202303795,Hassan,3,2023-11-19,2023,11,FIR,Non-Heinous,Crimes Against Body,Attempt to Murder,Closed,12.99426,76.09466
3796,100010003202203796,Bengaluru City,3,2022-01-24,2022,1,FIR,Non-Heinous,Cyber Crime,Online Fraud,Closed,13.0209,77.60964
3797,100080003202603797,Ballari,3,2026-06-05,2026,6,FIR,Non-Heinous,Public Order,Rioting,Undetected,15.22292,76.97929
3798,100050004202303798,Belagavi,4,2023-11-18,2023,11,FIR,Non-Heinous,Cyber Crime,Online Fraud,Undetected,15.84967,74.53672
3799,700280002202503799,Haveri,2,2025-09-15,2025,9,Zero FIR,Non-Heinous,Crimes Against Property,Robbery,Under Investigation,14.80726,75.2916
3800,100050004202303800,Belagavi,4,2023-07-16,2023,7,FIR,Non-Heinous,Crimes Against Property,Burglary,Under Investigation,15.85137,74.52148
3801,400050001202303801,Belagavi,1,2023-05-18,2023,5,UDR,Heinous,Crimes Against Women,Domestic Violence,Closed,15.91434,74.49815
3802,100210004202503802,Koppal,4,2025-06-23,2025,6,FIR,Non-Heinous,Crimes Against Women,Molestation,Under Investigation,15.32761,76.2278
3803,100040002202603803,Mangaluru (Dakshina Kannada),2,2026-07-03,2026,7,FIR,Non-Heinous,Crimes Against Women,Molestation,Closed,12.88781,74.83564
3804,100200002202203804,Chitradurga,2,2022-08-14,2022,8,FIR,Heinous,Crimes Against Women,Molestation,Under Investigation,14.07919,76.4114
3805,400260004202603805,Chikkaballapur,4,2026-01-05,2026,1,UDR,Non-Heinous,Crimes Against Property,Robbery,False Case,13.43813,77.64182
3806,100190001202303806,Hassan,1,2023-02-27,2023,2,FIR,Non-Heinous,Crimes Against Women,Domestic Violence,Charge Sheeted,12.97269,76.13743
3807,100130002202503807,Raichur,2,2025-03-13,2025,3,FIR,Heinous,Narcotics,NDPS Possession,Closed,16.18023,77.33934
3808,100010002202403808,Bengaluru City,2,2024-01-02,2024,1,FIR,Non-Heinous,Economic Offences,Forgery,Charge Sheeted,13.02931,77.52203
3809,100120001202603809,Vijayapura,1,2026-05-23,2026,5,PAR,Non-Heinous,Public Order,Rioting,Under Investigation,16.86019,75.67253
3810,700170004202303810,Kolar,4,2023-12-10,2023,12,Zero FIR,Non-Heinous,Economic Offences,Forgery,Charge Sheeted,13.14112,78.13477
3811,100010003202603811,Bengaluru City,3,2026-12-19,2026,12,FIR,Non-Heinous,Crimes Against Property,Theft,Under Investigation,12.89774,77.54377
3812,100150002202503812,Chikkamagaluru,2,2025-12-10,2025,12,FIR,Non-Heinous,Economic Offences,Criminal Breach of Trust,Charge Sheeted,13.21742,75.86913
3813,100290004202203813,Gadag,4,2022-10-13,2022,10,FIR,Non-Heinous,Crimes Against Property,Burglary,Charge Sheeted,15.3918,75.68676
3814,100250004202603814,Ramanagara,4,2026-02-16,2026,2,FIR,Non-Heinous,Crimes Against Body,Assault,Closed,12.76743,77.30343
3815,100270002202303815,Bagalkot,2,2023-09-25,2023,9,FIR,Heinous,Crimes Against Body,Grievous Hurt,Undetected,16.32879,75.62733
3816,100190001202503816,Hassan,1,2025-11-24,2025,11,PAR,Heinous,Crimes Against Women,Dowry Harassment,False Case,13.03313,76.06804
3817,100190004202603817,Hassan,4,2026-03-12,2026,3,FIR,Non-Heinous,Crimes Against Property,Robbery,Charge Sheeted,13.01894,76.08335
3818,100060002202603818,Kalaburagi,2,2026-02-09,2026,2,FIR,Non-Heinous,Cyber Crime,Phishing,Charge Sheeted,17.35955,76.84811
3819,100110001202603819,Davanagere,1,2026-02-18,2026,2,FIR,Non-Heinous,Cyber Crime,Identity Theft,False Case,14.46823,75.89889
3820,100260002202203820,Chikkaballapur,2,2022-03-02,2022,3,FIR,Non-Heinous,Crimes Against Women,Molestation,Undetected,13.5122,77.80102
3821,100140001202403821,Bidar,1,2024-06-06,2024,6,FIR,Non-Heinous,Crimes Against Property,Robbery,Charge Sheeted,17.91006,77.63562
3822,100190004202303822,Hassan,4,2023-09-12,2023,9,FIR,Non-Heinous,Crimes Against Body,Assault,Under Investigation,13.07662,76.17195
3823,100080004202603823,Ballari,4,2026-08-21,2026,8,FIR,Non-Heinous,Economic Offences,Forgery,False Case,15.05929,76.82992
3824,100190002202303824,Hassan,2,2023-08-19,2023,8,FIR,Non-Heinous,Cyber Crime,Cyberstalking,Charge Sheeted,13.06507,76.06957
3825,100230002202603825,Chamarajanagar,2,2026-04-04,2026,4,FIR,Non-Heinous,Cyber Crime,Cyberstalking,Charge Sheeted,11.90028,76.90266
3826,100020003202603826,Bengaluru Rural,3,2026-08-05,2026,8,FIR,Heinous,Crimes Against Women,Molestation,False Case,13.23673,77.50643
3827,100110003202503827,Davanagere,3,2025-05-19,2025,5,FIR,Non-Heinous,Cyber Crime,Online Fraud,Closed,14.51359,75.96631
3828,100110002202603828,Davanagere,2,2026-06-07,2026,6,FIR,Non-Heinous,Crimes Against Property,Burglary,Charge Sheeted,14.4539,75.89899
3829,100040004202403829,Mangaluru (Dakshina Kannada),4,2024-05-15,2024,5,FIR,Non-Heinous,Crimes Against Body,Attempt to Murder,Closed,12.86271,74.71912
3830,100110001202603830,Davanagere,1,2026-08-19,2026,8,FIR,Non-Heinous,Cyber Crime,Cyberstalking,Under Investigation,14.4152,75.92129
3831,100010003202503831,Bengaluru City,3,2025-07-27,2025,7,FIR,Non-Heinous,Economic Offences,Forgery,Under Investigation,12.8702,77.673
3832,400010003202403832,Bengaluru City,3,2024-11-10,2024,11,UDR,Non-Heinous,Crimes Against Property,Robbery,Under Investigation,13.01501,77.64366
3833,100170002202403833,Kolar,2,2024-09-01,2024,9,FIR,Non-Heinous,Public Order,Rioting,Under Investigation,13.13632,78.19465
3834,100070003202503834,Hubballi-Dharwad,3,2025-07-24,2025,7,FIR,Non-Heinous,Economic Offences,Criminal Breach of Trust,Closed,15.29353,75.07992
3835,100290001202303835,Gadag,1,2023-07-23,2023,7,FIR,Heinous,Crimes Against Body,Attempt to Murder,Closed,15.35879,75.52426
3836,100020002202403836,Bengaluru Rural,2,2024-01-13,2024,1,FIR,Heinous,Crimes Against Body,Assault,Closed,13.3499,77.50738
3837,100290001202603837,Gadag,1,2026-02-26,2026,2,FIR,Non-Heinous,Crimes Against Women,Domestic Violence,Charge Sheeted,15.50306,75.64046
3838,100010002202403838,Bengaluru City,2,2024-07-23,2024,7,FIR,Non-Heinous,Crimes Against Property,Robbery,Under Investigation,12.96579,77.52305
3839,100020004202403839,Bengaluru Rural,4,2024-01-06,2024,1,FIR,Non-Heinous,Economic Offences,Forgery,False Case,13.33262,77.3898
3840,100060002202303840,Kalaburagi,2,2023-02-14,2023,2,FIR,Non-Heinous,Crimes Against Women,Molestation,Charge Sheeted,17.38087,76.74027
3841,100070002202503841,Hubballi-Dharwad,2,2025-06-14,2025,6,FIR,Heinous,Crimes Against Body,Murder,Undetected,15.38926,75.06559
3842,100170002202403842,Kolar,2,2024-05-01,2024,5,FIR,Non-Heinous,Crimes Against Property,Theft,Undetected,13.09145,78.25828
3843,100240002202203843,Kodagu,2,2022-05-02,2022,5,FIR,Non-Heinous,Crimes Against Property,Robbery,Under Investigation,12.40913,75.86292
3844,100160004202303844,Udupi,4,2023-03-12,2023,3,FIR,Non-Heinous,Crimes Against Property,Burglary,Charge Sheeted,13.35484,74.7236
3845,100240003202403845,Kodagu,3,2024-11-18,2024,11,PAR,Non-Heinous,Crimes Against Property,Burglary,Under Investigation,12.28205,75.80583
3846,100280003202303846,Haveri,3,2023-07-18,2023,7,FIR,Non-Heinous,Crimes Against Property,Burglary,Undetected,14.81853,75.46319
3847,100250003202203847,Ramanagara,3,2022-09-22,2022,9,FIR,Non-Heinous,Narcotics,NDPS Possession,Charge Sheeted,12.66822,77.2119
3848,100030003202603848,Mysuru,3,2026-11-19,2026,11,FIR,Non-Heinous,Economic Offences,Criminal Breach of Trust,Undetected,12.33819,76.66474
3849,100010002202203849,Bengaluru City,2,2022-08-07,2022,8,FIR,Non-Heinous,Crimes Against Body,Murder,Closed,12.88216,77.65598
3850,100290002202603850,Gadag,2,2026-11-20,2026,11,FIR,Non-Heinous,Crimes Against Body,Murder,Under Investigation,15.4405,75.56225
3851,100070003202603851,Hubballi-Dharwad,3,2026-10-02,2026,10,FIR,Non-Heinous,Cyber Crime,Phishing,Charge Sheeted,15.32946,75.07564
3852,100050004202403852,Belagavi,4,2024-01-06,2024,1,FIR,Heinous,Narcotics,NDPS Possession,Undetected,15.89097,74.46839
3853,100020001202203853,Bengaluru Rural,1,2022-01-18,2022,1,FIR,Non-Heinous,Crimes Against Property,Dacoity,Under Investigation,13.33823,77.5713
3854,100040002202603854,Mangaluru (Dakshina Kannada),2,2026-06-04,2026,6,FIR,Heinous,Crimes Against Women,Sexual Assault,Closed,12.86529,74.91322
3855,100230001202303855,Chamarajanagar,1,2023-08-18,2023,8,FIR,Non-Heinous,Crimes Against Women,Dowry Harassment,False Case,11.82068,76.97619
3856,100080002202403856,Ballari,2,2024-05-15,2024,5,FIR,Non-Heinous,Crimes Against Body,Attempt to Murder,Closed,15.13379,76.89538
3857,100190002202603857,Hassan,2,2026-02-26,2026,2,FIR,Non-Heinous,Crimes Against Property,Dacoity,Under Investigation,12.92625,76.18635
3858,100050004202403858,Belagavi,4,2024-10-14,2024,10,FIR,Heinous,Narcotics,NDPS Trafficking,Under Investigation,15.87194,74.39244
3859,100230004202603859,Chamarajanagar,4,2026-08-25,2026,8,FIR,Non-Heinous,Crimes Against Body,Murder,Closed,11.93668,77.09299
3860,400070002202503860,Hubballi-Dharwad,2,2025-07-05,2025,7,UDR,Non-Heinous,Crimes Against Property,Theft,Under Investigation,15.37735,75.1585
3861,100040002202503861,Mangaluru (Dakshina Kannada),2,2025-08-12,2025,8,FIR,Non-Heinous,Crimes Against Property,Theft,Charge Sheeted,12.93193,74.82948
3862,100220001202403862,Yadgir,1,2024-07-13,2024,7,FIR,Heinous,Crimes Against Women,Domestic Violence,Under Investigation,16.79749,77.12878
3863,100240003202603863,Kodagu,3,2026-03-14,2026,3,PAR,Non-Heinous,Public Order,Rioting,Closed,12.35198,75.75637
3864,100010003202503864,Bengaluru City,3,2025-11-10,2025,11,FIR,Non-Heinous,Economic Offences,Criminal Breach of Trust,Under Investigation,13.03828,77.59016
3865,100220001202503865,Yadgir,1,2025-06-16,2025,6,FIR,Non-Heinous,Crimes Against Property,Robbery,Under Investigation,16.79149,77.18802
3866,100050002202203866,Belagavi,2,2022-01-24,2022,1,FIR,Heinous,Crimes Against Body,Grievous Hurt,Under Investigation,15.89072,74.43029
3867,100030001202603867,Mysuru,1,2026-12-18,2026,12,FIR,Non-Heinous,Crimes Against Property,Theft,Closed,12.37796,76.73154
3868,400020004202303868,Bengaluru Rural,4,2023-04-16,2023,4,UDR,Non-Heinous,Public Order,Unlawful Assembly,Under Investigation,13.24264,77.49423
3869,100240002202503869,Kodagu,2,2025-12-16,2025,12,FIR,Non-Heinous,Crimes Against Property,Burglary,Closed,12.37226,75.79674
3870,100100004202603870,Shivamogga,4,2026-09-04,2026,9,FIR,Non-Heinous,Crimes Against Property,Dacoity,Undetected,13.89405,75.61972
3871,700290002202203871,Gadag,2,2022-08-02,2022,8,Zero FIR,Heinous,Crimes Against Women,Dowry Harassment,Closed,15.44921,75.57567
3872,100010004202503872,Bengaluru City,4,2025-07-03,2025,7,FIR,Non-Heinous,Cyber Crime,Identity Theft,Closed,13.00233,77.57722
3873,100070004202203873,Hubballi-Dharwad,4,2022-12-27,2022,12,FIR,Non-Heinous,Crimes Against Property,Robbery,Undetected,15.46591,75.06745
3874,100220004202503874,Yadgir,4,2025-11-14,2025,11,FIR,Non-Heinous,Crimes Against Property,Theft,Under Investigation,16.78834,77.13663
3875,700250003202503875,Ramanagara,3,2025-10-22,2025,10,Zero FIR,Non-Heinous,Crimes Against Property,Burglary,Charge Sheeted,12.71664,77.24459
3876,100140001202503876,Bidar,1,2025-07-10,2025,7,FIR,Non-Heinous,Crimes Against Property,Burglary,Undetected,17.97928,77.47704
3877,100010004202203877,Bengaluru City,4,2022-09-24,2022,9,FIR,Non-Heinous,Crimes Against Property,Dacoity,Closed,13.02355,77.52118
3878,100060004202403878,Kalaburagi,4,2024-09-24,2024,9,FIR,Non-Heinous,Crimes Against Property,Dacoity,Under Investigation,17.21907,76.82113
3879,100220002202603879,Yadgir,2,2026-01-26,2026,1,FIR,Non-Heinous,Economic Offences,Forgery,Under Investigation,16.96959,77.15879
3880,100230004202403880,Chamarajanagar,4,2024-05-14,2024,5,PAR,Non-Heinous,Cyber Crime,Identity Theft,Under Investigation,11.91532,76.89909
3881,100020003202303881,Bengaluru Rural,3,2023-11-15,2023,11,FIR,Heinous,Crimes Against Body,Assault,Under Investigation,13.31209,77.48855
3882,100110004202603882,Davanagere,4,2026-07-22,2026,7,FIR,Non-Heinous,Crimes Against Body,Assault,Undetected,14.4172,75.97579
3883,100040002202303883,Mangaluru (Dakshina Kannada),2,2023-09-11,2023,9,FIR,Non-Heinous,Crimes Against Body,Grievous Hurt,Closed,12.89316,74.88377
3884,400140003202203884,Bidar,3,2022-02-12,2022,2,UDR,Non-Heinous,Crimes Against Property,Burglary,Charge Sheeted,17.88623,77.47273
3885,100190004202503885,Hassan,4,2025-03-19,2025,3,FIR,Non-Heinous,Cyber Crime,Online Fraud,Under Investigation,12.94424,76.123
3886,100010004202603886,Bengaluru City,4,2026-08-04,2026,8,FIR,Non-Heinous,Crimes Against Body,Attempt to Murder,False Case,12.99296,77.57692
3887,100240002202503887,Kodagu,2,2025-04-17,2025,4,FIR,Non-Heinous,Cyber Crime,Identity Theft,Closed,12.39214,75.81111
3888,100130004202503888,Raichur,4,2025-06-08,2025,6,PAR,Non-Heinous,Crimes Against Body,Grievous Hurt,Under Investigation,16.2395,77.32795
3889,100160004202603889,Udupi,4,2026-03-01,2026,3,FIR,Non-Heinous,Crimes Against Body,Murder,Closed,13.25235,74.7197
3890,100090002202403890,Tumakuru,2,2024-03-14,2024,3,FIR,Non-Heinous,Crimes Against Property,Burglary,Closed,13.3958,77.04809
3891,100160003202503891,Udupi,3,2025-05-24,2025,5,FIR,Non-Heinous,Economic Offences,Forgery,Charge Sheeted,13.33868,74.76806
3892,100190001202303892,Hassan,1,2023-11-27,2023,11,FIR,Non-Heinous,Crimes Against Body,Grievous Hurt,Under Investigation,12.95045,76.00828
3893,100230003202203893,Chamarajanagar,3,2022-08-02,2022,8,FIR,Non-Heinous,Crimes Against Property,Robbery,Under Investigation,12.04595,76.96567
3894,100010004202603894,Bengaluru City,4,2026-12-22,2026,12,FIR,Non-Heinous,Crimes Against Property,Robbery,False Case,13.01114,77.59198
3895,100090001202303895,Tumakuru,1,2023-05-01,2023,5,FIR,Non-Heinous,Crimes Against Property,Dacoity,Charge Sheeted,13.3526,77.1864
3896,100050002202303896,Belagavi,2,2023-04-23,2023,4,FIR,Heinous,Crimes Against Body,Murder,Under Investigation,15.87931,74.42099
3897,400070003202303897,Hubballi-Dharwad,3,2023-12-21,2023,12,UDR,Heinous,Crimes Against Women,Molestation,Charge Sheeted,15.3664,75.13504
3898,100080001202603898,Ballari,1,2026-09-23,2026,9,FIR,Non-Heinous,Crimes Against Property,Theft,Closed,15.23933,76.93248
3899,100020004202503899,Bengaluru Rural,4,2025-09-21,2025,9,FIR,Non-Heinous,Cyber Crime,Online Fraud,Undetected,13.24398,77.51522
3900,100050001202303900,Belagavi,1,2023-09-19,2023,9,FIR,Non-Heinous,Crimes Against Property,Theft,Under Investigation,15.79759,74.49953
3901,100040004202603901,Mangaluru (Dakshina Kannada),4,2026-10-20,2026,10,FIR,Non-Heinous,Crimes Against Property,Robbery,Under Investigation,12.89373,74.88061
3902,100250004202603902,Ramanagara,4,2026-12-05,2026,12,FIR,Non-Heinous,Narcotics,NDPS Trafficking,Charge Sheeted,12.75541,77.29859
3903,100050002202603903,Belagavi,2,2026-04-07,2026,4,FIR,Heinous,Crimes Against Body,Attempt to Murder,Under Investigation,15.73995,74.49179
3904,100080002202403904,Ballari,2,2024-12-04,2024,12,FIR,Heinous,Crimes Against Body,Assault,Closed,15.21728,76.90701
3905,100110004202403905,Davanagere,4,2024-11-17,2024,11,FIR,Non-Heinous,Crimes Against Property,Robbery,Charge Sheeted,14.54443,75.96146
3906,100050004202303906,Belagavi,4,2023-05-14,2023,5,FIR,Non-Heinous,Crimes Against Property,Burglary,Charge Sheeted,15.69605,74.45923
3907,100100002202403907,Shivamogga,2,2024-09-12,2024,9,FIR,Non-Heinous,Crimes Against Property,Dacoity,False Case,13.92081,75.5839
3908,700010004202503908,Bengaluru City,4,2025-08-18,2025,8,Zero FIR,Non-Heinous,Cyber Crime,Cyberstalking,Under Investigation,12.97378,77.57079
3909,100020002202503909,Bengaluru Rural,2,2025-06-13,2025,6,FIR,Non-Heinous,Crimes Against Women,Domestic Violence,Closed,13.30394,77.49782
3910,100050003202303910,Belagavi,3,2023-08-06,2023,8,PAR,Non-Heinous,Economic Offences,Criminal Breach of Trust,Under Investigation,15.86779,74.57706
3911,100140002202303911,Bidar,2,2023-02-22,2023,2,FIR,Non-Heinous,Crimes Against Property,Theft,Under Investigation,17.92203,77.45286
3912,100110003202503912,Davanagere,3,2025-10-10,2025,10,FIR,Non-Heinous,Crimes Against Property,Robbery,Under Investigation,14.36639,75.90211
3913,100080002202603913,Ballari,2,2026-04-21,2026,4,FIR,Non-Heinous,Crimes Against Property,Dacoity,Charge Sheeted,15.14975,76.94931
3914,100180004202503914,Mandya,4,2025-04-20,2025,4,FIR,Heinous,Crimes Against Body,Attempt to Murder,Closed,12.44877,76.86956
3915,100040004202303915,Mangaluru (Dakshina Kannada),4,2023-10-06,2023,10,FIR,Heinous,Crimes Against Body,Attempt to Murder,Charge Sheeted,12.86055,74.92247
3916,100050004202603916,Belagavi,4,2026-06-22,2026,6,FIR,Non-Heinous,Public Order,Rioting,Charge Sheeted,15.87287,74.41336
3917,100020001202503917,Bengaluru Rural,1,2025-06-20,2025,6,FIR,Non-Heinous,Crimes Against Body,Murder,Under Investigation,13.42983,77.52749
3918,100030003202403918,Mysuru,3,2024-06-12,2024,6,FIR,Non-Heinous,Crimes Against Property,Burglary,Undetected,12.24873,76.63812
3919,100020001202603919,Bengaluru Rural,1,2026-07-14,2026,7,FIR,Non-Heinous,Economic Offences,Forgery,Under Investigation,13.33225,77.51592
3920,700040004202503920,Mangaluru (Dakshina Kannada),4,2025-01-22,2025,1,Zero FIR,Non-Heinous,Crimes Against Property,Robbery,Closed,12.9004,74.93416
3921,100220004202303921,Yadgir,4,2023-10-01,2023,10,FIR,Non-Heinous,Crimes Against Property,Theft,Charge Sheeted,16.77805,77.11824
3922,100180001202403922,Mandya,1,2024-04-17,2024,4,FIR,Heinous,Narcotics,NDPS Possession,False Case,12.47044,76.92641
3923,100180003202303923,Mandya,3,2023-12-07,2023,12,FIR,Non-Heinous,Crimes Against Property,Robbery,Charge Sheeted,12.54357,77.00227
3924,100020004202603924,Bengaluru Rural,4,2026-08-07,2026,8,FIR,Non-Heinous,Cyber Crime,Cyberstalking,Closed,13.24076,77.54127
3925,100070004202303925,Hubballi-Dharwad,4,2023-07-02,2023,7,FIR,Non-Heinous,Crimes Against Women,Sexual Assault,Charge Sheeted,15.32239,75.1637
3926,100020002202603926,Bengaluru Rural,2,2026-09-04,2026,9,FIR,Heinous,Crimes Against Body,Assault,Under Investigation,13.20177,77.5625
3927,100250004202503927,Ramanagara,4,2025-11-15,2025,11,FIR,Non-Heinous,Public Order,Rioting,Under Investigation,12.72237,77.30572
3928,700070003202403928,Hubballi-Dharwad,3,2024-08-05,2024,8,Zero FIR,Non-Heinous,Cyber Crime,Online Fraud,Closed,15.33501,75.12062
3929,100270002202403929,Bagalkot,2,2024-04-23,2024,4,FIR,Non-Heinous,Economic Offences,Criminal Breach of Trust,Closed,16.2953,75.71762
3930,100070003202303930,Hubballi-Dharwad,3,2023-05-03,2023,5,FIR,Heinous,Crimes Against Body,Grievous Hurt,Under Investigation,15.43467,75.11465
3931,100050004202303931,Belagavi,4,2023-03-25,2023,3,FIR,Non-Heinous,Narcotics,NDPS Trafficking,Closed,15.91271,74.42613
3932,700140002202603932,Bidar,2,2026-11-06,2026,11,Zero FIR,Non-Heinous,Crimes Against Women,Dowry Harassment,False Case,18.06984,77.51479
3933,100130003202603933,Raichur,3,2026-01-27,2026,1,FIR,Non-Heinous,Crimes Against Women,Sexual Assault,Charge Sheeted,16.28505,77.49406
3934,100190002202603934,Hassan,2,2026-05-10,2026,5,FIR,Non-Heinous,Economic Offences,Forgery,Charge Sheeted,13.12013,76.04889
3935,100070004202403935,Hubballi-Dharwad,4,2024-06-21,2024,6,FIR,Non-Heinous,Crimes Against Body,Murder,False Case,15.44146,75.20744
3936,100250002202303936,Ramanagara,2,2023-04-13,2023,4,FIR,Non-Heinous,Crimes Against Women,Domestic Violence,Under Investigation,12.7799,77.21316
3937,100040002202603937,Mangaluru (Dakshina Kannada),2,2026-05-24,2026,5,FIR,Non-Heinous,Crimes Against Women,Sexual Assault,Closed,12.96099,74.79559
3938,100030003202603938,Mysuru,3,2026-03-17,2026,3,FIR,Non-Heinous,Crimes Against Women,Sexual Assault,Charge Sheeted,12.19312,76.6034
3939,100170003202203939,Kolar,3,2022-01-26,2022,1,FIR,Non-Heinous,Crimes Against Property,Robbery,Charge Sheeted,13.11298,78.10733
3940,100240001202503940,Kodagu,1,2025-02-02,2025,2,FIR,Non-Heinous,Public Order,Rioting,Charge Sheeted,12.39615,75.94032
3941,100090001202603941,Tumakuru,1,2026-03-01,2026,3,PAR,Heinous,Crimes Against Body,Grievous Hurt,Under Investigation,13.33087,77.08097
3942,100180001202503942,Mandya,1,2025-01-23,2025,1,FIR,Non-Heinous,Crimes Against Body,Grievous Hurt,Closed,12.46428,76.93491
3943,100120002202403943,Vijayapura,2,2024-10-13,2024,10,FIR,Heinous,Crimes Against Women,Sexual Assault,Under Investigation,16.88766,75.67558
3944,400010004202303944,Bengaluru City,4,2023-04-17,2023,4,UDR,Non-Heinous,Economic Offences,Forgery,Closed,12.86479,77.5337
3945,100040004202603945,Mangaluru (Dakshina Kannada),4,2026-04-15,2026,4,FIR,Non-Heinous,Crimes Against Property,Dacoity,Closed,12.99062,74.83885
3946,400140002202403946,Bidar,2,2024-09-23,2024,9,UDR,Non-Heinous,Crimes Against Body,Murder,Charge Sheeted,18.04245,77.4124
3947,100040003202603947,Mangaluru (Dakshina Kannada),3,2026-04-09,2026,4,PAR,Non-Heinous,Crimes Against Property,Robbery,Charge Sheeted,12.91457,74.88127
3948,100020001202503948,Bengaluru Rural,1,2025-06-24,2025,6,PAR,Non-Heinous,Crimes Against Women,Domestic Violence,False Case,13.25397,77.60374
3949,100020004202503949,Bengaluru Rural,4,2025-06-20,2025,6,FIR,Non-Heinous,Crimes Against Property,Robbery,Closed,13.27948,77.52039
3950,100100001202603950,Shivamogga,1,2026-07-14,2026,7,FIR,Non-Heinous,Economic Offences,Cheating,False Case,13.82195,75.53536
3951,100160001202203951,Udupi,1,2022-02-16,2022,2,FIR,Non-Heinous,Cyber Crime,Phishing,Closed,13.48637,74.65783
3952,100010004202503952,Bengaluru City,4,2025-02-26,2025,2,FIR,Non-Heinous,Public Order,Unlawful Assembly,Closed,12.90202,77.53589
3953,100090002202603953,Tumakuru,2,2026-05-03,2026,5,FIR,Heinous,Crimes Against Body,Attempt to Murder,Charge Sheeted,13.33935,77.15763
3954,100170001202203954,Kolar,1,2022-07-06,2022,7,FIR,Non-Heinous,Economic Offences,Forgery,Charge Sheeted,13.11254,78.10671
3955,100030002202503955,Mysuru,2,2025-11-04,2025,11,PAR,Non-Heinous,Crimes Against Property,Theft,Under Investigation,12.12058,76.65351
3956,100230003202203956,Chamarajanagar,3,2022-06-18,2022,6,FIR,Non-Heinous,Crimes Against Body,Murder,Closed,11.91709,77.01064
3957,100160004202203957,Udupi,4,2022-07-18,2022,7,FIR,Heinous,Crimes Against Women,Dowry Harassment,Under Investigation,13.32004,74.67318
3958,100090003202403958,Tumakuru,3,2024-02-23,2024,2,FIR,Heinous,Crimes Against Women,Sexual Assault,Charge Sheeted,13.35639,77.07298
3959,100050001202303959,Belagavi,1,2023-04-05,2023,4,FIR,Non-Heinous,Public Order,Unlawful Assembly,Under Investigation,15.81075,74.54193
3960,100190004202603960,Hassan,4,2026-10-17,2026,10,FIR,Non-Heinous,Cyber Crime,Cyberstalking,Under Investigation,13.01013,76.08992
3961,100190003202503961,Hassan,3,2025-05-26,2025,5,FIR,Non-Heinous,Crimes Against Property,Burglary,Undetected,12.95871,76.11169
3962,100090004202603962,Tumakuru,4,2026-09-09,2026,9,FIR,Heinous,Crimes Against Body,Murder,Under Investigation,13.18031,77.04273
3963,100280003202403963,Haveri,3,2024-01-05,2024,1,FIR,Non-Heinous,Narcotics,NDPS Possession,False Case,14.86485,75.4501
3964,100030004202503964,Mysuru,4,2025-09-23,2025,9,FIR,Non-Heinous,Economic Offences,Cheating,Charge Sheeted,12.41316,76.5686
3965,100230001202603965,Chamarajanagar,1,2026-06-02,2026,6,FIR,Non-Heinous,Economic Offences,Cheating,Charge Sheeted,11.93342,76.86626
3966,100010003202203966,Bengaluru City,3,2022-09-21,2022,9,FIR,Non-Heinous,Crimes Against Property,Burglary,Under Investigation,13.02206,77.65999
3967,100170001202203967,Kolar,1,2022-09-24,2022,9,PAR,Non-Heinous,Narcotics,NDPS Trafficking,Closed,13.10136,78.01227
3968,100060001202203968,Kalaburagi,1,2022-01-23,2022,1,PAR,Heinous,Crimes Against Body,Murder,Closed,17.28834,76.86411
3969,100050004202603969,Belagavi,4,2026-05-12,2026,5,FIR,Heinous,Crimes Against Women,Molestation,Charge Sheeted,15.84628,74.41193
3970,100050004202203970,Belagavi,4,2022-06-16,2022,6,FIR,Non-Heinous,Crimes Against Property,Robbery,Undetected,15.74548,74.63421
3971,100170003202503971,Kolar,3,2025-03-09,2025,3,FIR,Non-Heinous,Crimes Against Property,Burglary,Undetected,13.09766,78.17054
3972,100150001202403972,Chikkamagaluru,1,2024-12-18,2024,12,FIR,Heinous,Crimes Against Body,Assault,Charge Sheeted,13.27678,75.82566
3973,100240002202303973,Kodagu,2,2023-02-22,2023,2,FIR,Non-Heinous,Cyber Crime,Identity Theft,Undetected,12.42664,75.81241
3974,100020001202603974,Bengaluru Rural,1,2026-01-08,2026,1,FIR,Heinous,Crimes Against Body,Grievous Hurt,Under Investigation,13.25962,77.51009
3975,100170004202503975,Kolar,4,2025-01-17,2025,1,FIR,Heinous,Crimes Against Body,Murder,Under Investigation,13.09522,78.0793
3976,100240002202403976,Kodagu,2,2024-02-12,2024,2,PAR,Non-Heinous,Crimes Against Body,Assault,Charge Sheeted,12.39639,75.83485
3977,700250001202503977,Ramanagara,1,2025-06-23,2025,6,Zero FIR,Non-Heinous,Crimes Against Property,Robbery,Charge Sheeted,12.75285,77.32798
3978,100110003202603978,Davanagere,3,2026-11-18,2026,11,FIR,Non-Heinous,Economic Offences,Cheating,Undetected,14.48999,75.97709
3979,100020004202603979,Bengaluru Rural,4,2026-09-19,2026,9,PAR,Non-Heinous,Crimes Against Body,Assault,Closed,13.24877,77.56421
3980,100020004202603980,Bengaluru Rural,4,2026-11-14,2026,11,FIR,Non-Heinous,Crimes Against Property,Dacoity,False Case,13.37986,77.41164
3981,100250004202303981,Ramanagara,4,2023-07-06,2023,7,FIR,Heinous,Crimes Against Women,Domestic Violence,Charge Sheeted,12.83389,77.35887
3982,100090003202503982,Tumakuru,3,2025-02-10,2025,2,FIR,Heinous,Crimes Against Women,Domestic Violence,Charge Sheeted,13.31681,77.04426
3983,100030001202303983,Mysuru,1,2023-02-07,2023,2,FIR,Heinous,Narcotics,NDPS Trafficking,Closed,12.32056,76.68723
3984,400170004202603984,Kolar,4,2026-02-17,2026,2,UDR,Non-Heinous,Crimes Against Body,Murder,Charge Sheeted,13.11946,78.19816
3985,100020002202503985,Bengaluru Rural,2,2025-03-10,2025,3,FIR,Non-Heinous,Economic Offences,Cheating,Under Investigation,13.24175,77.44365
3986,100120002202603986,Vijayapura,2,2026-01-27,2026,1,FIR,Non-Heinous,Public Order,Rioting,Under Investigation,16.93633,75.82965
3987,100170002202303987,Kolar,2,2023-05-06,2023,5,FIR,Non-Heinous,Crimes Against Property,Theft,Charge Sheeted,13.1211,78.06408
3988,100130001202303988,Raichur,1,2023-04-11,2023,4,FIR,Non-Heinous,Crimes Against Property,Dacoity,Charge Sheeted,16.21609,77.421
3989,100110002202603989,Davanagere,2,2026-07-14,2026,7,FIR,Non-Heinous,Crimes Against Property,Theft,Under Investigation,14.51915,75.99552
3990,100120002202403990,Vijayapura,2,2024-12-02,2024,12,FIR,Non-Heinous,Narcotics,NDPS Trafficking,False Case,16.88061,75.81017
3991,100030001202203991,Mysuru,1,2022-03-02,2022,3,FIR,Non-Heinous,Economic Offences,Criminal Breach of Trust,Closed,12.28055,76.72179
3992,100010003202403992,Bengaluru City,3,2024-02-22,2024,2,FIR,Non-Heinous,Crimes Against Body,Assault,Charge Sheeted,12.95333,77.59854
3993,100080004202603993,Ballari,4,2026-11-22,2026,11,FIR,Non-Heinous,Crimes Against Property,Burglary,False Case,15.19752,76.93296
3994,100270001202203994,Bagalkot,1,2022-02-06,2022,2,FIR,Non-Heinous,Crimes Against Body,Grievous Hurt,Under Investigation,16.09377,75.63127
3995,100070002202603995,Hubballi-Dharwad,2,2026-10-16,2026,10,FIR,Heinous,Crimes Against Body,Assault,Charge Sheeted,15.39352,75.09933
3996,100090002202503996,Tumakuru,2,2025-07-06,2025,7,PAR,Non-Heinous,Crimes Against Property,Burglary,False Case,13.29786,77.02669
3997,100090002202203997,Tumakuru,2,2022-09-09,2022,9,FIR,Non-Heinous,Crimes Against Property,Theft,False Case,13.33432,77.17147
3998,700110001202303998,Davanagere,1,2023-11-19,2023,11,Zero FIR,Non-Heinous,Crimes Against Body,Murder,Under Investigation,14.51871,75.91717
3999,100050001202603999,Belagavi,1,2026-06-23,2026,6,FIR,Non-Heinous,Crimes Against Property,Burglary,Under Investigation,15.90547,74.42153
4000,100020003202504000,Bengaluru Rural,3,2025-10-12,2025,10,FIR,Non-Heinous,Crimes Against Body,Grievous Hurt,Under Investigation,13.3263,77.44327
4001,100040002202504001,Mangaluru (Dakshina Kannada),2,2025-08-07,2025,8,FIR,Non-Heinous,Crimes Against Body,Attempt to Murder,Under Investigation,12.88863,74.75742
4002,100150003202304002,Chikkamagaluru,3,2023-01-18,2023,1,PAR,Non-Heinous,Cyber Crime,Online Fraud,Closed,13.36056,75.70854
4003,100090003202404003,Tumakuru,3,2024-08-16,2024,8,FIR,Non-Heinous,Crimes Against Women,Dowry Harassment,Under Investigation,13.26627,77.075
4004,100190004202404004,Hassan,4,2024-10-16,2024,10,FIR,Non-Heinous,Cyber Crime,Phishing,Closed,13.04978,76.06263
4005,100010001202504005,Bengaluru City,1,2025-02-06,2025,2,PAR,Non-Heinous,Crimes Against Property,Burglary,Under Investigation,12.9772,77.60204
4006,100110001202204006,Davanagere,1,2022-09-09,2022,9,FIR,Non-Heinous,Crimes Against Body,Attempt to Murder,Closed,14.32521,75.88102
4007,100040004202604007,Mangaluru (Dakshina Kannada),4,2026-01-10,2026,1,FIR,Non-Heinous,Crimes Against Property,Burglary,Charge Sheeted,12.84032,74.80875
4008,100190004202604008,Hassan,4,2026-05-01,2026,5,FIR,Non-Heinous,Crimes Against Property,Burglary,Closed,13.02488,76.03831
4009,100010004202504009,Bengaluru City,4,2025-02-10,2025,2,FIR,Non-Heinous,Crimes Against Property,Robbery,Closed,12.91052,77.55303
4010,100230001202504010,Chamarajanagar,1,2025-03-11,2025,3,FIR,Heinous,Crimes Against Women,Sexual Assault,Closed,12.02274,76.91111
4011,100290002202504011,Gadag,2,2025-06-10,2025,6,FIR,Non-Heinous,Crimes Against Women,Dowry Harassment,Closed,15.50455,75.63765
4012,100290002202204012,Gadag,2,2022-06-13,2022,6,FIR,Heinous,Crimes Against Women,Sexual Assault,Charge Sheeted,15.38355,75.74126
4013,100010001202304013,Bengaluru City,1,2023-02-20,2023,2,FIR,Non-Heinous,Crimes Against Property,Theft,Undetected,12.94172,77.70687
4014,100240002202304014,Kodagu,2,2023-06-25,2023,6,PAR,Non-Heinous,Crimes Against Property,Theft,Charge Sheeted,12.34344,75.73628
4015,100180003202504015,Mandya,3,2025-11-13,2025,11,FIR,Non-Heinous,Crimes Against Body,Grievous Hurt,Undetected,12.56691,76.85339
4016,100020002202304016,Bengaluru Rural,2,2023-01-11,2023,1,FIR,Non-Heinous,Crimes Against Body,Assault,Charge Sheeted,13.31184,77.69115
4017,100100003202504017,Shivamogga,3,2025-02-20,2025,2,FIR,Non-Heinous,Crimes Against Property,Dacoity,Undetected,13.90341,75.4831
4018,700010004202304018,Bengaluru City,4,2023-12-11,2023,12,Zero FIR,Non-Heinous,Cyber Crime,Identity Theft,Charge Sheeted,12.90144,77.54922
4019,100170002202504019,Kolar,2,2025-09-20,2025,9,FIR,Heinous,Crimes Against Women,Domestic Violence,Under Investigation,13.04783,78.17744
4020,100190002202404020,Hassan,2,2024-03-05,2024,3,FIR,Non-Heinous,Crimes Against Property,Dacoity,Under Investigation,13.02657,76.00253
4021,100170001202504021,Kolar,1,2025-01-23,2025,1,FIR,Non-Heinous,Cyber Crime,Online Fraud,Under Investigation,13.20701,78.08721
4022,100190002202204022,Hassan,2,2022-12-03,2022,12,FIR,Non-Heinous,Crimes Against Women,Sexual Assault,Under Investigation,13.04868,76.1109
4023,100130003202504023,Raichur,3,2025-08-14,2025,8,FIR,Non-Heinous,Crimes Against Body,Attempt to Murder,Under Investigation,16.20627,77.35895
4024,100020003202604024,Bengaluru Rural,3,2026-09-17,2026,9,FIR,Non-Heinous,Economic Offences,Forgery,Charge Sheeted,13.32455,77.56831
4025,100120004202404025,Vijayapura,4,2024-09-24,2024,9,FIR,Non-Heinous,Crimes Against Body,Attempt to Murder,Closed,16.86611,75.65097
4026,100170001202604026,Kolar,1,2026-02-08,2026,2,PAR,Heinous,Crimes Against Women,Molestation,Under Investigation,13.21099,78.12209
4027,100050001202304027,Belagavi,1,2023-03-13,2023,3,FIR,Heinous,Crimes Against Body,Grievous Hurt,Closed,15.85318,74.56985
4028,100110003202204028,Davanagere,3,2022-09-14,2022,9,FIR,Non-Heinous,Public Order,Unlawful Assembly,Undetected,14.46557,76.02267
4029,400090003202404029,Tumakuru,3,2024-05-22,2024,5,UDR,Heinous,Crimes Against Body,Attempt to Murder,Charge Sheeted,13.37034,77.0602
4030,100090003202304030,Tumakuru,3,2023-08-01,2023,8,PAR,Heinous,Crimes Against Women,Sexual Assault,Charge Sheeted,13.32156,77.09465
4031,100130001202304031,Raichur,1,2023-05-01,2023,5,FIR,Heinous,Crimes Against Body,Attempt to Murder,False Case,16.1105,77.30522
4032,100240004202404032,Kodagu,4,2024-12-07,2024,12,FIR,Heinous,Crimes Against Body,Assault,Charge Sheeted,12.36009,75.80848
4033,100070001202304033,Hubballi-Dharwad,1,2023-08-05,2023,8,FIR,Non-Heinous,Cyber Crime,Identity Theft,Under Investigation,15.35622,75.02934
4034,100270002202304034,Bagalkot,2,2023-11-03,2023,11,FIR,Non-Heinous,Crimes Against Property,Robbery,Under Investigation,16.17606,75.67593
4035,100040004202404035,Mangaluru (Dakshina Kannada),4,2024-09-06,2024,9,FIR,Non-Heinous,Crimes Against Property,Robbery,Under Investigation,12.85909,74.74274
4036,100110003202604036,Davanagere,3,2026-03-18,2026,3,FIR,Non-Heinous,Economic Offences,Forgery,Charge Sheeted,14.51986,75.99091
4037,100030004202204037,Mysuru,4,2022-12-02,2022,12,FIR,Non-Heinous,Economic Offences,Criminal Breach of Trust,Under Investigation,12.25174,76.62219
4038,100020004202304038,Bengaluru Rural,4,2023-08-08,2023,8,FIR,Non-Heinous,Public Order,Unlawful Assembly,Charge Sheeted,13.23935,77.57417
4039,100280003202304039,Haveri,3,2023-05-13,2023,5,FIR,Non-Heinous,Crimes Against Property,Burglary,Under Investigation,14.74741,75.27999
4040,100120004202504040,Vijayapura,4,2025-12-15,2025,12,FIR,Non-Heinous,Crimes Against Body,Attempt to Murder,Charge Sheeted,16.82807,75.77436
4041,100030002202504041,Mysuru,2,2025-12-24,2025,12,FIR,Non-Heinous,Cyber Crime,Online Fraud,Charge Sheeted,12.36288,76.66537
4042,100140004202504042,Bidar,4,2025-04-15,2025,4,FIR,Non-Heinous,Public Order,Rioting,Under Investigation,17.88066,77.5387
4043,100160002202204043,Udupi,2,2022-09-12,2022,9,FIR,Non-Heinous,Crimes Against Property,Burglary,Charge Sheeted,13.38651,74.79397
4044,700170001202404044,Kolar,1,2024-07-15,2024,7,Zero FIR,Non-Heinous,Public Order,Rioting,Closed,13.1881,78.24577
4045,100240004202304045,Kodagu,4,2023-06-25,2023,6,FIR,Non-Heinous,Crimes Against Women,Dowry Harassment,Charge Sheeted,12.45073,75.81811
4046,100110003202404046,Davanagere,3,2024-07-25,2024,7,FIR,Non-Heinous,Public Order,Rioting,Charge Sheeted,14.56962,75.87878
4047,100180004202404047,Mandya,4,2024-05-23,2024,5,FIR,Non-Heinous,Crimes Against Women,Domestic Violence,Under Investigation,12.48668,76.92469
4048,100230004202204048,Chamarajanagar,4,2022-02-24,2022,2,FIR,Non-Heinous,Crimes Against Property,Burglary,Closed,11.87151,76.9678
4049,400020003202404049,Bengaluru Rural,3,2024-06-10,2024,6,UDR,Non-Heinous,Narcotics,NDPS Possession,Under Investigation,13.40006,77.47596
4050,100290003202304050,Gadag,3,2023-10-22,2023,10,FIR,Non-Heinous,Cyber Crime,Online Fraud,Closed,15.40138,75.67785
4051,100010001202404051,Bengaluru City,1,2024-05-19,2024,5,FIR,Non-Heinous,Narcotics,NDPS Possession,Undetected,12.96305,77.63181
4052,100240002202504052,Kodagu,2,2025-02-09,2025,2,FIR,Non-Heinous,Crimes Against Body,Murder,Closed,12.53104,75.82202
4053,700250002202204053,Ramanagara,2,2022-08-19,2022,8,Zero FIR,Non-Heinous,Crimes Against Property,Robbery,Under Investigation,12.77916,77.23964
4054,100090001202204054,Tumakuru,1,2022-11-22,2022,11,FIR,Heinous,Crimes Against Women,Molestation,Under Investigation,13.34876,77.08387
4055,100280003202204055,Haveri,3,2022-02-13,2022,2,FIR,Non-Heinous,Crimes Against Body,Assault,Charge Sheeted,14.8456,75.43483
4056,100030004202304056,Mysuru,4,2023-07-21,2023,7,PAR,Heinous,Crimes Against Body,Assault,Under Investigation,12.3495,76.64965
4057,700020004202204057,Bengaluru Rural,4,2022-07-22,2022,7,Zero FIR,Non-Heinous,Crimes Against Property,Theft,Closed,13.25612,77.44731
4058,100010002202204058,Bengaluru City,2,2022-12-26,2022,12,PAR,Non-Heinous,Crimes Against Body,Assault,Under Investigation,13.04499,77.57638
4059,100030002202304059,Mysuru,2,2023-04-20,2023,4,FIR,Heinous,Crimes Against Women,Dowry Harassment,Closed,12.37985,76.56077
4060,100120004202304060,Vijayapura,4,2023-11-22,2023,11,FIR,Heinous,Crimes Against Body,Grievous Hurt,Under Investigation,16.93534,75.79204
4061,100250002202604061,Ramanagara,2,2026-01-22,2026,1,FIR,Non-Heinous,Crimes Against Property,Theft,Charge Sheeted,12.60399,77.36766
4062,100100004202304062,Shivamogga,4,2023-04-14,2023,4,FIR,Heinous,Narcotics,NDPS Possession,Under Investigation,14.06636,75.5272
4063,100110001202404063,Davanagere,1,2024-11-11,2024,11,FIR,Non-Heinous,Crimes Against Property,Theft,Under Investigation,14.47105,75.91744
4064,100230001202204064,Chamarajanagar,1,2022-08-11,2022,8,FIR,Heinous,Crimes Against Body,Murder,Charge Sheeted,11.91876,76.88229
4065,100230001202504065,Chamarajanagar,1,2025-07-14,2025,7,FIR,Non-Heinous,Crimes Against Body,Murder,Under Investigation,11.82623,76.89885
4066,100020001202404066,Bengaluru Rural,1,2024-06-01,2024,6,FIR,Non-Heinous,Crimes Against Body,Murder,Under Investigation,13.24219,77.46467
4067,100140003202404067,Bidar,3,2024-01-03,2024,1,FIR,Non-Heinous,Crimes Against Property,Robbery,Charge Sheeted,17.92244,77.56532
4068,100110001202604068,Davanagere,1,2026-11-17,2026,11,FIR,Non-Heinous,Crimes Against Women,Dowry Harassment,Charge Sheeted,14.42272,75.86789
4069,700040004202604069,Mangaluru (Dakshina Kannada),4,2026-12-18,2026,12,Zero FIR,Non-Heinous,Crimes Against Property,Burglary,Closed,12.94297,74.84653
4070,100250003202404070,Ramanagara,3,2024-06-26,2024,6,FIR,Non-Heinous,Crimes Against Property,Dacoity,Closed,12.68458,77.2408
4071,100140003202404071,Bidar,3,2024-03-01,2024,3,FIR,Non-Heinous,Crimes Against Body,Attempt to Murder,Charge Sheeted,18.02046,77.51301
4072,100130004202204072,Raichur,4,2022-10-11,2022,10,FIR,Heinous,Crimes Against Women,Molestation,Under Investigation,16.22582,77.3211
4073,100090004202304073,Tumakuru,4,2023-12-05,2023,12,FIR,Non-Heinous,Cyber Crime,Online Fraud,Charge Sheeted,13.30173,77.1249
4074,400040004202504074,Mangaluru (Dakshina Kannada),4,2025-04-19,2025,4,UDR,Non-Heinous,Crimes Against Body,Murder,Charge Sheeted,12.90265,74.78115
4075,100020002202204075,Bengaluru Rural,2,2022-11-27,2022,11,FIR,Non-Heinous,Crimes Against Property,Robbery,Undetected,13.28681,77.73105
4076,100250001202204076,Ramanagara,1,2022-05-20,2022,5,FIR,Non-Heinous,Economic Offences,Criminal Breach of Trust,Charge Sheeted,12.67802,77.20774
4077,100050002202504077,Belagavi,2,2025-12-14,2025,12,FIR,Heinous,Crimes Against Body,Murder,Charge Sheeted,15.77238,74.59402
4078,100080001202204078,Ballari,1,2022-04-13,2022,4,FIR,Non-Heinous,Crimes Against Property,Burglary,Undetected,15.12069,76.90804
4079,100140004202404079,Bidar,4,2024-08-23,2024,8,FIR,Heinous,Crimes Against Body,Grievous Hurt,Under Investigation,17.92741,77.49617
4080,100110003202604080,Davanagere,3,2026-07-24,2026,7,FIR,Non-Heinous,Economic Offences,Criminal Breach of Trust,Charge Sheeted,14.47328,75.87296
4081,100300004202604081,Uttara Kannada,4,2026-12-04,2026,12,FIR,Non-Heinous,Narcotics,NDPS Possession,Charge Sheeted,14.72601,74.72424
4082,100130003202204082,Raichur,3,2022-07-06,2022,7,FIR,Non-Heinous,Cyber Crime,Identity Theft,Undetected,16.20426,77.32822
4083,100010002202504083,Bengaluru City,2,2025-08-18,2025,8,FIR,Non-Heinous,Crimes Against Body,Attempt to Murder,Under Investigation,13.10779,77.62427
4084,700080002202404084,Ballari,2,2024-10-26,2024,10,Zero FIR,Non-Heinous,Cyber Crime,Phishing,Undetected,15.17574,76.90297
4085,100050003202404085,Belagavi,3,2024-05-23,2024,5,FIR,Non-Heinous,Economic Offences,Criminal Breach of Trust,Closed,15.87292,74.4629
4086,400020004202604086,Bengaluru Rural,4,2026-03-01,2026,3,UDR,Non-Heinous,Crimes Against Property,Theft,Under Investigation,13.18616,77.5165
4087,100250003202204087,Ramanagara,3,2022-07-12,2022,7,FIR,Non-Heinous,Crimes Against Property,Theft,Charge Sheeted,12.71387,77.32117
4088,100070004202304088,Hubballi-Dharwad,4,2023-06-10,2023,6,FIR,Non-Heinous,Public Order,Unlawful Assembly,Under Investigation,15.31977,75.15209
4089,700140001202304089,Bidar,1,2023-03-15,2023,3,Zero FIR,Non-Heinous,Crimes Against Property,Dacoity,Under Investigation,17.89063,77.42337
4090,100090001202404090,Tumakuru,1,2024-09-07,2024,9,FIR,Heinous,Crimes Against Body,Murder,Closed,13.26944,77.1956
4091,100030002202604091,Mysuru,2,2026-02-07,2026,2,FIR,Non-Heinous,Crimes Against Property,Theft,Under Investigation,12.26403,76.62922
4092,100090003202304092,Tumakuru,3,2023-11-09,2023,11,FIR,Non-Heinous,Crimes Against Property,Dacoity,Under Investigation,13.38212,77.10076
4093,100280002202504093,Haveri,2,2025-05-15,2025,5,FIR,Non-Heinous,Economic Offences,Forgery,Closed,14.76784,75.4809
4094,400020004202404094,Bengaluru Rural,4,2024-07-23,2024,7,UDR,Heinous,Crimes Against Body,Grievous Hurt,Charge Sheeted,13.2312,77.37251
4095,100010002202304095,Bengaluru City,2,2023-01-20,2023,1,PAR,Non-Heinous,Crimes Against Property,Robbery,Closed,12.93218,77.57885
4096,100010001202404096,Bengaluru City,1,2024-07-11,2024,7,FIR,Heinous,Crimes Against Women,Domestic Violence,Under Investigation,13.04164,77.53896
4097,100050001202604097,Belagavi,1,2026-11-15,2026,11,FIR,Non-Heinous,Narcotics,NDPS Trafficking,Undetected,15.92458,74.49795
4098,100030002202604098,Mysuru,2,2026-11-26,2026,11,FIR,Non-Heinous,Narcotics,NDPS Trafficking,Under Investigation,12.29947,76.6283
4099,100100001202304099,Shivamogga,1,2023-06-14,2023,6,FIR,Non-Heinous,Cyber Crime,Phishing,Under Investigation,13.95421,75.5387
4100,100020003202504100,Bengaluru Rural,3,2025-04-23,2025,4,FIR,Non-Heinous,Cyber Crime,Identity Theft,Under Investigation,13.24874,77.551
4101,100120001202504101,Vijayapura,1,2025-07-19,2025,7,FIR,Non-Heinous,Crimes Against Property,Dacoity,Under Investigation,16.82179,75.71278
4102,100200001202604102,Chitradurga,1,2026-09-24,2026,9,FIR,Non-Heinous,Cyber Crime,Identity Theft,Under Investigation,14.29051,76.34961
4103,700030001202604103,Mysuru,1,2026-07-27,2026,7,Zero FIR,Heinous,Crimes Against Body,Assault,Undetected,12.10533,76.74597
4104,400160002202404104,Udupi,2,2024-03-15,2024,3,UDR,Non-Heinous,Public Order,Rioting,Under Investigation,13.34972,74.74259
4105,100030003202604105,Mysuru,3,2026-10-03,2026,10,FIR,Heinous,Crimes Against Body,Murder,Charge Sheeted,12.39684,76.58088
4106,100050001202604106,Belagavi,1,2026-08-05,2026,8,FIR,Non-Heinous,Crimes Against Property,Burglary,Closed,15.87135,74.53459
4107,400120001202304107,Vijayapura,1,2023-11-01,2023,11,UDR,Non-Heinous,Crimes Against Women,Molestation,Closed,16.8154,75.81793
4108,100030002202304108,Mysuru,2,2023-09-21,2023,9,FIR,Heinous,Crimes Against Women,Dowry Harassment,Charge Sheeted,12.37348,76.66612
4109,100170001202404109,Kolar,1,2024-06-14,2024,6,FIR,Non-Heinous,Crimes Against Property,Robbery,Charge Sheeted,13.11081,78.12046
4110,100210001202604110,Koppal,1,2026-05-20,2026,5,FIR,Non-Heinous,Crimes Against Property,Robbery,Closed,15.36427,76.03188
4111,100050003202404111,Belagavi,3,2024-02-17,2024,2,FIR,Non-Heinous,Economic Offences,Cheating,Under Investigation,15.76905,74.50559
4112,100080004202604112,Ballari,4,2026-08-04,2026,8,FIR,Non-Heinous,Crimes Against Property,Burglary,Charge Sheeted,15.15196,77.03555
4113,100110001202404113,Davanagere,1,2024-07-01,2024,7,FIR,Non-Heinous,Crimes Against Property,Theft,Charge Sheeted,14.45393,75.89886
4114,100030003202504114,Mysuru,3,2025-10-19,2025,10,FIR,Heinous,Crimes Against Women,Dowry Harassment,Charge Sheeted,12.21778,76.69319
4115,100030001202204115,Mysuru,1,2022-09-01,2022,9,FIR,Non-Heinous,Economic Offences,Cheating,Under Investigation,12.28214,76.59014
4116,100130002202604116,Raichur,2,2026-07-13,2026,7,FIR,Non-Heinous,Economic Offences,Cheating,Charge Sheeted,16.32052,77.29632
4117,100090003202404117,Tumakuru,3,2024-06-25,2024,6,FIR,Heinous,Crimes Against Women,Domestic Violence,Closed,13.2747,77.07179
4118,100040003202504118,Mangaluru (Dakshina Kannada),3,2025-03-14,2025,3,FIR,Non-Heinous,Crimes Against Body,Grievous Hurt,Under Investigation,12.87185,74.9539
4119,100040001202304119,Mangaluru (Dakshina Kannada),1,2023-06-13,2023,6,FIR,Non-Heinous,Crimes Against Property,Dacoity,Closed,12.86722,74.78865
4120,100010001202404120,Bengaluru City,1,2024-02-22,2024,2,FIR,Non-Heinous,Economic Offences,Criminal Breach of Trust,Charge Sheeted,12.97833,77.59519
4121,100010004202404121,Bengaluru City,4,2024-11-15,2024,11,FIR,Non-Heinous,Crimes Against Body,Assault,Charge Sheeted,12.94364,77.56247
4122,100020003202304122,Bengaluru Rural,3,2023-04-26,2023,4,FIR,Non-Heinous,Economic Offences,Cheating,Closed,13.35256,77.60253
4123,100230004202204123,Chamarajanagar,4,2022-11-24,2022,11,FIR,Non-Heinous,Cyber Crime,Cyberstalking,Under Investigation,11.85902,76.97523
4124,100030002202504124,Mysuru,2,2025-10-17,2025,10,FIR,Non-Heinous,Economic Offences,Forgery,Charge Sheeted,12.27356,76.72762
4125,100100004202404125,Shivamogga,4,2024-11-10,2024,11,FIR,Heinous,Crimes Against Women,Dowry Harassment,Closed,13.89837,75.50257
4126,100020004202604126,Bengaluru Rural,4,2026-12-22,2026,12,FIR,Non-Heinous,Crimes Against Women,Dowry Harassment,Closed,13.27383,77.50484
4127,100050002202204127,Belagavi,2,2022-04-04,2022,4,PAR,Non-Heinous,Crimes Against Body,Murder,Under Investigation,15.71911,74.39606
4128,100030003202504128,Mysuru,3,2025-07-13,2025,7,FIR,Non-Heinous,Crimes Against Women,Domestic Violence,Under Investigation,12.26274,76.61299
4129,100110004202604129,Davanagere,4,2026-10-24,2026,10,FIR,Non-Heinous,Crimes Against Property,Robbery,Closed,14.48762,75.83699
4130,100190004202604130,Hassan,4,2026-07-07,2026,7,PAR,Non-Heinous,Crimes Against Property,Robbery,Closed,13.06533,76.17381
4131,100060001202604131,Kalaburagi,1,2026-03-23,2026,3,FIR,Non-Heinous,Crimes Against Body,Grievous Hurt,Closed,17.36708,76.78207
4132,100040004202604132,Mangaluru (Dakshina Kannada),4,2026-06-14,2026,6,FIR,Non-Heinous,Crimes Against Women,Sexual Assault,Charge Sheeted,13.03727,74.84673
4133,100030001202304133,Mysuru,1,2023-06-23,2023,6,FIR,Heinous,Crimes Against Body,Attempt to Murder,Under Investigation,12.30769,76.58195
4134,100020003202304134,Bengaluru Rural,3,2023-01-03,2023,1,FIR,Heinous,Crimes Against Women,Molestation,Charge Sheeted,13.26573,77.5488
4135,100020002202604135,Bengaluru Rural,2,2026-09-16,2026,9,PAR,Heinous,Crimes Against Women,Domestic Violence,Closed,13.27814,77.51673
4136,100010001202404136,Bengaluru City,1,2024-08-14,2024,8,FIR,Non-Heinous,Crimes Against Property,Theft,Closed,13.01136,77.61063
4137,100160003202204137,Udupi,3,2022-06-07,2022,6,FIR,Non-Heinous,Economic Offences,Criminal Breach of Trust,Undetected,13.27199,74.69899
4138,100070002202604138,Hubballi-Dharwad,2,2026-06-20,2026,6,FIR,Non-Heinous,Public Order,Unlawful Assembly,Charge Sheeted,15.35074,75.12735
4139,100170001202504139,Kolar,1,2025-11-03,2025,11,FIR,Heinous,Crimes Against Body,Grievous Hurt,Closed,13.1095,78.09859
4140,700020003202604140,Bengaluru Rural,3,2026-06-19,2026,6,Zero FIR,Non-Heinous,Economic Offences,Forgery,Closed,13.2693,77.55772
4141,100290004202204141,Gadag,4,2022-08-25,2022,8,FIR,Non-Heinous,Cyber Crime,Identity Theft,Closed,15.40891,75.68116
4142,100240004202404142,Kodagu,4,2024-06-21,2024,6,FIR,Non-Heinous,Crimes Against Property,Burglary,Undetected,12.31163,75.83633
4143,100190001202204143,Hassan,1,2022-01-04,2022,1,FIR,Non-Heinous,Crimes Against Body,Assault,Under Investigation,13.11494,76.10733
4144,100180001202304144,Mandya,1,2023-04-16,2023,4,FIR,Heinous,Narcotics,NDPS Trafficking,Charge Sheeted,12.5383,76.83044
4145,100050003202404145,Belagavi,3,2024-01-07,2024,1,FIR,Non-Heinous,Crimes Against Property,Dacoity,Closed,15.85543,74.52153
4146,100010002202504146,Bengaluru City,2,2025-08-13,2025,8,FIR,Heinous,Crimes Against Body,Assault,Charge Sheeted,12.96908,77.59403
4147,100190002202404147,Hassan,2,2024-06-21,2024,6,FIR,Non-Heinous,Crimes Against Body,Grievous Hurt,Under Investigation,13.09056,76.18189
4148,100230001202604148,Chamarajanagar,1,2026-04-23,2026,4,FIR,Non-Heinous,Public Order,Rioting,Undetected,11.89931,76.99346
4149,100050002202504149,Belagavi,2,2025-03-02,2025,3,FIR,Non-Heinous,Crimes Against Property,Dacoity,Under Investigation,15.8414,74.55361
4150,100030001202504150,Mysuru,1,2025-11-13,2025,11,FIR,Non-Heinous,Crimes Against Property,Theft,Closed,12.28314,76.70937
4151,100110004202404151,Davanagere,4,2024-07-11,2024,7,PAR,Heinous,Crimes Against Women,Sexual Assault,Undetected,14.42284,75.9916
4152,100240002202404152,Kodagu,2,2024-01-15,2024,1,FIR,Non-Heinous,Economic Offences,Forgery,Under Investigation,12.30514,75.69081
4153,100240003202404153,Kodagu,3,2024-06-02,2024,6,FIR,Non-Heinous,Crimes Against Property,Burglary,Undetected,12.28068,75.85235
4154,700130002202304154,Raichur,2,2023-02-04,2023,2,Zero FIR,Heinous,Narcotics,NDPS Possession,Under Investigation,16.29222,77.40166
4155,100070001202304155,Hubballi-Dharwad,1,2023-01-04,2023,1,FIR,Non-Heinous,Economic Offences,Forgery,Charge Sheeted,15.44228,75.18191
4156,100110003202504156,Davanagere,3,2025-10-19,2025,10,FIR,Non-Heinous,Crimes Against Property,Theft,False Case,14.37228,75.9419
4157,100020003202404157,Bengaluru Rural,3,2024-11-11,2024,11,FIR,Non-Heinous,Crimes Against Property,Burglary,Closed,13.28495,77.54621
4158,100080002202404158,Ballari,2,2024-05-25,2024,5,FIR,Non-Heinous,Crimes Against Women,Sexual Assault,Charge Sheeted,15.21881,76.86485
4159,100280003202504159,Haveri,3,2025-01-23,2025,1,FIR,Heinous,Narcotics,NDPS Trafficking,Under Investigation,14.79531,75.3302
4160,100070002202604160,Hubballi-Dharwad,2,2026-02-02,2026,2,PAR,Non-Heinous,Crimes Against Body,Assault,Charge Sheeted,15.39631,75.18156
4161,100220004202504161,Yadgir,4,2025-09-26,2025,9,FIR,Non-Heinous,Narcotics,NDPS Trafficking,Charge Sheeted,16.78407,77.13559
4162,700170001202304162,Kolar,1,2023-10-20,2023,10,Zero FIR,Non-Heinous,Crimes Against Property,Theft,Closed,13.08034,78.15058
4163,100030001202404163,Mysuru,1,2024-10-12,2024,10,FIR,Non-Heinous,Crimes Against Property,Theft,Closed,12.14499,76.67093
4164,100010004202204164,Bengaluru City,4,2022-04-15,2022,4,FIR,Non-Heinous,Crimes Against Body,Assault,Closed,12.9766,77.59245
4165,700200002202604165,Chitradurga,2,2026-08-08,2026,8,Zero FIR,Non-Heinous,Crimes Against Property,Theft,Closed,14.2156,76.47849
4166,100110001202404166,Davanagere,1,2024-11-18,2024,11,FIR,Non-Heinous,Crimes Against Women,Sexual Assault,Closed,14.5165,75.91478
4167,100120002202204167,Vijayapura,2,2022-08-24,2022,8,FIR,Non-Heinous,Crimes Against Property,Dacoity,Charge Sheeted,16.81226,75.72684
4168,100140004202304168,Bidar,4,2023-11-14,2023,11,FIR,Heinous,Crimes Against Women,Sexual Assault,Under Investigation,17.90649,77.57809
4169,100270002202304169,Bagalkot,2,2023-09-02,2023,9,FIR,Non-Heinous,Crimes Against Women,Molestation,Under Investigation,16.16986,75.56109
4170,100210004202504170,Koppal,4,2025-05-02,2025,5,FIR,Non-Heinous,Crimes Against Property,Theft,False Case,15.33532,76.17204
4171,100050002202404171,Belagavi,2,2024-07-04,2024,7,FIR,Non-Heinous,Crimes Against Property,Dacoity,Charge Sheeted,15.93808,74.50176
4172,100230001202504172,Chamarajanagar,1,2025-07-16,2025,7,FIR,Heinous,Crimes Against Women,Molestation,Under Investigation,11.90702,76.96022
4173,100040003202504173,Mangaluru (Dakshina Kannada),3,2025-10-02,2025,10,PAR,Non-Heinous,Cyber Crime,Cyberstalking,Closed,12.9487,74.88039
4174,700230003202404174,Chamarajanagar,3,2024-12-11,2024,12,Zero FIR,Non-Heinous,Crimes Against Property,Robbery,Under Investigation,11.88111,76.99579
4175,100010002202504175,Bengaluru City,2,2025-04-07,2025,4,FIR,Non-Heinous,Crimes Against Women,Sexual Assault,Under Investigation,12.94614,77.51499
4176,100020001202304176,Bengaluru Rural,1,2023-12-01,2023,12,FIR,Non-Heinous,Cyber Crime,Cyberstalking,Under Investigation,13.27024,77.49541
4177,700020004202604177,Bengaluru Rural,4,2026-08-05,2026,8,Zero FIR,Heinous,Crimes Against Body,Attempt to Murder,Under Investigation,13.31985,77.61901
4178,100270002202404178,Bagalkot,2,2024-03-01,2024,3,FIR,Non-Heinous,Crimes Against Property,Robbery,Undetected,16.12528,75.68275
4179,100050001202204179,Belagavi,1,2022-08-14,2022,8,PAR,Non-Heinous,Crimes Against Property,Robbery,Charge Sheeted,15.81409,74.64227
4180,100260001202604180,Chikkaballapur,1,2026-09-15,2026,9,FIR,Non-Heinous,Cyber Crime,Identity Theft,Closed,13.48129,77.7017
4181,100240002202404181,Kodagu,2,2024-04-27,2024,4,FIR,Non-Heinous,Crimes Against Women,Domestic Violence,Under Investigation,12.31858,75.87926
4182,100190002202504182,Hassan,2,2025-09-17,2025,9,FIR,Heinous,Crimes Against Women,Molestation,Under Investigation,12.90486,76.05909
4183,100010001202404183,Bengaluru City,1,2024-07-18,2024,7,FIR,Non-Heinous,Crimes Against Property,Robbery,False Case,12.99613,77.58254
4184,700050003202304184,Belagavi,3,2023-07-08,2023,7,Zero FIR,Non-Heinous,Crimes Against Women,Molestation,Undetected,15.74066,74.52943
4185,100290003202504185,Gadag,3,2025-11-16,2025,11,FIR,Non-Heinous,Cyber Crime,Identity Theft,Under Investigation,15.37751,75.64509
4186,100020004202504186,Bengaluru Rural,4,2025-06-23,2025,6,FIR,Non-Heinous,Crimes Against Property,Dacoity,Under Investigation,13.37728,77.49741
4187,100250001202304187,Ramanagara,1,2023-06-01,2023,6,PAR,Heinous,Crimes Against Women,Dowry Harassment,Under Investigation,12.57805,77.29852
4188,100250003202304188,Ramanagara,3,2023-01-25,2023,1,FIR,Non-Heinous,Economic Offences,Cheating,Charge Sheeted,12.70703,77.24926
4189,100140003202204189,Bidar,3,2022-09-15,2022,9,PAR,Non-Heinous,Crimes Against Property,Burglary,Under Investigation,17.90319,77.45987
4190,100070004202304190,Hubballi-Dharwad,4,2023-08-04,2023,8,FIR,Non-Heinous,Crimes Against Property,Theft,Charge Sheeted,15.28548,75.19367
4191,700030004202504191,Mysuru,4,2025-10-10,2025,10,Zero FIR,Heinous,Crimes Against Body,Grievous Hurt,Undetected,12.35036,76.72608
4192,100020004202504192,Bengaluru Rural,4,2025-08-07,2025,8,FIR,Heinous,Crimes Against Women,Dowry Harassment,Charge Sheeted,13.3222,77.45545
4193,100190001202504193,Hassan,1,2025-02-25,2025,2,FIR,Heinous,Crimes Against Women,Sexual Assault,Under Investigation,13.02111,76.12371
4194,400020003202504194,Bengaluru Rural,3,2025-10-02,2025,10,UDR,Non-Heinous,Crimes Against Body,Assault,Charge Sheeted,13.23757,77.56024
4195,100050004202604195,Belagavi,4,2026-05-01,2026,5,FIR,Non-Heinous,Economic Offences,Forgery,Under Investigation,15.81135,74.55735
4196,100140002202204196,Bidar,2,2022-07-24,2022,7,FIR,Non-Heinous,Economic Offences,Cheating,Undetected,17.87213,77.50612
4197,100180003202304197,Mandya,3,2023-11-11,2023,11,FIR,Non-Heinous,Economic Offences,Criminal Breach of Trust,Undetected,12.58009,76.80742
4198,100020004202404198,Bengaluru Rural,4,2024-04-26,2024,4,FIR,Non-Heinous,Cyber Crime,Phishing,Closed,13.26027,77.49529
4199,100170003202604199,Kolar,3,2026-08-06,2026,8,FIR,Non-Heinous,Crimes Against Property,Burglary,False Case,13.00016,78.13465
4200,400150003202604200,Chikkamagaluru,3,2026-08-02,2026,8,UDR,Non-Heinous,Crimes Against Body,Murder,Under Investigation,13.37693,75.83182
4201,100010004202204201,Bengaluru City,4,2022-01-07,2022,1,FIR,Non-Heinous,Crimes Against Body,Attempt to Murder,Under Investigation,12.91348,77.66413
4202,100080001202404202,Ballari,1,2024-11-11,2024,11,FIR,Heinous,Crimes Against Body,Murder,Under Investigation,15.08234,76.89546
4203,100240003202204203,Kodagu,3,2022-03-16,2022,3,FIR,Non-Heinous,Cyber Crime,Cyberstalking,Charge Sheeted,12.45053,75.76871
4204,100130004202604204,Raichur,4,2026-06-18,2026,6,FIR,Heinous,Crimes Against Women,Sexual Assault,Under Investigation,16.33007,77.43534
4205,100240001202404205,Kodagu,1,2024-08-07,2024,8,FIR,Non-Heinous,Cyber Crime,Identity Theft,Charge Sheeted,12.21854,75.82542
4206,700270002202204206,Bagalkot,2,2022-06-02,2022,6,Zero FIR,Heinous,Crimes Against Body,Grievous Hurt,Under Investigation,16.23042,75.76739
4207,100130003202604207,Raichur,3,2026-02-15,2026,2,FIR,Heinous,Crimes Against Body,Murder,Charge Sheeted,16.16293,77.35366
4208,100050002202504208,Belagavi,2,2025-11-20,2025,11,FIR,Heinous,Crimes Against Body,Assault,Under Investigation,15.82548,74.44212
4209,100010004202504209,Bengaluru City,4,2025-01-24,2025,1,FIR,Heinous,Crimes Against Women,Molestation,Closed,12.97055,77.55667
4210,100110004202604210,Davanagere,4,2026-11-10,2026,11,FIR,Non-Heinous,Crimes Against Property,Dacoity,Charge Sheeted,14.49454,75.95579
4211,100140002202404211,Bidar,2,2024-11-12,2024,11,PAR,Non-Heinous,Crimes Against Property,Theft,Charge Sheeted,17.99928,77.5615
4212,700150001202604212,Chikkamagaluru,1,2026-04-13,2026,4,Zero FIR,Non-Heinous,Economic Offences,Forgery,Under Investigation,13.35801,75.72428
4213,100030004202304213,Mysuru,4,2023-05-15,2023,5,FIR,Non-Heinous,Crimes Against Body,Murder,Closed,12.23883,76.59038
4214,400010004202404214,Bengaluru City,4,2024-08-04,2024,8,UDR,Non-Heinous,Narcotics,NDPS Trafficking,Under Investigation,12.96607,77.60347
4215,100260004202404215,Chikkaballapur,4,2024-12-11,2024,12,FIR,Non-Heinous,Crimes Against Women,Dowry Harassment,Charge Sheeted,13.47832,77.63507
4216,100040002202604216,Mangaluru (Dakshina Kannada),2,2026-02-07,2026,2,FIR,Non-Heinous,Crimes Against Property,Robbery,Charge Sheeted,12.87003,74.83735
4217,400050002202304217,Belagavi,2,2023-06-09,2023,6,UDR,Non-Heinous,Crimes Against Body,Grievous Hurt,Under Investigation,15.84702,74.48867
4218,100050001202304218,Belagavi,1,2023-08-18,2023,8,FIR,Non-Heinous,Crimes Against Body,Attempt to Murder,Charge Sheeted,15.89025,74.54159
4219,100040002202504219,Mangaluru (Dakshina Kannada),2,2025-10-26,2025,10,PAR,Non-Heinous,Crimes Against Property,Burglary,Charge Sheeted,12.94979,74.89254
4220,100110003202304220,Davanagere,3,2023-08-22,2023,8,FIR,Heinous,Crimes Against Women,Domestic Violence,Closed,14.45607,75.88452
4221,100120002202304221,Vijayapura,2,2023-10-01,2023,10,FIR,Non-Heinous,Crimes Against Property,Burglary,Under Investigation,16.78546,75.81723
4222,400140002202204222,Bidar,2,2022-04-06,2022,4,UDR,Non-Heinous,Crimes Against Body,Murder,Under Investigation,17.97372,77.48861
4223,100060003202604223,Kalaburagi,3,2026-06-04,2026,6,FIR,Non-Heinous,Crimes Against Body,Grievous Hurt,Under Investigation,17.36779,76.98299
4224,100040002202604224,Mangaluru (Dakshina Kannada),2,2026-07-07,2026,7,FIR,Non-Heinous,Cyber Crime,Identity Theft,False Case,12.93416,74.7787
4225,100250004202504225,Ramanagara,4,2025-09-22,2025,9,FIR,Non-Heinous,Economic Offences,Criminal Breach of Trust,Charge Sheeted,12.69152,77.35542
4226,100020003202504226,Bengaluru Rural,3,2025-11-27,2025,11,FIR,Heinous,Crimes Against Body,Grievous Hurt,Closed,13.29238,77.50329
4227,100040001202304227,Mangaluru (Dakshina Kannada),1,2023-12-06,2023,12,FIR,Non-Heinous,Crimes Against Women,Molestation,Charge Sheeted,12.92364,74.80934
4228,100250003202604228,Ramanagara,3,2026-04-12,2026,4,FIR,Heinous,Crimes Against Body,Assault,Under Investigation,12.65409,77.30691
4229,100240001202204229,Kodagu,1,2022-04-23,2022,4,FIR,Non-Heinous,Crimes Against Property,Burglary,False Case,12.2982,75.83759
4230,100160001202304230,Udupi,1,2023-02-05,2023,2,FIR,Non-Heinous,Economic Offences,Forgery,Charge Sheeted,13.47234,74.69771
4231,100140003202404231,Bidar,3,2024-03-26,2024,3,FIR,Non-Heinous,Crimes Against Property,Theft,Under Investigation,17.8679,77.59988
4232,100140002202504232,Bidar,2,2025-11-26,2025,11,FIR,Non-Heinous,Crimes Against Women,Molestation,Closed,17.93007,77.49234
4233,100120002202404233,Vijayapura,2,2024-12-14,2024,12,FIR,Non-Heinous,Crimes Against Property,Dacoity,Under Investigation,16.86093,75.73097
4234,100050001202504234,Belagavi,1,2025-07-27,2025,7,FIR,Non-Heinous,Crimes Against Body,Grievous Hurt,Undetected,15.77605,74.54165
4235,100140003202504235,Bidar,3,2025-01-10,2025,1,FIR,Non-Heinous,Crimes Against Body,Murder,Charge Sheeted,17.95878,77.63628
4236,100240002202604236,Kodagu,2,2026-09-03,2026,9,FIR,Non-Heinous,Narcotics,NDPS Possession,Charge Sheeted,12.32613,75.95216
4237,400020002202304237,Bengaluru Rural,2,2023-09-14,2023,9,UDR,Non-Heinous,Economic Offences,Criminal Breach of Trust,Under Investigation,13.35507,77.37253
4238,100060004202204238,Kalaburagi,4,2022-01-05,2022,1,FIR,Non-Heinous,Public Order,Unlawful Assembly,False Case,17.4113,76.93592
4239,100230003202604239,Chamarajanagar,3,2026-02-20,2026,2,FIR,Non-Heinous,Crimes Against Property,Dacoity,Charge Sheeted,11.95919,77.06709
4240,100050002202404240,Belagavi,2,2024-06-15,2024,6,FIR,Non-Heinous,Crimes Against Women,Molestation,Charge Sheeted,15.72876,74.53346
4241,100040002202504241,Mangaluru (Dakshina Kannada),2,2025-09-19,2025,9,FIR,Non-Heinous,Crimes Against Body,Attempt to Murder,Under Investigation,12.87627,74.82846
4242,100010003202204242,Bengaluru City,3,2022-06-14,2022,6,FIR,Non-Heinous,Economic Offences,Cheating,Under Investigation,13.08916,77.50526
4243,100030004202604243,Mysuru,4,2026-03-25,2026,3,FIR,Heinous,Crimes Against Body,Attempt to Murder,Under Investigation,12.27442,76.67253
4244,700110003202404244,Davanagere,3,2024-10-19,2024,10,Zero FIR,Non-Heinous,Narcotics,NDPS Possession,Closed,14.55229,75.94681
4245,100290003202604245,Gadag,3,2026-10-23,2026,10,FIR,Non-Heinous,Crimes Against Body,Grievous Hurt,False Case,15.37319,75.67941
4246,100160004202604246,Udupi,4,2026-05-11,2026,5,FIR,Non-Heinous,Crimes Against Property,Dacoity,False Case,13.32189,74.74251
4247,100170004202204247,Kolar,4,2022-03-20,2022,3,PAR,Non-Heinous,Crimes Against Body,Murder,Charge Sheeted,13.09072,78.13751
4248,100280004202204248,Haveri,4,2022-03-01,2022,3,PAR,Non-Heinous,Crimes Against Women,Sexual Assault,Charge Sheeted,14.82103,75.47519
4249,100110003202504249,Davanagere,3,2025-12-13,2025,12,PAR,Non-Heinous,Economic Offences,Cheating,Charge Sheeted,14.51487,75.91731
4250,100140001202304250,Bidar,1,2023-03-05,2023,3,FIR,Heinous,Crimes Against Body,Attempt to Murder,Under Investigation,17.88249,77.4563
4251,100130002202404251,Raichur,2,2024-02-04,2024,2,PAR,Non-Heinous,Cyber Crime,Cyberstalking,Under Investigation,16.20366,77.38718
4252,100110003202604252,Davanagere,3,2026-11-09,2026,11,FIR,Non-Heinous,Cyber Crime,Identity Theft,Closed,14.5999,75.91993
4253,100190004202204253,Hassan,4,2022-04-18,2022,4,FIR,Non-Heinous,Crimes Against Body,Murder,Charge Sheeted,13.04134,76.16046
4254,100030002202604254,Mysuru,2,2026-05-08,2026,5,FIR,Non-Heinous,Crimes Against Property,Burglary,False Case,12.28018,76.56315
4255,400240004202204255,Kodagu,4,2022-08-13,2022,8,UDR,Heinous,Crimes Against Women,Dowry Harassment,Charge Sheeted,12.33044,75.95948
4256,100230003202304256,Chamarajanagar,3,2023-11-14,2023,11,FIR,Heinous,Crimes Against Women,Dowry Harassment,Under Investigation,11.8952,76.86004
4257,100020004202504257,Bengaluru Rural,4,2025-02-07,2025,2,FIR,Non-Heinous,Cyber Crime,Phishing,Charge Sheeted,13.28884,77.45724
4258,100130001202204258,Raichur,1,2022-07-12,2022,7,FIR,Non-Heinous,Crimes Against Body,Assault,Under Investigation,16.19194,77.31533
4259,100180002202204259,Mandya,2,2022-06-10,2022,6,FIR,Non-Heinous,Crimes Against Body,Attempt to Murder,Under Investigation,12.52529,76.9247
4260,100080001202604260,Ballari,1,2026-04-18,2026,4,FIR,Heinous,Crimes Against Women,Sexual Assault,Closed,15.00408,76.94215
4261,100150002202504261,Chikkamagaluru,2,2025-04-11,2025,4,FIR,Non-Heinous,Crimes Against Body,Murder,False Case,13.29037,75.6972
4262,100110002202604262,Davanagere,2,2026-05-26,2026,5,FIR,Heinous,Narcotics,NDPS Possession,Charge Sheeted,14.46589,75.94101
4263,100110001202404263,Davanagere,1,2024-09-21,2024,9,FIR,Non-Heinous,Crimes Against Body,Assault,Charge Sheeted,14.46119,75.87252
4264,100020004202404264,Bengaluru Rural,4,2024-12-14,2024,12,FIR,Heinous,Crimes Against Women,Dowry Harassment,Charge Sheeted,13.30001,77.53437
4265,100110001202304265,Davanagere,1,2023-12-23,2023,12,FIR,Non-Heinous,Cyber Crime,Online Fraud,Undetected,14.45606,75.91674
4266,100270004202604266,Bagalkot,4,2026-01-15,2026,1,FIR,Non-Heinous,Crimes Against Property,Theft,Undetected,16.12246,75.79365
4267,400130001202404267,Raichur,1,2024-07-17,2024,7,UDR,Non-Heinous,Crimes Against Property,Theft,Charge Sheeted,16.12944,77.37029
4268,100210003202404268,Koppal,3,2024-07-15,2024,7,FIR,Non-Heinous,Cyber Crime,Online Fraud,Under Investigation,15.23965,76.20244
4269,100050004202504269,Belagavi,4,2025-12-15,2025,12,PAR,Heinous,Crimes Against Women,Molestation,False Case,15.88698,74.34913
4270,100040001202504270,Mangaluru (Dakshina Kannada),1,2025-09-22,2025,9,FIR,Non-Heinous,Crimes Against Property,Theft,Under Investigation,12.97334,74.82945
4271,100080004202604271,Ballari,4,2026-10-05,2026,10,FIR,Non-Heinous,Crimes Against Property,Burglary,Under Investigation,15.15173,76.89244
4272,100010004202504272,Bengaluru City,4,2025-03-08,2025,3,FIR,Non-Heinous,Crimes Against Property,Dacoity,Under Investigation,13.04675,77.61992
4273,400080003202304273,Ballari,3,2023-01-21,2023,1,UDR,Non-Heinous,Economic Offences,Criminal Breach of Trust,Under Investigation,15.05075,76.80554
4274,100290003202304274,Gadag,3,2023-11-21,2023,11,PAR,Non-Heinous,Economic Offences,Forgery,Under Investigation,15.39377,75.68567
4275,700250001202304275,Ramanagara,1,2023-12-06,2023,12,Zero FIR,Heinous,Crimes Against Body,Murder,Charge Sheeted,12.5919,77.30973
4276,100250003202404276,Ramanagara,3,2024-11-14,2024,11,FIR,Non-Heinous,Crimes Against Property,Robbery,Undetected,12.82037,77.2222
4277,100080002202504277,Ballari,2,2025-06-26,2025,6,FIR,Non-Heinous,Crimes Against Body,Attempt to Murder,False Case,15.20446,76.8884
4278,100050001202204278,Belagavi,1,2022-03-20,2022,3,FIR,Heinous,Crimes Against Body,Assault,Closed,15.87207,74.48194
4279,100170003202604279,Kolar,3,2026-02-27,2026,2,FIR,Non-Heinous,Crimes Against Body,Assault,Charge Sheeted,13.06891,78.13417
4280,100270003202304280,Bagalkot,3,2023-07-05,2023,7,FIR,Non-Heinous,Crimes Against Property,Burglary,Charge Sheeted,16.2586,75.76382
4281,100070002202504281,Hubballi-Dharwad,2,2025-06-23,2025,6,FIR,Non-Heinous,Economic Offences,Forgery,Closed,15.42111,75.22868
4282,100110001202204282,Davanagere,1,2022-07-07,2022,7,FIR,Non-Heinous,Crimes Against Property,Dacoity,Charge Sheeted,14.46781,75.93222
4283,100140004202304283,Bidar,4,2023-09-14,2023,9,FIR,Non-Heinous,Crimes Against Property,Burglary,Closed,17.97955,77.5462
4284,100140002202304284,Bidar,2,2023-10-09,2023,10,FIR,Non-Heinous,Crimes Against Women,Dowry Harassment,Charge Sheeted,17.88795,77.50663
4285,700280002202604285,Haveri,2,2026-10-18,2026,10,Zero FIR,Non-Heinous,Crimes Against Property,Robbery,Charge Sheeted,14.73877,75.40271
4286,100010003202604286,Bengaluru City,3,2026-01-26,2026,1,FIR,Non-Heinous,Crimes Against Women,Dowry Harassment,Charge Sheeted,13.00306,77.63675
4287,100230003202404287,Chamarajanagar,3,2024-09-24,2024,9,FIR,Non-Heinous,Economic Offences,Criminal Breach of Trust,Closed,11.89756,76.97302
4288,100010001202404288,Bengaluru City,1,2024-08-17,2024,8,FIR,Non-Heinous,Crimes Against Property,Burglary,Charge Sheeted,13.09604,77.59949
4289,100190003202404289,Hassan,3,2024-10-07,2024,10,FIR,Non-Heinous,Crimes Against Property,Theft,Charge Sheeted,13.06896,76.05126
4290,100020002202604290,Bengaluru Rural,2,2026-07-19,2026,7,FIR,Non-Heinous,Public Order,Unlawful Assembly,Undetected,13.29406,77.61211
4291,100220002202204291,Yadgir,2,2022-02-10,2022,2,FIR,Non-Heinous,Crimes Against Property,Theft,Closed,16.7685,77.07924
4292,700030003202504292,Mysuru,3,2025-02-03,2025,2,Zero FIR,Heinous,Crimes Against Body,Grievous Hurt,Closed,12.28886,76.57532
4293,100010004202404293,Bengaluru City,4,2024-08-17,2024,8,FIR,Non-Heinous,Crimes Against Women,Domestic Violence,Under Investigation,12.97438,77.58501
4294,100060003202604294,Kalaburagi,3,2026-06-02,2026,6,FIR,Non-Heinous,Public Order,Rioting,Undetected,17.39721,76.85927
4295,700050001202604295,Belagavi,1,2026-05-08,2026,5,Zero FIR,Heinous,Crimes Against Body,Murder,Charge Sheeted,15.84302,74.54291
4296,100020001202204296,Bengaluru Rural,1,2022-07-16,2022,7,PAR,Non-Heinous,Crimes Against Property,Dacoity,Under Investigation,13.29481,77.6659
4297,700010004202604297,Bengaluru City,4,2026-10-06,2026,10,Zero FIR,Heinous,Crimes Against Body,Assault,Charge Sheeted,12.99644,77.59433
4298,100140001202604298,Bidar,1,2026-01-18,2026,1,FIR,Non-Heinous,Crimes Against Body,Grievous Hurt,Under Investigation,17.84974,77.47813
4299,100230004202604299,Chamarajanagar,4,2026-08-20,2026,8,FIR,Non-Heinous,Crimes Against Property,Burglary,Charge Sheeted,11.94453,77.05691
4300,100100001202404300,Shivamogga,1,2024-12-21,2024,12,FIR,Non-Heinous,Crimes Against Body,Grievous Hurt,Undetected,13.94229,75.61633
4301,100140004202604301,Bidar,4,2026-10-02,2026,10,FIR,Non-Heinous,Crimes Against Property,Burglary,Undetected,17.90661,77.49082
4302,100040004202204302,Mangaluru (Dakshina Kannada),4,2022-05-15,2022,5,FIR,Non-Heinous,Crimes Against Property,Robbery,False Case,12.91265,74.95519
4303,100070002202604303,Hubballi-Dharwad,2,2026-09-13,2026,9,FIR,Non-Heinous,Crimes Against Property,Burglary,Closed,15.33926,75.12367
4304,100030002202304304,Mysuru,2,2023-08-13,2023,8,FIR,Heinous,Crimes Against Women,Sexual Assault,Charge Sheeted,12.28783,76.60209
4305,700010001202304305,Bengaluru City,1,2023-04-06,2023,4,Zero FIR,Non-Heinous,Crimes Against Property,Burglary,Closed,13.0057,77.54798
4306,100150001202504306,Chikkamagaluru,1,2025-05-24,2025,5,FIR,Non-Heinous,Crimes Against Women,Molestation,Under Investigation,13.28691,75.76546
4307,100090002202204307,Tumakuru,2,2022-07-17,2022,7,FIR,Non-Heinous,Crimes Against Women,Dowry Harassment,Charge Sheeted,13.28925,77.12877
4308,100260004202504308,Chikkaballapur,4,2025-02-09,2025,2,FIR,Non-Heinous,Public Order,Unlawful Assembly,Charge Sheeted,13.40879,77.71666
4309,100050003202304309,Belagavi,3,2023-06-23,2023,6,FIR,Non-Heinous,Cyber Crime,Cyberstalking,Closed,15.83136,74.57053
4310,100120002202504310,Vijayapura,2,2025-06-22,2025,6,FIR,Heinous,Crimes Against Women,Domestic Violence,Undetected,16.77674,75.59371
4311,100190002202204311,Hassan,2,2022-12-25,2022,12,FIR,Non-Heinous,Economic Offences,Criminal Breach of Trust,Under Investigation,13.06204,76.02064
4312,100030004202404312,Mysuru,4,2024-08-25,2024,8,FIR,Non-Heinous,Crimes Against Women,Dowry Harassment,False Case,12.43621,76.60053
4313,700090001202504313,Tumakuru,1,2025-12-02,2025,12,Zero FIR,Heinous,Crimes Against Body,Assault,Under Investigation,13.39088,77.13826
4314,100250003202504314,Ramanagara,3,2025-07-12,2025,7,FIR,Non-Heinous,Economic Offences,Cheating,Closed,12.78398,77.25928
4315,100110003202404315,Davanagere,3,2024-08-18,2024,8,FIR,Non-Heinous,Crimes Against Women,Sexual Assault,Charge Sheeted,14.42809,75.94247
4316,700140002202604316,Bidar,2,2026-01-09,2026,1,Zero FIR,Non-Heinous,Crimes Against Body,Assault,Charge Sheeted,17.96936,77.57196
4317,100140002202604317,Bidar,2,2026-07-01,2026,7,FIR,Non-Heinous,Cyber Crime,Online Fraud,Under Investigation,17.91991,77.49421
4318,700010001202604318,Bengaluru City,1,2026-11-05,2026,11,Zero FIR,Non-Heinous,Crimes Against Property,Dacoity,Charge Sheeted,12.98388,77.58277
4319,100290004202204319,Gadag,4,2022-02-20,2022,2,FIR,Heinous,Crimes Against Women,Sexual Assault,Charge Sheeted,15.40843,75.61973
4320,100250003202404320,Ramanagara,3,2024-09-16,2024,9,FIR,Heinous,Crimes Against Women,Dowry Harassment,Under Investigation,12.68158,77.30015
4321,400050001202304321,Belagavi,1,2023-02-20,2023,2,UDR,Non-Heinous,Crimes Against Body,Attempt to Murder,Charge Sheeted,15.80962,74.64481
4322,100020001202604322,Bengaluru Rural,1,2026-10-13,2026,10,FIR,Non-Heinous,Crimes Against Property,Theft,Under Investigation,13.30346,77.58035
4323,100010002202204323,Bengaluru City,2,2022-02-27,2022,2,FIR,Non-Heinous,Economic Offences,Forgery,Charge Sheeted,12.94529,77.51665
4324,100250002202304324,Ramanagara,2,2023-02-20,2023,2,FIR,Non-Heinous,Cyber Crime,Identity Theft,Undetected,12.70776,77.2764
4325,100010002202304325,Bengaluru City,2,2023-06-13,2023,6,FIR,Non-Heinous,Crimes Against Women,Sexual Assault,Under Investigation,12.91887,77.55808
4326,100130003202204326,Raichur,3,2022-09-12,2022,9,PAR,Non-Heinous,Crimes Against Property,Robbery,Undetected,16.0707,77.28809
4327,100140002202304327,Bidar,2,2023-06-26,2023,6,FIR,Heinous,Crimes Against Women,Sexual Assault,Charge Sheeted,17.77287,77.47352
4328,100220004202304328,Yadgir,4,2023-04-14,2023,4,FIR,Non-Heinous,Economic Offences,Criminal Breach of Trust,Closed,16.81308,77.19906
4329,100020004202504329,Bengaluru Rural,4,2025-10-19,2025,10,FIR,Heinous,Crimes Against Body,Murder,False Case,13.27252,77.40931
4330,100130001202404330,Raichur,1,2024-02-13,2024,2,FIR,Non-Heinous,Crimes Against Women,Dowry Harassment,Charge Sheeted,16.21539,77.37827
4331,700230001202304331,Chamarajanagar,1,2023-10-18,2023,10,Zero FIR,Heinous,Crimes Against Body,Grievous Hurt,Closed,11.86332,76.90877
4332,700130003202604332,Raichur,3,2026-09-06,2026,9,Zero FIR,Heinous,Crimes Against Women,Dowry Harassment,False Case,16.17532,77.33347
4333,100010003202404333,Bengaluru City,3,2024-02-18,2024,2,FIR,Non-Heinous,Crimes Against Property,Robbery,Under Investigation,12.98002,77.59221
4334,100280002202504334,Haveri,2,2025-08-07,2025,8,FIR,Non-Heinous,Crimes Against Property,Robbery,Under Investigation,14.80109,75.5068
4335,100010004202604335,Bengaluru City,4,2026-02-26,2026,2,FIR,Heinous,Crimes Against Women,Dowry Harassment,Under Investigation,12.95468,77.59463
4336,100050002202604336,Belagavi,2,2026-09-27,2026,9,PAR,Non-Heinous,Cyber Crime,Phishing,Under Investigation,15.86659,74.54521
4337,100060004202504337,Kalaburagi,4,2025-08-02,2025,8,FIR,Non-Heinous,Crimes Against Property,Burglary,Charge Sheeted,17.33383,76.79758
4338,100040002202404338,Mangaluru (Dakshina Kannada),2,2024-03-05,2024,3,FIR,Heinous,Crimes Against Women,Domestic Violence,Under Investigation,12.86772,74.7637
4339,100090003202304339,Tumakuru,3,2023-10-08,2023,10,PAR,Heinous,Crimes Against Women,Sexual Assault,False Case,13.36084,77.22633
4340,700090004202504340,Tumakuru,4,2025-11-03,2025,11,Zero FIR,Non-Heinous,Crimes Against Property,Theft,Closed,13.39601,77.02784
4341,700110001202504341,Davanagere,1,2025-09-02,2025,9,Zero FIR,Non-Heinous,Crimes Against Property,Theft,Under Investigation,14.48503,75.94538
4342,100040002202404342,Mangaluru (Dakshina Kannada),2,2024-08-26,2024,8,FIR,Non-Heinous,Crimes Against Property,Robbery,Charge Sheeted,12.98588,74.88023
4343,700020003202504343,Bengaluru Rural,3,2025-06-08,2025,6,Zero FIR,Non-Heinous,Cyber Crime,Online Fraud,Under Investigation,13.27795,77.46183
4344,100270002202304344,Bagalkot,2,2023-07-01,2023,7,FIR,Non-Heinous,Crimes Against Women,Molestation,Charge Sheeted,16.18278,75.62478
4345,100010002202504345,Bengaluru City,2,2025-01-12,2025,1,FIR,Non-Heinous,Crimes Against Body,Grievous Hurt,Closed,13.00336,77.56556
4346,100050003202504346,Belagavi,3,2025-02-09,2025,2,FIR,Heinous,Narcotics,NDPS Possession,Under Investigation,15.76714,74.5515
4347,100240001202604347,Kodagu,1,2026-04-18,2026,4,FIR,Non-Heinous,Crimes Against Property,Theft,Charge Sheeted,12.3521,75.6747
4348,100110002202504348,Davanagere,2,2025-06-17,2025,6,FIR,Heinous,Crimes Against Body,Assault,Undetected,14.39845,75.86486
4349,100100003202404349,Shivamogga,3,2024-09-10,2024,9,PAR,Non-Heinous,Crimes Against Property,Burglary,Under Investigation,14.01024,75.52072
4350,700280004202604350,Haveri,4,2026-12-15,2026,12,Zero FIR,Heinous,Crimes Against Body,Murder,Under Investigation,14.81696,75.43004
4351,100020002202604351,Bengaluru Rural,2,2026-04-19,2026,4,FIR,Non-Heinous,Crimes Against Women,Molestation,Charge Sheeted,13.34884,77.50865
4352,100050004202304352,Belagavi,4,2023-06-13,2023,6,PAR,Heinous,Narcotics,NDPS Possession,Charge Sheeted,15.83743,74.42741
4353,100080002202504353,Ballari,2,2025-08-16,2025,8,PAR,Non-Heinous,Crimes Against Property,Robbery,Closed,15.13209,76.83795
4354,100010002202504354,Bengaluru City,2,2025-09-10,2025,9,FIR,Heinous,Narcotics,NDPS Trafficking,Closed,12.96197,77.55579
4355,100050004202304355,Belagavi,4,2023-04-05,2023,4,FIR,Non-Heinous,Crimes Against Women,Sexual Assault,Closed,15.74012,74.50828
4356,100020003202604356,Bengaluru Rural,3,2026-05-15,2026,5,PAR,Non-Heinous,Economic Offences,Criminal Breach of Trust,Closed,13.33925,77.64601
4357,100020004202604357,Bengaluru Rural,4,2026-11-24,2026,11,FIR,Non-Heinous,Narcotics,NDPS Possession,False Case,13.33762,77.50861
4358,100120001202504358,Vijayapura,1,2025-07-08,2025,7,FIR,Non-Heinous,Crimes Against Women,Dowry Harassment,Undetected,16.80528,75.70423
4359,100040002202204359,Mangaluru (Dakshina Kannada),2,2022-06-10,2022,6,FIR,Non-Heinous,Crimes Against Body,Assault,False Case,12.88365,74.92208
4360,100160003202204360,Udupi,3,2022-11-04,2022,11,FIR,Non-Heinous,Crimes Against Women,Molestation,Closed,13.33163,74.77986
4361,100290003202604361,Gadag,3,2026-09-06,2026,9,PAR,Non-Heinous,Cyber Crime,Cyberstalking,Charge Sheeted,15.43978,75.70564
4362,100070004202204362,Hubballi-Dharwad,4,2022-09-10,2022,9,PAR,Non-Heinous,Economic Offences,Criminal Breach of Trust,Charge Sheeted,15.47277,75.07612
4363,100040001202504363,Mangaluru (Dakshina Kannada),1,2025-01-13,2025,1,PAR,Non-Heinous,Cyber Crime,Phishing,Under Investigation,12.98028,74.92288
4364,100050002202604364,Belagavi,2,2026-10-25,2026,10,FIR,Non-Heinous,Crimes Against Property,Dacoity,Charge Sheeted,15.91933,74.45144
4365,100170003202404365,Kolar,3,2024-12-26,2024,12,FIR,Non-Heinous,Crimes Against Property,Theft,Closed,13.14953,78.23947
4366,100230004202204366,Chamarajanagar,4,2022-05-05,2022,5,FIR,Non-Heinous,Economic Offences,Criminal Breach of Trust,Under Investigation,11.81463,76.95426
4367,100140002202504367,Bidar,2,2025-05-11,2025,5,FIR,Non-Heinous,Crimes Against Property,Burglary,Closed,17.83458,77.58671
4368,100020004202604368,Bengaluru Rural,4,2026-01-23,2026,1,FIR,Non-Heinous,Crimes Against Women,Domestic Violence,Undetected,13.25705,77.4545
4369,100040001202304369,Mangaluru (Dakshina Kannada),1,2023-09-02,2023,9,FIR,Non-Heinous,Crimes Against Property,Burglary,Undetected,12.91928,74.79545
4370,100190004202204370,Hassan,4,2022-08-25,2022,8,FIR,Heinous,Crimes Against Body,Attempt to Murder,Under Investigation,13.00434,76.13893
4371,100020002202604371,Bengaluru Rural,2,2026-04-09,2026,4,FIR,Non-Heinous,Crimes Against Property,Theft,Charge Sheeted,13.29853,77.61926
4372,100020002202304372,Bengaluru Rural,2,2023-04-12,2023,4,FIR,Non-Heinous,Crimes Against Body,Grievous Hurt,False Case,13.27034,77.58522
4373,400230004202404373,Chamarajanagar,4,2024-02-19,2024,2,UDR,Heinous,Crimes Against Body,Grievous Hurt,False Case,11.88866,76.83196
4374,100020002202604374,Bengaluru Rural,2,2026-02-09,2026,2,FIR,Non-Heinous,Crimes Against Body,Attempt to Murder,Charge Sheeted,13.33857,77.567
4375,100090001202304375,Tumakuru,1,2023-06-03,2023,6,FIR,Non-Heinous,Crimes Against Property,Robbery,Charge Sheeted,13.27884,77.14601
4376,100250001202404376,Ramanagara,1,2024-04-24,2024,4,FIR,Non-Heinous,Public Order,Rioting,Under Investigation,12.85573,77.20989
4377,100140002202504377,Bidar,2,2025-11-16,2025,11,FIR,Non-Heinous,Public Order,Rioting,Under Investigation,17.96771,77.61236
4378,100100001202404378,Shivamogga,1,2024-05-16,2024,5,FIR,Heinous,Narcotics,NDPS Possession,Under Investigation,13.89224,75.4432
4379,100240003202504379,Kodagu,3,2025-10-16,2025,10,FIR,Non-Heinous,Crimes Against Women,Domestic Violence,Undetected,12.347,75.85815
4380,100050002202404380,Belagavi,2,2024-02-21,2024,2,FIR,Heinous,Crimes Against Body,Attempt to Murder,Undetected,15.83675,74.47415
4381,100020001202404381,Bengaluru Rural,1,2024-04-13,2024,4,FIR,Non-Heinous,Public Order,Rioting,Charge Sheeted,13.20243,77.56359
4382,100140003202204382,Bidar,3,2022-03-03,2022,3,FIR,Non-Heinous,Crimes Against Property,Dacoity,Under Investigation,17.97575,77.54305
4383,700070001202504383,Hubballi-Dharwad,1,2025-10-01,2025,10,Zero FIR,Non-Heinous,Public Order,Rioting,Under Investigation,15.4248,75.12419
4384,100270004202204384,Bagalkot,4,2022-11-25,2022,11,PAR,Non-Heinous,Crimes Against Women,Molestation,Closed,16.20652,75.64546
4385,100010001202304385,Bengaluru City,1,2023-10-05,2023,10,FIR,Non-Heinous,Economic Offences,Cheating,False Case,12.86928,77.6822
4386,100280003202404386,Haveri,3,2024-10-20,2024,10,FIR,Non-Heinous,Crimes Against Women,Sexual Assault,Charge Sheeted,14.84869,75.45449
4387,100280002202504387,Haveri,2,2025-11-23,2025,11,FIR,Non-Heinous,Narcotics,NDPS Trafficking,Charge Sheeted,14.76696,75.38916
4388,100160001202504388,Udupi,1,2025-05-05,2025,5,FIR,Non-Heinous,Crimes Against Body,Attempt to Murder,Charge Sheeted,13.33209,74.79253
4389,100240004202604389,Kodagu,4,2026-03-11,2026,3,FIR,Heinous,Crimes Against Body,Murder,Under Investigation,12.31561,75.72776
4390,100110003202204390,Davanagere,3,2022-06-05,2022,6,FIR,Heinous,Crimes Against Body,Attempt to Murder,Closed,14.43708,75.97583
4391,100160002202404391,Udupi,2,2024-03-01,2024,3,FIR,Non-Heinous,Crimes Against Property,Robbery,Charge Sheeted,13.29787,74.72968
4392,400190002202404392,Hassan,2,2024-04-21,2024,4,UDR,Non-Heinous,Crimes Against Body,Murder,Closed,12.9777,76.10314
4393,100040004202604393,Mangaluru (Dakshina Kannada),4,2026-09-02,2026,9,PAR,Heinous,Narcotics,NDPS Possession,False Case,13.00105,74.87999
4394,100020003202504394,Bengaluru Rural,3,2025-01-04,2025,1,FIR,Heinous,Crimes Against Women,Dowry Harassment,Closed,13.35241,77.52566
4395,100250004202204395,Ramanagara,4,2022-06-01,2022,6,FIR,Non-Heinous,Crimes Against Property,Burglary,Closed,12.73706,77.37181
4396,100280002202304396,Haveri,2,2023-12-11,2023,12,FIR,Non-Heinous,Crimes Against Women,Molestation,Charge Sheeted,14.77179,75.31037
4397,100050001202504397,Belagavi,1,2025-09-06,2025,9,FIR,Non-Heinous,Crimes Against Property,Dacoity,Undetected,15.82081,74.45299
4398,100090001202404398,Tumakuru,1,2024-03-13,2024,3,PAR,Non-Heinous,Crimes Against Body,Murder,Charge Sheeted,13.3802,77.08507
4399,100020002202604399,Bengaluru Rural,2,2026-02-09,2026,2,FIR,Non-Heinous,Narcotics,NDPS Possession,Undetected,13.26051,77.43507
4400,100020004202604400,Bengaluru Rural,4,2026-11-07,2026,11,FIR,Non-Heinous,Narcotics,NDPS Trafficking,False Case,13.33645,77.48965
4401,100060004202604401,Kalaburagi,4,2026-11-16,2026,11,FIR,Non-Heinous,Crimes Against Property,Dacoity,Charge Sheeted,17.31749,76.93928
4402,100030003202404402,Mysuru,3,2024-08-18,2024,8,PAR,Non-Heinous,Economic Offences,Forgery,Under Investigation,12.30813,76.67184
4403,100210003202204403,Koppal,3,2022-02-01,2022,2,FIR,Non-Heinous,Public Order,Unlawful Assembly,False Case,15.23115,76.13843
4404,100040002202504404,Mangaluru (Dakshina Kannada),2,2025-12-23,2025,12,FIR,Non-Heinous,Cyber Crime,Online Fraud,Charge Sheeted,12.96805,74.86582
4405,100170003202304405,Kolar,3,2023-06-20,2023,6,FIR,Non-Heinous,Crimes Against Women,Dowry Harassment,Closed,13.10028,78.17593
4406,100220001202504406,Yadgir,1,2025-04-07,2025,4,FIR,Non-Heinous,Crimes Against Property,Theft,Closed,16.81093,77.03479
4407,700190002202604407,Hassan,2,2026-07-25,2026,7,Zero FIR,Non-Heinous,Cyber Crime,Identity Theft,Under Investigation,13.05585,76.05068
4408,100280001202304408,Haveri,1,2023-07-10,2023,7,FIR,Non-Heinous,Cyber Crime,Cyberstalking,Closed,14.81275,75.37281
4409,100080003202304409,Ballari,3,2023-06-12,2023,6,FIR,Non-Heinous,Crimes Against Property,Burglary,Under Investigation,15.17379,76.90683
4410,100290001202604410,Gadag,1,2026-02-07,2026,2,FIR,Heinous,Crimes Against Women,Sexual Assault,Closed,15.40839,75.62213
4411,100130001202204411,Raichur,1,2022-06-10,2022,6,FIR,Non-Heinous,Crimes Against Body,Murder,Under Investigation,16.28144,77.38718
4412,100210003202304412,Koppal,3,2023-09-27,2023,9,FIR,Non-Heinous,Crimes Against Women,Molestation,Under Investigation,15.33392,76.12891
4413,100070002202304413,Hubballi-Dharwad,2,2023-02-04,2023,2,FIR,Non-Heinous,Crimes Against Property,Theft,Under Investigation,15.32245,75.05354
4414,700010001202304414,Bengaluru City,1,2023-02-15,2023,2,Zero FIR,Non-Heinous,Crimes Against Body,Murder,Closed,12.93368,77.49801
4415,100090004202404415,Tumakuru,4,2024-06-13,2024,6,FIR,Heinous,Crimes Against Body,Murder,Under Investigation,13.30488,77.08134
4416,100070004202504416,Hubballi-Dharwad,4,2025-05-23,2025,5,FIR,Heinous,Crimes Against Body,Assault,Closed,15.39859,75.12803
4417,100050002202504417,Belagavi,2,2025-10-10,2025,10,PAR,Non-Heinous,Crimes Against Property,Dacoity,Under Investigation,15.66178,74.46181
4418,400010003202204418,Bengaluru City,3,2022-11-17,2022,11,UDR,Heinous,Narcotics,NDPS Trafficking,Closed,12.9702,77.6748
4419,700010002202604419,Bengaluru City,2,2026-06-12,2026,6,Zero FIR,Non-Heinous,Crimes Against Property,Theft,Closed,12.90916,77.56552
4420,400030001202404420,Mysuru,1,2024-08-17,2024,8,UDR,Non-Heinous,Crimes Against Women,Dowry Harassment,Charge Sheeted,12.2839,76.63523
4421,100040003202304421,Mangaluru (Dakshina Kannada),3,2023-08-11,2023,8,FIR,Non-Heinous,Crimes Against Body,Murder,Under Investigation,12.97656,75.01208
4422,100220004202504422,Yadgir,4,2025-01-26,2025,1,FIR,Non-Heinous,Public Order,Rioting,False Case,16.64626,77.05757
4423,700210004202604423,Koppal,4,2026-01-27,2026,1,Zero FIR,Non-Heinous,Crimes Against Property,Burglary,Charge Sheeted,15.29437,76.17454
4424,100280002202204424,Haveri,2,2022-05-04,2022,5,FIR,Non-Heinous,Crimes Against Women,Molestation,Charge Sheeted,14.79095,75.44847
4425,100020002202604425,Bengaluru Rural,2,2026-10-18,2026,10,FIR,Non-Heinous,Crimes Against Women,Sexual Assault,Under Investigation,13.37024,77.52137
4426,400230002202304426,Chamarajanagar,2,2023-12-14,2023,12,UDR,Heinous,Crimes Against Body,Assault,Under Investigation,11.97217,76.95234
4427,100040003202404427,Mangaluru (Dakshina Kannada),3,2024-02-12,2024,2,FIR,Heinous,Crimes Against Body,Grievous Hurt,Charge Sheeted,12.95126,74.8372
4428,400210004202304428,Koppal,4,2023-02-18,2023,2,UDR,Non-Heinous,Crimes Against Property,Theft,Charge Sheeted,15.32921,76.10576
4429,100050001202204429,Belagavi,1,2022-08-16,2022,8,FIR,Non-Heinous,Cyber Crime,Identity Theft,False Case,15.89272,74.52772
4430,100240002202604430,Kodagu,2,2026-09-17,2026,9,FIR,Non-Heinous,Crimes Against Property,Burglary,Charge Sheeted,12.37545,75.82028
4431,100040001202204431,Mangaluru (Dakshina Kannada),1,2022-06-02,2022,6,FIR,Heinous,Crimes Against Women,Molestation,Under Investigation,13.01072,74.84065
4432,100260004202204432,Chikkaballapur,4,2022-11-08,2022,11,FIR,Non-Heinous,Crimes Against Property,Dacoity,False Case,13.34795,77.738
4433,100010003202404433,Bengaluru City,3,2024-07-21,2024,7,FIR,Heinous,Crimes Against Body,Assault,Undetected,12.91505,77.49994
4434,100210004202404434,Koppal,4,2024-12-22,2024,12,FIR,Non-Heinous,Crimes Against Property,Robbery,Under Investigation,15.34067,76.15579
4435,100280001202604435,Haveri,1,2026-08-12,2026,8,FIR,Non-Heinous,Public Order,Rioting,False Case,14.78331,75.46488
4436,100010004202204436,Bengaluru City,4,2022-07-12,2022,7,PAR,Non-Heinous,Crimes Against Women,Sexual Assault,Charge Sheeted,13.04057,77.61739
4437,100030004202604437,Mysuru,4,2026-01-27,2026,1,FIR,Non-Heinous,Cyber Crime,Phishing,Charge Sheeted,12.37133,76.58871
4438,100210003202404438,Koppal,3,2024-11-20,2024,11,FIR,Non-Heinous,Crimes Against Women,Molestation,Charge Sheeted,15.42188,76.17366
4439,700050002202204439,Belagavi,2,2022-06-07,2022,6,Zero FIR,Non-Heinous,Crimes Against Body,Attempt to Murder,Charge Sheeted,15.87168,74.45083
4440,100130004202404440,Raichur,4,2024-09-02,2024,9,FIR,Non-Heinous,Crimes Against Property,Robbery,Closed,16.2134,77.40535
4441,100120003202204441,Vijayapura,3,2022-01-08,2022,1,FIR,Non-Heinous,Crimes Against Women,Molestation,Charge Sheeted,16.80013,75.78479
4442,100040003202604442,Mangaluru (Dakshina Kannada),3,2026-05-12,2026,5,PAR,Heinous,Crimes Against Women,Dowry Harassment,Undetected,12.89934,74.94784
4443,100020002202504443,Bengaluru Rural,2,2025-07-04,2025,7,FIR,Non-Heinous,Crimes Against Property,Dacoity,Charge Sheeted,13.20138,77.58597
4444,100250002202504444,Ramanagara,2,2025-03-16,2025,3,FIR,Non-Heinous,Crimes Against Women,Molestation,Closed,12.73164,77.26813
4445,100280003202604445,Haveri,3,2026-06-26,2026,6,FIR,Non-Heinous,Crimes Against Body,Attempt to Murder,Charge Sheeted,14.6774,75.43584
4446,700110002202404446,Davanagere,2,2024-10-06,2024,10,Zero FIR,Non-Heinous,Crimes Against Property,Theft,Under Investigation,14.43638,75.91131
4447,100110004202204447,Davanagere,4,2022-09-09,2022,9,FIR,Non-Heinous,Economic Offences,Cheating,Charge Sheeted,14.49685,75.86953
4448,100270001202404448,Bagalkot,1,2024-08-13,2024,8,FIR,Non-Heinous,Cyber Crime,Identity Theft,False Case,16.11068,75.77093
4449,100050004202404449,Belagavi,4,2024-01-23,2024,1,FIR,Non-Heinous,Cyber Crime,Cyberstalking,Under Investigation,15.88625,74.59743
4450,100270002202204450,Bagalkot,2,2022-09-02,2022,9,FIR,Non-Heinous,Crimes Against Women,Molestation,Closed,16.20409,75.63201
4451,100020002202204451,Bengaluru Rural,2,2022-10-02,2022,10,FIR,Heinous,Crimes Against Body,Assault,Under Investigation,13.32184,77.60877
4452,100150003202504452,Chikkamagaluru,3,2025-10-23,2025,10,FIR,Heinous,Crimes Against Women,Dowry Harassment,False Case,13.39462,75.69197
4453,100040001202404453,Mangaluru (Dakshina Kannada),1,2024-11-25,2024,11,FIR,Non-Heinous,Crimes Against Property,Theft,Closed,12.94649,74.77377
4454,100100004202504454,Shivamogga,4,2025-06-18,2025,6,FIR,Non-Heinous,Crimes Against Property,Burglary,Undetected,13.99251,75.57005
4455,400020004202204455,Bengaluru Rural,4,2022-10-23,2022,10,UDR,Non-Heinous,Cyber Crime,Phishing,Under Investigation,13.26326,77.56293
4456,100050001202504456,Belagavi,1,2025-12-24,2025,12,FIR,Heinous,Crimes Against Women,Molestation,Closed,15.81235,74.57569
4457,100010004202204457,Bengaluru City,4,2022-04-11,2022,4,FIR,Heinous,Crimes Against Body,Murder,Undetected,12.92407,77.59513
4458,100270003202604458,Bagalkot,3,2026-06-25,2026,6,FIR,Non-Heinous,Crimes Against Women,Dowry Harassment,Closed,16.06062,75.66528
4459,100120004202504459,Vijayapura,4,2025-04-19,2025,4,FIR,Non-Heinous,Crimes Against Property,Robbery,Charge Sheeted,16.81077,75.70471
4460,100120003202404460,Vijayapura,3,2024-06-05,2024,6,FIR,Non-Heinous,Crimes Against Property,Burglary,Closed,16.85532,75.78972
4461,100130002202404461,Raichur,2,2024-04-02,2024,4,FIR,Non-Heinous,Crimes Against Women,Domestic Violence,Charge Sheeted,16.20411,77.31446
4462,100160003202504462,Udupi,3,2025-04-13,2025,4,FIR,Non-Heinous,Crimes Against Property,Robbery,Charge Sheeted,13.32672,74.77512
4463,100140003202604463,Bidar,3,2026-08-25,2026,8,FIR,Non-Heinous,Cyber Crime,Cyberstalking,Charge Sheeted,17.90792,77.53107
4464,100020002202604464,Bengaluru Rural,2,2026-11-06,2026,11,FIR,Non-Heinous,Crimes Against Property,Theft,Charge Sheeted,13.41492,77.47827
4465,100030001202504465,Mysuru,1,2025-05-24,2025,5,FIR,Non-Heinous,Crimes Against Body,Murder,Closed,12.28035,76.60871
4466,400100001202304466,Shivamogga,1,2023-11-27,2023,11,UDR,Non-Heinous,Crimes Against Women,Sexual Assault,Charge Sheeted,13.84502,75.57161
4467,100170002202604467,Kolar,2,2026-01-03,2026,1,FIR,Non-Heinous,Crimes Against Property,Burglary,Under Investigation,13.06725,78.17274
4468,100210004202504468,Koppal,4,2025-03-04,2025,3,FIR,Non-Heinous,Crimes Against Body,Assault,False Case,15.36863,76.13135
4469,100120001202404469,Vijayapura,1,2024-03-01,2024,3,FIR,Non-Heinous,Economic Offences,Criminal Breach of Trust,Closed,16.76797,75.59056
4470,100020004202504470,Bengaluru Rural,4,2025-08-21,2025,8,FIR,Non-Heinous,Public Order,Rioting,Charge Sheeted,13.25039,77.59745
4471,100050003202504471,Belagavi,3,2025-04-25,2025,4,FIR,Non-Heinous,Crimes Against Women,Sexual Assault,Closed,15.82883,74.49145
4472,100040001202504472,Mangaluru (Dakshina Kannada),1,2025-01-16,2025,1,FIR,Non-Heinous,Crimes Against Body,Attempt to Murder,Under Investigation,12.98631,74.88319
4473,100050003202604473,Belagavi,3,2026-02-21,2026,2,FIR,Non-Heinous,Economic Offences,Cheating,Closed,15.84263,74.38336
4474,100010001202204474,Bengaluru City,1,2022-07-01,2022,7,FIR,Non-Heinous,Crimes Against Property,Theft,Charge Sheeted,12.99754,77.56295
4475,400040004202304475,Mangaluru (Dakshina Kannada),4,2023-12-12,2023,12,UDR,Non-Heinous,Crimes Against Property,Theft,Closed,12.97506,74.8399
4476,100050001202504476,Belagavi,1,2025-02-18,2025,2,FIR,Non-Heinous,Crimes Against Property,Robbery,Closed,15.91842,74.42875
4477,100070004202504477,Hubballi-Dharwad,4,2025-05-16,2025,5,FIR,Non-Heinous,Cyber Crime,Identity Theft,Closed,15.4227,75.08914
4478,100240003202404478,Kodagu,3,2024-02-25,2024,2,FIR,Non-Heinous,Cyber Crime,Phishing,Under Investigation,12.38834,75.71969
4479,400080001202204479,Ballari,1,2022-05-16,2022,5,UDR,Non-Heinous,Crimes Against Women,Sexual Assault,Charge Sheeted,15.12846,76.94581
4480,100020003202404480,Bengaluru Rural,3,2024-12-16,2024,12,FIR,Non-Heinous,Crimes Against Body,Murder,Under Investigation,13.36313,77.58828
4481,100070004202304481,Hubballi-Dharwad,4,2023-10-15,2023,10,FIR,Heinous,Crimes Against Women,Sexual Assault,False Case,15.36557,75.2322
4482,700200003202504482,Chitradurga,3,2025-05-07,2025,5,Zero FIR,Non-Heinous,Crimes Against Property,Theft,Charge Sheeted,14.13753,76.41668
4483,700020004202604483,Bengaluru Rural,4,2026-03-14,2026,3,Zero FIR,Heinous,Crimes Against Body,Attempt to Murder,Closed,13.2662,77.55452
4484,100210003202504484,Koppal,3,2025-03-17,2025,3,FIR,Non-Heinous,Economic Offences,Forgery,Closed,15.38889,76.09321
4485,100120001202604485,Vijayapura,1,2026-10-25,2026,10,FIR,Heinous,Crimes Against Body,Assault,Undetected,16.8472,75.7415
4486,100100004202404486,Shivamogga,4,2024-11-16,2024,11,FIR,Non-Heinous,Crimes Against Property,Dacoity,Charge Sheeted,13.86874,75.54733
4487,700080003202404487,Ballari,3,2024-10-13,2024,10,Zero FIR,Non-Heinous,Crimes Against Property,Dacoity,Closed,15.20207,76.93425
4488,100070004202404488,Hubballi-Dharwad,4,2024-05-01,2024,5,FIR,Non-Heinous,Crimes Against Property,Theft,Charge Sheeted,15.21551,75.17671
4489,100230003202404489,Chamarajanagar,3,2024-09-22,2024,9,FIR,Non-Heinous,Crimes Against Property,Burglary,False Case,11.86,76.93232
4490,100210004202604490,Koppal,4,2026-07-16,2026,7,FIR,Non-Heinous,Economic Offences,Cheating,Undetected,15.33648,76.12034
4491,100030004202604491,Mysuru,4,2026-06-15,2026,6,FIR,Non-Heinous,Crimes Against Women,Molestation,Under Investigation,12.37607,76.69362
4492,100160001202304492,Udupi,1,2023-11-12,2023,11,FIR,Non-Heinous,Crimes Against Property,Robbery,Under Investigation,13.38713,74.72047
4493,700160003202604493,Udupi,3,2026-09-27,2026,9,Zero FIR,Non-Heinous,Economic Offences,Forgery,Closed,13.40766,74.81076
4494,100110001202204494,Davanagere,1,2022-07-19,2022,7,FIR,Non-Heinous,Crimes Against Property,Theft,Charge Sheeted,14.3951,75.90776
4495,400080003202504495,Ballari,3,2025-06-06,2025,6,UDR,Non-Heinous,Crimes Against Women,Dowry Harassment,False Case,15.20457,76.97432
4496,100190003202504496,Hassan,3,2025-10-17,2025,10,FIR,Heinous,Crimes Against Women,Domestic Violence,Closed,13.01947,76.11213
4497,100160004202304497,Udupi,4,2023-10-21,2023,10,FIR,Non-Heinous,Crimes Against Property,Dacoity,Charge Sheeted,13.35771,74.77632
4498,700040004202604498,Mangaluru (Dakshina Kannada),4,2026-07-24,2026,7,Zero FIR,Non-Heinous,Crimes Against Property,Robbery,False Case,12.83248,74.87448
4499,400230002202404499,Chamarajanagar,2,2024-12-22,2024,12,UDR,Non-Heinous,Crimes Against Body,Murder,Under Investigation,11.93731,76.93549
4500,100110002202504500,Davanagere,2,2025-09-26,2025,9,FIR,Non-Heinous,Crimes Against Women,Sexual Assault,Charge Sheeted,14.54453,75.97133
4501,100110004202504501,Davanagere,4,2025-06-22,2025,6,FIR,Non-Heinous,Narcotics,NDPS Trafficking,Charge Sheeted,14.46921,75.93022
4502,100140002202404502,Bidar,2,2024-05-01,2024,5,FIR,Non-Heinous,Crimes Against Body,Assault,Under Investigation,17.9283,77.43768
4503,100050003202404503,Belagavi,3,2024-05-09,2024,5,FIR,Non-Heinous,Economic Offences,Cheating,Charge Sheeted,15.89757,74.41734
4504,100040003202504504,Mangaluru (Dakshina Kannada),3,2025-02-27,2025,2,FIR,Non-Heinous,Crimes Against Property,Robbery,Charge Sheeted,12.99376,74.86727
4505,100180002202604505,Mandya,2,2026-04-14,2026,4,PAR,Heinous,Crimes Against Women,Molestation,Charge Sheeted,12.5707,76.95823
4506,100080002202404506,Ballari,2,2024-06-20,2024,6,FIR,Non-Heinous,Economic Offences,Forgery,Under Investigation,15.12464,76.94682
4507,100010001202604507,Bengaluru City,1,2026-09-15,2026,9,FIR,Heinous,Crimes Against Body,Grievous Hurt,Charge Sheeted,12.94656,77.54563
4508,100050002202504508,Belagavi,2,2025-03-27,2025,3,FIR,Non-Heinous,Crimes Against Property,Theft,Under Investigation,15.77822,74.59584
4509,100110001202604509,Davanagere,1,2026-07-27,2026,7,PAR,Non-Heinous,Crimes Against Body,Murder,Charge Sheeted,14.44118,75.96173
4510,100060003202204510,Kalaburagi,3,2022-09-10,2022,9,FIR,Non-Heinous,Crimes Against Women,Molestation,Undetected,17.29793,76.77344
4511,100040004202604511,Mangaluru (Dakshina Kannada),4,2026-06-05,2026,6,FIR,Non-Heinous,Crimes Against Women,Domestic Violence,Under Investigation,12.98635,74.75544
4512,100090003202604512,Tumakuru,3,2026-10-18,2026,10,FIR,Non-Heinous,Cyber Crime,Phishing,Closed,13.29141,77.17436
4513,700030001202604513,Mysuru,1,2026-02-07,2026,2,Zero FIR,Non-Heinous,Economic Offences,Cheating,Under Investigation,12.27368,76.64623
4514,100220004202404514,Yadgir,4,2024-07-01,2024,7,PAR,Non-Heinous,Economic Offences,Criminal Breach of Trust,Charge Sheeted,16.81479,77.21054
4515,100230003202604515,Chamarajanagar,3,2026-01-03,2026,1,FIR,Non-Heinous,Crimes Against Property,Robbery,Charge Sheeted,11.96927,76.9397
4516,100240003202304516,Kodagu,3,2023-11-07,2023,11,FIR,Heinous,Crimes Against Body,Murder,Charge Sheeted,12.34909,75.70917
4517,100160004202604517,Udupi,4,2026-06-24,2026,6,FIR,Heinous,Crimes Against Body,Attempt to Murder,Closed,13.29282,74.6875
4518,100240002202604518,Kodagu,2,2026-05-04,2026,5,FIR,Non-Heinous,Crimes Against Women,Dowry Harassment,Under Investigation,12.37387,75.81396
4519,100160004202504519,Udupi,4,2025-09-13,2025,9,FIR,Non-Heinous,Crimes Against Women,Molestation,Closed,13.36342,74.85667
4520,100190004202604520,Hassan,4,2026-10-27,2026,10,FIR,Non-Heinous,Crimes Against Property,Burglary,Charge Sheeted,12.97386,76.17605
4521,100020001202604521,Bengaluru Rural,1,2026-05-09,2026,5,FIR,Non-Heinous,Crimes Against Body,Murder,Closed,13.26531,77.52569
4522,100110002202504522,Davanagere,2,2025-03-11,2025,3,PAR,Non-Heinous,Crimes Against Body,Murder,Closed,14.34885,75.92974
4523,100050003202404523,Belagavi,3,2024-04-03,2024,4,FIR,Heinous,Crimes Against Women,Sexual Assault,False Case,15.82815,74.51555
4524,100110004202204524,Davanagere,4,2022-11-08,2022,11,FIR,Non-Heinous,Narcotics,NDPS Possession,Under Investigation,14.47258,75.91609
4525,100120001202204525,Vijayapura,1,2022-11-19,2022,11,PAR,Heinous,Crimes Against Body,Murder,False Case,16.80945,75.73024
4526,100160003202404526,Udupi,3,2024-05-13,2024,5,FIR,Non-Heinous,Economic Offences,Cheating,Closed,13.38795,74.77893
4527,100010001202504527,Bengaluru City,1,2025-11-25,2025,11,FIR,Non-Heinous,Crimes Against Body,Assault,False Case,13.05139,77.39377
4528,100250003202504528,Ramanagara,3,2025-02-10,2025,2,FIR,Non-Heinous,Crimes Against Body,Grievous Hurt,Under Investigation,12.67318,77.27195
4529,100020001202504529,Bengaluru Rural,1,2025-12-22,2025,12,FIR,Heinous,Crimes Against Body,Murder,Charge Sheeted,13.33423,77.47979
4530,100050004202604530,Belagavi,4,2026-08-20,2026,8,FIR,Heinous,Narcotics,NDPS Trafficking,False Case,15.94838,74.49763
4531,100050004202304531,Belagavi,4,2023-01-10,2023,1,FIR,Heinous,Crimes Against Women,Sexual Assault,Closed,15.81214,74.52193
4532,100050001202204532,Belagavi,1,2022-11-25,2022,11,FIR,Non-Heinous,Crimes Against Women,Molestation,Under Investigation,15.89538,74.423
4533,100120003202304533,Vijayapura,3,2023-10-04,2023,10,FIR,Non-Heinous,Crimes Against Body,Grievous Hurt,Charge Sheeted,16.81176,75.67616
4534,100050002202604534,Belagavi,2,2026-03-24,2026,3,FIR,Non-Heinous,Crimes Against Property,Robbery,Undetected,15.80263,74.47947
4535,100040002202504535,Mangaluru (Dakshina Kannada),2,2025-02-16,2025,2,FIR,Heinous,Crimes Against Women,Domestic Violence,Charge Sheeted,12.95485,74.86962
4536,700100002202504536,Shivamogga,2,2025-08-21,2025,8,Zero FIR,Non-Heinous,Crimes Against Women,Domestic Violence,Charge Sheeted,13.96424,75.51952
4537,700130003202504537,Raichur,3,2025-06-25,2025,6,Zero FIR,Heinous,Crimes Against Body,Grievous Hurt,Under Investigation,16.228,77.41459
4538,100110002202404538,Davanagere,2,2024-03-18,2024,3,FIR,Non-Heinous,Narcotics,NDPS Trafficking,Under Investigation,14.51639,75.93492
4539,100230004202604539,Chamarajanagar,4,2026-04-13,2026,4,FIR,Non-Heinous,Crimes Against Property,Dacoity,Under Investigation,11.971,76.95478
4540,100020003202604540,Bengaluru Rural,3,2026-10-12,2026,10,FIR,Non-Heinous,Crimes Against Body,Assault,Charge Sheeted,13.18953,77.52915
4541,100190002202604541,Hassan,2,2026-03-05,2026,3,FIR,Heinous,Narcotics,NDPS Trafficking,Charge Sheeted,12.92454,76.10849
4542,400010001202204542,Bengaluru City,1,2022-09-06,2022,9,UDR,Heinous,Crimes Against Women,Dowry Harassment,Charge Sheeted,12.92668,77.63851
4543,100030003202404543,Mysuru,3,2024-11-18,2024,11,FIR,Non-Heinous,Crimes Against Body,Grievous Hurt,Under Investigation,12.30154,76.66827
4544,100060004202504544,Kalaburagi,4,2025-12-20,2025,12,FIR,Non-Heinous,Crimes Against Women,Dowry Harassment,False Case,17.34906,76.84994
4545,100050002202604545,Belagavi,2,2026-08-07,2026,8,FIR,Non-Heinous,Crimes Against Property,Burglary,Charge Sheeted,15.86051,74.5341
4546,100100001202304546,Shivamogga,1,2023-08-23,2023,8,FIR,Non-Heinous,Economic Offences,Cheating,Under Investigation,13.93738,75.61689
4547,100190004202304547,Hassan,4,2023-08-20,2023,8,FIR,Non-Heinous,Cyber Crime,Cyberstalking,False Case,12.99423,76.11472
4548,100070004202604548,Hubballi-Dharwad,4,2026-06-25,2026,6,FIR,Non-Heinous,Crimes Against Body,Grievous Hurt,Under Investigation,15.32455,75.15157
4549,100030001202504549,Mysuru,1,2025-08-02,2025,8,FIR,Non-Heinous,Crimes Against Body,Murder,Charge Sheeted,12.29644,76.80126
4550,100240002202204550,Kodagu,2,2022-03-05,2022,3,FIR,Heinous,Crimes Against Body,Assault,Closed,12.28541,75.84575
4551,400040002202604551,Mangaluru (Dakshina Kannada),2,2026-03-27,2026,3,UDR,Non-Heinous,Cyber Crime,Phishing,Charge Sheeted,12.97101,74.85428
4552,100060001202504552,Kalaburagi,1,2025-10-19,2025,10,FIR,Non-Heinous,Crimes Against Body,Grievous Hurt,Under Investigation,17.28099,76.86243
4553,100270004202604553,Bagalkot,4,2026-01-10,2026,1,PAR,Non-Heinous,Crimes Against Women,Domestic Violence,Under Investigation,16.14283,75.60937
4554,100290003202604554,Gadag,3,2026-01-02,2026,1,PAR,Non-Heinous,Public Order,Unlawful Assembly,False Case,15.37738,75.66675
4555,100200001202404555,Chitradurga,1,2024-11-17,2024,11,FIR,Non-Heinous,Crimes Against Women,Molestation,Under Investigation,14.20889,76.39033
4556,100050004202304556,Belagavi,4,2023-01-11,2023,1,FIR,Non-Heinous,Crimes Against Property,Dacoity,False Case,15.8608,74.50862
4557,100040004202204557,Mangaluru (Dakshina Kannada),4,2022-08-01,2022,8,FIR,Heinous,Crimes Against Body,Murder,Charge Sheeted,12.90972,74.83722
4558,100020003202604558,Bengaluru Rural,3,2026-03-19,2026,3,FIR,Heinous,Crimes Against Body,Grievous Hurt,Closed,13.32565,77.48639
4559,100030004202304559,Mysuru,4,2023-11-26,2023,11,FIR,Non-Heinous,Crimes Against Women,Dowry Harassment,Charge Sheeted,12.3227,76.56022
4560,400180002202304560,Mandya,2,2023-07-22,2023,7,UDR,Heinous,Crimes Against Body,Assault,Under Investigation,12.41373,76.83173
4561,100010001202404561,Bengaluru City,1,2024-04-09,2024,4,FIR,Non-Heinous,Economic Offences,Cheating,Charge Sheeted,12.92794,77.60882
4562,100270002202204562,Bagalkot,2,2022-07-27,2022,7,FIR,Non-Heinous,Crimes Against Property,Theft,False Case,16.10035,75.61156
4563,400070002202504563,Hubballi-Dharwad,2,2025-07-10,2025,7,UDR,Non-Heinous,Crimes Against Property,Robbery,False Case,15.39108,75.13842
4564,100090004202404564,Tumakuru,4,2024-06-27,2024,6,FIR,Non-Heinous,Economic Offences,Criminal Breach of Trust,Under Investigation,13.25762,77.11236
4565,100140002202504565,Bidar,2,2025-07-11,2025,7,FIR,Non-Heinous,Crimes Against Property,Burglary,Charge Sheeted,17.8725,77.6096
4566,700190003202504566,Hassan,3,2025-11-10,2025,11,Zero FIR,Non-Heinous,Cyber Crime,Online Fraud,Under Investigation,13.00162,76.17397
4567,100010002202204567,Bengaluru City,2,2022-07-12,2022,7,FIR,Non-Heinous,Economic Offences,Forgery,Closed,12.99045,77.66398
4568,100050004202504568,Belagavi,4,2025-10-24,2025,10,FIR,Non-Heinous,Economic Offences,Forgery,Under Investigation,15.91834,74.50568
4569,100050002202404569,Belagavi,2,2024-05-09,2024,5,FIR,Non-Heinous,Crimes Against Body,Murder,Under Investigation,15.83197,74.41747
4570,100190001202204570,Hassan,1,2022-04-26,2022,4,FIR,Non-Heinous,Economic Offences,Cheating,Charge Sheeted,13.01716,76.2032
4571,100210001202204571,Koppal,1,2022-03-06,2022,3,PAR,Non-Heinous,Crimes Against Body,Grievous Hurt,False Case,15.416,76.15611
4572,100050003202504572,Belagavi,3,2025-07-08,2025,7,FIR,Non-Heinous,Narcotics,NDPS Possession,False Case,15.89443,74.46937
4573,100020004202404573,Bengaluru Rural,4,2024-01-09,2024,1,FIR,Heinous,Crimes Against Women,Dowry Harassment,Charge Sheeted,13.30437,77.58853
4574,100170001202204574,Kolar,1,2022-02-09,2022,2,FIR,Non-Heinous,Cyber Crime,Online Fraud,False Case,13.06237,78.02089
4575,100080002202204575,Ballari,2,2022-01-14,2022,1,FIR,Heinous,Crimes Against Body,Assault,Charge Sheeted,15.11538,77.00243
4576,100050004202604576,Belagavi,4,2026-12-19,2026,12,FIR,Non-Heinous,Crimes Against Property,Theft,Under Investigation,15.83861,74.39169
4577,100010004202604577,Bengaluru City,4,2026-03-11,2026,3,FIR,Non-Heinous,Crimes Against Women,Molestation,Under Investigation,12.91193,77.61539
4578,100260001202604578,Chikkaballapur,1,2026-12-02,2026,12,FIR,Non-Heinous,Crimes Against Women,Molestation,Charge Sheeted,13.48913,77.70187
4579,100010004202504579,Bengaluru City,4,2025-05-05,2025,5,FIR,Heinous,Crimes Against Body,Murder,Under Investigation,12.95843,77.55559
4580,100070001202404580,Hubballi-Dharwad,1,2024-08-27,2024,8,FIR,Non-Heinous,Cyber Crime,Identity Theft,Under Investigation,15.25071,75.10094
4581,100160004202504581,Udupi,4,2025-09-12,2025,9,FIR,Heinous,Crimes Against Women,Molestation,Closed,13.38487,74.77294
4582,100090004202404582,Tumakuru,4,2024-10-26,2024,10,FIR,Heinous,Narcotics,NDPS Possession,Charge Sheeted,13.31992,77.05514
4583,100020001202404583,Bengaluru Rural,1,2024-07-04,2024,7,FIR,Non-Heinous,Crimes Against Body,Murder,False Case,13.32592,77.5202
4584,100110002202604584,Davanagere,2,2026-07-16,2026,7,FIR,Non-Heinous,Economic Offences,Forgery,Under Investigation,14.39876,75.92021
4585,100020003202504585,Bengaluru Rural,3,2025-05-27,2025,5,FIR,Non-Heinous,Crimes Against Women,Domestic Violence,Charge Sheeted,13.27128,77.54175
4586,100230004202404586,Chamarajanagar,4,2024-09-27,2024,9,FIR,Non-Heinous,Crimes Against Property,Burglary,Under Investigation,11.92252,76.94248
4587,100140002202504587,Bidar,2,2025-10-22,2025,10,FIR,Non-Heinous,Crimes Against Body,Grievous Hurt,Undetected,17.91935,77.63843
4588,100240001202204588,Kodagu,1,2022-04-14,2022,4,FIR,Non-Heinous,Crimes Against Body,Grievous Hurt,Under Investigation,12.34556,75.69816
4589,100010002202604589,Bengaluru City,2,2026-10-14,2026,10,PAR,Non-Heinous,Crimes Against Property,Burglary,Charge Sheeted,13.01155,77.61768
4590,100030001202404590,Mysuru,1,2024-01-14,2024,1,FIR,Heinous,Crimes Against Women,Domestic Violence,Under Investigation,12.28008,76.64439
4591,100050003202404591,Belagavi,3,2024-07-16,2024,7,FIR,Non-Heinous,Crimes Against Property,Dacoity,Closed,15.94731,74.49001
4592,100130003202604592,Raichur,3,2026-09-08,2026,9,FIR,Heinous,Crimes Against Women,Domestic Violence,False Case,16.30753,77.31592
4593,100030001202504593,Mysuru,1,2025-10-18,2025,10,FIR,Non-Heinous,Cyber Crime,Cyberstalking,Charge Sheeted,12.34307,76.5752
4594,100060001202604594,Kalaburagi,1,2026-08-08,2026,8,PAR,Non-Heinous,Crimes Against Body,Murder,Charge Sheeted,17.23298,76.84036
4595,100110003202404595,Davanagere,3,2024-04-05,2024,4,PAR,Non-Heinous,Economic Offences,Criminal Breach of Trust,Closed,14.47793,75.8472
4596,100070003202204596,Hubballi-Dharwad,3,2022-03-27,2022,3,FIR,Non-Heinous,Crimes Against Property,Burglary,Charge Sheeted,15.40637,75.16278
4597,400030003202204597,Mysuru,3,2022-08-26,2022,8,UDR,Non-Heinous,Crimes Against Property,Dacoity,Charge Sheeted,12.33006,76.67051
4598,100140004202404598,Bidar,4,2024-08-05,2024,8,FIR,Non-Heinous,Cyber Crime,Online Fraud,Under Investigation,17.84368,77.54051
4599,100070004202604599,Hubballi-Dharwad,4,2026-01-01,2026,1,FIR,Non-Heinous,Crimes Against Property,Theft,Under Investigation,15.3882,75.15866
4600,100040004202304600,Mangaluru (Dakshina Kannada),4,2023-07-20,2023,7,FIR,Non-Heinous,Crimes Against Property,Theft,Charge Sheeted,12.76457,74.84489
4601,100010001202604601,Bengaluru City,1,2026-02-11,2026,2,FIR,Non-Heinous,Cyber Crime,Online Fraud,Closed,12.9561,77.56491
4602,100220001202204602,Yadgir,1,2022-09-11,2022,9,FIR,Non-Heinous,Cyber Crime,Identity Theft,Under Investigation,16.7491,77.02793
4603,400110001202504603,Davanagere,1,2025-05-19,2025,5,UDR,Non-Heinous,Crimes Against Property,Robbery,Undetected,14.50084,75.94259
4604,100270001202604604,Bagalkot,1,2026-12-22,2026,12,FIR,Non-Heinous,Crimes Against Property,Robbery,Closed,16.18954,75.67463
4605,100050004202204605,Belagavi,4,2022-06-20,2022,6,FIR,Heinous,Crimes Against Body,Murder,Under Investigation,15.86953,74.56036
4606,100010004202404606,Bengaluru City,4,2024-08-08,2024,8,FIR,Non-Heinous,Crimes Against Women,Sexual Assault,Under Investigation,13.06979,77.6214
4607,100080002202604607,Ballari,2,2026-07-27,2026,7,FIR,Non-Heinous,Crimes Against Body,Attempt to Murder,Closed,15.12726,76.94634
4608,100130001202504608,Raichur,1,2025-04-11,2025,4,FIR,Non-Heinous,Crimes Against Women,Domestic Violence,Charge Sheeted,16.12367,77.27038
4609,100200001202504609,Chitradurga,1,2025-01-15,2025,1,FIR,Non-Heinous,Crimes Against Body,Assault,Charge Sheeted,14.152,76.43415
4610,100040004202304610,Mangaluru (Dakshina Kannada),4,2023-11-21,2023,11,FIR,Non-Heinous,Economic Offences,Forgery,Under Investigation,12.90674,74.75822
4611,100160001202504611,Udupi,1,2025-05-15,2025,5,FIR,Non-Heinous,Crimes Against Body,Attempt to Murder,Under Investigation,13.40708,74.58785
4612,100080002202304612,Ballari,2,2023-09-15,2023,9,FIR,Non-Heinous,Cyber Crime,Identity Theft,Charge Sheeted,15.09802,76.94178
4613,100040003202304613,Mangaluru (Dakshina Kannada),3,2023-06-15,2023,6,FIR,Heinous,Crimes Against Body,Murder,Under Investigation,13.06146,74.8841
4614,100260003202404614,Chikkaballapur,3,2024-12-18,2024,12,FIR,Heinous,Crimes Against Body,Grievous Hurt,Under Investigation,13.51946,77.70628
4615,100260001202404615,Chikkaballapur,1,2024-03-14,2024,3,FIR,Non-Heinous,Crimes Against Property,Theft,Closed,13.37637,77.77232
4616,100120001202604616,Vijayapura,1,2026-01-08,2026,1,FIR,Non-Heinous,Crimes Against Body,Grievous Hurt,Under Investigation,16.8131,75.66585
4617,100190002202404617,Hassan,2,2024-08-20,2024,8,FIR,Non-Heinous,Cyber Crime,Phishing,Charge Sheeted,12.97013,76.16655
4618,100010002202604618,Bengaluru City,2,2026-02-07,2026,2,FIR,Non-Heinous,Economic Offences,Forgery,Charge Sheeted,13.01653,77.70934
4619,100240001202404619,Kodagu,1,2024-01-18,2024,1,FIR,Non-Heinous,Cyber Crime,Online Fraud,Charge Sheeted,12.35023,75.87017
4620,100130003202204620,Raichur,3,2022-06-23,2022,6,FIR,Non-Heinous,Crimes Against Body,Murder,False Case,16.16841,77.40139
4621,100190001202504621,Hassan,1,2025-04-23,2025,4,FIR,Heinous,Crimes Against Women,Molestation,Charge Sheeted,13.06247,76.11325
4622,700140004202504622,Bidar,4,2025-05-27,2025,5,Zero FIR,Non-Heinous,Crimes Against Body,Attempt to Murder,Under Investigation,17.87741,77.58662
4623,100040003202404623,Mangaluru (Dakshina Kannada),3,2024-03-09,2024,3,FIR,Non-Heinous,Economic Offences,Forgery,False Case,12.91142,74.907
4624,100290003202304624,Gadag,3,2023-11-23,2023,11,FIR,Non-Heinous,Crimes Against Body,Grievous Hurt,Closed,15.48823,75.66762
4625,100230001202604625,Chamarajanagar,1,2026-07-18,2026,7,FIR,Non-Heinous,Crimes Against Property,Burglary,False Case,11.96532,76.89064
4626,100020001202304626,Bengaluru Rural,1,2023-12-03,2023,12,FIR,Non-Heinous,Crimes Against Body,Assault,Under Investigation,13.27365,77.55195
4627,100170004202204627,Kolar,4,2022-12-24,2022,12,FIR,Non-Heinous,Narcotics,NDPS Trafficking,Undetected,13.11155,78.12846
4628,100080003202204628,Ballari,3,2022-08-14,2022,8,FIR,Non-Heinous,Economic Offences,Forgery,Closed,15.17543,76.95818
4629,100090003202504629,Tumakuru,3,2025-05-04,2025,5,FIR,Non-Heinous,Crimes Against Women,Molestation,Under Investigation,13.23299,77.12371
4630,100020003202404630,Bengaluru Rural,3,2024-07-02,2024,7,FIR,Heinous,Crimes Against Women,Molestation,Under Investigation,13.2532,77.57727
4631,400070003202604631,Hubballi-Dharwad,3,2026-06-04,2026,6,UDR,Heinous,Crimes Against Women,Molestation,Charge Sheeted,15.31463,75.02303
4632,100050001202604632,Belagavi,1,2026-01-05,2026,1,FIR,Non-Heinous,Crimes Against Body,Assault,Under Investigation,15.86138,74.55971
4633,100130003202604633,Raichur,3,2026-05-06,2026,5,FIR,Heinous,Crimes Against Body,Attempt to Murder,Under Investigation,16.20873,77.36233
4634,100060004202604634,Kalaburagi,4,2026-01-13,2026,1,FIR,Heinous,Crimes Against Women,Domestic Violence,Under Investigation,17.26786,76.82011
4635,100270003202604635,Bagalkot,3,2026-11-26,2026,11,FIR,Non-Heinous,Economic Offences,Cheating,Under Investigation,16.2399,75.50735
4636,700160001202504636,Udupi,1,2025-05-01,2025,5,Zero FIR,Non-Heinous,Cyber Crime,Identity Theft,False Case,13.3576,74.73124
4637,100070003202604637,Hubballi-Dharwad,3,2026-11-09,2026,11,FIR,Non-Heinous,Crimes Against Women,Sexual Assault,Undetected,15.3665,75.13552
4638,700010003202304638,Bengaluru City,3,2023-10-21,2023,10,Zero FIR,Non-Heinous,Public Order,Unlawful Assembly,Closed,12.91572,77.58387
4639,100170003202204639,Kolar,3,2022-07-07,2022,7,FIR,Non-Heinous,Crimes Against Body,Assault,Charge Sheeted,13.07104,78.13334
4640,100060003202504640,Kalaburagi,3,2025-11-07,2025,11,FIR,Heinous,Crimes Against Women,Sexual Assault,Charge Sheeted,17.40297,76.85335
4641,100230004202604641,Chamarajanagar,4,2026-05-20,2026,5,FIR,Non-Heinous,Crimes Against Property,Burglary,Under Investigation,11.93472,76.99893
4642,100130001202504642,Raichur,1,2025-03-25,2025,3,FIR,Non-Heinous,Crimes Against Property,Dacoity,Charge Sheeted,16.31828,77.27476
4643,100190001202604643,Hassan,1,2026-05-01,2026,5,FIR,Non-Heinous,Cyber Crime,Online Fraud,Under Investigation,13.01252,76.01557
4644,100080002202404644,Ballari,2,2024-12-27,2024,12,FIR,Heinous,Crimes Against Women,Sexual Assault,Charge Sheeted,15.09652,76.9366
4645,100040003202404645,Mangaluru (Dakshina Kannada),3,2024-11-19,2024,11,FIR,Non-Heinous,Cyber Crime,Identity Theft,Charge Sheeted,13.02573,74.88832
4646,100110003202604646,Davanagere,3,2026-06-16,2026,6,FIR,Non-Heinous,Crimes Against Property,Theft,False Case,14.47649,75.90009
4647,100230003202504647,Chamarajanagar,3,2025-06-15,2025,6,FIR,Heinous,Crimes Against Women,Domestic Violence,Closed,11.88381,77.04029
4648,100030001202404648,Mysuru,1,2024-04-17,2024,4,FIR,Non-Heinous,Crimes Against Property,Robbery,Closed,12.27392,76.64533
4649,100030001202404649,Mysuru,1,2024-07-23,2024,7,FIR,Heinous,Crimes Against Women,Dowry Harassment,Under Investigation,12.22161,76.58439
4650,100080003202404650,Ballari,3,2024-04-25,2024,4,FIR,Non-Heinous,Economic Offences,Criminal Breach of Trust,Charge Sheeted,15.13416,76.90096
4651,100130001202604651,Raichur,1,2026-10-12,2026,10,FIR,Non-Heinous,Crimes Against Property,Burglary,Charge Sheeted,16.21259,77.40062
4652,100280004202604652,Haveri,4,2026-09-13,2026,9,FIR,Non-Heinous,Crimes Against Women,Sexual Assault,Charge Sheeted,14.6629,75.48666
4653,700090001202404653,Tumakuru,1,2024-08-01,2024,8,Zero FIR,Non-Heinous,Economic Offences,Criminal Breach of Trust,False Case,13.27262,77.05469
4654,400050002202404654,Belagavi,2,2024-04-02,2024,4,UDR,Non-Heinous,Crimes Against Property,Dacoity,Under Investigation,15.86645,74.62669
4655,100150004202304655,Chikkamagaluru,4,2023-06-04,2023,6,FIR,Non-Heinous,Crimes Against Women,Molestation,Closed,13.30474,75.72434
4656,100030002202304656,Mysuru,2,2023-02-11,2023,2,FIR,Non-Heinous,Cyber Crime,Phishing,Charge Sheeted,12.30435,76.6916
4657,100110001202204657,Davanagere,1,2022-12-25,2022,12,FIR,Non-Heinous,Crimes Against Property,Burglary,Undetected,14.44958,75.93565
4658,100230001202404658,Chamarajanagar,1,2024-11-26,2024,11,FIR,Non-Heinous,Economic Offences,Forgery,Under Investigation,11.85529,76.91142
4659,100130004202604659,Raichur,4,2026-05-10,2026,5,FIR,Non-Heinous,Crimes Against Body,Grievous Hurt,Undetected,16.19164,77.26727
4660,100190004202304660,Hassan,4,2023-06-13,2023,6,FIR,Non-Heinous,Crimes Against Body,Assault,Charge Sheeted,13.04392,76.06551
4661,100140004202404661,Bidar,4,2024-04-20,2024,4,FIR,Heinous,Crimes Against Women,Domestic Violence,Under Investigation,17.93718,77.54774
4662,100060004202504662,Kalaburagi,4,2025-04-25,2025,4,FIR,Non-Heinous,Narcotics,NDPS Trafficking,False Case,17.30623,76.89686
4663,100010001202304663,Bengaluru City,1,2023-07-07,2023,7,FIR,Non-Heinous,Cyber Crime,Phishing,Undetected,13.00244,77.55409
4664,100050004202404664,Belagavi,4,2024-12-10,2024,12,FIR,Non-Heinous,Crimes Against Women,Domestic Violence,Closed,15.83693,74.61256
4665,100090001202504665,Tumakuru,1,2025-08-03,2025,8,FIR,Heinous,Crimes Against Body,Attempt to Murder,Charge Sheeted,13.39745,77.05613
4666,100230003202404666,Chamarajanagar,3,2024-01-13,2024,1,FIR,Non-Heinous,Crimes Against Property,Robbery,Charge Sheeted,11.96575,76.9102
4667,100090003202304667,Tumakuru,3,2023-08-08,2023,8,FIR,Heinous,Crimes Against Women,Dowry Harassment,Charge Sheeted,13.43703,77.06903
4668,100040001202604668,Mangaluru (Dakshina Kannada),1,2026-01-08,2026,1,FIR,Non-Heinous,Economic Offences,Cheating,Closed,13.03433,74.85671
4669,100090001202204669,Tumakuru,1,2022-04-08,2022,4,FIR,Non-Heinous,Economic Offences,Criminal Breach of Trust,Undetected,13.36326,77.12158
4670,100020002202604670,Bengaluru Rural,2,2026-09-18,2026,9,FIR,Non-Heinous,Public Order,Rioting,Charge Sheeted,13.34265,77.44486
4671,100090002202404671,Tumakuru,2,2024-06-25,2024,6,FIR,Non-Heinous,Economic Offences,Criminal Breach of Trust,Charge Sheeted,13.24783,77.17368
4672,100140004202204672,Bidar,4,2022-05-27,2022,5,FIR,Heinous,Crimes Against Body,Grievous Hurt,False Case,17.8587,77.58841
4673,100160001202404673,Udupi,1,2024-09-11,2024,9,FIR,Non-Heinous,Crimes Against Property,Burglary,Undetected,13.42794,74.65713
4674,100280004202604674,Haveri,4,2026-11-20,2026,11,FIR,Non-Heinous,Economic Offences,Cheating,Closed,14.85327,75.30882
4675,100290001202204675,Gadag,1,2022-07-26,2022,7,FIR,Heinous,Crimes Against Body,Attempt to Murder,Under Investigation,15.52232,75.58358
4676,100040003202204676,Mangaluru (Dakshina Kannada),3,2022-11-08,2022,11,FIR,Non-Heinous,Crimes Against Property,Robbery,Under Investigation,12.89551,74.79056
4677,100010002202604677,Bengaluru City,2,2026-02-14,2026,2,FIR,Non-Heinous,Economic Offences,Criminal Breach of Trust,Under Investigation,12.98066,77.73135
4678,100050004202304678,Belagavi,4,2023-05-02,2023,5,FIR,Non-Heinous,Crimes Against Body,Assault,Under Investigation,16.04394,74.3465
4679,100050004202504679,Belagavi,4,2025-03-07,2025,3,FIR,Non-Heinous,Crimes Against Property,Burglary,Under Investigation,15.87891,74.50646
4680,100160003202604680,Udupi,3,2026-01-18,2026,1,FIR,Non-Heinous,Crimes Against Property,Dacoity,Under Investigation,13.34349,74.73517
4681,100020003202404681,Bengaluru Rural,3,2024-05-23,2024,5,FIR,Non-Heinous,Crimes Against Women,Domestic Violence,Charge Sheeted,13.2511,77.55387
4682,700110002202204682,Davanagere,2,2022-09-16,2022,9,Zero FIR,Non-Heinous,Cyber Crime,Phishing,Closed,14.46322,76.0389
4683,100050002202204683,Belagavi,2,2022-02-01,2022,2,FIR,Non-Heinous,Cyber Crime,Identity Theft,False Case,15.82211,74.50415
4684,100030002202304684,Mysuru,2,2023-08-04,2023,8,FIR,Non-Heinous,Crimes Against Property,Burglary,Closed,12.29227,76.67472
4685,400110001202204685,Davanagere,1,2022-04-03,2022,4,UDR,Heinous,Crimes Against Women,Sexual Assault,Charge Sheeted,14.35422,75.96176
4686,100300002202404686,Uttara Kannada,2,2024-06-10,2024,6,FIR,Non-Heinous,Crimes Against Women,Sexual Assault,Charge Sheeted,14.7942,74.78766
4687,100080004202204687,Ballari,4,2022-04-14,2022,4,FIR,Non-Heinous,Crimes Against Women,Sexual Assault,Charge Sheeted,15.20559,76.91025
4688,400090004202604688,Tumakuru,4,2026-01-23,2026,1,UDR,Heinous,Crimes Against Women,Domestic Violence,Closed,13.31996,77.09574
4689,100020001202604689,Bengaluru Rural,1,2026-01-17,2026,1,FIR,Non-Heinous,Crimes Against Property,Dacoity,Undetected,13.26357,77.45324
4690,100050004202504690,Belagavi,4,2025-12-20,2025,12,FIR,Non-Heinous,Crimes Against Body,Attempt to Murder,Under Investigation,15.71935,74.42139
4691,700010004202604691,Bengaluru City,4,2026-05-25,2026,5,Zero FIR,Non-Heinous,Crimes Against Women,Domestic Violence,Charge Sheeted,13.04219,77.68251
4692,100030004202304692,Mysuru,4,2023-08-07,2023,8,PAR,Non-Heinous,Crimes Against Property,Theft,False Case,12.3291,76.6027
4693,100060004202604693,Kalaburagi,4,2026-07-26,2026,7,FIR,Non-Heinous,Crimes Against Property,Burglary,Charge Sheeted,17.33927,76.8865
4694,100070002202304694,Hubballi-Dharwad,2,2023-09-01,2023,9,FIR,Non-Heinous,Cyber Crime,Cyberstalking,Under Investigation,15.3373,75.1369
4695,100050001202604695,Belagavi,1,2026-07-10,2026,7,FIR,Non-Heinous,Crimes Against Property,Theft,Closed,15.82074,74.4383
4696,100010001202604696,Bengaluru City,1,2026-12-10,2026,12,FIR,Heinous,Crimes Against Body,Assault,Under Investigation,13.02391,77.62716
4697,100010002202404697,Bengaluru City,2,2024-08-12,2024,8,FIR,Non-Heinous,Crimes Against Body,Assault,Charge Sheeted,12.92526,77.61334
4698,700020001202404698,Bengaluru Rural,1,2024-01-27,2024,1,Zero FIR,Non-Heinous,Public Order,Unlawful Assembly,Closed,13.30463,77.48121
4699,100060003202604699,Kalaburagi,3,2026-07-14,2026,7,PAR,Non-Heinous,Crimes Against Property,Dacoity,Charge Sheeted,17.36941,76.79711
4700,100050001202604700,Belagavi,1,2026-07-12,2026,7,FIR,Non-Heinous,Crimes Against Property,Burglary,False Case,15.73646,74.46925
4701,100040003202504701,Mangaluru (Dakshina Kannada),3,2025-07-12,2025,7,FIR,Heinous,Crimes Against Women,Dowry Harassment,Under Investigation,12.907,74.91443
4702,700120001202604702,Vijayapura,1,2026-07-24,2026,7,Zero FIR,Non-Heinous,Crimes Against Body,Grievous Hurt,Charge Sheeted,16.94733,75.76967
4703,100020003202404703,Bengaluru Rural,3,2024-08-07,2024,8,FIR,Non-Heinous,Crimes Against Property,Theft,Closed,13.15507,77.50552
4704,100300004202304704,Uttara Kannada,4,2023-08-05,2023,8,FIR,Non-Heinous,Crimes Against Property,Burglary,Undetected,14.7592,74.76441
4705,100010002202504705,Bengaluru City,2,2025-05-06,2025,5,FIR,Non-Heinous,Narcotics,NDPS Trafficking,False Case,12.96458,77.65321
4706,100090004202404706,Tumakuru,4,2024-07-25,2024,7,FIR,Non-Heinous,Economic Offences,Criminal Breach of Trust,Charge Sheeted,13.29424,77.11047
4707,100050001202304707,Belagavi,1,2023-04-07,2023,4,FIR,Non-Heinous,Crimes Against Property,Burglary,Charge Sheeted,15.84781,74.49152
4708,100010002202504708,Bengaluru City,2,2025-03-25,2025,3,FIR,Non-Heinous,Crimes Against Property,Robbery,Charge Sheeted,13.03767,77.67321
4709,100140003202404709,Bidar,3,2024-01-27,2024,1,FIR,Non-Heinous,Crimes Against Women,Domestic Violence,Charge Sheeted,18.01204,77.44316
4710,100090002202604710,Tumakuru,2,2026-10-17,2026,10,FIR,Non-Heinous,Crimes Against Property,Dacoity,Closed,13.28693,77.01149
4711,100260004202404711,Chikkaballapur,4,2024-02-18,2024,2,FIR,Non-Heinous,Crimes Against Women,Domestic Violence,False Case,13.45327,77.7786
4712,100040003202304712,Mangaluru (Dakshina Kannada),3,2023-01-10,2023,1,FIR,Non-Heinous,Crimes Against Women,Dowry Harassment,Under Investigation,12.81487,74.80373
4713,100230001202204713,Chamarajanagar,1,2022-08-06,2022,8,FIR,Heinous,Crimes Against Women,Sexual Assault,Under Investigation,11.82152,76.87827
4714,100230003202604714,Chamarajanagar,3,2026-05-08,2026,5,FIR,Non-Heinous,Crimes Against Women,Molestation,Under Investigation,11.88871,76.87201
4715,100020002202204715,Bengaluru Rural,2,2022-03-08,2022,3,PAR,Non-Heinous,Public Order,Unlawful Assembly,Under Investigation,13.20941,77.56634
4716,400070002202204716,Hubballi-Dharwad,2,2022-06-24,2022,6,UDR,Non-Heinous,Crimes Against Women,Sexual Assault,Charge Sheeted,15.31959,75.1849
4717,100130002202404717,Raichur,2,2024-03-20,2024,3,FIR,Non-Heinous,Crimes Against Women,Domestic Violence,Charge Sheeted,16.1837,77.40352
4718,100230004202504718,Chamarajanagar,4,2025-07-08,2025,7,FIR,Non-Heinous,Crimes Against Property,Burglary,Charge Sheeted,11.91076,76.89754
4719,100050001202204719,Belagavi,1,2022-05-25,2022,5,FIR,Non-Heinous,Crimes Against Women,Dowry Harassment,Undetected,15.82013,74.40889
4720,100120004202304720,Vijayapura,4,2023-02-19,2023,2,FIR,Heinous,Crimes Against Body,Attempt to Murder,Charge Sheeted,16.80218,75.75636
4721,100040003202404721,Mangaluru (Dakshina Kannada),3,2024-05-25,2024,5,FIR,Non-Heinous,Crimes Against Property,Burglary,Closed,13.03089,74.89517
4722,100050003202604722,Belagavi,3,2026-06-21,2026,6,FIR,Heinous,Crimes Against Body,Assault,Under Investigation,15.87474,74.46036
4723,100240004202604723,Kodagu,4,2026-07-22,2026,7,FIR,Non-Heinous,Crimes Against Property,Dacoity,Charge Sheeted,12.34925,75.78594
4724,100170004202604724,Kolar,4,2026-12-26,2026,12,FIR,Heinous,Crimes Against Body,Attempt to Murder,Charge Sheeted,13.15025,78.05913
4725,100020003202504725,Bengaluru Rural,3,2025-06-05,2025,6,FIR,Non-Heinous,Crimes Against Property,Robbery,Charge Sheeted,13.30047,77.50443
4726,100010003202504726,Bengaluru City,3,2025-12-13,2025,12,FIR,Non-Heinous,Crimes Against Body,Attempt to Murder,Undetected,12.9447,77.5871
4727,100270001202304727,Bagalkot,1,2023-03-02,2023,3,FIR,Non-Heinous,Crimes Against Women,Domestic Violence,False Case,16.04109,75.74449
4728,100190001202404728,Hassan,1,2024-08-16,2024,8,FIR,Non-Heinous,Economic Offences,Criminal Breach of Trust,False Case,12.96437,76.07083
4729,100120002202504729,Vijayapura,2,2025-01-09,2025,1,FIR,Non-Heinous,Crimes Against Property,Dacoity,Charge Sheeted,16.81191,75.70577
4730,100020001202504730,Bengaluru Rural,1,2025-02-20,2025,2,FIR,Non-Heinous,Economic Offences,Criminal Breach of Trust,Under Investigation,13.22821,77.50424
4731,700060003202604731,Kalaburagi,3,2026-11-08,2026,11,Zero FIR,Non-Heinous,Crimes Against Property,Burglary,False Case,17.29128,76.89343
4732,100240002202404732,Kodagu,2,2024-03-07,2024,3,FIR,Non-Heinous,Public Order,Unlawful Assembly,Undetected,12.43537,75.84161
4733,100030002202604733,Mysuru,2,2026-06-03,2026,6,FIR,Non-Heinous,Crimes Against Property,Burglary,Closed,12.30847,76.59987
4734,100160001202204734,Udupi,1,2022-11-02,2022,11,PAR,Non-Heinous,Crimes Against Property,Burglary,Closed,13.34664,74.61688
4735,100010002202304735,Bengaluru City,2,2023-06-08,2023,6,FIR,Non-Heinous,Economic Offences,Criminal Breach of Trust,Under Investigation,13.00449,77.53696
4736,100110004202504736,Davanagere,4,2025-06-22,2025,6,FIR,Heinous,Narcotics,NDPS Possession,Charge Sheeted,14.44019,75.96248
4737,100040001202404737,Mangaluru (Dakshina Kannada),1,2024-11-27,2024,11,FIR,Non-Heinous,Cyber Crime,Identity Theft,Closed,12.90199,74.97841
4738,400090001202504738,Tumakuru,1,2025-04-10,2025,4,UDR,Non-Heinous,Crimes Against Property,Burglary,Under Investigation,13.36117,77.21376
4739,700220002202404739,Yadgir,2,2024-05-03,2024,5,Zero FIR,Non-Heinous,Economic Offences,Forgery,Under Investigation,16.7868,77.09723
4740,100040004202604740,Mangaluru (Dakshina Kannada),4,2026-09-25,2026,9,FIR,Non-Heinous,Economic Offences,Cheating,Under Investigation,12.87353,74.72721
4741,100020002202204741,Bengaluru Rural,2,2022-09-24,2022,9,FIR,Non-Heinous,Crimes Against Women,Domestic Violence,Closed,13.26011,77.48737
4742,700040003202204742,Mangaluru (Dakshina Kannada),3,2022-12-13,2022,12,Zero FIR,Non-Heinous,Narcotics,NDPS Possession,Under Investigation,12.92244,74.72483
4743,100080001202404743,Ballari,1,2024-07-11,2024,7,FIR,Non-Heinous,Crimes Against Property,Robbery,Under Investigation,15.03426,76.90679
4744,100020001202604744,Bengaluru Rural,1,2026-03-21,2026,3,FIR,Heinous,Crimes Against Women,Dowry Harassment,Charge Sheeted,13.12498,77.46365
4745,100060003202304745,Kalaburagi,3,2023-11-23,2023,11,FIR,Heinous,Crimes Against Body,Attempt to Murder,Charge Sheeted,17.37034,76.83704
4746,100050004202604746,Belagavi,4,2026-11-11,2026,11,FIR,Heinous,Crimes Against Body,Assault,Closed,15.8007,74.42588
4747,100150003202304747,Chikkamagaluru,3,2023-03-26,2023,3,FIR,Non-Heinous,Crimes Against Property,Robbery,Charge Sheeted,13.32585,75.78383
4748,400020003202404748,Bengaluru Rural,3,2024-07-11,2024,7,UDR,Non-Heinous,Crimes Against Body,Grievous Hurt,False Case,13.32229,77.62974
4749,100110003202604749,Davanagere,3,2026-07-27,2026,7,FIR,Non-Heinous,Cyber Crime,Online Fraud,False Case,14.52332,75.93778
4750,100200002202504750,Chitradurga,2,2025-08-21,2025,8,FIR,Non-Heinous,Economic Offences,Cheating,Charge Sheeted,14.31211,76.22277
4751,100010003202604751,Bengaluru City,3,2026-03-23,2026,3,FIR,Non-Heinous,Crimes Against Body,Grievous Hurt,Under Investigation,12.99759,77.59443
4752,100220002202204752,Yadgir,2,2022-08-06,2022,8,FIR,Non-Heinous,Crimes Against Women,Dowry Harassment,Charge Sheeted,16.79418,77.09664
4753,100230003202604753,Chamarajanagar,3,2026-09-16,2026,9,FIR,Heinous,Crimes Against Body,Murder,Charge Sheeted,11.94674,76.96633
4754,100050003202304754,Belagavi,3,2023-01-11,2023,1,FIR,Non-Heinous,Crimes Against Body,Murder,Under Investigation,15.95183,74.47842
4755,100110002202204755,Davanagere,2,2022-07-18,2022,7,FIR,Non-Heinous,Crimes Against Property,Burglary,Closed,14.39513,75.96143
4756,100010003202404756,Bengaluru City,3,2024-01-07,2024,1,PAR,Non-Heinous,Crimes Against Property,Dacoity,Under Investigation,12.8997,77.55009
4757,100030003202604757,Mysuru,3,2026-02-15,2026,2,FIR,Non-Heinous,Crimes Against Body,Grievous Hurt,Undetected,12.25868,76.61476
4758,100130004202504758,Raichur,4,2025-05-17,2025,5,FIR,Heinous,Narcotics,NDPS Possession,Undetected,16.242,77.35356
4759,100070001202604759,Hubballi-Dharwad,1,2026-05-26,2026,5,FIR,Non-Heinous,Crimes Against Property,Dacoity,Under Investigation,15.28391,75.02941
4760,100110001202604760,Davanagere,1,2026-01-08,2026,1,FIR,Non-Heinous,Crimes Against Property,Dacoity,Charge Sheeted,14.57276,75.99197
4761,100020002202504761,Bengaluru Rural,2,2025-09-06,2025,9,FIR,Non-Heinous,Crimes Against Property,Theft,Charge Sheeted,13.26182,77.53278
4762,100050003202604762,Belagavi,3,2026-05-04,2026,5,FIR,Heinous,Crimes Against Body,Attempt to Murder,False Case,15.79454,74.55147
4763,100130001202504763,Raichur,1,2025-02-07,2025,2,FIR,Non-Heinous,Cyber Crime,Phishing,Charge Sheeted,16.18234,77.38848
4764,100160003202404764,Udupi,3,2024-02-27,2024,2,FIR,Non-Heinous,Crimes Against Property,Robbery,Under Investigation,13.27121,74.68975
4765,100280001202604765,Haveri,1,2026-01-07,2026,1,FIR,Non-Heinous,Economic Offences,Cheating,Undetected,14.81881,75.4742
4766,700220004202504766,Yadgir,4,2025-01-18,2025,1,Zero FIR,Non-Heinous,Crimes Against Body,Attempt to Murder,Undetected,16.83611,77.1857
4767,100250004202404767,Ramanagara,4,2024-08-13,2024,8,FIR,Non-Heinous,Crimes Against Property,Dacoity,Charge Sheeted,12.65488,77.24595
4768,100110002202604768,Davanagere,2,2026-03-11,2026,3,FIR,Non-Heinous,Crimes Against Women,Molestation,Charge Sheeted,14.40715,75.97794
4769,100240004202404769,Kodagu,4,2024-05-17,2024,5,FIR,Non-Heinous,Crimes Against Body,Murder,Closed,12.2343,75.80088
4770,100120004202504770,Vijayapura,4,2025-07-07,2025,7,FIR,Non-Heinous,Crimes Against Property,Theft,False Case,16.89293,75.77744
4771,100050002202404771,Belagavi,2,2024-02-05,2024,2,FIR,Non-Heinous,Crimes Against Women,Dowry Harassment,Closed,15.87145,74.53841
4772,100010002202404772,Bengaluru City,2,2024-11-27,2024,11,FIR,Non-Heinous,Crimes Against Property,Burglary,Charge Sheeted,13.02178,77.5879
4773,100020004202604773,Bengaluru Rural,4,2026-11-20,2026,11,FIR,Heinous,Crimes Against Women,Molestation,False Case,13.31282,77.62682
4774,100090001202304774,Tumakuru,1,2023-06-07,2023,6,FIR,Heinous,Crimes Against Body,Attempt to Murder,Under Investigation,13.29905,77.13275
4775,100020003202204775,Bengaluru Rural,3,2022-05-10,2022,5,FIR,Non-Heinous,Economic Offences,Cheating,Charge Sheeted,13.29957,77.59845
4776,100100001202604776,Shivamogga,1,2026-08-15,2026,8,FIR,Non-Heinous,Crimes Against Body,Murder,Under Investigation,13.94069,75.47341
4777,100030001202304777,Mysuru,1,2023-05-15,2023,5,FIR,Non-Heinous,Cyber Crime,Cyberstalking,Undetected,12.37102,76.5485
4778,700250001202404778,Ramanagara,1,2024-05-10,2024,5,Zero FIR,Non-Heinous,Crimes Against Property,Theft,Under Investigation,12.77731,77.29944
4779,100210004202204779,Koppal,4,2022-05-19,2022,5,FIR,Heinous,Crimes Against Body,Attempt to Murder,Closed,15.36193,76.08718
4780,100190002202504780,Hassan,2,2025-03-26,2025,3,FIR,Heinous,Crimes Against Body,Attempt to Murder,Charge Sheeted,13.00936,76.06495
4781,100020001202604781,Bengaluru Rural,1,2026-04-20,2026,4,FIR,Non-Heinous,Crimes Against Property,Dacoity,Under Investigation,13.3042,77.43574
4782,100110001202504782,Davanagere,1,2025-11-05,2025,11,FIR,Non-Heinous,Economic Offences,Cheating,Under Investigation,14.37516,75.92384
4783,100240001202304783,Kodagu,1,2023-05-14,2023,5,FIR,Non-Heinous,Crimes Against Women,Dowry Harassment,Under Investigation,12.41241,75.71194
4784,100040002202204784,Mangaluru (Dakshina Kannada),2,2022-11-02,2022,11,FIR,Heinous,Crimes Against Women,Domestic Violence,Undetected,12.89548,74.88728
4785,100020003202304785,Bengaluru Rural,3,2023-12-27,2023,12,FIR,Heinous,Crimes Against Body,Attempt to Murder,Under Investigation,13.29291,77.61985
4786,100190002202304786,Hassan,2,2023-11-16,2023,11,FIR,Non-Heinous,Crimes Against Property,Theft,Undetected,13.02788,76.13316
4787,100110004202204787,Davanagere,4,2022-11-20,2022,11,FIR,Non-Heinous,Cyber Crime,Phishing,False Case,14.31807,75.97279
4788,100250001202304788,Ramanagara,1,2023-12-26,2023,12,FIR,Heinous,Crimes Against Body,Murder,Charge Sheeted,12.52606,77.29833
4789,100040004202304789,Mangaluru (Dakshina Kannada),4,2023-09-13,2023,9,FIR,Non-Heinous,Crimes Against Property,Dacoity,Charge Sheeted,12.96279,74.81477
4790,100050001202504790,Belagavi,1,2025-12-22,2025,12,FIR,Non-Heinous,Crimes Against Property,Robbery,Charge Sheeted,15.85995,74.50973
4791,100160003202404791,Udupi,3,2024-05-13,2024,5,FIR,Non-Heinous,Crimes Against Body,Assault,False Case,13.38666,74.61185
4792,100030004202304792,Mysuru,4,2023-07-16,2023,7,FIR,Non-Heinous,Crimes Against Property,Dacoity,Closed,12.28635,76.62012
4793,100090002202604793,Tumakuru,2,2026-03-23,2026,3,FIR,Non-Heinous,Crimes Against Women,Domestic Violence,Under Investigation,13.27838,77.06924
4794,400190003202604794,Hassan,3,2026-04-23,2026,4,UDR,Non-Heinous,Cyber Crime,Phishing,Under Investigation,13.08691,76.18806
4795,100060001202604795,Kalaburagi,1,2026-01-10,2026,1,FIR,Non-Heinous,Economic Offences,Forgery,False Case,17.37665,76.88566
4796,100010003202204796,Bengaluru City,3,2022-10-03,2022,10,FIR,Non-Heinous,Crimes Against Women,Dowry Harassment,Under Investigation,12.86702,77.60672
4797,100110004202204797,Davanagere,4,2022-11-10,2022,11,FIR,Heinous,Crimes Against Body,Assault,Under Investigation,14.48455,75.9181
4798,100140003202604798,Bidar,3,2026-12-24,2026,12,FIR,Non-Heinous,Crimes Against Property,Robbery,Under Investigation,17.78554,77.51056
4799,700270002202404799,Bagalkot,2,2024-02-24,2024,2,Zero FIR,Heinous,Crimes Against Women,Sexual Assault,Charge Sheeted,16.05969,75.69806
4800,400170004202304800,Kolar,4,2023-05-27,2023,5,UDR,Heinous,Crimes Against Women,Dowry Harassment,Charge Sheeted,13.17027,78.11936
4801,100080003202604801,Ballari,3,2026-10-05,2026,10,FIR,Non-Heinous,Crimes Against Women,Sexual Assault,False Case,15.12841,76.91956
4802,100010004202404802,Bengaluru City,4,2024-10-09,2024,10,FIR,Non-Heinous,Crimes Against Women,Sexual Assault,Closed,12.94485,77.59762
4803,100220003202304803,Yadgir,3,2023-11-24,2023,11,FIR,Non-Heinous,Crimes Against Property,Theft,Undetected,16.79293,77.27975
4804,100200001202504804,Chitradurga,1,2025-07-01,2025,7,FIR,Heinous,Crimes Against Women,Dowry Harassment,Closed,14.24083,76.39203
4805,100030003202204805,Mysuru,3,2022-03-20,2022,3,FIR,Non-Heinous,Crimes Against Body,Grievous Hurt,Charge Sheeted,12.27346,76.69232
4806,100240004202304806,Kodagu,4,2023-10-10,2023,10,FIR,Heinous,Crimes Against Women,Domestic Violence,Under Investigation,12.34972,75.69323
4807,400290003202404807,Gadag,3,2024-12-25,2024,12,UDR,Non-Heinous,Economic Offences,Criminal Breach of Trust,Charge Sheeted,15.36234,75.63372
4808,100170004202204808,Kolar,4,2022-06-27,2022,6,FIR,Non-Heinous,Crimes Against Body,Attempt to Murder,Charge Sheeted,13.1748,78.11199
4809,100070003202504809,Hubballi-Dharwad,3,2025-05-17,2025,5,FIR,Non-Heinous,Crimes Against Women,Sexual Assault,Closed,15.30673,75.01857
4810,100110001202404810,Davanagere,1,2024-07-16,2024,7,FIR,Heinous,Crimes Against Body,Assault,Charge Sheeted,14.49953,75.80679
4811,100090002202604811,Tumakuru,2,2026-06-11,2026,6,FIR,Non-Heinous,Crimes Against Property,Dacoity,False Case,13.40039,77.117
4812,700070001202404812,Hubballi-Dharwad,1,2024-07-22,2024,7,Zero FIR,Non-Heinous,Crimes Against Property,Burglary,Under Investigation,15.37873,75.05965
4813,400140003202204813,Bidar,3,2022-07-24,2022,7,UDR,Non-Heinous,Crimes Against Body,Grievous Hurt,Under Investigation,17.96916,77.51868
4814,100010001202404814,Bengaluru City,1,2024-07-21,2024,7,FIR,Non-Heinous,Crimes Against Property,Burglary,False Case,13.04338,77.59898
4815,100080002202604815,Ballari,2,2026-07-03,2026,7,FIR,Non-Heinous,Crimes Against Property,Robbery,Closed,15.19722,76.91391
4816,700040004202404816,Mangaluru (Dakshina Kannada),4,2024-09-09,2024,9,Zero FIR,Heinous,Crimes Against Body,Murder,Charge Sheeted,12.85051,74.76192
4817,100050001202404817,Belagavi,1,2024-12-01,2024,12,PAR,Non-Heinous,Crimes Against Body,Grievous Hurt,Under Investigation,15.73761,74.50239
4818,700260004202504818,Chikkaballapur,4,2025-10-19,2025,10,Zero FIR,Heinous,Crimes Against Women,Molestation,Charge Sheeted,13.46583,77.709
4819,100020003202404819,Bengaluru Rural,3,2024-02-08,2024,2,FIR,Non-Heinous,Crimes Against Body,Grievous Hurt,Undetected,13.20153,77.54509
4820,100240004202404820,Kodagu,4,2024-12-08,2024,12,FIR,Non-Heinous,Public Order,Rioting,Charge Sheeted,12.36349,75.81353
4821,100250001202604821,Ramanagara,1,2026-10-13,2026,10,FIR,Non-Heinous,Crimes Against Property,Theft,Undetected,12.78271,77.32572
4822,100080003202504822,Ballari,3,2025-07-25,2025,7,FIR,Non-Heinous,Crimes Against Property,Robbery,Undetected,15.22862,77.00779
4823,100020002202404823,Bengaluru Rural,2,2024-10-18,2024,10,FIR,Non-Heinous,Crimes Against Property,Robbery,Under Investigation,13.18241,77.58492
4824,700190004202604824,Hassan,4,2026-10-15,2026,10,Zero FIR,Non-Heinous,Narcotics,NDPS Trafficking,Closed,13.09066,76.18583
4825,100040001202304825,Mangaluru (Dakshina Kannada),1,2023-10-04,2023,10,FIR,Non-Heinous,Crimes Against Women,Sexual Assault,Closed,12.8239,74.7919
4826,100030002202604826,Mysuru,2,2026-10-16,2026,10,FIR,Non-Heinous,Cyber Crime,Identity Theft,False Case,12.28458,76.71599
4827,100050001202604827,Belagavi,1,2026-12-09,2026,12,FIR,Non-Heinous,Crimes Against Property,Robbery,Closed,15.84681,74.58501
4828,700140003202204828,Bidar,3,2022-01-22,2022,1,Zero FIR,Non-Heinous,Economic Offences,Criminal Breach of Trust,Undetected,17.97885,77.50215
4829,700250003202604829,Ramanagara,3,2026-04-09,2026,4,Zero FIR,Non-Heinous,Crimes Against Body,Assault,Charge Sheeted,12.73718,77.15039
4830,100110003202504830,Davanagere,3,2025-05-02,2025,5,FIR,Non-Heinous,Economic Offences,Forgery,Under Investigation,14.35693,75.92822
4831,400260001202404831,Chikkaballapur,1,2024-05-17,2024,5,UDR,Non-Heinous,Economic Offences,Forgery,Charge Sheeted,13.43588,77.58319
4832,100230002202604832,Chamarajanagar,2,2026-12-08,2026,12,FIR,Non-Heinous,Crimes Against Body,Murder,Under Investigation,11.88314,76.92277
4833,100050001202404833,Belagavi,1,2024-03-09,2024,3,FIR,Non-Heinous,Narcotics,NDPS Possession,Charge Sheeted,15.79086,74.45811
4834,100110004202604834,Davanagere,4,2026-09-13,2026,9,PAR,Non-Heinous,Crimes Against Women,Domestic Violence,Charge Sheeted,14.32558,75.87822
4835,100110003202504835,Davanagere,3,2025-02-11,2025,2,PAR,Heinous,Crimes Against Women,Sexual Assault,Charge Sheeted,14.50755,75.88136
4836,100240004202204836,Kodagu,4,2022-08-14,2022,8,PAR,Non-Heinous,Crimes Against Property,Burglary,Closed,12.30046,75.83455
4837,700020003202504837,Bengaluru Rural,3,2025-07-06,2025,7,Zero FIR,Non-Heinous,Crimes Against Property,Dacoity,Closed,13.33793,77.584
4838,100110003202404838,Davanagere,3,2024-07-21,2024,7,FIR,Non-Heinous,Economic Offences,Forgery,Charge Sheeted,14.43903,76.02138
4839,100010003202604839,Bengaluru City,3,2026-07-04,2026,7,FIR,Non-Heinous,Cyber Crime,Identity Theft,Charge Sheeted,12.98518,77.46665
4840,100030004202304840,Mysuru,4,2023-04-01,2023,4,FIR,Non-Heinous,Cyber Crime,Phishing,Closed,12.25195,76.6979
4841,400040002202404841,Mangaluru (Dakshina Kannada),2,2024-04-23,2024,4,UDR,Heinous,Crimes Against Women,Sexual Assault,Undetected,12.89123,74.92061
4842,700190001202304842,Hassan,1,2023-06-27,2023,6,Zero FIR,Non-Heinous,Crimes Against Property,Dacoity,Undetected,12.9437,75.95872
4843,400070003202604843,Hubballi-Dharwad,3,2026-02-26,2026,2,UDR,Non-Heinous,Economic Offences,Forgery,Undetected,15.33743,75.18369
4844,100250001202504844,Ramanagara,1,2025-03-26,2025,3,FIR,Non-Heinous,Narcotics,NDPS Trafficking,Closed,12.64448,77.35894
4845,100020002202304845,Bengaluru Rural,2,2023-09-18,2023,9,FIR,Non-Heinous,Crimes Against Body,Murder,Closed,13.30454,77.55978
4846,100200003202204846,Chitradurga,3,2022-08-14,2022,8,FIR,Non-Heinous,Crimes Against Property,Dacoity,Charge Sheeted,14.26142,76.4179
4847,100250004202404847,Ramanagara,4,2024-11-23,2024,11,FIR,Non-Heinous,Public Order,Unlawful Assembly,Charge Sheeted,12.66594,77.21683
4848,100130001202504848,Raichur,1,2025-04-17,2025,4,PAR,Non-Heinous,Economic Offences,Forgery,Under Investigation,16.27774,77.37943
4849,100050002202604849,Belagavi,2,2026-05-15,2026,5,FIR,Non-Heinous,Economic Offences,Forgery,Under Investigation,15.79762,74.43416
4850,100110002202604850,Davanagere,2,2026-11-19,2026,11,PAR,Non-Heinous,Cyber Crime,Online Fraud,Closed,14.45518,76.01413
4851,100060003202304851,Kalaburagi,3,2023-07-27,2023,7,FIR,Non-Heinous,Crimes Against Property,Dacoity,Closed,17.36882,76.75743
4852,100040003202404852,Mangaluru (Dakshina Kannada),3,2024-04-07,2024,4,FIR,Heinous,Crimes Against Body,Assault,Charge Sheeted,12.9529,74.80144
4853,100050001202404853,Belagavi,1,2024-03-05,2024,3,FIR,Non-Heinous,Cyber Crime,Online Fraud,Charge Sheeted,15.747,74.44593
4854,100030004202604854,Mysuru,4,2026-07-07,2026,7,FIR,Non-Heinous,Crimes Against Women,Molestation,Charge Sheeted,12.17384,76.61457
4855,100230003202604855,Chamarajanagar,3,2026-10-12,2026,10,FIR,Non-Heinous,Crimes Against Property,Robbery,Charge Sheeted,11.87177,77.00523
4856,100040003202604856,Mangaluru (Dakshina Kannada),3,2026-04-22,2026,4,FIR,Non-Heinous,Cyber Crime,Online Fraud,Under Investigation,12.89786,74.83365
4857,100020003202504857,Bengaluru Rural,3,2025-11-13,2025,11,FIR,Heinous,Crimes Against Women,Domestic Violence,Charge Sheeted,13.18246,77.49659
4858,100170003202604858,Kolar,3,2026-06-15,2026,6,FIR,Non-Heinous,Crimes Against Property,Robbery,Closed,13.12957,78.06418
4859,100020003202304859,Bengaluru Rural,3,2023-09-25,2023,9,FIR,Non-Heinous,Crimes Against Body,Grievous Hurt,Under Investigation,13.25164,77.55031
4860,100290004202304860,Gadag,4,2023-08-18,2023,8,FIR,Non-Heinous,Economic Offences,Forgery,Under Investigation,15.40812,75.68821
4861,100240003202604861,Kodagu,3,2026-10-26,2026,10,FIR,Non-Heinous,Economic Offences,Criminal Breach of Trust,Charge Sheeted,12.38028,75.71966
4862,100090004202604862,Tumakuru,4,2026-08-19,2026,8,FIR,Non-Heinous,Crimes Against Property,Theft,Under Investigation,13.38286,77.14871
4863,100230002202404863,Chamarajanagar,2,2024-09-10,2024,9,FIR,Non-Heinous,Crimes Against Property,Burglary,Under Investigation,12.0155,76.95818
4864,700270004202604864,Bagalkot,4,2026-08-08,2026,8,Zero FIR,Non-Heinous,Cyber Crime,Phishing,Under Investigation,16.19333,75.73718
4865,100110004202604865,Davanagere,4,2026-07-02,2026,7,FIR,Non-Heinous,Economic Offences,Criminal Breach of Trust,Charge Sheeted,14.47936,75.99898
4866,100060002202504866,Kalaburagi,2,2025-11-13,2025,11,FIR,Non-Heinous,Crimes Against Women,Sexual Assault,Closed,17.3103,76.78259
4867,100190002202604867,Hassan,2,2026-04-01,2026,4,FIR,Non-Heinous,Crimes Against Property,Theft,False Case,13.03298,76.16676
4868,100230002202304868,Chamarajanagar,2,2023-02-23,2023,2,FIR,Non-Heinous,Crimes Against Women,Molestation,Closed,11.8521,76.96189
4869,100190001202504869,Hassan,1,2025-07-15,2025,7,FIR,Non-Heinous,Narcotics,NDPS Trafficking,Under Investigation,12.94693,76.15208
4870,100270004202604870,Bagalkot,4,2026-10-06,2026,10,FIR,Heinous,Crimes Against Women,Domestic Violence,Under Investigation,16.1775,75.63381
4871,100010003202304871,Bengaluru City,3,2023-01-03,2023,1,FIR,Non-Heinous,Economic Offences,Cheating,Charge Sheeted,12.96167,77.54285
4872,100020002202404872,Bengaluru Rural,2,2024-03-07,2024,3,PAR,Non-Heinous,Economic Offences,Criminal Breach of Trust,Under Investigation,13.30953,77.52795
4873,100010001202304873,Bengaluru City,1,2023-04-17,2023,4,PAR,Heinous,Crimes Against Women,Domestic Violence,Undetected,12.99118,77.74012
4874,700270001202304874,Bagalkot,1,2023-07-18,2023,7,Zero FIR,Non-Heinous,Crimes Against Body,Murder,Undetected,16.18294,75.69488
4875,400140003202604875,Bidar,3,2026-08-27,2026,8,UDR,Non-Heinous,Cyber Crime,Cyberstalking,Under Investigation,17.9099,77.57529
4876,100090002202504876,Tumakuru,2,2025-01-22,2025,1,FIR,Heinous,Crimes Against Women,Domestic Violence,False Case,13.41128,77.10508
4877,100020003202404877,Bengaluru Rural,3,2024-04-15,2024,4,FIR,Heinous,Crimes Against Body,Murder,Charge Sheeted,13.31213,77.62696
4878,100040004202204878,Mangaluru (Dakshina Kannada),4,2022-10-18,2022,10,PAR,Non-Heinous,Cyber Crime,Identity Theft,Under Investigation,12.85439,74.86433
4879,100010003202504879,Bengaluru City,3,2025-01-26,2025,1,FIR,Non-Heinous,Cyber Crime,Online Fraud,Undetected,12.96566,77.59016
4880,100010001202604880,Bengaluru City,1,2026-12-10,2026,12,FIR,Non-Heinous,Crimes Against Property,Robbery,Charge Sheeted,13.03096,77.50367
4881,100170002202604881,Kolar,2,2026-12-09,2026,12,FIR,Non-Heinous,Crimes Against Property,Theft,Undetected,13.12739,78.13813
4882,100050002202504882,Belagavi,2,2025-07-01,2025,7,FIR,Non-Heinous,Crimes Against Body,Assault,Undetected,15.88305,74.54529
4883,100150003202604883,Chikkamagaluru,3,2026-03-12,2026,3,FIR,Non-Heinous,Crimes Against Body,Attempt to Murder,Under Investigation,13.39284,75.81254
4884,100190003202304884,Hassan,3,2023-05-27,2023,5,FIR,Non-Heinous,Crimes Against Body,Attempt to Murder,Charge Sheeted,13.04579,76.07537
4885,100010001202204885,Bengaluru City,1,2022-07-23,2022,7,FIR,Heinous,Crimes Against Women,Domestic Violence,Charge Sheeted,12.83869,77.57223
4886,400230003202404886,Chamarajanagar,3,2024-08-22,2024,8,UDR,Non-Heinous,Crimes Against Women,Molestation,Under Investigation,11.92851,76.95301
4887,100160003202604887,Udupi,3,2026-06-14,2026,6,FIR,Non-Heinous,Crimes Against Property,Burglary,Charge Sheeted,13.31323,74.75458
4888,100110002202204888,Davanagere,2,2022-02-15,2022,2,FIR,Non-Heinous,Narcotics,NDPS Possession,Under Investigation,14.58013,75.85779
4889,100160002202604889,Udupi,2,2026-06-14,2026,6,FIR,Non-Heinous,Crimes Against Women,Domestic Violence,Under Investigation,13.39624,74.77019
4890,100010001202204890,Bengaluru City,1,2022-03-10,2022,3,PAR,Non-Heinous,Crimes Against Property,Theft,Undetected,12.84794,77.49731
4891,100010003202304891,Bengaluru City,3,2023-07-19,2023,7,FIR,Non-Heinous,Cyber Crime,Identity Theft,Under Investigation,13.06597,77.64009
4892,100040002202604892,Mangaluru (Dakshina Kannada),2,2026-08-16,2026,8,FIR,Non-Heinous,Crimes Against Women,Domestic Violence,Undetected,12.89287,74.96808
4893,100150004202404893,Chikkamagaluru,4,2024-03-10,2024,3,FIR,Non-Heinous,Cyber Crime,Phishing,Under Investigation,13.35547,75.81343
4894,700140001202504894,Bidar,1,2025-08-21,2025,8,Zero FIR,Non-Heinous,Crimes Against Women,Domestic Violence,Under Investigation,17.89857,77.39049
4895,100020003202604895,Bengaluru Rural,3,2026-04-13,2026,4,FIR,Heinous,Crimes Against Body,Assault,Charge Sheeted,13.33998,77.47249
4896,100190002202604896,Hassan,2,2026-07-20,2026,7,FIR,Non-Heinous,Crimes Against Property,Burglary,Under Investigation,13.03663,76.12188
4897,100190002202504897,Hassan,2,2025-03-21,2025,3,PAR,Non-Heinous,Crimes Against Property,Robbery,False Case,12.96685,76.1182
4898,100060004202204898,Kalaburagi,4,2022-04-24,2022,4,FIR,Heinous,Crimes Against Body,Grievous Hurt,Closed,17.28041,76.83534
4899,100250003202304899,Ramanagara,3,2023-07-06,2023,7,FIR,Non-Heinous,Crimes Against Property,Robbery,Under Investigation,12.78547,77.34981
4900,100090004202504900,Tumakuru,4,2025-03-17,2025,3,PAR,Non-Heinous,Crimes Against Body,Grievous Hurt,Closed,13.38177,77.18002
4901,100020001202604901,Bengaluru Rural,1,2026-11-12,2026,11,FIR,Non-Heinous,Economic Offences,Forgery,Under Investigation,13.27315,77.50856
4902,100050003202604902,Belagavi,3,2026-04-25,2026,4,FIR,Non-Heinous,Crimes Against Body,Attempt to Murder,Under Investigation,15.98564,74.50262
4903,100190002202604903,Hassan,2,2026-08-12,2026,8,FIR,Non-Heinous,Crimes Against Women,Molestation,False Case,12.99006,76.13272
4904,100240002202504904,Kodagu,2,2025-03-20,2025,3,FIR,Heinous,Crimes Against Body,Assault,Closed,12.3485,75.83398
4905,100080001202604905,Ballari,1,2026-10-03,2026,10,PAR,Non-Heinous,Crimes Against Property,Dacoity,Under Investigation,15.1365,77.01614
4906,100190003202604906,Hassan,3,2026-07-12,2026,7,FIR,Non-Heinous,Economic Offences,Criminal Breach of Trust,Closed,12.9457,76.06184
4907,100070003202504907,Hubballi-Dharwad,3,2025-10-22,2025,10,FIR,Heinous,Crimes Against Body,Attempt to Murder,Closed,15.25225,75.18201
4908,100160004202604908,Udupi,4,2026-06-12,2026,6,FIR,Non-Heinous,Crimes Against Property,Theft,Under Investigation,13.33548,74.8235
4909,100130001202404909,Raichur,1,2024-01-26,2024,1,FIR,Heinous,Crimes Against Body,Attempt to Murder,Under Investigation,16.22643,77.32908
4910,100030001202204910,Mysuru,1,2022-07-23,2022,7,FIR,Heinous,Crimes Against Body,Assault,False Case,12.2498,76.57729
4911,100130004202304911,Raichur,4,2023-09-21,2023,9,FIR,Non-Heinous,Economic Offences,Cheating,Under Investigation,16.23137,77.39354
4912,100050002202504912,Belagavi,2,2025-01-27,2025,1,FIR,Non-Heinous,Cyber Crime,Cyberstalking,Closed,15.83523,74.46749
4913,100230001202304913,Chamarajanagar,1,2023-09-17,2023,9,FIR,Non-Heinous,Public Order,Unlawful Assembly,Closed,11.83471,76.94348
4914,100050003202604914,Belagavi,3,2026-08-24,2026,8,FIR,Non-Heinous,Public Order,Unlawful Assembly,Under Investigation,15.7955,74.56409
4915,100040001202404915,Mangaluru (Dakshina Kannada),1,2024-05-02,2024,5,FIR,Non-Heinous,Crimes Against Property,Theft,Undetected,12.91283,74.7531
4916,100130004202304916,Raichur,4,2023-02-27,2023,2,PAR,Non-Heinous,Crimes Against Property,Burglary,Charge Sheeted,16.24478,77.45041
4917,100040001202304917,Mangaluru (Dakshina Kannada),1,2023-11-21,2023,11,FIR,Non-Heinous,Crimes Against Property,Burglary,Charge Sheeted,12.87005,74.87275
4918,100230001202604918,Chamarajanagar,1,2026-07-13,2026,7,FIR,Non-Heinous,Crimes Against Property,Burglary,Closed,11.98029,76.88423
4919,100050003202404919,Belagavi,3,2024-02-06,2024,2,FIR,Non-Heinous,Economic Offences,Criminal Breach of Trust,False Case,15.84491,74.57051
4920,100190003202404920,Hassan,3,2024-08-04,2024,8,FIR,Non-Heinous,Cyber Crime,Cyberstalking,Charge Sheeted,12.98602,76.05871
4921,100090002202504921,Tumakuru,2,2025-06-13,2025,6,FIR,Non-Heinous,Crimes Against Property,Dacoity,Closed,13.36543,77.11899
4922,100130002202304922,Raichur,2,2023-12-06,2023,12,FIR,Non-Heinous,Crimes Against Women,Molestation,Closed,16.17722,77.27918
4923,100030002202504923,Mysuru,2,2025-10-03,2025,10,PAR,Non-Heinous,Economic Offences,Criminal Breach of Trust,False Case,12.31728,76.63339
4924,100290004202504924,Gadag,4,2025-10-22,2025,10,FIR,Non-Heinous,Crimes Against Property,Dacoity,Under Investigation,15.36523,75.62013
4925,100140003202504925,Bidar,3,2025-10-12,2025,10,FIR,Non-Heinous,Crimes Against Property,Dacoity,Under Investigation,17.98016,77.42354
4926,100080002202504926,Ballari,2,2025-03-07,2025,3,FIR,Non-Heinous,Crimes Against Women,Dowry Harassment,Undetected,15.08968,77.01748
4927,400080004202404927,Ballari,4,2024-12-01,2024,12,UDR,Non-Heinous,Crimes Against Property,Dacoity,Charge Sheeted,15.10117,76.91155
4928,100010004202504928,Bengaluru City,4,2025-04-18,2025,4,FIR,Non-Heinous,Crimes Against Property,Burglary,Closed,12.91519,77.76051
4929,100040002202504929,Mangaluru (Dakshina Kannada),2,2025-02-06,2025,2,FIR,Heinous,Crimes Against Women,Domestic Violence,Charge Sheeted,12.75202,74.9128
4930,100090004202204930,Tumakuru,4,2022-10-22,2022,10,FIR,Non-Heinous,Crimes Against Property,Theft,False Case,13.31388,77.06769
4931,100230002202404931,Chamarajanagar,2,2024-06-21,2024,6,FIR,Heinous,Crimes Against Women,Sexual Assault,Charge Sheeted,11.9704,76.90956
4932,100220001202404932,Yadgir,1,2024-08-10,2024,8,FIR,Non-Heinous,Crimes Against Property,Robbery,Under Investigation,16.75982,77.10988
4933,100240001202504933,Kodagu,1,2025-08-07,2025,8,FIR,Non-Heinous,Economic Offences,Criminal Breach of Trust,False Case,12.31278,75.83856
4934,700230002202504934,Chamarajanagar,2,2025-02-16,2025,2,Zero FIR,Non-Heinous,Cyber Crime,Identity Theft,Charge Sheeted,12.03616,77.07673
4935,100080002202504935,Ballari,2,2025-08-02,2025,8,FIR,Non-Heinous,Crimes Against Body,Murder,Under Investigation,15.10741,76.92612
4936,100050004202304936,Belagavi,4,2023-05-01,2023,5,PAR,Non-Heinous,Cyber Crime,Phishing,Charge Sheeted,15.69396,74.54747
4937,100160003202504937,Udupi,3,2025-05-14,2025,5,FIR,Non-Heinous,Cyber Crime,Online Fraud,Closed,13.3864,74.78206
4938,100210004202604938,Koppal,4,2026-05-05,2026,5,FIR,Non-Heinous,Crimes Against Body,Murder,Under Investigation,15.32845,76.1636
4939,100270003202404939,Bagalkot,3,2024-12-14,2024,12,FIR,Non-Heinous,Economic Offences,Cheating,Charge Sheeted,16.16209,75.74705
4940,700130003202404940,Raichur,3,2024-03-13,2024,3,Zero FIR,Non-Heinous,Crimes Against Property,Theft,Undetected,16.18999,77.33865
4941,700250004202504941,Ramanagara,4,2025-07-10,2025,7,Zero FIR,Non-Heinous,Crimes Against Women,Dowry Harassment,Under Investigation,12.62222,77.30734
4942,100240002202604942,Kodagu,2,2026-04-19,2026,4,FIR,Non-Heinous,Public Order,Rioting,Under Investigation,12.45483,75.89109
4943,700230001202304943,Chamarajanagar,1,2023-04-25,2023,4,Zero FIR,Non-Heinous,Crimes Against Women,Molestation,Closed,11.93434,76.95134
4944,100070002202504944,Hubballi-Dharwad,2,2025-06-05,2025,6,FIR,Heinous,Crimes Against Women,Domestic Violence,Under Investigation,15.37734,75.13118
4945,100280002202604945,Haveri,2,2026-12-05,2026,12,FIR,Non-Heinous,Crimes Against Property,Burglary,Charge Sheeted,14.8427,75.31437
4946,100260004202604946,Chikkaballapur,4,2026-10-14,2026,10,FIR,Non-Heinous,Economic Offences,Criminal Breach of Trust,Charge Sheeted,13.3225,77.73061
4947,100110002202504947,Davanagere,2,2025-12-15,2025,12,FIR,Non-Heinous,Narcotics,NDPS Possession,Charge Sheeted,14.52555,76.01584
4948,100050001202304948,Belagavi,1,2023-09-19,2023,9,FIR,Heinous,Crimes Against Body,Murder,Under Investigation,15.86714,74.48423
4949,100020003202504949,Bengaluru Rural,3,2025-04-22,2025,4,FIR,Heinous,Crimes Against Body,Attempt to Murder,False Case,13.17999,77.55152
4950,100010004202504950,Bengaluru City,4,2025-10-24,2025,10,FIR,Non-Heinous,Crimes Against Property,Robbery,Closed,13.08018,77.63894
4951,100100004202604951,Shivamogga,4,2026-03-07,2026,3,FIR,Non-Heinous,Economic Offences,Criminal Breach of Trust,Under Investigation,13.93402,75.54259
4952,700170003202204952,Kolar,3,2022-08-05,2022,8,Zero FIR,Heinous,Crimes Against Women,Sexual Assault,Under Investigation,13.13273,78.16685
4953,700280001202504953,Haveri,1,2025-12-06,2025,12,Zero FIR,Non-Heinous,Crimes Against Property,Burglary,Under Investigation,14.75567,75.36265
4954,100050003202504954,Belagavi,3,2025-10-14,2025,10,FIR,Non-Heinous,Crimes Against Property,Theft,Charge Sheeted,15.784,74.50199
4955,100040002202504955,Mangaluru (Dakshina Kannada),2,2025-08-04,2025,8,FIR,Non-Heinous,Cyber Crime,Cyberstalking,Under Investigation,12.88188,74.86806
4956,100170003202604956,Kolar,3,2026-12-09,2026,12,FIR,Non-Heinous,Crimes Against Body,Murder,Closed,13.31408,78.1211
4957,100010004202504957,Bengaluru City,4,2025-02-07,2025,2,FIR,Heinous,Crimes Against Body,Grievous Hurt,False Case,12.97864,77.61546
4958,100010002202304958,Bengaluru City,2,2023-09-07,2023,9,FIR,Non-Heinous,Crimes Against Property,Theft,Under Investigation,13.00207,77.60176
4959,100160004202404959,Udupi,4,2024-07-12,2024,7,FIR,Non-Heinous,Crimes Against Property,Burglary,Undetected,13.39665,74.73654
4960,100090001202504960,Tumakuru,1,2025-08-04,2025,8,FIR,Non-Heinous,Public Order,Unlawful Assembly,Charge Sheeted,13.24689,77.07322
4961,700250002202504961,Ramanagara,2,2025-06-16,2025,6,Zero FIR,Heinous,Narcotics,NDPS Trafficking,Under Investigation,12.65964,77.32771
4962,100030003202404962,Mysuru,3,2024-02-06,2024,2,FIR,Non-Heinous,Cyber Crime,Online Fraud,Closed,12.305,76.68597
4963,100070003202504963,Hubballi-Dharwad,3,2025-08-22,2025,8,FIR,Non-Heinous,Economic Offences,Forgery,Closed,15.36245,75.08754
4964,100190003202604964,Hassan,3,2026-09-15,2026,9,PAR,Non-Heinous,Crimes Against Property,Theft,Under Investigation,13.05961,76.12896
4965,400110004202604965,Davanagere,4,2026-06-19,2026,6,UDR,Non-Heinous,Cyber Crime,Online Fraud,Charge Sheeted,14.48305,75.90643
4966,100140002202204966,Bidar,2,2022-12-03,2022,12,FIR,Non-Heinous,Crimes Against Property,Burglary,False Case,17.87232,77.47013
4967,100020003202604967,Bengaluru Rural,3,2026-07-18,2026,7,FIR,Non-Heinous,Crimes Against Body,Murder,False Case,13.27916,77.56239
4968,100020003202504968,Bengaluru Rural,3,2025-06-09,2025,6,FIR,Non-Heinous,Crimes Against Property,Burglary,Under Investigation,13.37753,77.53809
4969,100090001202604969,Tumakuru,1,2026-05-27,2026,5,FIR,Non-Heinous,Cyber Crime,Identity Theft,Charge Sheeted,13.31711,77.0557
4970,100200001202504970,Chitradurga,1,2025-09-11,2025,9,FIR,Non-Heinous,Crimes Against Body,Grievous Hurt,False Case,14.21884,76.45167
4971,100280001202304971,Haveri,1,2023-01-16,2023,1,PAR,Non-Heinous,Narcotics,NDPS Trafficking,Closed,14.79132,75.39118
4972,100030004202604972,Mysuru,4,2026-09-03,2026,9,FIR,Heinous,Crimes Against Women,Molestation,Charge Sheeted,12.28398,76.63936
4973,100190003202604973,Hassan,3,2026-12-06,2026,12,FIR,Heinous,Crimes Against Body,Grievous Hurt,Under Investigation,12.98816,76.16404
4974,100070001202604974,Hubballi-Dharwad,1,2026-12-15,2026,12,FIR,Heinous,Crimes Against Women,Dowry Harassment,Closed,15.37775,75.10207
4975,100240002202204975,Kodagu,2,2022-06-16,2022,6,FIR,Non-Heinous,Crimes Against Property,Robbery,Undetected,12.30105,75.78044
4976,100130003202604976,Raichur,3,2026-04-25,2026,4,FIR,Non-Heinous,Public Order,Rioting,Charge Sheeted,16.23093,77.28106
4977,100190004202304977,Hassan,4,2023-12-10,2023,12,FIR,Non-Heinous,Crimes Against Property,Burglary,Charge Sheeted,12.99847,76.06556
4978,100020003202204978,Bengaluru Rural,3,2022-12-17,2022,12,FIR,Non-Heinous,Economic Offences,Cheating,False Case,13.34412,77.68339
4979,100040004202604979,Mangaluru (Dakshina Kannada),4,2026-07-18,2026,7,FIR,Heinous,Crimes Against Body,Assault,Under Investigation,12.93219,74.89019
4980,100020003202304980,Bengaluru Rural,3,2023-08-01,2023,8,FIR,Non-Heinous,Crimes Against Property,Dacoity,Charge Sheeted,13.33678,77.56667
4981,700030002202504981,Mysuru,2,2025-03-01,2025,3,Zero FIR,Heinous,Crimes Against Women,Dowry Harassment,Closed,12.34707,76.63304
4982,100010003202304982,Bengaluru City,3,2023-06-12,2023,6,FIR,Non-Heinous,Crimes Against Property,Theft,Under Investigation,12.99372,77.54288
4983,100040001202404983,Mangaluru (Dakshina Kannada),1,2024-01-03,2024,1,FIR,Heinous,Crimes Against Body,Assault,Charge Sheeted,12.88927,74.81881
4984,100110004202604984,Davanagere,4,2026-06-24,2026,6,FIR,Non-Heinous,Cyber Crime,Online Fraud,Under Investigation,14.43843,75.91584
4985,100160001202504985,Udupi,1,2025-11-22,2025,11,FIR,Heinous,Crimes Against Body,Murder,Charge Sheeted,13.23163,74.74781
4986,400190002202304986,Hassan,2,2023-09-08,2023,9,UDR,Non-Heinous,Narcotics,NDPS Possession,Charge Sheeted,12.97576,76.09706
4987,100170004202204987,Kolar,4,2022-03-24,2022,3,FIR,Non-Heinous,Crimes Against Property,Robbery,Charge Sheeted,13.13933,78.10257
4988,100010001202604988,Bengaluru City,1,2026-07-14,2026,7,FIR,Non-Heinous,Crimes Against Property,Burglary,Closed,12.98833,77.51114
4989,100080004202504989,Ballari,4,2025-09-21,2025,9,FIR,Heinous,Crimes Against Body,Attempt to Murder,Under Investigation,15.05514,76.9303
4990,100160002202304990,Udupi,2,2023-09-01,2023,9,FIR,Non-Heinous,Crimes Against Property,Burglary,Under Investigation,13.29753,74.69627
4991,100040003202504991,Mangaluru (Dakshina Kannada),3,2025-09-14,2025,9,FIR,Non-Heinous,Crimes Against Women,Sexual Assault,Under Investigation,12.94057,74.82569
4992,100030003202404992,Mysuru,3,2024-05-24,2024,5,FIR,Non-Heinous,Crimes Against Women,Dowry Harassment,Undetected,12.22799,76.58385
4993,100110001202604993,Davanagere,1,2026-05-13,2026,5,FIR,Non-Heinous,Crimes Against Property,Burglary,Under Investigation,14.49304,75.9344
4994,100220001202504994,Yadgir,1,2025-08-17,2025,8,FIR,Non-Heinous,Crimes Against Property,Dacoity,Charge Sheeted,16.78751,77.09848
4995,100230001202404995,Chamarajanagar,1,2024-01-06,2024,1,FIR,Non-Heinous,Crimes Against Property,Burglary,Undetected,11.92883,76.97935
4996,100190001202604996,Hassan,1,2026-05-08,2026,5,FIR,Non-Heinous,Crimes Against Women,Sexual Assault,Under Investigation,13.01858,76.15765
4997,100050004202604997,Belagavi,4,2026-11-24,2026,11,FIR,Heinous,Crimes Against Body,Assault,Under Investigation,15.93848,74.49979
4998,100050001202604998,Belagavi,1,2026-09-10,2026,9,PAR,Heinous,Crimes Against Body,Grievous Hurt,Closed,15.79127,74.51972
4999,100030001202404999,Mysuru,1,2024-02-27,2024,2,PAR,Non-Heinous,Public Order,Rioting,Closed,12.26884,76.67138
5000,100170002202405000,Kolar,2,2024-03-27,2024,3,FIR,Non-Heinous,Crimes Against Body,Attempt to Murder,Under Investigation,13.12612,78.26328
5001,100190001202505001,Hassan,1,2025-09-01,2025,9,FIR,Non-Heinous,Economic Offences,Criminal Breach of Trust,Under Investigation,12.97425,76.14483
5002,100110004202605002,Davanagere,4,2026-08-18,2026,8,PAR,Non-Heinous,Crimes Against Women,Dowry Harassment,False Case,14.51642,75.96195
5003,100120001202205003,Vijayapura,1,2022-09-06,2022,9,FIR,Heinous,Crimes Against Body,Attempt to Murder,Closed,16.81372,75.70749
5004,100010004202605004,Bengaluru City,4,2026-06-25,2026,6,FIR,Non-Heinous,Crimes Against Body,Assault,Closed,12.90926,77.48618
5005,100010002202205005,Bengaluru City,2,2022-04-19,2022,4,FIR,Non-Heinous,Cyber Crime,Online Fraud,Charge Sheeted,12.88887,77.64316
5006,100050003202505006,Belagavi,3,2025-09-20,2025,9,FIR,Heinous,Crimes Against Body,Assault,Charge Sheeted,15.8111,74.53204
5007,100160003202505007,Udupi,3,2025-05-25,2025,5,FIR,Non-Heinous,Crimes Against Body,Attempt to Murder,Charge Sheeted,13.29204,74.81638
5008,100110002202605008,Davanagere,2,2026-06-10,2026,6,FIR,Non-Heinous,Cyber Crime,Identity Theft,Charge Sheeted,14.45619,75.87688
5009,100110004202505009,Davanagere,4,2025-06-04,2025,6,FIR,Non-Heinous,Crimes Against Property,Burglary,Under Investigation,14.44786,75.82908
5010,100010004202405010,Bengaluru City,4,2024-01-22,2024,1,FIR,Heinous,Narcotics,NDPS Trafficking,Under Investigation,12.95949,77.54871
5011,100050004202305011,Belagavi,4,2023-08-25,2023,8,FIR,Non-Heinous,Crimes Against Property,Dacoity,Closed,15.96266,74.52069
5012,100050003202405012,Belagavi,3,2024-06-03,2024,6,PAR,Non-Heinous,Economic Offences,Criminal Breach of Trust,Charge Sheeted,15.82027,74.39734
5013,100140003202605013,Bidar,3,2026-05-17,2026,5,FIR,Non-Heinous,Cyber Crime,Identity Theft,Closed,17.93547,77.57756
5014,100050003202605014,Belagavi,3,2026-07-15,2026,7,FIR,Heinous,Crimes Against Body,Murder,Undetected,15.75527,74.47953
5015,100110004202605015,Davanagere,4,2026-04-06,2026,4,FIR,Non-Heinous,Public Order,Unlawful Assembly,False Case,14.36012,75.86116
5016,100190003202305016,Hassan,3,2023-04-07,2023,4,FIR,Non-Heinous,Economic Offences,Criminal Breach of Trust,Under Investigation,13.07317,76.11501
5017,100190002202405017,Hassan,2,2024-03-14,2024,3,PAR,Heinous,Crimes Against Women,Dowry Harassment,Under Investigation,12.95309,76.05166
5018,100080001202405018,Ballari,1,2024-07-17,2024,7,FIR,Non-Heinous,Crimes Against Property,Burglary,Under Investigation,15.26147,76.9043
5019,100020002202605019,Bengaluru Rural,2,2026-05-14,2026,5,FIR,Heinous,Crimes Against Women,Molestation,Charge Sheeted,13.27779,77.50106
5020,100220004202505020,Yadgir,4,2025-05-24,2025,5,FIR,Heinous,Crimes Against Body,Attempt to Murder,Closed,16.68183,77.12397
5021,100030001202405021,Mysuru,1,2024-02-09,2024,2,FIR,Non-Heinous,Crimes Against Property,Theft,Closed,12.27688,76.61525
5022,100230001202605022,Chamarajanagar,1,2026-08-01,2026,8,FIR,Non-Heinous,Crimes Against Property,Dacoity,Charge Sheeted,11.94343,76.89945
5023,700230003202405023,Chamarajanagar,3,2024-11-07,2024,11,Zero FIR,Non-Heinous,Crimes Against Body,Attempt to Murder,Closed,11.94621,76.99127
5024,100190001202605024,Hassan,1,2026-01-04,2026,1,FIR,Non-Heinous,Crimes Against Women,Domestic Violence,False Case,13.09858,76.0626
5025,100060002202305025,Kalaburagi,2,2023-04-11,2023,4,FIR,Non-Heinous,Crimes Against Property,Burglary,Under Investigation,17.32258,76.74778
5026,700020002202405026,Bengaluru Rural,2,2024-07-10,2024,7,Zero FIR,Heinous,Crimes Against Body,Murder,Under Investigation,13.19152,77.5842
5027,100130001202405027,Raichur,1,2024-04-09,2024,4,FIR,Non-Heinous,Cyber Crime,Phishing,False Case,16.24998,77.40733
5028,100090003202405028,Tumakuru,3,2024-01-02,2024,1,FIR,Heinous,Crimes Against Body,Attempt to Murder,Charge Sheeted,13.45615,77.08241
5029,100210003202605029,Koppal,3,2026-10-16,2026,10,FIR,Non-Heinous,Crimes Against Property,Theft,False Case,15.32278,76.13376
5030,100270002202605030,Bagalkot,2,2026-03-24,2026,3,PAR,Non-Heinous,Crimes Against Property,Dacoity,False Case,16.14817,75.68137
5031,400080001202605031,Ballari,1,2026-08-21,2026,8,UDR,Non-Heinous,Economic Offences,Cheating,Under Investigation,15.1377,77.00228
5032,100240003202605032,Kodagu,3,2026-02-23,2026,2,FIR,Non-Heinous,Economic Offences,Criminal Breach of Trust,False Case,12.39663,75.78282
5033,700230004202505033,Chamarajanagar,4,2025-05-08,2025,5,Zero FIR,Non-Heinous,Crimes Against Property,Burglary,Undetected,11.92237,76.98844
5034,100190001202505034,Hassan,1,2025-10-16,2025,10,FIR,Non-Heinous,Crimes Against Body,Grievous Hurt,Charge Sheeted,12.94519,76.13119
5035,100090002202205035,Tumakuru,2,2022-02-07,2022,2,FIR,Non-Heinous,Crimes Against Body,Murder,Under Investigation,13.31933,77.05928
5036,100210003202405036,Koppal,3,2024-04-02,2024,4,PAR,Non-Heinous,Cyber Crime,Cyberstalking,False Case,15.32612,76.08266
5037,100050003202405037,Belagavi,3,2024-05-26,2024,5,FIR,Non-Heinous,Crimes Against Property,Burglary,Charge Sheeted,15.88024,74.4214
5038,100180001202505038,Mandya,1,2025-09-05,2025,9,FIR,Non-Heinous,Crimes Against Property,Burglary,Closed,12.52912,76.87745
5039,400230004202305039,Chamarajanagar,4,2023-11-22,2023,11,UDR,Non-Heinous,Crimes Against Property,Robbery,Under Investigation,11.83894,77.01971
5040,100210001202405040,Koppal,1,2024-06-05,2024,6,FIR,Non-Heinous,Economic Offences,Forgery,Under Investigation,15.39342,76.06718
5041,700040003202605041,Mangaluru (Dakshina Kannada),3,2026-03-04,2026,3,Zero FIR,Non-Heinous,Crimes Against Women,Domestic Violence,Under Investigation,13.00012,74.82478
5042,100030003202305042,Mysuru,3,2023-03-13,2023,3,FIR,Heinous,Narcotics,NDPS Trafficking,False Case,12.32851,76.53204
5043,100160001202605043,Udupi,1,2026-07-18,2026,7,FIR,Non-Heinous,Crimes Against Property,Theft,Charge Sheeted,13.33129,74.69062
5044,100020003202305044,Bengaluru Rural,3,2023-06-21,2023,6,FIR,Non-Heinous,Cyber Crime,Cyberstalking,Charge Sheeted,13.20877,77.67393
5045,100090001202305045,Tumakuru,1,2023-01-25,2023,1,FIR,Non-Heinous,Crimes Against Property,Theft,False Case,13.38008,77.13459
5046,100080001202605046,Ballari,1,2026-04-11,2026,4,FIR,Heinous,Crimes Against Women,Sexual Assault,Under Investigation,15.23791,77.00752
5047,100090001202505047,Tumakuru,1,2025-08-13,2025,8,FIR,Non-Heinous,Crimes Against Property,Dacoity,Charge Sheeted,13.19933,76.98905
5048,100190002202205048,Hassan,2,2022-06-23,2022,6,FIR,Non-Heinous,Crimes Against Body,Attempt to Murder,Under Investigation,12.96612,76.0949
5049,100170002202605049,Kolar,2,2026-11-13,2026,11,FIR,Non-Heinous,Crimes Against Body,Murder,Charge Sheeted,13.1683,78.17257
5050,100010003202605050,Bengaluru City,3,2026-09-03,2026,9,FIR,Non-Heinous,Cyber Crime,Cyberstalking,Closed,12.93183,77.6724
5051,700090004202505051,Tumakuru,4,2025-02-17,2025,2,Zero FIR,Heinous,Crimes Against Body,Grievous Hurt,Charge Sheeted,13.28528,77.18725
5052,100180004202405052,Mandya,4,2024-07-24,2024,7,PAR,Heinous,Crimes Against Body,Murder,Charge Sheeted,12.54221,76.92558
5053,100120003202205053,Vijayapura,3,2022-02-26,2022,2,FIR,Non-Heinous,Crimes Against Women,Sexual Assault,False Case,16.86677,75.75332
5054,100190001202405054,Hassan,1,2024-09-15,2024,9,FIR,Non-Heinous,Crimes Against Property,Dacoity,Charge Sheeted,12.95343,76.04226
5055,700100002202305055,Shivamogga,2,2023-06-25,2023,6,Zero FIR,Non-Heinous,Crimes Against Property,Dacoity,Charge Sheeted,13.95403,75.60824
5056,100030003202405056,Mysuru,3,2024-05-22,2024,5,FIR,Non-Heinous,Crimes Against Women,Sexual Assault,Charge Sheeted,12.29487,76.65702
5057,700050001202605057,Belagavi,1,2026-08-10,2026,8,Zero FIR,Non-Heinous,Economic Offences,Forgery,Under Investigation,15.85365,74.58578
5058,100030002202605058,Mysuru,2,2026-07-02,2026,7,FIR,Non-Heinous,Cyber Crime,Phishing,Undetected,12.35327,76.59435
5059,700090001202405059,Tumakuru,1,2024-02-13,2024,2,Zero FIR,Heinous,Crimes Against Body,Attempt to Murder,Charge Sheeted,13.23774,77.20622
5060,100020003202505060,Bengaluru Rural,3,2025-08-09,2025,8,FIR,Non-Heinous,Crimes Against Body,Attempt to Murder,Charge Sheeted,13.27897,77.57418
5061,100050002202305061,Belagavi,2,2023-12-17,2023,12,FIR,Heinous,Narcotics,NDPS Trafficking,Under Investigation,15.95137,74.43907
5062,100130003202505062,Raichur,3,2025-06-05,2025,6,FIR,Non-Heinous,Crimes Against Property,Dacoity,Closed,16.21657,77.49858
5063,100040002202505063,Mangaluru (Dakshina Kannada),2,2025-08-26,2025,8,FIR,Non-Heinous,Economic Offences,Cheating,Undetected,12.87266,74.82462
5064,100070004202605064,Hubballi-Dharwad,4,2026-02-11,2026,2,FIR,Non-Heinous,Crimes Against Body,Attempt to Murder,Charge Sheeted,15.45015,75.19448
5065,100170003202605065,Kolar,3,2026-05-25,2026,5,PAR,Non-Heinous,Crimes Against Property,Dacoity,Undetected,13.21411,78.21579
5066,100280002202605066,Haveri,2,2026-11-11,2026,11,FIR,Heinous,Crimes Against Body,Grievous Hurt,Under Investigation,14.79048,75.40624
5067,100010004202605067,Bengaluru City,4,2026-02-08,2026,2,FIR,Non-Heinous,Crimes Against Property,Theft,Closed,12.93737,77.47153
5068,100020003202505068,Bengaluru Rural,3,2025-04-11,2025,4,FIR,Non-Heinous,Economic Offences,Cheating,Closed,13.3493,77.68567
5069,100070003202605069,Hubballi-Dharwad,3,2026-06-01,2026,6,FIR,Non-Heinous,Crimes Against Property,Robbery,Closed,15.39221,75.03445
5070,100220004202505070,Yadgir,4,2025-01-18,2025,1,FIR,Non-Heinous,Economic Offences,Forgery,Under Investigation,16.74309,77.17589
5071,100030001202605071,Mysuru,1,2026-12-12,2026,12,PAR,Heinous,Crimes Against Body,Murder,Under Investigation,12.31767,76.65635
5072,100280003202605072,Haveri,3,2026-07-08,2026,7,PAR,Non-Heinous,Public Order,Rioting,Undetected,14.94601,75.42631
5073,100110003202305073,Davanagere,3,2023-02-11,2023,2,FIR,Heinous,Narcotics,NDPS Possession,Charge Sheeted,14.53091,76.01625
5074,100020001202305074,Bengaluru Rural,1,2023-01-06,2023,1,FIR,Non-Heinous,Crimes Against Women,Domestic Violence,Under Investigation,13.4287,77.60733
5075,100040003202405075,Mangaluru (Dakshina Kannada),3,2024-12-23,2024,12,FIR,Non-Heinous,Crimes Against Women,Domestic Violence,Under Investigation,12.92091,74.89485
5076,100010001202605076,Bengaluru City,1,2026-04-16,2026,4,PAR,Heinous,Crimes Against Body,Attempt to Murder,False Case,12.95517,77.63291
5077,100040002202305077,Mangaluru (Dakshina Kannada),2,2023-10-15,2023,10,FIR,Non-Heinous,Crimes Against Body,Attempt to Murder,Under Investigation,12.9038,74.999
5078,100060001202305078,Kalaburagi,1,2023-07-07,2023,7,FIR,Non-Heinous,Cyber Crime,Cyberstalking,Charge Sheeted,17.30985,76.81
5079,400110004202205079,Davanagere,4,2022-05-18,2022,5,UDR,Non-Heinous,Crimes Against Property,Dacoity,Charge Sheeted,14.42668,75.9503
5080,100050004202605080,Belagavi,4,2026-08-14,2026,8,FIR,Non-Heinous,Crimes Against Property,Theft,Charge Sheeted,15.79805,74.59772
5081,700100001202505081,Shivamogga,1,2025-04-11,2025,4,Zero FIR,Non-Heinous,Public Order,Rioting,Charge Sheeted,13.89288,75.50674
5082,100030002202305082,Mysuru,2,2023-10-27,2023,10,FIR,Non-Heinous,Crimes Against Women,Molestation,Closed,12.17393,76.63013
5083,100230003202605083,Chamarajanagar,3,2026-09-18,2026,9,FIR,Heinous,Crimes Against Women,Domestic Violence,Under Investigation,12.00515,76.87404
5084,100010003202505084,Bengaluru City,3,2025-04-16,2025,4,FIR,Non-Heinous,Public Order,Rioting,False Case,13.00937,77.5576
5085,100050003202505085,Belagavi,3,2025-07-10,2025,7,FIR,Non-Heinous,Economic Offences,Cheating,Charge Sheeted,15.8874,74.55469
5086,100020004202305086,Bengaluru Rural,4,2023-06-19,2023,6,PAR,Non-Heinous,Economic Offences,Criminal Breach of Trust,Under Investigation,13.27778,77.55388
5087,100230002202305087,Chamarajanagar,2,2023-12-25,2023,12,FIR,Heinous,Crimes Against Women,Molestation,Charge Sheeted,11.8978,76.86042
5088,700270004202505088,Bagalkot,4,2025-10-19,2025,10,Zero FIR,Non-Heinous,Economic Offences,Criminal Breach of Trust,Undetected,16.15514,75.65587
5089,100110004202605089,Davanagere,4,2026-05-23,2026,5,FIR,Non-Heinous,Crimes Against Women,Dowry Harassment,Closed,14.57129,75.89037
5090,100030003202405090,Mysuru,3,2024-12-08,2024,12,FIR,Non-Heinous,Crimes Against Property,Theft,Under Investigation,12.37831,76.67209
5091,100170001202405091,Kolar,1,2024-05-06,2024,5,FIR,Non-Heinous,Cyber Crime,Online Fraud,Closed,13.18743,78.12608
5092,100150002202305092,Chikkamagaluru,2,2023-06-18,2023,6,FIR,Non-Heinous,Cyber Crime,Identity Theft,Charge Sheeted,13.21977,75.82026
5093,100060001202305093,Kalaburagi,1,2023-06-01,2023,6,FIR,Heinous,Crimes Against Women,Sexual Assault,Undetected,17.26958,76.8439
5094,100010003202505094,Bengaluru City,3,2025-01-07,2025,1,FIR,Non-Heinous,Cyber Crime,Online Fraud,Undetected,12.93187,77.61585
5095,100040004202305095,Mangaluru (Dakshina Kannada),4,2023-07-12,2023,7,FIR,Non-Heinous,Cyber Crime,Cyberstalking,Charge Sheeted,12.91728,74.89204
5096,100010002202405096,Bengaluru City,2,2024-12-24,2024,12,FIR,Heinous,Crimes Against Body,Attempt to Murder,Under Investigation,12.90407,77.52832
5097,100050004202305097,Belagavi,4,2023-04-08,2023,4,FIR,Non-Heinous,Crimes Against Property,Burglary,Charge Sheeted,15.9006,74.43447
5098,100050003202305098,Belagavi,3,2023-01-25,2023,1,FIR,Heinous,Crimes Against Women,Domestic Violence,Charge Sheeted,15.91947,74.55862
5099,100280004202505099,Haveri,4,2025-01-25,2025,1,FIR,Non-Heinous,Crimes Against Property,Dacoity,Charge Sheeted,14.77877,75.40064
5100,100010004202205100,Bengaluru City,4,2022-12-06,2022,12,FIR,Non-Heinous,Economic Offences,Forgery,Charge Sheeted,12.97458,77.58815
5101,100150001202505101,Chikkamagaluru,1,2025-09-09,2025,9,PAR,Non-Heinous,Crimes Against Property,Dacoity,Undetected,13.30877,75.82118
5102,400190001202605102,Hassan,1,2026-12-09,2026,12,UDR,Non-Heinous,Cyber Crime,Phishing,Under Investigation,12.96623,76.12932
5103,400080002202505103,Ballari,2,2025-10-21,2025,10,UDR,Non-Heinous,Public Order,Rioting,Closed,15.01864,76.86041
5104,100020004202305104,Bengaluru Rural,4,2023-08-13,2023,8,PAR,Non-Heinous,Economic Offences,Cheating,Under Investigation,13.22914,77.60382
5105,100020003202305105,Bengaluru Rural,3,2023-10-18,2023,10,FIR,Non-Heinous,Crimes Against Property,Dacoity,Under Investigation,13.23541,77.51726
5106,100130001202405106,Raichur,1,2024-12-07,2024,12,FIR,Non-Heinous,Crimes Against Body,Attempt to Murder,Under Investigation,16.22097,77.34637
5107,100020004202505107,Bengaluru Rural,4,2025-12-05,2025,12,FIR,Non-Heinous,Crimes Against Body,Attempt to Murder,False Case,13.21526,77.45825
5108,100230002202405108,Chamarajanagar,2,2024-07-04,2024,7,FIR,Heinous,Crimes Against Women,Sexual Assault,Closed,11.95941,76.98188
5109,100050002202605109,Belagavi,2,2026-10-18,2026,10,FIR,Non-Heinous,Narcotics,NDPS Trafficking,Charge Sheeted,15.77743,74.46198
5110,100030002202405110,Mysuru,2,2024-04-16,2024,4,PAR,Heinous,Crimes Against Body,Attempt to Murder,Closed,12.37469,76.52319
5111,100040004202305111,Mangaluru (Dakshina Kannada),4,2023-10-11,2023,10,FIR,Non-Heinous,Crimes Against Property,Theft,Charge Sheeted,12.94773,74.86381
5112,100140001202605112,Bidar,1,2026-01-11,2026,1,FIR,Non-Heinous,Crimes Against Property,Theft,Charge Sheeted,17.94816,77.49081
5113,400170004202605113,Kolar,4,2026-02-08,2026,2,UDR,Non-Heinous,Crimes Against Property,Burglary,Charge Sheeted,13.02072,77.99723
5114,100120002202505114,Vijayapura,2,2025-03-18,2025,3,PAR,Non-Heinous,Crimes Against Women,Sexual Assault,Under Investigation,16.90396,75.75318
5115,100140004202605115,Bidar,4,2026-07-06,2026,7,FIR,Non-Heinous,Economic Offences,Forgery,Undetected,17.84412,77.53468
5116,100120003202405116,Vijayapura,3,2024-04-20,2024,4,FIR,Non-Heinous,Crimes Against Women,Domestic Violence,Charge Sheeted,16.75765,75.69339
5117,100020003202405117,Bengaluru Rural,3,2024-05-08,2024,5,FIR,Heinous,Crimes Against Body,Assault,Closed,13.2778,77.52423
5118,100280003202505118,Haveri,3,2025-11-13,2025,11,FIR,Heinous,Crimes Against Body,Assault,Closed,14.83251,75.35863
5119,100170004202205119,Kolar,4,2022-09-19,2022,9,FIR,Non-Heinous,Crimes Against Property,Burglary,Under Investigation,13.26336,78.20795
5120,100010001202505120,Bengaluru City,1,2025-07-11,2025,7,FIR,Non-Heinous,Crimes Against Property,Burglary,Closed,13.00767,77.79476
5121,400040003202505121,Mangaluru (Dakshina Kannada),3,2025-04-01,2025,4,UDR,Non-Heinous,Cyber Crime,Online Fraud,Under Investigation,12.85397,74.80208
5122,100090003202505122,Tumakuru,3,2025-09-19,2025,9,FIR,Non-Heinous,Narcotics,NDPS Trafficking,Under Investigation,13.38528,77.05544
5123,100050001202305123,Belagavi,1,2023-02-22,2023,2,FIR,Non-Heinous,Crimes Against Property,Dacoity,Under Investigation,15.93852,74.50208
5124,100090003202605124,Tumakuru,3,2026-05-21,2026,5,FIR,Non-Heinous,Crimes Against Property,Theft,False Case,13.30249,77.08076
5125,100090004202405125,Tumakuru,4,2024-04-05,2024,4,FIR,Non-Heinous,Public Order,Unlawful Assembly,Charge Sheeted,13.34531,77.1118
5126,100170001202605126,Kolar,1,2026-07-04,2026,7,FIR,Non-Heinous,Economic Offences,Criminal Breach of Trust,Charge Sheeted,13.13235,78.04094
5127,100290002202405127,Gadag,2,2024-09-19,2024,9,FIR,Heinous,Crimes Against Body,Assault,Closed,15.45639,75.69634
5128,100010003202405128,Bengaluru City,3,2024-05-26,2024,5,FIR,Non-Heinous,Crimes Against Body,Assault,Under Investigation,13.03861,77.63977
5129,100130004202605129,Raichur,4,2026-11-25,2026,11,FIR,Heinous,Crimes Against Body,Murder,False Case,16.11734,77.29743
5130,100020004202605130,Bengaluru Rural,4,2026-12-13,2026,12,FIR,Non-Heinous,Crimes Against Property,Dacoity,Undetected,13.34718,77.63556
5131,100240001202405131,Kodagu,1,2024-10-12,2024,10,FIR,Non-Heinous,Cyber Crime,Cyberstalking,Under Investigation,12.39778,75.81305
5132,100030003202305132,Mysuru,3,2023-01-10,2023,1,FIR,Non-Heinous,Crimes Against Body,Assault,Charge Sheeted,12.35175,76.57103
5133,100030004202305133,Mysuru,4,2023-04-01,2023,4,FIR,Non-Heinous,Economic Offences,Criminal Breach of Trust,Closed,12.37259,76.69843
5134,100230003202305134,Chamarajanagar,3,2023-07-15,2023,7,FIR,Non-Heinous,Crimes Against Body,Assault,Undetected,11.95344,76.93607
5135,100050003202505135,Belagavi,3,2025-02-10,2025,2,FIR,Non-Heinous,Crimes Against Women,Molestation,Under Investigation,15.84491,74.46657
5136,100130002202605136,Raichur,2,2026-11-24,2026,11,FIR,Non-Heinous,Crimes Against Body,Attempt to Murder,Charge Sheeted,16.1911,77.37814
5137,700010004202405137,Bengaluru City,4,2024-01-05,2024,1,Zero FIR,Non-Heinous,Crimes Against Property,Burglary,Under Investigation,13.0497,77.52501
5138,100110002202305138,Davanagere,2,2023-05-22,2023,5,FIR,Non-Heinous,Crimes Against Property,Theft,Closed,14.4648,75.9438
5139,100030004202505139,Mysuru,4,2025-09-20,2025,9,FIR,Non-Heinous,Crimes Against Property,Dacoity,Closed,12.37179,76.58575
5140,100050001202505140,Belagavi,1,2025-02-18,2025,2,FIR,Non-Heinous,Crimes Against Women,Dowry Harassment,Under Investigation,15.86138,74.57376
5141,100010001202605141,Bengaluru City,1,2026-11-23,2026,11,FIR,Heinous,Crimes Against Women,Domestic Violence,Charge Sheeted,12.88108,77.5843
5142,100110002202405142,Davanagere,2,2024-04-27,2024,4,FIR,Non-Heinous,Crimes Against Women,Domestic Violence,Closed,14.50527,75.88195
5143,100050004202505143,Belagavi,4,2025-07-23,2025,7,FIR,Non-Heinous,Narcotics,NDPS Possession,Charge Sheeted,15.87282,74.5235
5144,100070003202305144,Hubballi-Dharwad,3,2023-03-17,2023,3,PAR,Non-Heinous,Economic Offences,Forgery,Under Investigation,15.28952,75.0203
5145,100050003202405145,Belagavi,3,2024-01-08,2024,1,FIR,Heinous,Crimes Against Body,Assault,Under Investigation,15.89316,74.42571
5146,700060004202605146,Kalaburagi,4,2026-04-13,2026,4,Zero FIR,Non-Heinous,Economic Offences,Forgery,Charge Sheeted,17.29143,76.88281
5147,100020003202605147,Bengaluru Rural,3,2026-05-25,2026,5,FIR,Non-Heinous,Crimes Against Property,Robbery,False Case,13.27705,77.60388
5148,100040004202505148,Mangaluru (Dakshina Kannada),4,2025-11-03,2025,11,FIR,Non-Heinous,Economic Offences,Forgery,Under Investigation,12.97463,74.86627
5149,100030002202305149,Mysuru,2,2023-06-20,2023,6,FIR,Heinous,Crimes Against Women,Dowry Harassment,Closed,12.26786,76.66078
5150,100210003202605150,Koppal,3,2026-06-26,2026,6,FIR,Non-Heinous,Economic Offences,Cheating,Charge Sheeted,15.46033,76.08792
5151,100260002202405151,Chikkaballapur,2,2024-03-27,2024,3,FIR,Non-Heinous,Economic Offences,Forgery,Under Investigation,13.35835,77.73307
5152,100240002202505152,Kodagu,2,2025-06-19,2025,6,FIR,Non-Heinous,Crimes Against Women,Sexual Assault,Closed,12.28212,75.84373
5153,100130003202605153,Raichur,3,2026-06-07,2026,6,PAR,Non-Heinous,Crimes Against Property,Burglary,Under Investigation,16.23503,77.27559
5154,700090003202505154,Tumakuru,3,2025-08-11,2025,8,Zero FIR,Non-Heinous,Crimes Against Body,Attempt to Murder,Charge Sheeted,13.38418,77.1162
5155,700110003202505155,Davanagere,3,2025-01-18,2025,1,Zero FIR,Non-Heinous,Narcotics,NDPS Possession,Under Investigation,14.45915,75.93352
5156,100190002202305156,Hassan,2,2023-11-24,2023,11,FIR,Non-Heinous,Economic Offences,Criminal Breach of Trust,Closed,13.02025,76.12922
5157,700010001202605157,Bengaluru City,1,2026-07-02,2026,7,Zero FIR,Non-Heinous,Crimes Against Women,Domestic Violence,Charge Sheeted,13.02276,77.55829
5158,100050002202505158,Belagavi,2,2025-09-09,2025,9,FIR,Non-Heinous,Public Order,Unlawful Assembly,Under Investigation,15.96371,74.48823
5159,100020003202305159,Bengaluru Rural,3,2023-02-08,2023,2,FIR,Non-Heinous,Crimes Against Property,Burglary,Charge Sheeted,13.26733,77.57772
5160,100030002202405160,Mysuru,2,2024-08-26,2024,8,FIR,Heinous,Crimes Against Women,Molestation,Under Investigation,12.24021,76.63798
5161,100190003202405161,Hassan,3,2024-08-24,2024,8,FIR,Heinous,Crimes Against Women,Domestic Violence,Under Investigation,12.97726,76.05637
5162,100070001202605162,Hubballi-Dharwad,1,2026-04-23,2026,4,FIR,Non-Heinous,Economic Offences,Criminal Breach of Trust,Charge Sheeted,15.42195,75.13666
5163,700040001202205163,Mangaluru (Dakshina Kannada),1,2022-03-17,2022,3,Zero FIR,Heinous,Crimes Against Body,Murder,Closed,12.97118,74.8929
5164,100160001202505164,Udupi,1,2025-09-01,2025,9,FIR,Non-Heinous,Crimes Against Property,Robbery,Charge Sheeted,13.32807,74.70052
5165,100170003202205165,Kolar,3,2022-06-21,2022,6,FIR,Non-Heinous,Crimes Against Property,Theft,Closed,13.18719,78.12592
5166,100020002202305166,Bengaluru Rural,2,2023-09-11,2023,9,FIR,Non-Heinous,Crimes Against Body,Murder,Charge Sheeted,13.24684,77.60901
5167,100100003202605167,Shivamogga,3,2026-07-16,2026,7,FIR,Non-Heinous,Crimes Against Body,Assault,Under Investigation,13.98713,75.56563
5168,100220002202505168,Yadgir,2,2025-09-12,2025,9,FIR,Non-Heinous,Crimes Against Women,Sexual Assault,False Case,16.76583,77.14699
5169,100070002202605169,Hubballi-Dharwad,2,2026-03-24,2026,3,FIR,Non-Heinous,Crimes Against Property,Robbery,Under Investigation,15.44197,75.08664
5170,400250004202405170,Ramanagara,4,2024-05-22,2024,5,UDR,Non-Heinous,Public Order,Rioting,Under Investigation,12.65973,77.30824
5171,100050001202205171,Belagavi,1,2022-07-15,2022,7,FIR,Non-Heinous,Cyber Crime,Online Fraud,Under Investigation,15.77362,74.45601
5172,100160001202305172,Udupi,1,2023-06-24,2023,6,FIR,Non-Heinous,Crimes Against Body,Grievous Hurt,Under Investigation,13.39814,74.91354
5173,100100004202505173,Shivamogga,4,2025-05-19,2025,5,FIR,Non-Heinous,Crimes Against Body,Assault,False Case,13.88072,75.57272
5174,100230002202205174,Chamarajanagar,2,2022-12-18,2022,12,FIR,Non-Heinous,Crimes Against Body,Attempt to Murder,Closed,11.83257,76.87695
5175,100070004202205175,Hubballi-Dharwad,4,2022-09-11,2022,9,FIR,Heinous,Crimes Against Women,Domestic Violence,Charge Sheeted,15.28786,75.29999
5176,700010002202405176,Bengaluru City,2,2024-05-08,2024,5,Zero FIR,Non-Heinous,Crimes Against Women,Dowry Harassment,Closed,13.01193,77.49676
5177,100230003202605177,Chamarajanagar,3,2026-10-09,2026,10,FIR,Non-Heinous,Crimes Against Property,Burglary,Closed,11.95568,77.02576
5178,100190002202605178,Hassan,2,2026-11-22,2026,11,FIR,Non-Heinous,Economic Offences,Forgery,Undetected,13.00561,76.15678
5179,100120003202605179,Vijayapura,3,2026-05-20,2026,5,PAR,Non-Heinous,Narcotics,NDPS Possession,Under Investigation,16.85916,75.71034
5180,100110003202605180,Davanagere,3,2026-03-21,2026,3,FIR,Non-Heinous,Economic Offences,Cheating,Under Investigation,14.35677,75.88682
5181,100130003202405181,Raichur,3,2024-03-07,2024,3,FIR,Non-Heinous,Narcotics,NDPS Trafficking,Charge Sheeted,16.17073,77.25503
5182,100020001202505182,Bengaluru Rural,1,2025-07-01,2025,7,FIR,Non-Heinous,Cyber Crime,Online Fraud,Charge Sheeted,13.20709,77.50757
5183,100150001202205183,Chikkamagaluru,1,2022-06-05,2022,6,FIR,Heinous,Narcotics,NDPS Trafficking,Charge Sheeted,13.29562,75.76172
5184,100030002202505184,Mysuru,2,2025-01-27,2025,1,FIR,Non-Heinous,Cyber Crime,Cyberstalking,Closed,12.35791,76.68895
5185,100180002202405185,Mandya,2,2024-05-19,2024,5,FIR,Non-Heinous,Economic Offences,Cheating,False Case,12.51263,76.978
5186,100210004202205186,Koppal,4,2022-11-27,2022,11,PAR,Non-Heinous,Crimes Against Property,Theft,Closed,15.2882,76.16904
5187,100050003202205187,Belagavi,3,2022-08-09,2022,8,FIR,Non-Heinous,Crimes Against Body,Murder,Charge Sheeted,15.83784,74.44847
5188,100250001202305188,Ramanagara,1,2023-02-03,2023,2,FIR,Non-Heinous,Crimes Against Women,Domestic Violence,Closed,12.7404,77.31395
5189,100040001202405189,Mangaluru (Dakshina Kannada),1,2024-05-18,2024,5,FIR,Non-Heinous,Economic Offences,Forgery,Closed,12.95299,74.88299
5190,100090002202605190,Tumakuru,2,2026-06-25,2026,6,FIR,Non-Heinous,Crimes Against Property,Dacoity,Closed,13.3796,77.17341
5191,100090001202305191,Tumakuru,1,2023-08-27,2023,8,PAR,Heinous,Crimes Against Women,Domestic Violence,Closed,13.30795,76.97632
5192,100050004202505192,Belagavi,4,2025-02-26,2025,2,FIR,Non-Heinous,Crimes Against Property,Dacoity,Under Investigation,15.89538,74.56801
5193,100160002202605193,Udupi,2,2026-12-07,2026,12,FIR,Non-Heinous,Cyber Crime,Online Fraud,Undetected,13.21779,74.81411
5194,100130002202505194,Raichur,2,2025-01-11,2025,1,FIR,Non-Heinous,Crimes Against Property,Robbery,Closed,16.19776,77.37588
5195,100010004202505195,Bengaluru City,4,2025-03-10,2025,3,PAR,Non-Heinous,Crimes Against Property,Theft,Under Investigation,13.00379,77.46919
5196,400090004202605196,Tumakuru,4,2026-08-05,2026,8,UDR,Heinous,Crimes Against Women,Domestic Violence,Closed,13.44286,77.14392
5197,100090002202205197,Tumakuru,2,2022-07-21,2022,7,FIR,Heinous,Crimes Against Women,Sexual Assault,Under Investigation,13.38704,77.02167
5198,100050003202605198,Belagavi,3,2026-07-05,2026,7,FIR,Non-Heinous,Economic Offences,Forgery,Closed,15.84998,74.48312
5199,100050002202405199,Belagavi,2,2024-02-23,2024,2,FIR,Non-Heinous,Crimes Against Property,Theft,Under Investigation,15.92988,74.52763
5200,100030002202305200,Mysuru,2,2023-04-27,2023,4,FIR,Non-Heinous,Economic Offences,Cheating,False Case,12.34857,76.65774
5201,100110003202505201,Davanagere,3,2025-06-13,2025,6,FIR,Non-Heinous,Crimes Against Body,Attempt to Murder,Closed,14.54181,75.84924
5202,100240001202505202,Kodagu,1,2025-11-16,2025,11,FIR,Heinous,Crimes Against Women,Dowry Harassment,Under Investigation,12.24309,75.74621
5203,100110004202205203,Davanagere,4,2022-04-19,2022,4,FIR,Heinous,Crimes Against Women,Molestation,Closed,14.41807,76.01062
5204,100110003202205204,Davanagere,3,2022-12-11,2022,12,PAR,Non-Heinous,Crimes Against Women,Molestation,False Case,14.55246,75.97159
5205,100060003202505205,Kalaburagi,3,2025-08-12,2025,8,FIR,Non-Heinous,Crimes Against Women,Dowry Harassment,Closed,17.38817,76.83812
5206,100210001202505206,Koppal,1,2025-01-23,2025,1,FIR,Non-Heinous,Crimes Against Property,Robbery,Under Investigation,15.27859,76.2011
5207,100020001202605207,Bengaluru Rural,1,2026-09-27,2026,9,FIR,Heinous,Crimes Against Women,Sexual Assault,Under Investigation,13.33348,77.61043
5208,100140001202505208,Bidar,1,2025-07-06,2025,7,FIR,Heinous,Crimes Against Body,Grievous Hurt,Under Investigation,18.01899,77.54
5209,100230003202505209,Chamarajanagar,3,2025-12-22,2025,12,FIR,Non-Heinous,Crimes Against Property,Burglary,Under Investigation,11.90279,76.97451
5210,100030001202505210,Mysuru,1,2025-07-26,2025,7,FIR,Non-Heinous,Economic Offences,Criminal Breach of Trust,False Case,12.26803,76.62963
5211,700100002202305211,Shivamogga,2,2023-11-18,2023,11,Zero FIR,Non-Heinous,Cyber Crime,Cyberstalking,Charge Sheeted,13.90314,75.6009
5212,700070001202205212,Hubballi-Dharwad,1,2022-08-21,2022,8,Zero FIR,Heinous,Crimes Against Women,Molestation,Under Investigation,15.37805,75.2535
5213,100090004202405213,Tumakuru,4,2024-07-11,2024,7,FIR,Heinous,Crimes Against Body,Attempt to Murder,Under Investigation,13.33461,77.05625
5214,100240004202505214,Kodagu,4,2025-01-09,2025,1,FIR,Non-Heinous,Crimes Against Body,Grievous Hurt,Undetected,12.29219,75.79078
5215,100020001202205215,Bengaluru Rural,1,2022-07-02,2022,7,FIR,Non-Heinous,Crimes Against Women,Dowry Harassment,Charge Sheeted,13.31205,77.48086
5216,400050003202605216,Belagavi,3,2026-08-09,2026,8,UDR,Non-Heinous,Crimes Against Body,Murder,Under Investigation,15.75097,74.51296
5217,100050004202405217,Belagavi,4,2024-02-10,2024,2,FIR,Heinous,Crimes Against Body,Grievous Hurt,Under Investigation,15.81065,74.54052
5218,100030004202305218,Mysuru,4,2023-06-13,2023,6,FIR,Non-Heinous,Cyber Crime,Identity Theft,Charge Sheeted,12.31082,76.67336
5219,100270004202305219,Bagalkot,4,2023-10-11,2023,10,FIR,Non-Heinous,Public Order,Rioting,Closed,16.17248,75.65745
5220,100050004202605220,Belagavi,4,2026-10-03,2026,10,FIR,Non-Heinous,Crimes Against Body,Attempt to Murder,Closed,15.93086,74.45746
5221,100090002202605221,Tumakuru,2,2026-12-17,2026,12,FIR,Heinous,Crimes Against Body,Grievous Hurt,Charge Sheeted,13.46522,77.04941
5222,100140004202505222,Bidar,4,2025-07-15,2025,7,FIR,Non-Heinous,Crimes Against Property,Theft,Charge Sheeted,17.87011,77.42114
5223,100070002202505223,Hubballi-Dharwad,2,2025-02-20,2025,2,FIR,Non-Heinous,Crimes Against Property,Theft,Under Investigation,15.34298,75.08177
5224,100230001202505224,Chamarajanagar,1,2025-06-24,2025,6,FIR,Non-Heinous,Cyber Crime,Cyberstalking,Closed,11.88545,77.11992
5225,100090003202305225,Tumakuru,3,2023-12-13,2023,12,FIR,Non-Heinous,Crimes Against Body,Grievous Hurt,Charge Sheeted,13.33391,76.93976
5226,100190002202205226,Hassan,2,2022-07-08,2022,7,FIR,Heinous,Crimes Against Women,Molestation,Under Investigation,12.99532,76.15508
5227,100050004202405227,Belagavi,4,2024-10-20,2024,10,FIR,Non-Heinous,Crimes Against Property,Robbery,Under Investigation,15.82559,74.56293
5228,700020001202305228,Bengaluru Rural,1,2023-02-03,2023,2,Zero FIR,Non-Heinous,Crimes Against Body,Assault,Under Investigation,13.3101,77.61516
5229,700070001202605229,Hubballi-Dharwad,1,2026-09-04,2026,9,Zero FIR,Heinous,Crimes Against Women,Dowry Harassment,Under Investigation,15.314,75.13895
5230,100050002202505230,Belagavi,2,2025-11-04,2025,11,FIR,Non-Heinous,Crimes Against Women,Dowry Harassment,Under Investigation,15.84682,74.53577
5231,100050004202405231,Belagavi,4,2024-03-19,2024,3,FIR,Non-Heinous,Crimes Against Property,Burglary,False Case,15.8147,74.49108
5232,100040003202605232,Mangaluru (Dakshina Kannada),3,2026-04-04,2026,4,FIR,Heinous,Crimes Against Body,Grievous Hurt,Undetected,12.90868,74.78275
5233,100040003202305233,Mangaluru (Dakshina Kannada),3,2023-07-10,2023,7,FIR,Non-Heinous,Crimes Against Property,Robbery,Charge Sheeted,12.87793,74.82877
5234,100040001202605234,Mangaluru (Dakshina Kannada),1,2026-12-24,2026,12,FIR,Heinous,Crimes Against Body,Grievous Hurt,False Case,12.89959,74.88553
5235,100030001202205235,Mysuru,1,2022-05-22,2022,5,PAR,Heinous,Crimes Against Body,Murder,Under Investigation,12.27779,76.64213
5236,100040001202405236,Mangaluru (Dakshina Kannada),1,2024-05-08,2024,5,FIR,Non-Heinous,Crimes Against Property,Burglary,False Case,12.93126,74.93458
5237,100040001202405237,Mangaluru (Dakshina Kannada),1,2024-11-17,2024,11,PAR,Non-Heinous,Crimes Against Property,Burglary,Under Investigation,12.91883,74.82942
5238,100230004202505238,Chamarajanagar,4,2025-12-06,2025,12,FIR,Non-Heinous,Crimes Against Property,Theft,False Case,11.91355,76.92727
5239,100050002202505239,Belagavi,2,2025-02-16,2025,2,PAR,Non-Heinous,Crimes Against Women,Sexual Assault,Under Investigation,15.7234,74.48784
5240,100140004202205240,Bidar,4,2022-11-01,2022,11,FIR,Non-Heinous,Economic Offences,Cheating,Closed,18.06363,77.57166
5241,100190001202605241,Hassan,1,2026-11-02,2026,11,FIR,Non-Heinous,Crimes Against Property,Theft,False Case,12.94863,76.10567
5242,100230001202505242,Chamarajanagar,1,2025-06-22,2025,6,FIR,Non-Heinous,Crimes Against Property,Dacoity,Charge Sheeted,11.83725,76.9843
5243,100110001202205243,Davanagere,1,2022-11-19,2022,11,FIR,Heinous,Crimes Against Women,Dowry Harassment,Undetected,14.57141,75.96751
5244,100180004202605244,Mandya,4,2026-09-13,2026,9,FIR,Non-Heinous,Crimes Against Property,Robbery,False Case,12.51689,76.89501
5245,100110003202605245,Davanagere,3,2026-07-06,2026,7,FIR,Non-Heinous,Economic Offences,Criminal Breach of Trust,Charge Sheeted,14.48935,75.87012
5246,400040003202205246,Mangaluru (Dakshina Kannada),3,2022-03-23,2022,3,UDR,Non-Heinous,Crimes Against Body,Assault,Charge Sheeted,12.91455,74.86597
5247,100080003202505247,Ballari,3,2025-07-25,2025,7,FIR,Non-Heinous,Crimes Against Property,Theft,Closed,15.24857,77.00338
5248,100130001202405248,Raichur,1,2024-01-22,2024,1,PAR,Non-Heinous,Crimes Against Body,Attempt to Murder,Under Investigation,16.15412,77.29141
5249,100260001202505249,Chikkaballapur,1,2025-12-04,2025,12,FIR,Non-Heinous,Crimes Against Women,Sexual Assault,Under Investigation,13.41209,77.63823
5250,100090003202605250,Tumakuru,3,2026-07-11,2026,7,FIR,Heinous,Crimes Against Women,Sexual Assault,Undetected,13.40109,77.06118
5251,100090002202605251,Tumakuru,2,2026-05-07,2026,5,FIR,Non-Heinous,Crimes Against Property,Robbery,Under Investigation,13.31704,77.10188
5252,100240003202405252,Kodagu,3,2024-07-24,2024,7,FIR,Non-Heinous,Crimes Against Body,Murder,Closed,12.34042,75.82667
5253,100230004202205253,Chamarajanagar,4,2022-09-13,2022,9,FIR,Non-Heinous,Crimes Against Property,Burglary,Undetected,11.86196,76.96648
5254,100040001202405254,Mangaluru (Dakshina Kannada),1,2024-03-03,2024,3,PAR,Heinous,Crimes Against Body,Murder,Charge Sheeted,12.82053,74.7754
5255,100110004202405255,Davanagere,4,2024-12-16,2024,12,FIR,Non-Heinous,Crimes Against Property,Robbery,Closed,14.47994,75.8961
5256,100230003202405256,Chamarajanagar,3,2024-11-21,2024,11,FIR,Non-Heinous,Cyber Crime,Phishing,Under Investigation,12.16631,76.99376
5257,100040003202205257,Mangaluru (Dakshina Kannada),3,2022-10-07,2022,10,FIR,Non-Heinous,Crimes Against Property,Dacoity,Charge Sheeted,12.93279,74.88036
5258,100030003202605258,Mysuru,3,2026-02-09,2026,2,FIR,Non-Heinous,Crimes Against Property,Dacoity,Under Investigation,12.31332,76.63311
5259,100240001202505259,Kodagu,1,2025-06-19,2025,6,FIR,Non-Heinous,Crimes Against Women,Molestation,Charge Sheeted,12.39637,75.77909
5260,400240001202205260,Kodagu,1,2022-10-24,2022,10,UDR,Non-Heinous,Cyber Crime,Online Fraud,Undetected,12.3098,75.8631
5261,100050001202305261,Belagavi,1,2023-03-18,2023,3,FIR,Non-Heinous,Crimes Against Women,Dowry Harassment,Closed,15.84091,74.5338
5262,100110004202605262,Davanagere,4,2026-12-12,2026,12,FIR,Non-Heinous,Crimes Against Property,Robbery,Under Investigation,14.48529,76.03744
5263,100240001202605263,Kodagu,1,2026-11-12,2026,11,FIR,Non-Heinous,Cyber Crime,Identity Theft,Under Investigation,12.37071,75.66177
5264,100100004202305264,Shivamogga,4,2023-05-19,2023,5,FIR,Non-Heinous,Crimes Against Property,Robbery,Closed,13.92674,75.58415
5265,100050001202605265,Belagavi,1,2026-02-15,2026,2,FIR,Non-Heinous,Cyber Crime,Online Fraud,Closed,16.01829,74.46903
5266,100050003202205266,Belagavi,3,2022-08-07,2022,8,FIR,Non-Heinous,Crimes Against Property,Robbery,Under Investigation,15.78512,74.50256
5267,100170001202605267,Kolar,1,2026-07-15,2026,7,FIR,Non-Heinous,Crimes Against Women,Sexual Assault,Charge Sheeted,13.12217,78.22245
5268,100030004202405268,Mysuru,4,2024-05-23,2024,5,FIR,Non-Heinous,Crimes Against Body,Attempt to Murder,Under Investigation,12.40993,76.66746
5269,100110003202305269,Davanagere,3,2023-08-22,2023,8,FIR,Heinous,Narcotics,NDPS Trafficking,Closed,14.43643,75.90202
5270,400150001202505270,Chikkamagaluru,1,2025-07-09,2025,7,UDR,Non-Heinous,Public Order,Unlawful Assembly,Undetected,13.2931,75.78516
5271,100010001202205271,Bengaluru City,1,2022-03-03,2022,3,FIR,Non-Heinous,Cyber Crime,Phishing,Under Investigation,12.92096,77.51785
5272,100100003202605272,Shivamogga,3,2026-05-08,2026,5,FIR,Non-Heinous,Crimes Against Property,Burglary,Under Investigation,13.80661,75.59701
5273,100030002202305273,Mysuru,2,2023-10-04,2023,10,FIR,Non-Heinous,Cyber Crime,Phishing,Under Investigation,12.22844,76.54769
5274,100020003202605274,Bengaluru Rural,3,2026-02-06,2026,2,FIR,Non-Heinous,Crimes Against Property,Theft,Under Investigation,13.39941,77.56325
5275,100060002202605275,Kalaburagi,2,2026-03-07,2026,3,FIR,Non-Heinous,Crimes Against Property,Theft,Under Investigation,17.39982,76.81855
5276,700230004202505276,Chamarajanagar,4,2025-04-22,2025,4,Zero FIR,Non-Heinous,Crimes Against Women,Sexual Assault,Closed,11.98051,76.92513
5277,100040001202405277,Mangaluru (Dakshina Kannada),1,2024-05-16,2024,5,FIR,Non-Heinous,Crimes Against Property,Theft,Charge Sheeted,12.89601,74.87317
5278,100300004202305278,Uttara Kannada,4,2023-02-25,2023,2,FIR,Non-Heinous,Crimes Against Property,Theft,Under Investigation,14.84258,74.59386
5279,100050003202605279,Belagavi,3,2026-09-19,2026,9,FIR,Non-Heinous,Economic Offences,Forgery,Undetected,15.72301,74.4949
5280,100020001202405280,Bengaluru Rural,1,2024-09-17,2024,9,FIR,Non-Heinous,Crimes Against Property,Theft,Closed,13.29162,77.5525
5281,100010001202205281,Bengaluru City,1,2022-08-23,2022,8,FIR,Non-Heinous,Crimes Against Women,Domestic Violence,False Case,12.96686,77.6133
5282,100110004202605282,Davanagere,4,2026-07-25,2026,7,FIR,Non-Heinous,Crimes Against Property,Dacoity,Charge Sheeted,14.48211,75.93108
5283,100080002202605283,Ballari,2,2026-01-27,2026,1,FIR,Non-Heinous,Crimes Against Body,Attempt to Murder,False Case,15.05149,76.87079
5284,100230001202405284,Chamarajanagar,1,2024-05-13,2024,5,FIR,Non-Heinous,Crimes Against Women,Sexual Assault,Under Investigation,12.01214,76.87871
5285,700190004202205285,Hassan,4,2022-02-15,2022,2,Zero FIR,Non-Heinous,Crimes Against Women,Domestic Violence,Charge Sheeted,12.96919,76.16998
5286,400030002202605286,Mysuru,2,2026-03-15,2026,3,UDR,Non-Heinous,Economic Offences,Cheating,Closed,12.36514,76.65598
5287,100230004202305287,Chamarajanagar,4,2023-08-02,2023,8,FIR,Non-Heinous,Crimes Against Property,Burglary,Charge Sheeted,11.95212,76.87977
5288,100220003202405288,Yadgir,3,2024-06-15,2024,6,FIR,Non-Heinous,Cyber Crime,Identity Theft,Charge Sheeted,16.83412,77.08658
5289,100190004202305289,Hassan,4,2023-08-20,2023,8,PAR,Non-Heinous,Crimes Against Property,Robbery,False Case,12.89268,76.08783
5290,100070003202205290,Hubballi-Dharwad,3,2022-11-04,2022,11,FIR,Heinous,Crimes Against Body,Attempt to Murder,Charge Sheeted,15.37063,75.09731
5291,100040001202205291,Mangaluru (Dakshina Kannada),1,2022-10-15,2022,10,FIR,Non-Heinous,Crimes Against Body,Attempt to Murder,Under Investigation,12.77438,74.82338
5292,100160001202205292,Udupi,1,2022-06-07,2022,6,FIR,Non-Heinous,Cyber Crime,Identity Theft,Charge Sheeted,13.3645,74.64651
5293,100100004202405293,Shivamogga,4,2024-06-04,2024,6,FIR,Non-Heinous,Crimes Against Women,Dowry Harassment,False Case,13.88287,75.59714
5294,100030004202505294,Mysuru,4,2025-02-07,2025,2,FIR,Non-Heinous,Crimes Against Property,Burglary,Closed,12.3711,76.55759
5295,100200001202305295,Chitradurga,1,2023-11-20,2023,11,FIR,Non-Heinous,Economic Offences,Cheating,Charge Sheeted,14.24492,76.37198
5296,100270004202305296,Bagalkot,4,2023-06-26,2023,6,FIR,Heinous,Crimes Against Body,Assault,Under Investigation,16.08718,75.60316
5297,100050001202205297,Belagavi,1,2022-06-05,2022,6,FIR,Heinous,Crimes Against Women,Dowry Harassment,Charge Sheeted,15.79295,74.38825
5298,700270002202205298,Bagalkot,2,2022-04-22,2022,4,Zero FIR,Non-Heinous,Crimes Against Women,Sexual Assault,Under Investigation,16.15054,75.70524
5299,100030003202305299,Mysuru,3,2023-08-05,2023,8,FIR,Non-Heinous,Crimes Against Property,Burglary,Under Investigation,12.24998,76.5746
5300,100290001202605300,Gadag,1,2026-06-14,2026,6,FIR,Non-Heinous,Cyber Crime,Phishing,Closed,15.36322,75.60495
5301,100010003202605301,Bengaluru City,3,2026-10-23,2026,10,FIR,Non-Heinous,Crimes Against Body,Murder,Under Investigation,12.97095,77.52344
5302,100190003202605302,Hassan,3,2026-07-20,2026,7,FIR,Non-Heinous,Crimes Against Women,Domestic Violence,Charge Sheeted,12.97849,76.15022
5303,100100002202205303,Shivamogga,2,2022-02-26,2022,2,PAR,Non-Heinous,Crimes Against Body,Grievous Hurt,False Case,13.83127,75.62399
5304,100040003202605304,Mangaluru (Dakshina Kannada),3,2026-09-15,2026,9,FIR,Non-Heinous,Crimes Against Property,Robbery,Charge Sheeted,12.86383,74.8187
5305,100140001202505305,Bidar,1,2025-02-18,2025,2,FIR,Non-Heinous,Cyber Crime,Cyberstalking,Under Investigation,17.81282,77.60135
5306,400050002202405306,Belagavi,2,2024-09-06,2024,9,UDR,Non-Heinous,Crimes Against Body,Grievous Hurt,Charge Sheeted,15.82499,74.55209
5307,100020004202405307,Bengaluru Rural,4,2024-02-13,2024,2,FIR,Non-Heinous,Cyber Crime,Online Fraud,Charge Sheeted,13.28909,77.54439
5308,100050003202405308,Belagavi,3,2024-05-17,2024,5,FIR,Non-Heinous,Crimes Against Property,Dacoity,Closed,15.79963,74.42515
5309,100090003202605309,Tumakuru,3,2026-09-15,2026,9,FIR,Heinous,Crimes Against Body,Attempt to Murder,False Case,13.31479,77.04475
5310,100170001202405310,Kolar,1,2024-11-16,2024,11,FIR,Heinous,Crimes Against Body,Attempt to Murder,Charge Sheeted,13.12934,78.14513
5311,100220004202505311,Yadgir,4,2025-11-27,2025,11,PAR,Non-Heinous,Public Order,Unlawful Assembly,Charge Sheeted,16.87116,77.20712
5312,100010004202205312,Bengaluru City,4,2022-12-07,2022,12,FIR,Non-Heinous,Crimes Against Property,Robbery,Under Investigation,13.01069,77.57287
5313,100010001202305313,Bengaluru City,1,2023-01-03,2023,1,FIR,Non-Heinous,Crimes Against Women,Molestation,Closed,12.89147,77.56983
5314,700190004202505314,Hassan,4,2025-02-06,2025,2,Zero FIR,Non-Heinous,Cyber Crime,Cyberstalking,Under Investigation,12.94564,76.03868
5315,100020004202405315,Bengaluru Rural,4,2024-10-17,2024,10,PAR,Heinous,Crimes Against Body,Assault,False Case,13.25499,77.61834
5316,700150004202605316,Chikkamagaluru,4,2026-01-23,2026,1,Zero FIR,Non-Heinous,Crimes Against Body,Grievous Hurt,Charge Sheeted,13.34414,75.80888
5317,100080002202405317,Ballari,2,2024-11-07,2024,11,FIR,Non-Heinous,Public Order,Unlawful Assembly,Closed,15.17207,76.87056
5318,100020001202505318,Bengaluru Rural,1,2025-12-01,2025,12,PAR,Heinous,Crimes Against Women,Domestic Violence,False Case,13.22093,77.46245
5319,100050002202605319,Belagavi,2,2026-03-19,2026,3,FIR,Non-Heinous,Crimes Against Property,Burglary,Under Investigation,15.83314,74.55489
5320,100020003202305320,Bengaluru Rural,3,2023-07-27,2023,7,FIR,Heinous,Crimes Against Women,Molestation,False Case,13.24647,77.49272
5321,100220001202505321,Yadgir,1,2025-07-01,2025,7,FIR,Non-Heinous,Crimes Against Body,Assault,Closed,16.68209,77.1617
5322,100090003202205322,Tumakuru,3,2022-11-04,2022,11,FIR,Non-Heinous,Crimes Against Property,Burglary,Charge Sheeted,13.32201,77.07992
5323,100050002202405323,Belagavi,2,2024-04-24,2024,4,FIR,Non-Heinous,Public Order,Unlawful Assembly,Closed,15.91475,74.54712
5324,100190004202305324,Hassan,4,2023-10-27,2023,10,FIR,Heinous,Narcotics,NDPS Trafficking,Charge Sheeted,12.99756,76.20163
5325,100160004202505325,Udupi,4,2025-10-03,2025,10,FIR,Non-Heinous,Crimes Against Property,Robbery,Charge Sheeted,13.26927,74.68674
5326,100240004202405326,Kodagu,4,2024-11-23,2024,11,FIR,Non-Heinous,Crimes Against Property,Robbery,False Case,12.28323,75.85573
5327,100040003202405327,Mangaluru (Dakshina Kannada),3,2024-09-11,2024,9,FIR,Heinous,Crimes Against Women,Sexual Assault,False Case,12.95735,75.00617
5328,100230002202605328,Chamarajanagar,2,2026-06-18,2026,6,FIR,Non-Heinous,Crimes Against Property,Robbery,Under Investigation,11.9286,76.97413
5329,700190001202505329,Hassan,1,2025-09-25,2025,9,Zero FIR,Non-Heinous,Crimes Against Property,Burglary,Undetected,12.97923,76.12376
5330,100050003202505330,Belagavi,3,2025-08-07,2025,8,FIR,Non-Heinous,Public Order,Unlawful Assembly,Closed,15.80442,74.47114
5331,100090004202505331,Tumakuru,4,2025-08-01,2025,8,FIR,Non-Heinous,Crimes Against Women,Dowry Harassment,False Case,13.31869,77.11638
5332,100030001202505332,Mysuru,1,2025-06-18,2025,6,FIR,Heinous,Crimes Against Body,Attempt to Murder,Under Investigation,12.27751,76.68145
5333,100240001202505333,Kodagu,1,2025-12-13,2025,12,FIR,Non-Heinous,Crimes Against Women,Dowry Harassment,Closed,12.31805,75.75979
5334,100230001202405334,Chamarajanagar,1,2024-04-23,2024,4,FIR,Non-Heinous,Crimes Against Property,Theft,Closed,11.81848,76.96141
5335,100190001202305335,Hassan,1,2023-07-07,2023,7,FIR,Non-Heinous,Crimes Against Body,Assault,Under Investigation,12.96415,76.12569
5336,100040001202505336,Mangaluru (Dakshina Kannada),1,2025-04-17,2025,4,FIR,Non-Heinous,Crimes Against Women,Domestic Violence,False Case,12.92371,74.87033
5337,100010002202505337,Bengaluru City,2,2025-02-19,2025,2,FIR,Non-Heinous,Crimes Against Property,Theft,Charge Sheeted,12.90425,77.56914
5338,100240004202505338,Kodagu,4,2025-08-04,2025,8,FIR,Non-Heinous,Crimes Against Property,Theft,Charge Sheeted,12.37763,75.8907
5339,100030001202605339,Mysuru,1,2026-06-12,2026,6,FIR,Non-Heinous,Narcotics,NDPS Possession,Under Investigation,12.36177,76.66299
5340,100010002202205340,Bengaluru City,2,2022-07-19,2022,7,FIR,Heinous,Crimes Against Body,Murder,Closed,12.9796,77.74315
5341,100230004202605341,Chamarajanagar,4,2026-12-20,2026,12,FIR,Non-Heinous,Economic Offences,Cheating,Under Investigation,11.93837,76.91216
5342,100020003202505342,Bengaluru Rural,3,2025-02-04,2025,2,FIR,Non-Heinous,Crimes Against Body,Attempt to Murder,Closed,13.27858,77.50705
5343,100280003202505343,Haveri,3,2025-02-26,2025,2,FIR,Non-Heinous,Crimes Against Body,Grievous Hurt,Charge Sheeted,14.68055,75.37861
5344,100060002202505344,Kalaburagi,2,2025-02-14,2025,2,FIR,Non-Heinous,Economic Offences,Forgery,Charge Sheeted,17.3865,76.89399
5345,100130003202605345,Raichur,3,2026-10-25,2026,10,FIR,Non-Heinous,Crimes Against Body,Attempt to Murder,Closed,16.17635,77.35258
5346,100040002202505346,Mangaluru (Dakshina Kannada),2,2025-03-27,2025,3,FIR,Non-Heinous,Crimes Against Women,Dowry Harassment,Closed,13.05353,74.84103
5347,100050004202305347,Belagavi,4,2023-01-26,2023,1,FIR,Non-Heinous,Crimes Against Property,Robbery,Under Investigation,15.85131,74.52071
5348,100030004202605348,Mysuru,4,2026-07-14,2026,7,FIR,Non-Heinous,Crimes Against Property,Burglary,Closed,12.349,76.55308
5349,700040001202505349,Mangaluru (Dakshina Kannada),1,2025-12-10,2025,12,Zero FIR,Heinous,Crimes Against Women,Domestic Violence,Closed,12.92611,74.86898
5350,100010003202605350,Bengaluru City,3,2026-04-17,2026,4,FIR,Non-Heinous,Crimes Against Property,Dacoity,Under Investigation,13.03714,77.66706
5351,100110003202605351,Davanagere,3,2026-01-02,2026,1,FIR,Non-Heinous,Crimes Against Property,Dacoity,False Case,14.4142,75.73213
5352,100130003202305352,Raichur,3,2023-12-16,2023,12,FIR,Non-Heinous,Crimes Against Property,Burglary,Undetected,16.08654,77.34942
5353,400230002202405353,Chamarajanagar,2,2024-12-18,2024,12,UDR,Non-Heinous,Crimes Against Body,Murder,Closed,11.91963,76.88236
5354,100040002202305354,Mangaluru (Dakshina Kannada),2,2023-02-26,2023,2,FIR,Non-Heinous,Crimes Against Women,Dowry Harassment,Undetected,12.92187,74.86008
5355,100150001202505355,Chikkamagaluru,1,2025-11-10,2025,11,PAR,Non-Heinous,Crimes Against Women,Sexual Assault,Charge Sheeted,13.31175,75.72004
5356,100040002202305356,Mangaluru (Dakshina Kannada),2,2023-04-24,2023,4,FIR,Non-Heinous,Crimes Against Property,Dacoity,Under Investigation,12.91151,74.87742
5357,100040002202405357,Mangaluru (Dakshina Kannada),2,2024-07-14,2024,7,FIR,Non-Heinous,Crimes Against Property,Burglary,Under Investigation,12.96212,74.79225
5358,100020001202405358,Bengaluru Rural,1,2024-07-17,2024,7,PAR,Non-Heinous,Crimes Against Body,Attempt to Murder,Charge Sheeted,13.26022,77.59055
5359,100020004202205359,Bengaluru Rural,4,2022-11-18,2022,11,FIR,Non-Heinous,Cyber Crime,Online Fraud,Under Investigation,13.32964,77.61548
5360,100060003202405360,Kalaburagi,3,2024-03-18,2024,3,FIR,Non-Heinous,Crimes Against Property,Theft,Undetected,17.28121,76.84572
5361,700090003202305361,Tumakuru,3,2023-12-21,2023,12,Zero FIR,Non-Heinous,Economic Offences,Cheating,Closed,13.35679,77.11867
5362,100010001202305362,Bengaluru City,1,2023-06-01,2023,6,FIR,Non-Heinous,Cyber Crime,Online Fraud,Closed,12.91109,77.67927
5363,100090002202605363,Tumakuru,2,2026-12-01,2026,12,FIR,Non-Heinous,Economic Offences,Criminal Breach of Trust,Charge Sheeted,13.37743,77.16257
5364,100020001202205364,Bengaluru Rural,1,2022-03-23,2022,3,FIR,Non-Heinous,Economic Offences,Criminal Breach of Trust,Undetected,13.32995,77.49086
5365,100050001202305365,Belagavi,1,2023-08-13,2023,8,PAR,Non-Heinous,Cyber Crime,Identity Theft,Under Investigation,15.91014,74.51234
5366,100040003202605366,Mangaluru (Dakshina Kannada),3,2026-03-25,2026,3,FIR,Non-Heinous,Public Order,Rioting,Charge Sheeted,12.86579,74.86207
5367,100020001202205367,Bengaluru Rural,1,2022-04-07,2022,4,FIR,Heinous,Crimes Against Body,Assault,Under Investigation,13.22854,77.4863
5368,100010004202505368,Bengaluru City,4,2025-07-16,2025,7,FIR,Heinous,Crimes Against Women,Sexual Assault,Charge Sheeted,12.90079,77.61497
5369,100020002202205369,Bengaluru Rural,2,2022-03-06,2022,3,FIR,Non-Heinous,Crimes Against Body,Assault,Under Investigation,13.33735,77.53402
5370,100160004202405370,Udupi,4,2024-09-26,2024,9,FIR,Non-Heinous,Crimes Against Body,Attempt to Murder,Under Investigation,13.31622,74.70524
5371,100210001202405371,Koppal,1,2024-12-08,2024,12,FIR,Non-Heinous,Crimes Against Women,Dowry Harassment,Charge Sheeted,15.35788,76.08777
5372,100040003202405372,Mangaluru (Dakshina Kannada),3,2024-06-01,2024,6,FIR,Non-Heinous,Crimes Against Property,Burglary,Undetected,12.8797,74.86687
5373,100090002202505373,Tumakuru,2,2025-07-01,2025,7,FIR,Heinous,Crimes Against Body,Grievous Hurt,Undetected,13.23583,77.15422
5374,100250001202605374,Ramanagara,1,2026-05-04,2026,5,FIR,Non-Heinous,Economic Offences,Cheating,Under Investigation,12.71905,77.28784
5375,100050002202205375,Belagavi,2,2022-04-25,2022,4,FIR,Heinous,Crimes Against Women,Molestation,Charge Sheeted,15.85937,74.48538
5376,100040003202605376,Mangaluru (Dakshina Kannada),3,2026-08-01,2026,8,FIR,Non-Heinous,Crimes Against Women,Sexual Assault,Undetected,12.91881,74.90364
5377,100130001202505377,Raichur,1,2025-07-22,2025,7,FIR,Non-Heinous,Economic Offences,Criminal Breach of Trust,Under Investigation,16.2504,77.41019
5378,100150001202205378,Chikkamagaluru,1,2022-05-24,2022,5,PAR,Non-Heinous,Crimes Against Property,Burglary,Under Investigation,13.3707,75.71752
5379,100150001202505379,Chikkamagaluru,1,2025-12-26,2025,12,FIR,Non-Heinous,Crimes Against Women,Dowry Harassment,Under Investigation,13.3081,75.75829
5380,100060003202605380,Kalaburagi,3,2026-12-13,2026,12,FIR,Non-Heinous,Crimes Against Property,Robbery,Under Investigation,17.36255,76.89488
5381,100110004202605381,Davanagere,4,2026-09-02,2026,9,FIR,Non-Heinous,Crimes Against Property,Burglary,False Case,14.36277,75.9479
5382,100300004202505382,Uttara Kannada,4,2025-09-23,2025,9,FIR,Heinous,Crimes Against Body,Murder,Under Investigation,14.7922,74.6765
5383,100210003202305383,Koppal,3,2023-03-21,2023,3,FIR,Non-Heinous,Economic Offences,Cheating,Charge Sheeted,15.31145,76.14905
5384,100050003202505384,Belagavi,3,2025-07-03,2025,7,FIR,Heinous,Crimes Against Body,Grievous Hurt,Charge Sheeted,15.84488,74.57634
5385,100130003202305385,Raichur,3,2023-07-02,2023,7,FIR,Non-Heinous,Economic Offences,Forgery,Charge Sheeted,16.14273,77.38955
5386,700030002202405386,Mysuru,2,2024-05-04,2024,5,Zero FIR,Heinous,Crimes Against Body,Grievous Hurt,Closed,12.23004,76.54585
5387,100110001202505387,Davanagere,1,2025-04-09,2025,4,FIR,Non-Heinous,Crimes Against Women,Molestation,Closed,14.42932,75.97231
5388,700270004202405388,Bagalkot,4,2024-02-02,2024,2,Zero FIR,Non-Heinous,Crimes Against Property,Robbery,Undetected,16.16102,75.63826
5389,100240001202505389,Kodagu,1,2025-05-07,2025,5,FIR,Non-Heinous,Economic Offences,Criminal Breach of Trust,Undetected,12.45653,75.72866
5390,100110002202505390,Davanagere,2,2025-12-07,2025,12,FIR,Heinous,Crimes Against Women,Domestic Violence,Closed,14.43466,75.86412
5391,100010001202205391,Bengaluru City,1,2022-01-23,2022,1,FIR,Non-Heinous,Crimes Against Body,Grievous Hurt,Charge Sheeted,13.10343,77.63255
5392,100120001202305392,Vijayapura,1,2023-03-23,2023,3,FIR,Non-Heinous,Public Order,Rioting,Closed,16.8722,75.73324
5393,100050001202305393,Belagavi,1,2023-02-26,2023,2,FIR,Non-Heinous,Crimes Against Property,Burglary,Under Investigation,15.88764,74.36437
5394,100020002202605394,Bengaluru Rural,2,2026-07-23,2026,7,FIR,Heinous,Crimes Against Women,Dowry Harassment,Closed,13.35042,77.65188
5395,100030004202605395,Mysuru,4,2026-04-21,2026,4,PAR,Non-Heinous,Cyber Crime,Online Fraud,Closed,12.28717,76.62321
5396,100020003202605396,Bengaluru Rural,3,2026-07-03,2026,7,FIR,Non-Heinous,Crimes Against Property,Robbery,Under Investigation,13.16793,77.62618
5397,100020003202605397,Bengaluru Rural,3,2026-11-09,2026,11,FIR,Non-Heinous,Crimes Against Women,Molestation,Charge Sheeted,13.20768,77.52126
5398,100050002202405398,Belagavi,2,2024-04-21,2024,4,PAR,Non-Heinous,Cyber Crime,Identity Theft,Under Investigation,15.80979,74.45574
5399,700240001202405399,Kodagu,1,2024-01-19,2024,1,Zero FIR,Non-Heinous,Public Order,Unlawful Assembly,Closed,12.30605,75.85797
5400,100290002202505400,Gadag,2,2025-01-10,2025,1,PAR,Non-Heinous,Crimes Against Property,Dacoity,Under Investigation,15.3949,75.57341
5401,100020001202205401,Bengaluru Rural,1,2022-07-05,2022,7,FIR,Non-Heinous,Crimes Against Body,Attempt to Murder,Charge Sheeted,13.30766,77.51727
5402,100130002202305402,Raichur,2,2023-05-18,2023,5,FIR,Heinous,Crimes Against Women,Domestic Violence,False Case,16.23933,77.37272
5403,100030002202505403,Mysuru,2,2025-06-04,2025,6,FIR,Non-Heinous,Cyber Crime,Phishing,Charge Sheeted,12.30224,76.60157
5404,100010001202405404,Bengaluru City,1,2024-12-16,2024,12,FIR,Non-Heinous,Crimes Against Women,Dowry Harassment,Charge Sheeted,12.93135,77.55805
5405,100010001202605405,Bengaluru City,1,2026-02-07,2026,2,FIR,Non-Heinous,Crimes Against Property,Dacoity,Under Investigation,13.04405,77.62366
5406,100110001202205406,Davanagere,1,2022-09-04,2022,9,FIR,Non-Heinous,Economic Offences,Criminal Breach of Trust,Undetected,14.38736,75.92714
5407,100280003202605407,Haveri,3,2026-04-18,2026,4,FIR,Non-Heinous,Economic Offences,Criminal Breach of Trust,Charge Sheeted,14.87242,75.24728
5408,400140004202405408,Bidar,4,2024-01-26,2024,1,UDR,Non-Heinous,Crimes Against Body,Assault,Charge Sheeted,17.74182,77.56605
5409,100160004202505409,Udupi,4,2025-03-01,2025,3,FIR,Heinous,Crimes Against Women,Dowry Harassment,Under Investigation,13.30531,74.84377
5410,700030003202605410,Mysuru,3,2026-10-10,2026,10,Zero FIR,Non-Heinous,Crimes Against Property,Theft,Under Investigation,12.30111,76.60384
5411,100150003202205411,Chikkamagaluru,3,2022-11-11,2022,11,FIR,Heinous,Crimes Against Women,Domestic Violence,Under Investigation,13.26336,75.751
5412,400180004202205412,Mandya,4,2022-10-26,2022,10,UDR,Non-Heinous,Crimes Against Women,Domestic Violence,Closed,12.50687,76.84785
5413,100010004202205413,Bengaluru City,4,2022-02-01,2022,2,FIR,Non-Heinous,Crimes Against Body,Grievous Hurt,Undetected,12.87722,77.69429
5414,100210002202205414,Koppal,2,2022-03-02,2022,3,FIR,Heinous,Crimes Against Body,Attempt to Murder,Under Investigation,15.31283,76.12239
5415,100130002202305415,Raichur,2,2023-10-15,2023,10,FIR,Non-Heinous,Crimes Against Women,Sexual Assault,Under Investigation,16.13755,77.28947
5416,100030004202205416,Mysuru,4,2022-07-23,2022,7,FIR,Non-Heinous,Cyber Crime,Phishing,Closed,12.36228,76.74981
5417,100140004202405417,Bidar,4,2024-10-09,2024,10,FIR,Heinous,Narcotics,NDPS Possession,Charge Sheeted,17.87205,77.48893
5418,100010004202505418,Bengaluru City,4,2025-02-18,2025,2,FIR,Non-Heinous,Crimes Against Women,Sexual Assault,False Case,12.98914,77.50213
5419,100080001202505419,Ballari,1,2025-09-04,2025,9,FIR,Heinous,Crimes Against Body,Attempt to Murder,Charge Sheeted,15.1455,76.95684
5420,100070002202405420,Hubballi-Dharwad,2,2024-08-04,2024,8,FIR,Heinous,Crimes Against Body,Assault,Undetected,15.24787,75.04825
5421,100030004202505421,Mysuru,4,2025-11-12,2025,11,FIR,Non-Heinous,Crimes Against Property,Dacoity,Charge Sheeted,12.25476,76.68302
5422,100050001202605422,Belagavi,1,2026-02-07,2026,2,FIR,Non-Heinous,Cyber Crime,Online Fraud,Under Investigation,15.96229,74.46493
5423,100240003202605423,Kodagu,3,2026-03-21,2026,3,FIR,Non-Heinous,Crimes Against Property,Burglary,Charge Sheeted,12.2939,75.8645
5424,100040004202505424,Mangaluru (Dakshina Kannada),4,2025-06-15,2025,6,FIR,Non-Heinous,Crimes Against Women,Sexual Assault,Under Investigation,12.9904,74.76063
5425,100020004202405425,Bengaluru Rural,4,2024-06-06,2024,6,FIR,Non-Heinous,Economic Offences,Forgery,Charge Sheeted,13.2767,77.5844
5426,700300001202605426,Uttara Kannada,1,2026-12-26,2026,12,Zero FIR,Non-Heinous,Crimes Against Property,Burglary,Charge Sheeted,14.8213,74.64071
5427,700020003202605427,Bengaluru Rural,3,2026-12-24,2026,12,Zero FIR,Non-Heinous,Crimes Against Body,Assault,Charge Sheeted,13.29009,77.6144
5428,100280001202505428,Haveri,1,2025-03-20,2025,3,FIR,Heinous,Crimes Against Body,Attempt to Murder,Charge Sheeted,14.95087,75.40659
5429,100050004202605429,Belagavi,4,2026-04-15,2026,4,FIR,Heinous,Crimes Against Women,Sexual Assault,Closed,15.79735,74.43404
5430,100030002202305430,Mysuru,2,2023-10-12,2023,10,FIR,Non-Heinous,Cyber Crime,Online Fraud,Charge Sheeted,12.30848,76.60421
5431,100050004202605431,Belagavi,4,2026-02-12,2026,2,FIR,Non-Heinous,Crimes Against Women,Molestation,Under Investigation,15.78091,74.44048
5432,100130002202505432,Raichur,2,2025-07-02,2025,7,FIR,Heinous,Crimes Against Women,Sexual Assault,False Case,16.1715,77.27511
5433,100090003202205433,Tumakuru,3,2022-06-17,2022,6,FIR,Heinous,Crimes Against Women,Domestic Violence,False Case,13.37324,77.0798
5434,100090002202205434,Tumakuru,2,2022-01-19,2022,1,FIR,Heinous,Crimes Against Women,Domestic Violence,Under Investigation,13.46095,77.03174
5435,100160001202305435,Udupi,1,2023-02-09,2023,2,FIR,Heinous,Crimes Against Body,Murder,Closed,13.26599,74.67971
5436,100020004202605436,Bengaluru Rural,4,2026-10-04,2026,10,FIR,Heinous,Crimes Against Women,Domestic Violence,Under Investigation,13.26259,77.4813
5437,700020004202505437,Bengaluru Rural,4,2025-04-09,2025,4,Zero FIR,Non-Heinous,Crimes Against Body,Attempt to Murder,Under Investigation,13.32197,77.5334
5438,700230004202505438,Chamarajanagar,4,2025-04-13,2025,4,Zero FIR,Non-Heinous,Crimes Against Women,Domestic Violence,Charge Sheeted,11.89241,77.03645
5439,100090001202505439,Tumakuru,1,2025-06-20,2025,6,FIR,Non-Heinous,Economic Offences,Forgery,Under Investigation,13.40243,77.06628
5440,100050003202605440,Belagavi,3,2026-08-24,2026,8,FIR,Heinous,Crimes Against Women,Dowry Harassment,Charge Sheeted,15.85514,74.55008
5441,400170004202405441,Kolar,4,2024-04-15,2024,4,UDR,Non-Heinous,Crimes Against Body,Assault,Closed,13.12843,78.15359
5442,100030003202505442,Mysuru,3,2025-04-23,2025,4,FIR,Non-Heinous,Crimes Against Women,Dowry Harassment,Charge Sheeted,12.31159,76.7949
5443,100130004202305443,Raichur,4,2023-08-27,2023,8,FIR,Non-Heinous,Crimes Against Body,Assault,Charge Sheeted,16.14455,77.35736
5444,100240004202305444,Kodagu,4,2023-02-18,2023,2,PAR,Heinous,Crimes Against Body,Grievous Hurt,Closed,12.40083,75.86257
5445,100060002202505445,Kalaburagi,2,2025-09-02,2025,9,FIR,Non-Heinous,Economic Offences,Forgery,Under Investigation,17.40567,76.79729
5446,400090002202405446,Tumakuru,2,2024-01-26,2024,1,UDR,Non-Heinous,Crimes Against Body,Assault,Under Investigation,13.30633,77.02916
5447,100140001202305447,Bidar,1,2023-12-01,2023,12,FIR,Non-Heinous,Economic Offences,Criminal Breach of Trust,Charge Sheeted,17.96481,77.53374
5448,100270003202305448,Bagalkot,3,2023-07-07,2023,7,FIR,Non-Heinous,Cyber Crime,Identity Theft,Under Investigation,16.1511,75.76294
5449,700090004202605449,Tumakuru,4,2026-02-07,2026,2,Zero FIR,Heinous,Crimes Against Body,Grievous Hurt,Charge Sheeted,13.36886,77.10047
5450,100250003202605450,Ramanagara,3,2026-08-02,2026,8,FIR,Heinous,Narcotics,NDPS Possession,Charge Sheeted,12.68241,77.16496
5451,100040003202205451,Mangaluru (Dakshina Kannada),3,2022-06-19,2022,6,FIR,Non-Heinous,Crimes Against Body,Assault,Under Investigation,12.87545,74.87014
5452,700090003202405452,Tumakuru,3,2024-03-22,2024,3,Zero FIR,Non-Heinous,Crimes Against Women,Domestic Violence,Charge Sheeted,13.41127,77.10197
5453,100060003202205453,Kalaburagi,3,2022-09-09,2022,9,FIR,Non-Heinous,Economic Offences,Cheating,Charge Sheeted,17.33873,76.87619
5454,100160001202605454,Udupi,1,2026-04-27,2026,4,PAR,Non-Heinous,Crimes Against Property,Burglary,Charge Sheeted,13.36633,74.70768
5455,400020003202305455,Bengaluru Rural,3,2023-01-04,2023,1,UDR,Non-Heinous,Crimes Against Property,Theft,Under Investigation,13.38776,77.60928
5456,100050004202305456,Belagavi,4,2023-08-11,2023,8,FIR,Non-Heinous,Cyber Crime,Online Fraud,Under Investigation,15.75401,74.52935
5457,100150003202205457,Chikkamagaluru,3,2022-01-16,2022,1,FIR,Heinous,Crimes Against Body,Murder,Closed,13.24709,75.7434
5458,100050001202505458,Belagavi,1,2025-12-20,2025,12,FIR,Non-Heinous,Crimes Against Body,Attempt to Murder,Under Investigation,15.87329,74.5063
5459,100130002202605459,Raichur,2,2026-05-08,2026,5,FIR,Non-Heinous,Economic Offences,Criminal Breach of Trust,Closed,16.24125,77.30301
5460,100060003202305460,Kalaburagi,3,2023-07-03,2023,7,FIR,Non-Heinous,Economic Offences,Forgery,Undetected,17.34469,76.82146
5461,100060003202505461,Kalaburagi,3,2025-12-09,2025,12,FIR,Heinous,Crimes Against Body,Assault,Charge Sheeted,17.31838,76.84939
5462,100020001202505462,Bengaluru Rural,1,2025-12-11,2025,12,FIR,Non-Heinous,Crimes Against Body,Assault,Under Investigation,13.23847,77.60075
5463,100040003202305463,Mangaluru (Dakshina Kannada),3,2023-11-21,2023,11,FIR,Non-Heinous,Economic Offences,Forgery,Closed,12.87928,74.80502
5464,100130003202505464,Raichur,3,2025-07-25,2025,7,FIR,Non-Heinous,Crimes Against Body,Attempt to Murder,False Case,16.19406,77.27644
5465,100080004202605465,Ballari,4,2026-09-14,2026,9,FIR,Non-Heinous,Cyber Crime,Online Fraud,Undetected,15.21042,76.92637
5466,700050002202405466,Belagavi,2,2024-05-10,2024,5,Zero FIR,Non-Heinous,Crimes Against Property,Dacoity,Under Investigation,15.81178,74.51997
5467,100020002202605467,Bengaluru Rural,2,2026-12-21,2026,12,FIR,Non-Heinous,Crimes Against Body,Assault,Undetected,13.18131,77.61488
5468,100270003202305468,Bagalkot,3,2023-02-20,2023,2,FIR,Heinous,Narcotics,NDPS Trafficking,Charge Sheeted,16.20311,75.63767
5469,100230002202605469,Chamarajanagar,2,2026-09-02,2026,9,FIR,Non-Heinous,Narcotics,NDPS Possession,Under Investigation,11.92636,76.94986
5470,100020004202505470,Bengaluru Rural,4,2025-04-14,2025,4,FIR,Non-Heinous,Narcotics,NDPS Possession,Charge Sheeted,13.26728,77.61581
5471,100050002202505471,Belagavi,2,2025-12-21,2025,12,FIR,Non-Heinous,Crimes Against Women,Dowry Harassment,Closed,15.8252,74.4086
5472,100120004202505472,Vijayapura,4,2025-07-05,2025,7,FIR,Heinous,Crimes Against Body,Attempt to Murder,Charge Sheeted,16.88889,75.71554
5473,100040001202405473,Mangaluru (Dakshina Kannada),1,2024-03-13,2024,3,FIR,Non-Heinous,Crimes Against Property,Theft,Charge Sheeted,12.95509,74.92376
5474,100060001202405474,Kalaburagi,1,2024-04-09,2024,4,FIR,Non-Heinous,Crimes Against Property,Theft,Closed,17.26164,76.81986
5475,100010001202405475,Bengaluru City,1,2024-06-07,2024,6,FIR,Non-Heinous,Crimes Against Women,Molestation,Charge Sheeted,12.92133,77.61388
5476,700240004202205476,Kodagu,4,2022-02-26,2022,2,Zero FIR,Non-Heinous,Crimes Against Women,Dowry Harassment,False Case,12.34626,75.70873
5477,100050003202505477,Belagavi,3,2025-02-23,2025,2,FIR,Heinous,Crimes Against Body,Attempt to Murder,False Case,15.81312,74.58226
5478,400300004202205478,Uttara Kannada,4,2022-03-20,2022,3,UDR,Heinous,Crimes Against Body,Murder,Closed,14.71244,74.65512
5479,100270004202405479,Bagalkot,4,2024-07-18,2024,7,FIR,Non-Heinous,Crimes Against Property,Dacoity,False Case,16.20872,75.70185
5480,100230001202405480,Chamarajanagar,1,2024-12-02,2024,12,FIR,Non-Heinous,Crimes Against Women,Dowry Harassment,False Case,11.94996,77.01003
5481,100240001202505481,Kodagu,1,2025-02-27,2025,2,FIR,Non-Heinous,Crimes Against Property,Dacoity,Under Investigation,12.32886,75.81471
5482,100070004202505482,Hubballi-Dharwad,4,2025-01-08,2025,1,FIR,Non-Heinous,Public Order,Rioting,Closed,15.39182,75.02863
5483,400030004202505483,Mysuru,4,2025-06-16,2025,6,UDR,Non-Heinous,Crimes Against Body,Grievous Hurt,False Case,12.21283,76.73459
5484,700060004202505484,Kalaburagi,4,2025-10-08,2025,10,Zero FIR,Non-Heinous,Crimes Against Property,Robbery,Closed,17.33012,76.83541
5485,100030002202205485,Mysuru,2,2022-11-20,2022,11,FIR,Non-Heinous,Cyber Crime,Phishing,Charge Sheeted,12.3421,76.55154
5486,700280004202405486,Haveri,4,2024-02-07,2024,2,Zero FIR,Heinous,Crimes Against Body,Murder,Under Investigation,14.80687,75.32579
5487,100220002202505487,Yadgir,2,2025-01-09,2025,1,FIR,Heinous,Crimes Against Women,Sexual Assault,Charge Sheeted,16.81236,77.15482
5488,100040003202205488,Mangaluru (Dakshina Kannada),3,2022-02-09,2022,2,FIR,Non-Heinous,Crimes Against Property,Burglary,Charge Sheeted,12.92632,74.8478
5489,700050002202405489,Belagavi,2,2024-08-12,2024,8,Zero FIR,Non-Heinous,Public Order,Unlawful Assembly,Charge Sheeted,15.98804,74.41516
5490,100130003202605490,Raichur,3,2026-06-17,2026,6,FIR,Heinous,Crimes Against Women,Dowry Harassment,Closed,16.2156,77.40843
5491,100070004202605491,Hubballi-Dharwad,4,2026-04-20,2026,4,FIR,Non-Heinous,Crimes Against Women,Dowry Harassment,Under Investigation,15.50059,75.1348
5492,100160003202405492,Udupi,3,2024-01-16,2024,1,FIR,Non-Heinous,Economic Offences,Criminal Breach of Trust,Charge Sheeted,13.44993,74.76765
5493,100170004202405493,Kolar,4,2024-11-27,2024,11,FIR,Non-Heinous,Crimes Against Property,Burglary,Under Investigation,13.10716,78.17822
5494,100090003202605494,Tumakuru,3,2026-08-06,2026,8,FIR,Non-Heinous,Cyber Crime,Cyberstalking,Under Investigation,13.24293,77.01256
5495,100160001202605495,Udupi,1,2026-01-05,2026,1,FIR,Non-Heinous,Crimes Against Property,Dacoity,Under Investigation,13.35784,74.75371
5496,100190004202505496,Hassan,4,2025-06-10,2025,6,FIR,Non-Heinous,Narcotics,NDPS Possession,Closed,13.04061,76.02508
5497,100260003202605497,Chikkaballapur,3,2026-09-04,2026,9,FIR,Non-Heinous,Crimes Against Women,Domestic Violence,Under Investigation,13.39479,77.65845
5498,700040002202405498,Mangaluru (Dakshina Kannada),2,2024-10-01,2024,10,Zero FIR,Non-Heinous,Crimes Against Property,Dacoity,Charge Sheeted,12.90649,74.80554
5499,100210004202605499,Koppal,4,2026-06-05,2026,6,FIR,Non-Heinous,Crimes Against Property,Theft,Under Investigation,15.38162,76.03553
5500,100010003202205500,Bengaluru City,3,2022-06-04,2022,6,FIR,Non-Heinous,Crimes Against Property,Dacoity,Under Investigation,12.89665,77.59431
5501,400070004202605501,Hubballi-Dharwad,4,2026-06-03,2026,6,UDR,Non-Heinous,Crimes Against Property,Burglary,Closed,15.31943,75.06113
5502,100090002202605502,Tumakuru,2,2026-02-13,2026,2,FIR,Non-Heinous,Crimes Against Women,Molestation,Charge Sheeted,13.31262,77.15412
5503,400250003202205503,Ramanagara,3,2022-03-22,2022,3,UDR,Non-Heinous,Cyber Crime,Identity Theft,Closed,12.67954,77.34649
5504,700050004202505504,Belagavi,4,2025-02-23,2025,2,Zero FIR,Heinous,Crimes Against Body,Murder,Charge Sheeted,15.93219,74.45029
5505,100060002202605505,Kalaburagi,2,2026-08-08,2026,8,FIR,Non-Heinous,Cyber Crime,Cyberstalking,Closed,17.29649,76.80226
5506,100110001202305506,Davanagere,1,2023-05-09,2023,5,FIR,Non-Heinous,Crimes Against Body,Attempt to Murder,Charge Sheeted,14.56897,75.92035
5507,100190004202205507,Hassan,4,2022-01-25,2022,1,FIR,Non-Heinous,Economic Offences,Criminal Breach of Trust,Closed,12.96837,76.11845
5508,100140003202505508,Bidar,3,2025-07-20,2025,7,FIR,Non-Heinous,Crimes Against Property,Robbery,Closed,17.96346,77.5681
5509,100020004202605509,Bengaluru Rural,4,2026-10-04,2026,10,FIR,Non-Heinous,Crimes Against Body,Grievous Hurt,False Case,13.2701,77.55349
5510,100130003202505510,Raichur,3,2025-08-05,2025,8,FIR,Non-Heinous,Crimes Against Body,Attempt to Murder,Under Investigation,16.19349,77.35511
5511,100230001202205511,Chamarajanagar,1,2022-12-04,2022,12,FIR,Heinous,Crimes Against Women,Dowry Harassment,Under Investigation,11.91195,76.98236
5512,100120001202605512,Vijayapura,1,2026-04-25,2026,4,FIR,Heinous,Crimes Against Body,Assault,Closed,16.70645,75.68335
5513,100240002202605513,Kodagu,2,2026-04-08,2026,4,FIR,Non-Heinous,Crimes Against Property,Dacoity,False Case,12.41883,75.79422
5514,100090002202405514,Tumakuru,2,2024-10-26,2024,10,FIR,Non-Heinous,Crimes Against Body,Grievous Hurt,Undetected,13.29753,77.12463
5515,100090003202605515,Tumakuru,3,2026-03-14,2026,3,FIR,Non-Heinous,Crimes Against Body,Murder,Undetected,13.33023,77.23819
5516,100050004202605516,Belagavi,4,2026-08-18,2026,8,FIR,Non-Heinous,Economic Offences,Forgery,Under Investigation,15.90434,74.46646
5517,100130002202505517,Raichur,2,2025-02-26,2025,2,FIR,Non-Heinous,Economic Offences,Forgery,Charge Sheeted,16.2734,77.31776
5518,100050001202505518,Belagavi,1,2025-11-12,2025,11,FIR,Non-Heinous,Economic Offences,Criminal Breach of Trust,Charge Sheeted,15.87093,74.41772
5519,100090003202605519,Tumakuru,3,2026-09-15,2026,9,FIR,Non-Heinous,Crimes Against Property,Dacoity,Closed,13.45981,77.18024
5520,100090001202605520,Tumakuru,1,2026-01-20,2026,1,FIR,Non-Heinous,Economic Offences,Criminal Breach of Trust,Under Investigation,13.35827,77.19598
5521,100240003202505521,Kodagu,3,2025-09-21,2025,9,FIR,Heinous,Crimes Against Body,Grievous Hurt,Charge Sheeted,12.36721,75.72814
5522,100150004202205522,Chikkamagaluru,4,2022-06-26,2022,6,FIR,Heinous,Crimes Against Body,Grievous Hurt,Closed,13.30567,75.82291
5523,700200003202505523,Chitradurga,3,2025-02-16,2025,2,Zero FIR,Non-Heinous,Crimes Against Property,Theft,Under Investigation,14.20123,76.37573
5524,100030002202505524,Mysuru,2,2025-09-08,2025,9,FIR,Non-Heinous,Crimes Against Property,Burglary,Under Investigation,12.34078,76.72206
5525,100110001202405525,Davanagere,1,2024-05-26,2024,5,FIR,Non-Heinous,Crimes Against Body,Assault,False Case,14.48204,75.8836
5526,100040003202505526,Mangaluru (Dakshina Kannada),3,2025-02-14,2025,2,FIR,Non-Heinous,Cyber Crime,Phishing,Under Investigation,12.90078,74.76994
5527,100160003202405527,Udupi,3,2024-07-20,2024,7,FIR,Non-Heinous,Crimes Against Body,Assault,Charge Sheeted,13.38372,74.76279
5528,100160002202205528,Udupi,2,2022-03-23,2022,3,FIR,Heinous,Crimes Against Women,Dowry Harassment,Under Investigation,13.33074,74.79432
5529,100110002202405529,Davanagere,2,2024-10-23,2024,10,FIR,Non-Heinous,Crimes Against Property,Theft,False Case,14.46024,76.00607
5530,100260003202505530,Chikkaballapur,3,2025-01-14,2025,1,FIR,Heinous,Crimes Against Women,Dowry Harassment,Charge Sheeted,13.47039,77.70192
5531,100140004202405531,Bidar,4,2024-03-07,2024,3,FIR,Non-Heinous,Crimes Against Body,Assault,Under Investigation,17.80307,77.5068
5532,700060001202405532,Kalaburagi,1,2024-06-03,2024,6,Zero FIR,Non-Heinous,Cyber Crime,Online Fraud,Closed,17.32181,76.83108
5533,100090003202505533,Tumakuru,3,2025-09-12,2025,9,FIR,Non-Heinous,Cyber Crime,Phishing,Under Investigation,13.44297,77.0816
5534,100100004202505534,Shivamogga,4,2025-06-24,2025,6,FIR,Non-Heinous,Economic Offences,Cheating,Under Investigation,13.92734,75.68196
5535,700240001202505535,Kodagu,1,2025-11-21,2025,11,Zero FIR,Non-Heinous,Crimes Against Property,Burglary,Under Investigation,12.31495,75.71575
5536,100010003202205536,Bengaluru City,3,2022-08-20,2022,8,FIR,Non-Heinous,Crimes Against Property,Dacoity,Closed,13.01972,77.64952
5537,100090002202505537,Tumakuru,2,2025-07-01,2025,7,FIR,Non-Heinous,Economic Offences,Cheating,Undetected,13.32023,77.06973
5538,100080001202305538,Ballari,1,2023-10-22,2023,10,FIR,Non-Heinous,Crimes Against Property,Robbery,Charge Sheeted,15.17605,76.94764
5539,100030002202605539,Mysuru,2,2026-07-04,2026,7,FIR,Heinous,Crimes Against Body,Attempt to Murder,Charge Sheeted,12.32901,76.6821
5540,100050003202605540,Belagavi,3,2026-07-19,2026,7,FIR,Heinous,Crimes Against Body,Attempt to Murder,False Case,15.8321,74.55949
5541,100020004202205541,Bengaluru Rural,4,2022-01-05,2022,1,FIR,Heinous,Crimes Against Body,Murder,Charge Sheeted,13.19729,77.47549
5542,100030004202405542,Mysuru,4,2024-05-08,2024,5,FIR,Non-Heinous,Economic Offences,Criminal Breach of Trust,Closed,12.33479,76.70131
5543,100060001202605543,Kalaburagi,1,2026-09-01,2026,9,FIR,Non-Heinous,Crimes Against Property,Robbery,Closed,17.19715,76.70555
5544,700110001202505544,Davanagere,1,2025-06-10,2025,6,Zero FIR,Heinous,Crimes Against Body,Assault,False Case,14.46701,75.97117
5545,400110002202205545,Davanagere,2,2022-07-23,2022,7,UDR,Non-Heinous,Crimes Against Property,Theft,Under Investigation,14.42227,75.85449
5546,100170004202305546,Kolar,4,2023-12-24,2023,12,FIR,Non-Heinous,Crimes Against Property,Dacoity,Under Investigation,13.21953,78.19946
5547,100220004202205547,Yadgir,4,2022-05-04,2022,5,FIR,Non-Heinous,Economic Offences,Forgery,Charge Sheeted,16.70294,77.06464
5548,100070002202605548,Hubballi-Dharwad,2,2026-01-11,2026,1,FIR,Heinous,Narcotics,NDPS Trafficking,Charge Sheeted,15.31219,75.0957
5549,100190003202205549,Hassan,3,2022-09-13,2022,9,FIR,Non-Heinous,Cyber Crime,Identity Theft,Closed,12.90584,75.94555
5550,100090003202305550,Tumakuru,3,2023-04-06,2023,4,FIR,Heinous,Crimes Against Women,Sexual Assault,Charge Sheeted,13.37682,77.15763
5551,100110001202305551,Davanagere,1,2023-03-13,2023,3,FIR,Non-Heinous,Crimes Against Women,Domestic Violence,False Case,14.48606,75.91524
5552,100050002202605552,Belagavi,2,2026-06-10,2026,6,FIR,Non-Heinous,Crimes Against Body,Grievous Hurt,Charge Sheeted,15.86054,74.42115
5553,100040004202305553,Mangaluru (Dakshina Kannada),4,2023-11-20,2023,11,FIR,Non-Heinous,Crimes Against Property,Theft,Charge Sheeted,12.86438,74.75258
5554,100050003202605554,Belagavi,3,2026-07-25,2026,7,FIR,Non-Heinous,Economic Offences,Criminal Breach of Trust,Undetected,15.8541,74.55492
5555,100030001202505555,Mysuru,1,2025-09-24,2025,9,FIR,Heinous,Crimes Against Body,Assault,Under Investigation,12.28133,76.60498
5556,700250003202605556,Ramanagara,3,2026-06-12,2026,6,Zero FIR,Non-Heinous,Crimes Against Property,Robbery,Charge Sheeted,12.6862,77.29351
5557,100250002202405557,Ramanagara,2,2024-11-02,2024,11,FIR,Non-Heinous,Economic Offences,Criminal Breach of Trust,Closed,12.71823,77.24929
5558,700090003202405558,Tumakuru,3,2024-08-13,2024,8,Zero FIR,Non-Heinous,Crimes Against Body,Grievous Hurt,Undetected,13.32953,77.11479
5559,100090004202305559,Tumakuru,4,2023-10-04,2023,10,FIR,Non-Heinous,Economic Offences,Criminal Breach of Trust,Charge Sheeted,13.2338,77.11583
5560,100020003202305560,Bengaluru Rural,3,2023-07-16,2023,7,FIR,Heinous,Narcotics,NDPS Trafficking,False Case,13.28506,77.52191
5561,700170002202505561,Kolar,2,2025-04-13,2025,4,Zero FIR,Non-Heinous,Crimes Against Body,Assault,Charge Sheeted,13.02563,78.08706
5562,100040004202505562,Mangaluru (Dakshina Kannada),4,2025-05-02,2025,5,FIR,Non-Heinous,Crimes Against Body,Murder,Under Investigation,12.93226,74.90949
5563,100010004202505563,Bengaluru City,4,2025-01-13,2025,1,PAR,Non-Heinous,Crimes Against Property,Burglary,Charge Sheeted,12.91893,77.43149
5564,100020003202305564,Bengaluru Rural,3,2023-11-06,2023,11,FIR,Non-Heinous,Crimes Against Property,Burglary,Under Investigation,13.2469,77.59674
5565,100160004202605565,Udupi,4,2026-07-03,2026,7,FIR,Non-Heinous,Cyber Crime,Online Fraud,Charge Sheeted,13.35897,74.74691
5566,100070004202405566,Hubballi-Dharwad,4,2024-11-23,2024,11,FIR,Heinous,Crimes Against Women,Dowry Harassment,Undetected,15.38114,75.21582
5567,100140003202205567,Bidar,3,2022-10-08,2022,10,PAR,Heinous,Crimes Against Women,Sexual Assault,False Case,17.93444,77.40124
5568,100020004202605568,Bengaluru Rural,4,2026-03-18,2026,3,FIR,Non-Heinous,Economic Offences,Criminal Breach of Trust,Charge Sheeted,13.30269,77.62652
5569,100160001202505569,Udupi,1,2025-06-07,2025,6,FIR,Non-Heinous,Economic Offences,Forgery,Closed,13.38692,74.84105
5570,100040003202305570,Mangaluru (Dakshina Kannada),3,2023-11-02,2023,11,FIR,Non-Heinous,Crimes Against Property,Burglary,False Case,12.88368,74.77772
5571,100010002202305571,Bengaluru City,2,2023-09-02,2023,9,FIR,Heinous,Crimes Against Women,Molestation,Under Investigation,12.91342,77.5387
5572,100040002202305572,Mangaluru (Dakshina Kannada),2,2023-10-18,2023,10,FIR,Non-Heinous,Economic Offences,Forgery,Closed,13.02203,74.84778
5573,100020001202405573,Bengaluru Rural,1,2024-01-09,2024,1,FIR,Heinous,Crimes Against Body,Grievous Hurt,Closed,13.185,77.58507
5574,100220003202605574,Yadgir,3,2026-04-21,2026,4,FIR,Non-Heinous,Crimes Against Property,Theft,Undetected,16.8129,77.09754
5575,100050001202305575,Belagavi,1,2023-08-21,2023,8,FIR,Non-Heinous,Cyber Crime,Phishing,Under Investigation,15.86605,74.49667
5576,100020002202505576,Bengaluru Rural,2,2025-10-21,2025,10,FIR,Non-Heinous,Crimes Against Body,Grievous Hurt,Under Investigation,13.37149,77.63778
5577,100240003202605577,Kodagu,3,2026-07-08,2026,7,FIR,Heinous,Crimes Against Body,Attempt to Murder,Closed,12.38218,75.8925
5578,100130001202605578,Raichur,1,2026-11-08,2026,11,FIR,Non-Heinous,Crimes Against Women,Sexual Assault,Closed,16.26583,77.40384
5579,100140002202605579,Bidar,2,2026-09-19,2026,9,FIR,Non-Heinous,Crimes Against Property,Dacoity,Under Investigation,17.9186,77.539
5580,100050001202305580,Belagavi,1,2023-12-18,2023,12,PAR,Non-Heinous,Economic Offences,Criminal Breach of Trust,Charge Sheeted,15.85831,74.55443
5581,100110003202605581,Davanagere,3,2026-05-07,2026,5,FIR,Heinous,Crimes Against Women,Domestic Violence,False Case,14.43953,75.92692
5582,100010002202405582,Bengaluru City,2,2024-07-07,2024,7,FIR,Non-Heinous,Crimes Against Property,Robbery,Undetected,13.04164,77.61442
5583,100050003202505583,Belagavi,3,2025-03-05,2025,3,FIR,Heinous,Crimes Against Body,Assault,Charge Sheeted,15.85542,74.5009
5584,100160003202505584,Udupi,3,2025-12-24,2025,12,FIR,Heinous,Crimes Against Body,Assault,False Case,13.33146,74.69171
5585,100010003202405585,Bengaluru City,3,2024-12-23,2024,12,FIR,Heinous,Crimes Against Women,Sexual Assault,Charge Sheeted,12.92473,77.61101
5586,100160004202505586,Udupi,4,2025-01-14,2025,1,FIR,Non-Heinous,Economic Offences,Cheating,Charge Sheeted,13.3905,74.76578
5587,400020004202605587,Bengaluru Rural,4,2026-03-10,2026,3,UDR,Heinous,Crimes Against Women,Dowry Harassment,Charge Sheeted,13.27159,77.56065
5588,700030001202405588,Mysuru,1,2024-07-05,2024,7,Zero FIR,Heinous,Crimes Against Women,Sexual Assault,Closed,12.24402,76.67016
5589,100110001202405589,Davanagere,1,2024-10-16,2024,10,PAR,Non-Heinous,Crimes Against Property,Dacoity,Under Investigation,14.40625,75.92769
5590,100190001202305590,Hassan,1,2023-07-22,2023,7,FIR,Non-Heinous,Cyber Crime,Phishing,Under Investigation,12.95713,76.15406
5591,100040003202505591,Mangaluru (Dakshina Kannada),3,2025-09-21,2025,9,FIR,Heinous,Crimes Against Body,Murder,Closed,12.9464,74.90448
5592,100030002202505592,Mysuru,2,2025-10-05,2025,10,FIR,Heinous,Crimes Against Women,Sexual Assault,Undetected,12.2813,76.71497
5593,700190001202505593,Hassan,1,2025-04-05,2025,4,Zero FIR,Non-Heinous,Crimes Against Property,Dacoity,Undetected,13.02977,76.03904
5594,400050004202205594,Belagavi,4,2022-08-21,2022,8,UDR,Non-Heinous,Economic Offences,Criminal Breach of Trust,Charge Sheeted,15.73876,74.48566
5595,100240004202205595,Kodagu,4,2022-08-11,2022,8,FIR,Non-Heinous,Economic Offences,Forgery,Under Investigation,12.31686,75.63175
5596,400020002202305596,Bengaluru Rural,2,2023-07-26,2023,7,UDR,Non-Heinous,Public Order,Rioting,Charge Sheeted,13.30902,77.49905
5597,100140004202605597,Bidar,4,2026-03-19,2026,3,FIR,Non-Heinous,Crimes Against Property,Robbery,Closed,17.87636,77.53624
5598,100190003202305598,Hassan,3,2023-10-01,2023,10,FIR,Non-Heinous,Crimes Against Women,Dowry Harassment,Charge Sheeted,13.09816,76.05919
5599,100060002202205599,Kalaburagi,2,2022-04-15,2022,4,FIR,Heinous,Crimes Against Women,Sexual Assault,Under Investigation,17.39475,76.86261
5600,100030002202405600,Mysuru,2,2024-04-18,2024,4,FIR,Non-Heinous,Public Order,Unlawful Assembly,False Case,12.33646,76.50166
5601,100010001202605601,Bengaluru City,1,2026-05-26,2026,5,FIR,Non-Heinous,Economic Offences,Forgery,Under Investigation,13.07028,77.57547
5602,400190002202405602,Hassan,2,2024-01-23,2024,1,UDR,Non-Heinous,Economic Offences,Cheating,Undetected,12.99662,76.0564
5603,400160001202305603,Udupi,1,2023-05-20,2023,5,UDR,Non-Heinous,Crimes Against Women,Dowry Harassment,Under Investigation,13.31335,74.83299
5604,100050001202405604,Belagavi,1,2024-09-27,2024,9,FIR,Non-Heinous,Cyber Crime,Online Fraud,Under Investigation,15.76894,74.45687
5605,100100003202505605,Shivamogga,3,2025-08-16,2025,8,FIR,Heinous,Crimes Against Body,Assault,Charge Sheeted,13.90299,75.53727
5606,100140003202505606,Bidar,3,2025-07-18,2025,7,FIR,Non-Heinous,Crimes Against Property,Dacoity,Under Investigation,17.84129,77.50053
5607,100010001202605607,Bengaluru City,1,2026-11-27,2026,11,PAR,Non-Heinous,Crimes Against Property,Dacoity,Closed,12.96674,77.6082
5608,100010003202505608,Bengaluru City,3,2025-06-23,2025,6,FIR,Non-Heinous,Crimes Against Body,Assault,Undetected,13.00664,77.52541
5609,100020003202405609,Bengaluru Rural,3,2024-04-04,2024,4,FIR,Heinous,Crimes Against Body,Murder,Under Investigation,13.25439,77.55901
5610,700280004202405610,Haveri,4,2024-08-24,2024,8,Zero FIR,Non-Heinous,Cyber Crime,Cyberstalking,Under Investigation,14.72557,75.41502
5611,100040003202305611,Mangaluru (Dakshina Kannada),3,2023-08-13,2023,8,FIR,Heinous,Crimes Against Body,Attempt to Murder,Charge Sheeted,12.93927,74.8338
5612,100020004202405612,Bengaluru Rural,4,2024-12-04,2024,12,FIR,Non-Heinous,Economic Offences,Cheating,Charge Sheeted,13.21056,77.46636
5613,100170004202405613,Kolar,4,2024-12-20,2024,12,FIR,Heinous,Crimes Against Women,Molestation,Under Investigation,13.20365,78.02816
5614,100280003202405614,Haveri,3,2024-02-05,2024,2,FIR,Non-Heinous,Cyber Crime,Identity Theft,Charge Sheeted,14.82709,75.47837
5615,100060004202305615,Kalaburagi,4,2023-01-21,2023,1,FIR,Non-Heinous,Crimes Against Women,Molestation,Undetected,17.31117,76.87088
5616,100100004202205616,Shivamogga,4,2022-06-17,2022,6,FIR,Non-Heinous,Crimes Against Body,Assault,Charge Sheeted,13.94936,75.64424
5617,100020002202205617,Bengaluru Rural,2,2022-04-15,2022,4,FIR,Non-Heinous,Crimes Against Property,Burglary,Charge Sheeted,13.31766,77.6528
5618,100110002202405618,Davanagere,2,2024-10-10,2024,10,FIR,Non-Heinous,Crimes Against Property,Burglary,Closed,14.46374,75.94292
5619,100010001202405619,Bengaluru City,1,2024-06-20,2024,6,FIR,Non-Heinous,Crimes Against Body,Attempt to Murder,Under Investigation,12.88743,77.58472
5620,100220001202605620,Yadgir,1,2026-10-03,2026,10,FIR,Non-Heinous,Crimes Against Women,Sexual Assault,Under Investigation,16.75802,77.10324
5621,100050001202305621,Belagavi,1,2023-02-01,2023,2,PAR,Non-Heinous,Crimes Against Property,Theft,Charge Sheeted,15.85518,74.38862
5622,100030001202505622,Mysuru,1,2025-01-23,2025,1,PAR,Non-Heinous,Crimes Against Body,Assault,Charge Sheeted,12.26932,76.58695
5623,100210002202205623,Koppal,2,2022-02-13,2022,2,FIR,Non-Heinous,Crimes Against Property,Robbery,Closed,15.20925,76.18835
5624,100050002202605624,Belagavi,2,2026-04-13,2026,4,FIR,Non-Heinous,Crimes Against Property,Robbery,Charge Sheeted,15.94029,74.5627
5625,100050002202605625,Belagavi,2,2026-10-22,2026,10,FIR,Non-Heinous,Crimes Against Property,Dacoity,Under Investigation,15.82139,74.53482
5626,100130004202405626,Raichur,4,2024-06-01,2024,6,FIR,Non-Heinous,Crimes Against Property,Dacoity,Closed,16.18654,77.36899
5627,100090004202405627,Tumakuru,4,2024-04-16,2024,4,FIR,Non-Heinous,Crimes Against Property,Burglary,False Case,13.40783,77.07863
5628,100050003202505628,Belagavi,3,2025-12-06,2025,12,FIR,Non-Heinous,Crimes Against Property,Dacoity,False Case,15.99003,74.53656
5629,100190004202305629,Hassan,4,2023-06-25,2023,6,FIR,Non-Heinous,Crimes Against Property,Robbery,Under Investigation,13.01786,76.12172
5630,100020004202605630,Bengaluru Rural,4,2026-01-02,2026,1,FIR,Non-Heinous,Crimes Against Women,Sexual Assault,Charge Sheeted,13.39344,77.59947
5631,100130002202205631,Raichur,2,2022-05-15,2022,5,PAR,Non-Heinous,Crimes Against Property,Robbery,False Case,16.27838,77.34462
5632,100030002202205632,Mysuru,2,2022-08-20,2022,8,FIR,Heinous,Crimes Against Women,Sexual Assault,Undetected,12.34582,76.6871
5633,100080002202505633,Ballari,2,2025-07-18,2025,7,FIR,Non-Heinous,Economic Offences,Cheating,Under Investigation,15.08766,76.83928
5634,100050004202605634,Belagavi,4,2026-09-26,2026,9,FIR,Non-Heinous,Crimes Against Property,Robbery,Closed,15.76909,74.49307
5635,100070004202205635,Hubballi-Dharwad,4,2022-01-04,2022,1,FIR,Non-Heinous,Crimes Against Women,Dowry Harassment,Under Investigation,15.34419,75.14099
5636,100270001202605636,Bagalkot,1,2026-03-09,2026,3,FIR,Heinous,Crimes Against Women,Sexual Assault,Under Investigation,16.2422,75.65133
5637,100030004202605637,Mysuru,4,2026-07-20,2026,7,FIR,Non-Heinous,Cyber Crime,Online Fraud,Under Investigation,12.21964,76.72181
5638,400100003202605638,Shivamogga,3,2026-02-08,2026,2,UDR,Non-Heinous,Crimes Against Property,Robbery,Undetected,13.96906,75.41428
5639,100130001202605639,Raichur,1,2026-03-02,2026,3,FIR,Non-Heinous,Crimes Against Body,Attempt to Murder,Charge Sheeted,16.21412,77.47239
5640,100090001202605640,Tumakuru,1,2026-12-22,2026,12,FIR,Non-Heinous,Crimes Against Property,Robbery,Charge Sheeted,13.42089,77.08255
5641,100170001202305641,Kolar,1,2023-09-13,2023,9,FIR,Non-Heinous,Crimes Against Property,Dacoity,Under Investigation,13.10727,78.14777
5642,400190001202605642,Hassan,1,2026-02-15,2026,2,UDR,Non-Heinous,Crimes Against Property,Burglary,Charge Sheeted,13.05695,76.19462
5643,100090002202605643,Tumakuru,2,2026-10-01,2026,10,PAR,Non-Heinous,Crimes Against Property,Burglary,Charge Sheeted,13.3387,77.14442
5644,100300004202305644,Uttara Kannada,4,2023-11-09,2023,11,FIR,Non-Heinous,Crimes Against Property,Robbery,Charge Sheeted,14.71409,74.7054
5645,100020002202605645,Bengaluru Rural,2,2026-07-23,2026,7,PAR,Non-Heinous,Crimes Against Property,Robbery,Under Investigation,13.20126,77.43889
5646,100150001202605646,Chikkamagaluru,1,2026-07-03,2026,7,FIR,Non-Heinous,Crimes Against Property,Robbery,Under Investigation,13.43673,75.77958
5647,400030001202605647,Mysuru,1,2026-01-15,2026,1,UDR,Non-Heinous,Crimes Against Property,Robbery,Charge Sheeted,12.40312,76.57013
5648,100230001202505648,Chamarajanagar,1,2025-11-14,2025,11,FIR,Heinous,Crimes Against Body,Attempt to Murder,False Case,11.89034,76.92312
5649,100020004202505649,Bengaluru Rural,4,2025-07-13,2025,7,FIR,Non-Heinous,Crimes Against Property,Burglary,Closed,13.27319,77.62466
5650,100250003202205650,Ramanagara,3,2022-08-25,2022,8,PAR,Non-Heinous,Crimes Against Property,Dacoity,Charge Sheeted,12.68236,77.33981
5651,100080003202605651,Ballari,3,2026-09-01,2026,9,FIR,Non-Heinous,Crimes Against Property,Burglary,Closed,15.10542,76.88946
5652,100050004202605652,Belagavi,4,2026-05-16,2026,5,FIR,Non-Heinous,Crimes Against Property,Robbery,Under Investigation,15.80228,74.51238
5653,100090002202605653,Tumakuru,2,2026-07-24,2026,7,PAR,Non-Heinous,Crimes Against Women,Molestation,Undetected,13.34366,77.10422
5654,100140004202305654,Bidar,4,2023-05-23,2023,5,FIR,Non-Heinous,Crimes Against Property,Dacoity,Closed,17.92274,77.52758
5655,100010002202505655,Bengaluru City,2,2025-12-03,2025,12,FIR,Heinous,Crimes Against Body,Assault,Charge Sheeted,12.90669,77.60718
5656,100110004202405656,Davanagere,4,2024-03-19,2024,3,FIR,Heinous,Crimes Against Women,Molestation,Charge Sheeted,14.63114,75.92657
5657,100190003202605657,Hassan,3,2026-06-10,2026,6,FIR,Non-Heinous,Economic Offences,Forgery,Under Investigation,12.85126,76.12103
5658,100110003202605658,Davanagere,3,2026-11-22,2026,11,FIR,Non-Heinous,Crimes Against Property,Dacoity,Under Investigation,14.53907,75.96762
5659,100150004202205659,Chikkamagaluru,4,2022-11-04,2022,11,FIR,Non-Heinous,Crimes Against Body,Attempt to Murder,False Case,13.33354,75.75199
5660,100050004202205660,Belagavi,4,2022-07-11,2022,7,FIR,Heinous,Crimes Against Women,Sexual Assault,Undetected,15.86937,74.50474
5661,100050003202405661,Belagavi,3,2024-12-01,2024,12,FIR,Heinous,Crimes Against Women,Sexual Assault,Charge Sheeted,15.84894,74.53494
5662,100060001202505662,Kalaburagi,1,2025-04-03,2025,4,FIR,Non-Heinous,Crimes Against Body,Grievous Hurt,False Case,17.38306,76.82632
5663,100020001202505663,Bengaluru Rural,1,2025-06-21,2025,6,FIR,Non-Heinous,Crimes Against Property,Dacoity,Undetected,13.34285,77.48069
5664,100240002202205664,Kodagu,2,2022-06-21,2022,6,FIR,Non-Heinous,Economic Offences,Cheating,Under Investigation,12.24003,75.90204
5665,100240004202305665,Kodagu,4,2023-11-02,2023,11,FIR,Non-Heinous,Crimes Against Body,Murder,Under Investigation,12.37385,75.76882
5666,400030002202405666,Mysuru,2,2024-01-01,2024,1,UDR,Non-Heinous,Crimes Against Women,Domestic Violence,Charge Sheeted,12.28731,76.66874
5667,100030004202405667,Mysuru,4,2024-06-22,2024,6,FIR,Non-Heinous,Crimes Against Property,Dacoity,False Case,12.28535,76.66805
5668,100020004202405668,Bengaluru Rural,4,2024-02-04,2024,2,FIR,Heinous,Crimes Against Women,Dowry Harassment,Closed,13.3076,77.48815
5669,100190003202505669,Hassan,3,2025-04-11,2025,4,FIR,Non-Heinous,Cyber Crime,Online Fraud,Closed,12.94482,76.07399
5670,100010003202405670,Bengaluru City,3,2024-02-09,2024,2,FIR,Non-Heinous,Crimes Against Property,Burglary,False Case,12.99047,77.45165
5671,100240003202605671,Kodagu,3,2026-05-22,2026,5,FIR,Non-Heinous,Crimes Against Property,Robbery,Charge Sheeted,12.27297,75.81958
5672,100010004202505672,Bengaluru City,4,2025-05-21,2025,5,FIR,Heinous,Crimes Against Body,Assault,Closed,13.0197,77.66272
5673,100190004202505673,Hassan,4,2025-10-19,2025,10,FIR,Heinous,Narcotics,NDPS Trafficking,False Case,13.11323,76.0336
5674,100070004202605674,Hubballi-Dharwad,4,2026-05-09,2026,5,FIR,Non-Heinous,Cyber Crime,Identity Theft,Closed,15.32323,75.12312
5675,100180002202205675,Mandya,2,2022-02-17,2022,2,FIR,Non-Heinous,Crimes Against Property,Burglary,False Case,12.57299,76.8792
5676,100040003202505676,Mangaluru (Dakshina Kannada),3,2025-01-15,2025,1,FIR,Non-Heinous,Economic Offences,Criminal Breach of Trust,Under Investigation,12.89972,74.7852
5677,100120002202405677,Vijayapura,2,2024-03-10,2024,3,FIR,Non-Heinous,Cyber Crime,Identity Theft,Undetected,16.77036,75.72147
5678,100230002202605678,Chamarajanagar,2,2026-11-12,2026,11,FIR,Non-Heinous,Narcotics,NDPS Possession,Under Investigation,11.88413,76.92622
5679,100170004202605679,Kolar,4,2026-04-18,2026,4,FIR,Non-Heinous,Crimes Against Property,Theft,Under Investigation,13.12218,78.26579
5680,100170004202605680,Kolar,4,2026-08-04,2026,8,FIR,Non-Heinous,Crimes Against Women,Domestic Violence,Charge Sheeted,13.10967,78.08214
5681,100090002202405681,Tumakuru,2,2024-12-21,2024,12,FIR,Non-Heinous,Crimes Against Body,Murder,Closed,13.41488,77.16191
5682,100190004202305682,Hassan,4,2023-01-08,2023,1,FIR,Non-Heinous,Crimes Against Property,Burglary,False Case,12.96095,76.19902
5683,100030004202205683,Mysuru,4,2022-11-18,2022,11,FIR,Non-Heinous,Crimes Against Body,Attempt to Murder,Charge Sheeted,12.25454,76.65711
5684,100020001202205684,Bengaluru Rural,1,2022-09-10,2022,9,FIR,Non-Heinous,Crimes Against Body,Attempt to Murder,Charge Sheeted,13.28636,77.54075
5685,100190002202405685,Hassan,2,2024-11-07,2024,11,FIR,Non-Heinous,Narcotics,NDPS Possession,Under Investigation,12.99451,75.98461
5686,100050001202605686,Belagavi,1,2026-02-25,2026,2,FIR,Non-Heinous,Crimes Against Body,Grievous Hurt,Under Investigation,15.75582,74.60303
5687,100070004202505687,Hubballi-Dharwad,4,2025-12-08,2025,12,FIR,Heinous,Crimes Against Women,Dowry Harassment,Charge Sheeted,15.3365,75.19624
5688,100160001202505688,Udupi,1,2025-01-03,2025,1,FIR,Non-Heinous,Crimes Against Property,Robbery,Under Investigation,13.39832,74.67905
5689,100120001202405689,Vijayapura,1,2024-09-13,2024,9,FIR,Non-Heinous,Crimes Against Property,Burglary,Under Investigation,16.82074,75.6623
5690,100280004202605690,Haveri,4,2026-10-14,2026,10,FIR,Non-Heinous,Public Order,Rioting,Closed,14.81193,75.38916
5691,400010004202505691,Bengaluru City,4,2025-06-02,2025,6,UDR,Non-Heinous,Cyber Crime,Online Fraud,Undetected,12.78616,77.62803
5692,100240001202505692,Kodagu,1,2025-09-21,2025,9,FIR,Heinous,Crimes Against Women,Sexual Assault,Closed,12.38143,75.75754
5693,100010001202405693,Bengaluru City,1,2024-12-25,2024,12,PAR,Non-Heinous,Narcotics,NDPS Trafficking,Under Investigation,13.0099,77.69214
5694,100250001202505694,Ramanagara,1,2025-03-03,2025,3,FIR,Non-Heinous,Cyber Crime,Identity Theft,Charge Sheeted,12.73152,77.30566
5695,400010003202305695,Bengaluru City,3,2023-03-22,2023,3,UDR,Non-Heinous,Crimes Against Women,Sexual Assault,Under Investigation,12.97081,77.70581
5696,100080003202205696,Ballari,3,2022-03-13,2022,3,FIR,Non-Heinous,Crimes Against Property,Theft,Undetected,15.1593,76.99324
5697,400230001202405697,Chamarajanagar,1,2024-02-02,2024,2,UDR,Non-Heinous,Crimes Against Property,Theft,Charge Sheeted,11.87761,76.91999
5698,100050003202605698,Belagavi,3,2026-04-06,2026,4,PAR,Non-Heinous,Crimes Against Property,Theft,Undetected,15.88897,74.65935
5699,100050001202505699,Belagavi,1,2025-09-25,2025,9,FIR,Non-Heinous,Cyber Crime,Cyberstalking,Under Investigation,15.84365,74.37887
5700,100010002202405700,Bengaluru City,2,2024-10-15,2024,10,FIR,Non-Heinous,Crimes Against Property,Dacoity,Under Investigation,12.96663,77.65523
5701,400040001202405701,Mangaluru (Dakshina Kannada),1,2024-12-11,2024,12,UDR,Non-Heinous,Cyber Crime,Identity Theft,Closed,12.9542,74.79477
5702,400240001202605702,Kodagu,1,2026-08-22,2026,8,UDR,Non-Heinous,Crimes Against Property,Burglary,Under Investigation,12.47376,75.8806
5703,100240004202605703,Kodagu,4,2026-10-18,2026,10,FIR,Non-Heinous,Economic Offences,Forgery,Charge Sheeted,12.36244,75.7873
5704,100040003202505704,Mangaluru (Dakshina Kannada),3,2025-07-02,2025,7,FIR,Non-Heinous,Crimes Against Property,Dacoity,Closed,12.9352,74.78629
5705,100020002202605705,Bengaluru Rural,2,2026-12-24,2026,12,FIR,Non-Heinous,Economic Offences,Criminal Breach of Trust,Under Investigation,13.32355,77.615
5706,100240002202205706,Kodagu,2,2022-01-11,2022,1,FIR,Non-Heinous,Crimes Against Women,Dowry Harassment,Undetected,12.22275,75.78713
5707,100270002202405707,Bagalkot,2,2024-09-07,2024,9,FIR,Non-Heinous,Economic Offences,Cheating,Charge Sheeted,16.24464,75.61564
5708,700130002202405708,Raichur,2,2024-01-21,2024,1,Zero FIR,Heinous,Crimes Against Body,Attempt to Murder,Undetected,16.13387,77.35085
5709,700290004202305709,Gadag,4,2023-10-12,2023,10,Zero FIR,Non-Heinous,Crimes Against Property,Burglary,Closed,15.44302,75.59812
5710,100160002202405710,Udupi,2,2024-02-08,2024,2,FIR,Non-Heinous,Economic Offences,Forgery,Charge Sheeted,13.28894,74.72128
5711,100240002202505711,Kodagu,2,2025-04-14,2025,4,FIR,Heinous,Crimes Against Women,Dowry Harassment,Under Investigation,12.33908,75.71867
5712,100170002202205712,Kolar,2,2022-05-23,2022,5,FIR,Non-Heinous,Economic Offences,Cheating,Charge Sheeted,13.15735,78.15518
5713,100050003202505713,Belagavi,3,2025-10-16,2025,10,FIR,Non-Heinous,Crimes Against Body,Attempt to Murder,Charge Sheeted,15.88334,74.54453
5714,100190003202305714,Hassan,3,2023-07-11,2023,7,FIR,Non-Heinous,Crimes Against Property,Robbery,Charge Sheeted,12.94787,76.02728
5715,100160004202405715,Udupi,4,2024-06-02,2024,6,FIR,Non-Heinous,Crimes Against Body,Grievous Hurt,Closed,13.27438,74.73978
5716,100080001202605716,Ballari,1,2026-03-14,2026,3,FIR,Heinous,Crimes Against Body,Attempt to Murder,Under Investigation,15.2373,77.06109
5717,100290002202505717,Gadag,2,2025-12-16,2025,12,FIR,Non-Heinous,Cyber Crime,Cyberstalking,Closed,15.45714,75.6265
5718,100020002202305718,Bengaluru Rural,2,2023-06-11,2023,6,FIR,Non-Heinous,Narcotics,NDPS Trafficking,Under Investigation,13.28088,77.62441
5719,100300001202405719,Uttara Kannada,1,2024-05-18,2024,5,FIR,Heinous,Crimes Against Women,Molestation,Charge Sheeted,14.70529,74.71485
5720,100150004202605720,Chikkamagaluru,4,2026-12-19,2026,12,FIR,Non-Heinous,Crimes Against Body,Murder,Under Investigation,13.32527,75.775
5721,700020003202505721,Bengaluru Rural,3,2025-08-23,2025,8,Zero FIR,Non-Heinous,Crimes Against Body,Grievous Hurt,Charge Sheeted,13.24553,77.54366
5722,100150001202405722,Chikkamagaluru,1,2024-01-19,2024,1,FIR,Non-Heinous,Crimes Against Body,Grievous Hurt,Charge Sheeted,13.34502,75.82898
5723,100080004202605723,Ballari,4,2026-10-25,2026,10,FIR,Heinous,Crimes Against Women,Sexual Assault,Under Investigation,15.13416,76.88714
5724,400010001202605724,Bengaluru City,1,2026-06-12,2026,6,UDR,Non-Heinous,Crimes Against Body,Attempt to Murder,Under Investigation,12.99808,77.77824
5725,100090004202205725,Tumakuru,4,2022-07-08,2022,7,FIR,Non-Heinous,Narcotics,NDPS Trafficking,Under Investigation,13.24189,77.10273
5726,100010003202305726,Bengaluru City,3,2023-12-06,2023,12,FIR,Non-Heinous,Cyber Crime,Online Fraud,Charge Sheeted,13.00546,77.52997
5727,100280001202205727,Haveri,1,2022-05-11,2022,5,PAR,Heinous,Crimes Against Body,Grievous Hurt,Closed,14.76619,75.37494
5728,100030004202405728,Mysuru,4,2024-05-21,2024,5,FIR,Non-Heinous,Crimes Against Property,Dacoity,Under Investigation,12.29494,76.67149
5729,100160001202505729,Udupi,1,2025-12-17,2025,12,FIR,Non-Heinous,Crimes Against Property,Burglary,Closed,13.23412,74.82904
5730,400090003202205730,Tumakuru,3,2022-01-12,2022,1,UDR,Non-Heinous,Crimes Against Property,Burglary,Under Investigation,13.31246,77.16474
5731,100050003202605731,Belagavi,3,2026-10-04,2026,10,FIR,Non-Heinous,Crimes Against Women,Sexual Assault,Under Investigation,15.89877,74.59207
5732,100080003202505732,Ballari,3,2025-08-22,2025,8,FIR,Non-Heinous,Economic Offences,Criminal Breach of Trust,Charge Sheeted,15.04243,76.99982
5733,100190001202305733,Hassan,1,2023-06-24,2023,6,FIR,Heinous,Crimes Against Women,Domestic Violence,Undetected,12.99486,76.1921
5734,700030004202305734,Mysuru,4,2023-04-06,2023,4,Zero FIR,Non-Heinous,Crimes Against Property,Burglary,Closed,12.32647,76.53611
5735,400060003202405735,Kalaburagi,3,2024-04-17,2024,4,UDR,Non-Heinous,Crimes Against Property,Dacoity,Closed,17.37031,76.91975
5736,100200003202605736,Chitradurga,3,2026-10-03,2026,10,FIR,Non-Heinous,Crimes Against Women,Sexual Assault,False Case,14.28528,76.37526
5737,100120002202605737,Vijayapura,2,2026-10-04,2026,10,FIR,Non-Heinous,Crimes Against Women,Molestation,Charge Sheeted,16.74364,75.68374
5738,100050001202505738,Belagavi,1,2025-02-13,2025,2,PAR,Non-Heinous,Economic Offences,Cheating,Closed,15.90167,74.50997
5739,100110004202305739,Davanagere,4,2023-05-18,2023,5,FIR,Heinous,Crimes Against Body,Assault,Closed,14.44162,75.96184
5740,100050001202305740,Belagavi,1,2023-01-22,2023,1,FIR,Non-Heinous,Crimes Against Women,Sexual Assault,Under Investigation,15.84317,74.48927
5741,100050004202605741,Belagavi,4,2026-12-20,2026,12,FIR,Heinous,Crimes Against Body,Attempt to Murder,Under Investigation,15.86527,74.47458
5742,100250002202605742,Ramanagara,2,2026-12-27,2026,12,FIR,Non-Heinous,Cyber Crime,Identity Theft,Closed,12.69313,77.28911
5743,100010003202505743,Bengaluru City,3,2025-05-26,2025,5,PAR,Non-Heinous,Crimes Against Body,Murder,Closed,12.89601,77.7718
5744,100210003202205744,Koppal,3,2022-03-12,2022,3,FIR,Non-Heinous,Crimes Against Property,Burglary,Under Investigation,15.32357,76.10234
5745,100020003202305745,Bengaluru Rural,3,2023-02-21,2023,2,FIR,Non-Heinous,Economic Offences,Criminal Breach of Trust,Charge Sheeted,13.43523,77.40493
5746,400150004202505746,Chikkamagaluru,4,2025-07-26,2025,7,UDR,Non-Heinous,Economic Offences,Cheating,False Case,13.28638,75.81161
5747,100010001202205747,Bengaluru City,1,2022-11-14,2022,11,FIR,Non-Heinous,Crimes Against Body,Murder,Charge Sheeted,12.96295,77.65717
5748,100230003202605748,Chamarajanagar,3,2026-08-17,2026,8,PAR,Heinous,Crimes Against Women,Domestic Violence,False Case,11.91073,76.97276
5749,100010002202205749,Bengaluru City,2,2022-06-08,2022,6,FIR,Heinous,Crimes Against Body,Murder,Under Investigation,12.99946,77.59893
5750,100130002202305750,Raichur,2,2023-07-07,2023,7,FIR,Non-Heinous,Crimes Against Women,Sexual Assault,Closed,16.15097,77.41041
5751,700220004202305751,Yadgir,4,2023-05-06,2023,5,Zero FIR,Non-Heinous,Crimes Against Property,Theft,Charge Sheeted,16.72759,77.10945
5752,100050003202605752,Belagavi,3,2026-09-27,2026,9,FIR,Non-Heinous,Crimes Against Property,Burglary,Charge Sheeted,15.74495,74.51339
5753,100160002202605753,Udupi,2,2026-07-06,2026,7,FIR,Non-Heinous,Crimes Against Body,Attempt to Murder,Charge Sheeted,13.35467,74.68325
5754,700020001202505754,Bengaluru Rural,1,2025-07-16,2025,7,Zero FIR,Non-Heinous,Crimes Against Body,Assault,Closed,13.22651,77.46485
5755,100050001202405755,Belagavi,1,2024-12-25,2024,12,FIR,Non-Heinous,Crimes Against Property,Burglary,Charge Sheeted,15.85214,74.55716
5756,100050004202205756,Belagavi,4,2022-07-05,2022,7,FIR,Non-Heinous,Crimes Against Property,Robbery,Charge Sheeted,15.84216,74.47166
5757,100050002202605757,Belagavi,2,2026-08-08,2026,8,FIR,Non-Heinous,Economic Offences,Cheating,Closed,15.86599,74.51162
5758,100020003202405758,Bengaluru Rural,3,2024-12-13,2024,12,FIR,Non-Heinous,Crimes Against Property,Dacoity,Under Investigation,13.30501,77.58075
5759,100230001202605759,Chamarajanagar,1,2026-01-07,2026,1,FIR,Non-Heinous,Crimes Against Body,Grievous Hurt,Charge Sheeted,12.03942,76.87662
5760,100050003202505760,Belagavi,3,2025-02-07,2025,2,FIR,Non-Heinous,Crimes Against Women,Sexual Assault,Charge Sheeted,15.90712,74.5426
5761,100110002202505761,Davanagere,2,2025-03-27,2025,3,FIR,Non-Heinous,Crimes Against Body,Assault,Charge Sheeted,14.56597,75.90985
5762,100160001202405762,Udupi,1,2024-12-02,2024,12,FIR,Non-Heinous,Crimes Against Body,Grievous Hurt,Undetected,13.31506,74.67492
5763,100010002202205763,Bengaluru City,2,2022-12-10,2022,12,FIR,Non-Heinous,Crimes Against Body,Attempt to Murder,Charge Sheeted,12.99952,77.57877
5764,100050002202205764,Belagavi,2,2022-11-02,2022,11,FIR,Non-Heinous,Crimes Against Women,Domestic Violence,False Case,15.86208,74.49542
5765,100190003202305765,Hassan,3,2023-05-15,2023,5,FIR,Non-Heinous,Cyber Crime,Online Fraud,Under Investigation,12.9696,76.06211
5766,700020004202205766,Bengaluru Rural,4,2022-09-07,2022,9,Zero FIR,Non-Heinous,Crimes Against Women,Dowry Harassment,False Case,13.20713,77.62761
5767,100050003202505767,Belagavi,3,2025-02-27,2025,2,FIR,Non-Heinous,Economic Offences,Cheating,Under Investigation,15.84504,74.47645
5768,400280001202505768,Haveri,1,2025-06-24,2025,6,UDR,Non-Heinous,Economic Offences,Cheating,Under Investigation,14.81687,75.58238
5769,700240002202605769,Kodagu,2,2026-08-11,2026,8,Zero FIR,Non-Heinous,Economic Offences,Forgery,Under Investigation,12.31202,75.76369
5770,100250001202205770,Ramanagara,1,2022-02-18,2022,2,FIR,Non-Heinous,Crimes Against Property,Robbery,Charge Sheeted,12.59815,77.31722
5771,100020002202205771,Bengaluru Rural,2,2022-10-16,2022,10,FIR,Non-Heinous,Crimes Against Property,Burglary,Under Investigation,13.32653,77.54235
5772,100280001202305772,Haveri,1,2023-01-25,2023,1,FIR,Non-Heinous,Cyber Crime,Identity Theft,Charge Sheeted,14.83196,75.22219
5773,100030004202605773,Mysuru,4,2026-05-20,2026,5,FIR,Non-Heinous,Crimes Against Property,Theft,Under Investigation,12.26607,76.64384
5774,100270003202605774,Bagalkot,3,2026-10-03,2026,10,FIR,Non-Heinous,Crimes Against Property,Robbery,Charge Sheeted,16.09943,75.65347
5775,100110004202505775,Davanagere,4,2025-03-04,2025,3,FIR,Non-Heinous,Crimes Against Property,Theft,Charge Sheeted,14.58829,75.96559
5776,100130004202605776,Raichur,4,2026-08-26,2026,8,FIR,Non-Heinous,Crimes Against Property,Dacoity,Under Investigation,16.12154,77.30332
5777,100020002202605777,Bengaluru Rural,2,2026-10-04,2026,10,FIR,Non-Heinous,Cyber Crime,Online Fraud,Under Investigation,13.28575,77.58287
5778,700060004202405778,Kalaburagi,4,2024-05-13,2024,5,Zero FIR,Heinous,Crimes Against Body,Assault,Closed,17.23298,76.81663
5779,100110003202605779,Davanagere,3,2026-01-06,2026,1,FIR,Heinous,Crimes Against Body,Attempt to Murder,False Case,14.50495,75.90008
5780,100040004202205780,Mangaluru (Dakshina Kannada),4,2022-06-06,2022,6,FIR,Non-Heinous,Crimes Against Property,Burglary,Charge Sheeted,12.97116,74.87078
5781,400120001202405781,Vijayapura,1,2024-06-13,2024,6,UDR,Non-Heinous,Cyber Crime,Online Fraud,Charge Sheeted,16.82387,75.7476
5782,100170004202605782,Kolar,4,2026-08-05,2026,8,FIR,Non-Heinous,Cyber Crime,Online Fraud,Under Investigation,13.19838,78.18662
5783,700060004202505783,Kalaburagi,4,2025-12-16,2025,12,Zero FIR,Heinous,Crimes Against Women,Molestation,Under Investigation,17.2311,76.87541
5784,100080003202605784,Ballari,3,2026-11-07,2026,11,FIR,Non-Heinous,Crimes Against Body,Assault,Charge Sheeted,15.14223,76.94257
5785,100250001202305785,Ramanagara,1,2023-12-25,2023,12,FIR,Non-Heinous,Cyber Crime,Cyberstalking,Under Investigation,12.6939,77.33795
5786,100010002202405786,Bengaluru City,2,2024-06-11,2024,6,FIR,Non-Heinous,Crimes Against Body,Murder,Under Investigation,12.97761,77.64408
5787,100120004202205787,Vijayapura,4,2022-11-27,2022,11,PAR,Non-Heinous,Public Order,Unlawful Assembly,False Case,16.84076,75.63007
5788,100050001202405788,Belagavi,1,2024-09-08,2024,9,FIR,Heinous,Crimes Against Women,Domestic Violence,Charge Sheeted,15.77356,74.44703
5789,100040004202205789,Mangaluru (Dakshina Kannada),4,2022-03-06,2022,3,FIR,Heinous,Crimes Against Women,Molestation,Under Investigation,12.91441,74.87333
5790,700090001202505790,Tumakuru,1,2025-08-11,2025,8,Zero FIR,Non-Heinous,Narcotics,NDPS Trafficking,False Case,13.31044,77.13847
5791,100110003202605791,Davanagere,3,2026-08-26,2026,8,PAR,Non-Heinous,Crimes Against Women,Domestic Violence,Under Investigation,14.41142,75.87439
5792,400230004202605792,Chamarajanagar,4,2026-08-20,2026,8,UDR,Non-Heinous,Crimes Against Property,Robbery,Charge Sheeted,11.95358,76.93501
5793,100220002202605793,Yadgir,2,2026-12-01,2026,12,FIR,Non-Heinous,Crimes Against Women,Molestation,Under Investigation,16.68932,77.11956
5794,100050001202505794,Belagavi,1,2025-12-18,2025,12,FIR,Non-Heinous,Crimes Against Body,Grievous Hurt,Under Investigation,15.83161,74.43318
5795,100170002202605795,Kolar,2,2026-08-02,2026,8,FIR,Non-Heinous,Crimes Against Property,Theft,Undetected,13.0409,78.20238
5796,100050003202405796,Belagavi,3,2024-02-03,2024,2,PAR,Non-Heinous,Crimes Against Property,Burglary,Charge Sheeted,15.84962,74.4651
5797,100130004202605797,Raichur,4,2026-04-26,2026,4,FIR,Non-Heinous,Crimes Against Women,Dowry Harassment,Under Investigation,16.16502,77.39388
5798,100010001202205798,Bengaluru City,1,2022-02-05,2022,2,FIR,Non-Heinous,Crimes Against Body,Attempt to Murder,Charge Sheeted,13.01144,77.61904
5799,100230002202205799,Chamarajanagar,2,2022-11-06,2022,11,FIR,Non-Heinous,Cyber Crime,Online Fraud,Under Investigation,11.93174,76.96994
5800,100130004202605800,Raichur,4,2026-07-13,2026,7,FIR,Non-Heinous,Crimes Against Property,Theft,Charge Sheeted,16.22384,77.32873
5801,100090004202605801,Tumakuru,4,2026-06-09,2026,6,FIR,Heinous,Crimes Against Women,Molestation,Charge Sheeted,13.35828,77.03606
5802,100030001202405802,Mysuru,1,2024-04-19,2024,4,FIR,Non-Heinous,Crimes Against Body,Murder,Undetected,12.23564,76.47966
5803,700090003202305803,Tumakuru,3,2023-07-17,2023,7,Zero FIR,Non-Heinous,Crimes Against Property,Robbery,Charge Sheeted,13.31518,77.07449
5804,100050004202505804,Belagavi,4,2025-07-20,2025,7,PAR,Non-Heinous,Crimes Against Body,Grievous Hurt,False Case,15.95979,74.58633
5805,100130003202505805,Raichur,3,2025-06-01,2025,6,FIR,Non-Heinous,Cyber Crime,Identity Theft,Charge Sheeted,16.14592,77.35712
5806,100110002202505806,Davanagere,2,2025-09-13,2025,9,FIR,Non-Heinous,Cyber Crime,Identity Theft,Charge Sheeted,14.4658,76.01198
5807,400020004202205807,Bengaluru Rural,4,2022-10-03,2022,10,UDR,Non-Heinous,Crimes Against Body,Attempt to Murder,Charge Sheeted,13.28133,77.48797
5808,100020004202205808,Bengaluru Rural,4,2022-08-17,2022,8,FIR,Non-Heinous,Economic Offences,Forgery,Under Investigation,13.33342,77.50447
5809,100010004202405809,Bengaluru City,4,2024-01-27,2024,1,FIR,Non-Heinous,Crimes Against Property,Theft,Charge Sheeted,12.9803,77.54465
5810,100020001202405810,Bengaluru Rural,1,2024-01-20,2024,1,FIR,Non-Heinous,Crimes Against Body,Murder,Charge Sheeted,13.30079,77.61882
5811,400060001202205811,Kalaburagi,1,2022-08-26,2022,8,UDR,Non-Heinous,Narcotics,NDPS Possession,Closed,17.35894,76.80021
5812,100250004202305812,Ramanagara,4,2023-05-16,2023,5,FIR,Heinous,Narcotics,NDPS Trafficking,Charge Sheeted,12.81987,77.31776
5813,100110003202605813,Davanagere,3,2026-02-15,2026,2,FIR,Non-Heinous,Crimes Against Body,Grievous Hurt,Under Investigation,14.52923,76.03302
5814,100130004202605814,Raichur,4,2026-08-18,2026,8,FIR,Heinous,Crimes Against Body,Grievous Hurt,Under Investigation,16.20094,77.34358
5815,100010002202605815,Bengaluru City,2,2026-11-02,2026,11,FIR,Non-Heinous,Crimes Against Property,Robbery,Closed,13.00189,77.57354
5816,100130002202605816,Raichur,2,2026-03-05,2026,3,FIR,Non-Heinous,Crimes Against Women,Domestic Violence,Charge Sheeted,16.13048,77.35789
5817,100030002202505817,Mysuru,2,2025-06-24,2025,6,FIR,Non-Heinous,Cyber Crime,Phishing,Charge Sheeted,12.37265,76.60972
5818,100110003202605818,Davanagere,3,2026-01-07,2026,1,FIR,Non-Heinous,Cyber Crime,Online Fraud,Under Investigation,14.45486,75.84183
5819,700030001202605819,Mysuru,1,2026-05-16,2026,5,Zero FIR,Non-Heinous,Crimes Against Property,Robbery,Undetected,12.22597,76.58426
5820,100140003202305820,Bidar,3,2023-08-02,2023,8,PAR,Heinous,Crimes Against Body,Attempt to Murder,Charge Sheeted,17.90982,77.6157
5821,100130001202605821,Raichur,1,2026-06-23,2026,6,FIR,Non-Heinous,Crimes Against Property,Robbery,Closed,16.10053,77.40354
5822,100060002202205822,Kalaburagi,2,2022-11-24,2022,11,FIR,Non-Heinous,Crimes Against Women,Molestation,Under Investigation,17.33659,76.78654
5823,400050002202605823,Belagavi,2,2026-01-18,2026,1,UDR,Non-Heinous,Crimes Against Property,Burglary,Charge Sheeted,15.85352,74.45847
5824,100030003202505824,Mysuru,3,2025-06-19,2025,6,FIR,Non-Heinous,Cyber Crime,Cyberstalking,Under Investigation,12.34956,76.63201
5825,100170003202405825,Kolar,3,2024-08-26,2024,8,FIR,Heinous,Crimes Against Body,Attempt to Murder,Closed,13.15257,78.10599
5826,100280003202505826,Haveri,3,2025-06-17,2025,6,FIR,Non-Heinous,Economic Offences,Cheating,Undetected,14.79756,75.42602
5827,400100001202205827,Shivamogga,1,2022-07-03,2022,7,UDR,Non-Heinous,Crimes Against Body,Grievous Hurt,False Case,13.97789,75.56105
5828,100130001202405828,Raichur,1,2024-11-13,2024,11,FIR,Non-Heinous,Crimes Against Property,Dacoity,Under Investigation,16.18814,77.38102
5829,100130001202505829,Raichur,1,2025-02-06,2025,2,FIR,Heinous,Narcotics,NDPS Trafficking,Charge Sheeted,16.11141,77.40855
5830,700080002202405830,Ballari,2,2024-08-23,2024,8,Zero FIR,Non-Heinous,Crimes Against Property,Dacoity,Under Investigation,15.22535,76.94986
5831,100130004202505831,Raichur,4,2025-07-07,2025,7,FIR,Non-Heinous,Crimes Against Women,Molestation,Charge Sheeted,16.11368,77.28784
5832,100180002202305832,Mandya,2,2023-05-10,2023,5,FIR,Heinous,Crimes Against Women,Dowry Harassment,Closed,12.56245,76.90341
5833,400010003202605833,Bengaluru City,3,2026-11-13,2026,11,UDR,Non-Heinous,Crimes Against Property,Burglary,Under Investigation,12.95603,77.57282
5834,100110002202505834,Davanagere,2,2025-01-03,2025,1,FIR,Heinous,Crimes Against Women,Dowry Harassment,Charge Sheeted,14.48947,75.96608
5835,100020003202505835,Bengaluru Rural,3,2025-01-02,2025,1,FIR,Non-Heinous,Crimes Against Body,Murder,Closed,13.24156,77.65852
5836,100040001202405836,Mangaluru (Dakshina Kannada),1,2024-12-21,2024,12,FIR,Non-Heinous,Crimes Against Women,Molestation,Charge Sheeted,12.87636,74.8294
5837,400090003202605837,Tumakuru,3,2026-02-04,2026,2,UDR,Non-Heinous,Crimes Against Body,Grievous Hurt,Undetected,13.30267,77.15761
5838,100300002202605838,Uttara Kannada,2,2026-01-23,2026,1,FIR,Non-Heinous,Narcotics,NDPS Possession,Under Investigation,14.71192,74.66772
5839,100100004202605839,Shivamogga,4,2026-03-05,2026,3,FIR,Heinous,Crimes Against Body,Murder,Closed,13.88239,75.53171
5840,100080004202505840,Ballari,4,2025-12-12,2025,12,FIR,Non-Heinous,Crimes Against Body,Grievous Hurt,Under Investigation,15.18442,76.9454
5841,100230004202605841,Chamarajanagar,4,2026-01-05,2026,1,FIR,Heinous,Narcotics,NDPS Trafficking,Under Investigation,11.90304,76.88177
5842,100030002202605842,Mysuru,2,2026-11-26,2026,11,FIR,Non-Heinous,Crimes Against Property,Dacoity,False Case,12.30023,76.59769
5843,100010001202405843,Bengaluru City,1,2024-11-22,2024,11,FIR,Non-Heinous,Crimes Against Women,Sexual Assault,Closed,12.8838,77.4353
5844,100020003202505844,Bengaluru Rural,3,2025-05-22,2025,5,FIR,Non-Heinous,Crimes Against Property,Dacoity,Closed,13.18962,77.63174
5845,100240003202505845,Kodagu,3,2025-05-26,2025,5,FIR,Non-Heinous,Crimes Against Body,Murder,Charge Sheeted,12.23939,75.86588
5846,400010002202505846,Bengaluru City,2,2025-07-03,2025,7,UDR,Non-Heinous,Crimes Against Property,Theft,Charge Sheeted,12.92926,77.60533
5847,100230003202405847,Chamarajanagar,3,2024-03-03,2024,3,FIR,Non-Heinous,Crimes Against Property,Dacoity,Closed,11.93752,76.89447
5848,100160003202305848,Udupi,3,2023-06-23,2023,6,FIR,Heinous,Crimes Against Women,Sexual Assault,Closed,13.25863,74.6956
5849,100010002202405849,Bengaluru City,2,2024-11-26,2024,11,FIR,Heinous,Crimes Against Body,Murder,Undetected,13.02898,77.51109
5850,400170004202505850,Kolar,4,2025-04-27,2025,4,UDR,Non-Heinous,Crimes Against Women,Sexual Assault,Under Investigation,13.22168,78.14534
5851,100130002202405851,Raichur,2,2024-06-23,2024,6,FIR,Non-Heinous,Crimes Against Property,Burglary,Charge Sheeted,16.28568,77.45954
5852,100240004202405852,Kodagu,4,2024-12-10,2024,12,FIR,Non-Heinous,Crimes Against Women,Sexual Assault,Charge Sheeted,12.30696,75.76842
5853,100090003202505853,Tumakuru,3,2025-02-15,2025,2,FIR,Non-Heinous,Crimes Against Property,Burglary,Under Investigation,13.40164,77.08513
5854,100070002202605854,Hubballi-Dharwad,2,2026-12-09,2026,12,FIR,Heinous,Crimes Against Body,Attempt to Murder,Charge Sheeted,15.31091,75.15365
5855,700120001202505855,Vijayapura,1,2025-05-06,2025,5,Zero FIR,Non-Heinous,Economic Offences,Forgery,Undetected,16.74635,75.73513
5856,100050002202505856,Belagavi,2,2025-07-06,2025,7,FIR,Heinous,Crimes Against Women,Domestic Violence,Under Investigation,16.00944,74.5963
5857,100050001202505857,Belagavi,1,2025-11-17,2025,11,FIR,Non-Heinous,Crimes Against Property,Robbery,Charge Sheeted,15.83946,74.54996
5858,100010001202605858,Bengaluru City,1,2026-01-13,2026,1,FIR,Non-Heinous,Crimes Against Property,Robbery,Under Investigation,13.01558,77.60411
5859,100040002202405859,Mangaluru (Dakshina Kannada),2,2024-01-05,2024,1,FIR,Heinous,Crimes Against Body,Grievous Hurt,Charge Sheeted,12.90266,74.78949
5860,100230001202405860,Chamarajanagar,1,2024-05-07,2024,5,FIR,Non-Heinous,Crimes Against Body,Murder,False Case,11.94682,76.91909
5861,100230003202605861,Chamarajanagar,3,2026-10-19,2026,10,FIR,Non-Heinous,Crimes Against Property,Dacoity,Under Investigation,11.9164,76.94992
5862,100260001202205862,Chikkaballapur,1,2022-02-07,2022,2,PAR,Heinous,Crimes Against Body,Grievous Hurt,Closed,13.41494,77.76775
5863,100270003202505863,Bagalkot,3,2025-04-13,2025,4,FIR,Non-Heinous,Cyber Crime,Identity Theft,Under Investigation,16.21347,75.62341
5864,100240001202305864,Kodagu,1,2023-08-08,2023,8,FIR,Non-Heinous,Crimes Against Body,Assault,Charge Sheeted,12.31859,75.80547
5865,100020003202605865,Bengaluru Rural,3,2026-05-24,2026,5,PAR,Heinous,Crimes Against Women,Molestation,Closed,13.34786,77.52516
5866,100110001202605866,Davanagere,1,2026-10-25,2026,10,FIR,Non-Heinous,Crimes Against Women,Molestation,Charge Sheeted,14.4843,75.84438
5867,400080003202205867,Ballari,3,2022-06-23,2022,6,UDR,Non-Heinous,Economic Offences,Cheating,Closed,15.25134,76.89302
5868,100050002202605868,Belagavi,2,2026-02-05,2026,2,FIR,Non-Heinous,Crimes Against Women,Sexual Assault,Closed,15.87423,74.5294
5869,100140004202405869,Bidar,4,2024-04-03,2024,4,FIR,Non-Heinous,Economic Offences,Forgery,Under Investigation,17.9933,77.48259
5870,100190002202605870,Hassan,2,2026-11-19,2026,11,FIR,Non-Heinous,Crimes Against Property,Dacoity,False Case,13.08897,76.06174
5871,100240003202505871,Kodagu,3,2025-06-19,2025,6,FIR,Non-Heinous,Cyber Crime,Phishing,Charge Sheeted,12.31412,75.85441
5872,100280004202505872,Haveri,4,2025-04-17,2025,4,FIR,Non-Heinous,Crimes Against Property,Dacoity,Closed,14.7627,75.36711
5873,100020002202305873,Bengaluru Rural,2,2023-05-21,2023,5,FIR,Non-Heinous,Crimes Against Property,Robbery,Under Investigation,13.33185,77.57582
5874,100050003202505874,Belagavi,3,2025-01-26,2025,1,FIR,Heinous,Crimes Against Body,Grievous Hurt,Under Investigation,15.92569,74.5722
5875,100280004202605875,Haveri,4,2026-07-21,2026,7,FIR,Non-Heinous,Crimes Against Women,Molestation,False Case,14.76209,75.38515
5876,100060004202605876,Kalaburagi,4,2026-11-26,2026,11,FIR,Non-Heinous,Crimes Against Women,Molestation,Charge Sheeted,17.29887,76.83298
5877,100190003202205877,Hassan,3,2022-04-07,2022,4,FIR,Non-Heinous,Crimes Against Property,Theft,Charge Sheeted,13.03253,76.09056
5878,100200001202305878,Chitradurga,1,2023-01-27,2023,1,FIR,Non-Heinous,Economic Offences,Criminal Breach of Trust,Charge Sheeted,14.19031,76.52473
5879,100180004202405879,Mandya,4,2024-01-23,2024,1,FIR,Heinous,Crimes Against Women,Sexual Assault,Closed,12.58479,76.84474
5880,100100003202405880,Shivamogga,3,2024-12-01,2024,12,FIR,Heinous,Crimes Against Women,Dowry Harassment,Undetected,13.93921,75.53859
5881,100020001202605881,Bengaluru Rural,1,2026-12-15,2026,12,PAR,Non-Heinous,Crimes Against Property,Burglary,Charge Sheeted,13.22563,77.56139
5882,100020004202505882,Bengaluru Rural,4,2025-08-08,2025,8,FIR,Heinous,Crimes Against Women,Molestation,Under Investigation,13.22595,77.61092
5883,700050003202605883,Belagavi,3,2026-11-12,2026,11,Zero FIR,Non-Heinous,Crimes Against Women,Molestation,Under Investigation,15.88348,74.4687
5884,700110004202305884,Davanagere,4,2023-01-10,2023,1,Zero FIR,Heinous,Narcotics,NDPS Possession,Under Investigation,14.5259,76.01037
5885,100020002202605885,Bengaluru Rural,2,2026-09-09,2026,9,FIR,Non-Heinous,Crimes Against Property,Burglary,Charge Sheeted,13.22851,77.53214
5886,100140004202505886,Bidar,4,2025-10-10,2025,10,FIR,Non-Heinous,Crimes Against Women,Sexual Assault,Under Investigation,17.96063,77.50048
5887,100070002202505887,Hubballi-Dharwad,2,2025-07-01,2025,7,FIR,Non-Heinous,Crimes Against Body,Assault,Under Investigation,15.38367,75.12403
5888,100100001202505888,Shivamogga,1,2025-09-14,2025,9,FIR,Non-Heinous,Crimes Against Property,Dacoity,False Case,13.83644,75.48085
5889,100250004202605889,Ramanagara,4,2026-12-11,2026,12,FIR,Non-Heinous,Crimes Against Property,Dacoity,Closed,12.73985,77.28452
5890,100160001202205890,Udupi,1,2022-11-08,2022,11,FIR,Non-Heinous,Economic Offences,Forgery,Charge Sheeted,13.33928,74.87311
5891,100140002202305891,Bidar,2,2023-07-20,2023,7,FIR,Non-Heinous,Economic Offences,Forgery,Under Investigation,17.94318,77.46082
5892,100220004202305892,Yadgir,4,2023-02-23,2023,2,FIR,Non-Heinous,Cyber Crime,Online Fraud,False Case,16.74163,77.02592
5893,100020002202605893,Bengaluru Rural,2,2026-02-23,2026,2,FIR,Non-Heinous,Crimes Against Property,Theft,Undetected,13.24576,77.47256
5894,100230004202405894,Chamarajanagar,4,2024-09-23,2024,9,FIR,Non-Heinous,Crimes Against Body,Murder,Closed,12.01303,76.9168
5895,100060002202505895,Kalaburagi,2,2025-10-21,2025,10,FIR,Non-Heinous,Crimes Against Property,Theft,Closed,17.38991,76.86011
5896,100220001202605896,Yadgir,1,2026-01-16,2026,1,FIR,Non-Heinous,Crimes Against Property,Dacoity,Charge Sheeted,16.77534,77.14373
5897,100050001202405897,Belagavi,1,2024-02-22,2024,2,FIR,Non-Heinous,Economic Offences,Forgery,Undetected,15.87437,74.48092
5898,100240002202505898,Kodagu,2,2025-11-21,2025,11,FIR,Non-Heinous,Crimes Against Property,Theft,Charge Sheeted,12.40164,75.7886
5899,100070003202205899,Hubballi-Dharwad,3,2022-08-15,2022,8,FIR,Non-Heinous,Crimes Against Property,Burglary,Closed,15.43887,75.07864
5900,100150003202405900,Chikkamagaluru,3,2024-02-27,2024,2,FIR,Non-Heinous,Crimes Against Property,Dacoity,Charge Sheeted,13.31845,75.76869
5901,100250003202505901,Ramanagara,3,2025-09-17,2025,9,FIR,Non-Heinous,Public Order,Rioting,Charge Sheeted,12.7909,77.21091
5902,100050004202605902,Belagavi,4,2026-02-04,2026,2,FIR,Non-Heinous,Crimes Against Women,Sexual Assault,Under Investigation,15.77258,74.5383
5903,100140001202405903,Bidar,1,2024-06-17,2024,6,FIR,Non-Heinous,Crimes Against Property,Dacoity,Under Investigation,17.88486,77.54459
5904,100050002202505904,Belagavi,2,2025-12-07,2025,12,FIR,Non-Heinous,Crimes Against Property,Dacoity,Under Investigation,15.80538,74.40521
5905,100040002202505905,Mangaluru (Dakshina Kannada),2,2025-09-14,2025,9,FIR,Heinous,Crimes Against Women,Sexual Assault,Under Investigation,12.94506,74.92649
5906,100080003202305906,Ballari,3,2023-01-02,2023,1,FIR,Heinous,Crimes Against Women,Domestic Violence,Closed,15.12042,77.05472
5907,700080002202205907,Ballari,2,2022-09-05,2022,9,Zero FIR,Heinous,Crimes Against Body,Grievous Hurt,Under Investigation,15.18725,76.88374
5908,100140001202605908,Bidar,1,2026-10-15,2026,10,FIR,Non-Heinous,Crimes Against Property,Theft,Charge Sheeted,17.82314,77.517
5909,100280003202605909,Haveri,3,2026-11-20,2026,11,FIR,Heinous,Crimes Against Body,Assault,Under Investigation,14.81127,75.35269
5910,700250004202205910,Ramanagara,4,2022-11-13,2022,11,Zero FIR,Heinous,Crimes Against Body,Grievous Hurt,Closed,12.65934,77.21197
5911,400030003202605911,Mysuru,3,2026-01-06,2026,1,UDR,Non-Heinous,Crimes Against Women,Molestation,Charge Sheeted,12.34066,76.53161
5912,100030002202605912,Mysuru,2,2026-09-06,2026,9,FIR,Non-Heinous,Crimes Against Property,Robbery,Closed,12.35517,76.71645
5913,100010003202505913,Bengaluru City,3,2025-07-06,2025,7,FIR,Non-Heinous,Crimes Against Body,Grievous Hurt,Under Investigation,12.91812,77.60014
5914,100040001202205914,Mangaluru (Dakshina Kannada),1,2022-07-07,2022,7,FIR,Heinous,Crimes Against Body,Murder,Charge Sheeted,12.81727,74.80993
5915,100050003202405915,Belagavi,3,2024-08-14,2024,8,PAR,Non-Heinous,Economic Offences,Criminal Breach of Trust,Closed,15.82954,74.48785
5916,100050002202305916,Belagavi,2,2023-12-03,2023,12,PAR,Heinous,Crimes Against Women,Sexual Assault,Charge Sheeted,15.86291,74.48061
5917,100050003202605917,Belagavi,3,2026-01-04,2026,1,FIR,Non-Heinous,Crimes Against Property,Robbery,Under Investigation,15.82074,74.64195
5918,100020004202305918,Bengaluru Rural,4,2023-02-18,2023,2,FIR,Non-Heinous,Economic Offences,Cheating,Charge Sheeted,13.30879,77.47043
5919,700250004202305919,Ramanagara,4,2023-05-17,2023,5,Zero FIR,Non-Heinous,Crimes Against Women,Dowry Harassment,Closed,12.77595,77.39827
5920,100300002202405920,Uttara Kannada,2,2024-01-03,2024,1,FIR,Non-Heinous,Cyber Crime,Cyberstalking,Charge Sheeted,14.78953,74.65679
5921,100240003202505921,Kodagu,3,2025-09-11,2025,9,FIR,Non-Heinous,Cyber Crime,Cyberstalking,Charge Sheeted,12.37265,75.85813
5922,100160001202505922,Udupi,1,2025-10-14,2025,10,FIR,Non-Heinous,Cyber Crime,Cyberstalking,False Case,13.37111,74.61106
5923,700020002202205923,Bengaluru Rural,2,2022-03-17,2022,3,Zero FIR,Non-Heinous,Crimes Against Body,Murder,Charge Sheeted,13.36243,77.5622
5924,100050003202605924,Belagavi,3,2026-02-16,2026,2,FIR,Non-Heinous,Economic Offences,Criminal Breach of Trust,Under Investigation,15.81864,74.48158
5925,100110001202505925,Davanagere,1,2025-03-03,2025,3,FIR,Non-Heinous,Cyber Crime,Cyberstalking,Charge Sheeted,14.57551,75.89892
5926,100110001202205926,Davanagere,1,2022-05-15,2022,5,FIR,Non-Heinous,Crimes Against Body,Assault,Closed,14.51325,75.79311
5927,700020003202605927,Bengaluru Rural,3,2026-08-02,2026,8,Zero FIR,Heinous,Crimes Against Women,Domestic Violence,Closed,13.28659,77.60077
5928,100130001202405928,Raichur,1,2024-08-11,2024,8,PAR,Non-Heinous,Economic Offences,Cheating,Under Investigation,16.15695,77.27217
5929,700110001202305929,Davanagere,1,2023-12-22,2023,12,Zero FIR,Non-Heinous,Economic Offences,Criminal Breach of Trust,Charge Sheeted,14.4788,75.97344
5930,100030003202505930,Mysuru,3,2025-09-22,2025,9,FIR,Non-Heinous,Crimes Against Women,Sexual Assault,Charge Sheeted,12.20436,76.57527
5931,100280004202605931,Haveri,4,2026-06-14,2026,6,FIR,Non-Heinous,Crimes Against Property,Theft,Under Investigation,14.80137,75.46831
5932,100130004202305932,Raichur,4,2023-10-11,2023,10,FIR,Non-Heinous,Crimes Against Property,Robbery,Undetected,16.16879,77.33097
5933,100190004202505933,Hassan,4,2025-10-19,2025,10,FIR,Non-Heinous,Economic Offences,Criminal Breach of Trust,Under Investigation,12.97868,75.9604
5934,100160004202505934,Udupi,4,2025-07-11,2025,7,PAR,Non-Heinous,Crimes Against Women,Molestation,Closed,13.26787,74.68087
5935,700190001202405935,Hassan,1,2024-02-17,2024,2,Zero FIR,Non-Heinous,Cyber Crime,Online Fraud,Under Investigation,13.07689,76.04241
5936,100020002202605936,Bengaluru Rural,2,2026-09-07,2026,9,FIR,Non-Heinous,Crimes Against Property,Robbery,Closed,13.22222,77.64759
5937,100160004202505937,Udupi,4,2025-02-11,2025,2,FIR,Non-Heinous,Economic Offences,Criminal Breach of Trust,Undetected,13.34582,74.80786
5938,100160004202505938,Udupi,4,2025-04-16,2025,4,FIR,Non-Heinous,Crimes Against Women,Sexual Assault,Under Investigation,13.28005,74.80312
5939,100010004202505939,Bengaluru City,4,2025-01-02,2025,1,FIR,Non-Heinous,Crimes Against Property,Dacoity,Closed,12.96473,77.55559
5940,100150004202605940,Chikkamagaluru,4,2026-12-15,2026,12,FIR,Non-Heinous,Crimes Against Property,Dacoity,Charge Sheeted,13.30731,75.7685
5941,700110003202405941,Davanagere,3,2024-02-12,2024,2,Zero FIR,Non-Heinous,Crimes Against Property,Dacoity,Under Investigation,14.45723,76.05232
5942,100050003202605942,Belagavi,3,2026-05-15,2026,5,FIR,Non-Heinous,Cyber Crime,Online Fraud,Closed,15.87789,74.48763
5943,100290004202605943,Gadag,4,2026-03-22,2026,3,FIR,Non-Heinous,Crimes Against Property,Burglary,Closed,15.40893,75.56868
5944,400110001202505944,Davanagere,1,2025-07-20,2025,7,UDR,Non-Heinous,Crimes Against Property,Dacoity,Charge Sheeted,14.48829,75.87119
5945,100250001202605945,Ramanagara,1,2026-05-25,2026,5,FIR,Non-Heinous,Cyber Crime,Phishing,Charge Sheeted,12.79359,77.36889
5946,100180002202305946,Mandya,2,2023-10-14,2023,10,FIR,Non-Heinous,Cyber Crime,Online Fraud,Charge Sheeted,12.37714,76.82643
5947,100230004202405947,Chamarajanagar,4,2024-02-25,2024,2,PAR,Heinous,Crimes Against Body,Assault,Charge Sheeted,11.94446,77.05913
5948,700160001202405948,Udupi,1,2024-02-12,2024,2,Zero FIR,Non-Heinous,Crimes Against Property,Dacoity,Closed,13.27169,74.80112
5949,100110004202505949,Davanagere,4,2025-04-25,2025,4,FIR,Non-Heinous,Crimes Against Property,Theft,Charge Sheeted,14.3941,75.92254
5950,100230004202605950,Chamarajanagar,4,2026-05-11,2026,5,FIR,Non-Heinous,Economic Offences,Criminal Breach of Trust,Charge Sheeted,11.96022,77.03075
5951,100030002202305951,Mysuru,2,2023-11-15,2023,11,FIR,Non-Heinous,Economic Offences,Forgery,Under Investigation,12.29763,76.69775
5952,100130001202605952,Raichur,1,2026-12-08,2026,12,FIR,Non-Heinous,Public Order,Unlawful Assembly,Closed,16.24503,77.41736
5953,100240002202405953,Kodagu,2,2024-01-19,2024,1,FIR,Heinous,Crimes Against Women,Sexual Assault,Under Investigation,12.41429,75.76496
5954,100140003202205954,Bidar,3,2022-11-18,2022,11,FIR,Non-Heinous,Crimes Against Property,Theft,Under Investigation,17.99471,77.52957
5955,100080004202505955,Ballari,4,2025-07-21,2025,7,FIR,Non-Heinous,Crimes Against Property,Burglary,Closed,15.1405,76.9753
5956,100260001202205956,Chikkaballapur,1,2022-10-20,2022,10,FIR,Heinous,Crimes Against Body,Murder,Undetected,13.42169,77.63089
5957,100180002202305957,Mandya,2,2023-06-02,2023,6,FIR,Non-Heinous,Crimes Against Women,Dowry Harassment,Under Investigation,12.47879,76.94699
5958,100080004202405958,Ballari,4,2024-11-24,2024,11,FIR,Heinous,Crimes Against Body,Grievous Hurt,Closed,15.14436,76.93485
5959,100020004202305959,Bengaluru Rural,4,2023-04-11,2023,4,PAR,Non-Heinous,Crimes Against Property,Burglary,False Case,13.29944,77.56009
5960,100010004202305960,Bengaluru City,4,2023-02-19,2023,2,FIR,Non-Heinous,Public Order,Unlawful Assembly,Under Investigation,13.0213,77.60906
5961,100010001202405961,Bengaluru City,1,2024-08-09,2024,8,FIR,Non-Heinous,Economic Offences,Forgery,Closed,12.96808,77.73223
5962,100180002202605962,Mandya,2,2026-03-09,2026,3,PAR,Non-Heinous,Narcotics,NDPS Trafficking,Under Investigation,12.52993,77.04917
5963,100240002202205963,Kodagu,2,2022-03-13,2022,3,FIR,Heinous,Crimes Against Body,Murder,Undetected,12.28871,75.77305
5964,100150001202505964,Chikkamagaluru,1,2025-05-08,2025,5,FIR,Heinous,Crimes Against Body,Assault,Under Investigation,13.30066,75.7111
5965,100110002202505965,Davanagere,2,2025-04-22,2025,4,FIR,Non-Heinous,Narcotics,NDPS Possession,Closed,14.40552,75.85025
5966,100110001202505966,Davanagere,1,2025-07-21,2025,7,FIR,Non-Heinous,Crimes Against Women,Sexual Assault,Under Investigation,14.43689,75.99733
5967,100110003202505967,Davanagere,3,2025-07-01,2025,7,FIR,Non-Heinous,Crimes Against Property,Robbery,Under Investigation,14.42454,75.96365
5968,100110001202505968,Davanagere,1,2025-04-27,2025,4,FIR,Non-Heinous,Crimes Against Property,Robbery,False Case,14.55941,75.81943
5969,100080001202505969,Ballari,1,2025-10-09,2025,10,FIR,Non-Heinous,Crimes Against Property,Robbery,Closed,15.20587,76.93664
5970,100010001202605970,Bengaluru City,1,2026-06-12,2026,6,FIR,Non-Heinous,Narcotics,NDPS Trafficking,Under Investigation,12.97803,77.51058
5971,700050004202605971,Belagavi,4,2026-06-20,2026,6,Zero FIR,Heinous,Crimes Against Women,Sexual Assault,Charge Sheeted,15.9596,74.50193
5972,100070002202405972,Hubballi-Dharwad,2,2024-10-01,2024,10,PAR,Heinous,Crimes Against Women,Molestation,Under Investigation,15.41543,75.19376
5973,100030004202505973,Mysuru,4,2025-09-20,2025,9,FIR,Heinous,Crimes Against Body,Murder,False Case,12.27569,76.66278
5974,100050002202605974,Belagavi,2,2026-10-18,2026,10,FIR,Non-Heinous,Crimes Against Property,Burglary,Closed,15.921,74.45983
5975,100160002202505975,Udupi,2,2025-09-02,2025,9,FIR,Heinous,Crimes Against Body,Attempt to Murder,Under Investigation,13.37015,74.72653
5976,100010002202305976,Bengaluru City,2,2023-03-18,2023,3,FIR,Non-Heinous,Crimes Against Body,Attempt to Murder,Closed,12.96333,77.67769
5977,400070004202505977,Hubballi-Dharwad,4,2025-04-23,2025,4,UDR,Non-Heinous,Cyber Crime,Phishing,Charge Sheeted,15.36247,75.1103
5978,100030001202505978,Mysuru,1,2025-10-15,2025,10,FIR,Heinous,Crimes Against Body,Grievous Hurt,Closed,12.28242,76.6378
5979,100050004202605979,Belagavi,4,2026-06-21,2026,6,PAR,Non-Heinous,Crimes Against Women,Molestation,Closed,15.81172,74.49685
5980,700240004202305980,Kodagu,4,2023-11-25,2023,11,Zero FIR,Non-Heinous,Crimes Against Women,Dowry Harassment,Under Investigation,12.33742,75.7881
5981,100110002202505981,Davanagere,2,2025-05-21,2025,5,FIR,Non-Heinous,Crimes Against Body,Murder,Charge Sheeted,14.42558,75.8558
5982,100020002202605982,Bengaluru Rural,2,2026-06-15,2026,6,FIR,Non-Heinous,Crimes Against Women,Sexual Assault,Charge Sheeted,13.29246,77.64217
5983,100200004202305983,Chitradurga,4,2023-07-11,2023,7,FIR,Non-Heinous,Crimes Against Property,Dacoity,Charge Sheeted,14.28027,76.30133
5984,100160001202605984,Udupi,1,2026-09-17,2026,9,FIR,Non-Heinous,Crimes Against Women,Dowry Harassment,Under Investigation,13.34439,74.73416
5985,100280003202505985,Haveri,3,2025-02-21,2025,2,FIR,Non-Heinous,Cyber Crime,Cyberstalking,Closed,14.81133,75.41351
5986,100140004202205986,Bidar,4,2022-06-20,2022,6,FIR,Heinous,Crimes Against Body,Murder,Closed,17.93005,77.55611
5987,100050001202505987,Belagavi,1,2025-01-12,2025,1,FIR,Non-Heinous,Crimes Against Property,Burglary,Closed,15.88818,74.52812
5988,100240003202405988,Kodagu,3,2024-01-20,2024,1,FIR,Non-Heinous,Crimes Against Property,Theft,Closed,12.30325,75.84632
5989,100020002202305989,Bengaluru Rural,2,2023-10-15,2023,10,FIR,Non-Heinous,Crimes Against Property,Dacoity,Charge Sheeted,13.24655,77.51234
5990,100250002202405990,Ramanagara,2,2024-06-24,2024,6,FIR,Non-Heinous,Economic Offences,Forgery,Under Investigation,12.66035,77.27695
5991,100110001202505991,Davanagere,1,2025-09-21,2025,9,PAR,Non-Heinous,Crimes Against Property,Burglary,Charge Sheeted,14.48228,75.9937
5992,100010004202605992,Bengaluru City,4,2026-04-22,2026,4,FIR,Heinous,Crimes Against Body,Attempt to Murder,Under Investigation,12.99319,77.63924
5993,100010004202605993,Bengaluru City,4,2026-01-22,2026,1,FIR,Non-Heinous,Crimes Against Body,Assault,Charge Sheeted,12.87453,77.58981
5994,100100003202405994,Shivamogga,3,2024-05-04,2024,5,FIR,Non-Heinous,Cyber Crime,Phishing,Under Investigation,13.9912,75.5425
5995,100050001202505995,Belagavi,1,2025-01-24,2025,1,FIR,Non-Heinous,Economic Offences,Criminal Breach of Trust,Closed,15.9464,74.49964
5996,100110004202505996,Davanagere,4,2025-11-26,2025,11,FIR,Non-Heinous,Cyber Crime,Cyberstalking,Undetected,14.43882,75.96635
5997,100220001202205997,Yadgir,1,2022-03-02,2022,3,FIR,Non-Heinous,Crimes Against Women,Sexual Assault,Closed,16.69477,77.09366
5998,100090003202605998,Tumakuru,3,2026-04-20,2026,4,FIR,Heinous,Crimes Against Women,Dowry Harassment,Under Investigation,13.31703,77.08842
5999,100040004202505999,Mangaluru (Dakshina Kannada),4,2025-04-26,2025,4,FIR,Non-Heinous,Crimes Against Property,Theft,Closed,12.93856,74.91627
6000,100170004202306000,Kolar,4,2023-01-21,2023,1,FIR,Non-Heinous,Crimes Against Property,Theft,Under Investigation,13.11081,78.10832
