VictimMasterID,CaseMasterID,GenderID,AgeYear
1,1,F,43
2,2,F,13
3,3,M,25
4,4,M,45
5,5,M,58
6,6,M,36
7,6,M,38
8,7,M,33
9,8,M,52
10,9,F,31
11,10,F,44
12,11,F,63
13,12,F,30
14,13,M,58
15,13,F,40
16,14,M,24
17,15,F,31
18,16,F,56
19,17,F,24
20,17,F,36
21,18,F,52
22,19,M,29
23,20,F,11
24,21,M,35
25,22,M,12
26,23,F,55
27,24,F,43
28,25,M,23
29,25,F,44
30,26,F,61
31,26,F,22
32,27,M,40
33,27,F,41
34,28,M,19
35,28,M,56
36,29,M,59
37,30,M,5
38,30,M,37
39,31,M,54
40,32,F,33
41,33,F,18
42,33,M,34
43,34,F,29
44,34,F,62
45,35,F,59
46,36,F,22
47,36,M,38
48,37,M,17
49,37,F,7
50,38,F,59
51,39,F,38
52,40,F,30
53,41,F,39
54,42,F,21
55,43,T,39
56,44,F,30
57,45,M,39
58,46,F,33
59,46,F,28
60,47,F,38
61,48,M,41
62,49,F,31
63,50,F,25
64,51,M,22
65,52,F,30
66,53,F,48
67,54,M,68
68,55,M,42
69,55,M,55
70,56,F,38
71,57,F,35
72,57,F,22
73,58,M,31
74,58,F,47
75,59,M,42
76,59,F,54
77,60,M,36
78,61,F,5
79,62,F,38
80,63,M,38
81,63,M,46
82,64,M,41
83,65,F,40
84,66,M,51
85,67,F,11
86,68,F,41
87,69,M,31
88,70,M,29
89,71,F,46
90,72,F,41
91,73,F,39
92,74,F,44
93,74,F,34
94,75,M,31
95,76,F,24
96,77,M,33
97,78,M,12
98,79,M,23
99,80,M,67
100,81,M,25
101,81,F,42
102,82,F,22
103,83,F,42
104,84,F,49
105,85,F,29
106,86,M,30
107,86,M,44
108,87,F,25
109,88,M,43
110,89,F,11
111,90,F,18
112,91,M,49
113,92,M,35
114,93,F,23
115,94,M,22
116,95,M,37
117,96,F,24
118,97,M,52
119,98,M,18
120,99,M,33
121,100,M,46
122,101,F,34
123,102,M,32
124,103,M,51
125,104,M,9
126,105,M,40
127,106,F,36
128,106,F,64
129,107,M,32
130,108,M,39
131,109,M,11
132,110,T,37
133,111,M,12
134,112,F,44
135,113,M,21
136,114,M,21
137,115,M,10
138,116,F,30
139,117,M,35
140,117,F,25
141,118,M,34
142,118,M,36
143,119,M,41
144,120,M,30
145,121,M,40
146,122,F,54
147,123,M,20
148,124,F,26
149,125,F,24
150,126,M,20
151,127,F,24
152,128,M,51
153,129,F,45
154,130,F,59
155,130,F,17
156,131,F,42
157,132,M,31
158,133,F,32
159,134,M,44
160,135,F,41
161,136,F,54
162,137,F,5
163,138,F,25
164,139,F,56
165,140,F,9
166,141,F,19
167,142,M,33
168,143,F,53
169,144,M,27
170,144,M,48
171,145,F,39
172,145,F,31
173,146,F,27
174,147,M,36
175,148,F,17
176,148,M,36
177,149,F,37
178,150,M,39
179,150,M,24
180,151,M,37
181,152,M,34
182,153,M,17
183,154,M,33
184,155,M,42
185,155,F,27
186,156,F,38
187,157,F,29
188,158,M,37
189,159,M,27
190,160,M,34
191,161,M,29
192,162,M,30
193,163,M,30
194,164,F,12
195,165,F,60
196,166,F,43
197,167,F,41
198,168,F,30
199,169,F,41
200,170,F,39
201,171,M,24
202,172,F,53
203,173,M,36
204,174,F,10
205,175,M,33
206,176,F,54
207,176,M,45
208,177,M,41
209,178,F,31
210,178,M,16
211,179,F,23
212,180,M,34
213,181,F,44
214,182,M,21
215,183,M,42
216,184,F,31
217,184,F,30
218,185,F,35
219,186,F,9
220,187,F,5
221,188,F,52
222,189,F,19
223,190,F,47
224,191,M,25
225,191,M,12
226,192,M,24
227,192,F,24
228,193,M,36
229,194,F,42
230,194,F,23
231,195,M,31
232,196,M,39
233,197,F,27
234,198,F,41
235,199,M,48
236,200,F,61
237,201,M,19
238,202,F,5
239,203,F,11
240,204,F,53
241,205,F,18
242,206,M,55
243,207,F,28
244,208,M,40
245,209,F,42
246,210,F,22
247,211,F,13
248,212,M,18
249,213,F,18
250,214,F,44
251,215,F,41
252,216,F,42
253,217,M,37
254,218,T,37
255,218,M,13
256,219,F,48
257,220,F,20
258,221,F,39
259,222,M,40
260,222,M,56
261,223,M,44
262,224,M,72
263,225,F,46
264,225,F,33
265,226,F,20
266,227,F,45
267,227,F,18
268,228,M,8
269,229,F,21
270,230,M,31
271,231,M,13
272,231,M,36
273,232,M,45
274,233,T,25
275,234,F,46
276,235,F,41
277,236,F,26
278,237,M,34
279,238,T,49
280,239,F,33
281,240,M,29
282,241,F,27
283,242,F,10
284,243,F,45
285,244,M,39
286,245,F,27
287,246,F,20
288,247,M,31
289,248,F,40
290,249,F,24
291,250,M,75
292,251,F,27
293,252,M,30
294,252,M,29
295,253,F,54
296,254,M,42
297,255,F,23
298,256,M,31
299,257,F,39
300,258,F,38
301,259,F,58
302,259,F,38
303,260,F,30
304,261,F,50
305,262,F,25
306,262,M,35
307,263,M,41
308,263,F,51
309,264,F,42
310,265,M,25
311,266,F,35
312,267,M,21
313,268,F,25
314,269,M,48
315,269,F,40
316,270,M,32
317,271,F,39
318,272,M,22
319,273,F,24
320,274,M,59
321,275,M,22
322,276,M,10
323,277,F,39
324,278,F,49
325,279,F,49
326,279,F,39
327,280,F,46
328,281,M,36
329,282,F,48
330,283,M,52
331,284,M,30
332,285,F,30
333,286,M,17
334,287,F,43
335,288,F,13
336,289,F,31
337,290,M,37
338,291,F,15
339,292,F,26
340,293,F,40
341,294,M,5
342,295,F,58
343,296,M,15
344,297,M,5
345,298,F,25
346,298,F,27
347,299,F,28
348,300,F,22
349,301,M,29
350,302,M,51
351,303,F,17
352,304,F,37
353,305,F,11
354,305,M,9
355,306,M,37
356,307,M,25
357,308,F,27
358,309,F,14
359,310,M,46
360,311,F,31
361,312,M,45
362,313,M,43
363,314,M,23
364,315,F,44
365,316,F,42
366,317,F,30
367,318,F,30
368,319,F,9
369,320,M,51
370,321,M,18
371,322,M,43
372,323,M,68
373,324,M,28
374,325,F,56
375,326,F,14
376,327,M,23
377,328,M,29
378,329,F,28
379,330,F,42
380,331,F,19
381,331,M,48
382,332,M,22
383,333,F,43
384,334,M,32
385,335,F,25
386,336,F,23
387,337,F,59
388,338,M,53
389,339,M,30
390,340,F,13
391,341,F,30
392,342,M,44
393,343,M,40
394,344,M,32
395,345,M,48
396,346,M,36
397,347,M,14
398,347,F,21
399,348,M,16
400,348,F,37
401,349,F,38
402,350,M,45
403,351,M,32
404,351,F,43
405,352,F,29
406,352,F,20
407,353,M,35
408,354,F,27
409,355,M,23
410,356,F,52
411,357,F,19
412,358,M,43
413,359,M,36
414,360,F,30
415,361,M,29
416,362,F,49
417,363,F,38
418,364,M,19
419,364,F,5
420,365,F,33
421,366,F,40
422,367,M,25
423,368,M,22
424,369,M,43
425,369,F,49
426,370,M,32
427,371,M,48
428,372,M,5
429,373,F,63
430,374,F,18
431,375,M,54
432,376,F,27
433,377,M,30
434,378,F,18
435,379,F,50
436,380,F,47
437,381,M,17
438,382,M,23
439,382,F,34
440,383,F,55
441,384,M,5
442,385,F,46
443,385,M,49
444,386,M,33
445,387,M,30
446,388,M,15
447,389,F,42
448,390,F,39
449,391,F,28
450,392,F,42
451,393,F,51
452,394,M,15
453,394,F,37
454,395,M,43
455,396,M,9
456,397,F,41
457,398,M,22
458,399,M,18
459,399,F,41
460,400,F,20
461,401,M,36
462,402,F,42
463,403,M,36
464,404,F,41
465,405,F,32
466,406,M,57
467,407,F,46
468,408,M,40
469,409,M,35
470,410,F,34
471,411,F,62
472,412,F,34
473,412,M,39
474,413,F,62
475,414,F,28
476,415,M,44
477,416,F,47
478,417,F,40
479,418,F,31
480,419,F,29
481,419,M,5
482,420,M,23
483,421,F,42
484,422,M,37
485,423,F,31
486,424,F,23
487,425,F,37
488,426,F,34
489,427,M,9
490,428,F,36
491,429,F,38
492,430,F,10
493,431,M,51
494,432,M,62
495,433,F,40
496,434,F,12
497,434,F,41
498,435,F,29
499,436,M,58
500,437,T,60
501,437,F,29
502,438,F,24
503,439,T,72
504,440,M,23
505,441,F,45
506,441,T,39
507,442,F,45
508,442,F,40
509,443,F,8
510,444,M,6
511,445,M,41
512,446,M,51
513,447,M,28
514,448,F,56
515,449,F,63
516,450,F,40
517,451,F,21
518,452,M,40
519,453,M,11
520,454,F,19
521,455,M,36
522,456,M,27
523,457,M,75
524,458,M,37
525,459,M,26
526,460,M,44
527,461,M,41
528,462,F,23
529,463,F,35
530,464,T,38
531,465,M,14
532,465,F,12
533,466,M,42
534,467,F,30
535,468,F,34
536,469,M,47
537,470,F,60
538,471,M,41
539,472,M,49
540,473,M,50
541,474,M,29
542,475,F,16
543,476,M,11
544,477,F,5
545,478,F,31
546,479,M,42
547,480,M,42
548,481,M,14
549,482,M,40
550,483,F,45
551,484,F,19
552,485,F,51
553,486,M,46
554,487,M,5
555,488,M,49
556,489,M,8
557,490,F,31
558,491,F,24
559,492,F,8
560,493,F,14
561,493,M,43
562,494,F,21
563,495,F,15
564,495,M,42
565,496,M,43
566,497,M,70
567,498,F,20
568,499,M,32
569,500,M,31
570,501,F,11
571,502,F,29
572,502,M,48
573,503,M,58
574,504,M,25
575,505,F,45
576,506,M,31
577,507,F,22
578,508,F,11
579,509,F,48
580,510,M,42
581,511,F,44
582,512,F,41
583,513,M,34
584,514,F,48
585,515,F,37
586,516,F,48
587,517,M,35
588,518,F,40
589,519,F,43
590,520,F,58
591,521,M,37
592,522,M,26
593,523,F,26
594,524,M,20
595,525,M,25
596,526,F,36
597,526,T,27
598,527,F,21
599,527,M,49
600,528,M,48
601,529,F,30
602,530,F,15
603,531,F,7
604,532,F,30
605,533,M,37
606,533,F,20
607,534,F,34
608,535,F,5
609,536,F,42
610,537,F,39
611,538,M,34
612,538,M,32
613,539,F,35
614,540,F,49
615,541,M,50
616,542,M,41
617,543,M,14
618,544,M,35
619,545,M,53
620,546,F,25
621,546,F,35
622,547,M,58
623,548,M,29
624,549,M,51
625,550,M,57
626,551,M,45
627,552,F,8
628,553,F,50
629,553,M,37
630,554,F,16
631,555,M,14
632,556,F,36
633,557,M,22
634,558,F,16
635,559,M,18
636,560,F,38
637,560,M,41
638,561,F,45
639,562,M,42
640,563,F,50
641,564,M,36
642,565,F,22
643,566,M,20
644,567,M,32
645,567,T,44
646,568,M,36
647,569,F,34
648,570,F,18
649,571,F,25
650,572,F,45
651,573,F,46
652,574,M,22
653,575,M,15
654,576,F,36
655,577,M,29
656,578,M,21
657,579,M,40
658,580,M,35
659,581,F,29
660,582,M,43
661,583,F,22
662,583,M,39
663,584,M,34
664,584,F,31
665,585,M,37
666,585,M,45
667,586,M,40
668,587,F,39
669,588,F,27
670,589,T,25
671,589,M,44
672,590,M,35
673,591,M,37
674,592,M,5
675,593,M,18
676,594,F,46
677,595,F,33
678,595,F,59
679,596,M,32
680,597,M,28
681,598,F,29
682,598,F,48
683,599,M,39
684,600,M,57
685,601,M,38
686,601,M,41
687,602,F,29
688,603,F,44
689,604,F,21
690,605,M,31
691,606,F,45
692,607,M,37
693,608,F,22
694,609,F,38
695,610,F,34
696,611,M,18
697,612,F,33
698,612,T,57
699,613,M,45
700,614,F,31
701,615,M,74
702,616,F,56
703,616,F,36
704,617,M,6
705,618,F,29
706,619,F,25
707,620,M,25
708,621,F,30
709,622,M,13
710,623,F,25
711,624,F,7
712,625,F,32
713,626,F,25
714,627,M,8
715,628,M,31
716,629,F,12
717,630,F,30
718,631,F,28
719,632,F,42
720,632,M,46
721,633,F,49
722,634,F,50
723,634,M,29
724,635,M,26
725,636,F,23
726,637,M,52
727,638,F,21
728,639,F,11
729,640,M,21
730,640,F,43
731,641,F,36
732,642,M,29
733,643,M,30
734,644,F,26
735,645,M,29
736,646,F,29
737,646,F,25
738,647,M,46
739,648,M,35
740,649,F,47
741,649,M,45
742,650,F,32
743,651,F,47
744,652,F,30
745,653,F,39
746,654,M,9
747,655,M,68
748,656,F,36
749,657,M,64
750,658,F,33
751,659,F,38
752,660,F,32
753,661,F,33
754,662,M,48
755,663,M,6
756,664,F,25
757,664,M,23
758,665,F,18
759,666,M,60
760,667,M,46
761,668,F,28
762,669,M,40
763,670,F,14
764,671,M,22
765,672,M,35
766,673,F,5
767,674,F,42
768,675,M,47
769,675,M,77
770,676,M,18
771,677,M,32
772,678,M,39
773,679,M,25
774,680,F,22
775,681,F,25
776,682,F,32
777,683,F,62
778,684,F,5
779,684,M,56
780,685,F,27
781,686,F,37
782,687,M,24
783,688,M,43
784,688,M,44
785,689,M,47
786,690,F,39
787,691,F,24
788,692,M,24
789,693,M,32
790,694,M,24
791,695,F,42
792,696,M,32
793,697,F,28
794,698,M,8
795,699,M,30
796,700,M,38
797,701,F,71
798,702,M,38
799,703,M,26
800,703,F,45
801,704,M,38
802,705,M,42
803,705,F,21
804,706,M,33
805,707,F,49
806,708,M,34
807,709,F,49
808,709,F,25
809,710,F,16
810,711,M,64
811,712,T,51
812,713,F,38
813,714,M,53
814,715,F,31
815,716,M,48
816,716,M,26
817,717,F,58
818,718,M,32
819,719,F,35
820,719,M,19
821,720,M,41
822,721,M,18
823,722,M,22
824,723,F,27
825,723,F,21
826,724,F,28
827,725,M,32
828,726,F,25
829,727,M,16
830,728,F,25
831,729,F,26
832,730,F,20
833,731,F,38
834,732,F,22
835,733,F,20
836,734,F,10
837,735,M,32
838,735,M,44
839,736,M,19
840,737,M,36
841,738,F,36
842,739,M,30
843,739,M,58
844,740,F,27
845,741,F,46
846,742,M,27
847,743,F,39
848,744,M,30
849,745,F,19
850,745,F,11
851,746,M,39
852,747,F,37
853,748,F,40
854,749,M,27
855,749,M,50
856,750,F,30
857,751,M,69
858,752,F,26
859,753,F,56
860,754,M,6
861,755,F,41
862,756,M,31
863,757,M,46
864,757,M,25
865,758,T,10
866,759,M,26
867,760,F,50
868,761,F,52
869,761,F,30
870,762,M,19
871,763,F,44
872,763,M,53
873,764,F,29
874,765,M,24
875,766,T,17
876,767,M,14
877,768,M,43
878,769,F,50
879,770,F,40
880,771,F,17
881,772,T,55
882,773,M,30
883,774,F,48
884,775,F,20
885,776,M,40
886,777,F,46
887,778,F,51
888,779,F,42
889,779,F,33
890,780,F,43
891,781,F,5
892,781,M,56
893,782,F,59
894,783,M,30
895,784,F,29
896,785,F,29
897,785,F,7
898,786,M,13
899,787,F,26
900,788,F,35
901,789,M,52
902,789,F,33
903,790,M,38
904,791,F,27
905,792,F,19
906,792,F,46
907,793,F,41
908,794,M,31
909,795,F,34
910,796,M,28
911,797,F,26
912,798,F,10
913,799,M,28
914,800,F,19
915,801,M,39
916,802,M,17
917,803,F,38
918,804,M,49
919,805,M,43
920,806,F,26
921,807,F,40
922,808,M,23
923,809,F,47
924,810,F,16
925,810,F,60
926,811,F,28
927,812,M,20
928,813,M,5
929,813,F,37
930,814,M,57
931,815,M,17
932,815,M,45
933,816,F,7
934,817,M,16
935,818,M,33
936,819,M,31
937,820,M,65
938,821,F,56
939,822,F,51
940,823,F,66
941,824,F,35
942,825,M,39
943,825,M,35
944,826,M,32
945,827,F,62
946,828,F,23
947,829,F,35
948,830,F,53
949,831,M,64
950,832,F,15
951,833,M,60
952,833,M,29
953,834,M,52
954,834,M,35
955,835,F,48
956,836,F,31
957,837,M,67
958,838,M,60
959,838,F,48
960,839,F,27
961,839,M,28
962,840,M,37
963,841,F,15
964,842,F,50
965,843,F,35
966,844,M,27
967,844,M,25
968,845,F,35
969,846,F,46
970,847,F,28
971,847,M,18
972,848,M,31
973,849,F,35
974,850,M,39
975,851,F,43
976,852,F,44
977,852,M,42
978,853,M,39
979,854,M,22
980,855,M,58
981,856,M,21
982,857,M,34
983,858,M,38
984,859,M,19
985,859,F,47
986,860,M,21
987,861,M,34
988,862,F,52
989,863,M,68
990,864,M,11
991,864,F,14
992,865,M,64
993,865,M,24
994,866,M,17
995,867,F,52
996,868,M,19
997,869,M,49
998,870,M,29
999,871,F,41
1000,872,M,24
1001,873,F,38
1002,874,M,49
1003,875,F,22
1004,876,F,30
1005,877,M,38
1006,878,M,58
1007,879,F,33
1008,880,F,47
1009,881,T,37
1010,882,M,15
1011,883,M,48
1012,884,F,39
1013,885,F,22
1014,886,M,37
1015,887,F,47
1016,888,M,60
1017,889,M,58
1018,890,F,23
1019,891,F,14
1020,892,F,5
1021,893,F,29
1022,894,M,27
1023,895,M,37
1024,896,F,32
1025,897,F,10
1026,898,F,26
1027,899,F,41
1028,899,F,41
1029,900,F,38
1030,901,M,28
1031,902,M,58
1032,902,F,54
1033,903,M,16
1034,904,M,5
1035,905,F,39
1036,906,M,17
1037,907,M,23
1038,908,F,33
1039,909,M,36
1040,909,M,43
1041,910,M,32
1042,911,F,28
1043,912,M,36
1044,913,F,54
1045,914,F,24
1046,915,F,39
1047,916,M,7
1048,917,F,34
1049,918,M,9
1050,919,M,13
1051,919,F,13
1052,920,F,58
1053,921,F,47
1054,922,F,14
1055,923,F,60
1056,924,F,45
1057,925,F,65
1058,926,F,39
1059,927,M,25
1060,928,F,44
1061,929,F,35
1062,930,M,45
1063,931,T,22
1064,931,F,25
1065,932,M,23
1066,933,M,40
1067,934,M,51
1068,935,F,18
1069,936,M,50
1070,937,T,26
1071,937,M,47
1072,938,M,51
1073,939,F,41
1074,940,F,24
1075,940,M,40
1076,941,F,20
1077,941,F,38
1078,942,M,41
1079,943,F,28
1080,944,F,5
1081,945,M,53
1082,946,M,49
1083,947,F,29
1084,947,F,47
1085,948,M,54
1086,948,F,42
1087,949,M,43
1088,950,F,31
1089,951,M,42
1090,951,F,5
1091,952,F,47
1092,953,F,59
1093,954,M,33
1094,955,M,21
1095,956,M,24
1096,956,F,19
1097,957,M,30
1098,957,M,29
1099,958,F,50
1100,959,F,32
1101,960,T,46
1102,961,F,41
1103,962,M,43
1104,963,M,48
1105,964,F,27
1106,965,M,25
1107,965,F,49
1108,966,M,6
1109,967,F,27
1110,968,F,53
1111,969,F,58
1112,970,F,27
1113,971,F,54
1114,972,F,11
1115,973,M,55
1116,973,T,68
1117,974,F,27
1118,975,M,48
1119,976,F,30
1120,977,F,38
1121,978,M,47
1122,979,F,33
1123,980,F,44
1124,981,T,16
1125,982,M,12
1126,983,M,36
1127,984,F,36
1128,985,M,40
1129,986,F,48
1130,986,M,17
1131,987,T,61
1132,988,F,16
1133,989,M,27
1134,990,F,46
1135,991,M,68
1136,992,M,50
1137,993,M,33
1138,994,F,39
1139,995,T,18
1140,996,F,29
1141,996,F,27
1142,997,F,18
1143,998,M,52
1144,999,M,38
1145,1000,F,40
1146,1001,M,48
1147,1002,F,38
1148,1003,F,29
1149,1004,M,5
1150,1005,F,5
1151,1006,T,27
1152,1007,F,42
1153,1008,F,35
1154,1009,M,17
1155,1010,M,52
1156,1011,F,47
1157,1012,F,43
1158,1013,M,25
1159,1014,F,35
1160,1015,F,5
1161,1016,F,44
1162,1017,M,34
1163,1018,M,22
1164,1019,F,23
1165,1019,M,41
1166,1020,M,21
1167,1021,F,46
1168,1022,T,37
1169,1023,F,37
1170,1024,F,15
1171,1024,M,36
1172,1025,M,46
1173,1026,F,24
1174,1027,M,36
1175,1028,M,61
1176,1029,F,40
1177,1030,M,54
1178,1031,F,38
1179,1032,F,52
1180,1033,F,20
1181,1034,M,67
1182,1034,F,44
1183,1035,F,47
1184,1036,F,48
1185,1037,M,42
1186,1038,F,58
1187,1038,M,37
1188,1039,M,22
1189,1040,F,31
1190,1041,F,5
1191,1042,F,32
1192,1043,M,19
1193,1044,F,57
1194,1045,F,33
1195,1046,M,38
1196,1047,F,40
1197,1048,M,5
1198,1049,F,21
1199,1050,F,43
1200,1051,F,36
1201,1052,F,31
1202,1052,F,55
1203,1053,F,40
1204,1054,M,22
1205,1055,M,5
1206,1055,M,24
1207,1056,M,40
1208,1057,F,33
1209,1058,F,19
1210,1059,F,34
1211,1060,F,35
1212,1061,F,43
1213,1062,M,30
1214,1062,M,38
1215,1063,F,37
1216,1064,M,19
1217,1064,F,46
1218,1065,F,45
1219,1066,M,21
1220,1066,F,40
1221,1067,M,20
1222,1068,F,46
1223,1069,M,35
1224,1070,M,32
1225,1070,M,15
1226,1071,F,47
1227,1072,M,41
1228,1073,F,64
1229,1074,M,32
1230,1075,M,19
1231,1076,F,51
1232,1077,M,29
1233,1078,M,38
1234,1079,M,32
1235,1080,F,34
1236,1081,F,17
1237,1082,M,18
1238,1083,M,31
1239,1084,M,25
1240,1085,F,12
1241,1086,F,28
1242,1087,M,43
1243,1088,M,37
1244,1089,M,53
1245,1090,M,32
1246,1091,F,43
1247,1091,F,35
1248,1092,F,28
1249,1093,T,19
1250,1094,F,9
1251,1095,F,40
1252,1096,F,51
1253,1097,M,14
1254,1098,F,41
1255,1099,M,31
1256,1100,M,41
1257,1101,M,34
1258,1101,F,44
1259,1102,M,38
1260,1103,F,41
1261,1104,F,32
1262,1105,M,15
1263,1106,M,5
1264,1107,F,30
1265,1108,F,19
1266,1109,M,41
1267,1110,F,20
1268,1111,M,15
1269,1112,M,35
1270,1113,F,26
1271,1114,F,23
1272,1114,M,33
1273,1115,M,42
1274,1116,F,42
1275,1117,F,41
1276,1117,F,23
1277,1118,M,31
1278,1118,M,35
1279,1119,F,18
1280,1120,F,26
1281,1121,F,53
1282,1121,F,47
1283,1122,F,38
1284,1122,F,18
1285,1123,F,54
1286,1124,M,35
1287,1125,F,15
1288,1126,F,35
1289,1127,F,18
1290,1128,F,26
1291,1129,M,48
1292,1130,M,46
1293,1130,F,39
1294,1131,M,29
1295,1132,M,26
1296,1133,F,19
1297,1134,F,48
1298,1135,M,19
1299,1136,M,41
1300,1137,F,41
1301,1138,F,35
1302,1139,M,15
1303,1140,M,59
1304,1141,M,53
1305,1142,M,40
1306,1143,M,28
1307,1144,F,49
1308,1145,F,22
1309,1146,F,21
1310,1147,F,31
1311,1147,F,68
1312,1148,F,53
1313,1149,F,41
1314,1150,F,33
1315,1151,F,36
1316,1152,F,43
1317,1153,F,26
1318,1154,M,48
1319,1155,F,14
1320,1156,M,64
1321,1157,F,16
1322,1158,F,41
1323,1159,F,35
1324,1160,M,33
1325,1161,M,33
1326,1162,M,32
1327,1163,F,29
1328,1164,F,80
1329,1165,M,35
1330,1165,M,32
1331,1166,F,37
1332,1167,F,43
1333,1168,M,20
1334,1169,F,46
1335,1170,M,57
1336,1171,F,47
1337,1172,M,41
1338,1172,F,22
1339,1173,F,26
1340,1174,M,10
1341,1175,F,9
1342,1175,M,28
1343,1176,F,21
1344,1177,M,45
1345,1178,M,36
1346,1179,F,30
1347,1180,M,41
1348,1181,F,21
1349,1182,M,45
1350,1183,F,44
1351,1184,M,25
1352,1185,M,32
1353,1185,M,33
1354,1186,F,26
1355,1187,F,59
1356,1188,M,25
1357,1189,F,46
1358,1190,M,5
1359,1191,F,16
1360,1192,M,62
1361,1193,F,35
1362,1194,M,43
1363,1195,F,40
1364,1196,F,9
1365,1197,M,21
1366,1198,M,11
1367,1199,M,43
1368,1200,F,15
1369,1201,F,20
1370,1202,F,36
1371,1202,M,24
1372,1203,F,29
1373,1204,F,59
1374,1205,M,19
1375,1206,M,14
1376,1207,F,38
1377,1207,F,36
1378,1208,F,52
1379,1209,F,27
1380,1209,M,51
1381,1210,M,5
1382,1211,F,45
1383,1212,F,52
1384,1213,M,42
1385,1214,M,48
1386,1215,F,39
1387,1215,F,9
1388,1216,M,7
1389,1217,F,28
1390,1218,F,41
1391,1219,F,35
1392,1220,F,41
1393,1220,F,47
1394,1221,F,41
1395,1222,M,40
1396,1222,F,50
1397,1223,M,16
1398,1224,M,11
1399,1224,F,45
1400,1225,M,33
1401,1226,M,37
1402,1227,M,18
1403,1228,M,45
1404,1229,M,40
1405,1230,F,29
1406,1231,M,45
1407,1232,M,5
1408,1233,F,25
1409,1234,F,27
1410,1235,F,37
1411,1236,F,64
1412,1236,M,50
1413,1237,M,17
1414,1238,F,45
1415,1239,F,22
1416,1240,F,43
1417,1241,M,17
1418,1242,M,32
1419,1243,F,39
1420,1243,M,37
1421,1244,F,51
1422,1245,M,60
1423,1246,F,47
1424,1247,M,51
1425,1248,F,67
1426,1249,M,18
1427,1250,F,55
1428,1251,M,63
1429,1252,M,53
1430,1253,M,5
1431,1254,F,22
1432,1255,F,28
1433,1256,M,35
1434,1257,F,45
1435,1258,F,65
1436,1258,F,11
1437,1259,F,52
1438,1260,M,33
1439,1261,F,35
1440,1262,M,47
1441,1262,F,35
1442,1263,M,34
1443,1264,F,28
1444,1264,M,25
1445,1265,M,47
1446,1266,F,30
1447,1267,M,38
1448,1268,M,44
1449,1268,M,44
1450,1269,M,29
1451,1270,F,30
1452,1271,M,30
1453,1272,M,57
1454,1273,T,28
1455,1274,T,35
1456,1275,M,16
1457,1276,M,46
1458,1276,F,31
1459,1277,M,58
1460,1278,F,51
1461,1279,M,38
1462,1280,M,48
1463,1281,M,30
1464,1282,F,41
1465,1282,F,5
1466,1283,M,47
1467,1284,M,29
1468,1285,M,45
1469,1285,F,41
1470,1286,F,58
1471,1287,M,21
1472,1288,M,24
1473,1289,M,43
1474,1290,F,29
1475,1291,M,47
1476,1291,F,38
1477,1292,M,37
1478,1293,F,44
1479,1294,M,33
1480,1295,F,41
1481,1296,F,25
1482,1296,F,44
1483,1297,F,35
1484,1298,M,45
1485,1299,F,35
1486,1300,F,19
1487,1301,M,10
1488,1302,T,35
1489,1303,M,37
1490,1304,F,24
1491,1305,M,49
1492,1306,M,55
1493,1307,M,60
1494,1307,F,38
1495,1308,F,22
1496,1308,M,51
1497,1309,F,45
1498,1310,M,14
1499,1311,F,45
1500,1312,M,28
1501,1313,F,5
1502,1314,F,35
1503,1315,M,37
1504,1316,F,5
1505,1317,T,18
1506,1318,M,32
1507,1319,F,45
1508,1320,M,36
1509,1321,F,41
1510,1322,F,5
1511,1322,M,44
1512,1323,F,44
1513,1324,F,40
1514,1325,M,50
1515,1326,F,60
1516,1327,F,33
1517,1328,F,5
1518,1329,M,37
1519,1330,F,21
1520,1331,T,5
1521,1332,M,55
1522,1333,M,23
1523,1334,M,19
1524,1335,M,42
1525,1336,F,43
1526,1337,F,5
1527,1338,M,18
1528,1339,F,27
1529,1340,M,29
1530,1340,M,29
1531,1341,F,34
1532,1342,F,42
1533,1343,F,29
1534,1344,M,10
1535,1345,F,38
1536,1346,F,35
1537,1347,F,20
1538,1348,F,68
1539,1349,M,42
1540,1350,F,29
1541,1351,F,39
1542,1352,F,31
1543,1353,F,46
1544,1354,T,47
1545,1354,F,5
1546,1355,M,22
1547,1356,F,42
1548,1357,M,31
1549,1358,F,23
1550,1359,M,32
1551,1360,F,54
1552,1361,M,29
1553,1362,M,52
1554,1362,F,38
1555,1363,F,31
1556,1364,M,42
1557,1365,M,5
1558,1366,F,39
1559,1366,F,5
1560,1367,T,17
1561,1368,M,57
1562,1369,F,40
1563,1370,F,31
1564,1371,F,35
1565,1371,F,49
1566,1372,F,25
1567,1373,M,43
1568,1373,F,21
1569,1374,F,50
1570,1375,M,26
1571,1376,M,36
1572,1377,F,40
1573,1378,F,30
1574,1379,F,12
1575,1380,F,29
1576,1380,F,34
1577,1381,M,64
1578,1381,M,21
1579,1382,F,19
1580,1382,M,18
1581,1383,F,18
1582,1383,F,23
1583,1384,M,36
1584,1385,F,33
1585,1386,M,21
1586,1387,F,5
1587,1388,M,5
1588,1389,M,49
1589,1390,M,40
1590,1391,M,20
1591,1392,F,44
1592,1392,F,35
1593,1393,F,22
1594,1393,M,38
1595,1394,M,52
1596,1395,M,5
1597,1395,M,37
1598,1396,F,47
1599,1396,M,19
1600,1397,F,27
1601,1398,F,25
1602,1399,M,38
1603,1400,M,41
1604,1401,F,19
1605,1402,M,19
1606,1402,M,47
1607,1403,M,54
1608,1404,F,20
1609,1405,F,23
1610,1406,F,46
1611,1407,F,21
1612,1408,M,29
1613,1408,F,40
1614,1409,F,18
1615,1410,F,33
1616,1410,T,28
1617,1411,F,28
1618,1411,M,11
1619,1412,T,29
1620,1413,F,35
1621,1414,F,27
1622,1414,M,10
1623,1415,F,25
1624,1416,F,28
1625,1416,M,39
1626,1417,F,35
1627,1417,F,41
1628,1418,F,33
1629,1419,F,35
1630,1420,M,32
1631,1421,M,15
1632,1422,F,45
1633,1423,F,33
1634,1424,M,31
1635,1425,M,24
1636,1425,M,50
1637,1426,F,42
1638,1427,F,50
1639,1428,F,39
1640,1429,M,38
1641,1430,F,40
1642,1431,M,67
1643,1432,M,11
1644,1433,F,19
1645,1434,M,52
1646,1435,F,31
1647,1436,F,10
1648,1437,F,7
1649,1437,F,20
1650,1438,F,49
1651,1439,M,40
1652,1439,M,32
1653,1440,F,45
1654,1441,F,34
1655,1442,M,22
1656,1442,F,22
1657,1443,M,17
1658,1444,M,12
1659,1445,M,30
1660,1446,F,42
1661,1447,M,32
1662,1448,M,43
1663,1449,M,38
1664,1450,F,39
1665,1450,F,41
1666,1451,F,27
1667,1452,F,12
1668,1453,M,30
1669,1454,F,40
1670,1455,F,38
1671,1456,F,56
1672,1457,M,62
1673,1458,F,24
1674,1459,M,59
1675,1460,F,36
1676,1460,F,32
1677,1461,F,31
1678,1462,F,18
1679,1463,M,34
1680,1464,F,40
1681,1465,F,27
1682,1466,F,35
1683,1467,F,49
1684,1468,M,5
1685,1468,M,31
1686,1469,M,9
1687,1470,F,52
1688,1471,F,33
1689,1472,F,28
1690,1473,F,53
1691,1474,F,22
1692,1474,F,46
1693,1475,M,20
1694,1476,F,23
1695,1476,M,34
1696,1477,M,49
1697,1478,M,40
1698,1479,F,31
1699,1479,M,41
1700,1480,M,29
1701,1481,F,27
1702,1482,M,20
1703,1483,M,54
1704,1483,F,37
1705,1484,M,29
1706,1485,F,30
1707,1486,M,23
1708,1487,F,31
1709,1487,M,53
1710,1488,F,25
1711,1489,F,34
1712,1490,M,30
1713,1491,M,39
1714,1491,F,31
1715,1492,M,41
1716,1493,F,37
1717,1494,F,34
1718,1495,M,21
1719,1496,M,16
1720,1497,F,43
1721,1497,F,43
1722,1498,M,41
1723,1499,F,5
1724,1500,F,47
1725,1501,M,20
1726,1502,F,50
1727,1503,M,34
1728,1504,F,45
1729,1505,M,50
1730,1506,M,35
1731,1507,F,23
1732,1508,M,28
1733,1509,M,37
1734,1510,F,27
1735,1511,M,16
1736,1511,M,11
1737,1512,M,45
1738,1513,M,55
1739,1514,M,49
1740,1515,M,29
1741,1516,F,49
1742,1517,F,41
1743,1517,M,27
1744,1518,M,52
1745,1519,F,15
1746,1520,M,35
1747,1521,M,48
1748,1522,F,28
1749,1523,M,35
1750,1523,M,29
1751,1524,M,35
1752,1525,F,44
1753,1526,F,48
1754,1526,F,34
1755,1527,M,54
1756,1528,M,49
1757,1529,T,58
1758,1530,F,21
1759,1530,M,62
1760,1531,F,47
1761,1532,M,30
1762,1533,F,11
1763,1534,F,35
1764,1534,T,37
1765,1535,F,42
1766,1535,F,5
1767,1536,F,68
1768,1537,F,28
1769,1538,F,30
1770,1539,F,15
1771,1540,T,26
1772,1541,F,44
1773,1542,F,14
1774,1543,M,35
1775,1544,F,34
1776,1545,M,55
1777,1546,F,29
1778,1547,M,43
1779,1548,M,36
1780,1549,M,42
1781,1550,F,51
1782,1551,M,5
1783,1552,T,28
1784,1553,F,33
1785,1554,M,20
1786,1555,F,35
1787,1556,F,17
1788,1557,M,22
1789,1557,M,36
1790,1558,F,35
1791,1559,F,30
1792,1559,M,28
1793,1560,M,35
1794,1561,F,46
1795,1562,M,31
1796,1563,M,50
1797,1564,M,41
1798,1565,F,69
1799,1566,M,33
1800,1567,F,37
1801,1568,M,18
1802,1569,M,32
1803,1569,F,30
1804,1570,M,33
1805,1571,F,23
1806,1572,M,20
1807,1573,M,17
1808,1574,M,28
1809,1575,M,38
1810,1576,M,43
1811,1577,M,35
1812,1578,M,61
1813,1579,M,9
1814,1580,M,31
1815,1581,F,28
1816,1582,F,38
1817,1583,M,30
1818,1584,F,15
1819,1585,F,46
1820,1586,M,47
1821,1587,M,56
1822,1588,M,48
1823,1589,F,50
1824,1590,M,5
1825,1591,F,16
1826,1592,F,44
1827,1593,F,35
1828,1594,M,26
1829,1595,T,59
1830,1596,M,53
1831,1596,F,37
1832,1597,F,26
1833,1598,F,42
1834,1598,M,13
1835,1599,M,43
1836,1599,F,55
1837,1600,F,22
1838,1601,M,23
1839,1601,M,29
1840,1602,F,23
1841,1603,F,30
1842,1604,F,57
1843,1605,F,73
1844,1606,F,31
1845,1606,M,41
1846,1607,M,15
1847,1608,F,27
1848,1609,M,28
1849,1610,F,42
1850,1611,F,55
1851,1612,M,32
1852,1613,F,11
1853,1614,F,10
1854,1615,M,13
1855,1616,M,34
1856,1617,M,19
1857,1618,F,21
1858,1619,M,45
1859,1619,F,18
1860,1620,F,61
1861,1621,M,49
1862,1622,M,49
1863,1623,M,36
1864,1624,M,39
1865,1625,M,22
1866,1626,F,52
1867,1627,F,24
1868,1628,M,35
1869,1629,F,38
1870,1630,F,37
1871,1631,M,33
1872,1632,M,56
1873,1633,M,30
1874,1634,F,32
1875,1635,F,5
1876,1636,M,18
1877,1637,T,37
1878,1638,F,43
1879,1639,M,26
1880,1640,M,63
1881,1641,M,32
1882,1642,M,19
1883,1643,M,42
1884,1644,F,37
1885,1645,F,40
1886,1645,F,33
1887,1646,M,51
1888,1646,M,33
1889,1647,F,16
1890,1648,M,8
1891,1649,M,27
1892,1649,F,50
1893,1650,M,20
1894,1651,M,29
1895,1652,F,32
1896,1653,F,24
1897,1653,F,56
1898,1654,M,38
1899,1655,F,43
1900,1655,M,26
1901,1656,F,28
1902,1657,F,19
1903,1658,F,32
1904,1659,F,27
1905,1660,F,10
1906,1661,F,53
1907,1662,M,46
1908,1663,M,12
1909,1664,M,46
1910,1665,F,37
1911,1666,F,39
1912,1667,F,13
1913,1668,M,31
1914,1669,M,37
1915,1669,F,40
1916,1670,F,20
1917,1671,F,43
1918,1672,F,25
1919,1673,F,14
1920,1674,F,35
1921,1675,M,38
1922,1676,F,27
1923,1677,F,17
1924,1678,F,32
1925,1679,M,6
1926,1680,F,32
1927,1681,F,33
1928,1682,M,24
1929,1683,M,46
1930,1684,F,41
1931,1685,M,34
1932,1686,M,34
1933,1687,M,47
1934,1687,F,27
1935,1688,F,26
1936,1689,M,37
1937,1689,M,31
1938,1690,M,40
1939,1691,M,12
1940,1692,F,49
1941,1693,F,39
1942,1694,M,45
1943,1695,M,39
1944,1696,T,27
1945,1697,M,28
1946,1698,M,46
1947,1699,F,42
1948,1700,M,43
1949,1701,M,17
1950,1702,M,13
1951,1703,M,16
1952,1704,F,35
1953,1704,M,36
1954,1705,M,37
1955,1706,F,36
1956,1706,F,22
1957,1707,M,31
1958,1708,F,42
1959,1709,M,59
1960,1710,M,21
1961,1710,F,22
1962,1711,F,14
1963,1712,F,23
1964,1713,M,26
1965,1714,M,42
1966,1715,M,21
1967,1716,F,24
1968,1717,F,55
1969,1718,M,60
1970,1719,F,55
1971,1720,F,36
1972,1721,M,52
1973,1722,M,72
1974,1723,M,41
1975,1724,M,34
1976,1725,F,8
1977,1726,M,23
1978,1727,F,37
1979,1728,F,38
1980,1729,T,47
1981,1730,F,52
1982,1731,M,37
1983,1732,F,30
1984,1733,M,32
1985,1734,F,38
1986,1735,F,33
1987,1736,F,20
1988,1736,M,29
1989,1737,M,52
1990,1738,M,37
1991,1739,F,53
1992,1740,F,31
1993,1741,F,51
1994,1742,F,13
1995,1743,M,7
1996,1744,F,40
1997,1744,M,29
1998,1745,F,27
1999,1746,F,55
2000,1747,F,21
2001,1748,M,45
2002,1749,F,27
2003,1750,F,33
2004,1751,F,39
2005,1752,M,10
2006,1753,M,32
2007,1754,F,23
2008,1755,M,38
2009,1756,F,26
2010,1757,F,17
2011,1757,M,41
2012,1758,M,43
2013,1758,F,18
2014,1759,M,24
2015,1760,M,42
2016,1761,M,29
2017,1762,F,28
2018,1763,M,29
2019,1764,M,41
2020,1765,F,27
2021,1766,F,50
2022,1767,M,26
2023,1767,M,34
2024,1768,F,31
2025,1769,M,18
2026,1770,F,48
2027,1771,F,36
2028,1772,F,23
2029,1773,M,25
2030,1773,F,51
2031,1774,F,5
2032,1775,F,36
2033,1776,F,17
2034,1777,F,28
2035,1778,M,38
2036,1779,F,22
2037,1779,M,78
2038,1780,M,28
2039,1781,F,20
2040,1782,F,41
2041,1782,M,47
2042,1783,M,51
2043,1784,M,25
2044,1785,F,33
2045,1785,F,54
2046,1786,F,21
2047,1787,F,47
2048,1788,F,29
2049,1789,M,45
2050,1790,F,40
2051,1791,F,50
2052,1792,F,37
2053,1793,F,37
2054,1794,F,39
2055,1795,M,26
2056,1796,F,49
2057,1797,F,24
2058,1797,F,53
2059,1798,F,13
2060,1799,F,35
2061,1800,M,37
2062,1801,M,49
2063,1802,M,22
2064,1803,M,27
2065,1804,F,24
2066,1805,M,48
2067,1806,M,25
2068,1807,F,27
2069,1808,M,45
2070,1809,M,27
2071,1810,M,13
2072,1811,M,20
2073,1811,M,48
2074,1812,M,39
2075,1813,F,5
2076,1814,F,41
2077,1815,F,21
2078,1816,M,26
2079,1817,F,51
2080,1818,F,37
2081,1819,F,22
2082,1820,M,39
2083,1821,M,39
2084,1822,T,24
2085,1823,M,20
2086,1824,F,19
2087,1824,M,37
2088,1825,F,54
2089,1826,M,41
2090,1826,F,27
2091,1827,F,17
2092,1828,F,26
2093,1828,M,27
2094,1829,M,19
2095,1830,F,30
2096,1831,M,45
2097,1832,F,40
2098,1833,F,11
2099,1834,M,38
2100,1835,F,45
2101,1835,M,15
2102,1836,F,20
2103,1837,M,15
2104,1838,M,17
2105,1839,F,50
2106,1840,M,18
2107,1841,F,5
2108,1842,M,22
2109,1843,M,27
2110,1844,F,24
2111,1845,F,34
2112,1846,F,43
2113,1847,M,33
2114,1847,F,35
2115,1848,F,50
2116,1849,F,43
2117,1850,F,22
2118,1851,F,41
2119,1852,M,40
2120,1853,F,28
2121,1854,M,30
2122,1855,M,16
2123,1855,M,14
2124,1856,F,40
2125,1857,F,11
2126,1858,F,26
2127,1859,M,38
2128,1860,F,24
2129,1861,T,22
2130,1862,F,47
2131,1862,F,28
2132,1863,M,23
2133,1864,M,25
2134,1865,F,32
2135,1865,F,25
2136,1866,M,15
2137,1867,F,50
2138,1868,M,22
2139,1868,F,24
2140,1869,M,48
2141,1870,F,41
2142,1871,F,22
2143,1872,F,26
2144,1873,F,39
2145,1874,F,28
2146,1875,F,12
2147,1876,M,48
2148,1877,F,16
2149,1878,M,51
2150,1878,F,31
2151,1879,M,32
2152,1880,M,24
2153,1881,M,6
2154,1882,M,23
2155,1883,F,47
2156,1884,M,25
2157,1885,F,29
2158,1886,M,32
2159,1887,M,37
2160,1887,M,40
2161,1888,F,31
2162,1889,M,67
2163,1890,F,34
2164,1891,F,22
2165,1892,M,39
2166,1892,M,52
2167,1893,F,17
2168,1894,F,43
2169,1895,M,31
2170,1896,M,30
2171,1897,M,40
2172,1898,F,12
2173,1899,F,14
2174,1900,M,6
2175,1901,F,31
2176,1902,M,44
2177,1903,T,26
2178,1904,M,50
2179,1905,F,30
2180,1906,F,30
2181,1907,F,29
2182,1908,F,41
2183,1909,F,29
2184,1910,M,11
2185,1911,F,62
2186,1912,F,31
2187,1913,M,30
2188,1914,M,36
2189,1915,M,29
2190,1916,M,32
2191,1916,M,39
2192,1917,M,23
2193,1918,F,45
2194,1919,M,37
2195,1920,F,21
2196,1921,F,9
2197,1922,M,27
2198,1923,F,46
2199,1924,M,39
2200,1925,F,28
2201,1926,M,18
2202,1927,F,27
2203,1928,F,56
2204,1929,M,37
2205,1930,M,44
2206,1931,F,60
2207,1931,M,27
2208,1932,M,24
2209,1933,F,5
2210,1933,F,34
2211,1934,M,62
2212,1935,F,33
2213,1936,F,33
2214,1937,F,35
2215,1938,M,46
2216,1939,F,33
2217,1940,F,21
2218,1941,F,20
2219,1942,M,28
2220,1943,F,47
2221,1944,F,42
2222,1945,F,32
2223,1946,F,41
2224,1947,M,54
2225,1948,M,14
2226,1949,M,31
2227,1949,T,22
2228,1950,F,50
2229,1951,F,32
2230,1952,F,29
2231,1952,M,38
2232,1953,F,12
2233,1954,M,50
2234,1955,F,36
2235,1956,F,40
2236,1957,M,43
2237,1958,M,24
2238,1959,F,39
2239,1960,F,30
2240,1961,M,18
2241,1962,F,30
2242,1963,M,47
2243,1964,F,15
2244,1965,F,5
2245,1966,T,45
2246,1967,M,11
2247,1968,F,19
2248,1969,M,41
2249,1970,M,45
2250,1971,M,12
2251,1971,F,17
2252,1972,M,50
2253,1972,F,45
2254,1973,F,34
2255,1974,F,47
2256,1975,F,8
2257,1976,M,15
2258,1977,F,28
2259,1978,M,41
2260,1979,M,70
2261,1980,F,32
2262,1981,M,52
2263,1982,M,48
2264,1983,F,52
2265,1984,F,38
2266,1985,F,47
2267,1986,M,12
2268,1987,F,41
2269,1988,T,36
2270,1989,F,30
2271,1990,M,32
2272,1991,M,33
2273,1992,M,26
2274,1993,M,5
2275,1994,F,35
2276,1995,M,29
2277,1996,M,49
2278,1996,F,29
2279,1997,F,62
2280,1998,F,39
2281,1999,F,16
2282,2000,M,32
2283,2000,F,24
2284,2001,M,20
2285,2002,F,50
2286,2003,M,38
2287,2004,F,26
2288,2005,M,20
2289,2006,M,32
2290,2007,M,23
2291,2008,M,59
2292,2009,M,29
2293,2010,F,44
2294,2011,F,42
2295,2012,F,36
2296,2013,F,27
2297,2014,M,44
2298,2015,F,54
2299,2016,F,28
2300,2017,F,22
2301,2018,M,16
2302,2018,F,9
2303,2019,F,11
2304,2020,T,54
2305,2021,M,32
2306,2022,M,33
2307,2023,F,39
2308,2024,F,40
2309,2025,M,14
2310,2026,F,35
2311,2027,M,17
2312,2027,F,20
2313,2028,F,28
2314,2029,F,8
2315,2029,F,9
2316,2030,F,39
2317,2031,F,38
2318,2032,F,41
2319,2033,F,50
2320,2034,F,34
2321,2035,M,15
2322,2036,F,23
2323,2037,M,56
2324,2038,F,21
2325,2038,F,21
2326,2039,F,46
2327,2040,F,27
2328,2041,M,47
2329,2042,M,41
2330,2042,M,25
2331,2043,M,38
2332,2044,M,16
2333,2045,F,43
2334,2046,M,49
2335,2046,M,67
2336,2047,F,9
2337,2048,M,40
2338,2049,M,27
2339,2050,F,30
2340,2051,M,49
2341,2051,F,42
2342,2052,M,40
2343,2052,M,41
2344,2053,F,5
2345,2054,M,37
2346,2054,M,9
2347,2055,M,42
2348,2056,M,33
2349,2057,T,23
2350,2057,F,24
2351,2058,F,23
2352,2058,F,41
2353,2059,T,14
2354,2060,F,24
2355,2060,M,45
2356,2061,M,39
2357,2062,F,50
2358,2063,F,36
2359,2063,F,25
2360,2064,M,36
2361,2065,M,49
2362,2066,F,5
2363,2067,F,37
2364,2068,F,53
2365,2068,F,31
2366,2069,M,17
2367,2070,M,31
2368,2071,F,32
2369,2072,F,50
2370,2073,M,42
2371,2073,F,12
2372,2074,F,50
2373,2075,F,61
2374,2076,M,47
2375,2077,F,16
2376,2078,F,42
2377,2079,F,51
2378,2080,F,61
2379,2081,M,39
2380,2082,F,9
2381,2082,M,5
2382,2083,F,27
2383,2084,F,26
2384,2085,M,25
2385,2086,M,28
2386,2087,F,5
2387,2087,F,42
2388,2088,F,19
2389,2089,F,25
2390,2089,M,37
2391,2090,F,41
2392,2090,M,28
2393,2091,M,14
2394,2092,T,20
2395,2093,M,33
2396,2094,M,12
2397,2095,F,30
2398,2096,F,53
2399,2097,F,17
2400,2098,M,31
2401,2099,F,27
2402,2100,M,19
2403,2101,F,5
2404,2102,F,15
2405,2103,M,43
2406,2104,M,36
2407,2105,F,34
2408,2106,T,24
2409,2106,M,14
2410,2107,F,70
2411,2108,F,30
2412,2109,F,27
2413,2110,F,17
2414,2110,F,42
2415,2111,M,30
2416,2112,F,24
2417,2113,F,30
2418,2114,F,45
2419,2115,M,24
2420,2116,F,34
2421,2117,M,26
2422,2118,M,46
2423,2119,F,46
2424,2119,M,23
2425,2120,F,47
2426,2120,M,17
2427,2121,M,38
2428,2122,F,29
2429,2123,F,19
2430,2124,M,30
2431,2125,M,57
2432,2126,F,22
2433,2126,F,14
2434,2127,M,57
2435,2128,M,42
2436,2129,F,27
2437,2130,F,40
2438,2131,F,18
2439,2132,F,32
2440,2133,M,53
2441,2134,M,13
2442,2134,M,39
2443,2135,M,49
2444,2136,F,14
2445,2136,F,30
2446,2137,F,43
2447,2138,M,33
2448,2139,M,51
2449,2140,M,46
2450,2140,F,28
2451,2141,M,43
2452,2142,M,27
2453,2143,F,57
2454,2144,T,48
2455,2145,F,23
2456,2146,M,29
2457,2147,F,34
2458,2147,F,46
2459,2148,F,25
2460,2149,M,35
2461,2150,F,31
2462,2150,F,46
2463,2151,M,30
2464,2152,F,52
2465,2152,M,20
2466,2153,F,33
2467,2154,F,35
2468,2155,M,32
2469,2156,F,33
2470,2157,F,36
2471,2158,F,16
2472,2159,M,26
2473,2160,F,47
2474,2160,F,48
2475,2161,F,35
2476,2162,F,68
2477,2163,F,37
2478,2164,F,40
2479,2165,F,16
2480,2166,M,39
2481,2167,M,45
2482,2167,F,38
2483,2168,M,39
2484,2169,F,22
2485,2170,F,28
2486,2171,M,29
2487,2172,F,27
2488,2173,M,12
2489,2174,F,39
2490,2175,M,52
2491,2176,F,34
2492,2177,M,41
2493,2178,M,33
2494,2179,M,41
2495,2180,F,61
2496,2181,M,47
2497,2182,F,41
2498,2183,M,26
2499,2184,M,28
2500,2185,M,30
2501,2186,M,57
2502,2187,M,33
2503,2188,F,40
2504,2189,F,49
2505,2190,M,29
2506,2191,M,26
2507,2191,M,38
2508,2192,M,12
2509,2193,F,41
2510,2194,M,63
2511,2195,M,32
2512,2196,M,39
2513,2197,F,30
2514,2198,M,54
2515,2199,M,19
2516,2200,F,30
2517,2201,M,44
2518,2202,F,48
2519,2203,M,29
2520,2204,F,66
2521,2205,F,26
2522,2206,F,19
2523,2207,F,41
2524,2208,M,41
2525,2209,F,27
2526,2210,M,43
2527,2211,F,32
2528,2212,F,37
2529,2213,F,24
2530,2214,M,19
2531,2215,M,45
2532,2216,M,42
2533,2217,M,15
2534,2218,M,19
2535,2219,M,43
2536,2220,F,44
2537,2221,F,26
2538,2222,F,39
2539,2223,F,27
2540,2224,M,47
2541,2225,M,62
2542,2226,M,30
2543,2227,M,33
2544,2228,F,48
2545,2228,F,50
2546,2229,F,53
2547,2230,F,36
2548,2231,M,34
2549,2232,M,28
2550,2233,F,30
2551,2234,F,25
2552,2235,M,27
2553,2236,M,37
2554,2237,M,15
2555,2237,F,14
2556,2238,M,51
2557,2239,M,36
2558,2239,M,51
2559,2240,F,36
2560,2241,M,44
2561,2242,M,51
2562,2243,M,29
2563,2244,F,27
2564,2245,F,27
2565,2246,F,31
2566,2247,M,36
2567,2248,F,18
2568,2249,M,44
2569,2250,M,40
2570,2251,M,31
2571,2252,M,52
2572,2253,M,9
2573,2254,M,25
2574,2255,F,39
2575,2256,F,30
2576,2257,M,32
2577,2258,M,20
2578,2259,M,29
2579,2260,F,39
2580,2261,F,11
2581,2262,M,45
2582,2263,F,22
2583,2264,M,12
2584,2265,M,39
2585,2266,M,15
2586,2267,F,25
2587,2268,F,41
2588,2269,F,47
2589,2270,F,13
2590,2271,F,35
2591,2271,M,27
2592,2272,M,57
2593,2273,M,22
2594,2274,F,39
2595,2274,F,25
2596,2275,M,31
2597,2276,F,24
2598,2277,M,41
2599,2278,M,59
2600,2279,F,47
2601,2279,F,8
2602,2280,M,14
2603,2281,F,16
2604,2281,M,13
2605,2282,F,39
2606,2283,M,61
2607,2283,M,59
2608,2284,M,9
2609,2285,M,38
2610,2286,F,37
2611,2287,M,26
2612,2288,M,15
2613,2289,M,32
2614,2290,M,18
2615,2291,F,39
2616,2292,F,27
2617,2293,M,49
2618,2294,F,18
2619,2295,M,17
2620,2296,F,43
2621,2297,F,23
2622,2298,F,58
2623,2299,M,44
2624,2300,M,45
2625,2301,F,69
2626,2301,F,20
2627,2302,F,20
2628,2303,F,53
2629,2304,T,40
2630,2305,M,17
2631,2306,F,46
2632,2306,M,5
2633,2307,F,48
2634,2308,M,26
2635,2309,F,37
2636,2310,T,59
2637,2311,F,30
2638,2312,M,27
2639,2313,M,34
2640,2314,F,33
2641,2315,F,46
2642,2316,M,13
2643,2317,M,13
2644,2318,M,34
2645,2319,F,30
2646,2320,M,36
2647,2321,M,40
2648,2322,F,49
2649,2322,M,20
2650,2323,F,29
2651,2324,T,27
2652,2325,M,16
2653,2326,M,40
2654,2327,F,15
2655,2328,F,16
2656,2329,F,27
2657,2330,M,25
2658,2331,F,13
2659,2332,M,22
2660,2333,M,34
2661,2334,M,28
2662,2334,M,46
2663,2335,F,26
2664,2336,M,30
2665,2337,M,34
2666,2338,F,37
2667,2339,M,39
2668,2339,F,30
2669,2340,F,51
2670,2341,F,84
2671,2341,F,38
2672,2342,M,33
2673,2342,M,37
2674,2343,M,27
2675,2344,F,46
2676,2345,M,52
2677,2346,M,42
2678,2347,F,36
2679,2347,F,48
2680,2348,M,37
2681,2348,F,25
2682,2349,F,16
2683,2350,M,28
2684,2351,F,60
2685,2352,M,53
2686,2353,F,22
2687,2353,F,22
2688,2354,T,24
2689,2355,F,40
2690,2356,F,18
2691,2357,F,26
2692,2358,M,21
2693,2359,M,33
2694,2360,M,20
2695,2361,F,13
2696,2362,M,23
2697,2363,M,37
2698,2364,F,21
2699,2364,M,12
2700,2365,M,16
2701,2366,F,30
2702,2367,M,23
2703,2367,M,14
2704,2368,F,6
2705,2369,F,28
2706,2370,F,52
2707,2371,M,41
2708,2371,M,40
2709,2372,M,32
2710,2373,F,11
2711,2374,T,38
2712,2375,F,32
2713,2375,M,12
2714,2376,M,42
2715,2377,F,42
2716,2378,M,29
2717,2379,M,36
2718,2380,F,36
2719,2380,M,16
2720,2381,M,39
2721,2381,M,45
2722,2382,M,50
2723,2383,M,22
2724,2384,M,34
2725,2385,F,43
2726,2385,M,62
2727,2386,F,12
2728,2387,F,11
2729,2388,T,39
2730,2389,M,25
2731,2390,F,36
2732,2391,M,43
2733,2392,M,32
2734,2392,F,14
2735,2393,F,25
2736,2394,F,33
2737,2395,M,24
2738,2396,M,29
2739,2397,F,49
2740,2398,M,43
2741,2399,F,24
2742,2400,F,30
2743,2401,M,16
2744,2402,F,40
2745,2402,F,30
2746,2403,F,34
2747,2404,F,30
2748,2404,M,23
2749,2405,F,45
2750,2406,F,35
2751,2406,F,43
2752,2407,F,11
2753,2407,M,14
2754,2408,M,16
2755,2408,M,23
2756,2409,M,39
2757,2410,F,22
2758,2411,F,26
2759,2412,F,45
2760,2413,F,42
2761,2413,T,21
2762,2414,M,34
2763,2414,M,50
2764,2415,F,20
2765,2416,M,5
2766,2417,M,23
2767,2418,M,32
2768,2419,M,38
2769,2420,F,5
2770,2421,F,51
2771,2422,F,47
2772,2423,F,35
2773,2424,F,47
2774,2425,M,32
2775,2426,F,26
2776,2427,F,5
2777,2427,F,23
2778,2428,M,12
2779,2429,M,32
2780,2430,M,29
2781,2431,M,27
2782,2432,F,15
2783,2433,M,29
2784,2434,F,40
2785,2435,F,36
2786,2436,M,48
2787,2437,F,38
2788,2438,M,51
2789,2439,F,67
2790,2440,F,35
2791,2441,M,33
2792,2442,M,31
2793,2443,M,32
2794,2444,F,50
2795,2445,F,25
2796,2446,M,26
2797,2446,F,23
2798,2447,F,39
2799,2448,F,47
2800,2449,M,29
2801,2449,F,34
2802,2450,M,26
2803,2451,F,24
2804,2452,M,30
2805,2453,F,60
2806,2454,M,32
2807,2455,F,5
2808,2456,F,19
2809,2456,M,5
2810,2457,F,24
2811,2458,F,28
2812,2459,M,5
2813,2460,M,28
2814,2461,M,33
2815,2462,M,22
2816,2463,F,19
2817,2464,F,8
2818,2465,M,36
2819,2465,F,50
2820,2466,M,39
2821,2467,F,27
2822,2468,F,50
2823,2469,F,29
2824,2470,M,6
2825,2471,M,20
2826,2471,F,25
2827,2472,M,24
2828,2473,F,48
2829,2474,F,30
2830,2474,T,41
2831,2475,F,31
2832,2476,F,12
2833,2477,F,25
2834,2478,F,75
2835,2479,F,42
2836,2480,M,28
2837,2480,M,38
2838,2481,F,21
2839,2481,M,65
2840,2482,F,38
2841,2483,F,18
2842,2484,F,36
2843,2485,M,50
2844,2486,M,30
2845,2487,M,39
2846,2488,M,59
2847,2489,M,23
2848,2490,M,41
2849,2491,M,50
2850,2492,F,5
2851,2492,M,20
2852,2493,M,45
2853,2494,M,29
2854,2495,F,5
2855,2495,M,45
2856,2496,F,30
2857,2497,M,42
2858,2498,M,38
2859,2499,F,18
2860,2499,F,44
2861,2500,F,34
2862,2501,F,41
2863,2502,M,27
2864,2503,F,41
2865,2504,M,28
2866,2504,F,23
2867,2505,M,34
2868,2506,F,5
2869,2507,M,31
2870,2508,M,33
2871,2509,F,37
2872,2510,F,34
2873,2511,F,26
2874,2512,F,28
2875,2513,M,38
2876,2514,M,5
2877,2515,F,28
2878,2516,F,5
2879,2516,M,40
2880,2517,M,32
2881,2518,T,42
2882,2519,F,39
2883,2520,M,29
2884,2521,M,36
2885,2522,F,10
2886,2523,M,42
2887,2524,M,48
2888,2525,F,14
2889,2526,F,5
2890,2527,M,85
2891,2528,M,18
2892,2529,M,35
2893,2530,F,32
2894,2531,M,21
2895,2532,M,41
2896,2533,M,51
2897,2534,M,19
2898,2535,M,51
2899,2536,M,50
2900,2537,M,21
2901,2538,F,24
2902,2539,F,39
2903,2540,F,19
2904,2541,F,11
2905,2542,F,48
2906,2543,F,61
2907,2544,M,32
2908,2545,M,34
2909,2546,M,25
2910,2547,M,60
2911,2548,M,48
2912,2549,F,60
2913,2550,M,19
2914,2550,M,36
2915,2551,M,50
2916,2552,F,55
2917,2553,M,57
2918,2554,M,34
2919,2555,F,14
2920,2556,F,19
2921,2557,M,38
2922,2558,F,48
2923,2559,M,32
2924,2560,F,29
2925,2561,M,43
2926,2562,F,14
2927,2563,F,54
2928,2564,F,41
2929,2565,F,51
2930,2566,M,31
2931,2567,M,50
2932,2568,F,41
2933,2569,T,47
2934,2570,M,38
2935,2571,M,57
2936,2572,F,50
2937,2572,M,35
2938,2573,M,28
2939,2574,M,30
2940,2575,F,24
2941,2575,F,21
2942,2576,M,27
2943,2577,F,55
2944,2578,M,48
2945,2579,M,16
2946,2580,M,74
2947,2581,F,38
2948,2582,F,38
2949,2583,M,40
2950,2583,M,45
2951,2584,F,31
2952,2585,F,40
2953,2586,F,26
2954,2587,F,17
2955,2587,M,19
2956,2588,F,36
2957,2588,M,33
2958,2589,F,31
2959,2589,M,24
2960,2590,M,19
2961,2591,T,26
2962,2592,M,21
2963,2593,M,37
2964,2594,F,25
2965,2595,M,33
2966,2596,M,41
2967,2597,F,37
2968,2598,F,35
2969,2599,M,32
2970,2600,M,13
2971,2601,M,5
2972,2602,F,39
2973,2603,M,23
2974,2604,M,44
2975,2605,M,26
2976,2606,M,32
2977,2607,F,40
2978,2608,F,30
2979,2609,M,49
2980,2610,F,41
2981,2611,F,21
2982,2612,M,27
2983,2613,F,22
2984,2614,F,35
2985,2615,F,24
2986,2616,F,41
2987,2617,M,27
2988,2618,M,31
2989,2618,F,19
2990,2619,F,47
2991,2620,F,28
2992,2620,M,25
2993,2621,M,27
2994,2621,F,21
2995,2622,F,29
2996,2623,M,42
2997,2624,F,70
2998,2625,F,24
2999,2626,M,33
3000,2627,F,42
3001,2628,M,13
3002,2629,M,50
3003,2630,M,28
3004,2631,F,42
3005,2632,F,39
3006,2632,M,16
3007,2633,T,20
3008,2633,F,60
3009,2634,F,28
3010,2635,F,26
3011,2636,M,14
3012,2637,F,22
3013,2638,F,29
3014,2638,F,66
3015,2639,M,40
3016,2640,F,12
3017,2641,M,36
3018,2642,F,37
3019,2643,F,18
3020,2644,M,37
3021,2645,F,38
3022,2646,F,12
3023,2647,F,30
3024,2648,M,29
3025,2649,F,31
3026,2649,M,19
3027,2650,F,34
3028,2651,F,14
3029,2652,F,16
3030,2652,F,20
3031,2653,M,34
3032,2654,F,44
3033,2655,M,12
3034,2656,F,50
3035,2656,M,58
3036,2657,M,43
3037,2658,F,16
3038,2659,M,30
3039,2660,F,36
3040,2661,F,34
3041,2662,M,28
3042,2662,M,40
3043,2663,M,24
3044,2664,M,42
3045,2665,F,39
3046,2666,M,38
3047,2667,M,35
3048,2668,F,34
3049,2669,M,31
3050,2670,M,23
3051,2670,M,5
3052,2671,F,25
3053,2672,M,24
3054,2673,M,45
3055,2674,M,28
3056,2675,M,13
3057,2676,M,13
3058,2677,F,25
3059,2678,M,5
3060,2679,M,38
3061,2680,M,22
3062,2681,M,45
3063,2682,F,25
3064,2683,F,15
3065,2684,M,49
3066,2685,M,41
3067,2686,F,32
3068,2686,T,10
3069,2687,M,42
3070,2688,M,24
3071,2689,M,33
3072,2689,F,11
3073,2690,M,19
3074,2691,F,36
3075,2691,M,36
3076,2692,F,25
3077,2693,F,44
3078,2694,M,43
3079,2695,F,48
3080,2696,M,39
3081,2697,F,49
3082,2698,F,38
3083,2698,M,57
3084,2699,M,41
3085,2699,F,40
3086,2700,F,44
3087,2700,F,28
3088,2701,M,30
3089,2702,F,15
3090,2702,F,16
3091,2703,M,33
3092,2703,M,35
3093,2704,M,32
3094,2705,M,46
3095,2706,F,22
3096,2707,F,63
3097,2707,F,40
3098,2708,M,54
3099,2709,F,52
3100,2710,F,24
3101,2711,F,33
3102,2712,F,15
3103,2712,F,34
3104,2713,F,53
3105,2714,M,20
3106,2714,M,25
3107,2715,F,32
3108,2716,M,30
3109,2717,M,23
3110,2718,M,17
3111,2719,F,18
3112,2719,F,24
3113,2720,M,28
3114,2721,M,46
3115,2722,M,53
3116,2723,F,43
3117,2723,F,21
3118,2724,M,17
3119,2725,F,39
3120,2726,M,10
3121,2727,F,36
3122,2727,M,39
3123,2728,F,34
3124,2729,M,25
3125,2730,M,50
3126,2731,M,57
3127,2731,F,51
3128,2732,F,41
3129,2733,M,33
3130,2734,M,24
3131,2735,F,8
3132,2735,M,34
3133,2736,F,55
3134,2737,M,14
3135,2737,M,5
3136,2738,F,32
3137,2739,F,43
3138,2739,M,47
3139,2740,F,38
3140,2741,F,11
3141,2742,M,36
3142,2742,F,20
3143,2743,M,8
3144,2744,F,27
3145,2745,M,53
3146,2745,M,5
3147,2746,F,18
3148,2747,F,29
3149,2748,F,17
3150,2749,F,21
3151,2750,M,39
3152,2751,M,25
3153,2752,F,48
3154,2753,F,30
3155,2754,F,34
3156,2754,F,37
3157,2755,F,25
3158,2756,F,48
3159,2757,M,48
3160,2758,F,48
3161,2759,M,30
3162,2760,M,27
3163,2761,F,28
3164,2762,F,39
3165,2763,F,26
3166,2763,F,40
3167,2764,F,45
3168,2765,M,21
3169,2766,M,33
3170,2767,M,32
3171,2768,F,28
3172,2769,T,26
3173,2770,F,18
3174,2770,M,26
3175,2771,F,26
3176,2772,F,43
3177,2773,F,40
3178,2774,F,39
3179,2775,M,35
3180,2776,M,51
3181,2777,F,44
3182,2778,F,26
3183,2778,F,30
3184,2779,M,30
3185,2780,F,23
3186,2781,M,82
3187,2782,M,42
3188,2783,F,9
3189,2784,F,40
3190,2784,F,36
3191,2785,F,29
3192,2786,M,36
3193,2787,F,29
3194,2788,M,14
3195,2789,M,43
3196,2790,F,30
3197,2790,M,33
3198,2791,M,43
3199,2792,M,40
3200,2793,M,34
3201,2794,M,23
3202,2795,F,40
3203,2795,F,51
3204,2796,F,20
3205,2797,M,40
3206,2798,F,35
3207,2799,M,23
3208,2800,M,43
3209,2801,M,62
3210,2801,F,32
3211,2802,F,43
3212,2803,T,47
3213,2804,F,52
3214,2805,F,25
3215,2805,M,29
3216,2806,M,48
3217,2807,F,31
3218,2808,M,50
3219,2808,F,24
3220,2809,F,24
3221,2810,F,33
3222,2811,F,31
3223,2812,M,26
3224,2812,F,21
3225,2813,M,45
3226,2814,F,17
3227,2815,M,5
3228,2816,F,40
3229,2816,M,31
3230,2817,F,37
3231,2818,F,33
3232,2819,M,39
3233,2819,F,46
3234,2820,F,33
3235,2820,F,23
3236,2821,F,48
3237,2822,M,26
3238,2822,M,37
3239,2823,F,26
3240,2824,M,55
3241,2825,F,38
3242,2826,F,29
3243,2827,M,39
3244,2828,F,42
3245,2829,M,17
3246,2830,F,24
3247,2830,M,30
3248,2831,M,5
3249,2831,F,5
3250,2832,F,26
3251,2833,M,44
3252,2834,M,34
3253,2834,F,9
3254,2835,M,24
3255,2836,M,63
3256,2837,M,26
3257,2838,M,20
3258,2839,M,27
3259,2840,F,32
3260,2841,M,67
3261,2842,M,45
3262,2843,M,40
3263,2844,F,44
3264,2845,M,43
3265,2846,M,27
3266,2847,M,46
3267,2848,M,34
3268,2848,M,49
3269,2849,M,28
3270,2850,F,19
3271,2850,F,27
3272,2851,F,65
3273,2851,M,21
3274,2852,M,30
3275,2853,F,5
3276,2854,M,38
3277,2855,M,31
3278,2855,F,30
3279,2856,M,26
3280,2857,F,49
3281,2858,M,31
3282,2859,F,73
3283,2860,F,23
3284,2860,M,27
3285,2861,M,21
3286,2861,M,59
3287,2862,M,16
3288,2862,F,35
3289,2863,M,22
3290,2864,M,56
3291,2865,F,62
3292,2866,F,33
3293,2867,F,55
3294,2868,F,20
3295,2869,F,7
3296,2870,F,54
3297,2870,M,34
3298,2871,M,41
3299,2872,F,30
3300,2873,M,45
3301,2874,M,53
3302,2875,M,39
3303,2876,M,45
3304,2877,F,9
3305,2878,F,34
3306,2879,F,26
3307,2880,F,19
3308,2881,F,43
3309,2882,F,36
3310,2883,F,24
3311,2884,M,33
3312,2885,F,21
3313,2886,F,48
3314,2887,M,19
3315,2888,F,23
3316,2889,M,22
3317,2890,M,35
3318,2891,M,13
3319,2892,F,5
3320,2893,F,30
3321,2894,F,33
3322,2895,M,48
3323,2896,M,54
3324,2897,F,5
3325,2898,M,35
3326,2899,M,23
3327,2899,M,25
3328,2900,F,28
3329,2901,F,19
3330,2902,F,17
3331,2903,F,38
3332,2904,M,66
3333,2904,M,45
3334,2905,F,34
3335,2906,T,51
3336,2907,M,25
3337,2908,T,35
3338,2909,F,6
3339,2909,T,51
3340,2910,F,44
3341,2910,T,30
3342,2911,M,7
3343,2912,F,47
3344,2912,M,31
3345,2913,F,31
3346,2914,F,36
3347,2914,F,38
3348,2915,M,49
3349,2916,M,36
3350,2917,M,50
3351,2918,M,33
3352,2919,F,42
3353,2920,M,26
3354,2920,M,40
3355,2921,F,50
3356,2922,M,58
3357,2922,F,39
3358,2923,F,36
3359,2924,F,44
3360,2925,F,18
3361,2926,F,30
3362,2927,M,24
3363,2928,M,39
3364,2929,F,26
3365,2929,F,13
3366,2930,M,48
3367,2931,F,24
3368,2932,F,22
3369,2933,F,30
3370,2934,F,18
3371,2935,M,40
3372,2936,F,35
3373,2937,M,30
3374,2937,F,42
3375,2938,F,58
3376,2939,M,32
3377,2940,M,55
3378,2941,F,33
3379,2942,F,69
3380,2942,F,24
3381,2943,M,51
3382,2944,F,30
3383,2945,M,42
3384,2946,F,28
3385,2947,M,28
3386,2947,F,18
3387,2948,M,24
3388,2949,M,27
3389,2950,F,43
3390,2951,M,49
3391,2952,M,22
3392,2953,M,54
3393,2954,F,40
3394,2955,F,48
3395,2956,F,16
3396,2956,F,32
3397,2957,F,50
3398,2958,F,54
3399,2959,M,37
3400,2960,M,60
3401,2961,M,13
3402,2961,M,35
3403,2962,F,22
3404,2963,F,45
3405,2964,M,41
3406,2965,F,28
3407,2966,F,5
3408,2966,M,49
3409,2967,F,19
3410,2968,F,26
3411,2969,F,43
3412,2970,M,19
3413,2971,M,23
3414,2972,F,19
3415,2973,F,52
3416,2974,M,45
3417,2975,M,45
3418,2976,F,17
3419,2977,M,38
3420,2978,F,28
3421,2979,F,57
3422,2980,F,40
3423,2981,F,21
3424,2982,M,46
3425,2983,F,23
3426,2984,M,21
3427,2985,M,40
3428,2986,M,42
3429,2987,M,48
3430,2988,M,34
3431,2989,F,50
3432,2990,M,33
3433,2991,F,44
3434,2992,F,27
3435,2993,T,16
3436,2993,F,17
3437,2994,F,6
3438,2995,F,37
3439,2996,M,37
3440,2997,M,35
3441,2998,F,34
3442,2999,M,30
3443,3000,F,37
3444,3001,F,28
3445,3002,M,47
3446,3003,F,40
3447,3004,M,18
3448,3005,M,53
3449,3006,F,36
3450,3007,M,37
3451,3008,F,13
3452,3009,F,35
3453,3009,F,70
3454,3010,M,5
3455,3011,M,21
3456,3011,F,50
3457,3012,T,25
3458,3013,M,36
3459,3014,M,67
3460,3015,F,34
3461,3016,F,45
3462,3017,F,34
3463,3018,F,21
3464,3019,M,22
3465,3020,F,18
3466,3021,M,32
3467,3022,M,10
3468,3023,F,44
3469,3024,M,15
3470,3024,F,34
3471,3025,T,5
3472,3025,M,27
3473,3026,F,9
3474,3027,F,51
3475,3028,T,19
3476,3029,F,61
3477,3030,F,35
3478,3031,M,53
3479,3032,M,40
3480,3033,M,16
3481,3034,F,30
3482,3035,F,53
3483,3036,M,33
3484,3037,F,41
3485,3038,M,38
3486,3039,F,11
3487,3039,F,45
3488,3040,M,50
3489,3041,F,45
3490,3041,F,44
3491,3042,F,31
3492,3043,M,56
3493,3044,M,48
3494,3045,M,52
3495,3046,F,28
3496,3047,M,12
3497,3048,M,34
3498,3049,F,55
3499,3050,M,35
3500,3051,F,43
3501,3051,M,53
3502,3052,M,48
3503,3053,M,35
3504,3054,M,57
3505,3054,M,39
3506,3055,F,28
3507,3056,F,42
3508,3056,M,32
3509,3057,F,40
3510,3058,M,12
3511,3059,F,38
3512,3060,F,21
3513,3061,F,23
3514,3062,F,48
3515,3063,F,40
3516,3064,F,28
3517,3065,M,19
3518,3066,F,34
3519,3067,M,19
3520,3067,M,39
3521,3068,M,46
3522,3069,M,31
3523,3070,M,39
3524,3071,F,40
3525,3072,F,22
3526,3073,F,26
3527,3074,F,41
3528,3075,F,21
3529,3076,F,16
3530,3077,F,41
3531,3078,M,28
3532,3078,F,38
3533,3079,M,23
3534,3080,M,37
3535,3081,F,36
3536,3082,M,26
3537,3083,F,54
3538,3084,M,33
3539,3085,F,28
3540,3086,M,45
3541,3087,M,31
3542,3088,F,14
3543,3089,M,20
3544,3090,F,25
3545,3091,F,51
3546,3092,F,29
3547,3093,M,35
3548,3094,M,44
3549,3095,M,45
3550,3095,F,44
3551,3096,F,50
3552,3097,M,47
3553,3098,F,47
3554,3099,M,40
3555,3099,F,54
3556,3100,F,44
3557,3101,M,50
3558,3102,F,27
3559,3103,M,28
3560,3104,M,29
3561,3105,F,39
3562,3105,F,39
3563,3106,M,49
3564,3107,M,42
3565,3108,M,42
3566,3109,M,35
3567,3110,F,22
3568,3111,M,44
3569,3112,F,44
3570,3113,M,13
3571,3114,M,44
3572,3115,M,55
3573,3116,M,26
3574,3117,F,32
3575,3118,F,22
3576,3119,M,40
3577,3120,F,36
3578,3121,F,42
3579,3122,F,45
3580,3123,F,14
3581,3123,M,35
3582,3124,M,32
3583,3124,M,35
3584,3125,F,20
3585,3126,F,46
3586,3127,F,21
3587,3128,F,53
3588,3128,M,22
3589,3129,F,26
3590,3130,F,47
3591,3131,T,47
3592,3132,M,19
3593,3133,M,9
3594,3134,F,22
3595,3135,F,18
3596,3136,M,36
3597,3137,M,20
3598,3137,M,49
3599,3138,M,49
3600,3139,M,40
3601,3140,F,52
3602,3141,M,47
3603,3142,M,23
3604,3143,F,53
3605,3144,M,43
3606,3145,M,14
3607,3146,M,51
3608,3147,M,43
3609,3148,F,29
3610,3149,F,42
3611,3150,F,46
3612,3151,F,28
3613,3152,F,27
3614,3153,M,52
3615,3154,F,28
3616,3155,M,18
3617,3156,F,21
3618,3156,M,21
3619,3157,F,18
3620,3158,F,51
3621,3159,M,41
3622,3159,M,40
3623,3160,F,55
3624,3161,F,11
3625,3162,F,51
3626,3163,F,30
3627,3163,M,21
3628,3164,M,26
3629,3165,M,24
3630,3165,F,47
3631,3166,M,21
3632,3167,F,46
3633,3168,F,24
3634,3169,F,42
3635,3170,M,34
3636,3171,M,47
3637,3172,M,39
3638,3173,F,36
3639,3174,M,13
3640,3175,M,60
3641,3176,M,21
3642,3177,F,50
3643,3178,M,30
3644,3179,T,14
3645,3180,F,24
3646,3181,F,11
3647,3181,M,45
3648,3182,F,32
3649,3183,M,61
3650,3183,M,28
3651,3184,F,32
3652,3185,F,5
3653,3186,F,40
3654,3187,M,18
3655,3188,F,31
3656,3189,F,5
3657,3190,M,23
3658,3191,F,36
3659,3192,M,34
3660,3193,F,5
3661,3194,F,34
3662,3195,F,40
3663,3196,F,37
3664,3196,F,35
3665,3197,T,37
3666,3198,F,42
3667,3199,F,20
3668,3200,M,41
3669,3201,F,48
3670,3202,M,57
3671,3202,F,61
3672,3203,M,40
3673,3204,M,34
3674,3205,M,13
3675,3206,F,45
3676,3206,F,36
3677,3207,F,32
3678,3207,M,43
3679,3208,M,38
3680,3208,F,22
3681,3209,F,36
3682,3210,F,41
3683,3211,M,39
3684,3211,F,13
3685,3212,T,45
3686,3213,M,20
3687,3213,F,45
3688,3214,M,29
3689,3214,M,34
3690,3215,M,46
3691,3216,M,38
3692,3217,F,45
3693,3218,M,36
3694,3219,M,60
3695,3220,M,20
3696,3221,T,32
3697,3222,M,36
3698,3222,F,30
3699,3223,M,41
3700,3224,F,25
3701,3225,M,39
3702,3226,F,22
3703,3227,F,19
3704,3228,F,58
3705,3228,M,30
3706,3229,M,33
3707,3230,M,29
3708,3230,F,41
3709,3231,F,31
3710,3232,M,36
3711,3233,M,48
3712,3234,M,38
3713,3235,F,51
3714,3236,F,24
3715,3237,M,39
3716,3238,M,39
3717,3238,M,54
3718,3239,M,46
3719,3240,M,30
3720,3241,F,61
3721,3242,T,21
3722,3243,M,52
3723,3244,M,38
3724,3245,F,27
3725,3246,M,26
3726,3247,F,54
3727,3248,F,22
3728,3249,F,38
3729,3249,M,33
3730,3250,M,31
3731,3250,M,43
3732,3251,F,47
3733,3252,M,38
3734,3253,F,50
3735,3254,F,40
3736,3255,F,9
3737,3256,M,47
3738,3257,M,35
3739,3258,T,40
3740,3259,F,46
3741,3260,F,28
3742,3261,F,30
3743,3262,F,46
3744,3263,F,18
3745,3264,M,17
3746,3264,F,48
3747,3265,M,5
3748,3266,F,45
3749,3267,F,31
3750,3268,F,60
3751,3269,F,30
3752,3270,F,39
3753,3270,F,10
3754,3271,M,32
3755,3272,F,26
3756,3273,F,31
3757,3274,F,13
3758,3275,F,47
3759,3276,M,21
3760,3277,M,39
3761,3278,F,31
3762,3279,F,50
3763,3280,M,5
3764,3281,M,55
3765,3281,M,24
3766,3282,M,35
3767,3283,F,39
3768,3284,F,43
3769,3285,M,24
3770,3286,F,20
3771,3286,M,39
3772,3287,M,27
3773,3288,F,46
3774,3288,M,25
3775,3289,F,33
3776,3290,M,77
3777,3290,M,17
3778,3291,M,17
3779,3292,M,29
3780,3293,M,45
3781,3294,M,24
3782,3294,T,15
3783,3295,F,11
3784,3296,F,44
3785,3297,F,59
3786,3298,F,26
3787,3298,M,33
3788,3299,M,39
3789,3300,M,32
3790,3301,F,22
3791,3302,F,24
3792,3303,F,12
3793,3304,F,29
3794,3305,M,16
3795,3306,M,49
3796,3307,F,35
3797,3308,F,41
3798,3309,F,51
3799,3310,F,32
3800,3311,F,46
3801,3312,F,43
3802,3313,F,31
3803,3314,M,42
3804,3315,M,57
3805,3315,M,36
3806,3316,M,56
3807,3317,M,54
3808,3318,F,18
3809,3319,F,18
3810,3320,M,23
3811,3321,M,41
3812,3322,F,11
3813,3322,F,25
3814,3323,F,38
3815,3324,F,24
3816,3324,M,10
3817,3325,M,40
3818,3325,M,41
3819,3326,M,39
3820,3327,M,26
3821,3328,M,35
3822,3329,M,11
3823,3330,M,41
3824,3331,M,34
3825,3332,F,50
3826,3333,F,60
3827,3333,F,16
3828,3334,F,42
3829,3335,M,65
3830,3336,F,25
3831,3337,F,45
3832,3338,M,43
3833,3339,M,63
3834,3340,M,27
3835,3341,M,33
3836,3342,M,37
3837,3342,M,35
3838,3343,F,22
3839,3344,F,38
3840,3345,F,56
3841,3346,M,35
3842,3346,M,54
3843,3347,M,37
3844,3348,F,18
3845,3349,F,49
3846,3349,F,56
3847,3350,F,29
3848,3351,M,19
3849,3352,M,46
3850,3353,F,32
3851,3354,F,24
3852,3355,M,21
3853,3355,F,60
3854,3356,F,35
3855,3357,F,5
3856,3357,M,26
3857,3358,F,43
3858,3358,F,46
3859,3359,M,28
3860,3360,F,30
3861,3361,F,14
3862,3362,M,22
3863,3363,M,12
3864,3364,F,53
3865,3365,F,32
3866,3366,F,24
3867,3367,F,44
3868,3368,M,26
3869,3369,F,14
3870,3369,M,27
3871,3370,F,47
3872,3371,F,65
3873,3372,M,29
3874,3373,F,31
3875,3374,M,34
3876,3375,F,42
3877,3376,M,26
3878,3377,F,52
3879,3377,F,30
3880,3378,F,22
3881,3379,M,34
3882,3380,F,39
3883,3381,F,24
3884,3382,M,42
3885,3383,F,33
3886,3384,F,46
3887,3384,M,15
3888,3385,M,20
3889,3386,F,41
3890,3387,F,20
3891,3388,F,35
3892,3389,M,20
3893,3390,M,62
3894,3391,M,60
3895,3392,M,44
3896,3393,F,21
3897,3394,F,68
3898,3395,F,18
3899,3396,M,47
3900,3397,T,27
3901,3398,F,32
3902,3399,F,54
3903,3400,M,15
3904,3401,F,16
3905,3402,F,33
3906,3403,F,27
3907,3404,M,17
3908,3405,F,22
3909,3406,F,49
3910,3407,F,28
3911,3408,F,27
3912,3409,F,30
3913,3410,M,27
3914,3411,F,31
3915,3412,F,34
3916,3412,F,34
3917,3413,M,28
3918,3414,F,65
3919,3415,M,13
3920,3416,M,47
3921,3417,M,57
3922,3418,M,46
3923,3418,F,31
3924,3419,F,43
3925,3420,M,50
3926,3421,M,34
3927,3422,F,40
3928,3423,F,15
3929,3424,F,26
3930,3425,M,45
3931,3426,F,53
3932,3427,F,5
3933,3428,M,22
3934,3429,M,24
3935,3430,M,36
3936,3431,M,24
3937,3432,M,27
3938,3433,F,31
3939,3434,F,35
3940,3434,M,43
3941,3435,F,22
3942,3435,M,22
3943,3436,F,47
3944,3437,M,17
3945,3438,F,44
3946,3439,F,56
3947,3440,F,21
3948,3441,M,29
3949,3442,M,39
3950,3443,M,40
3951,3444,M,25
3952,3445,M,38
3953,3445,F,31
3954,3446,M,52
3955,3446,F,31
3956,3447,T,62
3957,3448,M,37
3958,3448,F,23
3959,3449,F,51
3960,3450,F,51
3961,3451,M,34
3962,3452,F,25
3963,3452,F,22
3964,3453,F,26
3965,3453,M,34
3966,3454,F,41
3967,3454,M,22
3968,3455,M,32
3969,3456,M,27
3970,3457,F,42
3971,3458,F,13
3972,3459,F,19
3973,3460,M,61
3974,3461,F,7
3975,3462,M,40
3976,3463,F,54
3977,3464,F,49
3978,3465,M,50
3979,3466,F,35
3980,3467,M,11
3981,3468,F,28
3982,3469,M,25
3983,3470,F,50
3984,3471,F,32
3985,3472,F,27
3986,3473,F,47
3987,3474,M,40
3988,3474,M,38
3989,3475,M,42
3990,3475,M,65
3991,3476,F,27
3992,3477,F,36
3993,3477,M,43
3994,3478,F,14
3995,3478,F,57
3996,3479,T,30
3997,3479,M,48
3998,3480,F,36
3999,3481,M,44
4000,3481,M,33
4001,3482,F,6
4002,3483,M,43
4003,3484,F,30
4004,3485,F,35
4005,3485,F,43
4006,3486,M,27
4007,3487,M,15
4008,3488,M,26
4009,3489,F,8
4010,3489,M,33
4011,3490,F,49
4012,3490,F,67
4013,3491,M,35
4014,3492,M,23
4015,3493,M,28
4016,3494,F,32
4017,3495,F,15
4018,3496,M,22
4019,3496,F,54
4020,3497,F,36
4021,3497,M,50
4022,3498,M,44
4023,3499,F,50
4024,3500,F,17
4025,3501,F,40
4026,3502,F,16
4027,3503,F,27
4028,3504,M,51
4029,3505,F,15
4030,3506,F,21
4031,3507,F,45
4032,3508,T,19
4033,3509,F,54
4034,3510,F,22
4035,3511,M,39
4036,3512,M,19
4037,3513,F,23
4038,3513,F,50
4039,3514,M,39
4040,3515,F,11
4041,3516,F,28
4042,3517,M,64
4043,3518,F,30
4044,3519,M,55
4045,3520,M,21
4046,3521,F,32
4047,3522,M,37
4048,3523,M,54
4049,3524,M,51
4050,3525,F,71
4051,3526,M,28
4052,3526,M,38
4053,3527,F,31
4054,3528,M,10
4055,3529,M,19
4056,3530,M,38
4057,3531,M,14
4058,3532,M,33
4059,3533,F,33
4060,3534,F,43
4061,3535,F,28
4062,3536,M,41
4063,3537,M,53
4064,3538,F,22
4065,3539,F,30
4066,3539,M,43
4067,3540,F,27
4068,3541,F,45
4069,3542,F,48
4070,3543,F,16
4071,3543,M,52
4072,3544,F,32
4073,3545,F,15
4074,3546,M,19
4075,3547,M,44
4076,3548,F,61
4077,3549,F,24
4078,3550,M,34
4079,3551,F,5
4080,3552,M,34
4081,3553,M,6
4082,3554,F,60
4083,3555,M,35
4084,3556,M,50
4085,3557,M,44
4086,3558,F,45
4087,3559,F,53
4088,3560,F,23
4089,3560,M,37
4090,3561,M,40
4091,3562,F,34
4092,3563,F,34
4093,3564,F,60
4094,3564,F,31
4095,3565,M,21
4096,3566,F,29
4097,3567,F,31
4098,3568,F,54
4099,3569,M,33
4100,3570,M,19
4101,3571,M,34
4102,3572,M,24
4103,3573,M,37
4104,3574,M,53
4105,3575,M,18
4106,3576,F,45
4107,3577,F,27
4108,3578,M,34
4109,3578,F,40
4110,3579,F,30
4111,3580,M,34
4112,3580,F,29
4113,3581,M,18
4114,3582,M,18
4115,3582,F,41
4116,3583,F,46
4117,3584,M,47
4118,3584,M,42
4119,3585,M,40
4120,3586,F,25
4121,3587,M,11
4122,3588,F,36
4123,3588,F,58
4124,3589,M,5
4125,3589,M,35
4126,3590,M,24
4127,3591,F,7
4128,3592,F,34
4129,3593,F,28
4130,3594,F,5
4131,3595,F,30
4132,3596,F,47
4133,3597,M,43
4134,3598,M,60
4135,3599,F,54
4136,3600,M,31
4137,3601,T,37
4138,3602,M,47
4139,3603,M,45
4140,3604,F,19
4141,3605,M,21
4142,3605,F,32
4143,3606,M,22
4144,3607,F,50
4145,3608,M,11
4146,3609,F,26
4147,3609,M,35
4148,3610,F,39
4149,3611,F,49
4150,3612,F,36
4151,3613,M,41
4152,3613,F,35
4153,3614,F,35
4154,3615,F,30
4155,3616,M,28
4156,3617,M,29
4157,3618,F,40
4158,3619,F,12
4159,3620,M,40
4160,3620,F,46
4161,3621,F,22
4162,3622,F,44
4163,3623,F,32
4164,3624,F,19
4165,3625,F,36
4166,3625,M,30
4167,3626,M,35
4168,3627,F,24
4169,3628,M,55
4170,3628,M,20
4171,3629,T,50
4172,3630,F,28
4173,3631,M,38
4174,3632,M,14
4175,3632,M,32
4176,3633,M,25
4177,3634,M,61
4178,3635,M,51
4179,3636,F,30
4180,3637,M,19
4181,3638,M,45
4182,3638,M,39
4183,3639,F,44
4184,3640,M,42
4185,3641,F,37
4186,3642,M,54
4187,3643,F,26
4188,3644,F,27
4189,3645,M,33
4190,3646,F,19
4191,3647,F,14
4192,3648,F,42
4193,3649,M,41
4194,3650,F,32
4195,3650,F,49
4196,3651,M,32
4197,3652,F,18
4198,3653,F,52
4199,3654,M,40
4200,3654,F,53
4201,3655,M,42
4202,3656,M,63
4203,3657,M,38
4204,3657,M,46
4205,3658,M,56
4206,3658,M,42
4207,3659,F,48
4208,3660,F,6
4209,3661,F,40
4210,3661,M,44
4211,3662,F,31
4212,3663,F,50
4213,3664,M,35
4214,3665,M,23
4215,3666,F,25
4216,3667,M,38
4217,3668,M,10
4218,3668,M,41
4219,3669,F,71
4220,3670,M,36
4221,3670,M,21
4222,3671,F,32
4223,3672,M,32
4224,3673,M,19
4225,3673,F,33
4226,3674,M,26
4227,3675,F,47
4228,3676,M,40
4229,3676,F,29
4230,3677,F,30
4231,3677,M,38
4232,3678,F,19
4233,3678,F,20
4234,3679,M,5
4235,3680,M,26
4236,3680,F,25
4237,3681,M,42
4238,3681,T,40
4239,3682,F,42
4240,3683,F,32
4241,3684,M,43
4242,3684,M,38
4243,3685,M,33
4244,3686,M,50
4245,3687,M,46
4246,3688,F,39
4247,3689,M,51
4248,3690,M,49
4249,3691,M,37
4250,3692,M,38
4251,3693,F,37
4252,3693,F,34
4253,3694,F,56
4254,3695,F,23
4255,3696,F,28
4256,3697,F,26
4257,3698,M,27
4258,3699,M,73
4259,3700,M,34
4260,3701,F,25
4261,3701,F,28
4262,3702,F,36
4263,3703,F,40
4264,3704,M,42
4265,3705,M,53
4266,3705,M,32
4267,3706,M,41
4268,3707,M,18
4269,3707,F,43
4270,3708,F,16
4271,3709,F,9
4272,3710,F,54
4273,3711,F,23
4274,3712,F,58
4275,3713,F,39
4276,3714,M,35
4277,3715,M,25
4278,3716,M,47
4279,3717,F,60
4280,3718,F,25
4281,3719,F,41
4282,3720,F,58
4283,3721,F,26
4284,3722,F,48
4285,3723,M,5
4286,3724,F,18
4287,3725,F,14
4288,3726,F,25
4289,3727,T,35
4290,3728,M,33
4291,3729,M,23
4292,3730,M,38
4293,3731,F,36
4294,3732,F,12
4295,3733,M,27
4296,3734,F,30
4297,3735,M,38
4298,3736,F,32
4299,3737,M,49
4300,3738,F,16
4301,3739,M,36
4302,3739,T,30
4303,3740,F,16
4304,3741,M,40
4305,3742,F,51
4306,3743,F,33
4307,3743,M,42
4308,3744,M,46
4309,3745,F,60
4310,3745,F,39
4311,3746,M,31
4312,3747,T,20
4313,3748,M,35
4314,3749,M,27
4315,3750,F,47
4316,3751,M,29
4317,3752,F,22
4318,3753,F,43
4319,3754,F,20
4320,3755,M,29
4321,3756,F,34
4322,3757,M,31
4323,3758,M,68
4324,3759,M,13
4325,3760,F,42
4326,3761,F,10
4327,3761,M,54
4328,3762,F,44
4329,3763,F,42
4330,3764,M,11
4331,3764,F,16
4332,3765,M,46
4333,3766,M,36
4334,3767,M,50
4335,3768,M,42
4336,3768,M,24
4337,3769,M,47
4338,3769,M,35
4339,3770,F,59
4340,3770,M,5
4341,3771,M,16
4342,3772,M,33
4343,3773,F,16
4344,3774,F,44
4345,3774,F,30
4346,3775,M,48
4347,3775,M,40
4348,3776,M,46
4349,3777,F,20
4350,3778,F,38
4351,3778,F,35
4352,3779,M,27
4353,3780,M,63
4354,3781,M,61
4355,3782,M,29
4356,3783,F,16
4357,3784,F,23
4358,3784,F,28
4359,3785,M,35
4360,3786,M,14
4361,3787,M,31
4362,3788,F,33
4363,3789,F,60
4364,3790,F,54
4365,3791,F,24
4366,3792,F,11
4367,3793,M,27
4368,3794,M,17
4369,3795,F,38
4370,3796,F,47
4371,3797,F,24
4372,3798,F,37
4373,3799,M,43
4374,3800,F,35
4375,3801,F,33
4376,3802,F,64
4377,3803,M,34
4378,3804,F,27
4379,3805,M,44
4380,3806,M,29
4381,3807,F,31
4382,3807,T,14
4383,3808,F,44
4384,3809,F,52
4385,3809,F,31
4386,3810,M,44
4387,3811,M,16
4388,3812,M,42
4389,3813,F,52
4390,3814,M,48
4391,3815,F,15
4392,3816,F,35
4393,3817,F,48
4394,3818,M,46
4395,3819,M,44
4396,3819,M,37
4397,3820,F,20
4398,3821,F,39
4399,3822,M,23
4400,3823,M,10
4401,3824,M,33
4402,3824,F,42
4403,3825,F,44
4404,3826,F,55
4405,3827,F,17
4406,3828,F,33
4407,3829,F,41
4408,3830,F,16
4409,3831,M,52
4410,3832,M,50
4411,3832,M,26
4412,3833,M,40
4413,3834,M,26
4414,3834,M,41
4415,3835,M,45
4416,3836,F,5
4417,3836,F,44
4418,3837,M,39
4419,3838,F,29
4420,3839,F,23
4421,3840,F,50
4422,3841,F,45
4423,3842,M,53
4424,3843,F,34
4425,3844,M,52
4426,3845,M,45
4427,3846,F,29
4428,3847,M,38
4429,3848,M,54
4430,3849,M,31
4431,3850,M,43
4432,3851,M,11
4433,3852,F,36
4434,3852,F,27
4435,3853,M,41
4436,3854,M,33
4437,3855,F,45
4438,3856,F,35
4439,3857,M,31
4440,3858,F,5
4441,3859,M,38
4442,3860,F,34
4443,3861,M,41
4444,3862,F,57
4445,3863,F,41
4446,3864,M,32
4447,3865,M,42
4448,3865,F,34
4449,3866,F,19
4450,3867,T,44
4451,3868,M,34
4452,3869,M,31
4453,3870,M,22
4454,3871,M,41
4455,3872,F,28
4456,3873,M,54
4457,3874,M,21
4458,3875,F,35
4459,3876,F,23
4460,3877,F,34
4461,3878,M,41
4462,3879,F,11
4463,3880,F,31
4464,3881,F,28
4465,3882,F,41
4466,3883,F,45
4467,3884,T,32
4468,3885,M,66
4469,3886,F,48
4470,3886,F,44
4471,3887,M,27
4472,3888,F,30
4473,3889,F,44
4474,3890,F,29
4475,3891,F,47
4476,3892,F,36
4477,3893,M,5
4478,3894,F,56
4479,3895,T,24
4480,3896,F,29
4481,3897,F,8
4482,3897,M,50
4483,3898,F,35
4484,3899,M,35
4485,3900,M,38
4486,3901,F,34
4487,3901,F,28
4488,3902,T,21
4489,3903,T,29
4490,3904,F,39
4491,3905,M,24
4492,3906,M,30
4493,3907,M,51
4494,3908,F,57
4495,3909,M,5
4496,3910,F,34
4497,3911,M,66
4498,3912,M,21
4499,3913,F,32
4500,3914,F,35
4501,3915,M,61
4502,3916,M,37
4503,3916,M,54
4504,3917,F,23
4505,3918,F,47
4506,3919,M,31
4507,3920,F,70
4508,3921,T,45
4509,3922,M,59
4510,3923,M,22
4511,3924,F,55
4512,3924,M,44
4513,3925,F,51
4514,3926,M,64
4515,3927,F,39
4516,3928,M,36
4517,3929,M,36
4518,3930,F,34
4519,3931,F,53
4520,3932,F,20
4521,3932,M,30
4522,3933,F,47
4523,3934,M,17
4524,3935,F,22
4525,3936,F,9
4526,3937,F,28
4527,3938,F,36
4528,3939,F,55
4529,3940,F,31
4530,3941,M,23
4531,3942,M,26
4532,3943,M,34
4533,3944,M,20
4534,3945,F,22
4535,3946,M,31
4536,3946,M,32
4537,3947,F,22
4538,3948,M,22
4539,3949,M,70
4540,3950,M,42
4541,3951,T,29
4542,3952,M,49
4543,3953,F,33
4544,3954,M,35
4545,3954,F,41
4546,3955,M,37
4547,3956,F,46
4548,3957,F,63
4549,3957,M,68
4550,3958,M,37
4551,3959,M,56
4552,3960,M,32
4553,3961,F,25
4554,3962,F,42
4555,3963,F,43
4556,3964,F,24
4557,3965,F,16
4558,3966,F,46
4559,3966,F,65
4560,3967,M,35
4561,3968,M,29
4562,3969,M,57
4563,3970,F,10
4564,3970,M,28
4565,3971,M,16
4566,3972,F,26
4567,3973,M,14
4568,3974,M,29
4569,3975,F,47
4570,3976,F,63
4571,3976,F,14
4572,3977,M,19
4573,3978,F,48
4574,3978,F,32
4575,3979,F,25
4576,3980,F,44
4577,3981,M,29
4578,3981,F,42
4579,3982,F,68
4580,3983,M,14
4581,3983,F,24
4582,3984,F,34
4583,3985,M,47
4584,3986,F,43
4585,3986,M,36
4586,3987,M,13
4587,3987,M,25
4588,3988,F,46
4589,3989,M,41
4590,3990,F,13
4591,3991,M,28
4592,3992,F,56
4593,3993,F,29
4594,3994,F,33
4595,3995,F,36
4596,3996,F,28
4597,3996,F,34
4598,3997,T,24
4599,3997,F,25
4600,3998,M,58
4601,3998,F,17
4602,3999,F,35
4603,4000,F,21
4604,4001,T,39
4605,4002,F,26
4606,4003,F,65
4607,4004,F,5
4608,4005,F,40
4609,4005,M,28
4610,4006,F,49
4611,4007,M,21
4612,4007,M,13
4613,4008,F,46
4614,4008,M,14
4615,4009,F,42
4616,4010,M,40
4617,4011,M,34
4618,4012,M,46
4619,4012,F,33
4620,4013,F,43
4621,4014,F,18
4622,4015,M,32
4623,4016,F,28
4624,4017,F,45
4625,4018,M,56
4626,4019,F,44
4627,4019,M,35
4628,4020,M,39
4629,4021,M,46
4630,4022,M,5
4631,4022,F,15
4632,4023,F,61
4633,4024,M,23
4634,4024,M,36
4635,4025,M,16
4636,4026,M,41
4637,4027,F,46
4638,4027,M,27
4639,4028,M,48
4640,4029,F,23
4641,4030,F,36
4642,4031,M,35
4643,4032,M,27
4644,4032,F,36
4645,4033,M,46
4646,4034,M,22
4647,4034,F,44
4648,4035,F,42
4649,4036,F,7
4650,4037,M,26
4651,4038,M,43
4652,4039,F,19
4653,4040,F,18
4654,4040,F,5
4655,4041,F,48
4656,4041,F,44
4657,4042,F,7
4658,4043,F,49
4659,4043,F,28
4660,4044,F,67
4661,4045,M,28
4662,4046,M,22
4663,4047,M,38
4664,4048,M,22
4665,4049,M,56
4666,4050,F,39
4667,4051,M,39
4668,4052,M,33
4669,4053,F,25
4670,4053,M,9
4671,4054,M,23
4672,4055,F,33
4673,4056,M,34
4674,4056,F,17
4675,4057,M,31
4676,4057,M,26
4677,4058,F,34
4678,4059,F,29
4679,4060,F,40
4680,4060,F,12
4681,4061,F,47
4682,4062,F,52
4683,4063,F,33
4684,4064,M,24
4685,4065,M,34
4686,4066,F,44
4687,4067,M,26
4688,4068,F,10
4689,4069,M,23
4690,4070,F,19
4691,4070,M,30
4692,4071,F,49
4693,4072,M,25
4694,4073,T,29
4695,4074,M,44
4696,4075,M,29
4697,4076,M,41
4698,4076,M,5
4699,4077,F,27
4700,4078,M,30
4701,4079,M,61
4702,4080,M,33
4703,4081,M,36
4704,4082,M,34
4705,4083,F,35
4706,4084,M,41
4707,4084,M,37
4708,4085,F,38
4709,4086,F,21
4710,4087,F,22
4711,4088,F,22
4712,4089,F,19
4713,4089,F,41
4714,4090,F,49
4715,4091,M,27
4716,4092,F,28
4717,4092,M,63
4718,4093,F,55
4719,4094,M,5
4720,4095,F,42
4721,4096,M,49
4722,4097,M,50
4723,4098,M,37
4724,4098,M,39
4725,4099,M,21
4726,4100,M,21
4727,4101,M,43
4728,4102,M,51
4729,4103,F,60
4730,4103,M,20
4731,4104,F,46
4732,4105,F,35
4733,4106,F,46
4734,4107,F,30
4735,4108,M,43
4736,4109,F,47
4737,4110,M,40
4738,4111,M,37
4739,4112,M,32
4740,4113,M,37
4741,4114,M,37
4742,4115,T,35
4743,4116,M,33
4744,4117,F,31
4745,4118,F,25
4746,4118,M,21
4747,4119,F,23
4748,4120,F,31
4749,4121,M,22
4750,4122,M,58
4751,4123,M,34
4752,4124,F,38
4753,4125,M,15
4754,4126,M,38
4755,4127,M,37
4756,4128,M,31
4757,4129,F,25
4758,4130,F,52
4759,4131,M,41
4760,4132,M,35
4761,4132,F,36
4762,4133,M,27
4763,4134,M,32
4764,4135,F,10
4765,4136,M,9
4766,4137,M,7
4767,4138,M,30
4768,4139,M,46
4769,4140,F,71
4770,4140,M,38
4771,4141,M,18
4772,4142,F,53
4773,4143,F,26
4774,4144,M,31
4775,4145,F,38
4776,4146,F,33
4777,4147,F,42
4778,4147,M,38
4779,4148,F,39
4780,4149,M,27
4781,4150,F,41
4782,4151,M,45
4783,4152,F,37
4784,4153,M,22
4785,4154,F,21
4786,4155,M,39
4787,4156,F,30
4788,4157,M,46
4789,4158,M,37
4790,4158,M,40
4791,4159,M,57
4792,4160,F,34
4793,4161,M,35
4794,4162,M,29
4795,4163,M,47
4796,4164,M,20
4797,4164,M,45
4798,4165,F,37
4799,4166,F,28
4800,4167,M,21
4801,4168,F,42
4802,4169,M,43
4803,4170,F,9
4804,4171,M,14
4805,4172,M,5
4806,4172,F,33
4807,4173,M,26
4808,4174,F,36
4809,4175,M,17
4810,4176,M,44
4811,4177,F,68
4812,4178,M,37
4813,4179,F,52
4814,4180,F,49
4815,4181,M,36
4816,4181,F,29
4817,4182,F,5
4818,4183,M,12
4819,4183,M,13
4820,4184,T,54
4821,4185,M,31
4822,4186,M,45
4823,4187,F,50
4824,4188,F,40
4825,4189,M,12
4826,4189,F,45
4827,4190,M,9
4828,4191,F,38
4829,4192,M,44
4830,4193,F,45
4831,4193,M,22
4832,4194,F,28
4833,4195,M,35
4834,4196,M,63
4835,4197,M,38
4836,4198,M,33
4837,4198,F,20
4838,4199,M,55
4839,4200,F,21
4840,4201,F,24
4841,4202,M,38
4842,4203,F,27
4843,4204,M,30
4844,4205,F,57
4845,4206,M,33
4846,4207,M,19
4847,4208,F,19
4848,4208,M,35
4849,4209,F,39
4850,4210,M,5
4851,4211,M,26
4852,4212,F,47
4853,4213,M,34
4854,4213,M,34
4855,4214,M,24
4856,4215,M,42
4857,4216,F,33
4858,4217,F,7
4859,4218,M,45
4860,4219,F,32
4861,4220,F,36
4862,4221,T,31
4863,4222,M,40
4864,4223,F,44
4865,4224,F,35
4866,4225,M,30
4867,4226,F,23
4868,4227,F,15
4869,4228,F,34
4870,4229,F,25
4871,4230,M,22
4872,4231,F,38
4873,4232,M,51
4874,4233,F,46
4875,4234,F,51
4876,4235,M,41
4877,4236,M,30
4878,4237,F,43
4879,4237,F,48
4880,4238,M,31
4881,4239,M,15
4882,4239,F,48
4883,4240,T,19
4884,4241,F,47
4885,4242,M,28
4886,4242,F,19
4887,4243,F,14
4888,4244,M,42
4889,4245,F,19
4890,4245,F,23
4891,4246,F,36
4892,4247,F,33
4893,4248,F,45
4894,4248,M,11
4895,4249,F,42
4896,4250,F,17
4897,4251,M,15
4898,4251,M,50
4899,4252,M,47
4900,4253,M,34
4901,4254,F,19
4902,4255,F,20
4903,4256,F,5
4904,4257,F,27
4905,4257,F,41
4906,4258,M,29
4907,4259,M,45
4908,4260,F,65
4909,4261,M,24
4910,4262,F,33
4911,4263,M,38
4912,4264,F,32
4913,4265,F,14
4914,4266,F,46
4915,4267,F,30
4916,4268,F,33
4917,4269,F,37
4918,4270,M,45
4919,4271,M,37
4920,4272,T,14
4921,4272,F,25
4922,4273,F,35
4923,4274,F,24
4924,4274,F,34
4925,4275,M,18
4926,4276,F,84
4927,4277,M,49
4928,4278,M,42
4929,4279,T,47
4930,4280,M,49
4931,4281,M,21
4932,4282,F,37
4933,4283,F,42
4934,4284,M,45
4935,4284,F,40
4936,4285,M,25
4937,4286,F,48
4938,4287,M,17
4939,4288,M,18
4940,4289,M,42
4941,4289,F,34
4942,4290,M,49
4943,4291,F,33
4944,4292,M,45
4945,4293,M,34
4946,4294,F,41
4947,4295,M,21
4948,4296,F,35
4949,4296,M,30
4950,4297,F,42
4951,4297,F,44
4952,4298,F,33
4953,4299,M,21
4954,4300,M,29
4955,4301,M,13
4956,4302,F,66
4957,4303,F,24
4958,4304,M,11
4959,4305,F,57
4960,4306,F,13
4961,4307,M,10
4962,4308,F,16
4963,4309,M,19
4964,4310,M,5
4965,4311,F,36
4966,4312,F,58
4967,4313,F,35
4968,4314,F,33
4969,4314,F,60
4970,4315,M,26
4971,4316,F,42
4972,4317,M,22
4973,4318,F,36
4974,4319,M,17
4975,4320,T,46
4976,4321,F,36
4977,4322,F,17
4978,4323,M,31
4979,4324,M,25
4980,4325,M,66
4981,4326,M,14
4982,4327,F,34
4983,4328,M,43
4984,4329,F,33
4985,4330,F,22
4986,4331,F,43
4987,4331,F,35
4988,4332,F,13
4989,4332,M,20
4990,4333,M,50
4991,4334,M,31
4992,4335,F,5
4993,4336,M,18
4994,4337,F,42
4995,4338,M,22
4996,4339,M,18
4997,4339,F,27
4998,4340,T,39
4999,4341,F,45
5000,4342,F,27
5001,4343,F,25
5002,4343,F,36
5003,4344,F,28
5004,4345,F,33
5005,4346,T,40
5006,4347,F,5
5007,4348,M,25
5008,4349,F,62
5009,4350,F,26
5010,4351,M,49
5011,4352,M,49
5012,4353,F,43
5013,4353,M,43
5014,4354,F,60
5015,4355,M,25
5016,4356,M,43
5017,4357,F,70
5018,4358,F,56
5019,4358,M,40
5020,4359,M,31
5021,4360,M,18
5022,4360,M,9
5023,4361,M,29
5024,4361,F,43
5025,4362,M,42
5026,4363,M,12
5027,4364,M,19
5028,4364,M,24
5029,4365,M,32
5030,4366,F,5
5031,4367,F,45
5032,4368,M,46
5033,4369,F,33
5034,4370,M,28
5035,4371,M,46
5036,4372,M,38
5037,4373,T,42
5038,4374,F,5
5039,4375,M,62
5040,4376,F,18
5041,4377,M,50
5042,4378,F,28
5043,4378,M,41
5044,4379,F,53
5045,4379,F,51
5046,4380,F,42
5047,4381,M,42
5048,4382,F,47
5049,4383,M,25
5050,4384,F,34
5051,4384,M,47
5052,4385,M,45
5053,4386,F,46
5054,4386,F,22
5055,4387,F,22
5056,4387,F,43
5057,4388,F,28
5058,4389,M,29
5059,4389,M,44
5060,4390,F,38
5061,4391,F,42
5062,4392,M,57
5063,4393,F,37
5064,4394,F,22
5065,4395,M,51
5066,4396,M,36
5067,4397,F,55
5068,4398,F,41
5069,4398,F,34
5070,4399,F,34
5071,4400,M,43
5072,4401,M,11
5073,4402,F,31
5074,4403,M,28
5075,4404,M,36
5076,4405,M,30
5077,4406,M,23
5078,4406,M,56
5079,4407,F,35
5080,4408,F,48
5081,4408,F,42
5082,4409,F,32
5083,4410,M,10
5084,4411,M,37
5085,4412,F,33
5086,4413,M,39
5087,4414,F,41
5088,4415,F,44
5089,4416,F,40
5090,4417,M,40
5091,4418,M,33
5092,4419,F,36
5093,4420,F,38
5094,4421,M,56
5095,4422,M,54
5096,4423,M,21
5097,4424,F,23
5098,4425,F,27
5099,4425,M,28
5100,4426,F,46
5101,4427,F,25
5102,4427,F,38
5103,4428,M,19
5104,4429,M,30
5105,4430,F,35
5106,4430,F,62
5107,4431,F,25
5108,4432,M,32
5109,4433,M,59
5110,4434,M,55
5111,4435,F,22
5112,4436,F,31
5113,4437,F,16
5114,4438,F,15
5115,4439,F,47
5116,4440,M,30
5117,4441,F,48
5118,4442,M,37
5119,4443,M,34
5120,4444,F,25
5121,4444,F,29
5122,4445,M,35
5123,4446,F,5
5124,4447,F,47
5125,4448,M,35
5126,4449,F,67
5127,4449,M,37
5128,4450,F,39
5129,4451,F,61
5130,4452,M,33
5131,4453,F,35
5132,4453,M,31
5133,4454,F,26
5134,4455,M,28
5135,4455,F,12
5136,4456,M,20
5137,4457,F,54
5138,4458,F,62
5139,4459,F,34
5140,4460,M,32
5141,4461,F,24
5142,4462,M,21
5143,4462,M,49
5144,4463,F,42
5145,4464,F,30
5146,4464,F,49
5147,4465,F,28
5148,4466,M,14
5149,4467,M,42
5150,4468,M,23
5151,4468,M,33
5152,4469,F,63
5153,4470,F,25
5154,4471,M,40
5155,4472,M,40
5156,4472,F,28
5157,4473,F,31
5158,4474,M,14
5159,4475,M,42
5160,4476,M,14
5161,4476,F,41
5162,4477,M,59
5163,4478,F,19
5164,4479,M,31
5165,4479,F,56
5166,4480,F,39
5167,4481,M,40
5168,4482,F,26
5169,4483,F,5
5170,4484,F,29
5171,4485,F,27
5172,4486,F,34
5173,4487,F,11
5174,4488,M,40
5175,4489,F,45
5176,4490,F,25
5177,4491,F,42
5178,4492,F,41
5179,4492,F,49
5180,4493,M,31
5181,4494,F,35
5182,4495,F,37
5183,4496,M,18
5184,4497,M,39
5185,4498,M,16
5186,4499,M,51
5187,4500,M,25
5188,4501,M,45
5189,4502,M,37
5190,4503,F,47
5191,4503,F,60
5192,4504,M,28
5193,4505,M,48
5194,4505,M,33
5195,4506,F,35
5196,4507,M,24
5197,4508,M,37
5198,4509,F,32
5199,4510,F,52
5200,4511,F,10
5201,4512,F,21
5202,4513,F,47
5203,4514,F,35
5204,4515,T,40
5205,4516,M,32
5206,4517,M,49
5207,4517,M,36
5208,4518,M,21
5209,4519,M,46
5210,4520,M,32
5211,4521,F,26
5212,4522,M,38
5213,4522,F,25
5214,4523,F,29
5215,4524,M,29
5216,4525,F,53
5217,4526,M,18
5218,4526,F,59
5219,4527,F,54
5220,4528,F,47
5221,4529,F,45
5222,4530,M,40
5223,4531,F,37
5224,4532,F,32
5225,4533,F,16
5226,4534,F,16
5227,4535,F,33
5228,4536,F,32
5229,4537,M,38
5230,4537,F,28
5231,4538,F,57
5232,4539,M,42
5233,4540,F,23
5234,4541,M,22
5235,4541,M,13
5236,4542,F,14
5237,4543,M,31
5238,4544,M,34
5239,4544,F,37
5240,4545,F,45
5241,4546,M,25
5242,4547,M,28
5243,4548,M,43
5244,4549,F,29
5245,4549,M,43
5246,4550,F,31
5247,4551,F,14
5248,4552,M,9
5249,4553,F,39
5250,4554,F,48
5251,4555,M,19
5252,4556,F,22
5253,4557,F,36
5254,4558,M,32
5255,4559,F,43
5256,4560,M,41
5257,4561,M,25
5258,4562,M,40
5259,4563,M,31
5260,4564,M,16
5261,4565,M,38
5262,4565,M,30
5263,4566,F,13
5264,4566,F,25
5265,4567,M,26
5266,4568,F,32
5267,4569,M,27
5268,4570,M,33
5269,4571,F,45
5270,4572,F,48
5271,4573,M,44
5272,4574,M,45
5273,4575,M,25
5274,4576,M,22
5275,4576,M,16
5276,4577,M,15
5277,4578,F,37
5278,4579,F,41
5279,4580,M,23
5280,4581,F,42
5281,4582,F,37
5282,4583,M,48
5283,4584,M,22
5284,4585,F,27
5285,4585,F,20
5286,4586,F,18
5287,4587,M,5
5288,4587,F,20
5289,4588,F,51
5290,4589,F,17
5291,4590,F,49
5292,4591,F,28
5293,4592,F,32
5294,4593,F,24
5295,4593,F,45
5296,4594,F,40
5297,4595,M,5
5298,4596,M,36
5299,4597,F,25
5300,4598,M,22
5301,4599,F,20
5302,4600,F,9
5303,4600,F,31
5304,4601,F,49
5305,4602,M,21
5306,4603,F,32
5307,4604,F,51
5308,4605,F,30
5309,4606,F,32
5310,4606,F,26
5311,4607,F,47
5312,4607,M,51
5313,4608,F,36
5314,4609,M,30
5315,4610,F,54
5316,4610,M,7
5317,4611,M,27
5318,4612,M,25
5319,4613,F,53
5320,4614,M,26
5321,4615,F,19
5322,4615,M,7
5323,4616,M,23
5324,4617,M,25
5325,4618,M,31
5326,4619,F,49
5327,4620,F,41
5328,4621,F,33
5329,4622,F,39
5330,4623,M,22
5331,4623,M,17
5332,4624,F,19
5333,4625,F,33
5334,4626,M,39
5335,4626,M,26
5336,4627,F,54
5337,4628,M,14
5338,4629,F,26
5339,4630,M,38
5340,4631,M,37
5341,4632,M,15
5342,4633,M,35
5343,4634,M,41
5344,4635,M,23
5345,4636,F,37
5346,4637,F,21
5347,4638,F,45
5348,4639,F,27
5349,4639,F,36
5350,4640,F,29
5351,4641,F,49
5352,4642,M,28
5353,4643,M,59
5354,4644,F,23
5355,4645,F,25
5356,4645,F,5
5357,4646,F,30
5358,4646,F,36
5359,4647,M,54
5360,4647,M,16
5361,4648,M,22
5362,4649,F,31
5363,4650,M,22
5364,4651,F,37
5365,4652,M,21
5366,4653,F,21
5367,4654,M,28
5368,4655,F,60
5369,4656,M,13
5370,4657,M,33
5371,4658,F,29
5372,4659,F,27
5373,4660,F,35
5374,4661,M,33
5375,4662,F,32
5376,4663,F,46
5377,4664,F,20
5378,4665,M,44
5379,4666,F,46
5380,4667,F,38
5381,4668,F,47
5382,4669,F,9
5383,4670,M,46
5384,4671,M,25
5385,4672,M,53
5386,4673,F,32
5387,4674,F,36
5388,4675,F,47
5389,4676,F,35
5390,4677,M,19
5391,4678,F,51
5392,4679,F,21
5393,4680,M,33
5394,4681,F,53
5395,4681,F,24
5396,4682,F,51
5397,4683,M,57
5398,4683,M,43
5399,4684,M,50
5400,4685,M,26
5401,4686,F,31
5402,4687,M,32
5403,4688,F,18
5404,4689,M,31
5405,4690,F,26
5406,4691,M,12
5407,4692,F,33
5408,4693,M,41
5409,4694,M,27
5410,4694,F,38
5411,4695,F,27
5412,4696,M,29
5413,4697,M,61
5414,4698,M,35
5415,4699,F,21
5416,4699,M,48
5417,4700,F,33
5418,4701,T,23
5419,4702,F,11
5420,4703,F,27
5421,4704,F,50
5422,4705,F,34
5423,4706,F,65
5424,4707,F,75
5425,4708,F,13
5426,4709,M,32
5427,4710,M,66
5428,4711,F,28
5429,4712,M,36
5430,4713,F,42
5431,4713,M,34
5432,4714,M,34
5433,4715,M,41
5434,4716,F,34
5435,4717,F,38
5436,4718,F,17
5437,4719,M,29
5438,4720,F,48
5439,4721,F,26
5440,4721,M,28
5441,4722,F,55
5442,4722,F,42
5443,4723,F,42
5444,4723,M,50
5445,4724,F,5
5446,4724,F,57
5447,4725,M,17
5448,4726,F,32
5449,4727,F,27
5450,4728,M,26
5451,4729,F,33
5452,4730,M,49
5453,4731,F,32
5454,4732,F,37
5455,4733,M,35
5456,4734,M,27
5457,4734,F,31
5458,4735,F,35
5459,4736,M,25
5460,4737,M,34
5461,4738,F,53
5462,4739,F,53
5463,4739,F,25
5464,4740,M,12
5465,4741,F,5
5466,4742,F,35
5467,4743,F,52
5468,4744,M,14
5469,4744,M,53
5470,4745,F,11
5471,4745,F,10
5472,4746,M,55
5473,4747,M,13
5474,4748,F,27
5475,4749,F,36
5476,4750,F,40
5477,4751,M,30
5478,4752,M,33
5479,4753,F,43
5480,4754,M,40
5481,4755,M,40
5482,4756,T,29
5483,4757,F,5
5484,4758,F,18
5485,4759,T,50
5486,4759,M,56
5487,4760,F,41
5488,4761,M,29
5489,4762,F,12
5490,4763,F,29
5491,4764,F,47
5492,4765,M,60
5493,4766,F,6
5494,4767,F,49
5495,4768,F,37
5496,4769,M,52
5497,4770,M,5
5498,4771,M,24
5499,4772,M,40
5500,4773,F,47
5501,4773,M,13
5502,4774,M,32
5503,4775,F,35
5504,4776,M,19
5505,4777,M,48
5506,4778,F,55
5507,4779,M,12
5508,4780,M,49
5509,4780,F,58
5510,4781,F,5
5511,4782,M,40
5512,4783,M,22
5513,4784,F,43
5514,4785,M,56
5515,4786,F,29
5516,4787,F,9
5517,4788,F,32
5518,4789,F,35
5519,4789,F,48
5520,4790,F,24
5521,4791,F,24
5522,4792,F,36
5523,4793,M,39
5524,4794,M,52
5525,4794,F,25
5526,4795,M,37
5527,4796,T,28
5528,4797,F,10
5529,4798,F,48
5530,4799,M,19
5531,4799,M,33
5532,4800,M,33
5533,4801,M,45
5534,4802,M,6
5535,4803,M,25
5536,4804,F,46
5537,4805,F,14
5538,4806,M,48
5539,4806,F,18
5540,4807,M,21
5541,4808,F,19
5542,4808,F,36
5543,4809,F,17
5544,4809,F,27
5545,4810,F,34
5546,4811,F,34
5547,4812,F,51
5548,4813,M,29
5549,4814,F,5
5550,4815,F,34
5551,4816,M,30
5552,4817,M,23
5553,4818,F,25
5554,4819,M,25
5555,4820,M,17
5556,4821,M,58
5557,4822,F,25
5558,4823,F,27
5559,4824,F,43
5560,4825,M,39
5561,4826,M,40
5562,4826,F,27
5563,4827,M,33
5564,4828,M,58
5565,4829,M,50
5566,4829,M,21
5567,4830,M,5
5568,4830,M,27
5569,4831,F,16
5570,4831,F,51
5571,4832,F,37
5572,4833,F,43
5573,4833,M,43
5574,4834,M,16
5575,4835,M,54
5576,4835,F,17
5577,4836,M,30
5578,4837,M,22
5579,4837,F,47
5580,4838,F,35
5581,4839,M,22
5582,4840,F,23
5583,4841,F,14
5584,4842,F,37
5585,4843,F,42
5586,4844,F,39
5587,4844,M,12
5588,4845,F,38
5589,4846,M,59
5590,4847,F,45
5591,4848,F,42
5592,4849,M,45
5593,4850,F,45
5594,4850,M,35
5595,4851,F,60
5596,4852,M,46
5597,4853,M,50
5598,4854,F,28
5599,4855,M,32
5600,4856,F,19
5601,4857,M,17
5602,4858,F,36
5603,4859,F,25
5604,4860,M,27
5605,4861,F,51
5606,4862,F,34
5607,4863,F,21
5608,4864,F,20
5609,4865,M,27
5610,4866,M,30
5611,4867,F,35
5612,4868,F,6
5613,4869,T,38
5614,4869,M,19
5615,4870,T,51
5616,4871,F,20
5617,4872,F,24
5618,4873,F,34
5619,4874,M,27
5620,4875,T,51
5621,4876,F,46
5622,4877,M,39
5623,4878,M,24
5624,4878,M,50
5625,4879,M,14
5626,4879,F,27
5627,4880,F,22
5628,4881,F,21
5629,4882,M,29
5630,4883,F,17
5631,4884,M,56
5632,4885,F,25
5633,4886,M,59
5634,4887,F,45
5635,4887,F,16
5636,4888,F,42
5637,4889,F,8
5638,4890,F,56
5639,4890,M,10
5640,4891,F,15
5641,4892,F,33
5642,4892,F,43
5643,4893,F,18
5644,4894,F,46
5645,4895,F,51
5646,4896,F,54
5647,4897,M,47
5648,4898,F,12
5649,4899,F,22
5650,4900,F,22
5651,4901,M,18
5652,4902,F,40
5653,4903,M,44
5654,4904,M,41
5655,4904,M,23
5656,4905,T,50
5657,4906,M,6
5658,4907,M,28
5659,4908,M,29
5660,4909,M,37
5661,4910,M,33
5662,4911,F,32
5663,4912,F,73
5664,4913,F,50
5665,4914,F,27
5666,4915,F,9
5667,4916,M,30
5668,4917,F,56
5669,4917,M,46
5670,4918,F,39
5671,4919,F,41
5672,4920,F,24
5673,4921,F,65
5674,4922,F,29
5675,4922,M,42
5676,4923,T,5
5677,4923,M,39
5678,4924,M,21
5679,4925,M,27
5680,4926,M,34
5681,4927,F,10
5682,4928,M,64
5683,4929,M,41
5684,4930,M,12
5685,4931,M,56
5686,4932,M,36
5687,4933,M,51
5688,4934,F,33
5689,4935,M,43
5690,4936,F,15
5691,4936,M,25
5692,4937,F,38
5693,4938,F,32
5694,4939,F,36
5695,4939,F,26
5696,4940,F,41
5697,4940,M,37
5698,4941,F,27
5699,4942,F,21
5700,4943,M,42
5701,4944,F,23
5702,4945,F,31
5703,4946,M,38
5704,4947,M,42
5705,4948,F,51
5706,4949,M,65
5707,4950,F,41
5708,4951,M,23
5709,4951,M,30
5710,4952,F,27
5711,4953,M,50
5712,4954,F,61
5713,4955,M,26
5714,4956,F,21
5715,4957,F,23
5716,4957,F,23
5717,4958,M,5
5718,4959,F,46
5719,4959,F,40
5720,4960,M,35
5721,4961,M,24
5722,4962,M,22
5723,4963,F,43
5724,4964,M,29
5725,4965,M,25
5726,4966,M,31
5727,4967,F,33
5728,4968,F,32
5729,4969,M,5
5730,4969,M,55
5731,4970,M,47
5732,4971,M,46
5733,4972,M,18
5734,4973,F,36
5735,4974,F,52
5736,4975,F,39
5737,4976,M,53
5738,4977,M,33
5739,4978,M,23
5740,4979,M,42
5741,4980,M,44
5742,4981,F,41
5743,4982,M,27
5744,4983,F,43
5745,4984,T,44
5746,4985,F,37
5747,4986,M,21
5748,4987,F,27
5749,4988,F,17
5750,4989,F,29
5751,4990,M,39
5752,4991,M,31
5753,4992,F,16
5754,4993,F,19
5755,4994,M,63
5756,4995,M,25
5757,4996,M,31
5758,4996,F,44
5759,4997,T,24
5760,4998,F,50
5761,4998,F,19
5762,4999,M,43
5763,5000,F,10
5764,5001,M,37
5765,5002,F,28
5766,5002,M,46
5767,5003,F,5
5768,5004,F,24
5769,5004,F,44
5770,5005,F,45
5771,5006,F,16
5772,5007,F,39
5773,5008,F,12
5774,5009,F,43
5775,5010,F,11
5776,5011,M,52
5777,5012,F,28
5778,5013,F,34
5779,5014,F,21
5780,5015,M,46
5781,5016,M,27
5782,5016,M,35
5783,5017,M,41
5784,5017,F,19
5785,5018,M,52
5786,5019,M,43
5787,5020,F,18
5788,5021,M,17
5789,5022,M,35
5790,5022,F,12
5791,5023,F,54
5792,5024,M,36
5793,5025,F,42
5794,5025,M,33
5795,5026,M,15
5796,5026,M,24
5797,5027,M,43
5798,5028,M,21
5799,5029,M,49
5800,5030,F,45
5801,5031,F,40
5802,5032,M,46
5803,5032,M,19
5804,5033,M,16
5805,5034,M,46
5806,5035,F,45
5807,5035,M,29
5808,5036,M,53
5809,5037,M,27
5810,5038,M,20
5811,5039,F,51
5812,5040,M,23
5813,5041,M,41
5814,5041,F,38
5815,5042,F,45
5816,5042,F,27
5817,5043,F,37
5818,5044,F,54
5819,5044,F,39
5820,5045,F,21
5821,5046,M,12
5822,5047,M,25
5823,5047,M,27
5824,5048,F,49
5825,5049,F,45
5826,5050,M,66
5827,5051,F,5
5828,5052,M,58
5829,5053,F,25
5830,5054,M,22
5831,5055,F,28
5832,5056,F,36
5833,5057,F,23
5834,5058,M,39
5835,5058,F,46
5836,5059,F,17
5837,5060,F,16
5838,5061,M,30
5839,5062,M,16
5840,5063,M,42
5841,5064,F,35
5842,5065,F,38
5843,5066,F,30
5844,5067,M,13
5845,5068,M,31
5846,5069,M,26
5847,5069,F,23
5848,5070,M,23
5849,5071,M,37
5850,5072,M,41
5851,5073,F,5
5852,5074,M,37
5853,5075,M,21
5854,5076,M,37
5855,5077,M,34
5856,5078,M,51
5857,5079,F,38
5858,5080,M,43
5859,5081,F,35
5860,5082,F,39
5861,5083,F,7
5862,5084,M,26
5863,5085,F,38
5864,5085,F,37
5865,5086,F,27
5866,5087,F,12
5867,5088,F,41
5868,5089,F,14
5869,5090,F,44
5870,5090,F,13
5871,5091,F,51
5872,5092,M,46
5873,5093,F,14
5874,5094,F,48
5875,5095,M,34
5876,5096,F,9
5877,5097,M,37
5878,5098,F,42
5879,5099,F,33
5880,5100,M,37
5881,5101,M,49
5882,5102,T,38
5883,5102,M,32
5884,5103,F,11
5885,5104,M,24
5886,5104,M,14
5887,5105,M,43
5888,5106,F,56
5889,5106,F,6
5890,5107,M,32
5891,5108,M,22
5892,5109,F,6
5893,5110,M,19
5894,5111,F,27
5895,5112,T,40
5896,5113,F,40
5897,5113,M,24
5898,5114,M,25
5899,5115,F,43
5900,5115,M,27
5901,5116,M,41
5902,5117,F,24
5903,5118,M,33
5904,5119,F,59
5905,5120,M,39
5906,5121,F,36
5907,5122,F,35
5908,5122,M,34
5909,5123,F,5
5910,5123,F,35
5911,5124,M,29
5912,5124,F,40
5913,5125,F,35
5914,5126,M,24
5915,5127,M,19
5916,5128,M,46
5917,5129,M,20
5918,5130,F,5
5919,5131,F,22
5920,5132,M,61
5921,5133,F,29
5922,5134,F,14
5923,5135,M,20
5924,5136,F,49
5925,5136,F,13
5926,5137,M,37
5927,5138,F,27
5928,5139,M,38
5929,5140,F,54
5930,5141,M,21
5931,5142,F,25
5932,5143,M,34
5933,5144,F,53
5934,5145,M,27
5935,5146,M,24
5936,5147,M,26
5937,5148,M,35
5938,5149,M,35
5939,5149,M,58
5940,5150,M,37
5941,5151,M,25
5942,5152,M,12
5943,5153,M,39
5944,5154,M,36
5945,5155,M,39
5946,5156,M,22
5947,5157,F,30
5948,5158,F,26
5949,5159,M,21
5950,5160,F,30
5951,5161,M,40
5952,5162,M,22
5953,5163,M,30
5954,5164,M,39
5955,5165,F,27
5956,5166,F,5
5957,5167,M,25
5958,5168,F,39
5959,5168,F,39
5960,5169,M,60
5961,5170,M,6
5962,5171,M,46
5963,5172,F,10
5964,5173,F,53
5965,5174,F,37
5966,5175,M,50
5967,5176,F,49
5968,5177,M,32
5969,5178,M,24
5970,5179,M,26
5971,5180,F,15
5972,5181,M,34
5973,5182,F,48
5974,5183,F,52
5975,5184,M,42
5976,5185,F,32
5977,5186,M,31
5978,5187,F,19
5979,5188,M,30
5980,5189,F,42
5981,5190,F,37
5982,5191,F,43
5983,5192,F,18
5984,5193,F,29
5985,5194,M,46
5986,5195,M,24
5987,5196,F,20
5988,5197,M,18
5989,5198,F,47
5990,5199,F,43
5991,5200,M,27
5992,5201,F,35
5993,5202,F,44
5994,5202,M,12
5995,5203,M,57
5996,5204,F,37
5997,5205,F,38
5998,5206,F,40
5999,5207,F,19
6000,5208,M,26
6001,5209,F,51
6002,5210,F,43
6003,5211,M,33
6004,5212,M,17
6005,5213,M,26
6006,5214,F,36
6007,5215,F,33
6008,5216,F,24
6009,5217,M,30
6010,5218,F,43
6011,5218,M,15
6012,5219,F,38
6013,5220,F,23
6014,5220,F,17
6015,5221,F,51
6016,5222,F,33
6017,5223,F,47
6018,5224,M,25
6019,5225,M,40
6020,5226,M,8
6021,5227,M,43
6022,5228,F,29
6023,5228,F,44
6024,5229,F,67
6025,5230,F,36
6026,5231,F,27
6027,5232,F,21
6028,5233,M,47
6029,5234,F,40
6030,5235,F,26
6031,5236,F,43
6032,5237,M,51
6033,5238,M,50
6034,5239,M,35
6035,5240,M,51
6036,5241,M,28
6037,5242,F,46
6038,5243,M,39
6039,5244,M,11
6040,5245,F,46
6041,5246,F,19
6042,5247,M,22
6043,5248,F,21
6044,5249,F,17
6045,5250,M,22
6046,5251,M,31
6047,5252,F,21
6048,5252,F,33
6049,5253,F,54
6050,5254,M,18
6051,5254,M,47
6052,5255,T,28
6053,5256,F,33
6054,5257,F,36
6055,5258,F,24
6056,5259,F,24
6057,5260,F,21
6058,5260,F,47
6059,5261,F,57
6060,5262,M,33
6061,5263,F,21
6062,5263,F,25
6063,5264,M,19
6064,5264,F,39
6065,5265,F,36
6066,5266,M,41
6067,5267,M,28
6068,5268,F,33
6069,5269,T,40
6070,5270,F,43
6071,5271,F,13
6072,5272,M,33
6073,5273,F,43
6074,5274,T,14
6075,5275,M,36
6076,5276,F,28
6077,5277,F,35
6078,5277,F,42
6079,5278,F,32
6080,5279,M,46
6081,5280,F,45
6082,5281,M,24
6083,5282,F,44
6084,5283,M,46
6085,5284,M,13
6086,5285,M,39
6087,5285,F,61
6088,5286,M,25
6089,5287,T,29
6090,5288,F,17
6091,5289,M,22
6092,5289,M,37
6093,5290,M,31
6094,5291,M,15
6095,5292,T,38
6096,5293,M,70
6097,5294,F,24
6098,5295,F,50
6099,5296,M,29
6100,5297,M,46
6101,5298,M,16
6102,5299,F,59
6103,5300,M,10
6104,5301,F,30
6105,5302,M,27
6106,5303,F,16
6107,5304,F,42
6108,5305,F,42
6109,5306,F,33
6110,5306,F,21
6111,5307,M,22
6112,5308,F,38
6113,5309,F,42
6114,5310,M,30
6115,5311,F,18
6116,5312,F,7
6117,5312,F,39
6118,5313,M,37
6119,5314,F,19
6120,5315,F,49
6121,5316,F,12
6122,5317,F,33
6123,5318,M,40
6124,5319,M,28
6125,5320,F,15
6126,5321,M,55
6127,5322,M,9
6128,5322,F,25
6129,5323,M,30
6130,5324,F,35
6131,5325,F,59
6132,5326,F,43
6133,5326,M,57
6134,5327,M,26
6135,5328,F,31
6136,5329,M,17
6137,5330,F,32
6138,5331,M,35
6139,5332,F,46
6140,5333,M,27
6141,5334,F,32
6142,5335,M,35
6143,5336,M,52
6144,5336,M,56
6145,5337,M,31
6146,5338,F,44
6147,5339,M,59
6148,5340,F,32
6149,5341,F,39
6150,5342,M,43
6151,5343,M,22
6152,5344,M,36
6153,5344,M,8
6154,5345,F,49
6155,5346,F,37
6156,5347,F,29
6157,5348,F,45
6158,5349,M,51
6159,5349,M,14
6160,5350,M,48
6161,5351,F,16
6162,5351,M,49
6163,5352,F,42
6164,5353,M,50
6165,5353,M,44
6166,5354,F,49
6167,5355,F,33
6168,5356,T,18
6169,5356,F,37
6170,5357,F,23
6171,5358,F,31
6172,5359,F,29
6173,5360,F,25
6174,5361,F,28
6175,5362,F,33
6176,5363,T,14
6177,5364,M,34
6178,5365,F,20
6179,5366,F,44
6180,5367,F,36
6181,5367,M,34
6182,5368,F,39
6183,5369,F,55
6184,5370,M,55
6185,5371,M,33
6186,5372,F,27
6187,5373,F,19
6188,5374,M,31
6189,5375,F,52
6190,5376,F,37
6191,5377,F,41
6192,5378,M,30
6193,5379,M,49
6194,5380,F,37
6195,5381,M,6
6196,5381,M,26
6197,5382,F,42
6198,5383,M,16
6199,5384,F,38
6200,5385,M,34
6201,5386,M,19
6202,5386,M,46
6203,5387,M,46
6204,5387,M,63
6205,5388,F,19
6206,5388,F,41
6207,5389,F,39
6208,5390,M,32
6209,5391,F,45
6210,5392,F,25
6211,5393,F,36
6212,5394,F,32
6213,5395,M,35
6214,5396,M,36
6215,5397,F,43
6216,5398,T,21
6217,5399,F,40
6218,5400,F,23
6219,5401,F,53
6220,5401,F,33
6221,5402,M,24
6222,5402,F,34
6223,5403,F,39
6224,5404,M,28
6225,5405,F,12
6226,5405,F,32
6227,5406,F,50
6228,5407,M,45
6229,5408,M,27
6230,5409,F,26
6231,5410,F,38
6232,5411,F,34
6233,5412,M,16
6234,5413,F,25
6235,5414,F,23
6236,5415,M,29
6237,5416,F,21
6238,5417,F,25
6239,5418,F,5
6240,5419,F,44
6241,5420,M,7
6242,5421,T,46
6243,5422,M,19
6244,5423,F,17
6245,5424,M,51
6246,5425,F,32
6247,5426,M,54
6248,5427,M,28
6249,5428,F,25
6250,5429,M,35
6251,5429,F,29
6252,5430,F,27
6253,5431,M,20
6254,5432,F,14
6255,5432,M,39
6256,5433,F,34
6257,5434,F,8
6258,5435,M,31
6259,5436,F,27
6260,5437,F,28
6261,5438,F,25
6262,5439,M,26
6263,5440,M,32
6264,5441,M,19
6265,5442,F,36
6266,5442,M,43
6267,5443,F,37
6268,5444,M,36
6269,5445,F,36
6270,5446,M,66
6271,5446,F,27
6272,5447,M,26
6273,5448,F,60
6274,5449,M,22
6275,5450,M,39
6276,5450,F,29
6277,5451,F,46
6278,5452,M,49
6279,5453,M,33
6280,5454,M,41
6281,5454,F,45
6282,5455,M,30
6283,5456,M,12
6284,5457,M,54
6285,5458,F,9
6286,5459,M,50
6287,5460,M,14
6288,5461,F,28
6289,5462,M,27
6290,5463,F,6
6291,5464,M,57
6292,5465,F,43
6293,5465,M,41
6294,5466,F,10
6295,5467,M,27
6296,5468,M,30
6297,5469,T,27
6298,5470,M,67
6299,5471,F,41
6300,5472,M,27
6301,5473,F,27
6302,5473,M,50
6303,5474,F,30
6304,5475,M,26
6305,5476,M,63
6306,5477,M,28
6307,5478,F,57
6308,5479,F,40
6309,5480,F,44
6310,5481,M,34
6311,5482,M,26
6312,5483,F,20
6313,5484,M,39
6314,5485,T,63
6315,5486,F,34
6316,5486,F,31
6317,5487,M,38
6318,5487,M,14
6319,5488,F,25
6320,5489,F,5
6321,5490,F,48
6322,5491,F,44
6323,5492,M,29
6324,5493,M,28
6325,5494,M,44
6326,5495,F,23
6327,5496,M,30
6328,5497,M,45
6329,5498,M,43
6330,5499,F,34
6331,5500,M,24
6332,5501,M,30
6333,5502,F,30
6334,5503,M,14
6335,5503,F,35
6336,5504,M,39
6337,5505,M,24
6338,5506,F,23
6339,5507,M,36
6340,5508,F,64
6341,5509,F,22
6342,5510,F,54
6343,5511,M,35
6344,5512,F,44
6345,5513,F,65
6346,5514,M,13
6347,5515,M,28
6348,5516,F,29
6349,5516,M,29
6350,5517,F,12
6351,5517,M,34
6352,5518,M,24
6353,5519,F,36
6354,5520,F,27
6355,5521,M,24
6356,5522,F,39
6357,5523,M,29
6358,5523,M,34
6359,5524,F,43
6360,5525,F,19
6361,5526,M,22
6362,5527,M,25
6363,5528,F,53
6364,5529,F,13
6365,5530,M,42
6366,5531,M,25
6367,5532,F,30
6368,5533,F,29
6369,5534,M,24
6370,5535,M,55
6371,5536,M,50
6372,5536,F,39
6373,5537,F,51
6374,5538,F,12
6375,5539,F,44
6376,5540,M,48
6377,5541,F,32
6378,5542,F,38
6379,5543,M,19
6380,5544,F,44
6381,5545,F,47
6382,5546,M,21
6383,5547,F,53
6384,5548,F,26
6385,5549,F,39
6386,5549,F,32
6387,5550,F,34
6388,5551,F,27
6389,5552,F,35
6390,5553,M,35
6391,5554,F,36
6392,5555,F,29
6393,5556,F,48
6394,5557,M,22
6395,5558,F,31
6396,5559,M,34
6397,5560,M,38
6398,5561,M,25
6399,5562,F,49
6400,5563,F,35
6401,5564,M,46
6402,5565,M,22
6403,5566,F,65
6404,5566,F,26
6405,5567,T,37
6406,5568,M,65
6407,5568,M,15
6408,5569,F,59
6409,5570,F,39
6410,5571,F,47
6411,5572,F,35
6412,5573,M,52
6413,5574,M,53
6414,5575,M,35
6415,5576,M,44
6416,5576,M,24
6417,5577,M,37
6418,5577,M,43
6419,5578,M,22
6420,5579,F,38
6421,5580,M,10
6422,5581,M,17
6423,5582,F,21
6424,5583,M,54
6425,5584,M,38
6426,5585,F,39
6427,5586,M,25
6428,5587,M,46
6429,5588,M,15
6430,5589,M,30
6431,5590,M,33
6432,5591,F,61
6433,5592,M,28
6434,5593,M,45
6435,5593,M,48
6436,5594,M,48
6437,5595,M,32
6438,5596,F,24
6439,5597,F,5
6440,5598,M,63
6441,5599,M,40
6442,5600,M,34
6443,5601,F,37
6444,5602,F,12
6445,5603,F,46
6446,5604,M,10
6447,5605,M,45
6448,5605,M,27
6449,5606,M,13
6450,5607,F,34
6451,5607,F,31
6452,5608,F,46
6453,5609,M,40
6454,5610,F,44
6455,5611,M,54
6456,5612,F,43
6457,5612,M,5
6458,5613,F,20
6459,5614,M,58
6460,5615,F,20
6461,5615,F,15
6462,5616,M,32
6463,5617,F,43
6464,5618,F,42
6465,5619,M,41
6466,5620,F,44
6467,5621,F,44
6468,5622,F,26
6469,5623,F,5
6470,5624,F,8
6471,5625,M,57
6472,5625,M,32
6473,5626,M,41
6474,5627,F,37
6475,5628,F,22
6476,5629,M,30
6477,5629,M,22
6478,5630,M,45
6479,5631,M,22
6480,5632,F,5
6481,5633,F,28
6482,5634,M,22
6483,5635,F,37
6484,5636,F,38
6485,5636,F,56
6486,5637,F,31
6487,5638,M,46
6488,5639,F,44
6489,5640,F,36
6490,5641,F,24
6491,5642,M,38
6492,5643,F,32
6493,5644,F,21
6494,5645,F,56
6495,5646,F,21
6496,5647,M,52
6497,5648,M,25
6498,5649,M,30
6499,5650,M,44
6500,5650,M,39
6501,5651,T,33
6502,5652,M,36
6503,5652,F,20
6504,5653,T,15
6505,5654,M,49
6506,5655,F,28
6507,5656,F,23
6508,5656,F,44
6509,5657,M,27
6510,5658,M,20
6511,5659,M,39
6512,5660,F,31
6513,5661,F,19
6514,5662,F,52
6515,5663,M,31
6516,5664,M,54
6517,5665,F,55
6518,5666,F,17
6519,5667,M,13
6520,5668,M,34
6521,5668,F,57
6522,5669,F,70
6523,5670,M,35
6524,5671,M,67
6525,5672,M,23
6526,5672,F,5
6527,5673,F,11
6528,5674,M,38
6529,5675,F,34
6530,5676,F,39
6531,5676,M,45
6532,5677,M,48
6533,5678,M,35
6534,5679,F,46
6535,5680,F,39
6536,5681,F,38
6537,5681,M,41
6538,5682,M,50
6539,5682,M,29
6540,5683,M,22
6541,5683,F,32
6542,5684,F,26
6543,5685,F,44
6544,5686,F,8
6545,5687,M,19
6546,5688,F,49
6547,5688,M,50
6548,5689,M,37
6549,5690,M,16
6550,5690,M,28
6551,5691,F,31
6552,5692,M,40
6553,5693,T,23
6554,5694,F,21
6555,5694,F,43
6556,5695,F,13
6557,5696,F,18
6558,5696,F,23
6559,5697,F,29
6560,5698,F,15
6561,5699,F,19
6562,5700,F,26
6563,5701,F,22
6564,5702,F,21
6565,5703,M,33
6566,5703,M,44
6567,5704,F,52
6568,5705,M,37
6569,5706,F,46
6570,5707,M,53
6571,5708,F,30
6572,5709,M,19
6573,5710,M,41
6574,5711,M,20
6575,5712,M,37
6576,5713,M,46
6577,5713,F,55
6578,5714,M,39
6579,5715,F,44
6580,5716,F,25
6581,5716,F,49
6582,5717,F,39
6583,5718,F,16
6584,5719,M,27
6585,5720,F,13
6586,5720,M,45
6587,5721,F,25
6588,5722,M,20
6589,5723,F,39
6590,5723,F,59
6591,5724,F,48
6592,5724,F,52
6593,5725,M,48
6594,5726,F,53
6595,5727,F,16
6596,5727,M,29
6597,5728,T,44
6598,5728,M,36
6599,5729,F,39
6600,5730,F,22
6601,5730,F,58
6602,5731,F,36
6603,5732,M,44
6604,5733,M,61
6605,5734,M,18
6606,5735,F,44
6607,5736,M,19
6608,5737,F,52
6609,5738,F,17
6610,5739,M,22
6611,5740,F,46
6612,5741,M,30
6613,5742,M,10
6614,5743,M,55
6615,5743,F,32
6616,5744,M,30
6617,5745,M,7
6618,5746,F,42
6619,5747,F,34
6620,5748,F,26
6621,5749,F,18
6622,5750,F,57
6623,5751,F,30
6624,5752,M,32
6625,5753,F,30
6626,5754,M,30
6627,5755,F,42
6628,5756,M,38
6629,5757,F,21
6630,5758,F,40
6631,5759,M,26
6632,5760,M,49
6633,5761,F,48
6634,5761,M,29
6635,5762,M,42
6636,5763,F,10
6637,5764,M,17
6638,5765,M,24
6639,5766,F,31
6640,5767,F,26
6641,5768,F,51
6642,5769,M,19
6643,5770,F,41
6644,5771,F,40
6645,5772,F,21
6646,5773,F,40
6647,5773,M,42
6648,5774,F,24
6649,5775,M,46
6650,5776,F,24
6651,5777,M,16
6652,5778,T,64
6653,5779,F,21
6654,5780,M,45
6655,5781,M,46
6656,5782,F,42
6657,5783,M,41
6658,5783,F,49
6659,5784,F,28
6660,5785,F,37
6661,5786,F,52
6662,5787,F,47
6663,5787,F,46
6664,5788,M,15
6665,5789,M,29
6666,5790,M,51
6667,5791,F,33
6668,5791,T,32
6669,5792,M,22
6670,5793,F,35
6671,5794,F,34
6672,5795,T,57
6673,5795,M,33
6674,5796,M,18
6675,5797,T,27
6676,5798,F,47
6677,5799,M,35
6678,5799,F,31
6679,5800,M,16
6680,5801,F,20
6681,5802,F,20
6682,5803,M,31
6683,5804,F,49
6684,5805,F,21
6685,5806,F,32
6686,5807,F,20
6687,5808,F,58
6688,5809,F,37
6689,5810,M,28
6690,5811,M,57
6691,5812,F,62
6692,5813,M,27
6693,5814,M,37
6694,5815,M,30
6695,5816,M,39
6696,5817,M,37
6697,5818,F,38
6698,5819,F,47
6699,5820,M,6
6700,5821,M,25
6701,5822,M,64
6702,5823,F,18
6703,5824,F,57
6704,5825,F,29
6705,5826,F,60
6706,5826,F,32
6707,5827,F,45
6708,5828,F,5
6709,5829,F,72
6710,5830,M,17
6711,5831,M,57
6712,5832,F,24
6713,5833,M,43
6714,5833,F,46
6715,5834,F,16
6716,5835,M,31
6717,5836,M,22
6718,5837,F,54
6719,5837,F,45
6720,5838,F,54
6721,5839,F,28
6722,5840,M,26
6723,5841,M,19
6724,5842,M,17
6725,5842,M,46
6726,5843,F,30
6727,5844,F,22
6728,5845,M,44
6729,5846,F,47
6730,5847,F,23
6731,5848,F,9
6732,5849,F,19
6733,5849,F,43
6734,5850,M,34
6735,5851,M,13
6736,5852,F,42
6737,5853,T,23
6738,5854,F,26
6739,5855,M,38
6740,5855,F,19
6741,5856,F,18
6742,5857,F,24
6743,5858,M,41
6744,5859,F,31
6745,5859,M,43
6746,5860,F,39
6747,5861,M,17
6748,5862,F,32
6749,5863,F,34
6750,5864,F,32
6751,5865,M,32
6752,5865,M,40
6753,5866,F,6
6754,5867,M,11
6755,5868,F,16
6756,5868,M,6
6757,5869,M,52
6758,5870,M,30
6759,5871,M,18
6760,5871,M,5
6761,5872,M,22
6762,5873,F,41
6763,5873,M,55
6764,5874,F,28
6765,5875,F,23
6766,5876,F,21
6767,5877,F,20
6768,5878,M,38
6769,5879,M,33
6770,5880,M,5
6771,5881,M,45
6772,5882,M,31
6773,5883,F,29
6774,5884,M,23
6775,5884,M,40
6776,5885,F,20
6777,5886,F,36
6778,5886,M,61
6779,5887,M,41
6780,5887,T,30
6781,5888,F,33
6782,5889,F,35
6783,5889,M,13
6784,5890,M,71
6785,5891,M,27
6786,5892,F,43
6787,5893,F,32
6788,5894,F,24
6789,5895,M,57
6790,5896,M,31
6791,5897,F,42
6792,5898,M,49
6793,5898,M,57
6794,5899,F,35
6795,5900,F,28
6796,5900,M,30
6797,5901,F,59
6798,5902,M,5
6799,5903,F,34
6800,5903,F,61
6801,5904,F,38
6802,5905,F,49
6803,5906,F,17
6804,5907,F,36
6805,5908,F,34
6806,5909,F,33
6807,5910,F,14
6808,5911,M,22
6809,5912,M,12
6810,5913,T,39
6811,5914,F,5
6812,5914,M,31
6813,5915,M,15
6814,5916,F,35
6815,5917,F,57
6816,5918,M,28
6817,5919,F,54
6818,5920,M,36
6819,5920,F,47
6820,5921,F,9
6821,5922,F,54
6822,5923,F,36
6823,5924,M,40
6824,5925,F,22
6825,5926,F,18
6826,5927,F,43
6827,5928,F,47
6828,5929,M,41
6829,5930,M,51
6830,5931,F,44
6831,5932,F,5
6832,5933,M,42
6833,5934,F,43
6834,5935,F,35
6835,5936,M,27
6836,5937,M,30
6837,5938,T,45
6838,5939,M,32
6839,5940,F,39
6840,5941,M,44
6841,5942,M,50
6842,5943,M,7
6843,5944,F,51
6844,5945,M,36
6845,5946,M,60
6846,5947,F,37
6847,5948,M,26
6848,5949,F,29
6849,5950,F,42
6850,5951,F,37
6851,5952,F,36
6852,5953,F,38
6853,5954,M,5
6854,5955,M,21
6855,5956,M,22
6856,5957,F,62
6857,5958,F,41
6858,5959,F,46
6859,5960,M,12
6860,5961,M,34
6861,5962,M,39
6862,5962,M,36
6863,5963,M,58
6864,5963,M,26
6865,5964,F,45
6866,5965,M,50
6867,5966,F,6
6868,5967,M,38
6869,5968,F,25
6870,5968,M,35
6871,5969,F,33
6872,5970,F,52
6873,5970,M,32
6874,5971,M,36
6875,5972,M,47
6876,5973,M,21
6877,5974,F,44
6878,5975,M,7
6879,5976,M,41
6880,5977,F,16
6881,5978,F,50
6882,5979,F,33
6883,5980,F,51
6884,5981,F,33
6885,5981,M,34
6886,5982,F,27
6887,5983,M,49
6888,5984,F,26
6889,5985,F,22
6890,5986,F,60
6891,5987,F,42
6892,5988,F,32
6893,5989,F,42
6894,5990,M,18
6895,5991,M,38
6896,5992,M,44
6897,5993,M,42
6898,5994,F,26
6899,5994,M,47
6900,5995,M,5
6901,5996,F,30
6902,5997,M,11
6903,5998,M,24
6904,5999,F,34
6905,5999,M,12
6906,6000,M,37
