AccusedMasterID,CaseMasterID,PersonID,GenderID,AgeYear,District,ModusOperandi,RepeatIdentity
1,1,A1,M,34,Bidar,Break-in via Rear Entry,1
2,2,A1,F,32,Bengaluru City,Group Attack (Prior Enmity),2
3,3,A1,M,19,Hassan,Forged Document Trail,3
4,4,A1,M,32,Belagavi,Sudden Armed Assault,4
5,5,A1,M,20,Belagavi,Shell Company Cheating,5
6,5,A2,M,48,Belagavi,Forged Document Trail,6
7,5,A3,M,20,Belagavi,Cheque Bounce Fraud,7
8,6,A1,M,30,Mysuru,Shell Company Cheating,8
9,8,A1,F,26,Bengaluru Rural,Weapon-Assisted Assault,9
10,9,A1,M,24,Bengaluru Rural,Known-Person Domestic Abuse,10
11,10,A1,M,27,Chamarajanagar,Chit Fund Default,11
12,11,A1,M,22,Mysuru,Night-time House Break-in,12
13,12,A1,M,26,Yadgir,Cheque Bounce Fraud,13
14,12,A2,M,31,Yadgir,Shell Company Cheating,14
15,13,A1,M,18,Belagavi,Home Cultivation/Storage,15
16,14,A1,M,31,Bengaluru Rural,Sudden Armed Assault,16
17,15,A1,M,21,Shivamogga,Home Cultivation/Storage,17
18,15,A2,M,27,Shivamogga,Cross-Border Transit Route,18
19,16,A1,M,40,Kolar,Break-in via Rear Entry,19
20,16,A2,M,17,Kolar,Break-in via Rear Entry,20
21,18,A1,M,28,Mysuru,Sudden Armed Assault,21
22,18,A2,M,41,Mysuru,Sudden Armed Assault,22
23,19,A1,F,23,Bengaluru Rural,Social-Media Incited Assembly,23
24,21,A1,M,25,Mangaluru (Dakshina Kannada),Workplace Harassment,24
25,22,A1,M,34,Belagavi,Known-Person Domestic Abuse,25
26,22,A2,M,32,Belagavi,Known-Person Domestic Abuse,26
27,24,A1,M,31,Bidar,Group Attack (Prior Enmity),27
28,25,A1,M,34,Kodagu,Dowry-Related Coercion,28
29,26,A1,F,33,Tumakuru,Workplace Harassment,29
30,27,A1,F,17,Mangaluru (Dakshina Kannada),Known-Person Domestic Abuse,30
31,27,A2,M,16,Mangaluru (Dakshina Kannada),Stalking Prior to Offence,31
32,28,A1,M,21,Ballari,Weapon-Assisted Assault,32
33,28,A2,M,31,Ballari,Weapon-Assisted Assault,33
34,29,A1,M,33,Chikkamagaluru,Break-in via Rear Entry,34
35,30,A1,M,21,Koppal,Stalking Prior to Offence,35
36,31,A1,M,36,Belagavi,Vehicle Theft (Parked),36
37,32,A1,F,31,Davanagere,Break-in via Rear Entry,37
38,32,A2,M,16,Davanagere,Shop Lock-Break,38
39,33,A1,M,16,Shivamogga,Group Attack (Prior Enmity),39
40,34,A1,M,35,Mangaluru (Dakshina Kannada),Dowry-Related Coercion,40
41,34,A2,M,16,Mangaluru (Dakshina Kannada),Known-Person Domestic Abuse,41
42,34,A3,M,39,Mangaluru (Dakshina Kannada),Known-Person Domestic Abuse,42
43,35,A1,M,16,Chamarajanagar,Stalking Prior to Offence,43
44,36,A1,F,29,Udupi,Weapon-Assisted Assault,44
45,37,A1,M,38,Bengaluru City,Forged Document Trail,45
46,37,A2,F,26,Bengaluru City,Cheque Bounce Fraud,46
47,38,A1,M,16,Bengaluru Rural,Cross-Border Transit Route,47
48,39,A1,M,25,Davanagere,Confrontation over Dispute,48
49,40,A1,M,28,Kalaburagi,Night-time House Break-in,49
50,41,A1,M,16,Bidar,SIM-Swap Fraud,50
51,42,A1,M,29,Mangaluru (Dakshina Kannada),Phishing Link / OTP Fraud,51
52,42,A2,M,32,Mangaluru (Dakshina Kannada),SIM-Swap Fraud,52
53,42,A3,M,23,Mangaluru (Dakshina Kannada),SIM-Swap Fraud,53
54,43,A1,F,31,Mangaluru (Dakshina Kannada),Social Media Impersonation,54
55,44,A1,M,22,Bengaluru City,Dowry-Related Coercion,55
56,44,A2,M,49,Bengaluru City,Stalking Prior to Offence,56
57,44,A3,M,32,Bengaluru City,Dowry-Related Coercion,57
58,45,A1,M,35,Bengaluru City,Dowry-Related Coercion,58
59,46,A1,M,22,Kodagu,Snatching in Transit,59
60,47,A1,M,31,Bengaluru Rural,Weapon-Assisted Assault,60
61,48,A1,M,37,Bagalkot,Organized Group Mobilization,61
62,48,A2,M,29,Bagalkot,Social-Media Incited Assembly,62
63,49,A1,M,23,Chamarajanagar,Snatching in Transit,63
64,49,A2,M,19,Chamarajanagar,Shop Lock-Break,64
65,51,A1,M,34,Chikkamagaluru,Vehicle Theft (Parked),65
66,52,A1,M,20,Belagavi,Shop Lock-Break,66
67,53,A1,M,44,Hassan,Confrontation over Dispute,67
68,54,A1,M,18,Hassan,Group Attack (Prior Enmity),68
69,54,A2,M,16,Hassan,Weapon-Assisted Assault,69
70,55,A1,M,34,Bengaluru City,Vehicle Theft (Parked),70
71,56,A1,M,23,Bidar,Courier via Public Transport,71
72,57,A1,M,36,Belagavi,Forged Document Trail,72
73,57,A2,M,35,Belagavi,Shell Company Cheating,73
74,58,A1,M,38,Haveri,Break-in via Rear Entry,74
75,59,A1,M,24,Ramanagara,Dowry-Related Coercion,75
76,60,A1,M,36,Ramanagara,Night-time House Break-in,76
77,60,A2,M,31,Ramanagara,Break-in via Rear Entry,77
78,61,A1,M,40,Mangaluru (Dakshina Kannada),Home Cultivation/Storage,78
79,61,A2,M,25,Mangaluru (Dakshina Kannada),Courier via Public Transport,79
80,61,A3,M,22,Mangaluru (Dakshina Kannada),Courier via Public Transport,80
81,62,A1,F,33,Chikkamagaluru,Shop Lock-Break,81
82,62,A2,M,27,Chikkamagaluru,Snatching in Transit,82
83,63,A1,M,37,Bagalkot,Sudden Armed Assault,83
84,64,A1,F,42,Belagavi,Cheque Bounce Fraud,84
85,65,A1,M,34,Tumakuru,Confrontation over Dispute,85
86,66,A1,F,29,Mangaluru (Dakshina Kannada),Known-Person Domestic Abuse,86
87,67,A1,M,16,Davanagere,Night-time House Break-in,87
88,68,A1,M,29,Bengaluru City,Group Attack (Prior Enmity),88
89,68,A2,M,37,Bengaluru City,Group Attack (Prior Enmity),89
90,69,A1,M,33,Tumakuru,Fake Investment App,90
91,70,A1,M,35,Hassan,Vehicle Theft (Parked),91
92,70,A2,M,23,Hassan,Shop Lock-Break,92
93,71,A1,F,27,Hassan,Snatching in Transit,93
94,71,A2,M,38,Hassan,Snatching in Transit,94
95,72,A1,M,21,Davanagere,Social Media Impersonation,95
96,72,A2,M,16,Davanagere,Fake Investment App,96
97,72,A3,M,23,Davanagere,SIM-Swap Fraud,97
98,73,A1,M,16,Yadgir,Cheque Bounce Fraud,98
99,73,A2,M,29,Yadgir,Chit Fund Default,99
100,74,A1,M,31,Shivamogga,Shop Lock-Break,100
101,75,A1,M,55,Bengaluru Rural,Shop Lock-Break,101
102,75,A2,M,22,Bengaluru Rural,Break-in via Rear Entry,102
103,75,A3,M,29,Bengaluru Rural,Shop Lock-Break,103
104,76,A1,M,29,Mangaluru (Dakshina Kannada),SIM-Swap Fraud,104
105,78,A1,M,19,Bengaluru Rural,Vehicle Theft (Parked),105
106,79,A1,M,18,Belagavi,Home Cultivation/Storage,106
107,80,A1,M,16,Mandya,Stalking Prior to Offence,107
108,81,A1,M,30,Bengaluru Rural,Fake Investment App,108
109,82,A1,M,29,Belagavi,Break-in via Rear Entry,109
110,82,A2,M,22,Belagavi,Shop Lock-Break,110
111,83,A1,M,16,Ballari,Workplace Harassment,111
112,84,A1,M,16,Bagalkot,Sudden Armed Assault,112
113,85,A1,M,34,Tumakuru,Shop Lock-Break,113
114,85,A2,M,35,Tumakuru,Break-in via Rear Entry,114
115,85,A3,F,21,Tumakuru,Shop Lock-Break,115
116,86,A1,M,34,Davanagere,Phishing Link / OTP Fraud,116
117,87,A1,F,25,Mangaluru (Dakshina Kannada),Weapon-Assisted Assault,117
118,88,A1,M,16,Kolar,Night-time House Break-in,118
119,88,A2,M,38,Kolar,Break-in via Rear Entry,119
120,90,A1,M,16,Chamarajanagar,Confrontation over Dispute,120
121,91,A1,M,47,Mysuru,Snatching in Transit,121
122,92,A1,M,26,Chamarajanagar,Known-Person Domestic Abuse,122
123,93,A1,M,16,Belagavi,Night-time House Break-in,123
124,95,A1,F,30,Gadag,Night-time House Break-in,124
125,96,A1,M,34,Mangaluru (Dakshina Kannada),Organized Group Mobilization,125
126,97,A1,M,32,Chamarajanagar,Weapon-Assisted Assault,126
127,98,A1,M,18,Bengaluru City,Group Attack (Prior Enmity),127
128,99,A1,F,31,Ramanagara,Phishing Link / OTP Fraud,128
129,100,A1,M,30,Bengaluru City,Cheque Bounce Fraud,129
130,100,A2,M,29,Bengaluru City,Forged Document Trail,130
131,101,A1,M,32,Davanagere,Phishing Link / OTP Fraud,131
132,101,A2,M,22,Davanagere,Fake Investment App,132
133,101,A3,M,25,Davanagere,Social Media Impersonation,133
134,102,A1,M,21,Mysuru,Confrontation over Dispute,134
135,102,A2,M,26,Mysuru,Group Attack (Prior Enmity),135
136,102,A3,F,29,Mysuru,Sudden Armed Assault,136
137,103,A1,M,27,Bengaluru Rural,Vehicle Theft (Parked),137
138,104,A1,M,28,Belagavi,Shell Company Cheating,138
139,105,A1,M,19,Raichur,Forged Document Trail,139
140,105,A2,M,20,Raichur,Cheque Bounce Fraud,140
141,106,A1,F,16,Belagavi,Fake Investment App,141
142,107,A1,M,16,Belagavi,Break-in via Rear Entry,142
143,108,A1,M,24,Bengaluru Rural,Workplace Harassment,143
144,109,A1,M,26,Mangaluru (Dakshina Kannada),Known-Person Domestic Abuse,144
145,110,A1,M,36,Mangaluru (Dakshina Kannada),Dowry-Related Coercion,145
146,111,A1,M,31,Belagavi,Break-in via Rear Entry,146
147,112,A1,F,16,Udupi,Night-time House Break-in,147
148,113,A1,M,21,Raichur,Dowry-Related Coercion,148
149,114,A1,M,16,Vijayapura,Social Media Impersonation,149
150,115,A1,M,16,Yadgir,Forged Document Trail,150
151,116,A1,M,35,Hassan,Home Cultivation/Storage,151
152,117,A1,M,34,Ramanagara,Vehicle Theft (Parked),152
153,118,A1,M,36,Kodagu,Known-Person Domestic Abuse,153
154,119,A1,M,39,Belagavi,Snatching in Transit,154
155,120,A1,M,33,Shivamogga,Group Attack (Prior Enmity),155
156,120,A2,M,46,Shivamogga,Sudden Armed Assault,156
157,121,A1,M,26,Ballari,Group Attack (Prior Enmity),157
158,121,A2,M,16,Ballari,Confrontation over Dispute,158
159,122,A1,M,34,Tumakuru,Cheque Bounce Fraud,159
160,123,A1,M,21,Shivamogga,Shell Company Cheating,160
161,123,A2,M,35,Shivamogga,Cheque Bounce Fraud,161
162,124,A1,M,25,Davanagere,Shop Lock-Break,162
163,124,A2,M,28,Davanagere,Shop Lock-Break,163
164,125,A1,M,34,Chamarajanagar,Shop Lock-Break,164
165,125,A2,M,20,Chamarajanagar,Shop Lock-Break,165
166,127,A1,M,33,Hubballi-Dharwad,Vehicle Theft (Parked),166
167,128,A1,M,21,Hassan,Weapon-Assisted Assault,167
168,129,A1,M,30,Chikkaballapur,Confrontation over Dispute,168
169,131,A1,M,18,Hassan,Sudden Armed Assault,169
170,132,A1,M,27,Belagavi,SIM-Swap Fraud,170
171,132,A2,M,52,Belagavi,Social Media Impersonation,171
172,133,A1,M,23,Mangaluru (Dakshina Kannada),Fake Investment App,172
173,134,A1,M,24,Bengaluru Rural,Known-Person Domestic Abuse,173
174,135,A1,M,39,Davanagere,Weapon-Assisted Assault,174
175,135,A2,M,27,Davanagere,Group Attack (Prior Enmity),175
176,135,A3,M,35,Davanagere,Confrontation over Dispute,176
177,136,A1,M,29,Chamarajanagar,Confrontation over Dispute,177
178,137,A1,M,21,Bengaluru Rural,Forged Document Trail,178
179,137,A2,M,28,Bengaluru Rural,Forged Document Trail,179
180,137,A3,F,23,Bengaluru Rural,Shell Company Cheating,180
181,138,A1,M,37,Belagavi,Weapon-Assisted Assault,181
182,140,A1,M,26,Bengaluru Rural,SIM-Swap Fraud,182
183,141,A1,M,38,Tumakuru,Cheque Bounce Fraud,183
184,141,A2,M,28,Tumakuru,Shell Company Cheating,184
185,142,A1,M,43,Haveri,Cheque Bounce Fraud,185
186,144,A1,M,27,Mysuru,Social Media Impersonation,186
187,145,A1,M,24,Mysuru,Break-in via Rear Entry,187
188,145,A2,M,25,Mysuru,Snatching in Transit,188
189,146,A1,M,32,Davanagere,Shop Lock-Break,189
190,147,A1,F,30,Bidar,Sudden Armed Assault,190
191,147,A2,M,40,Bidar,Sudden Armed Assault,191
192,147,A3,M,21,Bidar,Weapon-Assisted Assault,192
193,149,A1,F,32,Kolar,Group Attack (Prior Enmity),193
194,149,A2,F,22,Kolar,Sudden Armed Assault,194
195,149,A3,M,24,Kolar,Sudden Armed Assault,195
196,150,A1,M,53,Mandya,Snatching in Transit,196
197,151,A1,M,16,Bengaluru Rural,Shop Lock-Break,197
198,151,A2,M,34,Bengaluru Rural,Shop Lock-Break,198
199,152,A1,M,26,Bengaluru City,Snatching in Transit,199
200,152,A2,M,32,Bengaluru City,Snatching in Transit,200
201,153,A1,F,20,Raichur,Shop Lock-Break,201
202,154,A1,M,31,Kolar,Dowry-Related Coercion,202
203,156,A1,M,18,Shivamogga,Chit Fund Default,203
204,157,A1,F,23,Davanagere,Break-in via Rear Entry,204
205,159,A1,M,22,Mangaluru (Dakshina Kannada),Group Attack (Prior Enmity),205
206,159,A2,M,28,Mangaluru (Dakshina Kannada),Weapon-Assisted Assault,206
207,159,A3,M,25,Mangaluru (Dakshina Kannada),Confrontation over Dispute,207
208,160,A1,M,40,Bengaluru City,Known-Person Domestic Abuse,208
209,160,A2,M,30,Bengaluru City,Workplace Harassment,209
210,160,A3,M,16,Bengaluru City,Stalking Prior to Offence,210
211,161,A1,M,32,Hassan,Workplace Harassment,211
212,161,A2,M,16,Hassan,Dowry-Related Coercion,212
213,162,A1,M,16,Davanagere,Forged Document Trail,213
214,163,A1,M,33,Bengaluru Rural,Shop Lock-Break,214
215,163,A2,M,16,Bengaluru Rural,Break-in via Rear Entry,215
216,164,A1,M,16,Hassan,Workplace Harassment,216
217,165,A1,M,37,Mangaluru (Dakshina Kannada),Forged Document Trail,217
218,165,A2,M,38,Mangaluru (Dakshina Kannada),Forged Document Trail,218
219,166,A1,M,31,Shivamogga,Sudden Armed Assault,219
220,167,A1,M,38,Bengaluru Rural,Forged Document Trail,220
221,168,A1,F,43,Kodagu,Known-Person Domestic Abuse,221
222,168,A2,M,40,Kodagu,Stalking Prior to Offence,222
223,169,A1,M,16,Mangaluru (Dakshina Kannada),Shell Company Cheating,223
224,170,A1,M,32,Davanagere,Sudden Armed Assault,224
225,171,A1,M,28,Mysuru,Vehicle Theft (Parked),225
226,173,A1,M,38,Hassan,Sudden Armed Assault,226
227,174,A1,M,43,Hassan,Shell Company Cheating,227
228,174,A2,F,26,Hassan,Cheque Bounce Fraud,228
229,174,A3,M,41,Hassan,Cheque Bounce Fraud,229
230,175,A1,M,30,Ballari,Group Attack (Prior Enmity),230
231,176,A1,M,28,Gadag,Sudden Armed Assault,231
232,176,A2,M,40,Gadag,Confrontation over Dispute,232
233,177,A1,M,21,Bagalkot,Night-time House Break-in,233
234,178,A1,M,24,Bengaluru Rural,Stalking Prior to Offence,234
235,178,A2,M,42,Bengaluru Rural,Stalking Prior to Offence,235
236,179,A1,F,27,Raichur,Night-time House Break-in,236
237,179,A2,M,32,Raichur,Shop Lock-Break,237
238,180,A1,M,20,Raichur,Phishing Link / OTP Fraud,238
239,181,A1,M,27,Hubballi-Dharwad,Fake Investment App,239
240,182,A1,M,27,Belagavi,Sudden Armed Assault,240
241,182,A2,M,36,Belagavi,Group Attack (Prior Enmity),241
242,183,A1,M,53,Belagavi,Dowry-Related Coercion,242
243,184,A1,M,31,Mysuru,Confrontation over Dispute,243
244,184,A2,M,29,Mysuru,Sudden Armed Assault,244
245,184,A3,M,18,Mysuru,Weapon-Assisted Assault,245
246,185,A1,M,16,Bengaluru Rural,Sudden Armed Assault,246
247,186,A1,M,23,Haveri,Sudden Armed Assault,247
248,187,A1,F,29,Bengaluru City,Night-time House Break-in,248
249,188,A1,F,37,Davanagere,Shell Company Cheating,249
250,188,A2,M,40,Davanagere,Chit Fund Default,250
251,189,A1,M,26,Koppal,Stalking Prior to Offence,251
252,190,A1,M,31,Ballari,Known-Person Domestic Abuse,252
253,191,A1,M,30,Udupi,Snatching in Transit,253
254,191,A2,M,16,Udupi,Vehicle Theft (Parked),254
255,192,A1,M,20,Koppal,Workplace Harassment,255
256,193,A1,M,23,Kalaburagi,Shop Lock-Break,256
257,193,A2,M,30,Kalaburagi,Snatching in Transit,257
258,193,A3,M,28,Kalaburagi,Vehicle Theft (Parked),258
259,194,A1,M,29,Bagalkot,Dowry-Related Coercion,259
260,194,A2,M,18,Bagalkot,Known-Person Domestic Abuse,260
261,195,A1,M,23,Mangaluru (Dakshina Kannada),Weapon-Assisted Assault,261
262,196,A1,F,23,Mysuru,Stalking Prior to Offence,262
263,197,A1,M,21,Bengaluru City,Stalking Prior to Offence,263
264,198,A1,M,22,Chamarajanagar,Vehicle Theft (Parked),264
265,198,A2,M,24,Chamarajanagar,Break-in via Rear Entry,265
266,199,A1,M,16,Belagavi,Confrontation over Dispute,266
267,201,A1,M,35,Raichur,Shell Company Cheating,267
268,201,A2,M,41,Raichur,Shell Company Cheating,268
269,201,A3,M,30,Raichur,Cheque Bounce Fraud,269
270,202,A1,M,42,Bagalkot,Cheque Bounce Fraud,270
271,203,A1,F,35,Haveri,Dowry-Related Coercion,271
272,204,A1,M,26,Tumakuru,SIM-Swap Fraud,272
273,204,A2,M,44,Tumakuru,Social Media Impersonation,273
274,205,A1,M,56,Chamarajanagar,Fake Investment App,274
275,206,A1,M,26,Bengaluru Rural,Chit Fund Default,275
276,207,A1,M,24,Tumakuru,Organized Group Mobilization,276
277,208,A1,M,24,Mysuru,Shop Lock-Break,277
278,209,A1,M,19,Hassan,Dowry-Related Coercion,278
279,210,A1,M,41,Hubballi-Dharwad,Stalking Prior to Offence,279
280,211,A1,M,25,Davanagere,Fake Investment App,280
281,212,A1,M,34,Tumakuru,Social Media Impersonation,281
282,212,A2,F,23,Tumakuru,Phishing Link / OTP Fraud,282
283,213,A1,M,24,Hassan,Cheque Bounce Fraud,283
284,213,A2,F,32,Hassan,Chit Fund Default,284
285,214,A1,M,36,Kodagu,Group Attack (Prior Enmity),285
286,214,A2,F,43,Kodagu,Group Attack (Prior Enmity),286
287,215,A1,M,30,Belagavi,Sudden Armed Assault,287
288,217,A1,M,17,Koppal,Shell Company Cheating,288
289,218,A1,M,38,Mangaluru (Dakshina Kannada),Known-Person Domestic Abuse,289
290,219,A1,M,31,Tumakuru,Dowry-Related Coercion,290
291,220,A1,M,29,Mangaluru (Dakshina Kannada),Sudden Armed Assault,291
292,221,A1,M,16,Ramanagara,Known-Person Domestic Abuse,292
293,223,A1,M,36,Davanagere,Group Attack (Prior Enmity),293
294,223,A2,M,21,Davanagere,Weapon-Assisted Assault,294
295,223,A3,M,24,Davanagere,Weapon-Assisted Assault,295
296,224,A1,M,32,Mysuru,Weapon-Assisted Assault,296
297,224,A2,M,28,Mysuru,Sudden Armed Assault,297
298,225,A1,M,16,Chikkamagaluru,Confrontation over Dispute,298
299,226,A1,F,36,Hubballi-Dharwad,Snatching in Transit,299
300,227,A1,M,24,Tumakuru,Weapon-Assisted Assault,300
301,228,A1,M,28,Vijayapura,Chit Fund Default,301
302,229,A1,M,32,Tumakuru,Fake Investment App,302
303,229,A2,M,24,Tumakuru,Social Media Impersonation,303
304,229,A3,M,29,Tumakuru,Social Media Impersonation,304
305,230,A1,F,23,Belagavi,Shop Lock-Break,305
306,231,A1,M,18,Bidar,Social-Media Incited Assembly,306
307,232,A1,M,34,Bengaluru City,Vehicle Theft (Parked),307
308,233,A1,M,23,Mysuru,Phishing Link / OTP Fraud,308
309,233,A2,M,32,Mysuru,Social Media Impersonation,309
310,234,A1,M,30,Kalaburagi,Fake Investment App,310
311,234,A2,M,36,Kalaburagi,Social Media Impersonation,311
312,235,A1,M,39,Bengaluru City,Cheque Bounce Fraud,312
313,235,A2,F,38,Bengaluru City,Shell Company Cheating,313
314,235,A3,M,20,Bengaluru City,Cheque Bounce Fraud,314
315,236,A1,M,47,Mysuru,Home Cultivation/Storage,315
316,236,A2,M,34,Mysuru,Courier via Public Transport,316
317,236,A3,M,23,Mysuru,Home Cultivation/Storage,317
318,237,A1,M,32,Belagavi,Break-in via Rear Entry,318
319,237,A2,M,24,Belagavi,Vehicle Theft (Parked),319
320,238,A1,F,31,Bengaluru Rural,Confrontation over Dispute,320
321,238,A2,M,16,Bengaluru Rural,Sudden Armed Assault,321
322,238,A3,M,28,Bengaluru Rural,Weapon-Assisted Assault,322
323,239,A1,M,16,Davanagere,Forged Document Trail,323
324,240,A1,M,22,Ramanagara,Social Media Impersonation,324
325,241,A1,F,26,Bidar,Cheque Bounce Fraud,325
326,241,A2,M,29,Bidar,Shell Company Cheating,326
327,241,A3,M,36,Bidar,Chit Fund Default,327
328,242,A1,M,43,Bengaluru Rural,Forged Document Trail,328
329,243,A1,M,30,Mysuru,Break-in via Rear Entry,329
330,244,A1,M,23,Tumakuru,Shop Lock-Break,330
331,245,A1,M,23,Belagavi,Cheque Bounce Fraud,331
332,245,A2,M,16,Belagavi,Cheque Bounce Fraud,332
333,246,A1,M,23,Davanagere,Shop Lock-Break,333
334,247,A1,M,27,Uttara Kannada,Vehicle Theft (Parked),334
335,247,A2,M,24,Uttara Kannada,Vehicle Theft (Parked),335
336,248,A1,M,32,Mandya,Stalking Prior to Offence,336
337,248,A2,M,32,Mandya,Stalking Prior to Offence,337
338,249,A1,M,58,Kodagu,Shop Lock-Break,338
339,250,A1,F,20,Udupi,Forged Document Trail,339
340,251,A1,M,20,Ballari,Shop Lock-Break,340
341,252,A1,M,45,Belagavi,Home Cultivation/Storage,341
342,252,A2,M,26,Belagavi,Home Cultivation/Storage,342
343,253,A1,M,32,Bengaluru Rural,Courier via Public Transport,343
344,253,A2,M,44,Bengaluru Rural,Home Cultivation/Storage,344
345,253,A3,M,19,Bengaluru Rural,Courier via Public Transport,345
346,254,A1,F,27,Bengaluru Rural,Courier via Public Transport,346
347,254,A2,M,30,Bengaluru Rural,Home Cultivation/Storage,347
348,254,A3,M,31,Bengaluru Rural,Cross-Border Transit Route,348
349,255,A1,M,17,Mysuru,Chit Fund Default,349
350,256,A1,M,29,Davanagere,Night-time House Break-in,350
351,257,A1,M,28,Bengaluru City,Dowry-Related Coercion,351
352,258,A1,M,39,Bengaluru Rural,Courier via Public Transport,352
353,260,A1,M,34,Vijayapura,Chit Fund Default,353
354,261,A1,M,32,Belagavi,Night-time House Break-in,354
355,261,A2,M,35,Belagavi,Night-time House Break-in,355
356,262,A1,M,36,Mangaluru (Dakshina Kannada),Social Media Impersonation,356
357,262,A2,M,35,Mangaluru (Dakshina Kannada),SIM-Swap Fraud,357
358,262,A3,F,36,Mangaluru (Dakshina Kannada),Phishing Link / OTP Fraud,358
359,263,A1,M,32,Mangaluru (Dakshina Kannada),Workplace Harassment,359
360,263,A2,M,27,Mangaluru (Dakshina Kannada),Workplace Harassment,360
361,264,A1,M,36,Davanagere,SIM-Swap Fraud,361
362,264,A2,M,34,Davanagere,SIM-Swap Fraud,362
363,265,A1,M,31,Udupi,Social-Media Incited Assembly,363
364,265,A2,M,31,Udupi,Social-Media Incited Assembly,364
365,265,A3,M,44,Udupi,Social-Media Incited Assembly,365
366,267,A1,M,16,Bengaluru Rural,Confrontation over Dispute,366
367,267,A2,M,32,Bengaluru Rural,Weapon-Assisted Assault,367
368,268,A1,M,29,Uttara Kannada,Snatching in Transit,368
369,269,A1,M,16,Bidar,Fake Investment App,369
370,270,A1,M,48,Belagavi,Stalking Prior to Offence,370
371,270,A2,M,23,Belagavi,Workplace Harassment,371
372,271,A1,M,30,Belagavi,Shop Lock-Break,372
373,271,A2,M,57,Belagavi,Shop Lock-Break,373
374,272,A1,M,33,Belagavi,Group Attack (Prior Enmity),374
375,273,A1,M,23,Tumakuru,Shell Company Cheating,375
376,273,A2,M,30,Tumakuru,Cheque Bounce Fraud,376
377,274,A1,M,22,Raichur,Weapon-Assisted Assault,377
378,275,A1,M,25,Kodagu,Break-in via Rear Entry,378
379,276,A1,M,33,Chikkamagaluru,Snatching in Transit,379
380,277,A1,M,33,Mangaluru (Dakshina Kannada),Break-in via Rear Entry,380
381,277,A2,M,35,Mangaluru (Dakshina Kannada),Snatching in Transit,381
382,278,A1,M,26,Bengaluru Rural,Dowry-Related Coercion,382
383,279,A1,M,46,Chamarajanagar,Workplace Harassment,383
384,279,A2,M,36,Chamarajanagar,Dowry-Related Coercion,384
385,280,A1,M,41,Kodagu,Snatching in Transit,385
386,281,A1,M,30,Bengaluru Rural,Vehicle Theft (Parked),386
387,281,A2,M,22,Bengaluru Rural,Night-time House Break-in,387
388,281,A3,M,16,Bengaluru Rural,Shop Lock-Break,388
389,283,A1,M,28,Mysuru,Social-Media Incited Assembly,389
390,283,A2,M,29,Mysuru,Organized Group Mobilization,390
391,284,A1,M,30,Mangaluru (Dakshina Kannada),Vehicle Theft (Parked),391
392,285,A1,M,38,Hassan,Cheque Bounce Fraud,392
393,285,A2,M,27,Hassan,Forged Document Trail,393
394,285,A3,M,16,Hassan,Chit Fund Default,394
395,286,A1,M,16,Hubballi-Dharwad,Night-time House Break-in,395
396,287,A1,M,21,Tumakuru,Shop Lock-Break,396
397,288,A1,M,16,Raichur,Stalking Prior to Offence,397
398,289,A1,M,28,Mangaluru (Dakshina Kannada),Shell Company Cheating,398
399,289,A2,M,22,Mangaluru (Dakshina Kannada),Forged Document Trail,399
400,289,A3,M,31,Mangaluru (Dakshina Kannada),Forged Document Trail,400
401,290,A1,M,16,Kodagu,Snatching in Transit,401
402,291,A1,F,46,Hassan,Snatching in Transit,402
403,291,A2,M,24,Hassan,Night-time House Break-in,403
404,291,A3,M,22,Hassan,Shop Lock-Break,404
405,292,A1,M,16,Chamarajanagar,Home Cultivation/Storage,405
406,292,A2,M,18,Chamarajanagar,Cross-Border Transit Route,406
407,293,A1,M,27,Tumakuru,Snatching in Transit,407
408,293,A2,M,36,Tumakuru,Break-in via Rear Entry,408
409,293,A3,M,22,Tumakuru,Night-time House Break-in,409
410,295,A1,M,45,Belagavi,Fake Investment App,410
411,296,A1,M,38,Chitradurga,Weapon-Assisted Assault,411
412,296,A2,M,30,Chitradurga,Sudden Armed Assault,412
413,297,A1,M,35,Belagavi,Sudden Armed Assault,413
414,298,A1,M,18,Davanagere,Shop Lock-Break,414
415,299,A1,M,31,Udupi,Vehicle Theft (Parked),415
416,300,A1,M,26,Hassan,Shell Company Cheating,416
417,300,A2,M,16,Hassan,Shell Company Cheating,417
418,301,A1,M,36,Kodagu,Known-Person Domestic Abuse,418
419,302,A1,M,30,Belagavi,Known-Person Domestic Abuse,419
420,303,A1,M,46,Shivamogga,Known-Person Domestic Abuse,420
421,304,A1,F,16,Chikkaballapur,Workplace Harassment,421
422,304,A2,M,41,Chikkaballapur,Known-Person Domestic Abuse,422
423,304,A3,M,28,Chikkaballapur,Known-Person Domestic Abuse,423
424,305,A1,M,34,Hubballi-Dharwad,Night-time House Break-in,424
425,305,A2,M,40,Hubballi-Dharwad,Shop Lock-Break,425
426,306,A1,M,35,Bengaluru Rural,Forged Document Trail,426
427,306,A2,F,17,Bengaluru Rural,Shell Company Cheating,427
428,307,A1,M,28,Chitradurga,Night-time House Break-in,428
429,307,A2,M,22,Chitradurga,Snatching in Transit,429
430,308,A1,M,32,Kodagu,Cheque Bounce Fraud,430
431,309,A1,M,40,Kodagu,Shop Lock-Break,431
432,310,A1,M,44,Davanagere,Weapon-Assisted Assault,432
433,310,A2,M,29,Davanagere,Weapon-Assisted Assault,433
434,311,A1,M,18,Hubballi-Dharwad,Dowry-Related Coercion,434
435,312,A1,M,39,Bengaluru Rural,Workplace Harassment,435
436,313,A1,M,19,Belagavi,Forged Document Trail,436
437,314,A1,M,32,Bengaluru City,Fake Investment App,437
438,315,A1,M,36,Belagavi,Home Cultivation/Storage,438
439,316,A1,F,33,Tumakuru,Weapon-Assisted Assault,439
440,316,A2,M,46,Tumakuru,Confrontation over Dispute,440
441,316,A3,M,27,Tumakuru,Sudden Armed Assault,441
442,317,A1,M,21,Bengaluru Rural,Group Attack (Prior Enmity),442
443,317,A2,M,43,Bengaluru Rural,Weapon-Assisted Assault,443
444,318,A1,M,38,Bengaluru Rural,Home Cultivation/Storage,444
445,319,A1,M,27,Belagavi,Break-in via Rear Entry,445
446,319,A2,M,26,Belagavi,Vehicle Theft (Parked),446
447,320,A1,M,44,Belagavi,Social-Media Incited Assembly,447
448,322,A1,F,38,Davanagere,Workplace Harassment,448
449,323,A1,F,27,Hassan,Snatching in Transit,449
450,324,A1,M,41,Kolar,Social Media Impersonation,450
451,325,A1,M,43,Mangaluru (Dakshina Kannada),Group Attack (Prior Enmity),451
452,327,A1,M,19,Mysuru,Shop Lock-Break,452
453,329,A1,M,38,Bidar,Confrontation over Dispute,453
454,330,A1,M,30,Mangaluru (Dakshina Kannada),Weapon-Assisted Assault,454
455,330,A2,F,46,Mangaluru (Dakshina Kannada),Sudden Armed Assault,455
456,331,A1,M,17,Chamarajanagar,Night-time House Break-in,456
457,331,A2,M,38,Chamarajanagar,Vehicle Theft (Parked),457
458,332,A1,M,24,Kolar,Shell Company Cheating,458
459,333,A1,M,16,Davanagere,Group Attack (Prior Enmity),459
460,334,A1,M,30,Shivamogga,Social Media Impersonation,460
461,334,A2,M,27,Shivamogga,Social Media Impersonation,461
462,334,A3,M,29,Shivamogga,SIM-Swap Fraud,462
463,335,A1,M,42,Mangaluru (Dakshina Kannada),Workplace Harassment,463
464,335,A2,M,22,Mangaluru (Dakshina Kannada),Workplace Harassment,464
465,336,A1,M,38,Ballari,SIM-Swap Fraud,465
466,336,A2,M,36,Ballari,SIM-Swap Fraud,466
467,336,A3,M,22,Ballari,Phishing Link / OTP Fraud,467
468,337,A1,M,34,Bengaluru City,Vehicle Theft (Parked),468
469,337,A2,M,39,Bengaluru City,Shop Lock-Break,469
470,337,A3,M,16,Bengaluru City,Snatching in Transit,470
471,338,A1,M,51,Bengaluru Rural,Stalking Prior to Offence,471
472,339,A1,M,36,Haveri,Vehicle Theft (Parked),472
473,339,A2,M,31,Haveri,Night-time House Break-in,473
474,339,A3,M,28,Haveri,Snatching in Transit,474
475,340,A1,M,30,Davanagere,Group Attack (Prior Enmity),475
476,341,A1,M,29,Mysuru,Cross-Border Transit Route,476
477,342,A1,M,34,Bengaluru City,Sudden Armed Assault,477
478,343,A1,M,20,Bagalkot,Phishing Link / OTP Fraud,478
479,344,A1,F,39,Mysuru,Shell Company Cheating,479
480,344,A2,M,25,Mysuru,Chit Fund Default,480
481,344,A3,M,24,Mysuru,Shell Company Cheating,481
482,345,A1,M,38,Davanagere,Stalking Prior to Offence,482
483,346,A1,F,30,Shivamogga,Stalking Prior to Offence,483
484,346,A2,M,26,Shivamogga,Workplace Harassment,484
485,346,A3,M,29,Shivamogga,Workplace Harassment,485
486,347,A1,M,24,Davanagere,Workplace Harassment,486
487,349,A1,M,21,Kalaburagi,Dowry-Related Coercion,487
488,350,A1,M,32,Ramanagara,Cheque Bounce Fraud,488
489,350,A2,M,29,Ramanagara,Chit Fund Default,489
490,350,A3,M,22,Ramanagara,Shell Company Cheating,490
491,352,A1,M,38,Hassan,Fake Investment App,491
492,353,A1,M,23,Chikkaballapur,Known-Person Domestic Abuse,492
493,354,A1,M,16,Belagavi,Confrontation over Dispute,493
494,354,A2,M,37,Belagavi,Group Attack (Prior Enmity),494
495,354,A3,M,16,Belagavi,Weapon-Assisted Assault,495
496,355,A1,M,16,Haveri,Forged Document Trail,496
497,356,A1,M,32,Bengaluru Rural,Stalking Prior to Offence,497
498,357,A1,M,31,Ballari,Shop Lock-Break,498
499,358,A1,M,24,Ballari,Shop Lock-Break,499
500,358,A2,M,31,Ballari,Break-in via Rear Entry,500
501,360,A1,M,24,Hubballi-Dharwad,SIM-Swap Fraud,501
502,360,A2,M,18,Hubballi-Dharwad,Fake Investment App,502
503,362,A1,M,17,Belagavi,Shop Lock-Break,503
504,362,A2,M,40,Belagavi,Snatching in Transit,504
505,363,A1,M,27,Mandya,Confrontation over Dispute,505
506,364,A1,M,22,Chamarajanagar,Night-time House Break-in,506
507,365,A1,M,26,Haveri,Break-in via Rear Entry,507
508,365,A2,M,44,Haveri,Vehicle Theft (Parked),508
509,365,A3,M,23,Haveri,Break-in via Rear Entry,509
510,366,A1,M,20,Bagalkot,Shop Lock-Break,510
511,366,A2,M,42,Bagalkot,Night-time House Break-in,511
512,367,A1,M,31,Davanagere,Night-time House Break-in,512
513,368,A1,M,19,Bidar,Dowry-Related Coercion,513
514,368,A2,M,19,Bidar,Stalking Prior to Offence,514
515,371,A1,M,39,Davanagere,Courier via Public Transport,515
516,372,A1,M,16,Kalaburagi,Night-time House Break-in,516
517,373,A1,M,21,Kolar,Night-time House Break-in,517
518,373,A2,M,38,Kolar,Shop Lock-Break,518
519,373,A3,M,28,Kolar,Shop Lock-Break,519
520,374,A1,M,27,Tumakuru,Sudden Armed Assault,520
521,375,A1,M,30,Bengaluru City,Cross-Border Transit Route,521
522,375,A2,F,49,Bengaluru City,Cross-Border Transit Route,522
523,376,A1,M,33,Kalaburagi,Weapon-Assisted Assault,523
524,376,A2,M,30,Kalaburagi,Group Attack (Prior Enmity),524
525,377,A1,M,20,Raichur,Chit Fund Default,525
526,378,A1,M,28,Mysuru,Weapon-Assisted Assault,526
527,379,A1,M,21,Belagavi,Dowry-Related Coercion,527
528,379,A2,M,32,Belagavi,Stalking Prior to Offence,528
529,379,A3,M,30,Belagavi,Stalking Prior to Offence,529
530,382,A1,M,20,Belagavi,Weapon-Assisted Assault,530
531,383,A1,F,20,Ramanagara,Phishing Link / OTP Fraud,531
532,383,A2,M,18,Ramanagara,Fake Investment App,532
533,384,A1,M,41,Belagavi,Snatching in Transit,533
534,385,A1,F,41,Chikkamagaluru,Confrontation over Dispute,534
535,386,A1,M,17,Koppal,Sudden Armed Assault,535
536,386,A2,M,26,Koppal,Weapon-Assisted Assault,536
537,387,A1,M,18,Koppal,Stalking Prior to Offence,537
538,388,A1,M,19,Mysuru,Forged Document Trail,538
539,388,A2,M,30,Mysuru,Shell Company Cheating,539
540,388,A3,M,34,Mysuru,Forged Document Trail,540
541,389,A1,M,19,Koppal,Forged Document Trail,541
542,389,A2,F,19,Koppal,Cheque Bounce Fraud,542
543,390,A1,F,32,Bidar,Social Media Impersonation,543
544,390,A2,M,20,Bidar,SIM-Swap Fraud,544
545,391,A1,M,31,Bengaluru Rural,Social-Media Incited Assembly,545
546,391,A2,M,30,Bengaluru Rural,Organized Group Mobilization,546
547,392,A1,M,36,Bengaluru City,Night-time House Break-in,547
548,392,A2,M,23,Bengaluru City,Snatching in Transit,548
549,392,A3,M,27,Bengaluru City,Break-in via Rear Entry,549
550,396,A1,M,16,Haveri,Social Media Impersonation,550
551,396,A2,M,45,Haveri,Phishing Link / OTP Fraud,551
552,398,A1,M,22,Belagavi,Break-in via Rear Entry,552
553,399,A1,M,36,Davanagere,Vehicle Theft (Parked),553
554,400,A1,M,39,Mysuru,Dowry-Related Coercion,554
555,400,A2,M,30,Mysuru,Known-Person Domestic Abuse,555
556,401,A1,M,19,Bengaluru City,Vehicle Theft (Parked),556
557,402,A1,M,42,Gadag,Night-time House Break-in,557
558,402,A2,M,30,Gadag,Night-time House Break-in,558
559,403,A1,M,37,Mangaluru (Dakshina Kannada),Snatching in Transit,559
560,404,A1,M,29,Bengaluru Rural,Sudden Armed Assault,560
561,405,A1,M,47,Belagavi,Dowry-Related Coercion,561
562,405,A2,M,36,Belagavi,Workplace Harassment,562
563,406,A1,M,38,Davanagere,Group Attack (Prior Enmity),563
564,407,A1,M,43,Davanagere,Fake Investment App,564
565,407,A2,M,16,Davanagere,Phishing Link / OTP Fraud,565
566,407,A3,M,18,Davanagere,Social Media Impersonation,566
567,408,A1,F,39,Vijayapura,Vehicle Theft (Parked),567
568,408,A2,M,16,Vijayapura,Break-in via Rear Entry,568
569,408,A3,F,20,Vijayapura,Shop Lock-Break,569
570,410,A1,F,33,Davanagere,Sudden Armed Assault,570
571,410,A2,M,27,Davanagere,Weapon-Assisted Assault,571
572,411,A1,M,26,Bagalkot,Forged Document Trail,572
573,411,A2,M,25,Bagalkot,Cheque Bounce Fraud,573
574,412,A1,M,25,Kolar,Sudden Armed Assault,574
575,413,A1,M,34,Kodagu,Break-in via Rear Entry,575
576,414,A1,F,35,Mandya,Shop Lock-Break,576
577,415,A1,F,21,Hubballi-Dharwad,Phishing Link / OTP Fraud,577
578,416,A1,M,31,Bengaluru City,Phishing Link / OTP Fraud,578
579,417,A1,M,26,Kolar,Dowry-Related Coercion,579
580,418,A1,M,27,Ballari,Night-time House Break-in,580
581,419,A1,M,35,Chamarajanagar,Chit Fund Default,581
582,420,A1,M,19,Ballari,Weapon-Assisted Assault,582
583,421,A1,M,42,Hassan,Group Attack (Prior Enmity),583
584,421,A2,M,25,Hassan,Sudden Armed Assault,584
585,422,A1,M,33,Udupi,Group Attack (Prior Enmity),585
586,423,A1,M,34,Haveri,Fake Investment App,586
587,425,A1,M,16,Hubballi-Dharwad,Night-time House Break-in,587
588,425,A2,M,18,Hubballi-Dharwad,Vehicle Theft (Parked),588
589,426,A1,M,27,Ballari,Forged Document Trail,589
590,428,A1,M,41,Bidar,Vehicle Theft (Parked),590
591,429,A1,M,25,Hubballi-Dharwad,Confrontation over Dispute,591
592,430,A1,M,29,Uttara Kannada,Phishing Link / OTP Fraud,592
593,431,A1,M,26,Belagavi,Night-time House Break-in,593
594,431,A2,M,33,Belagavi,Snatching in Transit,594
595,432,A1,M,23,Bengaluru City,Confrontation over Dispute,595
596,433,A1,M,16,Chamarajanagar,Shop Lock-Break,596
597,434,A1,M,37,Mangaluru (Dakshina Kannada),Courier via Public Transport,597
598,435,A1,M,24,Bengaluru City,Forged Document Trail,598
599,435,A2,M,27,Bengaluru City,Cheque Bounce Fraud,599
600,436,A1,M,29,Udupi,Dowry-Related Coercion,600
601,436,A2,M,40,Udupi,Known-Person Domestic Abuse,601
602,437,A1,M,24,Mysuru,Break-in via Rear Entry,602
603,438,A1,F,19,Chikkamagaluru,Snatching in Transit,603
604,439,A1,M,24,Shivamogga,Group Attack (Prior Enmity),604
605,440,A1,M,27,Mysuru,Night-time House Break-in,605
606,440,A2,M,34,Mysuru,Night-time House Break-in,606
607,441,A1,M,16,Bengaluru Rural,Known-Person Domestic Abuse,607
608,441,A2,M,18,Bengaluru Rural,Dowry-Related Coercion,608
609,441,A3,M,27,Bengaluru Rural,Stalking Prior to Offence,609
610,442,A1,M,16,Vijayapura,Sudden Armed Assault,610
611,443,A1,M,26,Koppal,Snatching in Transit,611
612,445,A1,M,29,Chikkamagaluru,Sudden Armed Assault,612
613,446,A1,M,35,Davanagere,Sudden Armed Assault,613
614,446,A2,M,22,Davanagere,Group Attack (Prior Enmity),614
615,447,A1,M,32,Bengaluru Rural,Vehicle Theft (Parked),615
616,448,A1,M,26,Belagavi,Night-time House Break-in,616
617,448,A2,M,16,Belagavi,Snatching in Transit,617
618,448,A3,F,32,Belagavi,Break-in via Rear Entry,618
619,449,A1,M,20,Bengaluru City,Phishing Link / OTP Fraud,619
620,450,A1,M,21,Yadgir,Shop Lock-Break,620
621,450,A2,M,26,Yadgir,Break-in via Rear Entry,621
622,451,A1,M,22,Davanagere,Sudden Armed Assault,622
623,452,A1,M,26,Bengaluru Rural,Sudden Armed Assault,623
624,454,A1,M,16,Mysuru,Workplace Harassment,624
625,455,A1,M,24,Bengaluru Rural,Fake Investment App,625
626,455,A2,M,53,Bengaluru Rural,SIM-Swap Fraud,626
627,456,A1,M,26,Yadgir,Known-Person Domestic Abuse,627
628,457,A1,F,22,Bengaluru City,Night-time House Break-in,628
629,458,A1,M,27,Kodagu,Shop Lock-Break,629
630,458,A2,M,34,Kodagu,Night-time House Break-in,630
631,459,A1,M,30,Mysuru,Vehicle Theft (Parked),631
632,459,A2,M,33,Mysuru,Shop Lock-Break,632
633,460,A1,M,16,Hassan,Chit Fund Default,633
634,461,A1,M,24,Davanagere,Chit Fund Default,634
635,462,A1,F,32,Belagavi,Shop Lock-Break,635
636,463,A1,M,16,Bengaluru Rural,Shell Company Cheating,636
637,464,A1,M,54,Gadag,Fake Investment App,637
638,465,A1,M,47,Bengaluru Rural,Group Attack (Prior Enmity),638
639,465,A2,M,16,Bengaluru Rural,Group Attack (Prior Enmity),639
640,466,A1,F,45,Belagavi,Confrontation over Dispute,640
641,467,A1,F,37,Chitradurga,Night-time House Break-in,641
642,468,A1,M,17,Raichur,Workplace Harassment,642
643,468,A2,M,29,Raichur,Dowry-Related Coercion,643
644,469,A1,M,35,Kodagu,Workplace Harassment,644
645,470,A1,F,30,Bengaluru Rural,Chit Fund Default,645
646,471,A1,F,33,Ramanagara,Vehicle Theft (Parked),646
647,472,A1,M,53,Mangaluru (Dakshina Kannada),Confrontation over Dispute,647
648,472,A2,M,28,Mangaluru (Dakshina Kannada),Group Attack (Prior Enmity),648
649,473,A1,M,29,Bengaluru City,Chit Fund Default,649
650,474,A1,M,39,Kodagu,Vehicle Theft (Parked),650
651,474,A2,M,27,Kodagu,Snatching in Transit,651
652,475,A1,M,16,Bengaluru Rural,Cross-Border Transit Route,652
653,476,A1,M,23,Hubballi-Dharwad,Dowry-Related Coercion,653
654,476,A2,M,28,Hubballi-Dharwad,Dowry-Related Coercion,654
655,477,A1,M,22,Mangaluru (Dakshina Kannada),Vehicle Theft (Parked),655
656,477,A2,F,37,Mangaluru (Dakshina Kannada),Shop Lock-Break,656
657,477,A3,M,26,Mangaluru (Dakshina Kannada),Snatching in Transit,657
658,478,A1,M,42,Bengaluru City,Shop Lock-Break,658
659,479,A1,M,32,Chikkamagaluru,Group Attack (Prior Enmity),659
660,480,A1,M,42,Mangaluru (Dakshina Kannada),Forged Document Trail,660
661,480,A2,M,16,Mangaluru (Dakshina Kannada),Forged Document Trail,661
662,480,A3,M,45,Mangaluru (Dakshina Kannada),Cheque Bounce Fraud,662
663,482,A1,M,25,Davanagere,Break-in via Rear Entry,663
664,482,A2,M,16,Davanagere,Night-time House Break-in,664
665,483,A1,M,27,Mangaluru (Dakshina Kannada),Social Media Impersonation,665
666,483,A2,M,30,Mangaluru (Dakshina Kannada),SIM-Swap Fraud,666
667,485,A1,M,31,Bidar,Known-Person Domestic Abuse,667
668,486,A1,M,38,Raichur,Snatching in Transit,668
669,486,A2,M,44,Raichur,Night-time House Break-in,669
670,486,A3,M,26,Raichur,Shop Lock-Break,670
671,487,A1,M,16,Hassan,Social-Media Incited Assembly,671
672,488,A1,M,28,Chamarajanagar,Confrontation over Dispute,672
673,488,A2,M,35,Chamarajanagar,Weapon-Assisted Assault,673
674,488,A3,F,45,Chamarajanagar,Group Attack (Prior Enmity),674
675,489,A1,F,16,Mysuru,Confrontation over Dispute,675
676,489,A2,M,25,Mysuru,Group Attack (Prior Enmity),676
677,489,A3,F,25,Mysuru,Group Attack (Prior Enmity),677
678,490,A1,F,25,Bengaluru Rural,Cross-Border Transit Route,678
679,491,A1,M,18,Bengaluru City,Chit Fund Default,679
680,491,A2,M,25,Bengaluru City,Chit Fund Default,680
681,492,A1,M,21,Hassan,Shop Lock-Break,681
682,492,A2,M,16,Hassan,Vehicle Theft (Parked),682
683,494,A1,M,16,Chikkamagaluru,Vehicle Theft (Parked),683
684,495,A1,M,25,Bengaluru Rural,Vehicle Theft (Parked),684
685,496,A1,M,19,Bengaluru Rural,Social Media Impersonation,685
686,497,A1,M,16,Belagavi,Fake Investment App,686
687,497,A2,F,21,Belagavi,Social Media Impersonation,687
688,498,A1,M,35,Raichur,Confrontation over Dispute,688
689,499,A1,M,41,Bengaluru City,Confrontation over Dispute,689
690,500,A1,M,30,Belagavi,Chit Fund Default,690
691,500,A2,M,36,Belagavi,Forged Document Trail,691
692,501,A1,M,29,Mysuru,Break-in via Rear Entry,692
693,502,A1,M,35,Ballari,Organized Group Mobilization,693
694,503,A1,M,16,Bengaluru Rural,Known-Person Domestic Abuse,694
695,504,A1,M,35,Bagalkot,Stalking Prior to Offence,695
696,505,A1,M,28,Bidar,Shell Company Cheating,696
697,505,A2,M,41,Bidar,Chit Fund Default,697
698,505,A3,M,28,Bidar,Cheque Bounce Fraud,698
699,506,A1,M,26,Haveri,Snatching in Transit,699
700,506,A2,M,22,Haveri,Break-in via Rear Entry,700
701,506,A3,M,44,Haveri,Snatching in Transit,701
702,507,A1,F,37,Bengaluru Rural,Snatching in Transit,702
703,507,A2,M,29,Bengaluru Rural,Snatching in Transit,703
704,507,A3,M,24,Bengaluru Rural,Night-time House Break-in,704
705,508,A1,F,23,Belagavi,Workplace Harassment,705
706,510,A1,M,32,Mysuru,Workplace Harassment,706
707,511,A1,M,27,Bengaluru Rural,Sudden Armed Assault,707
708,512,A1,M,33,Bengaluru City,Sudden Armed Assault,708
709,513,A1,M,33,Hubballi-Dharwad,Vehicle Theft (Parked),709
710,514,A1,M,39,Chamarajanagar,Stalking Prior to Offence,710
711,515,A1,M,31,Hubballi-Dharwad,Night-time House Break-in,711
712,516,A1,M,36,Bidar,Vehicle Theft (Parked),712
713,517,A1,M,30,Bengaluru Rural,Known-Person Domestic Abuse,713
714,518,A1,M,24,Ballari,Sudden Armed Assault,714
715,518,A2,M,32,Ballari,Group Attack (Prior Enmity),715
716,518,A3,M,43,Ballari,Group Attack (Prior Enmity),716
717,519,A1,F,21,Udupi,SIM-Swap Fraud,717
718,520,A1,M,32,Kolar,Cross-Border Transit Route,718
719,520,A2,F,29,Kolar,Home Cultivation/Storage,719
720,521,A1,M,36,Bidar,Confrontation over Dispute,720
721,521,A2,M,39,Bidar,Confrontation over Dispute,721
722,522,A1,M,16,Hassan,Weapon-Assisted Assault,722
723,523,A1,M,43,Tumakuru,Night-time House Break-in,723
724,524,A1,M,27,Kodagu,Stalking Prior to Offence,724
725,525,A1,M,17,Tumakuru,Courier via Public Transport,725
726,525,A2,M,19,Tumakuru,Home Cultivation/Storage,726
727,526,A1,M,32,Hassan,Shop Lock-Break,727
728,526,A2,M,28,Hassan,Shop Lock-Break,728
729,527,A1,M,25,Bengaluru City,Night-time House Break-in,729
730,528,A1,M,29,Shivamogga,Group Attack (Prior Enmity),730
731,528,A2,F,36,Shivamogga,Sudden Armed Assault,731
732,528,A3,M,36,Shivamogga,Confrontation over Dispute,732
733,529,A1,M,25,Kodagu,Group Attack (Prior Enmity),733
734,530,A1,M,20,Udupi,Phishing Link / OTP Fraud,734
735,531,A1,M,31,Davanagere,Shell Company Cheating,735
736,532,A1,M,33,Chamarajanagar,Shop Lock-Break,736
737,532,A2,M,32,Chamarajanagar,Shop Lock-Break,737
738,533,A1,M,37,Bengaluru City,Stalking Prior to Offence,738
739,535,A1,M,26,Bengaluru City,Social-Media Incited Assembly,739
740,536,A1,M,31,Bengaluru Rural,Shop Lock-Break,740
741,537,A1,M,25,Bengaluru City,Sudden Armed Assault,741
742,538,A1,M,41,Bengaluru Rural,Courier via Public Transport,742
743,538,A2,F,17,Bengaluru Rural,Cross-Border Transit Route,743
744,539,A1,M,44,Bengaluru City,Vehicle Theft (Parked),744
745,540,A1,M,28,Chikkamagaluru,Phishing Link / OTP Fraud,745
746,541,A1,M,33,Hassan,Weapon-Assisted Assault,746
747,541,A2,M,16,Hassan,Weapon-Assisted Assault,747
748,541,A3,M,18,Hassan,Weapon-Assisted Assault,748
749,542,A1,M,21,Haveri,Dowry-Related Coercion,749
750,543,A1,M,28,Bengaluru Rural,Shop Lock-Break,750
751,544,A1,M,21,Tumakuru,Courier via Public Transport,751
752,545,A1,M,36,Davanagere,Weapon-Assisted Assault,752
753,546,A1,F,16,Belagavi,Known-Person Domestic Abuse,753
754,547,A1,M,19,Kodagu,Stalking Prior to Offence,754
755,547,A2,M,21,Kodagu,Dowry-Related Coercion,755
756,548,A1,M,28,Davanagere,Courier via Public Transport,756
757,549,A1,M,38,Bengaluru City,Known-Person Domestic Abuse,757
758,549,A2,M,24,Bengaluru City,Stalking Prior to Offence,758
759,551,A1,M,25,Bengaluru City,Known-Person Domestic Abuse,759
760,552,A1,M,44,Bidar,Workplace Harassment,760
761,552,A2,M,34,Bidar,Stalking Prior to Offence,761
762,552,A3,M,41,Bidar,Workplace Harassment,762
763,553,A1,M,19,Belagavi,Sudden Armed Assault,763
764,553,A2,M,34,Belagavi,Confrontation over Dispute,764
765,554,A1,M,16,Tumakuru,Confrontation over Dispute,765
766,555,A1,M,25,Kodagu,Cheque Bounce Fraud,766
767,556,A1,M,29,Kolar,Dowry-Related Coercion,767
768,557,A1,M,29,Ballari,Organized Group Mobilization,768
769,557,A2,M,23,Ballari,Organized Group Mobilization,769
770,558,A1,F,34,Belagavi,Vehicle Theft (Parked),770
771,559,A1,M,42,Mangaluru (Dakshina Kannada),Weapon-Assisted Assault,771
772,559,A2,M,26,Mangaluru (Dakshina Kannada),Weapon-Assisted Assault,772
773,560,A1,M,30,Ramanagara,Snatching in Transit,773
774,560,A2,M,37,Ramanagara,Shop Lock-Break,774
775,561,A1,F,27,Ramanagara,Stalking Prior to Offence,775
776,562,A1,M,26,Udupi,Courier via Public Transport,776
777,562,A2,F,28,Udupi,Courier via Public Transport,777
778,562,A3,M,26,Udupi,Courier via Public Transport,778
779,563,A1,M,26,Tumakuru,Night-time House Break-in,779
780,563,A2,M,24,Tumakuru,Snatching in Transit,780
781,564,A1,M,22,Mysuru,Fake Investment App,781
782,564,A2,M,20,Mysuru,Fake Investment App,782
783,565,A1,M,47,Hassan,Group Attack (Prior Enmity),783
784,566,A1,M,38,Bengaluru Rural,Confrontation over Dispute,784
785,567,A1,M,25,Belagavi,Known-Person Domestic Abuse,785
786,568,A1,M,23,Hassan,Cheque Bounce Fraud,786
787,568,A2,M,16,Hassan,Forged Document Trail,787
788,569,A1,M,16,Shivamogga,Weapon-Assisted Assault,788
789,569,A2,M,24,Shivamogga,Weapon-Assisted Assault,789
790,570,A1,M,16,Davanagere,Sudden Armed Assault,790
791,571,A1,F,26,Tumakuru,Chit Fund Default,791
792,571,A2,M,16,Tumakuru,Chit Fund Default,792
793,571,A3,M,22,Tumakuru,Chit Fund Default,793
794,572,A1,F,54,Bidar,Group Attack (Prior Enmity),794
795,573,A1,M,27,Chamarajanagar,Vehicle Theft (Parked),795
796,574,A1,M,28,Tumakuru,Break-in via Rear Entry,796
797,575,A1,M,24,Hubballi-Dharwad,Organized Group Mobilization,797
798,575,A2,M,25,Hubballi-Dharwad,Organized Group Mobilization,798
799,575,A3,M,16,Hubballi-Dharwad,Organized Group Mobilization,799
800,576,A1,M,22,Mysuru,Stalking Prior to Offence,800
801,576,A2,M,25,Mysuru,Dowry-Related Coercion,801
802,577,A1,M,27,Hassan,Shell Company Cheating,802
803,578,A1,M,26,Ballari,Phishing Link / OTP Fraud,803
804,579,A1,M,19,Raichur,Known-Person Domestic Abuse,804
805,580,A1,M,27,Belagavi,Weapon-Assisted Assault,805
806,580,A2,M,25,Belagavi,Confrontation over Dispute,806
807,581,A1,M,19,Bidar,Break-in via Rear Entry,807
808,582,A1,M,23,Udupi,Confrontation over Dispute,808
809,582,A2,M,28,Udupi,Sudden Armed Assault,809
810,583,A1,F,32,Chikkamagaluru,Dowry-Related Coercion,810
811,584,A1,M,32,Mangaluru (Dakshina Kannada),Vehicle Theft (Parked),811
812,585,A1,M,30,Tumakuru,SIM-Swap Fraud,812
813,585,A2,F,30,Tumakuru,Social Media Impersonation,813
814,586,A1,M,31,Ramanagara,Workplace Harassment,814
815,587,A1,M,16,Hassan,Workplace Harassment,815
816,587,A2,M,17,Hassan,Workplace Harassment,816
817,588,A1,M,35,Mysuru,Workplace Harassment,817
818,589,A1,M,25,Ramanagara,Sudden Armed Assault,818
819,590,A1,M,16,Belagavi,Stalking Prior to Offence,819
820,591,A1,M,45,Bidar,Vehicle Theft (Parked),820
821,593,A1,M,33,Mysuru,Chit Fund Default,821
822,593,A2,M,16,Mysuru,Forged Document Trail,822
823,594,A1,M,19,Bengaluru Rural,Shop Lock-Break,823
824,595,A1,M,26,Udupi,Workplace Harassment,824
825,595,A2,M,33,Udupi,Workplace Harassment,825
826,596,A1,M,31,Belagavi,Group Attack (Prior Enmity),826
827,596,A2,M,29,Belagavi,Group Attack (Prior Enmity),827
828,597,A1,F,25,Ramanagara,Known-Person Domestic Abuse,828
829,597,A2,F,29,Ramanagara,Known-Person Domestic Abuse,829
830,598,A1,M,36,Kodagu,Night-time House Break-in,830
831,599,A1,M,37,Belagavi,Shell Company Cheating,831
832,600,A1,M,36,Belagavi,Courier via Public Transport,832
833,600,A2,M,22,Belagavi,Home Cultivation/Storage,833
834,600,A3,M,25,Belagavi,Courier via Public Transport,834
835,601,A1,M,35,Bengaluru Rural,Vehicle Theft (Parked),835
836,602,A1,M,26,Shivamogga,Vehicle Theft (Parked),836
837,602,A2,M,24,Shivamogga,Snatching in Transit,837
838,603,A1,M,16,Chamarajanagar,Weapon-Assisted Assault,838
839,603,A2,M,27,Chamarajanagar,Sudden Armed Assault,839
840,604,A1,M,52,Belagavi,Social Media Impersonation,840
841,604,A2,M,17,Belagavi,Social Media Impersonation,841
842,604,A3,M,49,Belagavi,Fake Investment App,842
843,605,A1,M,46,Belagavi,Night-time House Break-in,843
844,605,A2,M,44,Belagavi,Night-time House Break-in,844
845,605,A3,M,40,Belagavi,Snatching in Transit,845
846,606,A1,M,31,Belagavi,Dowry-Related Coercion,846
847,606,A2,M,48,Belagavi,Known-Person Domestic Abuse,847
848,607,A1,M,24,Kolar,Known-Person Domestic Abuse,848
849,607,A2,M,21,Kolar,Workplace Harassment,849
850,608,A1,M,29,Belagavi,Chit Fund Default,850
851,608,A2,M,31,Belagavi,Shell Company Cheating,851
852,608,A3,F,24,Belagavi,Cheque Bounce Fraud,852
853,609,A1,F,33,Bidar,Cross-Border Transit Route,853
854,610,A1,M,22,Hassan,Chit Fund Default,854
855,611,A1,M,42,Gadag,Confrontation over Dispute,855
856,612,A1,M,27,Haveri,Known-Person Domestic Abuse,856
857,613,A1,M,39,Kolar,Cheque Bounce Fraud,857
858,614,A1,M,34,Kolar,Social Media Impersonation,858
859,615,A1,M,19,Mangaluru (Dakshina Kannada),Night-time House Break-in,859
860,617,A1,M,25,Bengaluru City,Cheque Bounce Fraud,860
861,618,A1,M,35,Kodagu,Group Attack (Prior Enmity),861
862,619,A1,M,48,Bengaluru City,Chit Fund Default,862
863,620,A1,M,21,Bengaluru City,Weapon-Assisted Assault,863
864,621,A1,M,21,Belagavi,Night-time House Break-in,864
865,621,A2,M,28,Belagavi,Snatching in Transit,865
866,621,A3,M,37,Belagavi,Snatching in Transit,866
867,622,A1,M,16,Tumakuru,Group Attack (Prior Enmity),867
868,622,A2,M,33,Tumakuru,Group Attack (Prior Enmity),868
869,623,A1,M,41,Mangaluru (Dakshina Kannada),Shop Lock-Break,869
870,624,A1,M,35,Udupi,Night-time House Break-in,870
871,624,A2,M,38,Udupi,Vehicle Theft (Parked),871
872,624,A3,M,33,Udupi,Shop Lock-Break,872
873,625,A1,F,22,Chikkamagaluru,Weapon-Assisted Assault,873
874,625,A2,M,30,Chikkamagaluru,Sudden Armed Assault,874
875,626,A1,M,29,Gadag,Known-Person Domestic Abuse,875
876,627,A1,M,38,Mangaluru (Dakshina Kannada),Known-Person Domestic Abuse,876
877,628,A1,M,16,Bengaluru Rural,Weapon-Assisted Assault,877
878,629,A1,M,31,Bengaluru Rural,Courier via Public Transport,878
879,629,A2,M,39,Bengaluru Rural,Courier via Public Transport,879
880,630,A1,M,29,Davanagere,Cheque Bounce Fraud,880
881,630,A2,M,30,Davanagere,Shell Company Cheating,881
882,631,A1,M,25,Belagavi,Night-time House Break-in,882
883,631,A2,M,45,Belagavi,Shop Lock-Break,883
884,632,A1,M,16,Hassan,Night-time House Break-in,884
885,633,A1,M,16,Hubballi-Dharwad,Stalking Prior to Offence,885
886,633,A2,M,34,Hubballi-Dharwad,Known-Person Domestic Abuse,886
887,633,A3,F,24,Hubballi-Dharwad,Dowry-Related Coercion,887
888,634,A1,M,30,Udupi,Workplace Harassment,888
889,635,A1,M,22,Bengaluru City,Weapon-Assisted Assault,889
890,636,A1,M,16,Bengaluru Rural,Vehicle Theft (Parked),890
891,636,A2,M,32,Bengaluru Rural,Break-in via Rear Entry,891
892,637,A1,M,26,Hassan,Home Cultivation/Storage,892
893,637,A2,M,34,Hassan,Courier via Public Transport,893
894,638,A1,M,22,Hubballi-Dharwad,Stalking Prior to Offence,894
895,638,A2,M,27,Hubballi-Dharwad,Stalking Prior to Offence,895
896,639,A1,M,21,Bengaluru City,Group Attack (Prior Enmity),896
897,641,A1,M,22,Tumakuru,Social-Media Incited Assembly,897
898,642,A1,M,24,Mandya,Workplace Harassment,898
899,642,A2,M,44,Mandya,Stalking Prior to Offence,899
900,643,A1,M,23,Chamarajanagar,Sudden Armed Assault,900
901,644,A1,M,30,Udupi,Stalking Prior to Offence,901
902,645,A1,M,21,Bidar,Snatching in Transit,902
903,646,A1,M,37,Hassan,Workplace Harassment,903
904,647,A1,M,16,Kodagu,Confrontation over Dispute,904
905,647,A2,M,28,Kodagu,Confrontation over Dispute,905
906,647,A3,F,39,Kodagu,Sudden Armed Assault,906
907,648,A1,M,19,Mangaluru (Dakshina Kannada),Vehicle Theft (Parked),907
908,648,A2,F,27,Mangaluru (Dakshina Kannada),Night-time House Break-in,908
909,648,A3,M,39,Mangaluru (Dakshina Kannada),Snatching in Transit,909
910,650,A1,M,28,Koppal,Chit Fund Default,910
911,650,A2,M,20,Koppal,Cheque Bounce Fraud,911
912,651,A1,F,24,Belagavi,Fake Investment App,912
913,651,A2,M,40,Belagavi,SIM-Swap Fraud,913
914,652,A1,M,24,Hassan,Home Cultivation/Storage,914
915,653,A1,F,26,Belagavi,Weapon-Assisted Assault,915
916,655,A1,F,43,Chamarajanagar,Snatching in Transit,916
917,655,A2,M,53,Chamarajanagar,Snatching in Transit,917
918,656,A1,M,21,Mysuru,Chit Fund Default,918
919,657,A1,M,42,Chikkaballapur,Fake Investment App,919
920,657,A2,M,24,Chikkaballapur,Fake Investment App,920
921,658,A1,M,16,Davanagere,Night-time House Break-in,921
922,658,A2,M,31,Davanagere,Break-in via Rear Entry,922
923,659,A1,M,34,Kolar,Sudden Armed Assault,923
924,659,A2,M,41,Kolar,Sudden Armed Assault,924
925,660,A1,M,16,Belagavi,Weapon-Assisted Assault,925
926,661,A1,M,41,Ballari,Forged Document Trail,926
927,662,A1,M,27,Chamarajanagar,Chit Fund Default,927
928,663,A1,M,21,Belagavi,Workplace Harassment,928
929,663,A2,M,36,Belagavi,Stalking Prior to Offence,929
930,664,A1,M,16,Tumakuru,Dowry-Related Coercion,930
931,664,A2,M,17,Tumakuru,Workplace Harassment,931
932,664,A3,M,19,Tumakuru,Known-Person Domestic Abuse,932
933,665,A1,M,31,Belagavi,Organized Group Mobilization,933
934,666,A1,M,16,Hassan,Known-Person Domestic Abuse,934
935,667,A1,M,29,Davanagere,Stalking Prior to Offence,935
936,668,A1,M,20,Kodagu,Dowry-Related Coercion,936
937,669,A1,M,33,Bengaluru Rural,Cheque Bounce Fraud,937
938,669,A2,M,16,Bengaluru Rural,Chit Fund Default,938
939,670,A1,M,24,Kolar,Stalking Prior to Offence,939
940,671,A1,M,20,Ramanagara,Break-in via Rear Entry,940
941,673,A1,M,33,Raichur,Home Cultivation/Storage,941
942,673,A2,M,33,Raichur,Courier via Public Transport,942
943,674,A1,M,36,Kodagu,Weapon-Assisted Assault,943
944,674,A2,M,34,Kodagu,Weapon-Assisted Assault,944
945,674,A3,M,21,Kodagu,Weapon-Assisted Assault,945
946,675,A1,M,41,Bengaluru Rural,Organized Group Mobilization,946
947,676,A1,M,25,Bengaluru Rural,Vehicle Theft (Parked),947
948,676,A2,M,33,Bengaluru Rural,Snatching in Transit,948
949,676,A3,M,31,Bengaluru Rural,Night-time House Break-in,949
950,677,A1,M,32,Davanagere,Stalking Prior to Offence,950
951,677,A2,M,26,Davanagere,Known-Person Domestic Abuse,951
952,678,A1,F,31,Mysuru,Night-time House Break-in,952
953,679,A1,M,43,Kolar,Cheque Bounce Fraud,953
954,679,A2,M,17,Kolar,Forged Document Trail,954
955,679,A3,M,27,Kolar,Shell Company Cheating,955
956,680,A1,M,39,Mysuru,Group Attack (Prior Enmity),956
957,682,A1,M,48,Belagavi,Known-Person Domestic Abuse,957
958,683,A1,M,27,Davanagere,SIM-Swap Fraud,958
959,683,A2,M,18,Davanagere,SIM-Swap Fraud,959
960,684,A1,M,36,Kodagu,Cheque Bounce Fraud,960
961,685,A1,M,31,Belagavi,Shell Company Cheating,961
962,685,A2,M,27,Belagavi,Shell Company Cheating,962
963,686,A1,M,30,Kodagu,Weapon-Assisted Assault,963
964,687,A1,M,34,Mangaluru (Dakshina Kannada),Fake Investment App,964
965,687,A2,M,27,Mangaluru (Dakshina Kannada),SIM-Swap Fraud,965
966,688,A1,M,37,Vijayapura,Confrontation over Dispute,966
967,689,A1,M,23,Raichur,Shop Lock-Break,967
968,690,A1,M,43,Davanagere,Shop Lock-Break,968
969,691,A1,M,30,Belagavi,Forged Document Trail,969
970,692,A1,M,20,Mangaluru (Dakshina Kannada),Break-in via Rear Entry,970
971,693,A1,M,23,Ballari,Sudden Armed Assault,971
972,694,A1,F,31,Hubballi-Dharwad,Night-time House Break-in,972
973,695,A1,M,23,Belagavi,Social Media Impersonation,973
974,695,A2,M,16,Belagavi,SIM-Swap Fraud,974
975,696,A1,F,25,Bengaluru Rural,Stalking Prior to Offence,975
976,697,A1,M,16,Yadgir,Vehicle Theft (Parked),976
977,697,A2,M,30,Yadgir,Snatching in Transit,977
978,698,A1,M,27,Bengaluru City,Chit Fund Default,978
979,698,A2,M,45,Bengaluru City,Chit Fund Default,979
980,699,A1,M,29,Kodagu,Confrontation over Dispute,980
981,699,A2,M,41,Kodagu,Confrontation over Dispute,981
982,700,A1,M,16,Belagavi,Weapon-Assisted Assault,982
983,700,A2,M,32,Belagavi,Sudden Armed Assault,983
984,701,A1,M,35,Mysuru,Weapon-Assisted Assault,984
985,702,A1,F,22,Hassan,Stalking Prior to Offence,985
986,703,A1,M,16,Haveri,Fake Investment App,986
987,704,A1,M,22,Kalaburagi,Confrontation over Dispute,987
988,705,A1,M,16,Hassan,Dowry-Related Coercion,988
989,705,A2,M,29,Hassan,Workplace Harassment,989
990,706,A1,M,23,Mysuru,Night-time House Break-in,990
991,706,A2,M,16,Mysuru,Break-in via Rear Entry,991
992,707,A1,M,32,Bagalkot,Phishing Link / OTP Fraud,992
993,708,A1,M,37,Bengaluru City,Weapon-Assisted Assault,993
994,708,A2,M,37,Bengaluru City,Confrontation over Dispute,994
995,708,A3,M,31,Bengaluru City,Sudden Armed Assault,995
996,709,A1,M,37,Kodagu,Confrontation over Dispute,996
997,709,A2,M,16,Kodagu,Confrontation over Dispute,997
998,710,A1,M,44,Bengaluru Rural,Home Cultivation/Storage,998
999,711,A1,M,29,Mysuru,Workplace Harassment,999
1000,712,A1,M,37,Belagavi,Forged Document Trail,1000
1001,712,A2,F,32,Belagavi,Forged Document Trail,1001
1002,712,A3,M,45,Belagavi,Cheque Bounce Fraud,1002
1003,713,A1,M,23,Mysuru,Shop Lock-Break,1003
1004,714,A1,M,23,Mangaluru (Dakshina Kannada),Phishing Link / OTP Fraud,1004
1005,714,A2,M,30,Mangaluru (Dakshina Kannada),SIM-Swap Fraud,1005
1006,715,A1,M,25,Bengaluru City,Cross-Border Transit Route,1006
1007,715,A2,M,16,Bengaluru City,Home Cultivation/Storage,1007
1008,716,A1,F,37,Kodagu,Phishing Link / OTP Fraud,1008
1009,717,A1,M,16,Kalaburagi,Vehicle Theft (Parked),1009
1010,717,A2,M,32,Kalaburagi,Vehicle Theft (Parked),1010
1011,718,A1,M,42,Kolar,Dowry-Related Coercion,1011
1012,719,A1,M,37,Davanagere,Workplace Harassment,1012
1013,719,A2,M,25,Davanagere,Workplace Harassment,1013
1014,719,A3,M,38,Davanagere,Workplace Harassment,1014
1015,720,A1,F,16,Mysuru,Workplace Harassment,1015
1016,721,A1,M,23,Davanagere,Confrontation over Dispute,1016
1017,722,A1,M,21,Raichur,Workplace Harassment,1017
1018,723,A1,M,27,Mangaluru (Dakshina Kannada),Weapon-Assisted Assault,1018
1019,723,A2,M,37,Mangaluru (Dakshina Kannada),Weapon-Assisted Assault,1019
1020,723,A3,M,22,Mangaluru (Dakshina Kannada),Weapon-Assisted Assault,1020
1021,724,A1,M,45,Ramanagara,Confrontation over Dispute,1021
1022,724,A2,M,34,Ramanagara,Group Attack (Prior Enmity),1022
1023,726,A1,M,22,Mysuru,Social Media Impersonation,1023
1024,728,A1,M,29,Belagavi,Vehicle Theft (Parked),1024
1025,729,A1,M,22,Bidar,Group Attack (Prior Enmity),1025
1026,729,A2,M,22,Bidar,Sudden Armed Assault,1026
1027,731,A1,M,19,Chamarajanagar,Known-Person Domestic Abuse,1027
1028,732,A1,M,22,Tumakuru,Courier via Public Transport,1028
1029,732,A2,M,22,Tumakuru,Courier via Public Transport,1029
1030,733,A1,M,16,Belagavi,Snatching in Transit,1030
1031,734,A1,M,16,Ramanagara,Group Attack (Prior Enmity),1031
1032,735,A1,M,35,Koppal,Confrontation over Dispute,1032
1033,736,A1,M,36,Chikkamagaluru,Social-Media Incited Assembly,1033
1034,736,A2,M,28,Chikkamagaluru,Organized Group Mobilization,1034
1035,736,A3,M,26,Chikkamagaluru,Organized Group Mobilization,1035
1036,737,A1,M,16,Belagavi,Confrontation over Dispute,1036
1037,738,A1,M,24,Bengaluru City,Known-Person Domestic Abuse,1037
1038,739,A1,M,34,Bengaluru Rural,Phishing Link / OTP Fraud,1038
1039,740,A1,M,38,Bidar,Stalking Prior to Offence,1039
1040,740,A2,M,16,Bidar,Workplace Harassment,1040
1041,741,A1,F,40,Mysuru,Group Attack (Prior Enmity),1041
1042,742,A1,M,35,Belagavi,Social Media Impersonation,1042
1043,744,A1,M,22,Chamarajanagar,Weapon-Assisted Assault,1043
1044,744,A2,M,31,Chamarajanagar,Confrontation over Dispute,1044
1045,746,A1,M,28,Ballari,Confrontation over Dispute,1045
1046,746,A2,M,34,Ballari,Confrontation over Dispute,1046
1047,747,A1,M,24,Kalaburagi,Night-time House Break-in,1047
1048,747,A2,F,25,Kalaburagi,Vehicle Theft (Parked),1048
1049,747,A3,M,29,Kalaburagi,Snatching in Transit,1049
1050,748,A1,M,17,Ballari,Vehicle Theft (Parked),1050
1051,748,A2,M,21,Ballari,Snatching in Transit,1051
1052,748,A3,M,33,Ballari,Vehicle Theft (Parked),1052
1053,749,A1,F,19,Bagalkot,Sudden Armed Assault,1053
1054,750,A1,M,19,Belagavi,Vehicle Theft (Parked),1054
1055,750,A2,M,16,Belagavi,Shop Lock-Break,1055
1056,751,A1,M,28,Davanagere,Sudden Armed Assault,1056
1057,752,A1,F,34,Hubballi-Dharwad,Chit Fund Default,1057
1058,753,A1,M,24,Bengaluru City,Group Attack (Prior Enmity),1058
1059,755,A1,M,31,Bengaluru Rural,Chit Fund Default,1059
1060,756,A1,F,36,Hubballi-Dharwad,Shop Lock-Break,1060
1061,756,A2,M,34,Hubballi-Dharwad,Snatching in Transit,1061
1062,756,A3,M,16,Hubballi-Dharwad,Break-in via Rear Entry,1062
1063,757,A1,M,40,Bidar,Vehicle Theft (Parked),1063
1064,757,A2,M,16,Bidar,Break-in via Rear Entry,1064
1065,758,A1,M,31,Bengaluru City,Weapon-Assisted Assault,1065
1066,759,A1,F,16,Hubballi-Dharwad,Break-in via Rear Entry,1066
1067,760,A1,F,25,Belagavi,Cheque Bounce Fraud,1067
1068,761,A1,M,29,Davanagere,SIM-Swap Fraud,1068
1069,761,A2,F,36,Davanagere,SIM-Swap Fraud,1069
1070,762,A1,M,36,Bengaluru Rural,Chit Fund Default,1070
1071,762,A2,M,32,Bengaluru Rural,Shell Company Cheating,1071
1072,762,A3,M,28,Bengaluru Rural,Forged Document Trail,1072
1073,763,A1,M,29,Bengaluru Rural,Night-time House Break-in,1073
1074,764,A1,F,28,Mysuru,Break-in via Rear Entry,1074
1075,764,A2,M,16,Mysuru,Snatching in Transit,1075
1076,765,A1,M,27,Chitradurga,Weapon-Assisted Assault,1076
1077,766,A1,M,33,Davanagere,Chit Fund Default,1077
1078,768,A1,M,31,Mangaluru (Dakshina Kannada),Sudden Armed Assault,1078
1079,768,A2,F,37,Mangaluru (Dakshina Kannada),Weapon-Assisted Assault,1079
1080,769,A1,F,16,Bengaluru Rural,Group Attack (Prior Enmity),1080
1081,770,A1,M,25,Belagavi,Night-time House Break-in,1081
1082,771,A1,M,26,Kodagu,Snatching in Transit,1082
1083,772,A1,M,38,Haveri,Snatching in Transit,1083
1084,773,A1,F,38,Hubballi-Dharwad,Group Attack (Prior Enmity),1084
1085,773,A2,M,25,Hubballi-Dharwad,Group Attack (Prior Enmity),1085
1086,773,A3,M,29,Hubballi-Dharwad,Sudden Armed Assault,1086
1087,774,A1,M,16,Bagalkot,SIM-Swap Fraud,1087
1088,775,A1,M,31,Belagavi,Workplace Harassment,1088
1089,776,A1,M,28,Hubballi-Dharwad,Chit Fund Default,1089
1090,776,A2,M,16,Hubballi-Dharwad,Chit Fund Default,1090
1091,777,A1,M,31,Shivamogga,Break-in via Rear Entry,1091
1092,777,A2,M,32,Shivamogga,Snatching in Transit,1092
1093,777,A3,F,36,Shivamogga,Break-in via Rear Entry,1093
1094,778,A1,M,16,Bengaluru City,Workplace Harassment,1094
1095,778,A2,M,35,Bengaluru City,Known-Person Domestic Abuse,1095
1096,779,A1,M,22,Kodagu,Snatching in Transit,1096
1097,779,A2,M,24,Kodagu,Break-in via Rear Entry,1097
1098,779,A3,M,21,Kodagu,Shop Lock-Break,1098
1099,780,A1,M,22,Yadgir,Vehicle Theft (Parked),1099
1100,781,A1,M,22,Davanagere,Snatching in Transit,1100
1101,782,A1,M,29,Chikkamagaluru,Confrontation over Dispute,1101
1102,784,A1,M,31,Mangaluru (Dakshina Kannada),Fake Investment App,1102
1103,785,A1,M,42,Yadgir,Break-in via Rear Entry,1103
1104,785,A2,M,16,Yadgir,Night-time House Break-in,1104
1105,787,A1,M,47,Mysuru,Chit Fund Default,1105
1106,787,A2,M,22,Mysuru,Shell Company Cheating,1106
1107,787,A3,M,35,Mysuru,Shell Company Cheating,1107
1108,788,A1,M,18,Hubballi-Dharwad,Weapon-Assisted Assault,1108
1109,789,A1,M,27,Belagavi,Forged Document Trail,1109
1110,789,A2,F,26,Belagavi,Shell Company Cheating,1110
1111,790,A1,F,16,Bengaluru City,SIM-Swap Fraud,1111
1112,790,A2,M,26,Bengaluru City,SIM-Swap Fraud,1112
1113,791,A1,F,43,Mysuru,Social-Media Incited Assembly,1113
1114,793,A1,M,29,Udupi,Chit Fund Default,1114
1115,793,A2,M,28,Udupi,Cheque Bounce Fraud,1115
1116,793,A3,M,25,Udupi,Forged Document Trail,1116
1117,795,A1,M,44,Bengaluru Rural,Night-time House Break-in,1117
1118,795,A2,M,44,Bengaluru Rural,Break-in via Rear Entry,1118
1119,795,A3,M,28,Bengaluru Rural,Break-in via Rear Entry,1119
1120,796,A1,M,20,Vijayapura,Phishing Link / OTP Fraud,1120
1121,798,A1,M,16,Belagavi,Night-time House Break-in,1121
1122,799,A1,M,35,Chitradurga,Shop Lock-Break,1122
1123,800,A1,M,34,Chitradurga,Stalking Prior to Offence,1123
1124,800,A2,M,33,Chitradurga,Known-Person Domestic Abuse,1124
1125,801,A1,M,32,Gadag,Night-time House Break-in,1125
1126,802,A1,M,16,Bengaluru City,Sudden Armed Assault,1126
1127,803,A1,M,37,Mysuru,Home Cultivation/Storage,1127
1128,803,A2,F,43,Mysuru,Cross-Border Transit Route,1128
1129,803,A3,M,37,Mysuru,Cross-Border Transit Route,1129
1130,804,A1,M,27,Bengaluru City,Night-time House Break-in,1130
1131,804,A2,M,29,Bengaluru City,Break-in via Rear Entry,1131
1132,805,A1,M,22,Bengaluru City,Sudden Armed Assault,1132
1133,806,A1,F,22,Bengaluru City,Shop Lock-Break,1133
1134,807,A1,M,45,Udupi,Break-in via Rear Entry,1134
1135,807,A2,M,17,Udupi,Vehicle Theft (Parked),1135
1136,808,A1,F,31,Kolar,Stalking Prior to Offence,1136
1137,808,A2,M,26,Kolar,Workplace Harassment,1137
1138,808,A3,M,38,Kolar,Workplace Harassment,1138
1139,809,A1,M,20,Bengaluru City,Cheque Bounce Fraud,1139
1140,810,A1,M,21,Bengaluru Rural,Dowry-Related Coercion,1140
1141,811,A1,M,45,Kalaburagi,Courier via Public Transport,1141
1142,811,A2,M,21,Kalaburagi,Courier via Public Transport,1142
1143,811,A3,M,38,Kalaburagi,Home Cultivation/Storage,1143
1144,812,A1,M,24,Bengaluru Rural,Stalking Prior to Offence,1144
1145,812,A2,M,25,Bengaluru Rural,Known-Person Domestic Abuse,1145
1146,813,A1,M,31,Mysuru,Fake Investment App,1146
1147,813,A2,M,50,Mysuru,Fake Investment App,1147
1148,814,A1,M,49,Kodagu,Shell Company Cheating,1148
1149,815,A1,M,16,Bengaluru City,Social-Media Incited Assembly,1149
1150,815,A2,F,39,Bengaluru City,Social-Media Incited Assembly,1150
1151,816,A1,F,36,Mangaluru (Dakshina Kannada),Forged Document Trail,1151
1152,816,A2,F,36,Mangaluru (Dakshina Kannada),Shell Company Cheating,1152
1153,817,A1,M,32,Haveri,Phishing Link / OTP Fraud,1153
1154,817,A2,M,28,Haveri,Social Media Impersonation,1154
1155,818,A1,M,41,Bengaluru City,Confrontation over Dispute,1155
1156,819,A1,M,31,Vijayapura,Snatching in Transit,1156
1157,819,A2,M,21,Vijayapura,Snatching in Transit,1157
1158,820,A1,M,22,Davanagere,SIM-Swap Fraud,1158
1159,821,A1,M,21,Tumakuru,Vehicle Theft (Parked),1159
1160,821,A2,F,45,Tumakuru,Shop Lock-Break,1160
1161,822,A1,M,21,Bengaluru Rural,Sudden Armed Assault,1161
1162,823,A1,M,42,Belagavi,Stalking Prior to Offence,1162
1163,825,A1,F,24,Chamarajanagar,Dowry-Related Coercion,1163
1164,826,A1,M,20,Chamarajanagar,Stalking Prior to Offence,1164
1165,826,A2,M,25,Chamarajanagar,Workplace Harassment,1165
1166,826,A3,M,31,Chamarajanagar,Workplace Harassment,1166
1167,827,A1,M,41,Hubballi-Dharwad,Vehicle Theft (Parked),1167
1168,827,A2,M,16,Hubballi-Dharwad,Snatching in Transit,1168
1169,828,A1,M,48,Bengaluru City,Confrontation over Dispute,1169
1170,828,A2,M,26,Bengaluru City,Confrontation over Dispute,1170
1171,828,A3,M,28,Bengaluru City,Weapon-Assisted Assault,1171
1172,829,A1,F,28,Kalaburagi,Home Cultivation/Storage,1172
1173,829,A2,M,29,Kalaburagi,Courier via Public Transport,1173
1174,830,A1,M,19,Belagavi,Vehicle Theft (Parked),1174
1175,830,A2,M,32,Belagavi,Night-time House Break-in,1175
1176,830,A3,M,33,Belagavi,Vehicle Theft (Parked),1176
1177,831,A1,F,34,Belagavi,SIM-Swap Fraud,1177
1178,833,A1,M,16,Hassan,Vehicle Theft (Parked),1178
1179,833,A2,M,19,Hassan,Vehicle Theft (Parked),1179
1180,834,A1,M,25,Kodagu,Fake Investment App,1180
1181,834,A2,F,40,Kodagu,SIM-Swap Fraud,1181
1182,835,A1,F,25,Mangaluru (Dakshina Kannada),Dowry-Related Coercion,1182
1183,836,A1,M,36,Ballari,Group Attack (Prior Enmity),1183
1184,837,A1,M,16,Gadag,Home Cultivation/Storage,1184
1185,838,A1,M,45,Kalaburagi,Confrontation over Dispute,1185
1186,839,A1,M,35,Belagavi,Workplace Harassment,1186
1187,840,A1,M,43,Tumakuru,Cheque Bounce Fraud,1187
1188,842,A1,M,31,Ramanagara,Vehicle Theft (Parked),1188
1189,843,A1,M,19,Bengaluru Rural,Break-in via Rear Entry,1189
1190,844,A1,M,31,Bengaluru Rural,Forged Document Trail,1190
1191,845,A1,M,24,Bengaluru Rural,Known-Person Domestic Abuse,1191
1192,846,A1,M,39,Belagavi,Confrontation over Dispute,1192
1193,847,A1,M,43,Udupi,Snatching in Transit,1193
1194,848,A1,M,41,Chamarajanagar,Snatching in Transit,1194
1195,849,A1,M,32,Hubballi-Dharwad,Confrontation over Dispute,1195
1196,849,A2,M,42,Hubballi-Dharwad,Sudden Armed Assault,1196
1197,850,A1,M,32,Mangaluru (Dakshina Kannada),Night-time House Break-in,1197
1198,851,A1,M,32,Davanagere,Snatching in Transit,1198
1199,851,A2,M,23,Davanagere,Vehicle Theft (Parked),1199
1200,851,A3,F,37,Davanagere,Vehicle Theft (Parked),1200
1201,852,A1,M,43,Bengaluru Rural,Break-in via Rear Entry,1201
1202,853,A1,M,30,Mandya,Group Attack (Prior Enmity),1202
1203,855,A1,M,34,Davanagere,Cheque Bounce Fraud,1203
1204,856,A1,M,44,Bidar,Social Media Impersonation,1204
1205,857,A1,M,35,Hassan,Home Cultivation/Storage,1205
1206,857,A2,M,31,Hassan,Home Cultivation/Storage,1206
1207,858,A1,M,39,Bidar,Social Media Impersonation,1207
1208,859,A1,M,49,Udupi,Group Attack (Prior Enmity),1208
1209,859,A2,M,24,Udupi,Sudden Armed Assault,1209
1210,859,A3,M,34,Udupi,Group Attack (Prior Enmity),1210
1211,860,A1,M,43,Bidar,Dowry-Related Coercion,1211
1212,861,A1,M,26,Raichur,Phishing Link / OTP Fraud,1212
1213,862,A1,M,35,Hubballi-Dharwad,Group Attack (Prior Enmity),1213
1214,863,A1,M,18,Tumakuru,Cross-Border Transit Route,1214
1215,863,A2,M,17,Tumakuru,Cross-Border Transit Route,1215
1216,864,A1,M,31,Mangaluru (Dakshina Kannada),Shell Company Cheating,1216
1217,865,A1,M,24,Bengaluru Rural,Cheque Bounce Fraud,1217
1218,867,A1,M,30,Chikkamagaluru,Vehicle Theft (Parked),1218
1219,868,A1,F,29,Davanagere,Break-in via Rear Entry,1219
1220,869,A1,M,41,Ramanagara,Sudden Armed Assault,1220
1221,869,A2,M,36,Ramanagara,Weapon-Assisted Assault,1221
1222,869,A3,M,30,Ramanagara,Confrontation over Dispute,1222
1223,870,A1,M,24,Belagavi,Group Attack (Prior Enmity),1223
1224,871,A1,M,33,Udupi,Break-in via Rear Entry,1224
1225,871,A2,M,40,Udupi,Vehicle Theft (Parked),1225
1226,871,A3,M,19,Udupi,Shop Lock-Break,1226
1227,872,A1,M,28,Mangaluru (Dakshina Kannada),Night-time House Break-in,1227
1228,872,A2,M,32,Mangaluru (Dakshina Kannada),Night-time House Break-in,1228
1229,873,A1,M,32,Bengaluru Rural,Chit Fund Default,1229
1230,873,A2,M,16,Bengaluru Rural,Shell Company Cheating,1230
1231,874,A1,M,18,Hubballi-Dharwad,Cheque Bounce Fraud,1231
1232,875,A1,M,34,Udupi,Phishing Link / OTP Fraud,1232
1233,876,A1,F,26,Tumakuru,Night-time House Break-in,1233
1234,877,A1,F,21,Kodagu,Break-in via Rear Entry,1234
1235,878,A1,M,20,Bengaluru Rural,Courier via Public Transport,1235
1236,878,A2,M,31,Bengaluru Rural,Courier via Public Transport,1236
1237,879,A1,M,20,Bengaluru Rural,Shell Company Cheating,1237
1238,879,A2,M,36,Bengaluru Rural,Shell Company Cheating,1238
1239,880,A1,M,23,Haveri,Night-time House Break-in,1239
1240,881,A1,F,41,Bengaluru Rural,Dowry-Related Coercion,1240
1241,882,A1,M,27,Ramanagara,Stalking Prior to Offence,1241
1242,883,A1,M,17,Tumakuru,Dowry-Related Coercion,1242
1243,884,A1,M,35,Davanagere,Night-time House Break-in,1243
1244,886,A1,M,19,Kolar,Fake Investment App,1244
1245,887,A1,M,27,Tumakuru,Shop Lock-Break,1245
1246,888,A1,M,27,Chikkamagaluru,Confrontation over Dispute,1246
1247,888,A2,M,32,Chikkamagaluru,Group Attack (Prior Enmity),1247
1248,889,A1,F,35,Udupi,Forged Document Trail,1248
1249,889,A2,M,16,Udupi,Shell Company Cheating,1249
1250,889,A3,M,35,Udupi,Forged Document Trail,1250
1251,890,A1,M,27,Hassan,Forged Document Trail,1251
1252,891,A1,M,28,Bidar,Snatching in Transit,1252
1253,892,A1,M,18,Bengaluru City,Fake Investment App,1253
1254,893,A1,M,39,Belagavi,Workplace Harassment,1254
1255,893,A2,M,29,Belagavi,Known-Person Domestic Abuse,1255
1256,895,A1,M,45,Ramanagara,Confrontation over Dispute,1256
1257,896,A1,F,35,Chamarajanagar,Sudden Armed Assault,1257
1258,896,A2,F,45,Chamarajanagar,Weapon-Assisted Assault,1258
1259,897,A1,F,28,Udupi,Night-time House Break-in,1259
1260,898,A1,M,26,Bengaluru City,Phishing Link / OTP Fraud,1260
1261,898,A2,M,37,Bengaluru City,Social Media Impersonation,1261
1262,899,A1,M,28,Udupi,Confrontation over Dispute,1262
1263,899,A2,M,22,Udupi,Group Attack (Prior Enmity),1263
1264,899,A3,M,23,Udupi,Confrontation over Dispute,1264
1265,900,A1,M,31,Bengaluru City,Sudden Armed Assault,1265
1266,901,A1,M,32,Hubballi-Dharwad,Known-Person Domestic Abuse,1266
1267,902,A1,M,31,Chamarajanagar,Snatching in Transit,1267
1268,903,A1,M,28,Raichur,Shop Lock-Break,1268
1269,905,A1,M,26,Bengaluru Rural,Night-time House Break-in,1269
1270,905,A2,M,21,Bengaluru Rural,Break-in via Rear Entry,1270
1271,906,A1,M,17,Mangaluru (Dakshina Kannada),Dowry-Related Coercion,1271
1272,907,A1,M,36,Haveri,Night-time House Break-in,1272
1273,908,A1,M,23,Hassan,Phishing Link / OTP Fraud,1273
1274,908,A2,M,39,Hassan,Fake Investment App,1274
1275,909,A1,M,35,Bengaluru City,Confrontation over Dispute,1275
1276,909,A2,M,32,Bengaluru City,Confrontation over Dispute,1276
1277,910,A1,F,39,Raichur,Shop Lock-Break,1277
1278,911,A1,M,36,Bagalkot,Forged Document Trail,1278
1279,911,A2,M,29,Bagalkot,Shell Company Cheating,1279
1280,912,A1,M,26,Belagavi,Vehicle Theft (Parked),1280
1281,913,A1,M,29,Chamarajanagar,Break-in via Rear Entry,1281
1282,914,A1,F,19,Belagavi,Weapon-Assisted Assault,1282
1283,915,A1,M,29,Tumakuru,Workplace Harassment,1283
1284,916,A1,M,49,Udupi,Group Attack (Prior Enmity),1284
1285,917,A1,M,17,Belagavi,Shop Lock-Break,1285
1286,917,A2,M,28,Belagavi,Shop Lock-Break,1286
1287,918,A1,M,37,Bengaluru City,Workplace Harassment,1287
1288,918,A2,M,30,Bengaluru City,Stalking Prior to Offence,1288
1289,918,A3,M,26,Bengaluru City,Known-Person Domestic Abuse,1289
1290,919,A1,M,41,Mysuru,Weapon-Assisted Assault,1290
1291,919,A2,M,19,Mysuru,Confrontation over Dispute,1291
1292,920,A1,F,34,Udupi,Shop Lock-Break,1292
1293,920,A2,M,37,Udupi,Night-time House Break-in,1293
1294,922,A1,F,27,Shivamogga,Stalking Prior to Offence,1294
1295,922,A2,M,28,Shivamogga,Known-Person Domestic Abuse,1295
1296,923,A1,M,41,Tumakuru,Vehicle Theft (Parked),1296
1297,924,A1,M,18,Bidar,Fake Investment App,1297
1298,925,A1,M,26,Raichur,Vehicle Theft (Parked),1298
1299,925,A2,M,16,Raichur,Shop Lock-Break,1299
1300,926,A1,M,21,Uttara Kannada,Phishing Link / OTP Fraud,1300
1301,926,A2,F,16,Uttara Kannada,Fake Investment App,1301
1302,928,A1,M,30,Udupi,Social Media Impersonation,1302
1303,928,A2,M,31,Udupi,SIM-Swap Fraud,1303
1304,929,A1,M,37,Mysuru,Forged Document Trail,1304
1305,930,A1,M,25,Belagavi,Break-in via Rear Entry,1305
1306,931,A1,M,29,Tumakuru,Vehicle Theft (Parked),1306
1307,932,A1,M,36,Bengaluru Rural,Social-Media Incited Assembly,1307
1308,932,A2,F,47,Bengaluru Rural,Organized Group Mobilization,1308
1309,933,A1,M,24,Bengaluru City,Break-in via Rear Entry,1309
1310,934,A1,M,31,Bengaluru Rural,Vehicle Theft (Parked),1310
1311,936,A1,M,24,Yadgir,Confrontation over Dispute,1311
1312,936,A2,M,31,Yadgir,Confrontation over Dispute,1312
1313,937,A1,M,21,Kolar,Forged Document Trail,1313
1314,938,A1,M,16,Bidar,Shell Company Cheating,1314
1315,938,A2,M,27,Bidar,Shell Company Cheating,1315
1316,941,A1,M,41,Belagavi,Workplace Harassment,1316
1317,942,A1,M,48,Bengaluru City,Group Attack (Prior Enmity),1317
1318,942,A2,M,26,Bengaluru City,Sudden Armed Assault,1318
1319,943,A1,M,35,Bengaluru City,Weapon-Assisted Assault,1319
1320,943,A2,M,29,Bengaluru City,Weapon-Assisted Assault,1320
1321,944,A1,F,34,Uttara Kannada,Break-in via Rear Entry,1321
1322,945,A1,M,29,Bengaluru Rural,Chit Fund Default,1322
1323,946,A1,M,26,Bengaluru City,Break-in via Rear Entry,1323
1324,947,A1,M,32,Belagavi,Sudden Armed Assault,1324
1325,949,A1,M,22,Bengaluru Rural,Group Attack (Prior Enmity),1325
1326,951,A1,M,33,Koppal,Snatching in Transit,1326
1327,951,A2,M,27,Koppal,Vehicle Theft (Parked),1327
1328,952,A1,M,41,Tumakuru,Dowry-Related Coercion,1328
1329,952,A2,M,51,Tumakuru,Dowry-Related Coercion,1329
1330,953,A1,M,37,Mandya,Dowry-Related Coercion,1330
1331,955,A1,M,28,Belagavi,Cheque Bounce Fraud,1331
1332,955,A2,M,39,Belagavi,Shell Company Cheating,1332
1333,956,A1,M,29,Tumakuru,Sudden Armed Assault,1333
1334,958,A1,M,26,Tumakuru,Vehicle Theft (Parked),1334
1335,959,A1,M,18,Bengaluru City,Shop Lock-Break,1335
1336,959,A2,M,28,Bengaluru City,Break-in via Rear Entry,1336
1337,959,A3,F,16,Bengaluru City,Night-time House Break-in,1337
1338,960,A1,M,22,Ramanagara,Known-Person Domestic Abuse,1338
1339,961,A1,M,51,Chamarajanagar,SIM-Swap Fraud,1339
1340,961,A2,M,45,Chamarajanagar,SIM-Swap Fraud,1340
1341,962,A1,M,25,Mangaluru (Dakshina Kannada),Cross-Border Transit Route,1341
1342,962,A2,M,27,Mangaluru (Dakshina Kannada),Home Cultivation/Storage,1342
1343,963,A1,M,17,Belagavi,Group Attack (Prior Enmity),1343
1344,963,A2,M,22,Belagavi,Weapon-Assisted Assault,1344
1345,965,A1,M,40,Bidar,Snatching in Transit,1345
1346,965,A2,M,30,Bidar,Break-in via Rear Entry,1346
1347,966,A1,M,46,Hassan,Known-Person Domestic Abuse,1347
1348,966,A2,M,20,Hassan,Known-Person Domestic Abuse,1348
1349,967,A1,F,27,Hassan,Vehicle Theft (Parked),1349
1350,969,A1,M,23,Chikkamagaluru,Dowry-Related Coercion,1350
1351,970,A1,M,31,Belagavi,SIM-Swap Fraud,1351
1352,971,A1,M,37,Belagavi,Workplace Harassment,1352
1353,973,A1,M,43,Tumakuru,Workplace Harassment,1353
1354,974,A1,M,38,Koppal,Fake Investment App,1354
1355,976,A1,M,39,Mangaluru (Dakshina Kannada),Cheque Bounce Fraud,1355
1356,976,A2,M,28,Mangaluru (Dakshina Kannada),Shell Company Cheating,1356
1357,976,A3,M,34,Mangaluru (Dakshina Kannada),Chit Fund Default,1357
1358,977,A1,M,44,Hubballi-Dharwad,SIM-Swap Fraud,1358
1359,978,A1,M,35,Mysuru,Stalking Prior to Offence,1359
1360,979,A1,M,31,Ramanagara,Snatching in Transit,1360
1361,979,A2,F,24,Ramanagara,Snatching in Transit,1361
1362,980,A1,M,22,Hassan,Cheque Bounce Fraud,1362
1363,981,A1,M,16,Mangaluru (Dakshina Kannada),Vehicle Theft (Parked),1363
1364,981,A2,M,31,Mangaluru (Dakshina Kannada),Break-in via Rear Entry,1364
1365,981,A3,M,24,Mangaluru (Dakshina Kannada),Vehicle Theft (Parked),1365
1366,982,A1,M,24,Belagavi,Break-in via Rear Entry,1366
1367,982,A2,M,35,Belagavi,Shop Lock-Break,1367
1368,982,A3,M,25,Belagavi,Snatching in Transit,1368
1369,983,A1,M,23,Davanagere,Social Media Impersonation,1369
1370,984,A1,M,30,Hassan,Sudden Armed Assault,1370
1371,984,A2,M,16,Hassan,Confrontation over Dispute,1371
1372,985,A1,M,28,Uttara Kannada,Shop Lock-Break,1372
1373,985,A2,F,27,Uttara Kannada,Night-time House Break-in,1373
1374,986,A1,M,45,Bengaluru City,Break-in via Rear Entry,1374
1375,987,A1,M,26,Bengaluru Rural,Known-Person Domestic Abuse,1375
1376,987,A2,M,26,Bengaluru Rural,Stalking Prior to Offence,1376
1377,988,A1,F,33,Yadgir,Vehicle Theft (Parked),1377
1378,989,A1,M,23,Davanagere,Night-time House Break-in,1378
1379,989,A2,M,42,Davanagere,Shop Lock-Break,1379
1380,989,A3,M,49,Davanagere,Shop Lock-Break,1380
1381,990,A1,M,27,Chamarajanagar,Group Attack (Prior Enmity),1381
1382,990,A2,M,16,Chamarajanagar,Weapon-Assisted Assault,1382
1383,991,A1,M,23,Kalaburagi,Sudden Armed Assault,1383
1384,991,A2,M,39,Kalaburagi,Sudden Armed Assault,1384
1385,991,A3,M,16,Kalaburagi,Confrontation over Dispute,1385
1386,992,A1,M,28,Mysuru,Dowry-Related Coercion,1386
1387,992,A2,M,34,Mysuru,Workplace Harassment,1387
1388,993,A1,M,19,Vijayapura,Group Attack (Prior Enmity),1388
1389,993,A2,F,33,Vijayapura,Group Attack (Prior Enmity),1389
1390,994,A1,M,33,Gadag,Stalking Prior to Offence,1390
1391,994,A2,M,36,Gadag,Dowry-Related Coercion,1391
1392,996,A1,M,19,Bidar,Workplace Harassment,1392
1393,997,A1,M,24,Ballari,Social Media Impersonation,1393
1394,997,A2,M,36,Ballari,SIM-Swap Fraud,1394
1395,998,A1,F,41,Belagavi,SIM-Swap Fraud,1395
1396,1000,A1,M,30,Belagavi,Stalking Prior to Offence,1396
1397,1001,A1,M,31,Belagavi,Organized Group Mobilization,1397
1398,1001,A2,M,36,Belagavi,Organized Group Mobilization,1398
1399,1002,A1,M,36,Belagavi,Courier via Public Transport,1399
1400,1003,A1,M,29,Bengaluru Rural,Known-Person Domestic Abuse,1400
1401,1004,A1,M,29,Uttara Kannada,Group Attack (Prior Enmity),1401
1402,1005,A1,M,19,Belagavi,Courier via Public Transport,1402
1403,1006,A1,M,26,Ramanagara,Dowry-Related Coercion,1403
1404,1006,A2,M,16,Ramanagara,Dowry-Related Coercion,1404
1405,1006,A3,M,42,Ramanagara,Stalking Prior to Offence,1405
1406,1007,A1,M,20,Tumakuru,Vehicle Theft (Parked),1406
1407,1008,A1,F,38,Mysuru,Confrontation over Dispute,1407
1408,1008,A2,M,19,Mysuru,Sudden Armed Assault,1408
1409,1009,A1,M,33,Mangaluru (Dakshina Kannada),Phishing Link / OTP Fraud,1409
1410,1010,A1,F,41,Ballari,Shop Lock-Break,1410
1411,1010,A2,M,31,Ballari,Break-in via Rear Entry,1411
1412,1011,A1,M,33,Bengaluru City,SIM-Swap Fraud,1412
1413,1011,A2,M,19,Bengaluru City,Phishing Link / OTP Fraud,1413
1414,1011,A3,M,31,Bengaluru City,SIM-Swap Fraud,1414
1415,1012,A1,M,16,Davanagere,Confrontation over Dispute,1415
1416,1012,A2,M,24,Davanagere,Sudden Armed Assault,1416
1417,1013,A1,M,27,Gadag,Social Media Impersonation,1417
1418,1014,A1,M,32,Bengaluru City,Shell Company Cheating,1418
1419,1015,A1,M,29,Ballari,Shop Lock-Break,1419
1420,1015,A2,M,34,Ballari,Vehicle Theft (Parked),1420
1421,1016,A1,M,21,Yadgir,Cross-Border Transit Route,1421
1422,1017,A1,M,28,Mysuru,Phishing Link / OTP Fraud,1422
1423,1017,A2,M,45,Mysuru,Phishing Link / OTP Fraud,1423
1424,1018,A1,F,28,Ramanagara,Shell Company Cheating,1424
1425,1019,A1,M,41,Mangaluru (Dakshina Kannada),Shell Company Cheating,1425
1426,1020,A1,M,37,Bengaluru City,Dowry-Related Coercion,1426
1427,1021,A1,M,22,Vijayapura,Courier via Public Transport,1427
1428,1023,A1,M,38,Bengaluru Rural,Weapon-Assisted Assault,1428
1429,1024,A1,F,26,Tumakuru,Workplace Harassment,1429
1430,1024,A2,M,37,Tumakuru,Known-Person Domestic Abuse,1430
1431,1024,A3,M,22,Tumakuru,Stalking Prior to Offence,1431
1432,1025,A1,F,36,Ballari,Group Attack (Prior Enmity),1432
1433,1026,A1,M,41,Yadgir,Shop Lock-Break,1433
1434,1027,A1,M,21,Tumakuru,Fake Investment App,1434
1435,1027,A2,M,33,Tumakuru,SIM-Swap Fraud,1435
1436,1028,A1,M,37,Ramanagara,Known-Person Domestic Abuse,1436
1437,1029,A1,F,29,Davanagere,Sudden Armed Assault,1437
1438,1030,A1,M,16,Chamarajanagar,Chit Fund Default,1438
1439,1032,A1,M,19,Bengaluru City,Known-Person Domestic Abuse,1439
1440,1032,A2,M,16,Bengaluru City,Known-Person Domestic Abuse,1440
1441,1033,A1,M,28,Bengaluru Rural,Cross-Border Transit Route,1441
1442,1033,A2,M,34,Bengaluru Rural,Courier via Public Transport,1442
1443,1035,A1,M,43,Bidar,Night-time House Break-in,1443
1444,1035,A2,M,25,Bidar,Snatching in Transit,1444
1445,1036,A1,M,38,Mangaluru (Dakshina Kannada),SIM-Swap Fraud,1445
1446,1037,A1,M,30,Yadgir,Shell Company Cheating,1446
1447,1038,A1,M,37,Chamarajanagar,Confrontation over Dispute,1447
1448,1038,A2,M,24,Chamarajanagar,Confrontation over Dispute,1448
1449,1039,A1,M,17,Mangaluru (Dakshina Kannada),Forged Document Trail,1449
1450,1040,A1,M,32,Kodagu,Cheque Bounce Fraud,1450
1451,1040,A2,M,34,Kodagu,Forged Document Trail,1451
1452,1041,A1,M,31,Udupi,Stalking Prior to Offence,1452
1453,1042,A1,M,38,Bagalkot,Chit Fund Default,1453
1454,1043,A1,M,26,Kalaburagi,Snatching in Transit,1454
1455,1044,A1,M,23,Shivamogga,Dowry-Related Coercion,1455
1456,1045,A1,M,27,Bidar,Shell Company Cheating,1456
1457,1046,A1,M,42,Bidar,Phishing Link / OTP Fraud,1457
1458,1047,A1,M,37,Kalaburagi,Break-in via Rear Entry,1458
1459,1047,A2,M,16,Kalaburagi,Snatching in Transit,1459
1460,1047,A3,M,22,Kalaburagi,Vehicle Theft (Parked),1460
1461,1048,A1,M,28,Hassan,SIM-Swap Fraud,1461
1462,1048,A2,M,19,Hassan,Social Media Impersonation,1462
1463,1049,A1,M,41,Hassan,Workplace Harassment,1463
1464,1050,A1,M,34,Raichur,Break-in via Rear Entry,1464
1465,1050,A2,F,19,Raichur,Vehicle Theft (Parked),1465
1466,1051,A1,M,25,Raichur,Sudden Armed Assault,1466
1467,1052,A1,M,19,Kalaburagi,Workplace Harassment,1467
1468,1053,A1,M,40,Udupi,Stalking Prior to Offence,1468
1469,1054,A1,M,19,Mangaluru (Dakshina Kannada),Cheque Bounce Fraud,1469
1470,1055,A1,M,26,Davanagere,Dowry-Related Coercion,1470
1471,1056,A1,M,34,Belagavi,Known-Person Domestic Abuse,1471
1472,1056,A2,M,25,Belagavi,Known-Person Domestic Abuse,1472
1473,1057,A1,M,18,Belagavi,SIM-Swap Fraud,1473
1474,1060,A1,M,21,Chamarajanagar,Stalking Prior to Offence,1474
1475,1060,A2,M,44,Chamarajanagar,Dowry-Related Coercion,1475
1476,1060,A3,M,28,Chamarajanagar,Stalking Prior to Offence,1476
1477,1061,A1,M,37,Bengaluru City,Snatching in Transit,1477
1478,1061,A2,M,34,Bengaluru City,Shop Lock-Break,1478
1479,1061,A3,M,25,Bengaluru City,Vehicle Theft (Parked),1479
1480,1062,A1,M,35,Chikkamagaluru,Workplace Harassment,1480
1481,1062,A2,M,32,Chikkamagaluru,Stalking Prior to Offence,1481
1482,1063,A1,M,16,Belagavi,Known-Person Domestic Abuse,1482
1483,1064,A1,M,24,Kalaburagi,Home Cultivation/Storage,1483
1484,1064,A2,M,16,Kalaburagi,Courier via Public Transport,1484
1485,1064,A3,M,26,Kalaburagi,Cross-Border Transit Route,1485
1486,1065,A1,M,28,Bengaluru Rural,Shop Lock-Break,1486
1487,1066,A1,M,31,Ballari,Break-in via Rear Entry,1487
1488,1067,A1,M,21,Bidar,Snatching in Transit,1488
1489,1068,A1,M,33,Davanagere,Known-Person Domestic Abuse,1489
1490,1069,A1,M,26,Bengaluru Rural,Weapon-Assisted Assault,1490
1491,1070,A1,M,47,Hassan,Group Attack (Prior Enmity),1491
1492,1070,A2,M,34,Hassan,Group Attack (Prior Enmity),1492
1493,1071,A1,M,30,Koppal,Group Attack (Prior Enmity),1493
1494,1072,A1,M,51,Mandya,Chit Fund Default,1494
1495,1073,A1,M,29,Kodagu,Night-time House Break-in,1495
1496,1074,A1,F,45,Hassan,Vehicle Theft (Parked),1496
1497,1074,A2,M,39,Hassan,Vehicle Theft (Parked),1497
1498,1075,A1,M,33,Kolar,Confrontation over Dispute,1498
1499,1075,A2,M,27,Kolar,Group Attack (Prior Enmity),1499
1500,1076,A1,M,23,Belagavi,Weapon-Assisted Assault,1500
1501,1077,A1,M,21,Udupi,Social Media Impersonation,1501
1502,1077,A2,F,30,Udupi,Phishing Link / OTP Fraud,1502
1503,1078,A1,M,19,Chamarajanagar,Snatching in Transit,1503
1504,1078,A2,M,30,Chamarajanagar,Night-time House Break-in,1504
1505,1079,A1,M,19,Ramanagara,Shell Company Cheating,1505
1506,1080,A1,M,22,Ballari,Shell Company Cheating,1506
1507,1081,A1,M,31,Gadag,Group Attack (Prior Enmity),1507
1508,1081,A2,M,31,Gadag,Sudden Armed Assault,1508
1509,1081,A3,F,31,Gadag,Sudden Armed Assault,1509
1510,1082,A1,M,19,Chamarajanagar,Home Cultivation/Storage,1510
1511,1083,A1,M,33,Bagalkot,Dowry-Related Coercion,1511
1512,1084,A1,M,22,Belagavi,Sudden Armed Assault,1512
1513,1085,A1,M,29,Mysuru,Stalking Prior to Offence,1513
1514,1086,A1,M,43,Shivamogga,Sudden Armed Assault,1514
1515,1086,A2,M,36,Shivamogga,Weapon-Assisted Assault,1515
1516,1086,A3,M,41,Shivamogga,Group Attack (Prior Enmity),1516
1517,1087,A1,M,25,Hassan,Cross-Border Transit Route,1517
1518,1087,A2,M,35,Hassan,Cross-Border Transit Route,1518
1519,1088,A1,M,33,Belagavi,Social Media Impersonation,1519
1520,1088,A2,M,21,Belagavi,SIM-Swap Fraud,1520
1521,1088,A3,M,51,Belagavi,Social Media Impersonation,1521
1522,1089,A1,M,32,Hassan,Weapon-Assisted Assault,1522
1523,1090,A1,M,50,Davanagere,Break-in via Rear Entry,1523
1524,1091,A1,M,28,Bengaluru Rural,Shop Lock-Break,1524
1525,1092,A1,M,16,Gadag,Confrontation over Dispute,1525
1526,1092,A2,F,34,Gadag,Weapon-Assisted Assault,1526
1527,1094,A1,M,28,Udupi,Group Attack (Prior Enmity),1527
1528,1095,A1,M,16,Kodagu,Confrontation over Dispute,1528
1529,1096,A1,M,36,Bengaluru Rural,Stalking Prior to Offence,1529
1530,1097,A1,M,37,Chamarajanagar,Shell Company Cheating,1530
1531,1098,A1,M,20,Raichur,Group Attack (Prior Enmity),1531
1532,1099,A1,F,30,Ramanagara,Social Media Impersonation,1532
1533,1100,A1,M,31,Hubballi-Dharwad,Vehicle Theft (Parked),1533
1534,1101,A1,M,35,Mysuru,Cheque Bounce Fraud,1534
1535,1101,A2,M,33,Mysuru,Shell Company Cheating,1535
1536,1102,A1,M,35,Bengaluru Rural,Dowry-Related Coercion,1536
1537,1102,A2,M,44,Bengaluru Rural,Workplace Harassment,1537
1538,1102,A3,M,28,Bengaluru Rural,Dowry-Related Coercion,1538
1539,1103,A1,M,24,Belagavi,Confrontation over Dispute,1539
1540,1104,A1,M,26,Belagavi,Known-Person Domestic Abuse,1540
1541,1105,A1,F,20,Belagavi,Snatching in Transit,1541
1542,1106,A1,M,16,Chamarajanagar,Known-Person Domestic Abuse,1542
1543,1108,A1,M,33,Bengaluru City,Shop Lock-Break,1543
1544,1109,A1,M,23,Kalaburagi,Weapon-Assisted Assault,1544
1545,1110,A1,M,27,Belagavi,Vehicle Theft (Parked),1545
1546,1111,A1,M,28,Bengaluru City,Shop Lock-Break,1546
1547,1112,A1,M,23,Udupi,Stalking Prior to Offence,1547
1548,1113,A1,F,24,Ballari,Workplace Harassment,1548
1549,1115,A1,M,25,Koppal,Fake Investment App,1549
1550,1116,A1,M,33,Belagavi,Known-Person Domestic Abuse,1550
1551,1117,A1,M,29,Mysuru,Dowry-Related Coercion,1551
1552,1117,A2,M,21,Mysuru,Known-Person Domestic Abuse,1552
1553,1118,A1,M,22,Hassan,Stalking Prior to Offence,1553
1554,1118,A2,M,33,Hassan,Known-Person Domestic Abuse,1554
1555,1119,A1,M,36,Haveri,Stalking Prior to Offence,1555
1556,1120,A1,F,22,Tumakuru,Sudden Armed Assault,1556
1557,1121,A1,M,39,Gadag,Snatching in Transit,1557
1558,1121,A2,M,46,Gadag,Vehicle Theft (Parked),1558
1559,1122,A1,M,28,Bengaluru Rural,Snatching in Transit,1559
1560,1122,A2,M,43,Bengaluru Rural,Vehicle Theft (Parked),1560
1561,1123,A1,M,20,Kalaburagi,Vehicle Theft (Parked),1561
1562,1124,A1,F,22,Bengaluru Rural,Group Attack (Prior Enmity),1562
1563,1125,A1,M,22,Hubballi-Dharwad,Phishing Link / OTP Fraud,1563
1564,1125,A2,F,20,Hubballi-Dharwad,Social Media Impersonation,1564
1565,1126,A1,M,25,Mangaluru (Dakshina Kannada),Known-Person Domestic Abuse,1565
1566,1128,A1,M,23,Belagavi,Cheque Bounce Fraud,1566
1567,1128,A2,M,28,Belagavi,Chit Fund Default,1567
1568,1129,A1,M,26,Bengaluru City,Chit Fund Default,1568
1569,1130,A1,M,24,Ramanagara,Snatching in Transit,1569
1570,1130,A2,M,38,Ramanagara,Shop Lock-Break,1570
1571,1131,A1,M,40,Mandya,Shop Lock-Break,1571
1572,1132,A1,M,34,Gadag,Weapon-Assisted Assault,1572
1573,1133,A1,M,23,Yadgir,Vehicle Theft (Parked),1573
1574,1134,A1,M,33,Bengaluru City,Known-Person Domestic Abuse,1574
1575,1134,A2,M,35,Bengaluru City,Workplace Harassment,1575
1576,1134,A3,M,27,Bengaluru City,Workplace Harassment,1576
1577,1135,A1,M,27,Raichur,Break-in via Rear Entry,1577
1578,1135,A2,M,17,Raichur,Break-in via Rear Entry,1578
1579,1136,A1,M,42,Bidar,Chit Fund Default,1579
1580,1137,A1,M,36,Bengaluru Rural,Organized Group Mobilization,1580
1581,1139,A1,M,33,Bidar,Shell Company Cheating,1581
1582,1140,A1,M,22,Tumakuru,Courier via Public Transport,1582
1583,1140,A2,M,16,Tumakuru,Home Cultivation/Storage,1583
1584,1141,A1,M,22,Bengaluru Rural,Stalking Prior to Offence,1584
1585,1142,A1,F,26,Bengaluru Rural,Stalking Prior to Offence,1585
1586,1143,A1,M,48,Udupi,Forged Document Trail,1586
1587,1143,A2,M,25,Udupi,Forged Document Trail,1587
1588,1143,A3,F,37,Udupi,Shell Company Cheating,1588
1589,1144,A1,M,34,Mandya,Dowry-Related Coercion,1589
1590,1144,A2,M,21,Mandya,Dowry-Related Coercion,1590
1591,1144,A3,M,20,Mandya,Stalking Prior to Offence,1591
1592,1145,A1,M,29,Mysuru,Vehicle Theft (Parked),1592
1593,1145,A2,F,25,Mysuru,Snatching in Transit,1593
1594,1146,A1,M,33,Kodagu,Social Media Impersonation,1594
1595,1146,A2,M,28,Kodagu,Phishing Link / OTP Fraud,1595
1596,1147,A1,M,39,Bidar,Night-time House Break-in,1596
1597,1147,A2,M,34,Bidar,Night-time House Break-in,1597
1598,1149,A1,M,23,Kodagu,Known-Person Domestic Abuse,1598
1599,1149,A2,M,30,Kodagu,Workplace Harassment,1599
1600,1150,A1,F,32,Vijayapura,Workplace Harassment,1600
1601,1151,A1,M,21,Belagavi,Confrontation over Dispute,1601
1602,1152,A1,M,27,Bengaluru Rural,Confrontation over Dispute,1602
1603,1152,A2,M,33,Bengaluru Rural,Weapon-Assisted Assault,1603
1604,1153,A1,M,16,Hassan,Snatching in Transit,1604
1605,1153,A2,M,32,Hassan,Night-time House Break-in,1605
1606,1153,A3,F,26,Hassan,Vehicle Theft (Parked),1606
1607,1154,A1,M,16,Bengaluru Rural,Workplace Harassment,1607
1608,1154,A2,M,43,Bengaluru Rural,Stalking Prior to Offence,1608
1609,1155,A1,M,45,Belagavi,Forged Document Trail,1609
1610,1155,A2,M,43,Belagavi,Forged Document Trail,1610
1611,1156,A1,M,19,Ramanagara,Weapon-Assisted Assault,1611
1612,1157,A1,M,28,Hassan,Group Attack (Prior Enmity),1612
1613,1158,A1,M,20,Udupi,Snatching in Transit,1613
1614,1159,A1,M,16,Yadgir,Snatching in Transit,1614
1615,1159,A2,M,16,Yadgir,Snatching in Transit,1615
1616,1159,A3,M,24,Yadgir,Night-time House Break-in,1616
1617,1160,A1,M,30,Belagavi,Known-Person Domestic Abuse,1617
1618,1161,A1,M,36,Bengaluru City,Fake Investment App,1618
1619,1162,A1,F,38,Yadgir,Sudden Armed Assault,1619
1620,1163,A1,M,27,Kodagu,Stalking Prior to Offence,1620
1621,1163,A2,F,17,Kodagu,Known-Person Domestic Abuse,1621
1622,1164,A1,M,35,Davanagere,Chit Fund Default,1622
1623,1165,A1,M,33,Bengaluru Rural,Vehicle Theft (Parked),1623
1624,1165,A2,M,21,Bengaluru Rural,Shop Lock-Break,1624
1625,1166,A1,M,32,Mangaluru (Dakshina Kannada),Group Attack (Prior Enmity),1625
1626,1167,A1,M,16,Bengaluru City,Vehicle Theft (Parked),1626
1627,1167,A2,M,37,Bengaluru City,Break-in via Rear Entry,1627
1628,1168,A1,M,29,Chitradurga,Night-time House Break-in,1628
1629,1169,A1,M,33,Belagavi,Shop Lock-Break,1629
1630,1170,A1,M,22,Kodagu,Vehicle Theft (Parked),1630
1631,1170,A2,M,30,Kodagu,Vehicle Theft (Parked),1631
1632,1171,A1,F,30,Hubballi-Dharwad,Vehicle Theft (Parked),1632
1633,1171,A2,M,19,Hubballi-Dharwad,Night-time House Break-in,1633
1634,1172,A1,M,34,Bengaluru Rural,Confrontation over Dispute,1634
1635,1172,A2,F,31,Bengaluru Rural,Weapon-Assisted Assault,1635
1636,1173,A1,M,21,Yadgir,Group Attack (Prior Enmity),1636
1637,1174,A1,M,20,Bengaluru City,Dowry-Related Coercion,1637
1638,1174,A2,M,19,Bengaluru City,Workplace Harassment,1638
1639,1174,A3,M,16,Bengaluru City,Dowry-Related Coercion,1639
1640,1175,A1,M,19,Bengaluru Rural,Home Cultivation/Storage,1640
1641,1177,A1,M,16,Chamarajanagar,Cross-Border Transit Route,1641
1642,1177,A2,M,35,Chamarajanagar,Cross-Border Transit Route,1642
1643,1177,A3,M,41,Chamarajanagar,Cross-Border Transit Route,1643
1644,1178,A1,F,40,Hassan,Home Cultivation/Storage,1644
1645,1178,A2,M,33,Hassan,Courier via Public Transport,1645
1646,1179,A1,M,34,Kodagu,Chit Fund Default,1646
1647,1182,A1,M,21,Belagavi,Social-Media Incited Assembly,1647
1648,1182,A2,M,21,Belagavi,Organized Group Mobilization,1648
1649,1184,A1,M,20,Shivamogga,Snatching in Transit,1649
1650,1185,A1,M,38,Mandya,Confrontation over Dispute,1650
1651,1186,A1,M,32,Bengaluru City,Organized Group Mobilization,1651
1652,1187,A1,M,16,Chikkaballapur,Group Attack (Prior Enmity),1652
1653,1189,A1,M,33,Hassan,Break-in via Rear Entry,1653
1654,1190,A1,M,26,Mysuru,Sudden Armed Assault,1654
1655,1191,A1,M,23,Bengaluru City,Known-Person Domestic Abuse,1655
1656,1192,A1,M,28,Mangaluru (Dakshina Kannada),Sudden Armed Assault,1656
1657,1192,A2,M,20,Mangaluru (Dakshina Kannada),Weapon-Assisted Assault,1657
1658,1192,A3,M,18,Mangaluru (Dakshina Kannada),Confrontation over Dispute,1658
1659,1193,A1,M,39,Udupi,Social Media Impersonation,1659
1660,1193,A2,F,38,Udupi,Fake Investment App,1660
1661,1194,A1,M,44,Udupi,Snatching in Transit,1661
1662,1194,A2,M,25,Udupi,Snatching in Transit,1662
1663,1195,A1,M,31,Bidar,Phishing Link / OTP Fraud,1663
1664,1195,A2,M,33,Bidar,Social Media Impersonation,1664
1665,1196,A1,M,27,Shivamogga,Courier via Public Transport,1665
1666,1197,A1,M,37,Hubballi-Dharwad,Snatching in Transit,1666
1667,1198,A1,M,25,Belagavi,Fake Investment App,1667
1668,1198,A2,M,28,Belagavi,Social Media Impersonation,1668
1669,1199,A1,M,33,Kalaburagi,Shop Lock-Break,1669
1670,1199,A2,M,25,Kalaburagi,Night-time House Break-in,1670
1671,1200,A1,M,18,Chamarajanagar,Social-Media Incited Assembly,1671
1672,1200,A2,M,16,Chamarajanagar,Social-Media Incited Assembly,1672
1673,1200,A3,M,33,Chamarajanagar,Social-Media Incited Assembly,1673
1674,1201,A1,M,57,Bengaluru City,Chit Fund Default,1674
1675,1201,A2,F,31,Bengaluru City,Shell Company Cheating,1675
1676,1202,A1,M,29,Chamarajanagar,Sudden Armed Assault,1676
1677,1203,A1,M,35,Kolar,Social Media Impersonation,1677
1678,1203,A2,M,36,Kolar,Fake Investment App,1678
1679,1204,A1,F,25,Bengaluru Rural,Dowry-Related Coercion,1679
1680,1205,A1,M,16,Bagalkot,Snatching in Transit,1680
1681,1205,A2,M,18,Bagalkot,Night-time House Break-in,1681
1682,1206,A1,F,32,Koppal,Weapon-Assisted Assault,1682
1683,1207,A1,M,31,Mangaluru (Dakshina Kannada),Forged Document Trail,1683
1684,1208,A1,M,40,Ballari,Chit Fund Default,1684
1685,1209,A1,M,46,Belagavi,Stalking Prior to Offence,1685
1686,1210,A1,M,34,Davanagere,Cross-Border Transit Route,1686
1687,1210,A2,M,31,Davanagere,Courier via Public Transport,1687
1688,1211,A1,M,49,Mysuru,Workplace Harassment,1688
1689,1212,A1,M,23,Udupi,Confrontation over Dispute,1689
1690,1213,A1,M,34,Mysuru,Stalking Prior to Offence,1690
1691,1214,A1,M,43,Tumakuru,Break-in via Rear Entry,1691
1692,1215,A1,M,41,Bidar,Snatching in Transit,1692
1693,1215,A2,M,50,Bidar,Night-time House Break-in,1693
1694,1216,A1,M,35,Raichur,SIM-Swap Fraud,1694
1695,1216,A2,M,33,Raichur,Phishing Link / OTP Fraud,1695
1696,1216,A3,M,22,Raichur,Fake Investment App,1696
1697,1217,A1,M,26,Belagavi,Group Attack (Prior Enmity),1697
1698,1218,A1,M,37,Ramanagara,Vehicle Theft (Parked),1698
1699,1219,A1,M,30,Mysuru,Workplace Harassment,1699
1700,1219,A2,M,30,Mysuru,Stalking Prior to Offence,1700
1701,1219,A3,M,18,Mysuru,Workplace Harassment,1701
1702,1220,A1,F,23,Koppal,Snatching in Transit,1702
1703,1220,A2,M,37,Koppal,Snatching in Transit,1703
1704,1221,A1,M,19,Mysuru,Sudden Armed Assault,1704
1705,1221,A2,M,23,Mysuru,Group Attack (Prior Enmity),1705
1706,1221,A3,M,40,Mysuru,Confrontation over Dispute,1706
1707,1222,A1,M,26,Bengaluru City,Break-in via Rear Entry,1707
1708,1223,A1,M,31,Kodagu,Chit Fund Default,1708
1709,1224,A1,M,38,Kolar,Weapon-Assisted Assault,1709
1710,1224,A2,M,53,Kolar,Group Attack (Prior Enmity),1710
1711,1225,A1,M,19,Mangaluru (Dakshina Kannada),Shop Lock-Break,1711
1712,1225,A2,M,19,Mangaluru (Dakshina Kannada),Shop Lock-Break,1712
1713,1226,A1,M,35,Belagavi,Snatching in Transit,1713
1714,1227,A1,M,43,Belagavi,Known-Person Domestic Abuse,1714
1715,1227,A2,M,18,Belagavi,Workplace Harassment,1715
1716,1229,A1,F,27,Hassan,Shop Lock-Break,1716
1717,1229,A2,F,31,Hassan,Vehicle Theft (Parked),1717
1718,1229,A3,M,23,Hassan,Night-time House Break-in,1718
1719,1230,A1,M,45,Kalaburagi,Vehicle Theft (Parked),1719
1720,1231,A1,M,20,Tumakuru,Break-in via Rear Entry,1720
1721,1232,A1,M,39,Hassan,Weapon-Assisted Assault,1721
1722,1233,A1,M,26,Mandya,Break-in via Rear Entry,1722
1723,1234,A1,M,32,Udupi,Break-in via Rear Entry,1723
1724,1234,A2,M,24,Udupi,Vehicle Theft (Parked),1724
1725,1235,A1,M,32,Belagavi,Social Media Impersonation,1725
1726,1236,A1,M,37,Yadgir,Snatching in Transit,1726
1727,1237,A1,M,31,Belagavi,Shop Lock-Break,1727
1728,1238,A1,M,26,Davanagere,Group Attack (Prior Enmity),1728
1729,1240,A1,M,22,Yadgir,Confrontation over Dispute,1729
1730,1240,A2,M,22,Yadgir,Confrontation over Dispute,1730
1731,1241,A1,M,31,Bengaluru Rural,Break-in via Rear Entry,1731
1732,1242,A1,M,23,Hassan,Forged Document Trail,1732
1733,1243,A1,M,30,Gadag,Night-time House Break-in,1733
1734,1244,A1,M,21,Uttara Kannada,Phishing Link / OTP Fraud,1734
1735,1244,A2,M,25,Uttara Kannada,Phishing Link / OTP Fraud,1735
1736,1244,A3,M,31,Uttara Kannada,Social Media Impersonation,1736
1737,1245,A1,M,38,Mangaluru (Dakshina Kannada),Forged Document Trail,1737
1738,1246,A1,M,32,Vijayapura,Shop Lock-Break,1738
1739,1247,A1,M,22,Belagavi,Shop Lock-Break,1739
1740,1248,A1,M,33,Belagavi,Confrontation over Dispute,1740
1741,1249,A1,M,34,Bengaluru City,Snatching in Transit,1741
1742,1249,A2,M,24,Bengaluru City,Shop Lock-Break,1742
1743,1249,A3,M,21,Bengaluru City,Night-time House Break-in,1743
1744,1250,A1,M,35,Yadgir,Social-Media Incited Assembly,1744
1745,1250,A2,M,36,Yadgir,Social-Media Incited Assembly,1745
1746,1250,A3,M,33,Yadgir,Social-Media Incited Assembly,1746
1747,1251,A1,M,26,Davanagere,Vehicle Theft (Parked),1747
1748,1252,A1,F,45,Mangaluru (Dakshina Kannada),Group Attack (Prior Enmity),1748
1749,1253,A1,F,16,Mysuru,Group Attack (Prior Enmity),1749
1750,1254,A1,M,33,Chamarajanagar,Known-Person Domestic Abuse,1750
1751,1255,A1,M,35,Mangaluru (Dakshina Kannada),Dowry-Related Coercion,1751
1752,1256,A1,M,26,Hassan,Chit Fund Default,1752
1753,1257,A1,M,27,Davanagere,Sudden Armed Assault,1753
1754,1258,A1,F,25,Vijayapura,Fake Investment App,1754
1755,1258,A2,M,25,Vijayapura,Social Media Impersonation,1755
1756,1259,A1,M,23,Ballari,Stalking Prior to Offence,1756
1757,1260,A1,F,42,Belagavi,Dowry-Related Coercion,1757
1758,1261,A1,M,36,Kodagu,Vehicle Theft (Parked),1758
1759,1262,A1,M,19,Tumakuru,Home Cultivation/Storage,1759
1760,1262,A2,M,34,Tumakuru,Cross-Border Transit Route,1760
1761,1263,A1,M,43,Chikkamagaluru,Phishing Link / OTP Fraud,1761
1762,1264,A1,M,16,Shivamogga,Cross-Border Transit Route,1762
1763,1265,A1,M,51,Bengaluru Rural,Snatching in Transit,1763
1764,1266,A1,F,16,Kalaburagi,Group Attack (Prior Enmity),1764
1765,1267,A1,M,21,Raichur,Forged Document Trail,1765
1766,1267,A2,M,27,Raichur,Chit Fund Default,1766
1767,1268,A1,M,46,Belagavi,Break-in via Rear Entry,1767
1768,1269,A1,F,29,Belagavi,Confrontation over Dispute,1768
1769,1269,A2,M,16,Belagavi,Group Attack (Prior Enmity),1769
1770,1270,A1,M,35,Ramanagara,Vehicle Theft (Parked),1770
1771,1270,A2,M,29,Ramanagara,Vehicle Theft (Parked),1771
1772,1271,A1,M,33,Mangaluru (Dakshina Kannada),Weapon-Assisted Assault,1772
1773,1272,A1,M,22,Chikkaballapur,Chit Fund Default,1773
1774,1272,A2,M,24,Chikkaballapur,Chit Fund Default,1774
1775,1273,A1,M,29,Shivamogga,Break-in via Rear Entry,1775
1776,1274,A1,M,35,Mysuru,Courier via Public Transport,1776
1777,1274,A2,F,23,Mysuru,Home Cultivation/Storage,1777
1778,1274,A3,M,32,Mysuru,Home Cultivation/Storage,1778
1779,1275,A1,M,16,Ballari,Confrontation over Dispute,1779
1780,1276,A1,M,16,Belagavi,Home Cultivation/Storage,1780
1781,1277,A1,F,20,Udupi,Shell Company Cheating,1781
1782,1278,A1,F,28,Bengaluru Rural,Confrontation over Dispute,1782
1783,1278,A2,M,37,Bengaluru Rural,Confrontation over Dispute,1783
1784,1279,A1,M,27,Kolar,Break-in via Rear Entry,1784
1785,1279,A2,F,21,Kolar,Shop Lock-Break,1785
1786,1282,A1,M,30,Mandya,Courier via Public Transport,1786
1787,1283,A1,M,35,Uttara Kannada,Group Attack (Prior Enmity),1787
1788,1284,A1,M,35,Bidar,Shop Lock-Break,1788
1789,1284,A2,M,16,Bidar,Night-time House Break-in,1789
1790,1284,A3,M,36,Bidar,Snatching in Transit,1790
1791,1285,A1,M,38,Bagalkot,Home Cultivation/Storage,1791
1792,1286,A1,M,18,Bengaluru Rural,Night-time House Break-in,1792
1793,1287,A1,M,37,Belagavi,Organized Group Mobilization,1793
1794,1287,A2,F,31,Belagavi,Organized Group Mobilization,1794
1795,1287,A3,M,40,Belagavi,Social-Media Incited Assembly,1795
1796,1288,A1,M,25,Belagavi,Courier via Public Transport,1796
1797,1289,A1,M,31,Bengaluru Rural,Fake Investment App,1797
1798,1289,A2,M,39,Bengaluru Rural,Social Media Impersonation,1798
1799,1289,A3,M,16,Bengaluru Rural,SIM-Swap Fraud,1799
1800,1291,A1,M,26,Bengaluru Rural,Vehicle Theft (Parked),1800
1801,1293,A1,M,46,Belagavi,Sudden Armed Assault,1801
1802,1294,A1,M,39,Chikkaballapur,Fake Investment App,1802
1803,1295,A1,M,16,Bengaluru Rural,Dowry-Related Coercion,1803
1804,1297,A1,M,16,Raichur,Group Attack (Prior Enmity),1804
1805,1297,A2,M,26,Raichur,Confrontation over Dispute,1805
1806,1297,A3,M,33,Raichur,Weapon-Assisted Assault,1806
1807,1298,A1,M,31,Hassan,Break-in via Rear Entry,1807
1808,1299,A1,M,29,Hubballi-Dharwad,Confrontation over Dispute,1808
1809,1300,A1,M,29,Raichur,Cheque Bounce Fraud,1809
1810,1300,A2,M,24,Raichur,Chit Fund Default,1810
1811,1301,A1,M,16,Kodagu,Vehicle Theft (Parked),1811
1812,1302,A1,M,16,Belagavi,Chit Fund Default,1812
1813,1302,A2,M,36,Belagavi,Shell Company Cheating,1813
1814,1303,A1,M,37,Bengaluru City,Weapon-Assisted Assault,1814
1815,1303,A2,F,16,Bengaluru City,Weapon-Assisted Assault,1815
1816,1303,A3,F,26,Bengaluru City,Confrontation over Dispute,1816
1817,1304,A1,M,26,Bengaluru City,Snatching in Transit,1817
1818,1305,A1,M,52,Belagavi,Group Attack (Prior Enmity),1818
1819,1306,A1,M,22,Ramanagara,Cheque Bounce Fraud,1819
1820,1307,A1,F,16,Udupi,Stalking Prior to Offence,1820
1821,1307,A2,M,26,Udupi,Stalking Prior to Offence,1821
1822,1307,A3,M,26,Udupi,Stalking Prior to Offence,1822
1823,1308,A1,M,39,Koppal,Snatching in Transit,1823
1824,1309,A1,M,26,Shivamogga,Group Attack (Prior Enmity),1824
1825,1310,A1,M,31,Tumakuru,Chit Fund Default,1825
1826,1310,A2,M,17,Tumakuru,Forged Document Trail,1826
1827,1310,A3,M,23,Tumakuru,Chit Fund Default,1827
1828,1312,A1,M,16,Ramanagara,Vehicle Theft (Parked),1828
1829,1312,A2,M,31,Ramanagara,Break-in via Rear Entry,1829
1830,1313,A1,M,25,Shivamogga,Known-Person Domestic Abuse,1830
1831,1314,A1,M,16,Haveri,Vehicle Theft (Parked),1831
1832,1314,A2,M,24,Haveri,Snatching in Transit,1832
1833,1315,A1,M,27,Yadgir,Social-Media Incited Assembly,1833
1834,1315,A2,M,42,Yadgir,Organized Group Mobilization,1834
1835,1316,A1,M,27,Yadgir,Confrontation over Dispute,1835
1836,1316,A2,M,16,Yadgir,Weapon-Assisted Assault,1836
1837,1317,A1,M,16,Bagalkot,Weapon-Assisted Assault,1837
1838,1318,A1,F,34,Ballari,Weapon-Assisted Assault,1838
1839,1318,A2,M,23,Ballari,Weapon-Assisted Assault,1839
1840,1320,A1,M,26,Shivamogga,SIM-Swap Fraud,1840
1841,1321,A1,M,19,Raichur,Confrontation over Dispute,1841
1842,1321,A2,M,16,Raichur,Group Attack (Prior Enmity),1842
1843,1322,A1,F,26,Raichur,Break-in via Rear Entry,1843
1844,1323,A1,M,32,Hassan,Phishing Link / OTP Fraud,1844
1845,1324,A1,M,55,Mangaluru (Dakshina Kannada),Known-Person Domestic Abuse,1845
1846,1324,A2,M,33,Mangaluru (Dakshina Kannada),Stalking Prior to Offence,1846
1847,1324,A3,M,53,Mangaluru (Dakshina Kannada),Dowry-Related Coercion,1847
1848,1325,A1,M,20,Bengaluru Rural,Forged Document Trail,1848
1849,1325,A2,M,16,Bengaluru Rural,Forged Document Trail,1849
1850,1326,A1,M,34,Bengaluru Rural,Fake Investment App,1850
1851,1327,A1,M,30,Chikkamagaluru,Phishing Link / OTP Fraud,1851
1852,1328,A1,M,30,Haveri,Social-Media Incited Assembly,1852
1853,1329,A1,M,16,Chamarajanagar,Shop Lock-Break,1853
1854,1330,A1,M,38,Udupi,Chit Fund Default,1854
1855,1330,A2,M,28,Udupi,Chit Fund Default,1855
1856,1330,A3,F,37,Udupi,Forged Document Trail,1856
1857,1331,A1,M,31,Hubballi-Dharwad,SIM-Swap Fraud,1857
1858,1331,A2,M,30,Hubballi-Dharwad,Phishing Link / OTP Fraud,1858
1859,1332,A1,M,23,Mangaluru (Dakshina Kannada),Forged Document Trail,1859
1860,1332,A2,M,23,Mangaluru (Dakshina Kannada),Cheque Bounce Fraud,1860
1861,1332,A3,M,22,Mangaluru (Dakshina Kannada),Shell Company Cheating,1861
1862,1333,A1,F,22,Hassan,Confrontation over Dispute,1862
1863,1334,A1,M,16,Bengaluru City,SIM-Swap Fraud,1863
1864,1335,A1,M,23,Shivamogga,Night-time House Break-in,1864
1865,1335,A2,M,18,Shivamogga,Shop Lock-Break,1865
1866,1336,A1,M,33,Bengaluru Rural,Stalking Prior to Offence,1866
1867,1337,A1,M,28,Hubballi-Dharwad,Cross-Border Transit Route,1867
1868,1339,A1,M,25,Tumakuru,Group Attack (Prior Enmity),1868
1869,1340,A1,M,28,Kodagu,Break-in via Rear Entry,1869
1870,1342,A1,F,21,Belagavi,Group Attack (Prior Enmity),1870
1871,1342,A2,F,21,Belagavi,Sudden Armed Assault,1871
1872,1344,A1,F,28,Bengaluru City,Shop Lock-Break,1872
1873,1344,A2,M,22,Bengaluru City,Night-time House Break-in,1873
1874,1345,A1,M,32,Vijayapura,Fake Investment App,1874
1875,1345,A2,M,37,Vijayapura,Fake Investment App,1875
1876,1346,A1,M,24,Davanagere,SIM-Swap Fraud,1876
1877,1347,A1,F,24,Davanagere,Group Attack (Prior Enmity),1877
1878,1347,A2,M,23,Davanagere,Sudden Armed Assault,1878
1879,1348,A1,M,28,Kalaburagi,Snatching in Transit,1879
1880,1348,A2,M,30,Kalaburagi,Shop Lock-Break,1880
1881,1350,A1,M,39,Belagavi,Stalking Prior to Offence,1881
1882,1352,A1,M,54,Davanagere,Confrontation over Dispute,1882
1883,1353,A1,M,32,Ballari,Group Attack (Prior Enmity),1883
1884,1353,A2,M,32,Ballari,Sudden Armed Assault,1884
1885,1354,A1,F,19,Kalaburagi,Shell Company Cheating,1885
1886,1355,A1,M,40,Bengaluru City,Shop Lock-Break,1886
1887,1356,A1,M,29,Bengaluru Rural,Weapon-Assisted Assault,1887
1888,1357,A1,F,16,Chamarajanagar,Known-Person Domestic Abuse,1888
1889,1358,A1,M,42,Ballari,Cheque Bounce Fraud,1889
1890,1359,A1,F,23,Bengaluru Rural,Confrontation over Dispute,1890
1891,1360,A1,M,23,Kodagu,Workplace Harassment,1891
1892,1360,A2,M,16,Kodagu,Known-Person Domestic Abuse,1892
1893,1361,A1,M,35,Vijayapura,Break-in via Rear Entry,1893
1894,1362,A1,M,38,Chamarajanagar,Social-Media Incited Assembly,1894
1895,1362,A2,M,42,Chamarajanagar,Social-Media Incited Assembly,1895
1896,1363,A1,F,24,Chamarajanagar,Group Attack (Prior Enmity),1896
1897,1363,A2,M,28,Chamarajanagar,Sudden Armed Assault,1897
1898,1364,A1,M,35,Gadag,Cross-Border Transit Route,1898
1899,1365,A1,M,27,Hassan,Shop Lock-Break,1899
1900,1365,A2,M,26,Hassan,Snatching in Transit,1900
1901,1367,A1,M,40,Bagalkot,Night-time House Break-in,1901
1902,1368,A1,M,24,Belagavi,Fake Investment App,1902
1903,1369,A1,M,31,Chikkamagaluru,Phishing Link / OTP Fraud,1903
1904,1369,A2,M,36,Chikkamagaluru,Fake Investment App,1904
1905,1370,A1,M,25,Belagavi,Snatching in Transit,1905
1906,1370,A2,M,25,Belagavi,Vehicle Theft (Parked),1906
1907,1370,A3,M,20,Belagavi,Break-in via Rear Entry,1907
1908,1371,A1,M,21,Bidar,Stalking Prior to Offence,1908
1909,1371,A2,M,40,Bidar,Dowry-Related Coercion,1909
1910,1371,A3,M,21,Bidar,Stalking Prior to Offence,1910
1911,1372,A1,M,32,Belagavi,Confrontation over Dispute,1911
1912,1373,A1,M,37,Gadag,Dowry-Related Coercion,1912
1913,1374,A1,M,27,Mysuru,Fake Investment App,1913
1914,1374,A2,M,30,Mysuru,Phishing Link / OTP Fraud,1914
1915,1375,A1,M,30,Raichur,Shop Lock-Break,1915
1916,1375,A2,F,24,Raichur,Night-time House Break-in,1916
1917,1376,A1,M,23,Belagavi,Home Cultivation/Storage,1917
1918,1377,A1,F,32,Gadag,Group Attack (Prior Enmity),1918
1919,1378,A1,M,30,Mangaluru (Dakshina Kannada),Home Cultivation/Storage,1919
1920,1378,A2,M,22,Mangaluru (Dakshina Kannada),Courier via Public Transport,1920
1921,1378,A3,M,19,Mangaluru (Dakshina Kannada),Cross-Border Transit Route,1921
1922,1379,A1,M,28,Chamarajanagar,Sudden Armed Assault,1922
1923,1379,A2,M,37,Chamarajanagar,Weapon-Assisted Assault,1923
1924,1380,A1,M,36,Bengaluru Rural,Group Attack (Prior Enmity),1924
1925,1381,A1,M,16,Hubballi-Dharwad,Snatching in Transit,1925
1926,1382,A1,M,16,Mandya,Confrontation over Dispute,1926
1927,1383,A1,M,26,Davanagere,Dowry-Related Coercion,1927
1928,1383,A2,M,24,Davanagere,Known-Person Domestic Abuse,1928
1929,1384,A1,M,32,Chamarajanagar,Dowry-Related Coercion,1929
1930,1385,A1,F,34,Ramanagara,Workplace Harassment,1930
1931,1387,A1,M,33,Mangaluru (Dakshina Kannada),Confrontation over Dispute,1931
1932,1387,A2,M,41,Mangaluru (Dakshina Kannada),Weapon-Assisted Assault,1932
1933,1388,A1,M,16,Udupi,Fake Investment App,1933
1934,1388,A2,M,33,Udupi,Social Media Impersonation,1934
1935,1389,A1,M,39,Belagavi,SIM-Swap Fraud,1935
1936,1390,A1,M,24,Koppal,SIM-Swap Fraud,1936
1937,1391,A1,M,29,Ramanagara,Vehicle Theft (Parked),1937
1938,1391,A2,M,20,Ramanagara,Snatching in Transit,1938
1939,1392,A1,M,40,Hubballi-Dharwad,SIM-Swap Fraud,1939
1940,1392,A2,M,16,Hubballi-Dharwad,Phishing Link / OTP Fraud,1940
1941,1393,A1,M,30,Kolar,Night-time House Break-in,1941
1942,1394,A1,M,18,Chikkamagaluru,Phishing Link / OTP Fraud,1942
1943,1394,A2,M,28,Chikkamagaluru,Phishing Link / OTP Fraud,1943
1944,1394,A3,M,20,Chikkamagaluru,Social Media Impersonation,1944
1945,1395,A1,F,27,Mangaluru (Dakshina Kannada),Group Attack (Prior Enmity),1945
1946,1395,A2,M,26,Mangaluru (Dakshina Kannada),Group Attack (Prior Enmity),1946
1947,1396,A1,M,16,Bengaluru City,Stalking Prior to Offence,1947
1948,1398,A1,M,38,Bengaluru Rural,Group Attack (Prior Enmity),1948
1949,1399,A1,F,27,Bidar,Confrontation over Dispute,1949
1950,1401,A1,M,29,Kolar,Weapon-Assisted Assault,1950
1951,1402,A1,M,34,Tumakuru,Weapon-Assisted Assault,1951
1952,1403,A1,M,40,Chamarajanagar,Stalking Prior to Offence,1952
1953,1403,A2,M,16,Chamarajanagar,Known-Person Domestic Abuse,1953
1954,1403,A3,M,18,Chamarajanagar,Stalking Prior to Offence,1954
1955,1404,A1,M,39,Gadag,Chit Fund Default,1955
1956,1404,A2,M,17,Gadag,Forged Document Trail,1956
1957,1405,A1,M,36,Kodagu,Sudden Armed Assault,1957
1958,1405,A2,M,36,Kodagu,Group Attack (Prior Enmity),1958
1959,1405,A3,M,39,Kodagu,Sudden Armed Assault,1959
1960,1406,A1,M,45,Belagavi,Break-in via Rear Entry,1960
1961,1406,A2,F,16,Belagavi,Night-time House Break-in,1961
1962,1406,A3,F,37,Belagavi,Night-time House Break-in,1962
1963,1407,A1,M,39,Bengaluru Rural,Fake Investment App,1963
1964,1408,A1,M,31,Raichur,Known-Person Domestic Abuse,1964
1965,1409,A1,M,30,Chikkaballapur,Break-in via Rear Entry,1965
1966,1410,A1,M,25,Mangaluru (Dakshina Kannada),SIM-Swap Fraud,1966
1967,1411,A1,M,38,Davanagere,Group Attack (Prior Enmity),1967
1968,1412,A1,M,37,Davanagere,Forged Document Trail,1968
1969,1413,A1,M,25,Bengaluru City,Known-Person Domestic Abuse,1969
1970,1413,A2,F,17,Bengaluru City,Known-Person Domestic Abuse,1970
1971,1414,A1,M,28,Kalaburagi,Known-Person Domestic Abuse,1971
1972,1415,A1,F,24,Kodagu,Chit Fund Default,1972
1973,1415,A2,M,47,Kodagu,Cheque Bounce Fraud,1973
1974,1415,A3,M,27,Kodagu,Shell Company Cheating,1974
1975,1416,A1,M,27,Belagavi,Social Media Impersonation,1975
1976,1417,A1,M,20,Mangaluru (Dakshina Kannada),Confrontation over Dispute,1976
1977,1419,A1,M,16,Tumakuru,Sudden Armed Assault,1977
1978,1420,A1,M,29,Davanagere,Group Attack (Prior Enmity),1978
1979,1420,A2,M,43,Davanagere,Confrontation over Dispute,1979
1980,1420,A3,F,43,Davanagere,Confrontation over Dispute,1980
1981,1421,A1,M,25,Mysuru,Weapon-Assisted Assault,1981
1982,1422,A1,M,29,Bidar,Cheque Bounce Fraud,1982
1983,1423,A1,M,21,Bidar,Stalking Prior to Offence,1983
1984,1424,A1,M,27,Davanagere,Cross-Border Transit Route,1984
1985,1425,A1,M,21,Mysuru,Home Cultivation/Storage,1985
1986,1426,A1,M,16,Davanagere,Shop Lock-Break,1986
1987,1427,A1,F,40,Raichur,Stalking Prior to Offence,1987
1988,1428,A1,M,32,Chitradurga,Break-in via Rear Entry,1988
1989,1428,A2,M,37,Chitradurga,Break-in via Rear Entry,1989
1990,1428,A3,M,40,Chitradurga,Night-time House Break-in,1990
1991,1429,A1,M,28,Yadgir,Vehicle Theft (Parked),1991
1992,1430,A1,M,36,Haveri,Stalking Prior to Offence,1992
1993,1431,A1,M,24,Udupi,Group Attack (Prior Enmity),1993
1994,1432,A1,M,29,Chikkamagaluru,Sudden Armed Assault,1994
1995,1434,A1,F,32,Mysuru,Shop Lock-Break,1995
1996,1434,A2,M,28,Mysuru,Snatching in Transit,1996
1997,1435,A1,M,28,Koppal,SIM-Swap Fraud,1997
1998,1435,A2,M,16,Koppal,SIM-Swap Fraud,1998
1999,1435,A3,F,36,Koppal,SIM-Swap Fraud,1999
2000,1436,A1,F,39,Chamarajanagar,Confrontation over Dispute,2000
2001,1437,A1,M,18,Bidar,Group Attack (Prior Enmity),2001
2002,1438,A1,M,22,Belagavi,SIM-Swap Fraud,2002
2003,1439,A1,M,28,Kolar,Fake Investment App,2003
2004,1439,A2,M,28,Kolar,Social Media Impersonation,2004
2005,1441,A1,M,23,Tumakuru,Stalking Prior to Offence,2005
2006,1442,A1,M,24,Shivamogga,Shell Company Cheating,2006
2007,1442,A2,M,37,Shivamogga,Chit Fund Default,2007
2008,1443,A1,M,39,Chamarajanagar,Weapon-Assisted Assault,2008
2009,1444,A1,M,32,Tumakuru,Break-in via Rear Entry,2009
2010,1444,A2,M,37,Tumakuru,Shop Lock-Break,2010
2011,1446,A1,M,31,Kodagu,Confrontation over Dispute,2011
2012,1446,A2,M,26,Kodagu,Confrontation over Dispute,2012
2013,1447,A1,M,16,Mysuru,Confrontation over Dispute,2013
2014,1448,A1,M,33,Belagavi,Snatching in Transit,2014
2015,1448,A2,M,37,Belagavi,Snatching in Transit,2015
2016,1449,A1,M,27,Belagavi,Break-in via Rear Entry,2016
2017,1449,A2,M,44,Belagavi,Night-time House Break-in,2017
2018,1449,A3,M,40,Belagavi,Night-time House Break-in,2018
2019,1451,A1,M,32,Davanagere,Vehicle Theft (Parked),2019
2020,1452,A1,F,28,Bengaluru City,Shell Company Cheating,2020
2021,1452,A2,M,20,Bengaluru City,Chit Fund Default,2021
2022,1452,A3,F,36,Bengaluru City,Cheque Bounce Fraud,2022
2023,1453,A1,M,29,Vijayapura,Break-in via Rear Entry,2023
2024,1453,A2,M,49,Vijayapura,Night-time House Break-in,2024
2025,1454,A1,M,16,Davanagere,Stalking Prior to Offence,2025
2026,1455,A1,M,17,Davanagere,Shop Lock-Break,2026
2027,1455,A2,M,51,Davanagere,Snatching in Transit,2027
2028,1455,A3,M,35,Davanagere,Break-in via Rear Entry,2028
2029,1456,A1,M,29,Belagavi,Vehicle Theft (Parked),2029
2030,1456,A2,M,37,Belagavi,Vehicle Theft (Parked),2030
2031,1456,A3,M,27,Belagavi,Snatching in Transit,2031
2032,1457,A1,M,34,Mandya,Shell Company Cheating,2032
2033,1458,A1,M,23,Ramanagara,Forged Document Trail,2033
2034,1459,A1,M,16,Chamarajanagar,Shop Lock-Break,2034
2035,1459,A2,M,26,Chamarajanagar,Vehicle Theft (Parked),2035
2036,1460,A1,M,16,Kodagu,Social Media Impersonation,2036
2037,1461,A1,M,22,Belagavi,Dowry-Related Coercion,2037
2038,1461,A2,M,41,Belagavi,Stalking Prior to Offence,2038
2039,1461,A3,M,32,Belagavi,Dowry-Related Coercion,2039
2040,1462,A1,M,33,Mysuru,Shell Company Cheating,2040
2041,1463,A1,M,34,Bengaluru City,Break-in via Rear Entry,2041
2042,1463,A2,F,24,Bengaluru City,Shop Lock-Break,2042
2043,1464,A1,F,35,Ramanagara,Group Attack (Prior Enmity),2043
2044,1464,A2,M,40,Ramanagara,Confrontation over Dispute,2044
2045,1465,A1,M,42,Yadgir,Cheque Bounce Fraud,2045
2046,1465,A2,F,22,Yadgir,Forged Document Trail,2046
2047,1465,A3,F,25,Yadgir,Cheque Bounce Fraud,2047
2048,1466,A1,M,34,Chamarajanagar,Weapon-Assisted Assault,2048
2049,1467,A1,M,45,Davanagere,Night-time House Break-in,2049
2050,1467,A2,M,24,Davanagere,Shop Lock-Break,2050
2051,1468,A1,F,24,Belagavi,Workplace Harassment,2051
2052,1469,A1,M,29,Udupi,Snatching in Transit,2052
2053,1469,A2,M,34,Udupi,Snatching in Transit,2053
2054,1469,A3,M,22,Udupi,Snatching in Transit,2054
2055,1470,A1,M,42,Belagavi,Night-time House Break-in,2055
2056,1470,A2,M,27,Belagavi,Vehicle Theft (Parked),2056
2057,1471,A1,M,35,Tumakuru,Night-time House Break-in,2057
2058,1472,A1,M,31,Haveri,Weapon-Assisted Assault,2058
2059,1472,A2,M,16,Haveri,Weapon-Assisted Assault,2059
2060,1473,A1,M,16,Hassan,Weapon-Assisted Assault,2060
2061,1474,A1,M,16,Hassan,Sudden Armed Assault,2061
2062,1475,A1,M,35,Chamarajanagar,Cross-Border Transit Route,2062
2063,1476,A1,F,30,Ballari,Shell Company Cheating,2063
2064,1477,A1,M,38,Hassan,Forged Document Trail,2064
2065,1478,A1,F,30,Raichur,Stalking Prior to Offence,2065
2066,1478,A2,M,28,Raichur,Stalking Prior to Offence,2066
2067,1479,A1,M,29,Mangaluru (Dakshina Kannada),Social Media Impersonation,2067
2068,1480,A1,M,22,Kodagu,Vehicle Theft (Parked),2068
2069,1480,A2,M,23,Kodagu,Vehicle Theft (Parked),2069
2070,1481,A1,F,37,Tumakuru,Group Attack (Prior Enmity),2070
2071,1482,A1,M,37,Bengaluru Rural,Confrontation over Dispute,2071
2072,1483,A1,M,39,Bengaluru Rural,Group Attack (Prior Enmity),2072
2073,1484,A1,M,32,Raichur,Group Attack (Prior Enmity),2073
2074,1486,A1,M,40,Chamarajanagar,Shop Lock-Break,2074
2075,1487,A1,F,34,Udupi,Courier via Public Transport,2075
2076,1487,A2,M,32,Udupi,Cross-Border Transit Route,2076
2077,1488,A1,M,16,Hubballi-Dharwad,Vehicle Theft (Parked),2077
2078,1488,A2,M,52,Hubballi-Dharwad,Break-in via Rear Entry,2078
2079,1489,A1,M,31,Hassan,Group Attack (Prior Enmity),2079
2080,1489,A2,M,37,Hassan,Weapon-Assisted Assault,2080
2081,1489,A3,F,28,Hassan,Group Attack (Prior Enmity),2081
2082,1490,A1,M,29,Mangaluru (Dakshina Kannada),Vehicle Theft (Parked),2082
2083,1491,A1,M,23,Belagavi,Night-time House Break-in,2083
2084,1492,A1,M,18,Bengaluru City,Shop Lock-Break,2084
2085,1492,A2,M,25,Bengaluru City,Shop Lock-Break,2085
2086,1493,A1,M,39,Bengaluru City,Chit Fund Default,2086
2087,1493,A2,M,51,Bengaluru City,Forged Document Trail,2087
2088,1493,A3,M,29,Bengaluru City,Forged Document Trail,2088
2089,1494,A1,M,34,Davanagere,Shop Lock-Break,2089
2090,1495,A1,M,38,Chikkaballapur,Vehicle Theft (Parked),2090
2091,1495,A2,M,40,Chikkaballapur,Shop Lock-Break,2091
2092,1496,A1,M,39,Shivamogga,Dowry-Related Coercion,2092
2093,1496,A2,M,28,Shivamogga,Stalking Prior to Offence,2093
2094,1497,A1,F,25,Hassan,Vehicle Theft (Parked),2094
2095,1498,A1,M,42,Bengaluru Rural,Break-in via Rear Entry,2095
2096,1499,A1,M,41,Yadgir,Phishing Link / OTP Fraud,2096
2097,1500,A1,M,29,Mysuru,Stalking Prior to Offence,2097
2098,1500,A2,M,36,Mysuru,Dowry-Related Coercion,2098
2099,1500,A3,M,22,Mysuru,Stalking Prior to Offence,2099
2100,1501,A1,M,18,Shivamogga,Sudden Armed Assault,2100
2101,1501,A2,M,41,Shivamogga,Weapon-Assisted Assault,2101
2102,1502,A1,M,20,Bengaluru City,Sudden Armed Assault,2102
2103,1503,A1,M,20,Ballari,Phishing Link / OTP Fraud,2103
2104,1503,A2,M,16,Ballari,Social Media Impersonation,2104
2105,1503,A3,M,25,Ballari,Phishing Link / OTP Fraud,2105
2106,1504,A1,M,26,Hassan,Cheque Bounce Fraud,2106
2107,1505,A1,M,31,Chamarajanagar,Weapon-Assisted Assault,2107
2108,1505,A2,M,30,Chamarajanagar,Weapon-Assisted Assault,2108
2109,1507,A1,M,23,Davanagere,Stalking Prior to Offence,2109
2110,1507,A2,M,29,Davanagere,Dowry-Related Coercion,2110
2111,1508,A1,M,27,Gadag,Known-Person Domestic Abuse,2111
2112,1509,A1,M,25,Kolar,Group Attack (Prior Enmity),2112
2113,1509,A2,M,28,Kolar,Group Attack (Prior Enmity),2113
2114,1512,A1,M,39,Vijayapura,SIM-Swap Fraud,2114
2115,1512,A2,M,25,Vijayapura,Fake Investment App,2115
2116,1512,A3,F,18,Vijayapura,SIM-Swap Fraud,2116
2117,1513,A1,M,21,Chamarajanagar,Shop Lock-Break,2117
2118,1513,A2,F,25,Chamarajanagar,Night-time House Break-in,2118
2119,1513,A3,M,29,Chamarajanagar,Night-time House Break-in,2119
2120,1514,A1,M,34,Ramanagara,Vehicle Theft (Parked),2120
2121,1514,A2,M,32,Ramanagara,Night-time House Break-in,2121
2122,1515,A1,M,33,Bagalkot,Confrontation over Dispute,2122
2123,1516,A1,M,21,Haveri,Sudden Armed Assault,2123
2124,1517,A1,M,24,Belagavi,Known-Person Domestic Abuse,2124
2125,1518,A1,M,37,Davanagere,Forged Document Trail,2125
2126,1519,A1,M,29,Shivamogga,Weapon-Assisted Assault,2126
2127,1520,A1,M,26,Bengaluru Rural,Snatching in Transit,2127
2128,1520,A2,M,28,Bengaluru Rural,Break-in via Rear Entry,2128
2129,1521,A1,M,17,Belagavi,Known-Person Domestic Abuse,2129
2130,1522,A1,M,23,Tumakuru,Known-Person Domestic Abuse,2130
2131,1523,A1,M,22,Chamarajanagar,Courier via Public Transport,2131
2132,1524,A1,M,24,Chamarajanagar,Break-in via Rear Entry,2132
2133,1525,A1,M,30,Shivamogga,Social Media Impersonation,2133
2134,1526,A1,M,16,Bengaluru City,Social Media Impersonation,2134
2135,1527,A1,F,23,Bengaluru Rural,Shop Lock-Break,2135
2136,1528,A1,M,16,Mangaluru (Dakshina Kannada),Phishing Link / OTP Fraud,2136
2137,1529,A1,M,18,Hassan,Shell Company Cheating,2137
2138,1529,A2,M,34,Hassan,Cheque Bounce Fraud,2138
2139,1530,A1,M,47,Kodagu,Shop Lock-Break,2139
2140,1531,A1,M,38,Bengaluru Rural,Break-in via Rear Entry,2140
2141,1531,A2,M,20,Bengaluru Rural,Night-time House Break-in,2141
2142,1532,A1,F,60,Kodagu,Stalking Prior to Offence,2142
2143,1532,A2,M,29,Kodagu,Stalking Prior to Offence,2143
2144,1532,A3,F,16,Kodagu,Workplace Harassment,2144
2145,1533,A1,M,33,Yadgir,Night-time House Break-in,2145
2146,1533,A2,M,26,Yadgir,Shop Lock-Break,2146
2147,1534,A1,M,17,Bengaluru City,Night-time House Break-in,2147
2148,1535,A1,M,21,Bengaluru City,Dowry-Related Coercion,2148
2149,1536,A1,M,21,Ramanagara,Group Attack (Prior Enmity),2149
2150,1536,A2,F,42,Ramanagara,Sudden Armed Assault,2150
2151,1537,A1,M,17,Bengaluru Rural,Shop Lock-Break,2151
2152,1538,A1,M,31,Belagavi,Known-Person Domestic Abuse,2152
2153,1539,A1,M,43,Hubballi-Dharwad,Organized Group Mobilization,2153
2154,1539,A2,M,33,Hubballi-Dharwad,Social-Media Incited Assembly,2154
2155,1540,A1,M,41,Bengaluru City,Sudden Armed Assault,2155
2156,1541,A1,M,41,Kodagu,Confrontation over Dispute,2156
2157,1542,A1,M,23,Hassan,Night-time House Break-in,2157
2158,1543,A1,M,21,Bengaluru City,Snatching in Transit,2158
2159,1544,A1,M,35,Davanagere,Stalking Prior to Offence,2159
2160,1545,A1,F,17,Tumakuru,Shop Lock-Break,2160
2161,1546,A1,M,26,Bengaluru City,Shop Lock-Break,2161
2162,1547,A1,M,30,Bagalkot,Shop Lock-Break,2162
2163,1548,A1,M,25,Yadgir,Confrontation over Dispute,2163
2164,1549,A1,F,37,Mysuru,Break-in via Rear Entry,2164
2165,1549,A2,M,18,Mysuru,Snatching in Transit,2165
2166,1550,A1,M,36,Hubballi-Dharwad,Group Attack (Prior Enmity),2166
2167,1552,A1,M,23,Mangaluru (Dakshina Kannada),Group Attack (Prior Enmity),2167
2168,1553,A1,M,19,Ramanagara,Chit Fund Default,2168
2169,1553,A2,M,22,Ramanagara,Shell Company Cheating,2169
2170,1554,A1,M,29,Ramanagara,Night-time House Break-in,2170
2171,1556,A1,M,16,Kodagu,Chit Fund Default,2171
2172,1557,A1,M,27,Davanagere,SIM-Swap Fraud,2172
2173,1558,A1,M,29,Ramanagara,Confrontation over Dispute,2173
2174,1559,A1,M,38,Kalaburagi,Sudden Armed Assault,2174
2175,1560,A1,M,37,Tumakuru,Snatching in Transit,2175
2176,1560,A2,M,31,Tumakuru,Shop Lock-Break,2176
2177,1561,A1,M,31,Vijayapura,Stalking Prior to Offence,2177
2178,1561,A2,M,16,Vijayapura,Workplace Harassment,2178
2179,1562,A1,M,26,Raichur,Cheque Bounce Fraud,2179
2180,1562,A2,M,16,Raichur,Forged Document Trail,2180
2181,1563,A1,M,37,Vijayapura,Night-time House Break-in,2181
2182,1563,A2,M,36,Vijayapura,Shop Lock-Break,2182
2183,1563,A3,M,28,Vijayapura,Night-time House Break-in,2183
2184,1564,A1,M,16,Tumakuru,Social Media Impersonation,2184
2185,1564,A2,M,34,Tumakuru,Fake Investment App,2185
2186,1564,A3,M,20,Tumakuru,Social Media Impersonation,2186
2187,1565,A1,M,26,Bidar,Chit Fund Default,2187
2188,1566,A1,M,43,Chamarajanagar,Stalking Prior to Offence,2188
2189,1566,A2,M,31,Chamarajanagar,Stalking Prior to Offence,2189
2190,1567,A1,M,41,Chikkamagaluru,Confrontation over Dispute,2190
2191,1568,A1,M,16,Tumakuru,Vehicle Theft (Parked),2191
2192,1569,A1,M,37,Belagavi,Cross-Border Transit Route,2192
2193,1569,A2,M,29,Belagavi,Cross-Border Transit Route,2193
2194,1570,A1,M,29,Mandya,Snatching in Transit,2194
2195,1571,A1,F,40,Hassan,Confrontation over Dispute,2195
2196,1572,A1,M,47,Mysuru,Sudden Armed Assault,2196
2197,1573,A1,M,38,Raichur,Night-time House Break-in,2197
2198,1574,A1,M,42,Kodagu,Dowry-Related Coercion,2198
2199,1574,A2,M,20,Kodagu,Known-Person Domestic Abuse,2199
2200,1574,A3,M,33,Kodagu,Workplace Harassment,2200
2201,1575,A1,M,23,Belagavi,Snatching in Transit,2201
2202,1576,A1,M,30,Raichur,Vehicle Theft (Parked),2202
2203,1577,A1,F,30,Davanagere,Night-time House Break-in,2203
2204,1578,A1,M,19,Bengaluru City,Dowry-Related Coercion,2204
2205,1578,A2,M,43,Bengaluru City,Dowry-Related Coercion,2205
2206,1579,A1,F,34,Bengaluru Rural,Stalking Prior to Offence,2206
2207,1579,A2,M,37,Bengaluru Rural,Dowry-Related Coercion,2207
2208,1580,A1,M,34,Hassan,Stalking Prior to Offence,2208
2209,1581,A1,M,36,Kodagu,SIM-Swap Fraud,2209
2210,1582,A1,M,22,Mysuru,Cheque Bounce Fraud,2210
2211,1583,A1,M,19,Bengaluru City,Workplace Harassment,2211
2212,1583,A2,M,30,Bengaluru City,Workplace Harassment,2212
2213,1583,A3,M,18,Bengaluru City,Known-Person Domestic Abuse,2213
2214,1585,A1,M,26,Shivamogga,Confrontation over Dispute,2214
2215,1586,A1,M,25,Belagavi,Confrontation over Dispute,2215
2216,1586,A2,M,28,Belagavi,Sudden Armed Assault,2216
2217,1587,A1,M,37,Bengaluru Rural,Weapon-Assisted Assault,2217
2218,1588,A1,M,18,Kalaburagi,Weapon-Assisted Assault,2218
2219,1589,A1,M,41,Mandya,Snatching in Transit,2219
2220,1589,A2,M,36,Mandya,Break-in via Rear Entry,2220
2221,1590,A1,M,21,Bengaluru City,Shop Lock-Break,2221
2222,1590,A2,M,22,Bengaluru City,Shop Lock-Break,2222
2223,1591,A1,M,62,Bengaluru Rural,Chit Fund Default,2223
2224,1591,A2,F,23,Bengaluru Rural,Shell Company Cheating,2224
2225,1592,A1,M,22,Ramanagara,Workplace Harassment,2225
2226,1592,A2,M,31,Ramanagara,Workplace Harassment,2226
2227,1593,A1,M,33,Belagavi,Sudden Armed Assault,2227
2228,1594,A1,M,42,Bengaluru Rural,Chit Fund Default,2228
2229,1596,A1,M,18,Gadag,Fake Investment App,2229
2230,1597,A1,M,33,Belagavi,Cheque Bounce Fraud,2230
2231,1597,A2,M,28,Belagavi,Shell Company Cheating,2231
2232,1597,A3,M,16,Belagavi,Forged Document Trail,2232
2233,1599,A1,M,37,Tumakuru,Social Media Impersonation,2233
2234,1600,A1,M,38,Bengaluru Rural,Weapon-Assisted Assault,2234
2235,1600,A2,M,25,Bengaluru Rural,Weapon-Assisted Assault,2235
2236,1601,A1,M,22,Hassan,Snatching in Transit,2236
2237,1601,A2,M,20,Hassan,Shop Lock-Break,2237
2238,1602,A1,M,19,Mysuru,Cheque Bounce Fraud,2238
2239,1603,A1,F,16,Belagavi,Known-Person Domestic Abuse,2239
2240,1603,A2,M,33,Belagavi,Workplace Harassment,2240
2241,1603,A3,F,26,Belagavi,Workplace Harassment,2241
2242,1604,A1,M,16,Koppal,Stalking Prior to Offence,2242
2243,1604,A2,M,41,Koppal,Workplace Harassment,2243
2244,1605,A1,F,23,Ramanagara,Vehicle Theft (Parked),2244
2245,1606,A1,F,35,Bengaluru City,SIM-Swap Fraud,2245
2246,1606,A2,M,37,Bengaluru City,Fake Investment App,2246
2247,1606,A3,M,30,Bengaluru City,Social Media Impersonation,2247
2248,1607,A1,M,28,Chikkaballapur,Dowry-Related Coercion,2248
2249,1608,A1,M,28,Davanagere,Known-Person Domestic Abuse,2249
2250,1608,A2,M,32,Davanagere,Known-Person Domestic Abuse,2250
2251,1609,A1,M,24,Bengaluru Rural,Group Attack (Prior Enmity),2251
2252,1609,A2,F,37,Bengaluru Rural,Sudden Armed Assault,2252
2253,1610,A1,M,25,Tumakuru,Fake Investment App,2253
2254,1611,A1,F,40,Bengaluru Rural,Break-in via Rear Entry,2254
2255,1612,A1,M,28,Tumakuru,Sudden Armed Assault,2255
2256,1612,A2,M,18,Tumakuru,Weapon-Assisted Assault,2256
2257,1612,A3,M,33,Tumakuru,Sudden Armed Assault,2257
2258,1613,A1,M,39,Chamarajanagar,Dowry-Related Coercion,2258
2259,1614,A1,M,32,Yadgir,Sudden Armed Assault,2259
2260,1614,A2,M,16,Yadgir,Sudden Armed Assault,2260
2261,1615,A1,F,50,Tumakuru,Chit Fund Default,2261
2262,1616,A1,M,27,Mangaluru (Dakshina Kannada),Shop Lock-Break,2262
2263,1616,A2,M,26,Mangaluru (Dakshina Kannada),Shop Lock-Break,2263
2264,1617,A1,F,16,Raichur,Cross-Border Transit Route,2264
2265,1617,A2,M,20,Raichur,Courier via Public Transport,2265
2266,1618,A1,M,25,Chamarajanagar,Courier via Public Transport,2266
2267,1619,A1,M,55,Hassan,Social Media Impersonation,2267
2268,1619,A2,M,40,Hassan,Fake Investment App,2268
2269,1620,A1,F,33,Hassan,Confrontation over Dispute,2269
2270,1621,A1,M,24,Yadgir,Chit Fund Default,2270
2271,1621,A2,M,20,Yadgir,Shell Company Cheating,2271
2272,1622,A1,M,27,Bengaluru Rural,Sudden Armed Assault,2272
2273,1623,A1,M,46,Belagavi,Shop Lock-Break,2273
2274,1623,A2,M,30,Belagavi,Snatching in Transit,2274
2275,1624,A1,M,21,Hassan,Workplace Harassment,2275
2276,1624,A2,M,17,Hassan,Stalking Prior to Offence,2276
2277,1625,A1,M,38,Belagavi,Vehicle Theft (Parked),2277
2278,1626,A1,M,31,Chikkaballapur,Known-Person Domestic Abuse,2278
2279,1626,A2,M,26,Chikkaballapur,Stalking Prior to Offence,2279
2280,1627,A1,M,30,Bagalkot,Group Attack (Prior Enmity),2280
2281,1627,A2,M,36,Bagalkot,Group Attack (Prior Enmity),2281
2282,1628,A1,M,37,Mangaluru (Dakshina Kannada),Fake Investment App,2282
2283,1628,A2,F,50,Mangaluru (Dakshina Kannada),SIM-Swap Fraud,2283
2284,1628,A3,F,16,Mangaluru (Dakshina Kannada),Social Media Impersonation,2284
2285,1629,A1,M,35,Tumakuru,Weapon-Assisted Assault,2285
2286,1629,A2,M,40,Tumakuru,Weapon-Assisted Assault,2286
2287,1630,A1,M,21,Belagavi,Stalking Prior to Offence,2287
2288,1631,A1,M,47,Bengaluru Rural,Social Media Impersonation,2288
2289,1632,A1,M,16,Chitradurga,Break-in via Rear Entry,2289
2290,1633,A1,F,34,Hubballi-Dharwad,Confrontation over Dispute,2290
2291,1633,A2,M,18,Hubballi-Dharwad,Group Attack (Prior Enmity),2291
2292,1634,A1,M,35,Bidar,Courier via Public Transport,2292
2293,1634,A2,M,37,Bidar,Courier via Public Transport,2293
2294,1635,A1,M,19,Vijayapura,Group Attack (Prior Enmity),2294
2295,1636,A1,F,37,Shivamogga,Chit Fund Default,2295
2296,1637,A1,M,34,Mangaluru (Dakshina Kannada),Snatching in Transit,2296
2297,1638,A1,M,29,Bengaluru City,Sudden Armed Assault,2297
2298,1639,A1,F,23,Ballari,Shop Lock-Break,2298
2299,1640,A1,M,28,Kodagu,Shell Company Cheating,2299
2300,1640,A2,M,26,Kodagu,Shell Company Cheating,2300
2301,1641,A1,M,36,Udupi,Home Cultivation/Storage,2301
2302,1641,A2,M,38,Udupi,Cross-Border Transit Route,2302
2303,1642,A1,M,25,Udupi,Shell Company Cheating,2303
2304,1643,A1,F,24,Ballari,Break-in via Rear Entry,2304
2305,1644,A1,M,38,Mysuru,Shop Lock-Break,2305
2306,1644,A2,M,22,Mysuru,Vehicle Theft (Parked),2306
2307,1644,A3,M,30,Mysuru,Snatching in Transit,2307
2308,1645,A1,M,27,Udupi,Break-in via Rear Entry,2308
2309,1647,A1,M,28,Tumakuru,Dowry-Related Coercion,2309
2310,1647,A2,M,21,Tumakuru,Known-Person Domestic Abuse,2310
2311,1648,A1,M,16,Davanagere,Vehicle Theft (Parked),2311
2312,1649,A1,M,27,Mysuru,Shop Lock-Break,2312
2313,1650,A1,M,16,Tumakuru,Shell Company Cheating,2313
2314,1651,A1,M,26,Bengaluru Rural,Shell Company Cheating,2314
2315,1653,A1,M,32,Yadgir,SIM-Swap Fraud,2315
2316,1655,A1,M,16,Bengaluru City,Forged Document Trail,2316
2317,1656,A1,M,32,Mangaluru (Dakshina Kannada),Snatching in Transit,2317
2318,1656,A2,M,30,Mangaluru (Dakshina Kannada),Break-in via Rear Entry,2318
2319,1657,A1,M,27,Mysuru,Social-Media Incited Assembly,2319
2320,1658,A1,M,27,Tumakuru,Social Media Impersonation,2320
2321,1659,A1,F,16,Kolar,Night-time House Break-in,2321
2322,1660,A1,M,32,Davanagere,Courier via Public Transport,2322
2323,1661,A1,M,32,Bengaluru City,Snatching in Transit,2323
2324,1662,A1,M,32,Davanagere,Snatching in Transit,2324
2325,1662,A2,M,27,Davanagere,Night-time House Break-in,2325
2326,1663,A1,M,19,Bengaluru Rural,Shop Lock-Break,2326
2327,1664,A1,M,41,Kalaburagi,Courier via Public Transport,2327
2328,1664,A2,M,20,Kalaburagi,Courier via Public Transport,2328
2329,1664,A3,M,21,Kalaburagi,Cross-Border Transit Route,2329
2330,1665,A1,F,31,Shivamogga,Vehicle Theft (Parked),2330
2331,1667,A1,M,27,Belagavi,Stalking Prior to Offence,2331
2332,1668,A1,F,27,Gadag,Sudden Armed Assault,2332
2333,1669,A1,M,53,Belagavi,Snatching in Transit,2333
2334,1669,A2,M,40,Belagavi,Shop Lock-Break,2334
2335,1670,A1,F,27,Bengaluru Rural,Fake Investment App,2335
2336,1671,A1,M,33,Bengaluru Rural,Workplace Harassment,2336
2337,1672,A1,M,27,Hubballi-Dharwad,Group Attack (Prior Enmity),2337
2338,1673,A1,M,42,Mangaluru (Dakshina Kannada),Shop Lock-Break,2338
2339,1674,A1,M,18,Tumakuru,Sudden Armed Assault,2339
2340,1675,A1,M,30,Tumakuru,Group Attack (Prior Enmity),2340
2341,1676,A1,M,35,Bengaluru City,Confrontation over Dispute,2341
2342,1677,A1,M,42,Ballari,Shop Lock-Break,2342
2343,1678,A1,M,34,Kodagu,Forged Document Trail,2343
2344,1679,A1,M,31,Bengaluru City,Break-in via Rear Entry,2344
2345,1680,A1,M,24,Kodagu,Shell Company Cheating,2345
2346,1680,A2,M,19,Kodagu,Chit Fund Default,2346
2347,1681,A1,M,16,Belagavi,Forged Document Trail,2347
2348,1681,A2,M,23,Belagavi,Shell Company Cheating,2348
2349,1681,A3,M,35,Belagavi,Chit Fund Default,2349
2350,1682,A1,M,30,Kodagu,Cheque Bounce Fraud,2350
2351,1682,A2,F,22,Kodagu,Chit Fund Default,2351
2352,1683,A1,M,29,Tumakuru,Workplace Harassment,2352
2353,1684,A1,F,24,Mysuru,Weapon-Assisted Assault,2353
2354,1685,A1,M,46,Shivamogga,Forged Document Trail,2354
2355,1685,A2,M,32,Shivamogga,Forged Document Trail,2355
2356,1686,A1,M,46,Kalaburagi,Sudden Armed Assault,2356
2357,1687,A1,M,22,Yadgir,Stalking Prior to Offence,2357
2358,1688,A1,M,38,Bengaluru City,Organized Group Mobilization,2358
2359,1689,A1,M,31,Bengaluru Rural,Stalking Prior to Offence,2359
2360,1689,A2,M,28,Bengaluru Rural,Workplace Harassment,2360
2361,1690,A1,M,27,Hubballi-Dharwad,Forged Document Trail,2361
2362,1691,A1,M,40,Udupi,Snatching in Transit,2362
2363,1691,A2,M,19,Udupi,Shop Lock-Break,2363
2364,1692,A1,M,28,Vijayapura,Shop Lock-Break,2364
2365,1693,A1,M,33,Kalaburagi,Snatching in Transit,2365
2366,1693,A2,M,30,Kalaburagi,Night-time House Break-in,2366
2367,1694,A1,M,29,Ramanagara,Courier via Public Transport,2367
2368,1695,A1,M,26,Mangaluru (Dakshina Kannada),Workplace Harassment,2368
2369,1695,A2,F,39,Mangaluru (Dakshina Kannada),Known-Person Domestic Abuse,2369
2370,1696,A1,M,32,Tumakuru,Sudden Armed Assault,2370
2371,1697,A1,M,25,Haveri,Snatching in Transit,2371
2372,1698,A1,M,38,Uttara Kannada,Shell Company Cheating,2372
2373,1699,A1,M,22,Davanagere,Confrontation over Dispute,2373
2374,1700,A1,M,31,Uttara Kannada,Workplace Harassment,2374
2375,1701,A1,M,27,Bidar,Break-in via Rear Entry,2375
2376,1702,A1,F,38,Ballari,Confrontation over Dispute,2376
2377,1705,A1,M,34,Ramanagara,Confrontation over Dispute,2377
2378,1705,A2,M,30,Ramanagara,Weapon-Assisted Assault,2378
2379,1706,A1,M,31,Belagavi,Break-in via Rear Entry,2379
2380,1706,A2,M,27,Belagavi,Snatching in Transit,2380
2381,1707,A1,M,26,Belagavi,Chit Fund Default,2381
2382,1707,A2,M,40,Belagavi,Chit Fund Default,2382
2383,1707,A3,M,16,Belagavi,Cheque Bounce Fraud,2383
2384,1708,A1,F,26,Bagalkot,Cheque Bounce Fraud,2384
2385,1708,A2,M,43,Bagalkot,Shell Company Cheating,2385
2386,1709,A1,M,30,Mysuru,Sudden Armed Assault,2386
2387,1709,A2,M,49,Mysuru,Weapon-Assisted Assault,2387
2388,1710,A1,M,39,Hubballi-Dharwad,Stalking Prior to Offence,2388
2389,1711,A1,M,43,Udupi,Break-in via Rear Entry,2389
2390,1711,A2,F,37,Udupi,Snatching in Transit,2390
2391,1713,A1,M,20,Ramanagara,Vehicle Theft (Parked),2391
2392,1714,A1,M,33,Kolar,Weapon-Assisted Assault,2392
2393,1714,A2,M,24,Kolar,Confrontation over Dispute,2393
2394,1715,A1,M,38,Bengaluru City,Dowry-Related Coercion,2394
2395,1715,A2,M,31,Bengaluru City,Stalking Prior to Offence,2395
2396,1716,A1,M,29,Bengaluru City,Shell Company Cheating,2396
2397,1717,A1,M,22,Udupi,Confrontation over Dispute,2397
2398,1717,A2,M,25,Udupi,Weapon-Assisted Assault,2398
2399,1718,A1,M,16,Davanagere,Night-time House Break-in,2399
2400,1719,A1,M,38,Shivamogga,Weapon-Assisted Assault,2400
2401,1720,A1,M,49,Shivamogga,Shop Lock-Break,2401
2402,1721,A1,M,34,Belagavi,Chit Fund Default,2402
2403,1721,A2,M,40,Belagavi,Cheque Bounce Fraud,2403
2404,1721,A3,F,43,Belagavi,Cheque Bounce Fraud,2404
2405,1722,A1,M,39,Belagavi,Sudden Armed Assault,2405
2406,1722,A2,M,16,Belagavi,Confrontation over Dispute,2406
2407,1723,A1,F,22,Ballari,Workplace Harassment,2407
2408,1725,A1,M,40,Mangaluru (Dakshina Kannada),Cheque Bounce Fraud,2408
2409,1726,A1,M,24,Bengaluru City,Workplace Harassment,2409
2410,1727,A1,M,42,Bengaluru Rural,Group Attack (Prior Enmity),2410
2411,1727,A2,M,26,Bengaluru Rural,Weapon-Assisted Assault,2411
2412,1729,A1,M,33,Kodagu,Known-Person Domestic Abuse,2412
2413,1729,A2,M,41,Kodagu,Stalking Prior to Offence,2413
2414,1730,A1,M,24,Belagavi,Snatching in Transit,2414
2415,1730,A2,M,21,Belagavi,Break-in via Rear Entry,2415
2416,1731,A1,M,22,Bengaluru Rural,Known-Person Domestic Abuse,2416
2417,1731,A2,M,35,Bengaluru Rural,Dowry-Related Coercion,2417
2418,1731,A3,F,39,Bengaluru Rural,Dowry-Related Coercion,2418
2419,1732,A1,M,37,Mysuru,Chit Fund Default,2419
2420,1733,A1,F,32,Hubballi-Dharwad,Night-time House Break-in,2420
2421,1734,A1,M,20,Mysuru,Night-time House Break-in,2421
2422,1734,A2,M,21,Mysuru,Vehicle Theft (Parked),2422
2423,1735,A1,M,23,Mysuru,Cross-Border Transit Route,2423
2424,1735,A2,M,28,Mysuru,Courier via Public Transport,2424
2425,1736,A1,M,26,Raichur,Social Media Impersonation,2425
2426,1736,A2,M,16,Raichur,Phishing Link / OTP Fraud,2426
2427,1738,A1,M,23,Raichur,Dowry-Related Coercion,2427
2428,1738,A2,M,22,Raichur,Workplace Harassment,2428
2429,1739,A1,M,27,Chamarajanagar,Cheque Bounce Fraud,2429
2430,1740,A1,M,22,Bidar,Sudden Armed Assault,2430
2431,1741,A1,M,16,Hassan,Social Media Impersonation,2431
2432,1742,A1,M,33,Chitradurga,Sudden Armed Assault,2432
2433,1743,A1,M,28,Hassan,Workplace Harassment,2433
2434,1743,A2,M,20,Hassan,Workplace Harassment,2434
2435,1743,A3,M,16,Hassan,Stalking Prior to Offence,2435
2436,1744,A1,M,27,Hubballi-Dharwad,Night-time House Break-in,2436
2437,1744,A2,M,25,Hubballi-Dharwad,Vehicle Theft (Parked),2437
2438,1745,A1,M,34,Bidar,Night-time House Break-in,2438
2439,1745,A2,M,30,Bidar,Night-time House Break-in,2439
2440,1745,A3,M,34,Bidar,Shop Lock-Break,2440
2441,1746,A1,M,36,Bengaluru City,Confrontation over Dispute,2441
2442,1746,A2,M,19,Bengaluru City,Sudden Armed Assault,2442
2443,1748,A1,F,38,Bengaluru Rural,Shell Company Cheating,2443
2444,1748,A2,M,32,Bengaluru Rural,Chit Fund Default,2444
2445,1748,A3,F,24,Bengaluru Rural,Cheque Bounce Fraud,2445
2446,1749,A1,M,22,Hubballi-Dharwad,Group Attack (Prior Enmity),2446
2447,1751,A1,M,35,Belagavi,Phishing Link / OTP Fraud,2447
2448,1752,A1,M,17,Bengaluru City,Social Media Impersonation,2448
2449,1753,A1,M,25,Koppal,Break-in via Rear Entry,2449
2450,1753,A2,M,19,Koppal,Shop Lock-Break,2450
2451,1754,A1,F,21,Belagavi,Confrontation over Dispute,2451
2452,1754,A2,M,24,Belagavi,Sudden Armed Assault,2452
2453,1755,A1,M,27,Hassan,Snatching in Transit,2453
2454,1756,A1,M,22,Hassan,Shop Lock-Break,2454
2455,1757,A1,M,19,Belagavi,Cross-Border Transit Route,2455
2456,1758,A1,F,32,Davanagere,Dowry-Related Coercion,2456
2457,1759,A1,F,25,Bagalkot,Shop Lock-Break,2457
2458,1759,A2,M,29,Bagalkot,Night-time House Break-in,2458
2459,1760,A1,M,37,Koppal,Sudden Armed Assault,2459
2460,1761,A1,F,32,Bengaluru City,Chit Fund Default,2460
2461,1762,A1,M,38,Yadgir,Night-time House Break-in,2461
2462,1763,A1,M,31,Mangaluru (Dakshina Kannada),Dowry-Related Coercion,2462
2463,1763,A2,M,16,Mangaluru (Dakshina Kannada),Workplace Harassment,2463
2464,1764,A1,M,30,Belagavi,Confrontation over Dispute,2464
2465,1764,A2,M,21,Belagavi,Sudden Armed Assault,2465
2466,1765,A1,M,33,Haveri,Stalking Prior to Offence,2466
2467,1766,A1,M,38,Koppal,Forged Document Trail,2467
2468,1767,A1,M,19,Bengaluru City,Vehicle Theft (Parked),2468
2469,1768,A1,M,16,Tumakuru,Chit Fund Default,2469
2470,1768,A2,M,31,Tumakuru,Forged Document Trail,2470
2471,1768,A3,F,21,Tumakuru,Chit Fund Default,2471
2472,1769,A1,M,40,Ramanagara,Weapon-Assisted Assault,2472
2473,1769,A2,M,33,Ramanagara,Group Attack (Prior Enmity),2473
2474,1770,A1,M,25,Bengaluru City,Night-time House Break-in,2474
2475,1771,A1,M,21,Ballari,Known-Person Domestic Abuse,2475
2476,1771,A2,M,42,Ballari,Known-Person Domestic Abuse,2476
2477,1772,A1,M,28,Chamarajanagar,Home Cultivation/Storage,2477
2478,1773,A1,M,46,Bagalkot,Known-Person Domestic Abuse,2478
2479,1774,A1,F,30,Mandya,Snatching in Transit,2479
2480,1774,A2,M,29,Mandya,Night-time House Break-in,2480
2481,1775,A1,M,20,Chamarajanagar,Break-in via Rear Entry,2481
2482,1776,A1,M,27,Mandya,Weapon-Assisted Assault,2482
2483,1776,A2,M,31,Mandya,Confrontation over Dispute,2483
2484,1777,A1,M,33,Chamarajanagar,Dowry-Related Coercion,2484
2485,1777,A2,M,22,Chamarajanagar,Workplace Harassment,2485
2486,1778,A1,M,26,Bengaluru Rural,Stalking Prior to Offence,2486
2487,1779,A1,M,38,Mangaluru (Dakshina Kannada),Stalking Prior to Offence,2487
2488,1780,A1,M,25,Kodagu,Snatching in Transit,2488
2489,1781,A1,M,32,Shivamogga,Sudden Armed Assault,2489
2490,1781,A2,M,19,Shivamogga,Group Attack (Prior Enmity),2490
2491,1782,A1,M,32,Hassan,Group Attack (Prior Enmity),2491
2492,1783,A1,M,42,Yadgir,Snatching in Transit,2492
2493,1783,A2,M,27,Yadgir,Snatching in Transit,2493
2494,1784,A1,M,31,Davanagere,Shop Lock-Break,2494
2495,1784,A2,M,28,Davanagere,Snatching in Transit,2495
2496,1784,A3,M,28,Davanagere,Night-time House Break-in,2496
2497,1785,A1,M,17,Bengaluru Rural,Phishing Link / OTP Fraud,2497
2498,1786,A1,M,21,Chamarajanagar,Shop Lock-Break,2498
2499,1787,A1,M,32,Hassan,Weapon-Assisted Assault,2499
2500,1788,A1,M,32,Koppal,Night-time House Break-in,2500
2501,1789,A1,F,44,Belagavi,Sudden Armed Assault,2501
2502,1789,A2,M,52,Belagavi,Sudden Armed Assault,2502
2503,1789,A3,M,29,Belagavi,Sudden Armed Assault,2503
2504,1790,A1,M,26,Haveri,Sudden Armed Assault,2504
2505,1791,A1,M,27,Chamarajanagar,Chit Fund Default,2505
2506,1792,A1,M,28,Udupi,Night-time House Break-in,2506
2507,1792,A2,M,25,Udupi,Shop Lock-Break,2507
2508,1793,A1,F,33,Kodagu,Known-Person Domestic Abuse,2508
2509,1794,A1,M,43,Koppal,Workplace Harassment,2509
2510,1794,A2,M,25,Koppal,Workplace Harassment,2510
2511,1795,A1,M,40,Ballari,Fake Investment App,2511
2512,1796,A1,M,44,Chamarajanagar,Snatching in Transit,2512
2513,1797,A1,M,20,Bengaluru Rural,Shell Company Cheating,2513
2514,1797,A2,M,21,Bengaluru Rural,Shell Company Cheating,2514
2515,1799,A1,M,34,Mysuru,Dowry-Related Coercion,2515
2516,1800,A1,M,25,Raichur,Vehicle Theft (Parked),2516
2517,1801,A1,F,23,Hassan,Weapon-Assisted Assault,2517
2518,1802,A1,M,32,Davanagere,Confrontation over Dispute,2518
2519,1802,A2,F,37,Davanagere,Weapon-Assisted Assault,2519
2520,1803,A1,M,39,Yadgir,Dowry-Related Coercion,2520
2521,1804,A1,M,17,Kodagu,Dowry-Related Coercion,2521
2522,1806,A1,M,31,Chamarajanagar,Shop Lock-Break,2522
2523,1807,A1,F,18,Belagavi,Home Cultivation/Storage,2523
2524,1808,A1,M,30,Belagavi,Snatching in Transit,2524
2525,1808,A2,M,27,Belagavi,Vehicle Theft (Parked),2525
2526,1809,A1,M,34,Tumakuru,Cross-Border Transit Route,2526
2527,1810,A1,M,36,Ballari,Confrontation over Dispute,2527
2528,1811,A1,F,34,Udupi,Weapon-Assisted Assault,2528
2529,1812,A1,M,21,Yadgir,Known-Person Domestic Abuse,2529
2530,1812,A2,M,31,Yadgir,Workplace Harassment,2530
2531,1812,A3,M,22,Yadgir,Known-Person Domestic Abuse,2531
2532,1813,A1,M,40,Tumakuru,Workplace Harassment,2532
2533,1813,A2,M,21,Tumakuru,Known-Person Domestic Abuse,2533
2534,1813,A3,M,33,Tumakuru,Stalking Prior to Offence,2534
2535,1814,A1,M,46,Bengaluru City,Break-in via Rear Entry,2535
2536,1814,A2,M,22,Bengaluru City,Break-in via Rear Entry,2536
2537,1815,A1,M,28,Mangaluru (Dakshina Kannada),Cheque Bounce Fraud,2537
2538,1815,A2,M,16,Mangaluru (Dakshina Kannada),Cheque Bounce Fraud,2538
2539,1816,A1,M,35,Belagavi,Home Cultivation/Storage,2539
2540,1816,A2,F,16,Belagavi,Home Cultivation/Storage,2540
2541,1817,A1,M,23,Kolar,Sudden Armed Assault,2541
2542,1817,A2,M,16,Kolar,Group Attack (Prior Enmity),2542
2543,1818,A1,M,36,Bengaluru Rural,Chit Fund Default,2543
2544,1819,A1,M,18,Bidar,Forged Document Trail,2544
2545,1820,A1,M,25,Hubballi-Dharwad,Night-time House Break-in,2545
2546,1821,A1,F,25,Bagalkot,Organized Group Mobilization,2546
2547,1822,A1,M,26,Bidar,Organized Group Mobilization,2547
2548,1822,A2,M,16,Bidar,Organized Group Mobilization,2548
2549,1823,A1,M,53,Chitradurga,Break-in via Rear Entry,2549
2550,1823,A2,M,39,Chitradurga,Shop Lock-Break,2550
2551,1824,A1,F,24,Tumakuru,Vehicle Theft (Parked),2551
2552,1824,A2,M,32,Tumakuru,Snatching in Transit,2552
2553,1824,A3,M,43,Tumakuru,Break-in via Rear Entry,2553
2554,1825,A1,M,29,Bengaluru City,Social-Media Incited Assembly,2554
2555,1825,A2,M,30,Bengaluru City,Social-Media Incited Assembly,2555
2556,1825,A3,M,29,Bengaluru City,Organized Group Mobilization,2556
2557,1826,A1,M,28,Bengaluru Rural,Shop Lock-Break,2557
2558,1828,A1,M,16,Udupi,Forged Document Trail,2558
2559,1829,A1,M,42,Bengaluru Rural,Fake Investment App,2559
2560,1829,A2,M,33,Bengaluru Rural,Phishing Link / OTP Fraud,2560
2561,1830,A1,M,34,Raichur,Chit Fund Default,2561
2562,1831,A1,M,17,Kalaburagi,Break-in via Rear Entry,2562
2563,1832,A1,M,16,Ballari,Fake Investment App,2563
2564,1833,A1,M,16,Ramanagara,Group Attack (Prior Enmity),2564
2565,1833,A2,F,26,Ramanagara,Sudden Armed Assault,2565
2566,1834,A1,M,16,Kodagu,Cheque Bounce Fraud,2566
2567,1835,A1,M,35,Mangaluru (Dakshina Kannada),Dowry-Related Coercion,2567
2568,1836,A1,M,26,Bengaluru Rural,Organized Group Mobilization,2568
2569,1837,A1,M,26,Haveri,Stalking Prior to Offence,2569
2570,1838,A1,M,21,Kalaburagi,Break-in via Rear Entry,2570
2571,1839,A1,M,25,Tumakuru,Known-Person Domestic Abuse,2571
2572,1840,A1,M,24,Bengaluru City,Chit Fund Default,2572
2573,1840,A2,M,26,Bengaluru City,Forged Document Trail,2573
2574,1841,A1,F,32,Hassan,Workplace Harassment,2574
2575,1842,A1,F,29,Kolar,Sudden Armed Assault,2575
2576,1843,A1,F,31,Haveri,Night-time House Break-in,2576
2577,1844,A1,M,29,Kolar,Night-time House Break-in,2577
2578,1845,A1,M,31,Kolar,Snatching in Transit,2578
2579,1846,A1,M,32,Hubballi-Dharwad,Shop Lock-Break,2579
2580,1847,A1,M,27,Belagavi,Weapon-Assisted Assault,2580
2581,1850,A1,F,39,Shivamogga,Social Media Impersonation,2581
2582,1850,A2,M,35,Shivamogga,Phishing Link / OTP Fraud,2582
2583,1850,A3,M,37,Shivamogga,Fake Investment App,2583
2584,1851,A1,M,33,Mangaluru (Dakshina Kannada),Break-in via Rear Entry,2584
2585,1852,A1,M,31,Bagalkot,Shop Lock-Break,2585
2586,1853,A1,M,16,Ballari,Group Attack (Prior Enmity),2586
2587,1855,A1,M,31,Davanagere,Group Attack (Prior Enmity),2587
2588,1856,A1,M,35,Mysuru,Cheque Bounce Fraud,2588
2589,1857,A1,F,16,Hassan,Stalking Prior to Offence,2589
2590,1857,A2,M,23,Hassan,Workplace Harassment,2590
2591,1857,A3,M,19,Hassan,Stalking Prior to Offence,2591
2592,1858,A1,M,34,Kolar,Weapon-Assisted Assault,2592
2593,1858,A2,M,31,Kolar,Weapon-Assisted Assault,2593
2594,1859,A1,F,40,Bagalkot,Cheque Bounce Fraud,2594
2595,1859,A2,F,28,Bagalkot,Cheque Bounce Fraud,2595
2596,1861,A1,M,31,Bengaluru City,Cheque Bounce Fraud,2596
2597,1861,A2,M,28,Bengaluru City,Cheque Bounce Fraud,2597
2598,1861,A3,F,21,Bengaluru City,Chit Fund Default,2598
2599,1862,A1,M,29,Bidar,Group Attack (Prior Enmity),2599
2600,1863,A1,M,44,Mysuru,Weapon-Assisted Assault,2600
2601,1864,A1,M,37,Chamarajanagar,Snatching in Transit,2601
2602,1867,A1,M,26,Ramanagara,Break-in via Rear Entry,2602
2603,1868,A1,M,27,Ballari,Group Attack (Prior Enmity),2603
2604,1869,A1,M,39,Hassan,Stalking Prior to Offence,2604
2605,1869,A2,M,18,Hassan,Dowry-Related Coercion,2605
2606,1870,A1,M,32,Belagavi,Social-Media Incited Assembly,2606
2607,1871,A1,M,39,Koppal,Dowry-Related Coercion,2607
2608,1872,A1,M,23,Bengaluru Rural,Break-in via Rear Entry,2608
2609,1873,A1,M,28,Udupi,Break-in via Rear Entry,2609
2610,1874,A1,M,26,Hassan,Cheque Bounce Fraud,2610
2611,1875,A1,M,23,Mysuru,Phishing Link / OTP Fraud,2611
2612,1876,A1,M,44,Gadag,Phishing Link / OTP Fraud,2612
2613,1877,A1,M,28,Kalaburagi,Snatching in Transit,2613
2614,1878,A1,M,39,Kodagu,Forged Document Trail,2614
2615,1878,A2,M,30,Kodagu,Chit Fund Default,2615
2616,1879,A1,M,24,Udupi,Weapon-Assisted Assault,2616
2617,1879,A2,M,46,Udupi,Confrontation over Dispute,2617
2618,1880,A1,M,19,Bengaluru Rural,Chit Fund Default,2618
2619,1881,A1,M,29,Bengaluru Rural,Phishing Link / OTP Fraud,2619
2620,1881,A2,M,26,Bengaluru Rural,Social Media Impersonation,2620
2621,1881,A3,M,34,Bengaluru Rural,Social Media Impersonation,2621
2622,1882,A1,M,32,Belagavi,Cheque Bounce Fraud,2622
2623,1882,A2,M,20,Belagavi,Chit Fund Default,2623
2624,1882,A3,M,20,Belagavi,Forged Document Trail,2624
2625,1883,A1,M,25,Bengaluru Rural,Weapon-Assisted Assault,2625
2626,1883,A2,M,16,Bengaluru Rural,Weapon-Assisted Assault,2626
2627,1884,A1,M,22,Ramanagara,Confrontation over Dispute,2627
2628,1884,A2,M,35,Ramanagara,Weapon-Assisted Assault,2628
2629,1884,A3,M,37,Ramanagara,Sudden Armed Assault,2629
2630,1885,A1,M,30,Bidar,Fake Investment App,2630
2631,1885,A2,M,25,Bidar,Fake Investment App,2631
2632,1886,A1,M,23,Chamarajanagar,Social Media Impersonation,2632
2633,1886,A2,M,23,Chamarajanagar,Social Media Impersonation,2633
2634,1887,A1,M,41,Bengaluru City,Sudden Armed Assault,2634
2635,1887,A2,M,28,Bengaluru City,Weapon-Assisted Assault,2635
2636,1890,A1,M,27,Chikkaballapur,Group Attack (Prior Enmity),2636
2637,1890,A2,M,16,Chikkaballapur,Confrontation over Dispute,2637
2638,1892,A1,M,28,Yadgir,Shell Company Cheating,2638
2639,1893,A1,M,34,Mandya,Break-in via Rear Entry,2639
2640,1894,A1,M,24,Belagavi,Night-time House Break-in,2640
2641,1895,A1,M,22,Belagavi,Social Media Impersonation,2641
2642,1896,A1,M,17,Tumakuru,Dowry-Related Coercion,2642
2643,1897,A1,M,41,Chamarajanagar,Workplace Harassment,2643
2644,1897,A2,M,20,Chamarajanagar,Workplace Harassment,2644
2645,1897,A3,M,22,Chamarajanagar,Stalking Prior to Offence,2645
2646,1898,A1,F,46,Mangaluru (Dakshina Kannada),Vehicle Theft (Parked),2646
2647,1899,A1,M,43,Hassan,Vehicle Theft (Parked),2647
2648,1899,A2,M,21,Hassan,Shop Lock-Break,2648
2649,1899,A3,M,40,Hassan,Night-time House Break-in,2649
2650,1900,A1,M,24,Yadgir,Workplace Harassment,2650
2651,1901,A1,M,37,Hassan,Break-in via Rear Entry,2651
2652,1902,A1,M,26,Mysuru,Shell Company Cheating,2652
2653,1902,A2,M,20,Mysuru,Chit Fund Default,2653
2654,1903,A1,F,19,Yadgir,Workplace Harassment,2654
2655,1904,A1,M,18,Mysuru,Known-Person Domestic Abuse,2655
2656,1904,A2,M,16,Mysuru,Dowry-Related Coercion,2656
2657,1904,A3,F,33,Mysuru,Dowry-Related Coercion,2657
2658,1905,A1,M,28,Tumakuru,Stalking Prior to Offence,2658
2659,1905,A2,M,25,Tumakuru,Dowry-Related Coercion,2659
2660,1905,A3,M,37,Tumakuru,Dowry-Related Coercion,2660
2661,1906,A1,M,27,Belagavi,Dowry-Related Coercion,2661
2662,1907,A1,M,16,Belagavi,Dowry-Related Coercion,2662
2663,1907,A2,M,30,Belagavi,Dowry-Related Coercion,2663
2664,1908,A1,M,39,Kalaburagi,Snatching in Transit,2664
2665,1909,A1,M,16,Bengaluru Rural,Vehicle Theft (Parked),2665
2666,1909,A2,M,31,Bengaluru Rural,Vehicle Theft (Parked),2666
2667,1910,A1,M,21,Udupi,Sudden Armed Assault,2667
2668,1910,A2,M,39,Udupi,Sudden Armed Assault,2668
2669,1911,A1,M,23,Davanagere,Phishing Link / OTP Fraud,2669
2670,1911,A2,M,35,Davanagere,Fake Investment App,2670
2671,1912,A1,M,32,Bengaluru City,Home Cultivation/Storage,2671
2672,1913,A1,M,37,Vijayapura,Group Attack (Prior Enmity),2672
2673,1913,A2,M,26,Vijayapura,Sudden Armed Assault,2673
2674,1915,A1,M,20,Chikkamagaluru,Known-Person Domestic Abuse,2674
2675,1916,A1,M,27,Bengaluru City,Weapon-Assisted Assault,2675
2676,1917,A1,M,52,Bengaluru City,Vehicle Theft (Parked),2676
2677,1918,A1,M,25,Mysuru,Confrontation over Dispute,2677
2678,1921,A1,M,32,Chikkamagaluru,Weapon-Assisted Assault,2678
2679,1922,A1,M,41,Hassan,Stalking Prior to Offence,2679
2680,1922,A2,F,30,Hassan,Workplace Harassment,2680
2681,1922,A3,M,24,Hassan,Dowry-Related Coercion,2681
2682,1923,A1,M,35,Ramanagara,Stalking Prior to Offence,2682
2683,1924,A1,M,26,Kalaburagi,Shop Lock-Break,2683
2684,1924,A2,M,27,Kalaburagi,Snatching in Transit,2684
2685,1925,A1,M,22,Bengaluru City,Group Attack (Prior Enmity),2685
2686,1925,A2,M,22,Bengaluru City,Weapon-Assisted Assault,2686
2687,1926,A1,F,18,Mandya,Shell Company Cheating,2687
2688,1927,A1,M,21,Chamarajanagar,Night-time House Break-in,2688
2689,1927,A2,M,33,Chamarajanagar,Snatching in Transit,2689
2690,1928,A1,M,26,Udupi,Shop Lock-Break,2690
2691,1928,A2,F,37,Udupi,Vehicle Theft (Parked),2691
2692,1929,A1,F,42,Ballari,Forged Document Trail,2692
2693,1929,A2,M,24,Ballari,Forged Document Trail,2693
2694,1931,A1,M,29,Shivamogga,Vehicle Theft (Parked),2694
2695,1932,A1,M,35,Bengaluru City,Weapon-Assisted Assault,2695
2696,1933,A1,M,28,Chikkamagaluru,Workplace Harassment,2696
2697,1933,A2,M,26,Chikkamagaluru,Known-Person Domestic Abuse,2697
2698,1933,A3,M,29,Chikkamagaluru,Dowry-Related Coercion,2698
2699,1934,A1,M,28,Bengaluru City,Sudden Armed Assault,2699
2700,1935,A1,M,28,Hubballi-Dharwad,SIM-Swap Fraud,2700
2701,1936,A1,M,25,Udupi,Confrontation over Dispute,2701
2702,1938,A1,M,34,Hubballi-Dharwad,Vehicle Theft (Parked),2702
2703,1939,A1,M,20,Chikkaballapur,Night-time House Break-in,2703
2704,1939,A2,M,16,Chikkaballapur,Break-in via Rear Entry,2704
2705,1940,A1,M,22,Bengaluru Rural,Confrontation over Dispute,2705
2706,1941,A1,M,36,Raichur,Sudden Armed Assault,2706
2707,1942,A1,M,31,Gadag,Dowry-Related Coercion,2707
2708,1943,A1,F,17,Ramanagara,Stalking Prior to Offence,2708
2709,1944,A1,F,34,Bengaluru City,Shell Company Cheating,2709
2710,1944,A2,M,31,Bengaluru City,Shell Company Cheating,2710
2711,1945,A1,M,32,Chikkamagaluru,Shop Lock-Break,2711
2712,1946,A1,M,25,Chikkamagaluru,Shop Lock-Break,2712
2713,1947,A1,M,29,Kolar,Break-in via Rear Entry,2713
2714,1947,A2,M,25,Kolar,Break-in via Rear Entry,2714
2715,1948,A1,M,21,Hassan,Vehicle Theft (Parked),2715
2716,1949,A1,M,25,Chamarajanagar,Break-in via Rear Entry,2716
2717,1950,A1,M,35,Ballari,Fake Investment App,2717
2718,1951,A1,M,24,Chikkamagaluru,Group Attack (Prior Enmity),2718
2719,1952,A1,M,24,Bengaluru City,Organized Group Mobilization,2719
2720,1953,A1,M,27,Davanagere,Dowry-Related Coercion,2720
2721,1954,A1,F,40,Vijayapura,Phishing Link / OTP Fraud,2721
2722,1954,A2,M,21,Vijayapura,Social Media Impersonation,2722
2723,1954,A3,M,50,Vijayapura,SIM-Swap Fraud,2723
2724,1955,A1,M,41,Kolar,Sudden Armed Assault,2724
2725,1956,A1,M,19,Belagavi,Shop Lock-Break,2725
2726,1957,A1,M,27,Bengaluru City,Shop Lock-Break,2726
2727,1958,A1,M,30,Mysuru,Chit Fund Default,2727
2728,1960,A1,F,26,Ballari,SIM-Swap Fraud,2728
2729,1961,A1,M,43,Belagavi,Known-Person Domestic Abuse,2729
2730,1962,A1,M,27,Bidar,Fake Investment App,2730
2731,1962,A2,M,29,Bidar,SIM-Swap Fraud,2731
2732,1963,A1,M,22,Hubballi-Dharwad,Fake Investment App,2732
2733,1964,A1,M,37,Bengaluru City,Confrontation over Dispute,2733
2734,1965,A1,M,38,Bengaluru Rural,Snatching in Transit,2734
2735,1966,A1,M,28,Tumakuru,Snatching in Transit,2735
2736,1968,A1,M,38,Ramanagara,Workplace Harassment,2736
2737,1969,A1,M,40,Davanagere,Cheque Bounce Fraud,2737
2738,1970,A1,M,29,Ramanagara,Workplace Harassment,2738
2739,1970,A2,F,20,Ramanagara,Known-Person Domestic Abuse,2739
2740,1971,A1,M,28,Mysuru,Snatching in Transit,2740
2741,1972,A1,M,34,Bidar,SIM-Swap Fraud,2741
2742,1972,A2,M,16,Bidar,Phishing Link / OTP Fraud,2742
2743,1973,A1,M,16,Mysuru,Snatching in Transit,2743
2744,1974,A1,M,38,Belagavi,Weapon-Assisted Assault,2744
2745,1975,A1,M,17,Belagavi,Home Cultivation/Storage,2745
2746,1976,A1,M,18,Hubballi-Dharwad,Courier via Public Transport,2746
2747,1976,A2,M,36,Hubballi-Dharwad,Home Cultivation/Storage,2747
2748,1977,A1,M,19,Davanagere,Shop Lock-Break,2748
2749,1977,A2,M,27,Davanagere,Shop Lock-Break,2749
2750,1978,A1,M,20,Kodagu,Shop Lock-Break,2750
2751,1978,A2,M,32,Kodagu,Night-time House Break-in,2751
2752,1978,A3,M,30,Kodagu,Night-time House Break-in,2752
2753,1979,A1,M,24,Bengaluru City,Social-Media Incited Assembly,2753
2754,1979,A2,M,41,Bengaluru City,Organized Group Mobilization,2754
2755,1980,A1,M,40,Kolar,Vehicle Theft (Parked),2755
2756,1981,A1,M,23,Hubballi-Dharwad,Confrontation over Dispute,2756
2757,1982,A1,M,32,Chamarajanagar,Forged Document Trail,2757
2758,1982,A2,F,16,Chamarajanagar,Forged Document Trail,2758
2759,1983,A1,M,16,Ramanagara,Courier via Public Transport,2759
2760,1984,A1,M,19,Mysuru,Forged Document Trail,2760
2761,1985,A1,M,33,Hubballi-Dharwad,Shop Lock-Break,2761
2762,1986,A1,M,33,Belagavi,Group Attack (Prior Enmity),2762
2763,1986,A2,M,38,Belagavi,Sudden Armed Assault,2763
2764,1987,A1,M,23,Bengaluru Rural,Break-in via Rear Entry,2764
2765,1988,A1,F,26,Belagavi,Known-Person Domestic Abuse,2765
2766,1988,A2,M,30,Belagavi,Known-Person Domestic Abuse,2766
2767,1988,A3,M,22,Belagavi,Workplace Harassment,2767
2768,1989,A1,M,37,Kolar,Shop Lock-Break,2768
2769,1989,A2,M,36,Kolar,Night-time House Break-in,2769
2770,1990,A1,M,28,Mandya,Break-in via Rear Entry,2770
2771,1991,A1,M,30,Bengaluru Rural,Break-in via Rear Entry,2771
2772,1992,A1,M,46,Belagavi,Cheque Bounce Fraud,2772
2773,1994,A1,M,16,Kodagu,Forged Document Trail,2773
2774,1995,A1,M,30,Hubballi-Dharwad,SIM-Swap Fraud,2774
2775,1995,A2,M,16,Hubballi-Dharwad,Phishing Link / OTP Fraud,2775
2776,1995,A3,M,30,Hubballi-Dharwad,Social Media Impersonation,2776
2777,1996,A1,M,16,Shivamogga,Courier via Public Transport,2777
2778,1996,A2,M,42,Shivamogga,Home Cultivation/Storage,2778
2779,1997,A1,M,16,Belagavi,Sudden Armed Assault,2779
2780,1997,A2,M,41,Belagavi,Sudden Armed Assault,2780
2781,1997,A3,M,21,Belagavi,Confrontation over Dispute,2781
2782,1998,A1,M,24,Raichur,Cross-Border Transit Route,2782
2783,1998,A2,M,34,Raichur,Courier via Public Transport,2783
2784,1999,A1,M,20,Uttara Kannada,Group Attack (Prior Enmity),2784
2785,2000,A1,F,27,Tumakuru,Snatching in Transit,2785
2786,2001,A1,M,21,Bengaluru Rural,Dowry-Related Coercion,2786
2787,2002,A1,M,33,Mandya,Night-time House Break-in,2787
2788,2004,A1,M,16,Haveri,Group Attack (Prior Enmity),2788
2789,2004,A2,M,28,Haveri,Group Attack (Prior Enmity),2789
2790,2005,A1,M,24,Bengaluru City,Phishing Link / OTP Fraud,2790
2791,2006,A1,M,16,Mangaluru (Dakshina Kannada),Social Media Impersonation,2791
2792,2007,A1,M,19,Bengaluru City,Group Attack (Prior Enmity),2792
2793,2007,A2,M,31,Bengaluru City,Sudden Armed Assault,2793
2794,2007,A3,F,16,Bengaluru City,Group Attack (Prior Enmity),2794
2795,2008,A1,M,16,Bengaluru Rural,Snatching in Transit,2795
2796,2009,A1,M,29,Hassan,Stalking Prior to Offence,2796
2797,2009,A2,M,39,Hassan,Stalking Prior to Offence,2797
2798,2009,A3,F,25,Hassan,Dowry-Related Coercion,2798
2799,2010,A1,M,19,Bengaluru City,Known-Person Domestic Abuse,2799
2800,2011,A1,F,36,Shivamogga,Night-time House Break-in,2800
2801,2012,A1,M,25,Bengaluru City,Sudden Armed Assault,2801
2802,2012,A2,F,34,Bengaluru City,Confrontation over Dispute,2802
2803,2013,A1,M,33,Ramanagara,Break-in via Rear Entry,2803
2804,2013,A2,M,35,Ramanagara,Break-in via Rear Entry,2804
2805,2015,A1,M,34,Mysuru,Break-in via Rear Entry,2805
2806,2016,A1,M,35,Hassan,Courier via Public Transport,2806
2807,2017,A1,M,53,Shivamogga,Shop Lock-Break,2807
2808,2018,A1,M,39,Davanagere,Break-in via Rear Entry,2808
2809,2019,A1,M,22,Belagavi,Cheque Bounce Fraud,2809
2810,2020,A1,M,32,Bengaluru Rural,Sudden Armed Assault,2810
2811,2021,A1,M,20,Mysuru,Snatching in Transit,2811
2812,2021,A2,M,38,Mysuru,Break-in via Rear Entry,2812
2813,2023,A1,M,22,Udupi,Vehicle Theft (Parked),2813
2814,2024,A1,M,44,Kodagu,Dowry-Related Coercion,2814
2815,2025,A1,M,16,Davanagere,Vehicle Theft (Parked),2815
2816,2026,A1,M,28,Haveri,Phishing Link / OTP Fraud,2816
2817,2026,A2,M,24,Haveri,Social Media Impersonation,2817
2818,2027,A1,M,40,Belagavi,Courier via Public Transport,2818
2819,2028,A1,M,22,Bengaluru City,Vehicle Theft (Parked),2819
2820,2029,A1,F,41,Chamarajanagar,Snatching in Transit,2820
2821,2029,A2,M,26,Chamarajanagar,Vehicle Theft (Parked),2821
2822,2030,A1,M,25,Raichur,Dowry-Related Coercion,2822
2823,2030,A2,M,24,Raichur,Dowry-Related Coercion,2823
2824,2031,A1,M,34,Tumakuru,Vehicle Theft (Parked),2824
2825,2031,A2,M,16,Tumakuru,Night-time House Break-in,2825
2826,2031,A3,M,28,Tumakuru,Shop Lock-Break,2826
2827,2032,A1,M,27,Belagavi,Snatching in Transit,2827
2828,2033,A1,M,47,Chamarajanagar,Shop Lock-Break,2828
2829,2034,A1,F,26,Chamarajanagar,Social-Media Incited Assembly,2829
2830,2035,A1,M,28,Belagavi,Snatching in Transit,2830
2831,2035,A2,M,39,Belagavi,Shop Lock-Break,2831
2832,2035,A3,M,41,Belagavi,Vehicle Theft (Parked),2832
2833,2036,A1,M,29,Haveri,Snatching in Transit,2833
2834,2037,A1,M,33,Kalaburagi,Snatching in Transit,2834
2835,2038,A1,M,35,Davanagere,Snatching in Transit,2835
2836,2039,A1,M,41,Ramanagara,Stalking Prior to Offence,2836
2837,2039,A2,M,23,Ramanagara,Stalking Prior to Offence,2837
2838,2039,A3,M,32,Ramanagara,Stalking Prior to Offence,2838
2839,2040,A1,M,18,Hassan,Dowry-Related Coercion,2839
2840,2041,A1,M,45,Raichur,Cheque Bounce Fraud,2840
2841,2042,A1,M,30,Tumakuru,Shop Lock-Break,2841
2842,2043,A1,M,29,Bengaluru Rural,Organized Group Mobilization,2842
2843,2044,A1,M,16,Bagalkot,Confrontation over Dispute,2843
2844,2045,A1,M,16,Tumakuru,Workplace Harassment,2844
2845,2046,A1,M,26,Bengaluru City,Confrontation over Dispute,2845
2846,2047,A1,M,26,Kolar,Workplace Harassment,2846
2847,2047,A2,M,32,Kolar,Workplace Harassment,2847
2848,2048,A1,M,25,Gadag,Shop Lock-Break,2848
2849,2049,A1,M,43,Tumakuru,Social Media Impersonation,2849
2850,2050,A1,M,24,Chitradurga,Forged Document Trail,2850
2851,2050,A2,F,33,Chitradurga,Chit Fund Default,2851
2852,2051,A1,M,26,Hassan,Shop Lock-Break,2852
2853,2052,A1,M,36,Ballari,Shop Lock-Break,2853
2854,2053,A1,M,33,Haveri,Sudden Armed Assault,2854
2855,2053,A2,M,27,Haveri,Sudden Armed Assault,2855
2856,2054,A1,F,26,Mysuru,Dowry-Related Coercion,2856
2857,2055,A1,M,24,Shivamogga,Stalking Prior to Offence,2857
2858,2055,A2,M,39,Shivamogga,Workplace Harassment,2858
2859,2056,A1,F,21,Hubballi-Dharwad,Group Attack (Prior Enmity),2859
2860,2057,A1,M,35,Yadgir,Cross-Border Transit Route,2860
2861,2058,A1,M,16,Raichur,Home Cultivation/Storage,2861
2862,2059,A1,M,32,Koppal,Shell Company Cheating,2862
2863,2060,A1,M,35,Tumakuru,Break-in via Rear Entry,2863
2864,2060,A2,M,32,Tumakuru,Snatching in Transit,2864
2865,2061,A1,M,19,Hubballi-Dharwad,SIM-Swap Fraud,2865
2866,2062,A1,M,36,Chikkamagaluru,Break-in via Rear Entry,2866
2867,2063,A1,M,36,Raichur,Confrontation over Dispute,2867
2868,2063,A2,M,41,Raichur,Group Attack (Prior Enmity),2868
2869,2064,A1,M,34,Davanagere,Cheque Bounce Fraud,2869
2870,2064,A2,M,37,Davanagere,Shell Company Cheating,2870
2871,2065,A1,M,29,Chamarajanagar,Break-in via Rear Entry,2871
2872,2067,A1,M,16,Mysuru,Known-Person Domestic Abuse,2872
2873,2067,A2,M,34,Mysuru,Stalking Prior to Offence,2873
2874,2067,A3,M,16,Mysuru,Stalking Prior to Offence,2874
2875,2068,A1,F,40,Ramanagara,Group Attack (Prior Enmity),2875
2876,2069,A1,M,26,Tumakuru,Weapon-Assisted Assault,2876
2877,2069,A2,M,38,Tumakuru,Sudden Armed Assault,2877
2878,2070,A1,F,37,Bengaluru Rural,Break-in via Rear Entry,2878
2879,2071,A1,M,19,Mangaluru (Dakshina Kannada),Cross-Border Transit Route,2879
2880,2071,A2,M,29,Mangaluru (Dakshina Kannada),Cross-Border Transit Route,2880
2881,2072,A1,M,24,Belagavi,Phishing Link / OTP Fraud,2881
2882,2073,A1,M,46,Raichur,Confrontation over Dispute,2882
2883,2074,A1,M,16,Mangaluru (Dakshina Kannada),Break-in via Rear Entry,2883
2884,2075,A1,M,21,Mangaluru (Dakshina Kannada),Confrontation over Dispute,2884
2885,2075,A2,M,36,Mangaluru (Dakshina Kannada),Group Attack (Prior Enmity),2885
2886,2076,A1,M,39,Kalaburagi,Weapon-Assisted Assault,2886
2887,2076,A2,M,22,Kalaburagi,Weapon-Assisted Assault,2887
2888,2077,A1,M,32,Mysuru,Break-in via Rear Entry,2888
2889,2077,A2,M,28,Mysuru,Snatching in Transit,2889
2890,2078,A1,F,16,Ramanagara,Workplace Harassment,2890
2891,2078,A2,M,29,Ramanagara,Workplace Harassment,2891
2892,2079,A1,M,36,Mysuru,Vehicle Theft (Parked),2892
2893,2080,A1,M,34,Kodagu,Shop Lock-Break,2893
2894,2081,A1,M,43,Kodagu,Vehicle Theft (Parked),2894
2895,2082,A1,M,20,Bengaluru Rural,Group Attack (Prior Enmity),2895
2896,2083,A1,F,30,Belagavi,Workplace Harassment,2896
2897,2083,A2,F,16,Belagavi,Known-Person Domestic Abuse,2897
2898,2083,A3,F,41,Belagavi,Stalking Prior to Offence,2898
2899,2084,A1,F,41,Bengaluru Rural,Group Attack (Prior Enmity),2899
2900,2084,A2,M,42,Bengaluru Rural,Confrontation over Dispute,2900
2901,2085,A1,M,35,Kolar,Group Attack (Prior Enmity),2901
2902,2085,A2,M,20,Kolar,Group Attack (Prior Enmity),2902
2903,2086,A1,M,16,Davanagere,Chit Fund Default,2903
2904,2086,A2,M,18,Davanagere,Cheque Bounce Fraud,2904
2905,2087,A1,M,29,Bengaluru Rural,Confrontation over Dispute,2905
2906,2087,A2,M,21,Bengaluru Rural,Group Attack (Prior Enmity),2906
2907,2088,A1,M,30,Belagavi,Shop Lock-Break,2907
2908,2089,A1,M,30,Haveri,Phishing Link / OTP Fraud,2908
2909,2089,A2,M,23,Haveri,Social Media Impersonation,2909
2910,2089,A3,M,18,Haveri,Fake Investment App,2910
2911,2091,A1,M,32,Bengaluru City,Cheque Bounce Fraud,2911
2912,2091,A2,F,35,Bengaluru City,Shell Company Cheating,2912
2913,2092,A1,M,35,Ramanagara,Sudden Armed Assault,2913
2914,2093,A1,M,16,Kalaburagi,Stalking Prior to Offence,2914
2915,2094,A1,M,27,Hassan,Vehicle Theft (Parked),2915
2916,2095,A1,M,20,Hassan,Social-Media Incited Assembly,2916
2917,2096,A1,M,16,Mangaluru (Dakshina Kannada),Shell Company Cheating,2917
2918,2096,A2,M,21,Mangaluru (Dakshina Kannada),Chit Fund Default,2918
2919,2097,A1,M,38,Belagavi,Confrontation over Dispute,2919
2920,2097,A2,F,22,Belagavi,Group Attack (Prior Enmity),2920
2921,2098,A1,M,33,Hubballi-Dharwad,Workplace Harassment,2921
2922,2099,A1,M,16,Mysuru,Vehicle Theft (Parked),2922
2923,2101,A1,M,27,Vijayapura,Cross-Border Transit Route,2923
2924,2102,A1,M,30,Belagavi,Break-in via Rear Entry,2924
2925,2102,A2,F,29,Belagavi,Shop Lock-Break,2925
2926,2102,A3,M,32,Belagavi,Vehicle Theft (Parked),2926
2927,2103,A1,M,32,Raichur,Dowry-Related Coercion,2927
2928,2104,A1,M,16,Belagavi,Forged Document Trail,2928
2929,2106,A1,M,29,Kalaburagi,Known-Person Domestic Abuse,2929
2930,2107,A1,M,36,Bengaluru Rural,Group Attack (Prior Enmity),2930
2931,2108,A1,M,33,Hassan,Workplace Harassment,2931
2932,2109,A1,M,34,Bengaluru Rural,Phishing Link / OTP Fraud,2932
2933,2109,A2,M,36,Bengaluru Rural,SIM-Swap Fraud,2933
2934,2110,A1,M,25,Tumakuru,Stalking Prior to Offence,2934
2935,2111,A1,M,19,Kolar,Home Cultivation/Storage,2935
2936,2111,A2,M,16,Kolar,Cross-Border Transit Route,2936
2937,2111,A3,M,35,Kolar,Home Cultivation/Storage,2937
2938,2112,A1,M,25,Hassan,Forged Document Trail,2938
2939,2113,A1,F,41,Mysuru,Group Attack (Prior Enmity),2939
2940,2113,A2,M,49,Mysuru,Sudden Armed Assault,2940
2941,2114,A1,M,37,Mysuru,Chit Fund Default,2941
2942,2115,A1,M,20,Vijayapura,Group Attack (Prior Enmity),2942
2943,2116,A1,M,23,Kolar,Shop Lock-Break,2943
2944,2117,A1,M,27,Kolar,Group Attack (Prior Enmity),2944
2945,2117,A2,M,31,Kolar,Group Attack (Prior Enmity),2945
2946,2118,A1,M,35,Mysuru,Social-Media Incited Assembly,2946
2947,2119,A1,M,21,Raichur,Weapon-Assisted Assault,2947
2948,2119,A2,M,40,Raichur,Weapon-Assisted Assault,2948
2949,2120,A1,M,34,Belagavi,Shop Lock-Break,2949
2950,2122,A1,M,46,Chitradurga,Shell Company Cheating,2950
2951,2123,A1,M,16,Davanagere,Night-time House Break-in,2951
2952,2124,A1,M,18,Kalaburagi,Known-Person Domestic Abuse,2952
2953,2125,A1,M,24,Bengaluru City,Forged Document Trail,2953
2954,2125,A2,M,30,Bengaluru City,Chit Fund Default,2954
2955,2126,A1,M,24,Davanagere,Group Attack (Prior Enmity),2955
2956,2126,A2,M,16,Davanagere,Group Attack (Prior Enmity),2956
2957,2127,A1,M,31,Gadag,Group Attack (Prior Enmity),2957
2958,2128,A1,M,38,Koppal,Phishing Link / OTP Fraud,2958
2959,2128,A2,M,37,Koppal,Phishing Link / OTP Fraud,2959
2960,2129,A1,M,21,Kolar,Forged Document Trail,2960
2961,2131,A1,M,19,Mysuru,Snatching in Transit,2961
2962,2132,A1,M,31,Mysuru,Forged Document Trail,2962
2963,2132,A2,M,27,Mysuru,Shell Company Cheating,2963
2964,2133,A1,M,44,Belagavi,Sudden Armed Assault,2964
2965,2133,A2,M,29,Belagavi,Weapon-Assisted Assault,2965
2966,2134,A1,M,25,Chamarajanagar,Dowry-Related Coercion,2966
2967,2134,A2,M,31,Chamarajanagar,Dowry-Related Coercion,2967
2968,2135,A1,M,44,Koppal,Social-Media Incited Assembly,2968
2969,2136,A1,M,19,Chamarajanagar,Vehicle Theft (Parked),2969
2970,2137,A1,M,36,Bidar,Cross-Border Transit Route,2970
2971,2137,A2,M,26,Bidar,Home Cultivation/Storage,2971
2972,2138,A1,M,26,Kodagu,Stalking Prior to Offence,2972
2973,2138,A2,M,34,Kodagu,Known-Person Domestic Abuse,2973
2974,2139,A1,M,19,Raichur,Forged Document Trail,2974
2975,2140,A1,M,35,Mysuru,Forged Document Trail,2975
2976,2140,A2,M,27,Mysuru,Shell Company Cheating,2976
2977,2140,A3,M,33,Mysuru,Forged Document Trail,2977
2978,2141,A1,F,36,Mysuru,SIM-Swap Fraud,2978
2979,2142,A1,M,30,Mysuru,Stalking Prior to Offence,2979
2980,2142,A2,M,30,Mysuru,Dowry-Related Coercion,2980
2981,2142,A3,M,37,Mysuru,Stalking Prior to Offence,2981
2982,2143,A1,M,29,Bengaluru Rural,Night-time House Break-in,2982
2983,2143,A2,M,34,Bengaluru Rural,Night-time House Break-in,2983
2984,2144,A1,M,48,Shivamogga,SIM-Swap Fraud,2984
2985,2145,A1,M,34,Mangaluru (Dakshina Kannada),Workplace Harassment,2985
2986,2145,A2,M,43,Mangaluru (Dakshina Kannada),Known-Person Domestic Abuse,2986
2987,2145,A3,M,34,Mangaluru (Dakshina Kannada),Stalking Prior to Offence,2987
2988,2146,A1,M,32,Hubballi-Dharwad,Confrontation over Dispute,2988
2989,2146,A2,M,30,Hubballi-Dharwad,Sudden Armed Assault,2989
2990,2146,A3,M,31,Hubballi-Dharwad,Group Attack (Prior Enmity),2990
2991,2147,A1,M,16,Mysuru,Known-Person Domestic Abuse,2991
2992,2147,A2,M,16,Mysuru,Known-Person Domestic Abuse,2992
2993,2148,A1,M,31,Belagavi,Stalking Prior to Offence,2993
2994,2148,A2,F,23,Belagavi,Dowry-Related Coercion,2994
2995,2148,A3,M,24,Belagavi,Workplace Harassment,2995
2996,2149,A1,M,39,Mangaluru (Dakshina Kannada),Break-in via Rear Entry,2996
2997,2150,A1,M,16,Mangaluru (Dakshina Kannada),Shop Lock-Break,2997
2998,2150,A2,M,36,Mangaluru (Dakshina Kannada),Shop Lock-Break,2998
2999,2151,A1,M,31,Yadgir,Workplace Harassment,2999
3000,2152,A1,F,34,Belagavi,Courier via Public Transport,3000
3001,2153,A1,M,36,Yadgir,Stalking Prior to Offence,3001
3002,2154,A1,M,23,Hassan,Weapon-Assisted Assault,3002
3003,2155,A1,M,24,Udupi,Workplace Harassment,3003
3004,2156,A1,M,20,Haveri,Shop Lock-Break,3004
3005,2157,A1,M,27,Hubballi-Dharwad,Forged Document Trail,3005
3006,2157,A2,F,37,Hubballi-Dharwad,Forged Document Trail,3006
3007,2158,A1,F,35,Belagavi,Confrontation over Dispute,3007
3008,2159,A1,M,33,Chamarajanagar,Chit Fund Default,3008
3009,2159,A2,M,39,Chamarajanagar,Cheque Bounce Fraud,3009
3010,2159,A3,M,30,Chamarajanagar,Shell Company Cheating,3010
3011,2160,A1,M,38,Belagavi,Shop Lock-Break,3011
3012,2160,A2,M,30,Belagavi,Shop Lock-Break,3012
3013,2161,A1,M,20,Kalaburagi,Fake Investment App,3013
3014,2161,A2,M,39,Kalaburagi,Fake Investment App,3014
3015,2162,A1,M,16,Kodagu,Workplace Harassment,3015
3016,2162,A2,M,18,Kodagu,Workplace Harassment,3016
3017,2163,A1,M,29,Haveri,Home Cultivation/Storage,3017
3018,2164,A1,M,31,Chamarajanagar,Workplace Harassment,3018
3019,2165,A1,M,27,Mysuru,Confrontation over Dispute,3019
3020,2166,A1,F,24,Belagavi,Social Media Impersonation,3020
3021,2166,A2,M,28,Belagavi,Social Media Impersonation,3021
3022,2166,A3,M,16,Belagavi,Phishing Link / OTP Fraud,3022
3023,2167,A1,M,23,Bidar,Break-in via Rear Entry,3023
3024,2168,A1,M,42,Haveri,Confrontation over Dispute,3024
3025,2169,A1,M,40,Chamarajanagar,Social-Media Incited Assembly,3025
3026,2169,A2,M,22,Chamarajanagar,Social-Media Incited Assembly,3026
3027,2169,A3,M,34,Chamarajanagar,Social-Media Incited Assembly,3027
3028,2170,A1,M,33,Mysuru,Forged Document Trail,3028
3029,2171,A1,F,35,Raichur,Dowry-Related Coercion,3029
3030,2171,A2,M,16,Raichur,Stalking Prior to Offence,3030
3031,2172,A1,M,40,Bidar,SIM-Swap Fraud,3031
3032,2173,A1,M,24,Kolar,Social Media Impersonation,3032
3033,2173,A2,M,26,Kolar,Fake Investment App,3033
3034,2173,A3,M,48,Kolar,SIM-Swap Fraud,3034
3035,2174,A1,F,29,Chikkaballapur,Shell Company Cheating,3035
3036,2174,A2,M,27,Chikkaballapur,Cheque Bounce Fraud,3036
3037,2174,A3,M,38,Chikkaballapur,Shell Company Cheating,3037
3038,2175,A1,M,39,Udupi,Night-time House Break-in,3038
3039,2176,A1,M,29,Davanagere,Shop Lock-Break,3039
3040,2177,A1,M,36,Kalaburagi,Snatching in Transit,3040
3041,2177,A2,M,24,Kalaburagi,Break-in via Rear Entry,3041
3042,2177,A3,F,42,Kalaburagi,Shop Lock-Break,3042
3043,2178,A1,M,16,Hubballi-Dharwad,Snatching in Transit,3043
3044,2178,A2,M,35,Hubballi-Dharwad,Snatching in Transit,3044
3045,2179,A1,M,26,Kodagu,Known-Person Domestic Abuse,3045
3046,2180,A1,M,18,Ballari,Forged Document Trail,3046
3047,2181,A1,M,19,Bagalkot,Shell Company Cheating,3047
3048,2181,A2,M,34,Bagalkot,Shell Company Cheating,3048
3049,2182,A1,M,33,Bagalkot,Home Cultivation/Storage,3049
3050,2182,A2,M,35,Bagalkot,Home Cultivation/Storage,3050
3051,2182,A3,F,16,Bagalkot,Cross-Border Transit Route,3051
3052,2183,A1,M,29,Kolar,Night-time House Break-in,3052
3053,2184,A1,M,26,Bengaluru City,Break-in via Rear Entry,3053
3054,2184,A2,F,34,Bengaluru City,Break-in via Rear Entry,3054
3055,2185,A1,M,28,Mangaluru (Dakshina Kannada),Night-time House Break-in,3055
3056,2186,A1,M,24,Bidar,Forged Document Trail,3056
3057,2187,A1,F,22,Mysuru,Workplace Harassment,3057
3058,2188,A1,M,26,Udupi,Confrontation over Dispute,3058
3059,2188,A2,M,34,Udupi,Group Attack (Prior Enmity),3059
3060,2188,A3,M,34,Udupi,Confrontation over Dispute,3060
3061,2190,A1,M,16,Davanagere,Shell Company Cheating,3061
3062,2191,A1,M,29,Bengaluru City,Snatching in Transit,3062
3063,2192,A1,M,35,Kolar,Cheque Bounce Fraud,3063
3064,2192,A2,F,16,Kolar,Shell Company Cheating,3064
3065,2193,A1,M,32,Mangaluru (Dakshina Kannada),Fake Investment App,3065
3066,2193,A2,F,38,Mangaluru (Dakshina Kannada),Fake Investment App,3066
3067,2193,A3,M,29,Mangaluru (Dakshina Kannada),Fake Investment App,3067
3068,2194,A1,M,32,Bengaluru Rural,Sudden Armed Assault,3068
3069,2195,A1,M,20,Tumakuru,Break-in via Rear Entry,3069
3070,2196,A1,M,17,Udupi,Confrontation over Dispute,3070
3071,2197,A1,M,27,Udupi,Known-Person Domestic Abuse,3071
3072,2198,A1,M,34,Bengaluru Rural,Vehicle Theft (Parked),3072
3073,2198,A2,M,33,Bengaluru Rural,Night-time House Break-in,3073
3074,2199,A1,F,16,Tumakuru,Break-in via Rear Entry,3074
3075,2200,A1,M,29,Mysuru,Shell Company Cheating,3075
3076,2201,A1,M,39,Udupi,SIM-Swap Fraud,3076
3077,2202,A1,F,33,Shivamogga,Courier via Public Transport,3077
3078,2203,A1,M,20,Davanagere,Weapon-Assisted Assault,3078
3079,2204,A1,M,30,Ramanagara,Workplace Harassment,3079
3080,2206,A1,M,32,Hassan,Break-in via Rear Entry,3080
3081,2207,A1,F,29,Mysuru,Vehicle Theft (Parked),3081
3082,2207,A2,M,24,Mysuru,Night-time House Break-in,3082
3083,2208,A1,M,27,Mangaluru (Dakshina Kannada),Break-in via Rear Entry,3083
3084,2208,A2,M,25,Mangaluru (Dakshina Kannada),Snatching in Transit,3084
3085,2209,A1,M,32,Bengaluru City,Social-Media Incited Assembly,3085
3086,2209,A2,M,25,Bengaluru City,Social-Media Incited Assembly,3086
3087,2210,A1,M,33,Bengaluru Rural,Confrontation over Dispute,3087
3088,2210,A2,M,16,Bengaluru Rural,Group Attack (Prior Enmity),3088
3089,2211,A1,M,41,Mangaluru (Dakshina Kannada),Vehicle Theft (Parked),3089
3090,2212,A1,M,37,Shivamogga,Workplace Harassment,3090
3091,2212,A2,M,27,Shivamogga,Dowry-Related Coercion,3091
3092,2214,A1,M,26,Belagavi,Known-Person Domestic Abuse,3092
3093,2215,A1,M,31,Koppal,Workplace Harassment,3093
3094,2216,A1,M,16,Bengaluru Rural,Weapon-Assisted Assault,3094
3095,2217,A1,M,45,Bagalkot,Night-time House Break-in,3095
3096,2218,A1,F,36,Bengaluru Rural,Known-Person Domestic Abuse,3096
3097,2218,A2,M,31,Bengaluru Rural,Known-Person Domestic Abuse,3097
3098,2218,A3,M,23,Bengaluru Rural,Known-Person Domestic Abuse,3098
3099,2219,A1,M,24,Belagavi,Night-time House Break-in,3099
3100,2220,A1,M,27,Davanagere,Shell Company Cheating,3100
3101,2221,A1,M,32,Chikkamagaluru,Dowry-Related Coercion,3101
3102,2221,A2,M,32,Chikkamagaluru,Dowry-Related Coercion,3102
3103,2221,A3,M,39,Chikkamagaluru,Workplace Harassment,3103
3104,2223,A1,M,20,Gadag,Stalking Prior to Offence,3104
3105,2224,A1,M,32,Raichur,Night-time House Break-in,3105
3106,2225,A1,M,26,Hassan,Forged Document Trail,3106
3107,2227,A1,M,25,Mysuru,Snatching in Transit,3107
3108,2228,A1,M,22,Bengaluru Rural,Weapon-Assisted Assault,3108
3109,2229,A1,M,22,Kodagu,Phishing Link / OTP Fraud,3109
3110,2230,A1,M,21,Raichur,Workplace Harassment,3110
3111,2231,A1,M,16,Kodagu,Shop Lock-Break,3111
3112,2231,A2,M,25,Kodagu,Vehicle Theft (Parked),3112
3113,2231,A3,F,23,Kodagu,Vehicle Theft (Parked),3113
3114,2232,A1,M,16,Mysuru,Vehicle Theft (Parked),3114
3115,2232,A2,M,33,Mysuru,Snatching in Transit,3115
3116,2232,A3,M,23,Mysuru,Vehicle Theft (Parked),3116
3117,2233,A1,M,17,Bengaluru Rural,Workplace Harassment,3117
3118,2234,A1,M,29,Belagavi,SIM-Swap Fraud,3118
3119,2235,A1,M,31,Belagavi,Cross-Border Transit Route,3119
3120,2235,A2,M,30,Belagavi,Home Cultivation/Storage,3120
3121,2235,A3,M,28,Belagavi,Cross-Border Transit Route,3121
3122,2236,A1,M,43,Chamarajanagar,Break-in via Rear Entry,3122
3123,2236,A2,M,26,Chamarajanagar,Vehicle Theft (Parked),3123
3124,2237,A1,M,23,Vijayapura,Vehicle Theft (Parked),3124
3125,2237,A2,M,44,Vijayapura,Night-time House Break-in,3125
3126,2238,A1,M,37,Chitradurga,Break-in via Rear Entry,3126
3127,2238,A2,M,33,Chitradurga,Vehicle Theft (Parked),3127
3128,2238,A3,F,20,Chitradurga,Vehicle Theft (Parked),3128
3129,2239,A1,F,31,Bengaluru City,Break-in via Rear Entry,3129
3130,2240,A1,M,19,Tumakuru,Shop Lock-Break,3130
3131,2241,A1,M,24,Bengaluru Rural,Confrontation over Dispute,3131
3132,2242,A1,M,35,Bengaluru City,Confrontation over Dispute,3132
3133,2242,A2,M,36,Bengaluru City,Sudden Armed Assault,3133
3134,2243,A1,M,34,Bidar,Stalking Prior to Offence,3134
3135,2245,A1,M,20,Raichur,Break-in via Rear Entry,3135
3136,2246,A1,M,17,Davanagere,Snatching in Transit,3136
3137,2247,A1,M,16,Belagavi,Known-Person Domestic Abuse,3137
3138,2249,A1,M,35,Gadag,Cross-Border Transit Route,3138
3139,2249,A2,M,25,Gadag,Home Cultivation/Storage,3139
3140,2249,A3,F,36,Gadag,Home Cultivation/Storage,3140
3141,2250,A1,M,32,Yadgir,Workplace Harassment,3141
3142,2250,A2,M,24,Yadgir,Dowry-Related Coercion,3142
3143,2251,A1,F,32,Gadag,Forged Document Trail,3143
3144,2252,A1,M,23,Chikkamagaluru,Weapon-Assisted Assault,3144
3145,2253,A1,M,23,Tumakuru,Break-in via Rear Entry,3145
3146,2254,A1,M,32,Bidar,Vehicle Theft (Parked),3146
3147,2255,A1,M,26,Ramanagara,Group Attack (Prior Enmity),3147
3148,2255,A2,F,33,Ramanagara,Weapon-Assisted Assault,3148
3149,2255,A3,M,30,Ramanagara,Confrontation over Dispute,3149
3150,2256,A1,M,32,Bagalkot,Shell Company Cheating,3150
3151,2257,A1,M,30,Hubballi-Dharwad,Snatching in Transit,3151
3152,2259,A1,M,32,Bagalkot,Fake Investment App,3152
3153,2260,A1,M,27,Bengaluru City,Shop Lock-Break,3153
3154,2260,A2,F,16,Bengaluru City,Night-time House Break-in,3154
3155,2261,A1,M,21,Hubballi-Dharwad,Dowry-Related Coercion,3155
3156,2261,A2,M,21,Hubballi-Dharwad,Dowry-Related Coercion,3156
3157,2262,A1,M,17,Yadgir,Home Cultivation/Storage,3157
3158,2264,A1,M,36,Belagavi,Snatching in Transit,3158
3159,2265,A1,M,16,Bidar,Known-Person Domestic Abuse,3159
3160,2265,A2,M,42,Bidar,Known-Person Domestic Abuse,3160
3161,2265,A3,M,33,Bidar,Dowry-Related Coercion,3161
3162,2266,A1,M,28,Bengaluru Rural,Night-time House Break-in,3162
3163,2266,A2,M,47,Bengaluru Rural,Vehicle Theft (Parked),3163
3164,2266,A3,F,29,Bengaluru Rural,Vehicle Theft (Parked),3164
3165,2267,A1,M,30,Belagavi,Vehicle Theft (Parked),3165
3166,2268,A1,M,35,Udupi,Stalking Prior to Offence,3166
3167,2269,A1,M,28,Mysuru,Chit Fund Default,3167
3168,2270,A1,M,28,Chikkaballapur,Break-in via Rear Entry,3168
3169,2271,A1,M,17,Bengaluru Rural,Social Media Impersonation,3169
3170,2272,A1,M,40,Haveri,Workplace Harassment,3170
3171,2272,A2,M,30,Haveri,Dowry-Related Coercion,3171
3172,2273,A1,M,28,Davanagere,Confrontation over Dispute,3172
3173,2273,A2,M,25,Davanagere,Weapon-Assisted Assault,3173
3174,2273,A3,M,27,Davanagere,Confrontation over Dispute,3174
3175,2275,A1,F,34,Yadgir,Break-in via Rear Entry,3175
3176,2276,A1,M,38,Belagavi,Weapon-Assisted Assault,3176
3177,2277,A1,M,41,Uttara Kannada,Dowry-Related Coercion,3177
3178,2277,A2,M,29,Uttara Kannada,Stalking Prior to Offence,3178
3179,2279,A1,M,20,Ramanagara,Group Attack (Prior Enmity),3179
3180,2280,A1,M,42,Mysuru,Known-Person Domestic Abuse,3180
3181,2280,A2,M,16,Mysuru,Known-Person Domestic Abuse,3181
3182,2281,A1,M,32,Kodagu,Sudden Armed Assault,3182
3183,2282,A1,M,22,Belagavi,Shell Company Cheating,3183
3184,2282,A2,M,24,Belagavi,Cheque Bounce Fraud,3184
3185,2283,A1,M,19,Belagavi,Known-Person Domestic Abuse,3185
3186,2283,A2,M,24,Belagavi,Dowry-Related Coercion,3186
3187,2285,A1,M,20,Bengaluru Rural,Night-time House Break-in,3187
3188,2286,A1,M,16,Bidar,Vehicle Theft (Parked),3188
3189,2286,A2,M,32,Bidar,Night-time House Break-in,3189
3190,2287,A1,F,24,Raichur,Shell Company Cheating,3190
3191,2288,A1,M,33,Koppal,Vehicle Theft (Parked),3191
3192,2289,A1,M,44,Belagavi,Confrontation over Dispute,3192
3193,2290,A1,M,27,Davanagere,Shop Lock-Break,3193
3194,2290,A2,M,43,Davanagere,Night-time House Break-in,3194
3195,2291,A1,M,21,Hassan,Dowry-Related Coercion,3195
3196,2293,A1,M,39,Udupi,Social-Media Incited Assembly,3196
3197,2294,A1,M,33,Davanagere,Phishing Link / OTP Fraud,3197
3198,2295,A1,M,34,Bengaluru City,Sudden Armed Assault,3198
3199,2296,A1,F,23,Udupi,Confrontation over Dispute,3199
3200,2297,A1,M,25,Mysuru,Shop Lock-Break,3200
3201,2297,A2,M,28,Mysuru,Break-in via Rear Entry,3201
3202,2298,A1,M,16,Chamarajanagar,Break-in via Rear Entry,3202
3203,2298,A2,M,53,Chamarajanagar,Night-time House Break-in,3203
3204,2298,A3,M,32,Chamarajanagar,Night-time House Break-in,3204
3205,2299,A1,M,16,Chikkamagaluru,Vehicle Theft (Parked),3205
3206,2299,A2,F,48,Chikkamagaluru,Snatching in Transit,3206
3207,2300,A1,F,37,Shivamogga,Shop Lock-Break,3207
3208,2300,A2,M,28,Shivamogga,Shop Lock-Break,3208
3209,2300,A3,M,16,Shivamogga,Vehicle Theft (Parked),3209
3210,2302,A1,M,20,Mysuru,Confrontation over Dispute,3210
3211,2304,A1,M,36,Chikkaballapur,Workplace Harassment,3211
3212,2304,A2,M,32,Chikkaballapur,Stalking Prior to Offence,3212
3213,2304,A3,M,18,Chikkaballapur,Dowry-Related Coercion,3213
3214,2305,A1,M,20,Hubballi-Dharwad,Vehicle Theft (Parked),3214
3215,2306,A1,M,41,Bengaluru City,Organized Group Mobilization,3215
3216,2307,A1,M,22,Mangaluru (Dakshina Kannada),Weapon-Assisted Assault,3216
3217,2308,A1,M,34,Bidar,Dowry-Related Coercion,3217
3218,2308,A2,M,40,Bidar,Known-Person Domestic Abuse,3218
3219,2309,A1,M,16,Tumakuru,Social Media Impersonation,3219
3220,2311,A1,M,17,Bengaluru Rural,Fake Investment App,3220
3221,2312,A1,M,30,Hassan,Chit Fund Default,3221
3222,2312,A2,M,33,Hassan,Shell Company Cheating,3222
3223,2313,A1,M,29,Hassan,Stalking Prior to Offence,3223
3224,2314,A1,M,33,Davanagere,Weapon-Assisted Assault,3224
3225,2315,A1,M,40,Chamarajanagar,Workplace Harassment,3225
3226,2315,A2,M,29,Chamarajanagar,Stalking Prior to Offence,3226
3227,2315,A3,M,33,Chamarajanagar,Known-Person Domestic Abuse,3227
3228,2316,A1,F,49,Davanagere,Known-Person Domestic Abuse,3228
3229,2316,A2,M,35,Davanagere,Workplace Harassment,3229
3230,2317,A1,M,16,Bengaluru Rural,Weapon-Assisted Assault,3230
3231,2318,A1,M,16,Mangaluru (Dakshina Kannada),Forged Document Trail,3231
3232,2318,A2,M,35,Mangaluru (Dakshina Kannada),Shell Company Cheating,3232
3233,2319,A1,M,28,Belagavi,Confrontation over Dispute,3233
3234,2320,A1,M,36,Belagavi,Sudden Armed Assault,3234
3235,2321,A1,M,40,Bengaluru Rural,Workplace Harassment,3235
3236,2322,A1,M,34,Chamarajanagar,Workplace Harassment,3236
3237,2323,A1,M,29,Mandya,Cross-Border Transit Route,3237
3238,2324,A1,M,42,Udupi,Night-time House Break-in,3238
3239,2325,A1,M,20,Hassan,Stalking Prior to Offence,3239
3240,2325,A2,M,16,Hassan,Stalking Prior to Offence,3240
3241,2325,A3,M,21,Hassan,Dowry-Related Coercion,3241
3242,2326,A1,F,40,Bengaluru City,Workplace Harassment,3242
3243,2327,A1,M,26,Bengaluru Rural,Shell Company Cheating,3243
3244,2328,A1,M,38,Bengaluru Rural,Chit Fund Default,3244
3245,2329,A1,M,20,Yadgir,Shell Company Cheating,3245
3246,2330,A1,M,16,Gadag,Night-time House Break-in,3246
3247,2330,A2,M,38,Gadag,Shop Lock-Break,3247
3248,2331,A1,M,38,Ballari,Night-time House Break-in,3248
3249,2332,A1,M,22,Belagavi,Weapon-Assisted Assault,3249
3250,2333,A1,M,38,Hubballi-Dharwad,Stalking Prior to Offence,3250
3251,2334,A1,M,24,Kolar,Stalking Prior to Offence,3251
3252,2334,A2,M,30,Kolar,Known-Person Domestic Abuse,3252
3253,2334,A3,M,30,Kolar,Known-Person Domestic Abuse,3253
3254,2335,A1,M,41,Chikkaballapur,Vehicle Theft (Parked),3254
3255,2335,A2,M,24,Chikkaballapur,Snatching in Transit,3255
3256,2336,A1,M,28,Tumakuru,Known-Person Domestic Abuse,3256
3257,2337,A1,M,27,Ballari,Sudden Armed Assault,3257
3258,2338,A1,M,23,Belagavi,Known-Person Domestic Abuse,3258
3259,2338,A2,M,41,Belagavi,Dowry-Related Coercion,3259
3260,2339,A1,F,17,Vijayapura,Phishing Link / OTP Fraud,3260
3261,2340,A1,M,27,Davanagere,Forged Document Trail,3261
3262,2342,A1,M,35,Kodagu,Dowry-Related Coercion,3262
3263,2343,A1,M,18,Davanagere,Shell Company Cheating,3263
3264,2344,A1,M,39,Bengaluru Rural,Break-in via Rear Entry,3264
3265,2345,A1,M,28,Bengaluru Rural,Cheque Bounce Fraud,3265
3266,2345,A2,M,16,Bengaluru Rural,Cheque Bounce Fraud,3266
3267,2346,A1,M,19,Tumakuru,Fake Investment App,3267
3268,2347,A1,M,17,Mangaluru (Dakshina Kannada),SIM-Swap Fraud,3268
3269,2348,A1,F,22,Mysuru,Chit Fund Default,3269
3270,2348,A2,M,38,Mysuru,Forged Document Trail,3270
3271,2349,A1,M,38,Yadgir,Stalking Prior to Offence,3271
3272,2350,A1,M,27,Kalaburagi,Dowry-Related Coercion,3272
3273,2350,A2,M,29,Kalaburagi,Known-Person Domestic Abuse,3273
3274,2350,A3,M,18,Kalaburagi,Stalking Prior to Offence,3274
3275,2351,A1,M,26,Bengaluru Rural,Social Media Impersonation,3275
3276,2352,A1,M,25,Hassan,Night-time House Break-in,3276
3277,2353,A1,M,34,Ramanagara,Snatching in Transit,3277
3278,2353,A2,M,37,Ramanagara,Shop Lock-Break,3278
3279,2354,A1,M,36,Hubballi-Dharwad,Snatching in Transit,3279
3280,2354,A2,M,22,Hubballi-Dharwad,Night-time House Break-in,3280
3281,2355,A1,M,36,Hubballi-Dharwad,Group Attack (Prior Enmity),3281
3282,2355,A2,M,25,Hubballi-Dharwad,Weapon-Assisted Assault,3282
3283,2356,A1,M,19,Shivamogga,Phishing Link / OTP Fraud,3283
3284,2357,A1,M,42,Kolar,Vehicle Theft (Parked),3284
3285,2358,A1,M,51,Bidar,Vehicle Theft (Parked),3285
3286,2359,A1,M,25,Chamarajanagar,Confrontation over Dispute,3286
3287,2360,A1,M,32,Belagavi,Social-Media Incited Assembly,3287
3288,2361,A1,M,25,Tumakuru,Forged Document Trail,3288
3289,2363,A1,M,17,Ramanagara,Group Attack (Prior Enmity),3289
3290,2364,A1,M,22,Kolar,Home Cultivation/Storage,3290
3291,2365,A1,M,36,Mangaluru (Dakshina Kannada),Dowry-Related Coercion,3291
3292,2366,A1,M,26,Kalaburagi,Break-in via Rear Entry,3292
3293,2367,A1,F,20,Bengaluru Rural,Shop Lock-Break,3293
3294,2368,A1,M,32,Bengaluru City,Stalking Prior to Offence,3294
3295,2369,A1,M,32,Raichur,Forged Document Trail,3295
3296,2370,A1,M,34,Kodagu,Shell Company Cheating,3296
3297,2370,A2,M,23,Kodagu,Cheque Bounce Fraud,3297
3298,2371,A1,F,26,Yadgir,Social Media Impersonation,3298
3299,2371,A2,M,42,Yadgir,Fake Investment App,3299
3300,2371,A3,M,34,Yadgir,Phishing Link / OTP Fraud,3300
3301,2372,A1,M,22,Belagavi,Group Attack (Prior Enmity),3301
3302,2373,A1,M,45,Chamarajanagar,Dowry-Related Coercion,3302
3303,2374,A1,M,27,Bengaluru City,Dowry-Related Coercion,3303
3304,2375,A1,M,19,Ballari,Weapon-Assisted Assault,3304
3305,2375,A2,M,33,Ballari,Group Attack (Prior Enmity),3305
3306,2377,A1,M,20,Belagavi,Forged Document Trail,3306
3307,2379,A1,M,16,Hubballi-Dharwad,Night-time House Break-in,3307
3308,2380,A1,M,32,Davanagere,Snatching in Transit,3308
3309,2380,A2,M,36,Davanagere,Snatching in Transit,3309
3310,2381,A1,M,36,Hassan,Cheque Bounce Fraud,3310
3311,2382,A1,M,26,Bengaluru Rural,Vehicle Theft (Parked),3311
3312,2383,A1,F,16,Bengaluru Rural,Group Attack (Prior Enmity),3312
3313,2384,A1,F,44,Mysuru,Night-time House Break-in,3313
3314,2384,A2,M,31,Mysuru,Night-time House Break-in,3314
3315,2385,A1,M,36,Bengaluru Rural,Cheque Bounce Fraud,3315
3316,2385,A2,F,37,Bengaluru Rural,Cheque Bounce Fraud,3316
3317,2386,A1,F,16,Bengaluru Rural,Forged Document Trail,3317
3318,2387,A1,M,26,Kalaburagi,Workplace Harassment,3318
3319,2387,A2,M,28,Kalaburagi,Workplace Harassment,3319
3320,2388,A1,F,33,Kolar,Stalking Prior to Offence,3320
3321,2388,A2,M,40,Kolar,Workplace Harassment,3321
3322,2388,A3,F,16,Kolar,Stalking Prior to Offence,3322
3323,2389,A1,M,19,Tumakuru,Forged Document Trail,3323
3324,2389,A2,M,24,Tumakuru,Cheque Bounce Fraud,3324
3325,2390,A1,M,16,Shivamogga,Workplace Harassment,3325
3326,2391,A1,M,27,Haveri,Social Media Impersonation,3326
3327,2392,A1,F,21,Bengaluru City,Vehicle Theft (Parked),3327
3328,2393,A1,M,38,Bengaluru City,Social Media Impersonation,3328
3329,2393,A2,M,25,Bengaluru City,Phishing Link / OTP Fraud,3329
3330,2394,A1,M,38,Davanagere,Sudden Armed Assault,3330
3331,2394,A2,M,23,Davanagere,Group Attack (Prior Enmity),3331
3332,2395,A1,M,28,Bidar,Night-time House Break-in,3332
3333,2396,A1,M,35,Belagavi,Shop Lock-Break,3333
3334,2396,A2,M,16,Belagavi,Shop Lock-Break,3334
3335,2396,A3,M,23,Belagavi,Shop Lock-Break,3335
3336,2397,A1,M,28,Udupi,Group Attack (Prior Enmity),3336
3337,2398,A1,M,23,Belagavi,Weapon-Assisted Assault,3337
3338,2399,A1,M,31,Kodagu,Shop Lock-Break,3338
3339,2400,A1,M,25,Chamarajanagar,Weapon-Assisted Assault,3339
3340,2401,A1,F,17,Ballari,Group Attack (Prior Enmity),3340
3341,2402,A1,F,36,Tumakuru,Workplace Harassment,3341
3342,2403,A1,M,28,Hubballi-Dharwad,Sudden Armed Assault,3342
3343,2404,A1,M,29,Udupi,Shop Lock-Break,3343
3344,2404,A2,M,16,Udupi,Shop Lock-Break,3344
3345,2405,A1,M,30,Vijayapura,Known-Person Domestic Abuse,3345
3346,2406,A1,M,26,Bengaluru City,Home Cultivation/Storage,3346
3347,2406,A2,M,24,Bengaluru City,Cross-Border Transit Route,3347
3348,2406,A3,F,32,Bengaluru City,Home Cultivation/Storage,3348
3349,2408,A1,M,30,Chamarajanagar,Known-Person Domestic Abuse,3349
3350,2408,A2,M,27,Chamarajanagar,Known-Person Domestic Abuse,3350
3351,2409,A1,M,24,Gadag,Weapon-Assisted Assault,3351
3352,2410,A1,M,22,Bidar,Vehicle Theft (Parked),3352
3353,2410,A2,M,32,Bidar,Vehicle Theft (Parked),3353
3354,2412,A1,M,48,Tumakuru,Group Attack (Prior Enmity),3354
3355,2413,A1,M,16,Hubballi-Dharwad,Cheque Bounce Fraud,3355
3356,2414,A1,M,34,Ramanagara,Vehicle Theft (Parked),3356
3357,2414,A2,M,26,Ramanagara,Vehicle Theft (Parked),3357
3358,2415,A1,M,37,Raichur,Snatching in Transit,3358
3359,2416,A1,F,29,Belagavi,Fake Investment App,3359
3360,2416,A2,M,33,Belagavi,Social Media Impersonation,3360
3361,2417,A1,F,28,Belagavi,Vehicle Theft (Parked),3361
3362,2418,A1,M,35,Kodagu,Vehicle Theft (Parked),3362
3363,2419,A1,M,41,Yadgir,Chit Fund Default,3363
3364,2419,A2,M,29,Yadgir,Forged Document Trail,3364
3365,2419,A3,M,36,Yadgir,Chit Fund Default,3365
3366,2420,A1,M,26,Tumakuru,Fake Investment App,3366
3367,2421,A1,F,22,Davanagere,Shop Lock-Break,3367
3368,2422,A1,M,25,Ballari,Workplace Harassment,3368
3369,2423,A1,M,25,Mangaluru (Dakshina Kannada),Break-in via Rear Entry,3369
3370,2423,A2,M,34,Mangaluru (Dakshina Kannada),Vehicle Theft (Parked),3370
3371,2424,A1,M,27,Kolar,Shell Company Cheating,3371
3372,2424,A2,M,17,Kolar,Chit Fund Default,3372
3373,2424,A3,M,31,Kolar,Cheque Bounce Fraud,3373
3374,2425,A1,M,33,Belagavi,SIM-Swap Fraud,3374
3375,2426,A1,M,16,Davanagere,Chit Fund Default,3375
3376,2427,A1,M,27,Tumakuru,Social Media Impersonation,3376
3377,2427,A2,M,27,Tumakuru,Social Media Impersonation,3377
3378,2428,A1,M,37,Bengaluru City,Cross-Border Transit Route,3378
3379,2429,A1,M,39,Udupi,Confrontation over Dispute,3379
3380,2429,A2,M,17,Udupi,Sudden Armed Assault,3380
3381,2430,A1,M,27,Mysuru,Group Attack (Prior Enmity),3381
3382,2430,A2,M,27,Mysuru,Weapon-Assisted Assault,3382
3383,2431,A1,F,23,Kolar,Night-time House Break-in,3383
3384,2432,A1,M,43,Mangaluru (Dakshina Kannada),Cross-Border Transit Route,3384
3385,2433,A1,M,28,Mangaluru (Dakshina Kannada),Home Cultivation/Storage,3385
3386,2434,A1,M,37,Belagavi,Dowry-Related Coercion,3386
3387,2435,A1,M,23,Kolar,Chit Fund Default,3387
3388,2436,A1,M,23,Bengaluru Rural,Break-in via Rear Entry,3388
3389,2437,A1,M,22,Belagavi,Sudden Armed Assault,3389
3390,2437,A2,M,17,Belagavi,Sudden Armed Assault,3390
3391,2438,A1,M,31,Belagavi,Cheque Bounce Fraud,3391
3392,2438,A2,M,23,Belagavi,Cheque Bounce Fraud,3392
3393,2440,A1,M,36,Belagavi,Workplace Harassment,3393
3394,2441,A1,M,27,Davanagere,Shell Company Cheating,3394
3395,2441,A2,M,29,Davanagere,Chit Fund Default,3395
3396,2441,A3,M,27,Davanagere,Chit Fund Default,3396
3397,2442,A1,F,33,Davanagere,Fake Investment App,3397
3398,2443,A1,M,36,Tumakuru,Social-Media Incited Assembly,3398
3399,2444,A1,F,25,Gadag,Night-time House Break-in,3399
3400,2444,A2,F,33,Gadag,Snatching in Transit,3400
3401,2445,A1,M,34,Chamarajanagar,Group Attack (Prior Enmity),3401
3402,2446,A1,M,30,Ramanagara,Night-time House Break-in,3402
3403,2446,A2,M,25,Ramanagara,Shop Lock-Break,3403
3404,2447,A1,M,23,Bidar,Vehicle Theft (Parked),3404
3405,2448,A1,F,32,Haveri,Night-time House Break-in,3405
3406,2449,A1,F,30,Kolar,Social Media Impersonation,3406
3407,2449,A2,M,21,Kolar,Social Media Impersonation,3407
3408,2450,A1,M,24,Shivamogga,Stalking Prior to Offence,3408
3409,2451,A1,M,24,Ramanagara,Confrontation over Dispute,3409
3410,2452,A1,M,30,Bengaluru Rural,Stalking Prior to Offence,3410
3411,2453,A1,M,17,Mysuru,Cheque Bounce Fraud,3411
3412,2455,A1,M,31,Mangaluru (Dakshina Kannada),Snatching in Transit,3412
3413,2455,A2,M,32,Mangaluru (Dakshina Kannada),Vehicle Theft (Parked),3413
3414,2456,A1,M,31,Kodagu,Weapon-Assisted Assault,3414
3415,2457,A1,M,36,Bengaluru Rural,Break-in via Rear Entry,3415
3416,2458,A1,M,40,Kodagu,Weapon-Assisted Assault,3416
3417,2459,A1,M,16,Gadag,Dowry-Related Coercion,3417
3418,2459,A2,M,27,Gadag,Workplace Harassment,3418
3419,2459,A3,M,16,Gadag,Dowry-Related Coercion,3419
3420,2460,A1,M,38,Kolar,Vehicle Theft (Parked),3420
3421,2461,A1,F,38,Kodagu,Courier via Public Transport,3421
3422,2462,A1,M,35,Kalaburagi,Break-in via Rear Entry,3422
3423,2463,A1,M,30,Kodagu,Night-time House Break-in,3423
3424,2464,A1,M,33,Hubballi-Dharwad,Known-Person Domestic Abuse,3424
3425,2465,A1,M,34,Bidar,Night-time House Break-in,3425
3426,2466,A1,M,37,Chikkamagaluru,Group Attack (Prior Enmity),3426
3427,2467,A1,F,20,Yadgir,Weapon-Assisted Assault,3427
3428,2467,A2,M,47,Yadgir,Confrontation over Dispute,3428
3429,2467,A3,M,26,Yadgir,Sudden Armed Assault,3429
3430,2468,A1,M,26,Udupi,Sudden Armed Assault,3430
3431,2469,A1,M,28,Belagavi,Cheque Bounce Fraud,3431
3432,2470,A1,M,16,Udupi,Courier via Public Transport,3432
3433,2470,A2,M,28,Udupi,Cross-Border Transit Route,3433
3434,2471,A1,M,29,Mangaluru (Dakshina Kannada),Vehicle Theft (Parked),3434
3435,2471,A2,M,23,Mangaluru (Dakshina Kannada),Break-in via Rear Entry,3435
3436,2471,A3,M,23,Mangaluru (Dakshina Kannada),Vehicle Theft (Parked),3436
3437,2472,A1,M,26,Mysuru,Sudden Armed Assault,3437
3438,2472,A2,M,32,Mysuru,Sudden Armed Assault,3438
3439,2472,A3,F,30,Mysuru,Sudden Armed Assault,3439
3440,2473,A1,M,24,Raichur,Shop Lock-Break,3440
3441,2473,A2,M,46,Raichur,Vehicle Theft (Parked),3441
3442,2474,A1,M,16,Ramanagara,Break-in via Rear Entry,3442
3443,2474,A2,M,19,Ramanagara,Break-in via Rear Entry,3443
3444,2474,A3,M,30,Ramanagara,Shop Lock-Break,3444
3445,2475,A1,M,35,Bidar,Workplace Harassment,3445
3446,2475,A2,M,33,Bidar,Known-Person Domestic Abuse,3446
3447,2475,A3,M,38,Bidar,Workplace Harassment,3447
3448,2476,A1,M,22,Davanagere,Group Attack (Prior Enmity),3448
3449,2476,A2,M,18,Davanagere,Weapon-Assisted Assault,3449
3450,2477,A1,M,24,Davanagere,Night-time House Break-in,3450
3451,2477,A2,M,30,Davanagere,Night-time House Break-in,3451
3452,2478,A1,M,24,Mysuru,Chit Fund Default,3452
3453,2479,A1,M,16,Bengaluru City,Confrontation over Dispute,3453
3454,2480,A1,M,19,Davanagere,Group Attack (Prior Enmity),3454
3455,2481,A1,M,21,Uttara Kannada,Dowry-Related Coercion,3455
3456,2481,A2,M,38,Uttara Kannada,Workplace Harassment,3456
3457,2482,A1,M,28,Bengaluru Rural,Weapon-Assisted Assault,3457
3458,2482,A2,F,17,Bengaluru Rural,Weapon-Assisted Assault,3458
3459,2483,A1,M,37,Mangaluru (Dakshina Kannada),Confrontation over Dispute,3459
3460,2483,A2,M,26,Mangaluru (Dakshina Kannada),Confrontation over Dispute,3460
3461,2483,A3,M,37,Mangaluru (Dakshina Kannada),Sudden Armed Assault,3461
3462,2485,A1,M,35,Tumakuru,Night-time House Break-in,3462
3463,2486,A1,M,31,Bengaluru Rural,Snatching in Transit,3463
3464,2487,A1,M,40,Davanagere,Weapon-Assisted Assault,3464
3465,2488,A1,M,33,Bengaluru Rural,Forged Document Trail,3465
3466,2488,A2,M,26,Bengaluru Rural,Cheque Bounce Fraud,3466
3467,2489,A1,M,21,Kodagu,Dowry-Related Coercion,3467
3468,2489,A2,M,23,Kodagu,Workplace Harassment,3468
3469,2490,A1,M,47,Mysuru,Workplace Harassment,3469
3470,2491,A1,M,47,Mangaluru (Dakshina Kannada),Snatching in Transit,3470
3471,2491,A2,M,53,Mangaluru (Dakshina Kannada),Night-time House Break-in,3471
3472,2491,A3,F,25,Mangaluru (Dakshina Kannada),Vehicle Theft (Parked),3472
3473,2492,A1,M,31,Bengaluru Rural,Shop Lock-Break,3473
3474,2493,A1,M,39,Davanagere,Shop Lock-Break,3474
3475,2493,A2,M,29,Davanagere,Vehicle Theft (Parked),3475
3476,2493,A3,M,35,Davanagere,Vehicle Theft (Parked),3476
3477,2494,A1,M,28,Belagavi,Weapon-Assisted Assault,3477
3478,2494,A2,M,30,Belagavi,Sudden Armed Assault,3478
3479,2494,A3,M,36,Belagavi,Sudden Armed Assault,3479
3480,2495,A1,M,32,Tumakuru,Social Media Impersonation,3480
3481,2496,A1,F,19,Kalaburagi,Dowry-Related Coercion,3481
3482,2496,A2,M,25,Kalaburagi,Known-Person Domestic Abuse,3482
3483,2497,A1,M,46,Belagavi,Group Attack (Prior Enmity),3483
3484,2498,A1,M,31,Chikkamagaluru,Workplace Harassment,3484
3485,2499,A1,M,28,Kolar,Cheque Bounce Fraud,3485
3486,2500,A1,F,36,Mangaluru (Dakshina Kannada),Vehicle Theft (Parked),3486
3487,2501,A1,F,38,Mysuru,Forged Document Trail,3487
3488,2502,A1,M,23,Belagavi,Sudden Armed Assault,3488
3489,2503,A1,F,16,Kodagu,Vehicle Theft (Parked),3489
3490,2504,A1,M,42,Raichur,Cheque Bounce Fraud,3490
3491,2505,A1,M,29,Belagavi,Sudden Armed Assault,3491
3492,2506,A1,M,45,Belagavi,Known-Person Domestic Abuse,3492
3493,2507,A1,M,20,Koppal,Confrontation over Dispute,3493
3494,2507,A2,M,41,Koppal,Sudden Armed Assault,3494
3495,2508,A1,M,25,Kodagu,Phishing Link / OTP Fraud,3495
3496,2508,A2,M,21,Kodagu,SIM-Swap Fraud,3496
3497,2508,A3,M,38,Kodagu,Fake Investment App,3497
3498,2510,A1,M,31,Haveri,Workplace Harassment,3498
3499,2510,A2,M,39,Haveri,Dowry-Related Coercion,3499
3500,2510,A3,M,25,Haveri,Dowry-Related Coercion,3500
3501,2511,A1,M,37,Belagavi,Confrontation over Dispute,3501
3502,2512,A1,M,16,Belagavi,Stalking Prior to Offence,3502
3503,2513,A1,M,38,Chamarajanagar,Sudden Armed Assault,3503
3504,2515,A1,M,34,Kodagu,Snatching in Transit,3504
3505,2516,A1,M,22,Davanagere,Workplace Harassment,3505
3506,2517,A1,F,35,Kalaburagi,Break-in via Rear Entry,3506
3507,2518,A1,M,33,Shivamogga,Known-Person Domestic Abuse,3507
3508,2519,A1,M,18,Bengaluru City,Group Attack (Prior Enmity),3508
3509,2519,A2,M,32,Bengaluru City,Group Attack (Prior Enmity),3509
3510,2520,A1,F,26,Kodagu,Vehicle Theft (Parked),3510
3511,2520,A2,M,27,Kodagu,Snatching in Transit,3511
3512,2520,A3,M,21,Kodagu,Break-in via Rear Entry,3512
3513,2521,A1,M,29,Bengaluru City,Sudden Armed Assault,3513
3514,2522,A1,M,26,Raichur,Group Attack (Prior Enmity),3514
3515,2523,A1,M,31,Hubballi-Dharwad,Phishing Link / OTP Fraud,3515
3516,2523,A2,M,33,Hubballi-Dharwad,Fake Investment App,3516
3517,2524,A1,M,28,Bengaluru Rural,Weapon-Assisted Assault,3517
3518,2525,A1,F,28,Hassan,Workplace Harassment,3518
3519,2526,A1,M,29,Mangaluru (Dakshina Kannada),Known-Person Domestic Abuse,3519
3520,2527,A1,M,30,Bidar,Dowry-Related Coercion,3520
3521,2528,A1,M,35,Bagalkot,Forged Document Trail,3521
3522,2529,A1,M,37,Ballari,Cheque Bounce Fraud,3522
3523,2529,A2,M,26,Ballari,Cheque Bounce Fraud,3523
3524,2530,A1,F,30,Chitradurga,Known-Person Domestic Abuse,3524
3525,2530,A2,M,31,Chitradurga,Known-Person Domestic Abuse,3525
3526,2530,A3,M,33,Chitradurga,Dowry-Related Coercion,3526
3527,2531,A1,M,18,Shivamogga,Snatching in Transit,3527
3528,2531,A2,M,25,Shivamogga,Break-in via Rear Entry,3528
3529,2531,A3,M,28,Shivamogga,Night-time House Break-in,3529
3530,2533,A1,F,36,Davanagere,Weapon-Assisted Assault,3530
3531,2536,A1,M,43,Bengaluru Rural,Group Attack (Prior Enmity),3531
3532,2537,A1,M,17,Hassan,Chit Fund Default,3532
3533,2537,A2,M,41,Hassan,Cheque Bounce Fraud,3533
3534,2538,A1,M,34,Bengaluru City,Dowry-Related Coercion,3534
3535,2540,A1,M,27,Belagavi,Vehicle Theft (Parked),3535
3536,2540,A2,M,30,Belagavi,Snatching in Transit,3536
3537,2541,A1,M,16,Chikkamagaluru,Cheque Bounce Fraud,3537
3538,2541,A2,M,35,Chikkamagaluru,Forged Document Trail,3538
3539,2542,A1,M,21,Kalaburagi,Confrontation over Dispute,3539
3540,2542,A2,M,33,Kalaburagi,Confrontation over Dispute,3540
3541,2543,A1,M,33,Hassan,Phishing Link / OTP Fraud,3541
3542,2545,A1,M,37,Hubballi-Dharwad,Social-Media Incited Assembly,3542
3543,2546,A1,M,32,Kodagu,Fake Investment App,3543
3544,2546,A2,F,32,Kodagu,Fake Investment App,3544
3545,2547,A1,M,27,Mangaluru (Dakshina Kannada),Workplace Harassment,3545
3546,2547,A2,M,16,Mangaluru (Dakshina Kannada),Workplace Harassment,3546
3547,2548,A1,M,31,Mysuru,Forged Document Trail,3547
3548,2549,A1,M,34,Chamarajanagar,Shell Company Cheating,3548
3549,2550,A1,M,33,Bengaluru City,Courier via Public Transport,3549
3550,2551,A1,M,22,Mangaluru (Dakshina Kannada),Known-Person Domestic Abuse,3550
3551,2552,A1,M,51,Bengaluru Rural,Weapon-Assisted Assault,3551
3552,2553,A1,M,27,Bengaluru Rural,Weapon-Assisted Assault,3552
3553,2553,A2,F,42,Bengaluru Rural,Group Attack (Prior Enmity),3553
3554,2554,A1,M,27,Bengaluru Rural,Snatching in Transit,3554
3555,2555,A1,M,16,Bidar,Forged Document Trail,3555
3556,2556,A1,M,29,Davanagere,Known-Person Domestic Abuse,3556
3557,2558,A1,M,16,Mysuru,Break-in via Rear Entry,3557
3558,2558,A2,M,22,Mysuru,Shop Lock-Break,3558
3559,2559,A1,M,40,Raichur,Vehicle Theft (Parked),3559
3560,2559,A2,M,34,Raichur,Night-time House Break-in,3560
3561,2560,A1,M,50,Ballari,Social Media Impersonation,3561
3562,2561,A1,F,16,Kalaburagi,Weapon-Assisted Assault,3562
3563,2562,A1,M,37,Davanagere,Sudden Armed Assault,3563
3564,2563,A1,M,19,Chamarajanagar,Dowry-Related Coercion,3564
3565,2564,A1,M,27,Davanagere,Cheque Bounce Fraud,3565
3566,2564,A2,M,34,Davanagere,Chit Fund Default,3566
3567,2565,A1,M,23,Raichur,Home Cultivation/Storage,3567
3568,2565,A2,M,30,Raichur,Courier via Public Transport,3568
3569,2566,A1,M,21,Davanagere,Confrontation over Dispute,3569
3570,2567,A1,M,27,Ballari,Cross-Border Transit Route,3570
3571,2567,A2,M,16,Ballari,Cross-Border Transit Route,3571
3572,2567,A3,M,24,Ballari,Courier via Public Transport,3572
3573,2568,A1,F,35,Bengaluru Rural,Cheque Bounce Fraud,3573
3574,2568,A2,M,27,Bengaluru Rural,Shell Company Cheating,3574
3575,2569,A1,M,32,Raichur,Night-time House Break-in,3575
3576,2570,A1,M,17,Raichur,Fake Investment App,3576
3577,2570,A2,F,30,Raichur,Phishing Link / OTP Fraud,3577
3578,2571,A1,M,30,Mangaluru (Dakshina Kannada),Break-in via Rear Entry,3578
3579,2572,A1,F,26,Mandya,Vehicle Theft (Parked),3579
3580,2573,A1,M,37,Bengaluru City,Confrontation over Dispute,3580
3581,2575,A1,M,35,Haveri,Vehicle Theft (Parked),3581
3582,2576,A1,M,18,Shivamogga,Night-time House Break-in,3582
3583,2577,A1,M,29,Udupi,Known-Person Domestic Abuse,3583
3584,2577,A2,M,16,Udupi,Workplace Harassment,3584
3585,2578,A1,F,37,Belagavi,Dowry-Related Coercion,3585
3586,2578,A2,F,27,Belagavi,Known-Person Domestic Abuse,3586
3587,2579,A1,M,23,Belagavi,Vehicle Theft (Parked),3587
3588,2580,A1,M,30,Haveri,Snatching in Transit,3588
3589,2582,A1,M,25,Udupi,Known-Person Domestic Abuse,3589
3590,2583,A1,M,24,Hassan,Shop Lock-Break,3590
3591,2584,A1,M,34,Kodagu,Dowry-Related Coercion,3591
3592,2586,A1,M,29,Kodagu,Break-in via Rear Entry,3592
3593,2587,A1,M,29,Bengaluru City,Workplace Harassment,3593
3594,2588,A1,M,28,Tumakuru,Forged Document Trail,3594
3595,2589,A1,M,30,Bidar,Break-in via Rear Entry,3595
3596,2589,A2,M,35,Bidar,Break-in via Rear Entry,3596
3597,2591,A1,M,27,Bidar,Snatching in Transit,3597
3598,2591,A2,F,38,Bidar,Snatching in Transit,3598
3599,2592,A1,M,25,Mysuru,Workplace Harassment,3599
3600,2592,A2,M,39,Mysuru,Dowry-Related Coercion,3600
3601,2594,A1,F,24,Bengaluru Rural,Phishing Link / OTP Fraud,3601
3602,2595,A1,M,27,Koppal,Shop Lock-Break,3602
3603,2596,A1,F,34,Mangaluru (Dakshina Kannada),Stalking Prior to Offence,3603
3604,2597,A1,M,24,Bengaluru City,Snatching in Transit,3604
3605,2598,A1,M,27,Mangaluru (Dakshina Kannada),Sudden Armed Assault,3605
3606,2598,A2,M,18,Mangaluru (Dakshina Kannada),Sudden Armed Assault,3606
3607,2599,A1,M,17,Mangaluru (Dakshina Kannada),Forged Document Trail,3607
3608,2599,A2,M,22,Mangaluru (Dakshina Kannada),Cheque Bounce Fraud,3608
3609,2600,A1,M,37,Shivamogga,Dowry-Related Coercion,3609
3610,2601,A1,M,28,Koppal,Courier via Public Transport,3610
3611,2601,A2,M,31,Koppal,Courier via Public Transport,3611
3612,2601,A3,M,16,Koppal,Courier via Public Transport,3612
3613,2602,A1,M,33,Yadgir,Dowry-Related Coercion,3613
3614,2602,A2,M,25,Yadgir,Workplace Harassment,3614
3615,2604,A1,M,18,Kalaburagi,Break-in via Rear Entry,3615
3616,2604,A2,M,18,Kalaburagi,Vehicle Theft (Parked),3616
3617,2604,A3,F,19,Kalaburagi,Snatching in Transit,3617
3618,2605,A1,M,16,Tumakuru,Break-in via Rear Entry,3618
3619,2605,A2,M,24,Tumakuru,Shop Lock-Break,3619
3620,2606,A1,M,28,Kolar,Group Attack (Prior Enmity),3620
3621,2606,A2,M,26,Kolar,Weapon-Assisted Assault,3621
3622,2607,A1,M,30,Mysuru,Vehicle Theft (Parked),3622
3623,2608,A1,M,19,Chamarajanagar,Organized Group Mobilization,3623
3624,2608,A2,F,30,Chamarajanagar,Social-Media Incited Assembly,3624
3625,2609,A1,M,30,Kolar,Vehicle Theft (Parked),3625
3626,2609,A2,M,30,Kolar,Snatching in Transit,3626
3627,2609,A3,M,20,Kolar,Snatching in Transit,3627
3628,2610,A1,M,43,Ballari,Group Attack (Prior Enmity),3628
3629,2611,A1,M,16,Kolar,Shop Lock-Break,3629
3630,2612,A1,M,22,Kolar,Fake Investment App,3630
3631,2612,A2,F,30,Kolar,Social Media Impersonation,3631
3632,2613,A1,M,23,Bagalkot,Sudden Armed Assault,3632
3633,2613,A2,M,31,Bagalkot,Weapon-Assisted Assault,3633
3634,2614,A1,M,30,Kalaburagi,SIM-Swap Fraud,3634
3635,2614,A2,M,39,Kalaburagi,Social Media Impersonation,3635
3636,2615,A1,M,30,Bengaluru City,Sudden Armed Assault,3636
3637,2615,A2,M,31,Bengaluru City,Confrontation over Dispute,3637
3638,2615,A3,F,44,Bengaluru City,Group Attack (Prior Enmity),3638
3639,2616,A1,M,27,Bengaluru Rural,Break-in via Rear Entry,3639
3640,2616,A2,M,17,Bengaluru Rural,Vehicle Theft (Parked),3640
3641,2617,A1,M,43,Chamarajanagar,Break-in via Rear Entry,3641
3642,2617,A2,M,16,Chamarajanagar,Vehicle Theft (Parked),3642
3643,2619,A1,M,26,Udupi,Workplace Harassment,3643
3644,2620,A1,M,29,Bagalkot,Night-time House Break-in,3644
3645,2621,A1,M,24,Chitradurga,Break-in via Rear Entry,3645
3646,2621,A2,M,28,Chitradurga,Break-in via Rear Entry,3646
3647,2621,A3,M,27,Chitradurga,Night-time House Break-in,3647
3648,2622,A1,M,17,Hassan,Snatching in Transit,3648
3649,2623,A1,M,27,Raichur,Vehicle Theft (Parked),3649
3650,2623,A2,M,43,Raichur,Night-time House Break-in,3650
3651,2624,A1,M,24,Bengaluru Rural,Workplace Harassment,3651
3652,2625,A1,M,32,Bengaluru City,Snatching in Transit,3652
3653,2626,A1,M,27,Udupi,Chit Fund Default,3653
3654,2628,A1,M,16,Bagalkot,Social Media Impersonation,3654
3655,2628,A2,M,20,Bagalkot,SIM-Swap Fraud,3655
3656,2629,A1,M,28,Kolar,Vehicle Theft (Parked),3656
3657,2630,A1,M,32,Chamarajanagar,Confrontation over Dispute,3657
3658,2631,A1,M,28,Mangaluru (Dakshina Kannada),Sudden Armed Assault,3658
3659,2631,A2,M,35,Mangaluru (Dakshina Kannada),Sudden Armed Assault,3659
3660,2631,A3,M,36,Mangaluru (Dakshina Kannada),Sudden Armed Assault,3660
3661,2632,A1,M,25,Kalaburagi,Break-in via Rear Entry,3661
3662,2633,A1,M,27,Ballari,Vehicle Theft (Parked),3662
3663,2633,A2,M,19,Ballari,Shop Lock-Break,3663
3664,2634,A1,M,18,Bengaluru Rural,Fake Investment App,3664
3665,2635,A1,M,45,Ballari,Group Attack (Prior Enmity),3665
3666,2636,A1,M,16,Bidar,Shell Company Cheating,3666
3667,2637,A1,F,18,Mysuru,Shop Lock-Break,3667
3668,2637,A2,M,32,Mysuru,Night-time House Break-in,3668
3669,2637,A3,M,32,Mysuru,Night-time House Break-in,3669
3670,2638,A1,M,38,Mangaluru (Dakshina Kannada),Organized Group Mobilization,3670
3671,2639,A1,M,38,Hubballi-Dharwad,Stalking Prior to Offence,3671
3672,2640,A1,M,34,Hassan,Snatching in Transit,3672
3673,2642,A1,M,19,Chamarajanagar,Shell Company Cheating,3673
3674,2642,A2,M,40,Chamarajanagar,Shell Company Cheating,3674
3675,2643,A1,M,45,Ramanagara,Dowry-Related Coercion,3675
3676,2644,A1,M,29,Davanagere,Cheque Bounce Fraud,3676
3677,2644,A2,M,28,Davanagere,Chit Fund Default,3677
3678,2645,A1,M,41,Bengaluru Rural,Group Attack (Prior Enmity),3678
3679,2646,A1,M,38,Belagavi,Stalking Prior to Offence,3679
3680,2647,A1,M,20,Bengaluru Rural,Stalking Prior to Offence,3680
3681,2647,A2,M,34,Bengaluru Rural,Stalking Prior to Offence,3681
3682,2648,A1,M,27,Ballari,Home Cultivation/Storage,3682
3683,2649,A1,M,35,Hubballi-Dharwad,Night-time House Break-in,3683
3684,2650,A1,F,20,Belagavi,Social-Media Incited Assembly,3684
3685,2650,A2,M,16,Belagavi,Organized Group Mobilization,3685
3686,2651,A1,M,33,Bengaluru Rural,Break-in via Rear Entry,3686
3687,2653,A1,M,21,Raichur,Dowry-Related Coercion,3687
3688,2654,A1,M,20,Chamarajanagar,Break-in via Rear Entry,3688
3689,2654,A2,M,22,Chamarajanagar,Night-time House Break-in,3689
3690,2654,A3,M,38,Chamarajanagar,Night-time House Break-in,3690
3691,2655,A1,M,18,Haveri,Chit Fund Default,3691
3692,2656,A1,F,26,Belagavi,Dowry-Related Coercion,3692
3693,2656,A2,M,24,Belagavi,Known-Person Domestic Abuse,3693
3694,2658,A1,F,37,Ballari,Stalking Prior to Offence,3694
3695,2658,A2,M,21,Ballari,Dowry-Related Coercion,3695
3696,2658,A3,M,32,Ballari,Known-Person Domestic Abuse,3696
3697,2659,A1,M,36,Udupi,Sudden Armed Assault,3697
3698,2659,A2,M,18,Udupi,Sudden Armed Assault,3698
3699,2660,A1,M,31,Udupi,Forged Document Trail,3699
3700,2660,A2,F,16,Udupi,Chit Fund Default,3700
3701,2660,A3,M,37,Udupi,Cheque Bounce Fraud,3701
3702,2661,A1,M,23,Bengaluru Rural,Organized Group Mobilization,3702
3703,2661,A2,F,35,Bengaluru Rural,Organized Group Mobilization,3703
3704,2662,A1,M,34,Bengaluru City,Vehicle Theft (Parked),3704
3705,2662,A2,M,28,Bengaluru City,Snatching in Transit,3705
3706,2662,A3,F,18,Bengaluru City,Vehicle Theft (Parked),3706
3707,2665,A1,M,16,Davanagere,Vehicle Theft (Parked),3707
3708,2665,A2,M,20,Davanagere,Snatching in Transit,3708
3709,2666,A1,M,19,Udupi,Shop Lock-Break,3709
3710,2667,A1,M,33,Bengaluru Rural,Forged Document Trail,3710
3711,2667,A2,M,29,Bengaluru Rural,Chit Fund Default,3711
3712,2668,A1,M,26,Raichur,Sudden Armed Assault,3712
3713,2668,A2,M,22,Raichur,Confrontation over Dispute,3713
3714,2668,A3,M,17,Raichur,Group Attack (Prior Enmity),3714
3715,2669,A1,M,34,Tumakuru,Shop Lock-Break,3715
3716,2670,A1,F,44,Tumakuru,Weapon-Assisted Assault,3716
3717,2671,A1,M,31,Bengaluru City,Sudden Armed Assault,3717
3718,2673,A1,M,27,Chamarajanagar,SIM-Swap Fraud,3718
3719,2673,A2,M,20,Chamarajanagar,Fake Investment App,3719
3720,2674,A1,M,24,Yadgir,Chit Fund Default,3720
3721,2675,A1,M,46,Bidar,Dowry-Related Coercion,3721
3722,2675,A2,M,41,Bidar,Stalking Prior to Offence,3722
3723,2679,A1,M,16,Belagavi,Night-time House Break-in,3723
3724,2680,A1,M,35,Uttara Kannada,Snatching in Transit,3724
3725,2680,A2,M,24,Uttara Kannada,Night-time House Break-in,3725
3726,2681,A1,M,43,Bagalkot,Chit Fund Default,3726
3727,2683,A1,M,16,Bengaluru City,Stalking Prior to Offence,3727
3728,2683,A2,M,26,Bengaluru City,Stalking Prior to Offence,3728
3729,2684,A1,F,29,Haveri,Night-time House Break-in,3729
3730,2684,A2,M,31,Haveri,Break-in via Rear Entry,3730
3731,2685,A1,M,16,Mangaluru (Dakshina Kannada),Sudden Armed Assault,3731
3732,2686,A1,M,22,Belagavi,Vehicle Theft (Parked),3732
3733,2687,A1,M,45,Kodagu,Cheque Bounce Fraud,3733
3734,2687,A2,M,37,Kodagu,Shell Company Cheating,3734
3735,2688,A1,M,28,Raichur,Known-Person Domestic Abuse,3735
3736,2688,A2,M,16,Raichur,Stalking Prior to Offence,3736
3737,2688,A3,M,32,Raichur,Workplace Harassment,3737
3738,2689,A1,F,23,Kodagu,Stalking Prior to Offence,3738
3739,2689,A2,M,27,Kodagu,Dowry-Related Coercion,3739
3740,2690,A1,M,19,Belagavi,Vehicle Theft (Parked),3740
3741,2690,A2,M,16,Belagavi,Snatching in Transit,3741
3742,2692,A1,M,35,Bagalkot,Cheque Bounce Fraud,3742
3743,2693,A1,M,23,Shivamogga,SIM-Swap Fraud,3743
3744,2693,A2,M,26,Shivamogga,Social Media Impersonation,3744
3745,2693,A3,M,34,Shivamogga,Fake Investment App,3745
3746,2694,A1,M,28,Belagavi,Courier via Public Transport,3746
3747,2695,A1,M,28,Kolar,Cheque Bounce Fraud,3747
3748,2695,A2,M,24,Kolar,Cheque Bounce Fraud,3748
3749,2696,A1,F,28,Bagalkot,Known-Person Domestic Abuse,3749
3750,2697,A1,M,23,Belagavi,Dowry-Related Coercion,3750
3751,2697,A2,M,23,Belagavi,Known-Person Domestic Abuse,3751
3752,2697,A3,F,19,Belagavi,Known-Person Domestic Abuse,3752
3753,2699,A1,F,26,Yadgir,Social-Media Incited Assembly,3753
3754,2700,A1,M,29,Mysuru,Home Cultivation/Storage,3754
3755,2702,A1,M,25,Shivamogga,Group Attack (Prior Enmity),3755
3756,2703,A1,M,18,Tumakuru,Break-in via Rear Entry,3756
3757,2704,A1,M,20,Bengaluru Rural,Dowry-Related Coercion,3757
3758,2704,A2,M,28,Bengaluru Rural,Workplace Harassment,3758
3759,2705,A1,M,38,Bagalkot,Sudden Armed Assault,3759
3760,2706,A1,M,21,Gadag,Night-time House Break-in,3760
3761,2707,A1,F,41,Hassan,Stalking Prior to Offence,3761
3762,2708,A1,M,29,Bidar,Weapon-Assisted Assault,3762
3763,2709,A1,F,24,Bengaluru Rural,Night-time House Break-in,3763
3764,2710,A1,M,17,Tumakuru,Group Attack (Prior Enmity),3764
3765,2710,A2,F,42,Tumakuru,Weapon-Assisted Assault,3765
3766,2710,A3,M,16,Tumakuru,Confrontation over Dispute,3766
3767,2711,A1,M,24,Hubballi-Dharwad,Weapon-Assisted Assault,3767
3768,2712,A1,M,24,Hassan,SIM-Swap Fraud,3768
3769,2712,A2,M,16,Hassan,Fake Investment App,3769
3770,2712,A3,M,38,Hassan,Social Media Impersonation,3770
3771,2713,A1,M,20,Raichur,Phishing Link / OTP Fraud,3771
3772,2713,A2,M,36,Raichur,Fake Investment App,3772
3773,2714,A1,M,25,Bengaluru Rural,Dowry-Related Coercion,3773
3774,2714,A2,M,34,Bengaluru Rural,Known-Person Domestic Abuse,3774
3775,2715,A1,M,27,Chamarajanagar,Organized Group Mobilization,3775
3776,2715,A2,M,41,Chamarajanagar,Social-Media Incited Assembly,3776
3777,2715,A3,M,28,Chamarajanagar,Social-Media Incited Assembly,3777
3778,2716,A1,M,34,Mangaluru (Dakshina Kannada),Sudden Armed Assault,3778
3779,2716,A2,M,37,Mangaluru (Dakshina Kannada),Sudden Armed Assault,3779
3780,2717,A1,M,19,Bengaluru Rural,Sudden Armed Assault,3780
3781,2717,A2,M,22,Bengaluru Rural,Weapon-Assisted Assault,3781
3782,2718,A1,M,47,Belagavi,Chit Fund Default,3782
3783,2718,A2,M,24,Belagavi,Chit Fund Default,3783
3784,2719,A1,M,35,Chikkaballapur,Workplace Harassment,3784
3785,2719,A2,M,19,Chikkaballapur,Stalking Prior to Offence,3785
3786,2720,A1,M,25,Bengaluru Rural,Dowry-Related Coercion,3786
3787,2721,A1,M,29,Chitradurga,Weapon-Assisted Assault,3787
3788,2722,A1,M,31,Tumakuru,Night-time House Break-in,3788
3789,2723,A1,M,27,Kolar,Stalking Prior to Offence,3789
3790,2724,A1,M,27,Ballari,Known-Person Domestic Abuse,3790
3791,2725,A1,M,22,Ballari,Night-time House Break-in,3791
3792,2727,A1,M,44,Belagavi,Stalking Prior to Offence,3792
3793,2727,A2,M,24,Belagavi,Stalking Prior to Offence,3793
3794,2729,A1,M,37,Mangaluru (Dakshina Kannada),Snatching in Transit,3794
3795,2730,A1,M,47,Chamarajanagar,Chit Fund Default,3795
3796,2731,A1,M,39,Belagavi,Shop Lock-Break,3796
3797,2732,A1,M,22,Chikkaballapur,Night-time House Break-in,3797
3798,2732,A2,M,31,Chikkaballapur,Night-time House Break-in,3798
3799,2733,A1,M,19,Mysuru,Workplace Harassment,3799
3800,2733,A2,F,26,Mysuru,Dowry-Related Coercion,3800
3801,2734,A1,M,31,Mangaluru (Dakshina Kannada),Confrontation over Dispute,3801
3802,2734,A2,M,29,Mangaluru (Dakshina Kannada),Sudden Armed Assault,3802
3803,2734,A3,F,23,Mangaluru (Dakshina Kannada),Group Attack (Prior Enmity),3803
3804,2735,A1,M,23,Belagavi,Vehicle Theft (Parked),3804
3805,2735,A2,M,21,Belagavi,Break-in via Rear Entry,3805
3806,2736,A1,M,19,Hassan,Night-time House Break-in,3806
3807,2736,A2,M,27,Hassan,Vehicle Theft (Parked),3807
3808,2737,A1,M,19,Bengaluru City,Sudden Armed Assault,3808
3809,2738,A1,M,41,Bengaluru Rural,Vehicle Theft (Parked),3809
3810,2739,A1,M,22,Haveri,Weapon-Assisted Assault,3810
3811,2740,A1,M,30,Belagavi,Known-Person Domestic Abuse,3811
3812,2741,A1,M,23,Bengaluru Rural,Sudden Armed Assault,3812
3813,2742,A1,M,16,Davanagere,Shop Lock-Break,3813
3814,2742,A2,F,30,Davanagere,Night-time House Break-in,3814
3815,2743,A1,M,21,Chamarajanagar,Social-Media Incited Assembly,3815
3816,2744,A1,M,31,Davanagere,Stalking Prior to Offence,3816
3817,2745,A1,M,30,Koppal,Snatching in Transit,3817
3818,2746,A1,F,32,Udupi,Group Attack (Prior Enmity),3818
3819,2747,A1,M,34,Udupi,Night-time House Break-in,3819
3820,2747,A2,M,29,Udupi,Night-time House Break-in,3820
3821,2747,A3,M,35,Udupi,Break-in via Rear Entry,3821
3822,2748,A1,M,30,Yadgir,Shop Lock-Break,3822
3823,2748,A2,F,16,Yadgir,Snatching in Transit,3823
3824,2749,A1,M,30,Kodagu,Night-time House Break-in,3824
3825,2750,A1,M,16,Yadgir,Phishing Link / OTP Fraud,3825
3826,2753,A1,M,23,Belagavi,Night-time House Break-in,3826
3827,2755,A1,F,18,Chamarajanagar,Break-in via Rear Entry,3827
3828,2757,A1,F,20,Chikkamagaluru,Chit Fund Default,3828
3829,2758,A1,M,20,Haveri,Break-in via Rear Entry,3829
3830,2759,A1,M,39,Tumakuru,Vehicle Theft (Parked),3830
3831,2760,A1,M,32,Davanagere,Group Attack (Prior Enmity),3831
3832,2761,A1,M,35,Tumakuru,Night-time House Break-in,3832
3833,2761,A2,M,27,Tumakuru,Night-time House Break-in,3833
3834,2762,A1,F,16,Bengaluru Rural,Weapon-Assisted Assault,3834
3835,2762,A2,M,31,Bengaluru Rural,Group Attack (Prior Enmity),3835
3836,2762,A3,F,16,Bengaluru Rural,Confrontation over Dispute,3836
3837,2763,A1,M,33,Uttara Kannada,Weapon-Assisted Assault,3837
3838,2763,A2,M,25,Uttara Kannada,Sudden Armed Assault,3838
3839,2764,A1,M,26,Belagavi,Phishing Link / OTP Fraud,3839
3840,2764,A2,M,35,Belagavi,Phishing Link / OTP Fraud,3840
3841,2765,A1,M,32,Bengaluru City,Chit Fund Default,3841
3842,2765,A2,M,26,Bengaluru City,Forged Document Trail,3842
3843,2767,A1,M,31,Tumakuru,Home Cultivation/Storage,3843
3844,2767,A2,M,41,Tumakuru,Cross-Border Transit Route,3844
3845,2768,A1,F,19,Ballari,Group Attack (Prior Enmity),3845
3846,2769,A1,M,16,Mysuru,Stalking Prior to Offence,3846
3847,2769,A2,M,22,Mysuru,Known-Person Domestic Abuse,3847
3848,2769,A3,M,31,Mysuru,Workplace Harassment,3848
3849,2770,A1,M,24,Chamarajanagar,Fake Investment App,3849
3850,2771,A1,M,29,Belagavi,Weapon-Assisted Assault,3850
3851,2772,A1,M,21,Bengaluru Rural,Cheque Bounce Fraud,3851
3852,2772,A2,M,36,Bengaluru Rural,Forged Document Trail,3852
3853,2773,A1,M,34,Mysuru,Dowry-Related Coercion,3853
3854,2773,A2,M,35,Mysuru,Workplace Harassment,3854
3855,2773,A3,M,36,Mysuru,Workplace Harassment,3855
3856,2774,A1,M,43,Davanagere,Cross-Border Transit Route,3856
3857,2774,A2,M,44,Davanagere,Home Cultivation/Storage,3857
3858,2774,A3,M,21,Davanagere,Courier via Public Transport,3858
3859,2775,A1,M,22,Davanagere,Stalking Prior to Offence,3859
3860,2776,A1,M,29,Ballari,Cheque Bounce Fraud,3860
3861,2777,A1,F,25,Tumakuru,Sudden Armed Assault,3861
3862,2778,A1,M,21,Haveri,Cross-Border Transit Route,3862
3863,2779,A1,F,40,Tumakuru,Shop Lock-Break,3863
3864,2779,A2,M,16,Tumakuru,Break-in via Rear Entry,3864
3865,2780,A1,M,20,Ramanagara,Dowry-Related Coercion,3865
3866,2781,A1,M,45,Mangaluru (Dakshina Kannada),Group Attack (Prior Enmity),3866
3867,2781,A2,M,36,Mangaluru (Dakshina Kannada),Weapon-Assisted Assault,3867
3868,2781,A3,M,34,Mangaluru (Dakshina Kannada),Weapon-Assisted Assault,3868
3869,2782,A1,M,23,Belagavi,Break-in via Rear Entry,3869
3870,2783,A1,M,16,Kodagu,Snatching in Transit,3870
3871,2784,A1,M,41,Gadag,Weapon-Assisted Assault,3871
3872,2785,A1,M,38,Bengaluru Rural,Cross-Border Transit Route,3872
3873,2785,A2,M,34,Bengaluru Rural,Courier via Public Transport,3873
3874,2786,A1,M,36,Bengaluru City,Social-Media Incited Assembly,3874
3875,2787,A1,M,32,Mangaluru (Dakshina Kannada),Snatching in Transit,3875
3876,2788,A1,M,25,Kodagu,Phishing Link / OTP Fraud,3876
3877,2788,A2,M,33,Kodagu,Phishing Link / OTP Fraud,3877
3878,2788,A3,F,24,Kodagu,Fake Investment App,3878
3879,2790,A1,M,49,Tumakuru,Snatching in Transit,3879
3880,2790,A2,F,41,Tumakuru,Shop Lock-Break,3880
3881,2791,A1,M,16,Hassan,Dowry-Related Coercion,3881
3882,2792,A1,M,29,Bengaluru Rural,SIM-Swap Fraud,3882
3883,2793,A1,F,31,Hassan,Vehicle Theft (Parked),3883
3884,2794,A1,M,33,Haveri,Weapon-Assisted Assault,3884
3885,2794,A2,F,16,Haveri,Group Attack (Prior Enmity),3885
3886,2796,A1,M,40,Bengaluru City,Vehicle Theft (Parked),3886
3887,2797,A1,M,18,Kolar,Stalking Prior to Offence,3887
3888,2797,A2,M,16,Kolar,Workplace Harassment,3888
3889,2798,A1,M,16,Udupi,Vehicle Theft (Parked),3889
3890,2798,A2,M,31,Udupi,Night-time House Break-in,3890
3891,2799,A1,M,24,Belagavi,Social Media Impersonation,3891
3892,2800,A1,F,16,Hassan,Courier via Public Transport,3892
3893,2800,A2,F,34,Hassan,Courier via Public Transport,3893
3894,2801,A1,M,42,Bidar,Vehicle Theft (Parked),3894
3895,2801,A2,M,31,Bidar,Night-time House Break-in,3895
3896,2801,A3,F,41,Bidar,Shop Lock-Break,3896
3897,2802,A1,M,30,Chamarajanagar,Snatching in Transit,3897
3898,2803,A1,M,26,Belagavi,Shop Lock-Break,3898
3899,2804,A1,M,16,Mandya,Confrontation over Dispute,3899
3900,2805,A1,F,36,Yadgir,Workplace Harassment,3900
3901,2806,A1,M,20,Belagavi,Shop Lock-Break,3901
3902,2807,A1,M,29,Chitradurga,Shell Company Cheating,3902
3903,2807,A2,M,19,Chitradurga,Shell Company Cheating,3903
3904,2808,A1,M,23,Kolar,Break-in via Rear Entry,3904
3905,2809,A1,F,16,Vijayapura,Shop Lock-Break,3905
3906,2809,A2,M,25,Vijayapura,Vehicle Theft (Parked),3906
3907,2810,A1,F,38,Belagavi,Known-Person Domestic Abuse,3907
3908,2811,A1,F,46,Hassan,Break-in via Rear Entry,3908
3909,2812,A1,M,26,Hassan,Vehicle Theft (Parked),3909
3910,2812,A2,F,18,Hassan,Night-time House Break-in,3910
3911,2813,A1,M,16,Mysuru,Shell Company Cheating,3911
3912,2814,A1,M,25,Uttara Kannada,Dowry-Related Coercion,3912
3913,2815,A1,M,45,Tumakuru,Social Media Impersonation,3913
3914,2816,A1,M,36,Belagavi,Snatching in Transit,3914
3915,2817,A1,M,25,Hubballi-Dharwad,Dowry-Related Coercion,3915
3916,2817,A2,M,48,Hubballi-Dharwad,Dowry-Related Coercion,3916
3917,2817,A3,F,16,Hubballi-Dharwad,Stalking Prior to Offence,3917
3918,2819,A1,M,26,Mysuru,Group Attack (Prior Enmity),3918
3919,2819,A2,M,26,Mysuru,Confrontation over Dispute,3919
3920,2820,A1,M,16,Belagavi,Group Attack (Prior Enmity),3920
3921,2820,A2,F,36,Belagavi,Sudden Armed Assault,3921
3922,2822,A1,M,36,Koppal,Weapon-Assisted Assault,3922
3923,2823,A1,M,42,Belagavi,Workplace Harassment,3923
3924,2823,A2,M,16,Belagavi,Known-Person Domestic Abuse,3924
3925,2825,A1,M,36,Kolar,Cheque Bounce Fraud,3925
3926,2826,A1,M,27,Ballari,Break-in via Rear Entry,3926
3927,2827,A1,M,39,Chikkamagaluru,Stalking Prior to Offence,3927
3928,2827,A2,M,20,Chikkamagaluru,Workplace Harassment,3928
3929,2828,A1,M,29,Bengaluru Rural,Social Media Impersonation,3929
3930,2829,A1,M,40,Kodagu,Break-in via Rear Entry,3930
3931,2829,A2,M,23,Kodagu,Night-time House Break-in,3931
3932,2830,A1,M,33,Kodagu,Social Media Impersonation,3932
3933,2830,A2,M,28,Kodagu,Fake Investment App,3933
3934,2831,A1,M,30,Hassan,Shop Lock-Break,3934
3935,2831,A2,M,44,Hassan,Night-time House Break-in,3935
3936,2831,A3,M,31,Hassan,Break-in via Rear Entry,3936
3937,2832,A1,M,30,Bengaluru City,Dowry-Related Coercion,3937
3938,2833,A1,M,16,Gadag,Home Cultivation/Storage,3938
3939,2833,A2,M,30,Gadag,Courier via Public Transport,3939
3940,2834,A1,M,22,Bengaluru City,Snatching in Transit,3940
3941,2835,A1,M,32,Belagavi,Snatching in Transit,3941
3942,2835,A2,M,26,Belagavi,Vehicle Theft (Parked),3942
3943,2836,A1,M,22,Belagavi,Workplace Harassment,3943
3944,2837,A1,M,29,Hassan,Workplace Harassment,3944
3945,2838,A1,M,22,Bengaluru City,Stalking Prior to Offence,3945
3946,2839,A1,M,27,Belagavi,Phishing Link / OTP Fraud,3946
3947,2839,A2,M,35,Belagavi,Fake Investment App,3947
3948,2840,A1,M,29,Bengaluru City,Workplace Harassment,3948
3949,2841,A1,F,30,Mangaluru (Dakshina Kannada),Fake Investment App,3949
3950,2842,A1,F,41,Raichur,Sudden Armed Assault,3950
3951,2842,A2,M,23,Raichur,Weapon-Assisted Assault,3951
3952,2842,A3,M,28,Raichur,Confrontation over Dispute,3952
3953,2843,A1,M,44,Mysuru,Weapon-Assisted Assault,3953
3954,2843,A2,M,26,Mysuru,Confrontation over Dispute,3954
3955,2843,A3,M,32,Mysuru,Weapon-Assisted Assault,3955
3956,2844,A1,M,19,Bengaluru Rural,Cheque Bounce Fraud,3956
3957,2845,A1,M,28,Chamarajanagar,Night-time House Break-in,3957
3958,2846,A1,M,43,Kodagu,Workplace Harassment,3958
3959,2847,A1,M,25,Bengaluru Rural,Phishing Link / OTP Fraud,3959
3960,2848,A1,F,31,Udupi,Forged Document Trail,3960
3961,2849,A1,M,16,Raichur,Home Cultivation/Storage,3961
3962,2849,A2,M,23,Raichur,Home Cultivation/Storage,3962
3963,2850,A1,M,52,Hassan,Cheque Bounce Fraud,3963
3964,2850,A2,M,25,Hassan,Chit Fund Default,3964
3965,2850,A3,M,23,Hassan,Chit Fund Default,3965
3966,2851,A1,M,31,Kolar,Social-Media Incited Assembly,3966
3967,2852,A1,M,24,Chamarajanagar,Break-in via Rear Entry,3967
3968,2853,A1,M,20,Raichur,Known-Person Domestic Abuse,3968
3969,2854,A1,M,20,Bengaluru Rural,Shop Lock-Break,3969
3970,2855,A1,M,53,Bengaluru City,Confrontation over Dispute,3970
3971,2856,A1,M,39,Kalaburagi,Vehicle Theft (Parked),3971
3972,2857,A1,M,25,Mysuru,Chit Fund Default,3972
3973,2858,A1,M,29,Hassan,Shop Lock-Break,3973
3974,2859,A1,M,28,Haveri,Phishing Link / OTP Fraud,3974
3975,2859,A2,M,31,Haveri,Fake Investment App,3975
3976,2860,A1,M,40,Hubballi-Dharwad,Sudden Armed Assault,3976
3977,2861,A1,M,49,Kalaburagi,Sudden Armed Assault,3977
3978,2861,A2,M,40,Kalaburagi,Confrontation over Dispute,3978
3979,2862,A1,M,32,Belagavi,Cross-Border Transit Route,3979
3980,2863,A1,M,20,Bidar,Sudden Armed Assault,3980
3981,2863,A2,M,38,Bidar,Group Attack (Prior Enmity),3981
3982,2864,A1,M,25,Chamarajanagar,Shop Lock-Break,3982
3983,2865,A1,F,27,Hubballi-Dharwad,Weapon-Assisted Assault,3983
3984,2865,A2,M,30,Hubballi-Dharwad,Weapon-Assisted Assault,3984
3985,2866,A1,M,16,Koppal,Stalking Prior to Offence,3985
3986,2866,A2,M,34,Koppal,Workplace Harassment,3986
3987,2867,A1,F,38,Udupi,Weapon-Assisted Assault,3987
3988,2867,A2,M,32,Udupi,Sudden Armed Assault,3988
3989,2867,A3,M,27,Udupi,Weapon-Assisted Assault,3989
3990,2868,A1,M,25,Ramanagara,Dowry-Related Coercion,3990
3991,2869,A1,M,24,Ramanagara,Confrontation over Dispute,3991
3992,2870,A1,M,28,Vijayapura,Shop Lock-Break,3992
3993,2871,A1,M,29,Kodagu,Fake Investment App,3993
3994,2872,A1,M,33,Yadgir,Break-in via Rear Entry,3994
3995,2872,A2,M,29,Yadgir,Night-time House Break-in,3995
3996,2872,A3,M,18,Yadgir,Snatching in Transit,3996
3997,2873,A1,F,28,Bengaluru Rural,Cheque Bounce Fraud,3997
3998,2874,A1,M,26,Belagavi,Social Media Impersonation,3998
3999,2874,A2,M,49,Belagavi,Social Media Impersonation,3999
4000,2875,A1,M,31,Udupi,SIM-Swap Fraud,4000
4001,2876,A1,M,23,Mandya,Known-Person Domestic Abuse,4001
4002,2877,A1,M,23,Bengaluru City,Weapon-Assisted Assault,4002
4003,2877,A2,M,35,Bengaluru City,Group Attack (Prior Enmity),4003
4004,2878,A1,M,29,Belagavi,Cross-Border Transit Route,4004
4005,2879,A1,M,19,Ramanagara,Social Media Impersonation,4005
4006,2879,A2,M,26,Ramanagara,Phishing Link / OTP Fraud,4006
4007,2880,A1,F,35,Bengaluru Rural,Social Media Impersonation,4007
4008,2880,A2,M,32,Bengaluru Rural,Fake Investment App,4008
4009,2881,A1,M,20,Ballari,Night-time House Break-in,4009
4010,2881,A2,M,29,Ballari,Break-in via Rear Entry,4010
4011,2882,A1,M,30,Belagavi,Confrontation over Dispute,4011
4012,2883,A1,M,25,Chamarajanagar,Confrontation over Dispute,4012
4013,2884,A1,M,24,Belagavi,Fake Investment App,4013
4014,2884,A2,M,16,Belagavi,Social Media Impersonation,4014
4015,2884,A3,F,27,Belagavi,Fake Investment App,4015
4016,2885,A1,M,28,Kolar,Stalking Prior to Offence,4016
4017,2885,A2,M,26,Kolar,Known-Person Domestic Abuse,4017
4018,2886,A1,M,43,Bengaluru Rural,Confrontation over Dispute,4018
4019,2887,A1,M,16,Tumakuru,Social-Media Incited Assembly,4019
4020,2887,A2,M,27,Tumakuru,Social-Media Incited Assembly,4020
4021,2888,A1,M,39,Hassan,Fake Investment App,4021
4022,2889,A1,M,25,Belagavi,Break-in via Rear Entry,4022
4023,2890,A1,F,30,Bidar,Dowry-Related Coercion,4023
4024,2890,A2,M,27,Bidar,Dowry-Related Coercion,4024
4025,2891,A1,M,19,Tumakuru,Dowry-Related Coercion,4025
4026,2892,A1,F,28,Mangaluru (Dakshina Kannada),Stalking Prior to Offence,4026
4027,2892,A2,F,32,Mangaluru (Dakshina Kannada),Dowry-Related Coercion,4027
4028,2893,A1,M,32,Ballari,Group Attack (Prior Enmity),4028
4029,2893,A2,M,31,Ballari,Group Attack (Prior Enmity),4029
4030,2893,A3,M,16,Ballari,Confrontation over Dispute,4030
4031,2894,A1,M,35,Kalaburagi,Vehicle Theft (Parked),4031
4032,2895,A1,M,25,Yadgir,Sudden Armed Assault,4032
4033,2896,A1,M,36,Udupi,Home Cultivation/Storage,4033
4034,2897,A1,M,24,Bengaluru City,Break-in via Rear Entry,4034
4035,2897,A2,M,20,Bengaluru City,Snatching in Transit,4035
4036,2898,A1,M,49,Mangaluru (Dakshina Kannada),Stalking Prior to Offence,4036
4037,2898,A2,M,23,Mangaluru (Dakshina Kannada),Dowry-Related Coercion,4037
4038,2899,A1,M,39,Hassan,Known-Person Domestic Abuse,4038
4039,2899,A2,M,31,Hassan,Dowry-Related Coercion,4039
4040,2900,A1,M,16,Mysuru,Snatching in Transit,4040
4041,2901,A1,F,25,Mangaluru (Dakshina Kannada),Dowry-Related Coercion,4041
4042,2902,A1,M,18,Chitradurga,Cheque Bounce Fraud,4042
4043,2903,A1,M,31,Hassan,Confrontation over Dispute,4043
4044,2903,A2,M,20,Hassan,Sudden Armed Assault,4044
4045,2904,A1,M,17,Tumakuru,Workplace Harassment,4045
4046,2905,A1,M,16,Bidar,Night-time House Break-in,4046
4047,2906,A1,M,18,Shivamogga,Stalking Prior to Offence,4047
4048,2907,A1,M,34,Bidar,Shop Lock-Break,4048
4049,2908,A1,M,38,Belagavi,Weapon-Assisted Assault,4049
4050,2908,A2,M,16,Belagavi,Group Attack (Prior Enmity),4050
4051,2909,A1,F,23,Bengaluru Rural,Social-Media Incited Assembly,4051
4052,2909,A2,M,30,Bengaluru Rural,Social-Media Incited Assembly,4052
4053,2910,A1,M,29,Bidar,Known-Person Domestic Abuse,4053
4054,2913,A1,M,33,Davanagere,Weapon-Assisted Assault,4054
4055,2913,A2,M,21,Davanagere,Confrontation over Dispute,4055
4056,2914,A1,M,20,Yadgir,Break-in via Rear Entry,4056
4057,2914,A2,M,36,Yadgir,Snatching in Transit,4057
4058,2916,A1,M,24,Chamarajanagar,Weapon-Assisted Assault,4058
4059,2916,A2,M,26,Chamarajanagar,Confrontation over Dispute,4059
4060,2917,A1,F,29,Ballari,Chit Fund Default,4060
4061,2917,A2,M,23,Ballari,Forged Document Trail,4061
4062,2918,A1,M,16,Tumakuru,Sudden Armed Assault,4062
4063,2922,A1,M,26,Belagavi,Known-Person Domestic Abuse,4063
4064,2923,A1,M,44,Ramanagara,Snatching in Transit,4064
4065,2923,A2,F,32,Ramanagara,Night-time House Break-in,4065
4066,2923,A3,M,42,Ramanagara,Shop Lock-Break,4066
4067,2924,A1,M,51,Tumakuru,Confrontation over Dispute,4067
4068,2924,A2,M,23,Tumakuru,Confrontation over Dispute,4068
4069,2924,A3,M,25,Tumakuru,Sudden Armed Assault,4069
4070,2925,A1,F,37,Hassan,Social-Media Incited Assembly,4070
4071,2925,A2,M,17,Hassan,Social-Media Incited Assembly,4071
4072,2925,A3,M,19,Hassan,Social-Media Incited Assembly,4072
4073,2926,A1,M,25,Bengaluru City,SIM-Swap Fraud,4073
4074,2926,A2,F,34,Bengaluru City,Fake Investment App,4074
4075,2926,A3,M,48,Bengaluru City,SIM-Swap Fraud,4075
4076,2927,A1,F,24,Mangaluru (Dakshina Kannada),Home Cultivation/Storage,4076
4077,2927,A2,M,34,Mangaluru (Dakshina Kannada),Cross-Border Transit Route,4077
4078,2928,A1,M,29,Chamarajanagar,Cheque Bounce Fraud,4078
4079,2929,A1,M,34,Kalaburagi,Confrontation over Dispute,4079
4080,2930,A1,M,30,Tumakuru,Shop Lock-Break,4080
4081,2932,A1,M,24,Mangaluru (Dakshina Kannada),Night-time House Break-in,4081
4082,2934,A1,M,32,Hubballi-Dharwad,Night-time House Break-in,4082
4083,2935,A1,F,19,Hassan,Dowry-Related Coercion,4083
4084,2936,A1,M,28,Bengaluru City,Break-in via Rear Entry,4084
4085,2936,A2,F,23,Bengaluru City,Snatching in Transit,4085
4086,2937,A1,M,30,Mysuru,Social Media Impersonation,4086
4087,2938,A1,M,35,Davanagere,Dowry-Related Coercion,4087
4088,2938,A2,M,43,Davanagere,Known-Person Domestic Abuse,4088
4089,2938,A3,M,34,Davanagere,Stalking Prior to Offence,4089
4090,2939,A1,M,30,Hassan,Sudden Armed Assault,4090
4091,2940,A1,M,27,Kodagu,Break-in via Rear Entry,4091
4092,2940,A2,M,22,Kodagu,Vehicle Theft (Parked),4092
4093,2940,A3,M,34,Kodagu,Night-time House Break-in,4093
4094,2941,A1,M,31,Raichur,Fake Investment App,4094
4095,2942,A1,M,29,Davanagere,Confrontation over Dispute,4095
4096,2942,A2,F,31,Davanagere,Confrontation over Dispute,4096
4097,2942,A3,M,41,Davanagere,Group Attack (Prior Enmity),4097
4098,2943,A1,M,28,Bengaluru Rural,Stalking Prior to Offence,4098
4099,2944,A1,M,24,Ballari,Confrontation over Dispute,4099
4100,2945,A1,M,33,Raichur,Workplace Harassment,4100
4101,2946,A1,M,38,Belagavi,Sudden Armed Assault,4101
4102,2947,A1,M,25,Shivamogga,Night-time House Break-in,4102
4103,2947,A2,M,38,Shivamogga,Night-time House Break-in,4103
4104,2948,A1,M,34,Tumakuru,Social-Media Incited Assembly,4104
4105,2949,A1,M,22,Hubballi-Dharwad,Stalking Prior to Offence,4105
4106,2949,A2,M,35,Hubballi-Dharwad,Stalking Prior to Offence,4106
4107,2950,A1,M,19,Udupi,Vehicle Theft (Parked),4107
4108,2951,A1,M,36,Bengaluru Rural,Vehicle Theft (Parked),4108
4109,2952,A1,M,39,Belagavi,Sudden Armed Assault,4109
4110,2953,A1,M,16,Kolar,Workplace Harassment,4110
4111,2954,A1,M,17,Belagavi,Dowry-Related Coercion,4111
4112,2955,A1,M,43,Belagavi,Cheque Bounce Fraud,4112
4113,2955,A2,M,22,Belagavi,Shell Company Cheating,4113
4114,2955,A3,M,18,Belagavi,Chit Fund Default,4114
4115,2956,A1,M,21,Haveri,Group Attack (Prior Enmity),4115
4116,2957,A1,M,32,Mysuru,Shop Lock-Break,4116
4117,2958,A1,M,20,Chamarajanagar,Workplace Harassment,4117
4118,2958,A2,M,27,Chamarajanagar,Workplace Harassment,4118
4119,2959,A1,M,20,Bagalkot,Snatching in Transit,4119
4120,2960,A1,M,31,Mangaluru (Dakshina Kannada),SIM-Swap Fraud,4120
4121,2961,A1,M,16,Bengaluru Rural,Home Cultivation/Storage,4121
4122,2962,A1,M,32,Bengaluru Rural,Sudden Armed Assault,4122
4123,2962,A2,M,40,Bengaluru Rural,Sudden Armed Assault,4123
4124,2962,A3,M,36,Bengaluru Rural,Sudden Armed Assault,4124
4125,2963,A1,M,41,Ballari,Weapon-Assisted Assault,4125
4126,2964,A1,M,17,Mysuru,Vehicle Theft (Parked),4126
4127,2965,A1,M,28,Davanagere,Group Attack (Prior Enmity),4127
4128,2966,A1,M,16,Ballari,Social Media Impersonation,4128
4129,2966,A2,M,21,Ballari,Fake Investment App,4129
4130,2966,A3,M,29,Ballari,Social Media Impersonation,4130
4131,2967,A1,M,22,Bidar,Shop Lock-Break,4131
4132,2968,A1,M,16,Tumakuru,Snatching in Transit,4132
4133,2969,A1,M,21,Bidar,Weapon-Assisted Assault,4133
4134,2970,A1,M,16,Tumakuru,Weapon-Assisted Assault,4134
4135,2971,A1,M,36,Belagavi,Fake Investment App,4135
4136,2974,A1,M,36,Kodagu,Workplace Harassment,4136
4137,2975,A1,M,34,Koppal,Fake Investment App,4137
4138,2976,A1,M,29,Bagalkot,Shell Company Cheating,4138
4139,2976,A2,M,16,Bagalkot,Chit Fund Default,4139
4140,2976,A3,M,31,Bagalkot,Shell Company Cheating,4140
4141,2977,A1,M,19,Udupi,Stalking Prior to Offence,4141
4142,2978,A1,M,16,Yadgir,Confrontation over Dispute,4142
4143,2980,A1,M,20,Ramanagara,Group Attack (Prior Enmity),4143
4144,2980,A2,M,34,Ramanagara,Group Attack (Prior Enmity),4144
4145,2980,A3,M,26,Ramanagara,Confrontation over Dispute,4145
4146,2981,A1,F,31,Raichur,Sudden Armed Assault,4146
4147,2982,A1,M,27,Chikkamagaluru,Home Cultivation/Storage,4147
4148,2983,A1,M,18,Bengaluru City,Dowry-Related Coercion,4148
4149,2984,A1,M,27,Bengaluru Rural,Sudden Armed Assault,4149
4150,2985,A1,M,48,Mangaluru (Dakshina Kannada),SIM-Swap Fraud,4150
4151,2986,A1,M,33,Belagavi,Vehicle Theft (Parked),4151
4152,2987,A1,F,29,Bengaluru Rural,Stalking Prior to Offence,4152
4153,2988,A1,M,16,Raichur,Vehicle Theft (Parked),4153
4154,2990,A1,M,41,Bengaluru Rural,Forged Document Trail,4154
4155,2991,A1,M,34,Bengaluru City,Group Attack (Prior Enmity),4155
4156,2992,A1,M,29,Tumakuru,Workplace Harassment,4156
4157,2993,A1,M,33,Ballari,Social-Media Incited Assembly,4157
4158,2993,A2,M,16,Ballari,Social-Media Incited Assembly,4158
4159,2993,A3,M,42,Ballari,Social-Media Incited Assembly,4159
4160,2994,A1,M,42,Bidar,Night-time House Break-in,4160
4161,2995,A1,M,30,Udupi,Known-Person Domestic Abuse,4161
4162,2996,A1,M,34,Belagavi,Snatching in Transit,4162
4163,2997,A1,M,21,Mangaluru (Dakshina Kannada),Fake Investment App,4163
4164,2998,A1,F,16,Yadgir,Night-time House Break-in,4164
4165,2999,A1,F,45,Belagavi,Confrontation over Dispute,4165
4166,3000,A1,F,19,Kolar,Forged Document Trail,4166
4167,3000,A2,M,23,Kolar,Forged Document Trail,4167
4168,3001,A1,M,34,Ramanagara,Home Cultivation/Storage,4168
4169,3002,A1,M,21,Mysuru,Sudden Armed Assault,4169
4170,3002,A2,M,37,Mysuru,Weapon-Assisted Assault,4170
4171,3003,A1,M,18,Bagalkot,Vehicle Theft (Parked),4171
4172,3003,A2,M,27,Bagalkot,Break-in via Rear Entry,4172
4173,3004,A1,M,26,Bengaluru Rural,Vehicle Theft (Parked),4173
4174,3004,A2,M,17,Bengaluru Rural,Snatching in Transit,4174
4175,3005,A1,M,28,Davanagere,Shop Lock-Break,4175
4176,3006,A1,F,27,Chamarajanagar,Group Attack (Prior Enmity),4176
4177,3007,A1,M,24,Tumakuru,Vehicle Theft (Parked),4177
4178,3008,A1,M,28,Chamarajanagar,Social-Media Incited Assembly,4178
4179,3008,A2,M,17,Chamarajanagar,Organized Group Mobilization,4179
4180,3008,A3,M,25,Chamarajanagar,Social-Media Incited Assembly,4180
4181,3009,A1,M,42,Haveri,Fake Investment App,4181
4182,3009,A2,M,28,Haveri,Phishing Link / OTP Fraud,4182
4183,3010,A1,F,47,Hubballi-Dharwad,Phishing Link / OTP Fraud,4183
4184,3011,A1,F,16,Kodagu,Stalking Prior to Offence,4184
4185,3012,A1,M,16,Yadgir,Confrontation over Dispute,4185
4186,3013,A1,M,35,Kolar,Workplace Harassment,4186
4187,3014,A1,F,35,Haveri,Confrontation over Dispute,4187
4188,3014,A2,F,26,Haveri,Confrontation over Dispute,4188
4189,3016,A1,M,20,Ballari,Confrontation over Dispute,4189
4190,3016,A2,M,22,Ballari,Group Attack (Prior Enmity),4190
4191,3017,A1,M,41,Mandya,Stalking Prior to Offence,4191
4192,3017,A2,M,46,Mandya,Dowry-Related Coercion,4192
4193,3018,A1,M,16,Bengaluru Rural,Snatching in Transit,4193
4194,3018,A2,M,33,Bengaluru Rural,Break-in via Rear Entry,4194
4195,3019,A1,M,36,Chikkamagaluru,Weapon-Assisted Assault,4195
4196,3021,A1,M,27,Bengaluru Rural,Vehicle Theft (Parked),4196
4197,3021,A2,M,51,Bengaluru Rural,Night-time House Break-in,4197
4198,3022,A1,M,33,Mangaluru (Dakshina Kannada),Break-in via Rear Entry,4198
4199,3023,A1,M,32,Udupi,Chit Fund Default,4199
4200,3024,A1,M,28,Bagalkot,Dowry-Related Coercion,4200
4201,3024,A2,M,16,Bagalkot,Workplace Harassment,4201
4202,3025,A1,M,26,Ramanagara,Weapon-Assisted Assault,4202
4203,3025,A2,M,29,Ramanagara,Sudden Armed Assault,4203
4204,3026,A1,M,27,Mysuru,Dowry-Related Coercion,4204
4205,3026,A2,M,19,Mysuru,Stalking Prior to Offence,4205
4206,3026,A3,M,42,Mysuru,Dowry-Related Coercion,4206
4207,3027,A1,M,38,Hubballi-Dharwad,Courier via Public Transport,4207
4208,3028,A1,M,21,Mangaluru (Dakshina Kannada),Shell Company Cheating,4208
4209,3028,A2,M,31,Mangaluru (Dakshina Kannada),Shell Company Cheating,4209
4210,3028,A3,F,16,Mangaluru (Dakshina Kannada),Cheque Bounce Fraud,4210
4211,3029,A1,M,26,Kodagu,Cheque Bounce Fraud,4211
4212,3030,A1,M,35,Mysuru,Cross-Border Transit Route,4212
4213,3031,A1,M,60,Chamarajanagar,Sudden Armed Assault,4213
4214,3031,A2,M,25,Chamarajanagar,Weapon-Assisted Assault,4214
4215,3031,A3,M,22,Chamarajanagar,Confrontation over Dispute,4215
4216,3032,A1,M,35,Mysuru,Courier via Public Transport,4216
4217,3032,A2,F,16,Mysuru,Home Cultivation/Storage,4217
4218,3033,A1,M,16,Bengaluru Rural,Night-time House Break-in,4218
4219,3034,A1,M,28,Kodagu,Cheque Bounce Fraud,4219
4220,3036,A1,M,43,Raichur,Dowry-Related Coercion,4220
4221,3036,A2,M,36,Raichur,Stalking Prior to Offence,4221
4222,3037,A1,F,40,Ramanagara,Vehicle Theft (Parked),4222
4223,3037,A2,M,23,Ramanagara,Vehicle Theft (Parked),4223
4224,3037,A3,M,30,Ramanagara,Vehicle Theft (Parked),4224
4225,3038,A1,M,31,Bengaluru City,Cheque Bounce Fraud,4225
4226,3039,A1,F,30,Bidar,Workplace Harassment,4226
4227,3040,A1,M,23,Davanagere,Break-in via Rear Entry,4227
4228,3040,A2,M,25,Davanagere,Shop Lock-Break,4228
4229,3041,A1,M,30,Chamarajanagar,Phishing Link / OTP Fraud,4229
4230,3041,A2,M,43,Chamarajanagar,Phishing Link / OTP Fraud,4230
4231,3043,A1,M,42,Vijayapura,Workplace Harassment,4231
4232,3043,A2,M,40,Vijayapura,Workplace Harassment,4232
4233,3043,A3,M,16,Vijayapura,Workplace Harassment,4233
4234,3044,A1,M,30,Kolar,Snatching in Transit,4234
4235,3045,A1,M,28,Hubballi-Dharwad,Sudden Armed Assault,4235
4236,3045,A2,M,24,Hubballi-Dharwad,Sudden Armed Assault,4236
4237,3046,A1,M,30,Kodagu,Phishing Link / OTP Fraud,4237
4238,3047,A1,M,21,Belagavi,Confrontation over Dispute,4238
4239,3048,A1,M,37,Hubballi-Dharwad,Forged Document Trail,4239
4240,3049,A1,M,19,Koppal,Known-Person Domestic Abuse,4240
4241,3051,A1,M,33,Bengaluru Rural,Weapon-Assisted Assault,4241
4242,3051,A2,M,17,Bengaluru Rural,Confrontation over Dispute,4242
4243,3052,A1,M,42,Mangaluru (Dakshina Kannada),Dowry-Related Coercion,4243
4244,3052,A2,M,25,Mangaluru (Dakshina Kannada),Known-Person Domestic Abuse,4244
4245,3053,A1,M,36,Ramanagara,Known-Person Domestic Abuse,4245
4246,3054,A1,F,40,Chikkaballapur,Snatching in Transit,4246
4247,3056,A1,M,36,Kalaburagi,Forged Document Trail,4247
4248,3056,A2,F,18,Kalaburagi,Forged Document Trail,4248
4249,3057,A1,M,17,Bengaluru Rural,Night-time House Break-in,4249
4250,3058,A1,M,26,Udupi,Workplace Harassment,4250
4251,3059,A1,M,16,Davanagere,Known-Person Domestic Abuse,4251
4252,3059,A2,M,38,Davanagere,Workplace Harassment,4252
4253,3059,A3,M,44,Davanagere,Workplace Harassment,4253
4254,3060,A1,M,42,Bengaluru Rural,Organized Group Mobilization,4254
4255,3060,A2,M,32,Bengaluru Rural,Social-Media Incited Assembly,4255
4256,3061,A1,M,37,Kodagu,Known-Person Domestic Abuse,4256
4257,3062,A1,M,20,Shivamogga,Snatching in Transit,4257
4258,3062,A2,F,31,Shivamogga,Vehicle Theft (Parked),4258
4259,3063,A1,M,39,Tumakuru,Workplace Harassment,4259
4260,3064,A1,M,27,Bidar,Weapon-Assisted Assault,4260
4261,3064,A2,M,30,Bidar,Sudden Armed Assault,4261
4262,3064,A3,M,21,Bidar,Weapon-Assisted Assault,4262
4263,3065,A1,M,26,Mangaluru (Dakshina Kannada),Shop Lock-Break,4263
4264,3065,A2,M,36,Mangaluru (Dakshina Kannada),Shop Lock-Break,4264
4265,3065,A3,M,32,Mangaluru (Dakshina Kannada),Break-in via Rear Entry,4265
4266,3066,A1,M,31,Belagavi,Social Media Impersonation,4266
4267,3067,A1,M,34,Mangaluru (Dakshina Kannada),Vehicle Theft (Parked),4267
4268,3068,A1,M,41,Hubballi-Dharwad,Chit Fund Default,4268
4269,3069,A1,M,21,Mysuru,Home Cultivation/Storage,4269
4270,3069,A2,M,26,Mysuru,Home Cultivation/Storage,4270
4271,3069,A3,M,27,Mysuru,Cross-Border Transit Route,4271
4272,3070,A1,M,24,Chamarajanagar,Snatching in Transit,4272
4273,3070,A2,M,29,Chamarajanagar,Vehicle Theft (Parked),4273
4274,3071,A1,F,16,Tumakuru,Confrontation over Dispute,4274
4275,3072,A1,M,52,Kodagu,Cheque Bounce Fraud,4275
4276,3073,A1,M,19,Ballari,Shop Lock-Break,4276
4277,3074,A1,M,16,Vijayapura,Vehicle Theft (Parked),4277
4278,3074,A2,M,29,Vijayapura,Break-in via Rear Entry,4278
4279,3075,A1,M,32,Hassan,Dowry-Related Coercion,4279
4280,3076,A1,M,19,Kodagu,Stalking Prior to Offence,4280
4281,3077,A1,M,16,Hassan,Break-in via Rear Entry,4281
4282,3078,A1,M,17,Belagavi,Dowry-Related Coercion,4282
4283,3078,A2,M,30,Belagavi,Stalking Prior to Offence,4283
4284,3079,A1,M,19,Belagavi,Group Attack (Prior Enmity),4284
4285,3080,A1,M,31,Mysuru,Group Attack (Prior Enmity),4285
4286,3081,A1,F,16,Mangaluru (Dakshina Kannada),Weapon-Assisted Assault,4286
4287,3082,A1,M,21,Mysuru,Group Attack (Prior Enmity),4287
4288,3083,A1,M,32,Belagavi,SIM-Swap Fraud,4288
4289,3084,A1,M,28,Vijayapura,Shop Lock-Break,4289
4290,3085,A1,F,32,Kodagu,Vehicle Theft (Parked),4290
4291,3086,A1,F,26,Yadgir,Weapon-Assisted Assault,4291
4292,3086,A2,M,42,Yadgir,Group Attack (Prior Enmity),4292
4293,3088,A1,M,33,Bidar,Stalking Prior to Offence,4293
4294,3090,A1,M,44,Bengaluru Rural,Shell Company Cheating,4294
4295,3090,A2,M,16,Bengaluru Rural,Forged Document Trail,4295
4296,3091,A1,M,30,Chamarajanagar,Forged Document Trail,4296
4297,3092,A1,F,42,Haveri,Sudden Armed Assault,4297
4298,3093,A1,M,25,Bengaluru City,Vehicle Theft (Parked),4298
4299,3094,A1,M,36,Belagavi,Workplace Harassment,4299
4300,3095,A1,M,24,Hassan,Confrontation over Dispute,4300
4301,3096,A1,M,32,Chamarajanagar,Break-in via Rear Entry,4301
4302,3097,A1,M,23,Bengaluru City,Weapon-Assisted Assault,4302
4303,3099,A1,M,40,Yadgir,Weapon-Assisted Assault,4303
4304,3099,A2,M,26,Yadgir,Confrontation over Dispute,4304
4305,3100,A1,M,34,Belagavi,Dowry-Related Coercion,4305
4306,3101,A1,M,38,Chamarajanagar,Group Attack (Prior Enmity),4306
4307,3102,A1,M,40,Hassan,Confrontation over Dispute,4307
4308,3102,A2,M,26,Hassan,Group Attack (Prior Enmity),4308
4309,3102,A3,M,26,Hassan,Group Attack (Prior Enmity),4309
4310,3103,A1,F,29,Kolar,Dowry-Related Coercion,4310
4311,3104,A1,M,18,Bengaluru City,Night-time House Break-in,4311
4312,3105,A1,M,23,Hassan,Weapon-Assisted Assault,4312
4313,3105,A2,F,19,Hassan,Group Attack (Prior Enmity),4313
4314,3106,A1,M,34,Belagavi,Cheque Bounce Fraud,4314
4315,3107,A1,M,23,Tumakuru,Stalking Prior to Offence,4315
4316,3108,A1,F,36,Haveri,Organized Group Mobilization,4316
4317,3109,A1,F,23,Mysuru,Phishing Link / OTP Fraud,4317
4318,3110,A1,M,23,Bengaluru City,Break-in via Rear Entry,4318
4319,3110,A2,M,30,Bengaluru City,Shop Lock-Break,4319
4320,3111,A1,M,25,Yadgir,Shop Lock-Break,4320
4321,3112,A1,M,16,Chitradurga,Confrontation over Dispute,4321
4322,3113,A1,M,22,Bengaluru Rural,Cross-Border Transit Route,4322
4323,3114,A1,M,44,Koppal,Chit Fund Default,4323
4324,3115,A1,M,28,Tumakuru,Dowry-Related Coercion,4324
4325,3116,A1,M,41,Kodagu,Stalking Prior to Offence,4325
4326,3117,A1,F,35,Mangaluru (Dakshina Kannada),Dowry-Related Coercion,4326
4327,3118,A1,F,20,Belagavi,Sudden Armed Assault,4327
4328,3119,A1,M,24,Belagavi,Courier via Public Transport,4328
4329,3120,A1,M,29,Raichur,Night-time House Break-in,4329
4330,3121,A1,M,36,Mangaluru (Dakshina Kannada),Group Attack (Prior Enmity),4330
4331,3121,A2,M,33,Mangaluru (Dakshina Kannada),Weapon-Assisted Assault,4331
4332,3122,A1,M,18,Ballari,Confrontation over Dispute,4332
4333,3123,A1,M,35,Raichur,Snatching in Transit,4333
4334,3123,A2,M,28,Raichur,Shop Lock-Break,4334
4335,3125,A1,F,16,Ballari,Known-Person Domestic Abuse,4335
4336,3126,A1,M,16,Bengaluru Rural,Fake Investment App,4336
4337,3127,A1,M,34,Yadgir,Vehicle Theft (Parked),4337
4338,3128,A1,M,23,Tumakuru,Dowry-Related Coercion,4338
4339,3128,A2,M,27,Tumakuru,Dowry-Related Coercion,4339
4340,3128,A3,F,35,Tumakuru,Known-Person Domestic Abuse,4340
4341,3129,A1,M,21,Tumakuru,Shop Lock-Break,4341
4342,3130,A1,M,37,Belagavi,Cross-Border Transit Route,4342
4343,3130,A2,M,17,Belagavi,Cross-Border Transit Route,4343
4344,3131,A1,F,17,Belagavi,Forged Document Trail,4344
4345,3132,A1,M,31,Hubballi-Dharwad,Confrontation over Dispute,4345
4346,3133,A1,M,28,Chitradurga,Break-in via Rear Entry,4346
4347,3133,A2,M,38,Chitradurga,Snatching in Transit,4347
4348,3133,A3,M,35,Chitradurga,Shop Lock-Break,4348
4349,3134,A1,M,30,Haveri,Stalking Prior to Offence,4349
4350,3135,A1,M,40,Bengaluru City,Known-Person Domestic Abuse,4350
4351,3136,A1,M,34,Kalaburagi,Known-Person Domestic Abuse,4351
4352,3137,A1,M,24,Mysuru,Fake Investment App,4352
4353,3137,A2,M,35,Mysuru,Fake Investment App,4353
4354,3138,A1,M,16,Chamarajanagar,Phishing Link / OTP Fraud,4354
4355,3138,A2,M,29,Chamarajanagar,Fake Investment App,4355
4356,3139,A1,M,31,Hassan,Vehicle Theft (Parked),4356
4357,3140,A1,M,43,Tumakuru,Social Media Impersonation,4357
4358,3141,A1,M,22,Raichur,Confrontation over Dispute,4358
4359,3142,A1,M,35,Tumakuru,Courier via Public Transport,4359
4360,3142,A2,M,27,Tumakuru,Courier via Public Transport,4360
4361,3144,A1,M,29,Mangaluru (Dakshina Kannada),Cheque Bounce Fraud,4361
4362,3144,A2,M,39,Mangaluru (Dakshina Kannada),Chit Fund Default,4362
4363,3145,A1,M,29,Ballari,Phishing Link / OTP Fraud,4363
4364,3145,A2,M,39,Ballari,Social Media Impersonation,4364
4365,3146,A1,M,32,Belagavi,Vehicle Theft (Parked),4365
4366,3147,A1,M,53,Bagalkot,Known-Person Domestic Abuse,4366
4367,3149,A1,M,37,Ballari,Chit Fund Default,4367
4368,3150,A1,M,30,Kolar,Dowry-Related Coercion,4368
4369,3150,A2,M,33,Kolar,Dowry-Related Coercion,4369
4370,3151,A1,M,26,Chamarajanagar,Night-time House Break-in,4370
4371,3151,A2,M,26,Chamarajanagar,Snatching in Transit,4371
4372,3152,A1,M,30,Bengaluru Rural,Shell Company Cheating,4372
4373,3153,A1,M,31,Tumakuru,Snatching in Transit,4373
4374,3153,A2,M,20,Tumakuru,Shop Lock-Break,4374
4375,3154,A1,M,16,Belagavi,Dowry-Related Coercion,4375
4376,3154,A2,M,30,Belagavi,Known-Person Domestic Abuse,4376
4377,3154,A3,M,31,Belagavi,Stalking Prior to Offence,4377
4378,3155,A1,M,30,Ballari,Forged Document Trail,4378
4379,3155,A2,M,37,Ballari,Chit Fund Default,4379
4380,3155,A3,M,18,Ballari,Forged Document Trail,4380
4381,3156,A1,M,20,Raichur,Dowry-Related Coercion,4381
4382,3156,A2,M,20,Raichur,Stalking Prior to Offence,4382
4383,3157,A1,M,32,Belagavi,Cheque Bounce Fraud,4383
4384,3157,A2,M,25,Belagavi,Chit Fund Default,4384
4385,3157,A3,M,30,Belagavi,Cheque Bounce Fraud,4385
4386,3158,A1,M,21,Kolar,Forged Document Trail,4386
4387,3159,A1,M,22,Gadag,Shop Lock-Break,4387
4388,3160,A1,M,24,Tumakuru,Confrontation over Dispute,4388
4389,3161,A1,M,30,Bengaluru Rural,Organized Group Mobilization,4389
4390,3161,A2,M,32,Bengaluru Rural,Social-Media Incited Assembly,4390
4391,3161,A3,M,16,Bengaluru Rural,Organized Group Mobilization,4391
4392,3162,A1,M,23,Ballari,Cross-Border Transit Route,4392
4393,3163,A1,M,18,Bengaluru Rural,Chit Fund Default,4393
4394,3164,A1,F,34,Chamarajanagar,Confrontation over Dispute,4394
4395,3164,A2,M,32,Chamarajanagar,Weapon-Assisted Assault,4395
4396,3165,A1,M,29,Bengaluru City,Sudden Armed Assault,4396
4397,3166,A1,M,16,Bagalkot,Group Attack (Prior Enmity),4397
4398,3167,A1,F,16,Mandya,Vehicle Theft (Parked),4398
4399,3168,A1,F,16,Kodagu,Weapon-Assisted Assault,4399
4400,3169,A1,M,35,Bengaluru City,Courier via Public Transport,4400
4401,3170,A1,M,34,Bengaluru Rural,Night-time House Break-in,4401
4402,3171,A1,M,37,Chamarajanagar,Weapon-Assisted Assault,4402
4403,3172,A1,M,24,Raichur,Workplace Harassment,4403
4404,3173,A1,M,21,Bengaluru Rural,Courier via Public Transport,4404
4405,3174,A1,F,25,Chitradurga,Group Attack (Prior Enmity),4405
4406,3175,A1,M,26,Kodagu,Sudden Armed Assault,4406
4407,3176,A1,M,40,Tumakuru,Known-Person Domestic Abuse,4407
4408,3176,A2,M,29,Tumakuru,Known-Person Domestic Abuse,4408
4409,3177,A1,M,28,Ballari,Shop Lock-Break,4409
4410,3178,A1,M,30,Chamarajanagar,Night-time House Break-in,4410
4411,3178,A2,M,23,Chamarajanagar,Shop Lock-Break,4411
4412,3179,A1,M,25,Hubballi-Dharwad,Snatching in Transit,4412
4413,3179,A2,M,19,Hubballi-Dharwad,Night-time House Break-in,4413
4414,3180,A1,M,29,Chamarajanagar,Known-Person Domestic Abuse,4414
4415,3181,A1,M,37,Mangaluru (Dakshina Kannada),Night-time House Break-in,4415
4416,3183,A1,M,29,Ramanagara,Weapon-Assisted Assault,4416
4417,3183,A2,M,26,Ramanagara,Weapon-Assisted Assault,4417
4418,3185,A1,M,28,Koppal,Snatching in Transit,4418
4419,3185,A2,M,24,Koppal,Break-in via Rear Entry,4419
4420,3186,A1,M,34,Tumakuru,Night-time House Break-in,4420
4421,3186,A2,M,41,Tumakuru,Snatching in Transit,4421
4422,3187,A1,M,30,Koppal,Chit Fund Default,4422
4423,3188,A1,M,19,Bagalkot,Courier via Public Transport,4423
4424,3189,A1,M,34,Bidar,Night-time House Break-in,4424
4425,3189,A2,M,21,Bidar,Vehicle Theft (Parked),4425
4426,3190,A1,F,16,Belagavi,Weapon-Assisted Assault,4426
4427,3190,A2,M,27,Belagavi,Group Attack (Prior Enmity),4427
4428,3190,A3,M,30,Belagavi,Group Attack (Prior Enmity),4428
4429,3191,A1,M,30,Bengaluru City,Workplace Harassment,4429
4430,3192,A1,M,42,Belagavi,Known-Person Domestic Abuse,4430
4431,3193,A1,M,16,Tumakuru,Night-time House Break-in,4431
4432,3194,A1,M,24,Belagavi,Weapon-Assisted Assault,4432
4433,3196,A1,M,43,Bengaluru Rural,Sudden Armed Assault,4433
4434,3197,A1,M,16,Belagavi,SIM-Swap Fraud,4434
4435,3198,A1,M,17,Ramanagara,Break-in via Rear Entry,4435
4436,3198,A2,M,21,Ramanagara,Night-time House Break-in,4436
4437,3199,A1,M,28,Kodagu,Night-time House Break-in,4437
4438,3200,A1,M,26,Bengaluru City,Courier via Public Transport,4438
4439,3201,A1,M,37,Ballari,Known-Person Domestic Abuse,4439
4440,3202,A1,M,24,Tumakuru,Group Attack (Prior Enmity),4440
4441,3202,A2,M,27,Tumakuru,Weapon-Assisted Assault,4441
4442,3203,A1,M,32,Ballari,Group Attack (Prior Enmity),4442
4443,3203,A2,M,16,Ballari,Confrontation over Dispute,4443
4444,3204,A1,M,31,Bengaluru City,Workplace Harassment,4444
4445,3204,A2,M,31,Bengaluru City,Stalking Prior to Offence,4445
4446,3204,A3,M,37,Bengaluru City,Known-Person Domestic Abuse,4446
4447,3205,A1,M,30,Koppal,Group Attack (Prior Enmity),4447
4448,3205,A2,M,17,Koppal,Group Attack (Prior Enmity),4448
4449,3206,A1,M,37,Mangaluru (Dakshina Kannada),Snatching in Transit,4449
4450,3207,A1,F,24,Yadgir,Workplace Harassment,4450
4451,3208,A1,M,30,Kalaburagi,Vehicle Theft (Parked),4451
4452,3208,A2,M,38,Kalaburagi,Snatching in Transit,4452
4453,3209,A1,M,17,Bengaluru City,Snatching in Transit,4453
4454,3209,A2,M,36,Bengaluru City,Break-in via Rear Entry,4454
4455,3211,A1,M,26,Chikkaballapur,Sudden Armed Assault,4455
4456,3212,A1,M,33,Kalaburagi,Dowry-Related Coercion,4456
4457,3213,A1,M,36,Kalaburagi,Shell Company Cheating,4457
4458,3213,A2,M,32,Kalaburagi,Chit Fund Default,4458
4459,3213,A3,M,33,Kalaburagi,Chit Fund Default,4459
4460,3214,A1,M,22,Hassan,Confrontation over Dispute,4460
4461,3214,A2,M,22,Hassan,Confrontation over Dispute,4461
4462,3214,A3,M,35,Hassan,Confrontation over Dispute,4462
4463,3215,A1,M,19,Ramanagara,Phishing Link / OTP Fraud,4463
4464,3217,A1,M,42,Yadgir,Forged Document Trail,4464
4465,3218,A1,M,16,Koppal,Phishing Link / OTP Fraud,4465
4466,3219,A1,M,16,Hassan,Night-time House Break-in,4466
4467,3220,A1,M,33,Ramanagara,Break-in via Rear Entry,4467
4468,3221,A1,M,42,Kodagu,Known-Person Domestic Abuse,4468
4469,3222,A1,M,17,Hassan,Vehicle Theft (Parked),4469
4470,3222,A2,M,16,Hassan,Vehicle Theft (Parked),4470
4471,3223,A1,M,29,Hassan,Weapon-Assisted Assault,4471
4472,3223,A2,M,19,Hassan,Group Attack (Prior Enmity),4472
4473,3224,A1,M,17,Hassan,Workplace Harassment,4473
4474,3225,A1,M,19,Shivamogga,Shop Lock-Break,4474
4475,3225,A2,M,28,Shivamogga,Break-in via Rear Entry,4475
4476,3226,A1,M,20,Belagavi,Vehicle Theft (Parked),4476
4477,3227,A1,M,35,Davanagere,Confrontation over Dispute,4477
4478,3227,A2,M,46,Davanagere,Confrontation over Dispute,4478
4479,3229,A1,M,47,Bengaluru Rural,Dowry-Related Coercion,4479
4480,3230,A1,M,19,Belagavi,Social Media Impersonation,4480
4481,3232,A1,F,43,Mysuru,Stalking Prior to Offence,4481
4482,3233,A1,M,16,Tumakuru,Vehicle Theft (Parked),4482
4483,3233,A2,M,35,Tumakuru,Shop Lock-Break,4483
4484,3234,A1,M,30,Kodagu,Workplace Harassment,4484
4485,3234,A2,M,39,Kodagu,Dowry-Related Coercion,4485
4486,3235,A1,M,19,Chamarajanagar,Dowry-Related Coercion,4486
4487,3235,A2,M,39,Chamarajanagar,Dowry-Related Coercion,4487
4488,3237,A1,M,31,Udupi,Social Media Impersonation,4488
4489,3238,A1,M,31,Kodagu,Forged Document Trail,4489
4490,3239,A1,M,30,Tumakuru,Social-Media Incited Assembly,4490
4491,3240,A1,F,36,Yadgir,Known-Person Domestic Abuse,4491
4492,3241,A1,F,19,Vijayapura,Night-time House Break-in,4492
4493,3243,A1,M,23,Chamarajanagar,Workplace Harassment,4493
4494,3244,A1,M,31,Tumakuru,SIM-Swap Fraud,4494
4495,3244,A2,M,22,Tumakuru,Fake Investment App,4495
4496,3245,A1,M,19,Kodagu,Chit Fund Default,4496
4497,3245,A2,M,34,Kodagu,Forged Document Trail,4497
4498,3245,A3,M,32,Kodagu,Cheque Bounce Fraud,4498
4499,3246,A1,M,31,Kalaburagi,Fake Investment App,4499
4500,3247,A1,M,16,Bagalkot,Group Attack (Prior Enmity),4500
4501,3247,A2,M,24,Bagalkot,Sudden Armed Assault,4501
4502,3249,A1,M,34,Bengaluru Rural,Shop Lock-Break,4502
4503,3251,A1,M,20,Davanagere,Dowry-Related Coercion,4503
4504,3252,A1,M,18,Chikkamagaluru,Sudden Armed Assault,4504
4505,3254,A1,M,34,Bengaluru City,Confrontation over Dispute,4505
4506,3254,A2,M,28,Bengaluru City,Sudden Armed Assault,4506
4507,3254,A3,M,29,Bengaluru City,Confrontation over Dispute,4507
4508,3255,A1,M,48,Mangaluru (Dakshina Kannada),Group Attack (Prior Enmity),4508
4509,3255,A2,M,28,Mangaluru (Dakshina Kannada),Confrontation over Dispute,4509
4510,3256,A1,M,32,Vijayapura,Social Media Impersonation,4510
4511,3256,A2,M,24,Vijayapura,Fake Investment App,4511
4512,3256,A3,M,52,Vijayapura,Phishing Link / OTP Fraud,4512
4513,3257,A1,M,26,Udupi,Fake Investment App,4513
4514,3258,A1,M,38,Ramanagara,Dowry-Related Coercion,4514
4515,3258,A2,M,25,Ramanagara,Stalking Prior to Offence,4515
4516,3259,A1,M,26,Kalaburagi,Snatching in Transit,4516
4517,3259,A2,M,23,Kalaburagi,Vehicle Theft (Parked),4517
4518,3260,A1,M,29,Tumakuru,SIM-Swap Fraud,4518
4519,3261,A1,M,16,Udupi,Fake Investment App,4519
4520,3261,A2,M,47,Udupi,Social Media Impersonation,4520
4521,3262,A1,M,19,Udupi,SIM-Swap Fraud,4521
4522,3262,A2,M,20,Udupi,Phishing Link / OTP Fraud,4522
4523,3263,A1,M,31,Tumakuru,Shell Company Cheating,4523
4524,3263,A2,F,16,Tumakuru,Forged Document Trail,4524
4525,3264,A1,M,28,Udupi,Group Attack (Prior Enmity),4525
4526,3264,A2,M,37,Udupi,Weapon-Assisted Assault,4526
4527,3265,A1,M,19,Hassan,Workplace Harassment,4527
4528,3265,A2,M,19,Hassan,Dowry-Related Coercion,4528
4529,3266,A1,M,35,Chikkamagaluru,Sudden Armed Assault,4529
4530,3266,A2,M,52,Chikkamagaluru,Sudden Armed Assault,4530
4531,3266,A3,M,31,Chikkamagaluru,Weapon-Assisted Assault,4531
4532,3267,A1,M,46,Shivamogga,Group Attack (Prior Enmity),4532
4533,3267,A2,M,20,Shivamogga,Weapon-Assisted Assault,4533
4534,3268,A1,M,40,Ramanagara,Social Media Impersonation,4534
4535,3269,A1,M,34,Raichur,Vehicle Theft (Parked),4535
4536,3270,A1,M,26,Bengaluru Rural,Night-time House Break-in,4536
4537,3271,A1,M,45,Bengaluru City,Confrontation over Dispute,4537
4538,3271,A2,F,22,Bengaluru City,Weapon-Assisted Assault,4538
4539,3272,A1,M,26,Bidar,Break-in via Rear Entry,4539
4540,3272,A2,M,31,Bidar,Break-in via Rear Entry,4540
4541,3273,A1,M,29,Belagavi,Workplace Harassment,4541
4542,3274,A1,F,38,Belagavi,Stalking Prior to Offence,4542
4543,3275,A1,M,22,Koppal,Home Cultivation/Storage,4543
4544,3275,A2,M,31,Koppal,Cross-Border Transit Route,4544
4545,3276,A1,M,28,Shivamogga,Vehicle Theft (Parked),4545
4546,3276,A2,M,32,Shivamogga,Vehicle Theft (Parked),4546
4547,3277,A1,M,25,Bengaluru Rural,Forged Document Trail,4547
4548,3277,A2,M,16,Bengaluru Rural,Forged Document Trail,4548
4549,3278,A1,F,22,Mysuru,Stalking Prior to Offence,4549
4550,3279,A1,M,26,Bengaluru City,Dowry-Related Coercion,4550
4551,3279,A2,F,31,Bengaluru City,Dowry-Related Coercion,4551
4552,3279,A3,M,29,Bengaluru City,Workplace Harassment,4552
4553,3280,A1,M,18,Vijayapura,Courier via Public Transport,4553
4554,3281,A1,M,27,Belagavi,Chit Fund Default,4554
4555,3281,A2,M,42,Belagavi,Shell Company Cheating,4555
4556,3282,A1,M,25,Hubballi-Dharwad,Stalking Prior to Offence,4556
4557,3282,A2,M,41,Hubballi-Dharwad,Known-Person Domestic Abuse,4557
4558,3283,A1,M,19,Bengaluru Rural,Phishing Link / OTP Fraud,4558
4559,3284,A1,M,38,Koppal,Sudden Armed Assault,4559
4560,3285,A1,M,24,Davanagere,Known-Person Domestic Abuse,4560
4561,3286,A1,M,35,Mangaluru (Dakshina Kannada),Fake Investment App,4561
4562,3287,A1,M,41,Tumakuru,Dowry-Related Coercion,4562
4563,3288,A1,M,27,Yadgir,Workplace Harassment,4563
4564,3289,A1,M,16,Hassan,Social Media Impersonation,4564
4565,3289,A2,M,40,Hassan,Social Media Impersonation,4565
4566,3290,A1,M,16,Kalaburagi,Cheque Bounce Fraud,4566
4567,3290,A2,M,27,Kalaburagi,Chit Fund Default,4567
4568,3291,A1,M,21,Kalaburagi,SIM-Swap Fraud,4568
4569,3293,A1,M,17,Bengaluru Rural,Sudden Armed Assault,4569
4570,3293,A2,M,47,Bengaluru Rural,Confrontation over Dispute,4570
4571,3294,A1,M,24,Bengaluru Rural,Social Media Impersonation,4571
4572,3294,A2,M,31,Bengaluru Rural,SIM-Swap Fraud,4572
4573,3295,A1,M,32,Raichur,SIM-Swap Fraud,4573
4574,3296,A1,M,36,Ballari,SIM-Swap Fraud,4574
4575,3298,A1,F,20,Chamarajanagar,Shell Company Cheating,4575
4576,3298,A2,M,28,Chamarajanagar,Shell Company Cheating,4576
4577,3298,A3,M,29,Chamarajanagar,Shell Company Cheating,4577
4578,3299,A1,M,34,Belagavi,Forged Document Trail,4578
4579,3300,A1,M,23,Haveri,Shell Company Cheating,4579
4580,3301,A1,F,36,Mysuru,Snatching in Transit,4580
4581,3302,A1,M,25,Tumakuru,Snatching in Transit,4581
4582,3303,A1,M,35,Mangaluru (Dakshina Kannada),Snatching in Transit,4582
4583,3305,A1,M,27,Bengaluru Rural,Home Cultivation/Storage,4583
4584,3306,A1,M,34,Bengaluru Rural,Group Attack (Prior Enmity),4584
4585,3307,A1,M,35,Mysuru,Shop Lock-Break,4585
4586,3307,A2,F,24,Mysuru,Break-in via Rear Entry,4586
4587,3308,A1,M,23,Vijayapura,Cross-Border Transit Route,4587
4588,3309,A1,M,22,Yadgir,Stalking Prior to Offence,4588
4589,3310,A1,F,36,Mandya,Workplace Harassment,4589
4590,3310,A2,M,22,Mandya,Stalking Prior to Offence,4590
4591,3311,A1,F,21,Uttara Kannada,Confrontation over Dispute,4591
4592,3312,A1,M,32,Bidar,Known-Person Domestic Abuse,4592
4593,3312,A2,M,22,Bidar,Dowry-Related Coercion,4593
4594,3313,A1,M,23,Ramanagara,Group Attack (Prior Enmity),4594
4595,3314,A1,M,24,Belagavi,Confrontation over Dispute,4595
4596,3315,A1,M,28,Hassan,Sudden Armed Assault,4596
4597,3315,A2,M,26,Hassan,Group Attack (Prior Enmity),4597
4598,3316,A1,M,41,Chitradurga,Dowry-Related Coercion,4598
4599,3317,A1,M,52,Davanagere,Confrontation over Dispute,4599
4600,3318,A1,M,31,Udupi,Snatching in Transit,4600
4601,3319,A1,M,41,Davanagere,Social Media Impersonation,4601
4602,3320,A1,M,17,Chikkamagaluru,Group Attack (Prior Enmity),4602
4603,3320,A2,M,40,Chikkamagaluru,Group Attack (Prior Enmity),4603
4604,3321,A1,M,30,Koppal,Forged Document Trail,4604
4605,3322,A1,F,23,Mandya,Shop Lock-Break,4605
4606,3323,A1,M,29,Koppal,Weapon-Assisted Assault,4606
4607,3327,A1,M,28,Tumakuru,Night-time House Break-in,4607
4608,3327,A2,M,21,Tumakuru,Snatching in Transit,4608
4609,3328,A1,M,33,Mysuru,Known-Person Domestic Abuse,4609
4610,3328,A2,M,19,Mysuru,Dowry-Related Coercion,4610
4611,3328,A3,M,32,Mysuru,Workplace Harassment,4611
4612,3329,A1,F,28,Tumakuru,Dowry-Related Coercion,4612
4613,3330,A1,M,18,Tumakuru,Shell Company Cheating,4613
4614,3331,A1,M,27,Kodagu,Known-Person Domestic Abuse,4614
4615,3332,A1,M,34,Chitradurga,Cheque Bounce Fraud,4615
4616,3333,A1,M,17,Hassan,Night-time House Break-in,4616
4617,3333,A2,M,25,Hassan,Shop Lock-Break,4617
4618,3334,A1,M,47,Mysuru,Known-Person Domestic Abuse,4618
4619,3335,A1,M,23,Mangaluru (Dakshina Kannada),Sudden Armed Assault,4619
4620,3336,A1,M,38,Chamarajanagar,Snatching in Transit,4620
4621,3337,A1,M,31,Ramanagara,Break-in via Rear Entry,4621
4622,3337,A2,M,28,Ramanagara,Night-time House Break-in,4622
4623,3339,A1,M,22,Bengaluru Rural,Dowry-Related Coercion,4623
4624,3339,A2,M,31,Bengaluru Rural,Dowry-Related Coercion,4624
4625,3339,A3,M,38,Bengaluru Rural,Known-Person Domestic Abuse,4625
4626,3340,A1,M,36,Mysuru,Weapon-Assisted Assault,4626
4627,3340,A2,F,28,Mysuru,Sudden Armed Assault,4627
4628,3341,A1,M,35,Koppal,Workplace Harassment,4628
4629,3341,A2,M,25,Koppal,Dowry-Related Coercion,4629
4630,3342,A1,M,40,Bengaluru Rural,Organized Group Mobilization,4630
4631,3343,A1,F,26,Vijayapura,Shop Lock-Break,4631
4632,3344,A1,M,21,Udupi,Group Attack (Prior Enmity),4632
4633,3345,A1,M,43,Bengaluru City,Confrontation over Dispute,4633
4634,3346,A1,M,32,Gadag,Chit Fund Default,4634
4635,3347,A1,M,22,Belagavi,Stalking Prior to Offence,4635
4636,3348,A1,M,45,Bidar,Weapon-Assisted Assault,4636
4637,3348,A2,M,33,Bidar,Sudden Armed Assault,4637
4638,3349,A1,F,28,Bengaluru Rural,Shell Company Cheating,4638
4639,3349,A2,M,34,Bengaluru Rural,Chit Fund Default,4639
4640,3350,A1,M,35,Hassan,Sudden Armed Assault,4640
4641,3351,A1,F,16,Bengaluru Rural,Vehicle Theft (Parked),4641
4642,3351,A2,F,26,Bengaluru Rural,Shop Lock-Break,4642
4643,3351,A3,M,35,Bengaluru Rural,Night-time House Break-in,4643
4644,3352,A1,M,22,Mandya,Snatching in Transit,4644
4645,3353,A1,M,16,Kolar,Snatching in Transit,4645
4646,3353,A2,M,18,Kolar,Break-in via Rear Entry,4646
4647,3353,A3,M,28,Kolar,Snatching in Transit,4647
4648,3354,A1,M,24,Bengaluru Rural,Fake Investment App,4648
4649,3356,A1,M,21,Chamarajanagar,Vehicle Theft (Parked),4649
4650,3357,A1,M,34,Bengaluru Rural,Stalking Prior to Offence,4650
4651,3358,A1,M,17,Hubballi-Dharwad,Weapon-Assisted Assault,4651
4652,3359,A1,M,42,Mangaluru (Dakshina Kannada),Cheque Bounce Fraud,4652
4653,3359,A2,M,35,Mangaluru (Dakshina Kannada),Shell Company Cheating,4653
4654,3360,A1,M,33,Raichur,Vehicle Theft (Parked),4654
4655,3361,A1,M,28,Raichur,Night-time House Break-in,4655
4656,3362,A1,M,31,Belagavi,Known-Person Domestic Abuse,4656
4657,3362,A2,M,24,Belagavi,Stalking Prior to Offence,4657
4658,3363,A1,F,35,Belagavi,Night-time House Break-in,4658
4659,3364,A1,M,27,Bengaluru City,Vehicle Theft (Parked),4659
4660,3365,A1,F,35,Ramanagara,Home Cultivation/Storage,4660
4661,3365,A2,F,31,Ramanagara,Cross-Border Transit Route,4661
4662,3366,A1,M,28,Chikkaballapur,Cross-Border Transit Route,4662
4663,3367,A1,M,33,Raichur,Shop Lock-Break,4663
4664,3367,A2,M,27,Raichur,Vehicle Theft (Parked),4664
4665,3367,A3,M,45,Raichur,Vehicle Theft (Parked),4665
4666,3368,A1,F,39,Kolar,Snatching in Transit,4666
4667,3368,A2,M,27,Kolar,Vehicle Theft (Parked),4667
4668,3369,A1,F,37,Tumakuru,Snatching in Transit,4668
4669,3369,A2,M,23,Tumakuru,Snatching in Transit,4669
4670,3369,A3,M,31,Tumakuru,Break-in via Rear Entry,4670
4671,3370,A1,M,25,Ramanagara,Forged Document Trail,4671
4672,3370,A2,M,40,Ramanagara,Forged Document Trail,4672
4673,3371,A1,M,30,Davanagere,Group Attack (Prior Enmity),4673
4674,3372,A1,M,35,Ramanagara,Group Attack (Prior Enmity),4674
4675,3372,A2,M,28,Ramanagara,Confrontation over Dispute,4675
4676,3372,A3,M,26,Ramanagara,Weapon-Assisted Assault,4676
4677,3373,A1,M,26,Shivamogga,Sudden Armed Assault,4677
4678,3374,A1,M,23,Bengaluru Rural,Shell Company Cheating,4678
4679,3375,A1,M,26,Koppal,Home Cultivation/Storage,4679
4680,3375,A2,M,45,Koppal,Cross-Border Transit Route,4680
4681,3376,A1,M,31,Kodagu,Forged Document Trail,4681
4682,3377,A1,M,16,Yadgir,Snatching in Transit,4682
4683,3378,A1,M,26,Belagavi,SIM-Swap Fraud,4683
4684,3379,A1,M,36,Bengaluru Rural,Chit Fund Default,4684
4685,3380,A1,M,30,Hubballi-Dharwad,Weapon-Assisted Assault,4685
4686,3381,A1,M,29,Kalaburagi,Dowry-Related Coercion,4686
4687,3382,A1,M,20,Ballari,Break-in via Rear Entry,4687
4688,3382,A2,M,25,Ballari,Break-in via Rear Entry,4688
4689,3382,A3,M,32,Ballari,Snatching in Transit,4689
4690,3383,A1,M,40,Belagavi,Vehicle Theft (Parked),4690
4691,3384,A1,M,16,Yadgir,Confrontation over Dispute,4691
4692,3384,A2,F,25,Yadgir,Weapon-Assisted Assault,4692
4693,3384,A3,M,28,Yadgir,Group Attack (Prior Enmity),4693
4694,3385,A1,M,16,Davanagere,Group Attack (Prior Enmity),4694
4695,3386,A1,M,35,Mangaluru (Dakshina Kannada),Shop Lock-Break,4695
4696,3388,A1,M,41,Bengaluru Rural,SIM-Swap Fraud,4696
4697,3389,A1,M,38,Bengaluru Rural,Break-in via Rear Entry,4697
4698,3389,A2,M,30,Bengaluru Rural,Break-in via Rear Entry,4698
4699,3389,A3,M,27,Bengaluru Rural,Snatching in Transit,4699
4700,3390,A1,M,30,Tumakuru,Confrontation over Dispute,4700
4701,3391,A1,M,35,Raichur,Stalking Prior to Offence,4701
4702,3392,A1,F,32,Ballari,Stalking Prior to Offence,4702
4703,3392,A2,M,34,Ballari,Known-Person Domestic Abuse,4703
4704,3393,A1,M,27,Hubballi-Dharwad,Dowry-Related Coercion,4704
4705,3393,A2,M,49,Hubballi-Dharwad,Known-Person Domestic Abuse,4705
4706,3394,A1,F,16,Mangaluru (Dakshina Kannada),Shell Company Cheating,4706
4707,3395,A1,F,36,Mandya,Sudden Armed Assault,4707
4708,3396,A1,M,29,Hubballi-Dharwad,SIM-Swap Fraud,4708
4709,3397,A1,M,20,Chikkamagaluru,Dowry-Related Coercion,4709
4710,3397,A2,M,24,Chikkamagaluru,Known-Person Domestic Abuse,4710
4711,3398,A1,M,28,Udupi,Known-Person Domestic Abuse,4711
4712,3399,A1,M,41,Bidar,Night-time House Break-in,4712
4713,3400,A1,M,34,Hassan,Known-Person Domestic Abuse,4713
4714,3401,A1,M,28,Davanagere,Shell Company Cheating,4714
4715,3402,A1,F,24,Mangaluru (Dakshina Kannada),Cheque Bounce Fraud,4715
4716,3404,A1,M,32,Belagavi,Home Cultivation/Storage,4716
4717,3405,A1,F,34,Kodagu,Workplace Harassment,4717
4718,3406,A1,M,23,Bengaluru Rural,Snatching in Transit,4718
4719,3407,A1,M,22,Davanagere,Fake Investment App,4719
4720,3407,A2,M,38,Davanagere,Fake Investment App,4720
4721,3408,A1,M,31,Raichur,Social-Media Incited Assembly,4721
4722,3409,A1,M,25,Ballari,Snatching in Transit,4722
4723,3410,A1,F,24,Belagavi,Sudden Armed Assault,4723
4724,3411,A1,M,16,Hubballi-Dharwad,SIM-Swap Fraud,4724
4725,3411,A2,F,39,Hubballi-Dharwad,Fake Investment App,4725
4726,3412,A1,M,38,Hassan,Confrontation over Dispute,4726
4727,3414,A1,F,28,Ballari,Fake Investment App,4727
4728,3414,A2,M,16,Ballari,Fake Investment App,4728
4729,3415,A1,M,20,Belagavi,Cheque Bounce Fraud,4729
4730,3415,A2,M,23,Belagavi,Shell Company Cheating,4730
4731,3416,A1,M,20,Hassan,Fake Investment App,4731
4732,3417,A1,M,26,Kodagu,Chit Fund Default,4732
4733,3418,A1,M,39,Kodagu,Group Attack (Prior Enmity),4733
4734,3418,A2,M,36,Kodagu,Confrontation over Dispute,4734
4735,3419,A1,M,31,Chikkamagaluru,Night-time House Break-in,4735
4736,3420,A1,M,35,Bidar,Night-time House Break-in,4736
4737,3420,A2,M,18,Bidar,Night-time House Break-in,4737
4738,3421,A1,M,22,Belagavi,Chit Fund Default,4738
4739,3421,A2,M,32,Belagavi,Forged Document Trail,4739
4740,3422,A1,M,25,Davanagere,Confrontation over Dispute,4740
4741,3423,A1,M,23,Tumakuru,Fake Investment App,4741
4742,3423,A2,M,32,Tumakuru,Fake Investment App,4742
4743,3424,A1,M,30,Udupi,Shop Lock-Break,4743
4744,3424,A2,M,29,Udupi,Vehicle Theft (Parked),4744
4745,3425,A1,M,20,Mangaluru (Dakshina Kannada),Phishing Link / OTP Fraud,4745
4746,3426,A1,M,22,Mangaluru (Dakshina Kannada),Stalking Prior to Offence,4746
4747,3427,A1,M,29,Bagalkot,Known-Person Domestic Abuse,4747
4748,3429,A1,M,17,Bengaluru Rural,Stalking Prior to Offence,4748
4749,3430,A1,M,39,Mysuru,Break-in via Rear Entry,4749
4750,3431,A1,M,21,Chamarajanagar,Workplace Harassment,4750
4751,3432,A1,M,35,Ballari,Stalking Prior to Offence,4751
4752,3433,A1,M,17,Chitradurga,Stalking Prior to Offence,4752
4753,3434,A1,M,16,Ballari,Sudden Armed Assault,4753
4754,3435,A1,M,19,Davanagere,Cheque Bounce Fraud,4754
4755,3436,A1,M,23,Tumakuru,Stalking Prior to Offence,4755
4756,3436,A2,M,30,Tumakuru,Workplace Harassment,4756
4757,3437,A1,M,17,Kodagu,Known-Person Domestic Abuse,4757
4758,3438,A1,M,17,Bengaluru Rural,Dowry-Related Coercion,4758
4759,3439,A1,M,42,Bidar,Snatching in Transit,4759
4760,3439,A2,M,16,Bidar,Shop Lock-Break,4760
4761,3440,A1,M,24,Bengaluru Rural,Workplace Harassment,4761
4762,3440,A2,F,22,Bengaluru Rural,Workplace Harassment,4762
4763,3441,A1,M,31,Raichur,Shop Lock-Break,4763
4764,3442,A1,M,24,Bengaluru City,Break-in via Rear Entry,4764
4765,3442,A2,M,21,Bengaluru City,Vehicle Theft (Parked),4765
4766,3443,A1,M,37,Hassan,Snatching in Transit,4766
4767,3444,A1,M,19,Ballari,Home Cultivation/Storage,4767
4768,3444,A2,F,20,Ballari,Home Cultivation/Storage,4768
4769,3445,A1,M,24,Shivamogga,Weapon-Assisted Assault,4769
4770,3445,A2,M,16,Shivamogga,Confrontation over Dispute,4770
4771,3446,A1,F,38,Belagavi,Stalking Prior to Offence,4771
4772,3446,A2,M,29,Belagavi,Stalking Prior to Offence,4772
4773,3446,A3,M,34,Belagavi,Workplace Harassment,4773
4774,3448,A1,F,21,Raichur,Snatching in Transit,4774
4775,3449,A1,M,33,Bengaluru Rural,Group Attack (Prior Enmity),4775
4776,3450,A1,M,39,Ramanagara,Group Attack (Prior Enmity),4776
4777,3451,A1,M,40,Chamarajanagar,Break-in via Rear Entry,4777
4778,3452,A1,M,24,Davanagere,Forged Document Trail,4778
4779,3453,A1,M,44,Yadgir,Known-Person Domestic Abuse,4779
4780,3454,A1,M,20,Kodagu,Known-Person Domestic Abuse,4780
4781,3454,A2,M,21,Kodagu,Dowry-Related Coercion,4781
4782,3455,A1,M,43,Belagavi,Sudden Armed Assault,4782
4783,3456,A1,M,18,Bengaluru City,Vehicle Theft (Parked),4783
4784,3457,A1,M,42,Bengaluru Rural,Shop Lock-Break,4784
4785,3458,A1,M,24,Belagavi,Vehicle Theft (Parked),4785
4786,3459,A1,M,39,Bidar,Vehicle Theft (Parked),4786
4787,3460,A1,M,45,Mangaluru (Dakshina Kannada),Social-Media Incited Assembly,4787
4788,3461,A1,M,43,Belagavi,Home Cultivation/Storage,4788
4789,3461,A2,F,40,Belagavi,Cross-Border Transit Route,4789
4790,3462,A1,F,16,Bengaluru Rural,Chit Fund Default,4790
4791,3462,A2,M,23,Bengaluru Rural,Cheque Bounce Fraud,4791
4792,3462,A3,M,32,Bengaluru Rural,Shell Company Cheating,4792
4793,3463,A1,M,38,Ballari,Weapon-Assisted Assault,4793
4794,3463,A2,M,41,Ballari,Weapon-Assisted Assault,4794
4795,3464,A1,M,43,Hassan,Dowry-Related Coercion,4795
4796,3465,A1,M,35,Chamarajanagar,Stalking Prior to Offence,4796
4797,3466,A1,M,26,Bengaluru Rural,Forged Document Trail,4797
4798,3466,A2,M,34,Bengaluru Rural,Cheque Bounce Fraud,4798
4799,3466,A3,F,18,Bengaluru Rural,Cheque Bounce Fraud,4799
4800,3467,A1,M,36,Mangaluru (Dakshina Kannada),Vehicle Theft (Parked),4800
4801,3468,A1,M,24,Raichur,Night-time House Break-in,4801
4802,3469,A1,M,25,Hubballi-Dharwad,Home Cultivation/Storage,4802
4803,3469,A2,M,26,Hubballi-Dharwad,Cross-Border Transit Route,4803
4804,3470,A1,M,28,Raichur,Sudden Armed Assault,4804
4805,3471,A1,M,35,Ballari,Weapon-Assisted Assault,4805
4806,3472,A1,M,38,Bagalkot,Weapon-Assisted Assault,4806
4807,3473,A1,M,43,Mysuru,Sudden Armed Assault,4807
4808,3473,A2,M,25,Mysuru,Confrontation over Dispute,4808
4809,3475,A1,M,32,Ballari,Weapon-Assisted Assault,4809
4810,3475,A2,M,41,Ballari,Sudden Armed Assault,4810
4811,3476,A1,M,16,Tumakuru,Chit Fund Default,4811
4812,3477,A1,M,36,Belagavi,Night-time House Break-in,4812
4813,3478,A1,M,22,Mangaluru (Dakshina Kannada),Stalking Prior to Offence,4813
4814,3479,A1,M,26,Udupi,Snatching in Transit,4814
4815,3479,A2,M,22,Udupi,Shop Lock-Break,4815
4816,3479,A3,M,19,Udupi,Shop Lock-Break,4816
4817,3480,A1,M,19,Belagavi,Dowry-Related Coercion,4817
4818,3480,A2,M,21,Belagavi,Dowry-Related Coercion,4818
4819,3481,A1,M,44,Bengaluru City,Forged Document Trail,4819
4820,3482,A1,M,37,Davanagere,Night-time House Break-in,4820
4821,3482,A2,M,16,Davanagere,Shop Lock-Break,4821
4822,3482,A3,M,37,Davanagere,Night-time House Break-in,4822
4823,3483,A1,M,32,Mangaluru (Dakshina Kannada),Known-Person Domestic Abuse,4823
4824,3485,A1,M,16,Bengaluru Rural,Snatching in Transit,4824
4825,3487,A1,F,16,Ramanagara,Home Cultivation/Storage,4825
4826,3487,A2,M,17,Ramanagara,Home Cultivation/Storage,4826
4827,3488,A1,M,25,Bengaluru City,Weapon-Assisted Assault,4827
4828,3490,A1,M,27,Mandya,Home Cultivation/Storage,4828
4829,3490,A2,M,46,Mandya,Cross-Border Transit Route,4829
4830,3491,A1,M,42,Bagalkot,Break-in via Rear Entry,4830
4831,3492,A1,M,16,Koppal,Snatching in Transit,4831
4832,3494,A1,M,40,Udupi,Confrontation over Dispute,4832
4833,3494,A2,M,38,Udupi,Weapon-Assisted Assault,4833
4834,3494,A3,M,30,Udupi,Sudden Armed Assault,4834
4835,3496,A1,M,21,Belagavi,Group Attack (Prior Enmity),4835
4836,3497,A1,M,34,Belagavi,Shell Company Cheating,4836
4837,3498,A1,M,16,Bengaluru City,Stalking Prior to Offence,4837
4838,3498,A2,M,33,Bengaluru City,Known-Person Domestic Abuse,4838
4839,3500,A1,M,27,Bengaluru Rural,Group Attack (Prior Enmity),4839
4840,3500,A2,F,26,Bengaluru Rural,Confrontation over Dispute,4840
4841,3501,A1,M,27,Mandya,Group Attack (Prior Enmity),4841
4842,3502,A1,M,36,Tumakuru,Fake Investment App,4842
4843,3502,A2,M,43,Tumakuru,Fake Investment App,4843
4844,3503,A1,M,30,Bengaluru Rural,Group Attack (Prior Enmity),4844
4845,3503,A2,M,38,Bengaluru Rural,Group Attack (Prior Enmity),4845
4846,3504,A1,F,39,Belagavi,Confrontation over Dispute,4846
4847,3505,A1,M,22,Kodagu,Cheque Bounce Fraud,4847
4848,3507,A1,F,34,Davanagere,Sudden Armed Assault,4848
4849,3508,A1,M,16,Hubballi-Dharwad,Break-in via Rear Entry,4849
4850,3509,A1,M,37,Mangaluru (Dakshina Kannada),Workplace Harassment,4850
4851,3509,A2,M,29,Mangaluru (Dakshina Kannada),Stalking Prior to Offence,4851
4852,3510,A1,F,31,Chamarajanagar,Confrontation over Dispute,4852
4853,3510,A2,M,46,Chamarajanagar,Weapon-Assisted Assault,4853
4854,3511,A1,M,37,Hubballi-Dharwad,Workplace Harassment,4854
4855,3512,A1,M,40,Chamarajanagar,Social-Media Incited Assembly,4855
4856,3513,A1,M,27,Mysuru,Social-Media Incited Assembly,4856
4857,3514,A1,M,19,Mangaluru (Dakshina Kannada),Forged Document Trail,4857
4858,3515,A1,M,42,Kalaburagi,Phishing Link / OTP Fraud,4858
4859,3516,A1,F,32,Bengaluru City,Cross-Border Transit Route,4859
4860,3517,A1,M,30,Bidar,Stalking Prior to Offence,4860
4861,3518,A1,M,32,Belagavi,Workplace Harassment,4861
4862,3518,A2,M,27,Belagavi,Stalking Prior to Offence,4862
4863,3518,A3,F,20,Belagavi,Dowry-Related Coercion,4863
4864,3519,A1,M,32,Kodagu,Snatching in Transit,4864
4865,3519,A2,M,38,Kodagu,Shop Lock-Break,4865
4866,3520,A1,M,16,Bengaluru Rural,Weapon-Assisted Assault,4866
4867,3521,A1,M,16,Tumakuru,Break-in via Rear Entry,4867
4868,3521,A2,M,43,Tumakuru,Snatching in Transit,4868
4869,3522,A1,M,38,Chamarajanagar,Workplace Harassment,4869
4870,3523,A1,M,33,Davanagere,Cheque Bounce Fraud,4870
4871,3524,A1,M,18,Bengaluru Rural,Sudden Armed Assault,4871
4872,3524,A2,M,23,Bengaluru Rural,Weapon-Assisted Assault,4872
4873,3525,A1,F,16,Udupi,Shell Company Cheating,4873
4874,3526,A1,M,32,Hubballi-Dharwad,Weapon-Assisted Assault,4874
4875,3526,A2,M,35,Hubballi-Dharwad,Confrontation over Dispute,4875
4876,3526,A3,M,27,Hubballi-Dharwad,Sudden Armed Assault,4876
4877,3527,A1,M,22,Udupi,Forged Document Trail,4877
4878,3528,A1,M,33,Bengaluru City,Phishing Link / OTP Fraud,4878
4879,3529,A1,M,18,Mysuru,Weapon-Assisted Assault,4879
4880,3530,A1,M,24,Bengaluru City,Cross-Border Transit Route,4880
4881,3530,A2,M,33,Bengaluru City,Courier via Public Transport,4881
4882,3530,A3,M,29,Bengaluru City,Courier via Public Transport,4882
4883,3531,A1,M,26,Bengaluru City,Workplace Harassment,4883
4884,3532,A1,M,33,Haveri,Social-Media Incited Assembly,4884
4885,3532,A2,M,26,Haveri,Social-Media Incited Assembly,4885
4886,3532,A3,M,30,Haveri,Social-Media Incited Assembly,4886
4887,3533,A1,M,21,Bidar,Stalking Prior to Offence,4887
4888,3534,A1,M,33,Kodagu,Confrontation over Dispute,4888
4889,3534,A2,M,26,Kodagu,Group Attack (Prior Enmity),4889
4890,3535,A1,M,38,Ramanagara,Confrontation over Dispute,4890
4891,3536,A1,M,44,Hassan,Vehicle Theft (Parked),4891
4892,3537,A1,M,36,Bagalkot,Snatching in Transit,4892
4893,3537,A2,M,29,Bagalkot,Night-time House Break-in,4893
4894,3537,A3,M,26,Bagalkot,Snatching in Transit,4894
4895,3540,A1,M,25,Koppal,Shop Lock-Break,4895
4896,3540,A2,M,29,Koppal,Break-in via Rear Entry,4896
4897,3541,A1,M,21,Mangaluru (Dakshina Kannada),Phishing Link / OTP Fraud,4897
4898,3542,A1,M,28,Mysuru,Phishing Link / OTP Fraud,4898
4899,3543,A1,M,44,Kodagu,Snatching in Transit,4899
4900,3543,A2,M,34,Kodagu,Shop Lock-Break,4900
4901,3544,A1,M,17,Mangaluru (Dakshina Kannada),Break-in via Rear Entry,4901
4902,3545,A1,M,17,Yadgir,Forged Document Trail,4902
4903,3545,A2,M,27,Yadgir,Chit Fund Default,4903
4904,3547,A1,F,38,Tumakuru,Shop Lock-Break,4904
4905,3548,A1,M,25,Ballari,Shop Lock-Break,4905
4906,3549,A1,M,32,Kalaburagi,Workplace Harassment,4906
4907,3549,A2,M,16,Kalaburagi,Stalking Prior to Offence,4907
4908,3550,A1,F,42,Raichur,SIM-Swap Fraud,4908
4909,3550,A2,M,32,Raichur,Social Media Impersonation,4909
4910,3551,A1,M,27,Uttara Kannada,Snatching in Transit,4910
4911,3551,A2,M,30,Uttara Kannada,Night-time House Break-in,4911
4912,3552,A1,F,27,Hassan,Home Cultivation/Storage,4912
4913,3552,A2,M,25,Hassan,Cross-Border Transit Route,4913
4914,3553,A1,F,18,Mysuru,Dowry-Related Coercion,4914
4915,3553,A2,M,34,Mysuru,Workplace Harassment,4915
4916,3553,A3,M,25,Mysuru,Workplace Harassment,4916
4917,3554,A1,M,33,Bengaluru Rural,Night-time House Break-in,4917
4918,3554,A2,M,45,Bengaluru Rural,Vehicle Theft (Parked),4918
4919,3555,A1,F,29,Vijayapura,Chit Fund Default,4919
4920,3555,A2,M,34,Vijayapura,Chit Fund Default,4920
4921,3556,A1,M,32,Raichur,Weapon-Assisted Assault,4921
4922,3556,A2,M,31,Raichur,Group Attack (Prior Enmity),4922
4923,3557,A1,M,31,Bengaluru City,Snatching in Transit,4923
4924,3559,A1,M,23,Bengaluru City,Fake Investment App,4924
4925,3560,A1,M,23,Mangaluru (Dakshina Kannada),Shell Company Cheating,4925
4926,3560,A2,M,27,Mangaluru (Dakshina Kannada),Chit Fund Default,4926
4927,3560,A3,M,22,Mangaluru (Dakshina Kannada),Chit Fund Default,4927
4928,3561,A1,F,30,Hassan,Sudden Armed Assault,4928
4929,3562,A1,M,39,Chamarajanagar,Home Cultivation/Storage,4929
4930,3562,A2,F,16,Chamarajanagar,Home Cultivation/Storage,4930
4931,3563,A1,M,29,Mysuru,Weapon-Assisted Assault,4931
4932,3564,A1,M,31,Hassan,Confrontation over Dispute,4932
4933,3565,A1,M,28,Bagalkot,Known-Person Domestic Abuse,4933
4934,3566,A1,M,33,Bengaluru Rural,Known-Person Domestic Abuse,4934
4935,3566,A2,M,40,Bengaluru Rural,Stalking Prior to Offence,4935
4936,3566,A3,F,39,Bengaluru Rural,Dowry-Related Coercion,4936
4937,3567,A1,M,42,Yadgir,Night-time House Break-in,4937
4938,3567,A2,M,25,Yadgir,Vehicle Theft (Parked),4938
4939,3568,A1,M,25,Hubballi-Dharwad,Cheque Bounce Fraud,4939
4940,3569,A1,M,20,Belagavi,Workplace Harassment,4940
4941,3569,A2,M,38,Belagavi,Known-Person Domestic Abuse,4941
4942,3570,A1,M,27,Mangaluru (Dakshina Kannada),Sudden Armed Assault,4942
4943,3570,A2,M,40,Mangaluru (Dakshina Kannada),Group Attack (Prior Enmity),4943
4944,3571,A1,M,38,Kolar,Workplace Harassment,4944
4945,3572,A1,M,18,Haveri,Break-in via Rear Entry,4945
4946,3572,A2,M,30,Haveri,Vehicle Theft (Parked),4946
4947,3573,A1,M,35,Davanagere,Stalking Prior to Offence,4947
4948,3573,A2,M,25,Davanagere,Dowry-Related Coercion,4948
4949,3573,A3,M,21,Davanagere,Dowry-Related Coercion,4949
4950,3574,A1,M,25,Bengaluru Rural,Dowry-Related Coercion,4950
4951,3575,A1,M,34,Mangaluru (Dakshina Kannada),Chit Fund Default,4951
4952,3575,A2,M,32,Mangaluru (Dakshina Kannada),Forged Document Trail,4952
4953,3575,A3,M,28,Mangaluru (Dakshina Kannada),Chit Fund Default,4953
4954,3577,A1,M,26,Bengaluru Rural,Night-time House Break-in,4954
4955,3577,A2,F,19,Bengaluru Rural,Snatching in Transit,4955
4956,3578,A1,M,35,Mangaluru (Dakshina Kannada),Known-Person Domestic Abuse,4956
4957,3578,A2,M,19,Mangaluru (Dakshina Kannada),Dowry-Related Coercion,4957
4958,3579,A1,M,32,Chikkamagaluru,SIM-Swap Fraud,4958
4959,3580,A1,M,25,Bengaluru Rural,Weapon-Assisted Assault,4959
4960,3582,A1,M,22,Udupi,Cross-Border Transit Route,4960
4961,3584,A1,M,44,Bidar,Group Attack (Prior Enmity),4961
4962,3585,A1,M,31,Kodagu,Confrontation over Dispute,4962
4963,3585,A2,M,40,Kodagu,Group Attack (Prior Enmity),4963
4964,3585,A3,M,24,Kodagu,Sudden Armed Assault,4964
4965,3587,A1,F,36,Belagavi,Group Attack (Prior Enmity),4965
4966,3588,A1,M,34,Hassan,Courier via Public Transport,4966
4967,3589,A1,M,38,Tumakuru,Confrontation over Dispute,4967
4968,3590,A1,M,26,Davanagere,Sudden Armed Assault,4968
4969,3590,A2,M,44,Davanagere,Weapon-Assisted Assault,4969
4970,3590,A3,M,39,Davanagere,Confrontation over Dispute,4970
4971,3591,A1,M,29,Raichur,Dowry-Related Coercion,4971
4972,3591,A2,F,35,Raichur,Stalking Prior to Offence,4972
4973,3592,A1,M,28,Belagavi,Dowry-Related Coercion,4973
4974,3593,A1,M,31,Belagavi,Courier via Public Transport,4974
4975,3594,A1,M,42,Ballari,Social Media Impersonation,4975
4976,3594,A2,M,29,Ballari,Phishing Link / OTP Fraud,4976
4977,3594,A3,M,29,Ballari,Fake Investment App,4977
4978,3595,A1,F,20,Mangaluru (Dakshina Kannada),Cross-Border Transit Route,4978
4979,3596,A1,M,32,Bidar,Dowry-Related Coercion,4979
4980,3597,A1,M,28,Bengaluru Rural,Snatching in Transit,4980
4981,3599,A1,F,16,Belagavi,Group Attack (Prior Enmity),4981
4982,3600,A1,M,21,Ramanagara,Vehicle Theft (Parked),4982
4983,3601,A1,M,18,Kodagu,Forged Document Trail,4983
4984,3602,A1,M,16,Bengaluru City,Confrontation over Dispute,4984
4985,3603,A1,M,31,Bidar,Vehicle Theft (Parked),4985
4986,3603,A2,M,31,Bidar,Snatching in Transit,4986
4987,3604,A1,M,34,Belagavi,Known-Person Domestic Abuse,4987
4988,3605,A1,F,20,Kolar,Night-time House Break-in,4988
4989,3605,A2,M,27,Kolar,Night-time House Break-in,4989
4990,3606,A1,M,23,Mysuru,Known-Person Domestic Abuse,4990
4991,3607,A1,M,20,Kodagu,Snatching in Transit,4991
4992,3607,A2,M,16,Kodagu,Night-time House Break-in,4992
4993,3608,A1,M,29,Chikkamagaluru,Sudden Armed Assault,4993
4994,3608,A2,M,24,Chikkamagaluru,Weapon-Assisted Assault,4994
4995,3609,A1,M,31,Bagalkot,Sudden Armed Assault,4995
4996,3609,A2,M,18,Bagalkot,Weapon-Assisted Assault,4996
4997,3610,A1,M,22,Uttara Kannada,SIM-Swap Fraud,4997
4998,3611,A1,M,26,Bengaluru Rural,Workplace Harassment,4998
4999,3611,A2,M,35,Bengaluru Rural,Stalking Prior to Offence,4999
5000,3613,A1,M,39,Davanagere,Night-time House Break-in,5000
5001,3613,A2,M,18,Davanagere,Shop Lock-Break,5001
5002,3613,A3,M,16,Davanagere,Vehicle Theft (Parked),5002
5003,3614,A1,F,39,Belagavi,Shop Lock-Break,5003
5004,3614,A2,M,29,Belagavi,Vehicle Theft (Parked),5004
5005,3615,A1,M,30,Kalaburagi,Known-Person Domestic Abuse,5005
5006,3615,A2,M,30,Kalaburagi,Dowry-Related Coercion,5006
5007,3616,A1,M,20,Bidar,Shell Company Cheating,5007
5008,3617,A1,M,30,Hassan,Vehicle Theft (Parked),5008
5009,3618,A1,M,21,Kodagu,Cheque Bounce Fraud,5009
5010,3618,A2,M,30,Kodagu,Chit Fund Default,5010
5011,3619,A1,M,55,Vijayapura,Group Attack (Prior Enmity),5011
5012,3620,A1,M,16,Hubballi-Dharwad,Snatching in Transit,5012
5013,3622,A1,M,36,Hassan,Night-time House Break-in,5013
5014,3623,A1,M,41,Kodagu,Dowry-Related Coercion,5014
5015,3624,A1,M,25,Mangaluru (Dakshina Kannada),Group Attack (Prior Enmity),5015
5016,3625,A1,M,22,Belagavi,Break-in via Rear Entry,5016
5017,3625,A2,M,29,Belagavi,Night-time House Break-in,5017
5018,3625,A3,F,29,Belagavi,Break-in via Rear Entry,5018
5019,3626,A1,M,39,Haveri,Social Media Impersonation,5019
5020,3626,A2,M,21,Haveri,Social Media Impersonation,5020
5021,3627,A1,M,24,Chamarajanagar,Workplace Harassment,5021
5022,3629,A1,M,38,Mysuru,Cross-Border Transit Route,5022
5023,3629,A2,F,21,Mysuru,Courier via Public Transport,5023
5024,3630,A1,M,38,Udupi,Workplace Harassment,5024
5025,3630,A2,M,16,Udupi,Dowry-Related Coercion,5025
5026,3630,A3,M,30,Udupi,Dowry-Related Coercion,5026
5027,3631,A1,M,31,Bengaluru City,Shop Lock-Break,5027
5028,3632,A1,M,24,Vijayapura,Shop Lock-Break,5028
5029,3632,A2,M,16,Vijayapura,Break-in via Rear Entry,5029
5030,3633,A1,M,42,Hubballi-Dharwad,Weapon-Assisted Assault,5030
5031,3634,A1,M,43,Kolar,Weapon-Assisted Assault,5031
5032,3634,A2,M,26,Kolar,Weapon-Assisted Assault,5032
5033,3635,A1,M,26,Udupi,Break-in via Rear Entry,5033
5034,3636,A1,M,33,Raichur,Forged Document Trail,5034
5035,3637,A1,M,32,Hassan,Weapon-Assisted Assault,5035
5036,3637,A2,M,17,Hassan,Weapon-Assisted Assault,5036
5037,3637,A3,M,30,Hassan,Sudden Armed Assault,5037
5038,3638,A1,M,29,Chamarajanagar,Weapon-Assisted Assault,5038
5039,3639,A1,M,30,Davanagere,Chit Fund Default,5039
5040,3639,A2,M,24,Davanagere,Cheque Bounce Fraud,5040
5041,3640,A1,M,34,Gadag,Shop Lock-Break,5041
5042,3640,A2,M,42,Gadag,Night-time House Break-in,5042
5043,3641,A1,M,22,Hubballi-Dharwad,Break-in via Rear Entry,5043
5044,3642,A1,M,36,Haveri,Courier via Public Transport,5044
5045,3642,A2,M,16,Haveri,Home Cultivation/Storage,5045
5046,3642,A3,M,35,Haveri,Home Cultivation/Storage,5046
5047,3643,A1,M,21,Belagavi,Group Attack (Prior Enmity),5047
5048,3644,A1,M,34,Belagavi,Stalking Prior to Offence,5048
5049,3645,A1,F,31,Kodagu,Shop Lock-Break,5049
5050,3645,A2,M,39,Kodagu,Break-in via Rear Entry,5050
5051,3645,A3,M,40,Kodagu,Shop Lock-Break,5051
5052,3646,A1,M,37,Belagavi,Break-in via Rear Entry,5052
5053,3648,A1,M,34,Davanagere,Workplace Harassment,5053
5054,3649,A1,F,34,Bidar,Weapon-Assisted Assault,5054
5055,3650,A1,M,35,Bengaluru City,Shell Company Cheating,5055
5056,3651,A1,M,31,Belagavi,Chit Fund Default,5056
5057,3651,A2,M,37,Belagavi,Cheque Bounce Fraud,5057
5058,3652,A1,M,16,Chamarajanagar,Break-in via Rear Entry,5058
5059,3652,A2,M,17,Chamarajanagar,Break-in via Rear Entry,5059
5060,3653,A1,M,26,Shivamogga,Break-in via Rear Entry,5060
5061,3654,A1,M,20,Hubballi-Dharwad,Home Cultivation/Storage,5061
5062,3655,A1,M,24,Mysuru,Night-time House Break-in,5062
5063,3656,A1,M,37,Vijayapura,Shop Lock-Break,5063
5064,3657,A1,M,24,Kodagu,Home Cultivation/Storage,5064
5065,3657,A2,M,41,Kodagu,Cross-Border Transit Route,5065
5066,3658,A1,F,16,Udupi,Confrontation over Dispute,5066
5067,3658,A2,M,31,Udupi,Weapon-Assisted Assault,5067
5068,3659,A1,M,23,Belagavi,Social Media Impersonation,5068
5069,3660,A1,M,24,Kolar,Vehicle Theft (Parked),5069
5070,3660,A2,M,48,Kolar,Vehicle Theft (Parked),5070
5071,3661,A1,M,38,Mysuru,Break-in via Rear Entry,5071
5072,3662,A1,M,22,Belagavi,Social-Media Incited Assembly,5072
5073,3663,A1,M,48,Bengaluru City,Dowry-Related Coercion,5073
5074,3663,A2,M,41,Bengaluru City,Stalking Prior to Offence,5074
5075,3664,A1,M,37,Belagavi,Vehicle Theft (Parked),5075
5076,3665,A1,M,20,Kolar,Snatching in Transit,5076
5077,3665,A2,M,21,Kolar,Night-time House Break-in,5077
5078,3666,A1,M,32,Chikkamagaluru,Chit Fund Default,5078
5079,3667,A1,M,25,Davanagere,Shell Company Cheating,5079
5080,3668,A1,M,16,Mangaluru (Dakshina Kannada),Vehicle Theft (Parked),5080
5081,3669,A1,M,23,Mysuru,Night-time House Break-in,5081
5082,3669,A2,M,27,Mysuru,Snatching in Transit,5082
5083,3670,A1,M,40,Bengaluru Rural,Home Cultivation/Storage,5083
5084,3671,A1,M,19,Bengaluru Rural,Forged Document Trail,5084
5085,3671,A2,M,23,Bengaluru Rural,Shell Company Cheating,5085
5086,3672,A1,M,46,Bengaluru City,Night-time House Break-in,5086
5087,3673,A1,M,36,Kodagu,Shop Lock-Break,5087
5088,3674,A1,M,27,Davanagere,Social Media Impersonation,5088
5089,3674,A2,M,25,Davanagere,SIM-Swap Fraud,5089
5090,3675,A1,M,35,Udupi,Workplace Harassment,5090
5091,3675,A2,M,33,Udupi,Dowry-Related Coercion,5091
5092,3675,A3,M,36,Udupi,Known-Person Domestic Abuse,5092
5093,3676,A1,M,38,Chamarajanagar,Cross-Border Transit Route,5093
5094,3676,A2,F,28,Chamarajanagar,Courier via Public Transport,5094
5095,3677,A1,M,41,Kolar,Forged Document Trail,5095
5096,3678,A1,M,30,Davanagere,Sudden Armed Assault,5096
5097,3679,A1,M,35,Haveri,Break-in via Rear Entry,5097
5098,3680,A1,M,39,Belagavi,Night-time House Break-in,5098
5099,3681,A1,M,28,Belagavi,Snatching in Transit,5099
5100,3681,A2,M,32,Belagavi,Break-in via Rear Entry,5100
5101,3681,A3,M,24,Belagavi,Break-in via Rear Entry,5101
5102,3682,A1,M,22,Bengaluru City,Snatching in Transit,5102
5103,3683,A1,M,33,Ramanagara,Shop Lock-Break,5103
5104,3684,A1,M,26,Mysuru,Sudden Armed Assault,5104
5105,3684,A2,M,17,Mysuru,Group Attack (Prior Enmity),5105
5106,3685,A1,M,16,Hassan,Break-in via Rear Entry,5106
5107,3686,A1,M,33,Ballari,Dowry-Related Coercion,5107
5108,3686,A2,F,22,Ballari,Dowry-Related Coercion,5108
5109,3688,A1,M,35,Kodagu,Phishing Link / OTP Fraud,5109
5110,3688,A2,M,32,Kodagu,Social Media Impersonation,5110
5111,3689,A1,M,36,Udupi,Known-Person Domestic Abuse,5111
5112,3689,A2,M,18,Udupi,Known-Person Domestic Abuse,5112
5113,3690,A1,M,45,Belagavi,Social-Media Incited Assembly,5113
5114,3691,A1,F,33,Belagavi,Forged Document Trail,5114
5115,3691,A2,F,16,Belagavi,Chit Fund Default,5115
5116,3691,A3,M,24,Belagavi,Forged Document Trail,5116
5117,3692,A1,M,23,Mangaluru (Dakshina Kannada),Workplace Harassment,5117
5118,3692,A2,M,17,Mangaluru (Dakshina Kannada),Workplace Harassment,5118
5119,3693,A1,M,27,Chikkamagaluru,Weapon-Assisted Assault,5119
5120,3693,A2,M,36,Chikkamagaluru,Confrontation over Dispute,5120
5121,3694,A1,M,33,Bidar,Sudden Armed Assault,5121
5122,3695,A1,M,29,Belagavi,Dowry-Related Coercion,5122
5123,3695,A2,M,24,Belagavi,Known-Person Domestic Abuse,5123
5124,3696,A1,M,26,Bagalkot,Weapon-Assisted Assault,5124
5125,3697,A1,M,45,Hassan,Break-in via Rear Entry,5125
5126,3698,A1,M,39,Mangaluru (Dakshina Kannada),Fake Investment App,5126
5127,3699,A1,M,31,Bengaluru City,Forged Document Trail,5127
5128,3700,A1,M,32,Kodagu,Weapon-Assisted Assault,5128
5129,3703,A1,M,21,Chamarajanagar,Stalking Prior to Offence,5129
5130,3703,A2,M,29,Chamarajanagar,Dowry-Related Coercion,5130
5131,3704,A1,M,16,Bengaluru City,Known-Person Domestic Abuse,5131
5132,3705,A1,M,28,Vijayapura,Known-Person Domestic Abuse,5132
5133,3705,A2,M,27,Vijayapura,Dowry-Related Coercion,5133
5134,3705,A3,M,28,Vijayapura,Workplace Harassment,5134
5135,3706,A1,F,33,Udupi,Night-time House Break-in,5135
5136,3706,A2,M,48,Udupi,Snatching in Transit,5136
5137,3707,A1,F,23,Hubballi-Dharwad,Shop Lock-Break,5137
5138,3707,A2,M,24,Hubballi-Dharwad,Snatching in Transit,5138
5139,3708,A1,M,36,Raichur,Shop Lock-Break,5139
5140,3709,A1,M,16,Kodagu,Phishing Link / OTP Fraud,5140
5141,3709,A2,M,43,Kodagu,Phishing Link / OTP Fraud,5141
5142,3710,A1,F,40,Udupi,Forged Document Trail,5142
5143,3712,A1,M,36,Belagavi,Phishing Link / OTP Fraud,5143
5144,3713,A1,M,22,Bengaluru City,Stalking Prior to Offence,5144
5145,3714,A1,M,39,Mysuru,Confrontation over Dispute,5145
5146,3715,A1,M,22,Davanagere,Chit Fund Default,5146
5147,3716,A1,M,17,Mysuru,Confrontation over Dispute,5147
5148,3717,A1,M,39,Hassan,Dowry-Related Coercion,5148
5149,3718,A1,M,32,Hubballi-Dharwad,Stalking Prior to Offence,5149
5150,3718,A2,M,29,Hubballi-Dharwad,Dowry-Related Coercion,5150
5151,3718,A3,M,25,Hubballi-Dharwad,Dowry-Related Coercion,5151
5152,3719,A1,M,22,Ramanagara,Weapon-Assisted Assault,5152
5153,3719,A2,M,28,Ramanagara,Group Attack (Prior Enmity),5153
5154,3719,A3,M,26,Ramanagara,Group Attack (Prior Enmity),5154
5155,3720,A1,M,29,Raichur,Workplace Harassment,5155
5156,3721,A1,M,24,Hubballi-Dharwad,Home Cultivation/Storage,5156
5157,3723,A1,M,30,Bengaluru Rural,Home Cultivation/Storage,5157
5158,3725,A1,M,27,Bengaluru City,Group Attack (Prior Enmity),5158
5159,3726,A1,M,34,Gadag,Night-time House Break-in,5159
5160,3727,A1,M,31,Hubballi-Dharwad,Social Media Impersonation,5160
5161,3727,A2,M,30,Hubballi-Dharwad,Phishing Link / OTP Fraud,5161
5162,3728,A1,M,22,Tumakuru,Confrontation over Dispute,5162
5163,3729,A1,M,34,Tumakuru,Workplace Harassment,5163
5164,3729,A2,M,16,Tumakuru,Dowry-Related Coercion,5164
5165,3730,A1,F,16,Tumakuru,Snatching in Transit,5165
5166,3730,A2,M,21,Tumakuru,Snatching in Transit,5166
5167,3731,A1,M,28,Uttara Kannada,Vehicle Theft (Parked),5167
5168,3732,A1,M,30,Bengaluru City,Snatching in Transit,5168
5169,3733,A1,M,26,Tumakuru,Forged Document Trail,5169
5170,3734,A1,M,51,Bengaluru Rural,Shop Lock-Break,5170
5171,3734,A2,F,32,Bengaluru Rural,Night-time House Break-in,5171
5172,3735,A1,M,34,Ballari,Sudden Armed Assault,5172
5173,3735,A2,M,29,Ballari,Sudden Armed Assault,5173
5174,3736,A1,M,25,Udupi,Shell Company Cheating,5174
5175,3737,A1,M,34,Bengaluru City,Confrontation over Dispute,5175
5176,3738,A1,M,28,Mangaluru (Dakshina Kannada),Confrontation over Dispute,5176
5177,3738,A2,M,21,Mangaluru (Dakshina Kannada),Weapon-Assisted Assault,5177
5178,3738,A3,M,33,Mangaluru (Dakshina Kannada),Weapon-Assisted Assault,5178
5179,3739,A1,M,20,Hassan,Vehicle Theft (Parked),5179
5180,3740,A1,M,34,Yadgir,Shop Lock-Break,5180
5181,3741,A1,M,16,Chamarajanagar,Confrontation over Dispute,5181
5182,3742,A1,M,23,Bengaluru City,Night-time House Break-in,5182
5183,3742,A2,M,57,Bengaluru City,Break-in via Rear Entry,5183
5184,3743,A1,M,28,Mysuru,SIM-Swap Fraud,5184
5185,3743,A2,M,24,Mysuru,Social Media Impersonation,5185
5186,3743,A3,M,23,Mysuru,Social Media Impersonation,5186
5187,3744,A1,F,19,Yadgir,Weapon-Assisted Assault,5187
5188,3745,A1,M,29,Kalaburagi,Organized Group Mobilization,5188
5189,3746,A1,M,33,Mysuru,Dowry-Related Coercion,5189
5190,3747,A1,F,45,Bengaluru Rural,Snatching in Transit,5190
5191,3748,A1,M,21,Ramanagara,Known-Person Domestic Abuse,5191
5192,3749,A1,M,22,Gadag,Fake Investment App,5192
5193,3750,A1,M,32,Raichur,Snatching in Transit,5193
5194,3752,A1,M,17,Mysuru,Known-Person Domestic Abuse,5194
5195,3753,A1,M,16,Davanagere,Weapon-Assisted Assault,5195
5196,3753,A2,M,33,Davanagere,Weapon-Assisted Assault,5196
5197,3754,A1,M,43,Hassan,Dowry-Related Coercion,5197
5198,3754,A2,M,22,Hassan,Stalking Prior to Offence,5198
5199,3754,A3,M,27,Hassan,Workplace Harassment,5199
5200,3755,A1,M,23,Mangaluru (Dakshina Kannada),Sudden Armed Assault,5200
5201,3757,A1,M,28,Mangaluru (Dakshina Kannada),Sudden Armed Assault,5201
5202,3757,A2,F,22,Mangaluru (Dakshina Kannada),Confrontation over Dispute,5202
5203,3757,A3,M,26,Mangaluru (Dakshina Kannada),Confrontation over Dispute,5203
5204,3758,A1,M,19,Shivamogga,Night-time House Break-in,5204
5205,3758,A2,M,26,Shivamogga,Night-time House Break-in,5205
5206,3760,A1,M,23,Bidar,Vehicle Theft (Parked),5206
5207,3760,A2,F,26,Bidar,Night-time House Break-in,5207
5208,3761,A1,M,16,Bengaluru Rural,Dowry-Related Coercion,5208
5209,3762,A1,M,36,Hubballi-Dharwad,Sudden Armed Assault,5209
5210,3762,A2,M,16,Hubballi-Dharwad,Group Attack (Prior Enmity),5210
5211,3763,A1,M,16,Bengaluru Rural,Shop Lock-Break,5211
5212,3764,A1,M,25,Bengaluru Rural,Break-in via Rear Entry,5212
5213,3765,A1,M,16,Raichur,Workplace Harassment,5213
5214,3766,A1,M,23,Bengaluru Rural,Weapon-Assisted Assault,5214
5215,3766,A2,M,30,Bengaluru Rural,Group Attack (Prior Enmity),5215
5216,3767,A1,M,37,Udupi,Organized Group Mobilization,5216
5217,3767,A2,F,23,Udupi,Organized Group Mobilization,5217
5218,3769,A1,M,21,Belagavi,Group Attack (Prior Enmity),5218
5219,3770,A1,M,31,Chamarajanagar,Stalking Prior to Offence,5219
5220,3771,A1,M,42,Vijayapura,Courier via Public Transport,5220
5221,3772,A1,M,38,Yadgir,Sudden Armed Assault,5221
5222,3772,A2,M,22,Yadgir,Weapon-Assisted Assault,5222
5223,3773,A1,M,31,Kalaburagi,Group Attack (Prior Enmity),5223
5224,3774,A1,M,37,Kolar,Snatching in Transit,5224
5225,3775,A1,M,16,Ramanagara,Home Cultivation/Storage,5225
5226,3775,A2,M,33,Ramanagara,Home Cultivation/Storage,5226
5227,3775,A3,M,20,Ramanagara,Home Cultivation/Storage,5227
5228,3776,A1,M,25,Mangaluru (Dakshina Kannada),Confrontation over Dispute,5228
5229,3777,A1,M,26,Belagavi,Workplace Harassment,5229
5230,3778,A1,M,27,Bagalkot,Snatching in Transit,5230
5231,3779,A1,M,42,Hubballi-Dharwad,Cheque Bounce Fraud,5231
5232,3780,A1,M,28,Bengaluru Rural,Cheque Bounce Fraud,5232
5233,3780,A2,M,27,Bengaluru Rural,Shell Company Cheating,5233
5234,3780,A3,M,33,Bengaluru Rural,Chit Fund Default,5234
5235,3781,A1,M,42,Yadgir,Dowry-Related Coercion,5235
5236,3781,A2,M,29,Yadgir,Workplace Harassment,5236
5237,3783,A1,M,18,Belagavi,Night-time House Break-in,5237
5238,3784,A1,M,19,Ramanagara,Dowry-Related Coercion,5238
5239,3785,A1,M,34,Bengaluru Rural,Shell Company Cheating,5239
5240,3786,A1,M,28,Mysuru,Stalking Prior to Offence,5240
5241,3787,A1,M,24,Kalaburagi,Dowry-Related Coercion,5241
5242,3788,A1,M,20,Ramanagara,Forged Document Trail,5242
5243,3789,A1,F,25,Mangaluru (Dakshina Kannada),Snatching in Transit,5243
5244,3790,A1,M,23,Yadgir,Workplace Harassment,5244
5245,3790,A2,F,20,Yadgir,Workplace Harassment,5245
5246,3793,A1,F,27,Bengaluru Rural,Forged Document Trail,5246
5247,3794,A1,M,21,Udupi,Night-time House Break-in,5247
5248,3795,A1,M,16,Yadgir,Confrontation over Dispute,5248
5249,3795,A2,M,50,Yadgir,Group Attack (Prior Enmity),5249
5250,3796,A1,F,16,Ballari,Group Attack (Prior Enmity),5250
5251,3797,A1,M,26,Kalaburagi,Workplace Harassment,5251
5252,3798,A1,M,44,Bengaluru Rural,Phishing Link / OTP Fraud,5252
5253,3798,A2,M,16,Bengaluru Rural,Phishing Link / OTP Fraud,5253
5254,3798,A3,M,31,Bengaluru Rural,Social Media Impersonation,5254
5255,3799,A1,M,33,Hubballi-Dharwad,Workplace Harassment,5255
5256,3799,A2,M,31,Hubballi-Dharwad,Dowry-Related Coercion,5256
5257,3800,A1,M,22,Bidar,Group Attack (Prior Enmity),5257
5258,3802,A1,M,24,Mysuru,Group Attack (Prior Enmity),5258
5259,3802,A2,M,21,Mysuru,Sudden Armed Assault,5259
5260,3802,A3,M,41,Mysuru,Confrontation over Dispute,5260
5261,3803,A1,M,30,Tumakuru,Confrontation over Dispute,5261
5262,3804,A1,M,16,Yadgir,Break-in via Rear Entry,5262
5263,3804,A2,M,27,Yadgir,Night-time House Break-in,5263
5264,3805,A1,M,28,Haveri,Weapon-Assisted Assault,5264
5265,3806,A1,M,20,Bengaluru City,Sudden Armed Assault,5265
5266,3806,A2,M,34,Bengaluru City,Weapon-Assisted Assault,5266
5267,3807,A1,F,21,Mandya,Dowry-Related Coercion,5267
5268,3807,A2,F,35,Mandya,Stalking Prior to Offence,5268
5269,3808,A1,M,40,Bidar,Phishing Link / OTP Fraud,5269
5270,3809,A1,M,28,Bagalkot,Fake Investment App,5270
5271,3809,A2,M,29,Bagalkot,SIM-Swap Fraud,5271
5272,3809,A3,M,44,Bagalkot,Social Media Impersonation,5272
5273,3810,A1,M,27,Chamarajanagar,Snatching in Transit,5273
5274,3811,A1,M,37,Ballari,Vehicle Theft (Parked),5274
5275,3812,A1,M,44,Tumakuru,Snatching in Transit,5275
5276,3813,A1,M,27,Mangaluru (Dakshina Kannada),Night-time House Break-in,5276
5277,3813,A2,M,37,Mangaluru (Dakshina Kannada),Vehicle Theft (Parked),5277
5278,3814,A1,F,20,Ramanagara,Group Attack (Prior Enmity),5278
5279,3815,A1,M,28,Davanagere,Confrontation over Dispute,5279
5280,3815,A2,F,45,Davanagere,Group Attack (Prior Enmity),5280
5281,3816,A1,M,45,Tumakuru,Snatching in Transit,5281
5282,3817,A1,M,16,Hassan,Shop Lock-Break,5282
5283,3817,A2,M,34,Hassan,Shop Lock-Break,5283
5284,3817,A3,M,21,Hassan,Break-in via Rear Entry,5284
5285,3818,A1,M,37,Hubballi-Dharwad,Organized Group Mobilization,5285
5286,3818,A2,M,16,Hubballi-Dharwad,Social-Media Incited Assembly,5286
5287,3819,A1,F,32,Mangaluru (Dakshina Kannada),Snatching in Transit,5287
5288,3820,A1,M,44,Mysuru,Workplace Harassment,5288
5289,3821,A1,M,42,Bagalkot,Confrontation over Dispute,5289
5290,3822,A1,M,37,Vijayapura,Known-Person Domestic Abuse,5290
5291,3822,A2,M,28,Vijayapura,Known-Person Domestic Abuse,5291
5292,3822,A3,M,24,Vijayapura,Stalking Prior to Offence,5292
5293,3823,A1,M,27,Mangaluru (Dakshina Kannada),Workplace Harassment,5293
5294,3823,A2,M,21,Mangaluru (Dakshina Kannada),Known-Person Domestic Abuse,5294
5295,3823,A3,M,37,Mangaluru (Dakshina Kannada),Stalking Prior to Offence,5295
5296,3824,A1,M,35,Mangaluru (Dakshina Kannada),Stalking Prior to Offence,5296
5297,3825,A1,M,20,Tumakuru,Courier via Public Transport,5297
5298,3826,A1,M,25,Yadgir,Workplace Harassment,5298
5299,3826,A2,M,32,Yadgir,Workplace Harassment,5299
5300,3827,A1,M,31,Davanagere,Break-in via Rear Entry,5300
5301,3828,A1,M,20,Bengaluru City,Known-Person Domestic Abuse,5301
5302,3828,A2,M,25,Bengaluru City,Workplace Harassment,5302
5303,3829,A1,M,28,Bengaluru City,Confrontation over Dispute,5303
5304,3830,A1,M,44,Bengaluru Rural,Stalking Prior to Offence,5304
5305,3832,A1,M,20,Chitradurga,Known-Person Domestic Abuse,5305
5306,3834,A1,M,37,Tumakuru,Sudden Armed Assault,5306
5307,3835,A1,M,20,Haveri,Dowry-Related Coercion,5307
5308,3836,A1,M,40,Bengaluru Rural,Home Cultivation/Storage,5308
5309,3836,A2,M,34,Bengaluru Rural,Courier via Public Transport,5309
5310,3836,A3,M,35,Bengaluru Rural,Courier via Public Transport,5310
5311,3837,A1,M,40,Kalaburagi,Stalking Prior to Offence,5311
5312,3838,A1,M,20,Koppal,Night-time House Break-in,5312
5313,3840,A1,M,19,Kodagu,Stalking Prior to Offence,5313
5314,3840,A2,F,38,Kodagu,Dowry-Related Coercion,5314
5315,3841,A1,M,28,Chamarajanagar,Group Attack (Prior Enmity),5315
5316,3842,A1,F,18,Kolar,Shop Lock-Break,5316
5317,3843,A1,M,33,Davanagere,SIM-Swap Fraud,5317
5318,3844,A1,M,31,Bengaluru Rural,Night-time House Break-in,5318
5319,3844,A2,M,16,Bengaluru Rural,Vehicle Theft (Parked),5319
5320,3844,A3,M,30,Bengaluru Rural,Vehicle Theft (Parked),5320
5321,3845,A1,M,41,Chamarajanagar,Break-in via Rear Entry,5321
5322,3846,A1,M,48,Mandya,Group Attack (Prior Enmity),5322
5323,3847,A1,M,26,Kodagu,Forged Document Trail,5323
5324,3848,A1,M,32,Chitradurga,Dowry-Related Coercion,5324
5325,3848,A2,M,16,Chitradurga,Known-Person Domestic Abuse,5325
5326,3849,A1,M,37,Hassan,Social-Media Incited Assembly,5326
5327,3849,A2,M,39,Hassan,Organized Group Mobilization,5327
5328,3850,A1,M,16,Belagavi,Break-in via Rear Entry,5328
5329,3850,A2,M,44,Belagavi,Vehicle Theft (Parked),5329
5330,3852,A1,M,43,Udupi,Stalking Prior to Offence,5330
5331,3853,A1,M,21,Tumakuru,Dowry-Related Coercion,5331
5332,3854,A1,M,42,Mysuru,Confrontation over Dispute,5332
5333,3854,A2,M,16,Mysuru,Weapon-Assisted Assault,5333
5334,3855,A1,M,20,Gadag,Phishing Link / OTP Fraud,5334
5335,3856,A1,M,47,Davanagere,Night-time House Break-in,5335
5336,3856,A2,M,32,Davanagere,Vehicle Theft (Parked),5336
5337,3857,A1,M,30,Bengaluru City,Snatching in Transit,5337
5338,3858,A1,F,22,Bengaluru Rural,Vehicle Theft (Parked),5338
5339,3859,A1,F,31,Hassan,Forged Document Trail,5339
5340,3859,A2,M,21,Hassan,Shell Company Cheating,5340
5341,3860,A1,M,25,Belagavi,Night-time House Break-in,5341
5342,3861,A1,M,29,Belagavi,Weapon-Assisted Assault,5342
5343,3863,A1,M,27,Mysuru,Cheque Bounce Fraud,5343
5344,3863,A2,M,34,Mysuru,Cheque Bounce Fraud,5344
5345,3864,A1,M,27,Belagavi,Workplace Harassment,5345
5346,3865,A1,M,25,Hassan,Confrontation over Dispute,5346
5347,3867,A1,M,33,Chamarajanagar,Chit Fund Default,5347
5348,3868,A1,M,43,Davanagere,Stalking Prior to Offence,5348
5349,3869,A1,M,33,Raichur,Known-Person Domestic Abuse,5349
5350,3870,A1,M,44,Bagalkot,Workplace Harassment,5350
5351,3871,A1,M,23,Davanagere,Courier via Public Transport,5351
5352,3871,A2,M,18,Davanagere,Courier via Public Transport,5352
5353,3872,A1,M,16,Raichur,Cross-Border Transit Route,5353
5354,3873,A1,M,22,Belagavi,Group Attack (Prior Enmity),5354
5355,3874,A1,M,29,Davanagere,Group Attack (Prior Enmity),5355
5356,3875,A1,M,32,Bidar,Shell Company Cheating,5356
5357,3875,A2,M,20,Bidar,Chit Fund Default,5357
5358,3876,A1,F,21,Mangaluru (Dakshina Kannada),Break-in via Rear Entry,5358
5359,3877,A1,M,36,Mysuru,Night-time House Break-in,5359
5360,3877,A2,M,38,Mysuru,Break-in via Rear Entry,5360
5361,3878,A1,M,31,Udupi,Stalking Prior to Offence,5361
5362,3879,A1,M,24,Bengaluru Rural,Break-in via Rear Entry,5362
5363,3880,A1,M,27,Bengaluru City,Known-Person Domestic Abuse,5363
5364,3881,A1,M,17,Gadag,Break-in via Rear Entry,5364
5365,3882,A1,M,27,Tumakuru,Snatching in Transit,5365
5366,3883,A1,F,18,Hassan,Chit Fund Default,5366
5367,3883,A2,M,31,Hassan,Shell Company Cheating,5367
5368,3884,A1,F,16,Kolar,Known-Person Domestic Abuse,5368
5369,3884,A2,M,24,Kolar,Known-Person Domestic Abuse,5369
5370,3885,A1,F,31,Kalaburagi,Cross-Border Transit Route,5370
5371,3885,A2,M,25,Kalaburagi,Courier via Public Transport,5371
5372,3887,A1,M,22,Vijayapura,Fake Investment App,5372
5373,3888,A1,F,31,Tumakuru,Forged Document Trail,5373
5374,3889,A1,M,39,Bidar,Shop Lock-Break,5374
5375,3889,A2,M,27,Bidar,Night-time House Break-in,5375
5376,3889,A3,M,28,Bidar,Snatching in Transit,5376
5377,3890,A1,M,30,Chamarajanagar,Snatching in Transit,5377
5378,3891,A1,M,28,Ramanagara,Forged Document Trail,5378
5379,3892,A1,M,34,Kalaburagi,Group Attack (Prior Enmity),5379
5380,3893,A1,M,31,Hassan,Shell Company Cheating,5380
5381,3893,A2,M,36,Hassan,Cheque Bounce Fraud,5381
5382,3894,A1,M,27,Mangaluru (Dakshina Kannada),Home Cultivation/Storage,5382
5383,3894,A2,F,34,Mangaluru (Dakshina Kannada),Home Cultivation/Storage,5383
5384,3895,A1,M,28,Belagavi,Stalking Prior to Offence,5384
5385,3895,A2,M,34,Belagavi,Known-Person Domestic Abuse,5385
5386,3895,A3,F,19,Belagavi,Stalking Prior to Offence,5386
5387,3896,A1,M,26,Belagavi,Snatching in Transit,5387
5388,3897,A1,M,36,Hubballi-Dharwad,Cheque Bounce Fraud,5388
5389,3897,A2,M,38,Hubballi-Dharwad,Cheque Bounce Fraud,5389
5390,3898,A1,F,16,Mangaluru (Dakshina Kannada),Vehicle Theft (Parked),5390
5391,3898,A2,F,16,Mangaluru (Dakshina Kannada),Night-time House Break-in,5391
5392,3898,A3,F,36,Mangaluru (Dakshina Kannada),Night-time House Break-in,5392
5393,3899,A1,M,27,Kodagu,Organized Group Mobilization,5393
5394,3900,A1,M,24,Hassan,Confrontation over Dispute,5394
5395,3900,A2,M,32,Hassan,Sudden Armed Assault,5395
5396,3901,A1,F,30,Tumakuru,Dowry-Related Coercion,5396
5397,3901,A2,M,30,Tumakuru,Dowry-Related Coercion,5397
5398,3902,A1,M,30,Mandya,Break-in via Rear Entry,5398
5399,3903,A1,M,27,Chamarajanagar,Shop Lock-Break,5399
5400,3904,A1,F,25,Hubballi-Dharwad,Break-in via Rear Entry,5400
5401,3904,A2,M,16,Hubballi-Dharwad,Break-in via Rear Entry,5401
5402,3905,A1,M,19,Bengaluru Rural,Forged Document Trail,5402
5403,3905,A2,M,20,Bengaluru Rural,Shell Company Cheating,5403
5404,3906,A1,M,33,Hassan,Confrontation over Dispute,5404
5405,3907,A1,M,29,Mangaluru (Dakshina Kannada),Fake Investment App,5405
5406,3909,A1,M,32,Bagalkot,Shell Company Cheating,5406
5407,3910,A1,M,31,Bengaluru Rural,Organized Group Mobilization,5407
5408,3911,A1,M,29,Belagavi,Vehicle Theft (Parked),5408
5409,3912,A1,M,16,Vijayapura,Night-time House Break-in,5409
5410,3913,A1,M,32,Bengaluru City,Snatching in Transit,5410
5411,3914,A1,F,30,Mysuru,Shop Lock-Break,5411
5412,3915,A1,M,33,Kalaburagi,Night-time House Break-in,5412
5413,3916,A1,M,28,Belagavi,Cheque Bounce Fraud,5413
5414,3916,A2,M,36,Belagavi,Shell Company Cheating,5414
5415,3916,A3,M,16,Belagavi,Shell Company Cheating,5415
5416,3917,A1,M,21,Kodagu,Workplace Harassment,5416
5417,3918,A1,M,26,Tumakuru,Organized Group Mobilization,5417
5418,3919,A1,M,21,Belagavi,Forged Document Trail,5418
5419,3919,A2,M,21,Belagavi,Shell Company Cheating,5419
5420,3920,A1,M,33,Bengaluru Rural,Forged Document Trail,5420
5421,3920,A2,M,47,Bengaluru Rural,Cheque Bounce Fraud,5421
5422,3921,A1,M,33,Belagavi,Weapon-Assisted Assault,5422
5423,3921,A2,M,21,Belagavi,Group Attack (Prior Enmity),5423
5424,3923,A1,M,32,Hassan,Break-in via Rear Entry,5424
5425,3924,A1,F,20,Kolar,Stalking Prior to Offence,5425
5426,3925,A1,M,34,Bengaluru Rural,Cheque Bounce Fraud,5426
5427,3925,A2,M,42,Bengaluru Rural,Forged Document Trail,5427
5428,3926,A1,M,28,Belagavi,Shop Lock-Break,5428
5429,3926,A2,M,25,Belagavi,Shop Lock-Break,5429
5430,3926,A3,M,29,Belagavi,Night-time House Break-in,5430
5431,3927,A1,F,29,Ballari,Dowry-Related Coercion,5431
5432,3927,A2,F,36,Ballari,Known-Person Domestic Abuse,5432
5433,3927,A3,M,24,Ballari,Workplace Harassment,5433
5434,3928,A1,M,44,Hassan,Dowry-Related Coercion,5434
5435,3928,A2,F,35,Hassan,Workplace Harassment,5435
5436,3929,A1,M,36,Belagavi,Workplace Harassment,5436
5437,3929,A2,M,26,Belagavi,Stalking Prior to Offence,5437
5438,3929,A3,F,41,Belagavi,Dowry-Related Coercion,5438
5439,3930,A1,M,16,Vijayapura,Group Attack (Prior Enmity),5439
5440,3931,A1,M,39,Bagalkot,SIM-Swap Fraud,5440
5441,3932,A1,M,30,Belagavi,Known-Person Domestic Abuse,5441
5442,3933,A1,M,23,Mysuru,Sudden Armed Assault,5442
5443,3934,A1,M,27,Mysuru,Confrontation over Dispute,5443
5444,3935,A1,M,18,Ballari,Home Cultivation/Storage,5444
5445,3936,A1,M,16,Yadgir,Known-Person Domestic Abuse,5445
5446,3937,A1,M,20,Ballari,Sudden Armed Assault,5446
5447,3938,A1,F,26,Bidar,Social Media Impersonation,5447
5448,3939,A1,M,30,Bengaluru Rural,Break-in via Rear Entry,5448
5449,3939,A2,F,34,Bengaluru Rural,Break-in via Rear Entry,5449
5450,3940,A1,M,29,Ramanagara,Sudden Armed Assault,5450
5451,3940,A2,M,23,Ramanagara,Confrontation over Dispute,5451
5452,3940,A3,M,42,Ramanagara,Sudden Armed Assault,5452
5453,3941,A1,M,16,Raichur,Shop Lock-Break,5453
5454,3941,A2,M,30,Raichur,Vehicle Theft (Parked),5454
5455,3941,A3,M,18,Raichur,Snatching in Transit,5455
5456,3942,A1,F,23,Raichur,Dowry-Related Coercion,5456
5457,3942,A2,M,16,Raichur,Workplace Harassment,5457
5458,3943,A1,M,30,Bengaluru Rural,Vehicle Theft (Parked),5458
5459,3944,A1,M,24,Mysuru,Night-time House Break-in,5459
5460,3945,A1,M,29,Hassan,Vehicle Theft (Parked),5460
5461,3946,A1,M,38,Hassan,Shop Lock-Break,5461
5462,3946,A2,M,27,Hassan,Vehicle Theft (Parked),5462
5463,3947,A1,M,40,Vijayapura,Vehicle Theft (Parked),5463
5464,3947,A2,M,26,Vijayapura,Break-in via Rear Entry,5464
5465,3948,A1,M,28,Kolar,Weapon-Assisted Assault,5465
5466,3949,A1,M,28,Bidar,Weapon-Assisted Assault,5466
5467,3950,A1,M,16,Uttara Kannada,Forged Document Trail,5467
5468,3952,A1,M,26,Bengaluru City,Confrontation over Dispute,5468
5469,3952,A2,M,42,Bengaluru City,Confrontation over Dispute,5469
5470,3952,A3,M,35,Bengaluru City,Group Attack (Prior Enmity),5470
5471,3954,A1,F,23,Belagavi,Chit Fund Default,5471
5472,3955,A1,M,34,Kodagu,Night-time House Break-in,5472
5473,3955,A2,M,37,Kodagu,Night-time House Break-in,5473
5474,3955,A3,M,38,Kodagu,Shop Lock-Break,5474
5475,3956,A1,M,23,Raichur,Workplace Harassment,5475
5476,3957,A1,M,34,Haveri,Break-in via Rear Entry,5476
5477,3958,A1,M,41,Mangaluru (Dakshina Kannada),Cheque Bounce Fraud,5477
5478,3958,A2,M,47,Mangaluru (Dakshina Kannada),Chit Fund Default,5478
5479,3959,A1,M,31,Belagavi,Group Attack (Prior Enmity),5479
5480,3960,A1,M,28,Chamarajanagar,Night-time House Break-in,5480
5481,3961,A1,M,36,Bengaluru Rural,Weapon-Assisted Assault,5481
5482,3962,A1,F,34,Udupi,Shell Company Cheating,5482
5483,3963,A1,M,16,Ballari,Cheque Bounce Fraud,5483
5484,3963,A2,M,28,Ballari,Shell Company Cheating,5484
5485,3964,A1,F,16,Bengaluru City,Stalking Prior to Offence,5485
5486,3965,A1,F,47,Raichur,Shop Lock-Break,5486
5487,3965,A2,M,27,Raichur,Break-in via Rear Entry,5487
5488,3966,A1,F,33,Ramanagara,Cheque Bounce Fraud,5488
5489,3967,A1,M,25,Bidar,Cheque Bounce Fraud,5489
5490,3968,A1,M,25,Mangaluru (Dakshina Kannada),Shop Lock-Break,5490
5491,3969,A1,M,38,Bengaluru Rural,Weapon-Assisted Assault,5491
5492,3970,A1,M,28,Tumakuru,Social Media Impersonation,5492
5493,3970,A2,M,34,Tumakuru,Fake Investment App,5493
5494,3971,A1,M,39,Mandya,Break-in via Rear Entry,5494
5495,3971,A2,M,25,Mandya,Break-in via Rear Entry,5495
5496,3972,A1,M,21,Hubballi-Dharwad,Shell Company Cheating,5496
5497,3972,A2,M,23,Hubballi-Dharwad,Cheque Bounce Fraud,5497
5498,3974,A1,M,45,Ballari,Phishing Link / OTP Fraud,5498
5499,3975,A1,M,36,Davanagere,Confrontation over Dispute,5499
5500,3975,A2,M,28,Davanagere,Confrontation over Dispute,5500
5501,3975,A3,M,16,Davanagere,Group Attack (Prior Enmity),5501
5502,3976,A1,M,45,Mysuru,Stalking Prior to Offence,5502
5503,3976,A2,M,40,Mysuru,Workplace Harassment,5503
5504,3977,A1,M,36,Belagavi,Snatching in Transit,5504
5505,3978,A1,M,23,Koppal,Workplace Harassment,5505
5506,3979,A1,M,39,Belagavi,Break-in via Rear Entry,5506
5507,3979,A2,M,22,Belagavi,Break-in via Rear Entry,5507
5508,3979,A3,M,27,Belagavi,Night-time House Break-in,5508
5509,3980,A1,M,38,Hubballi-Dharwad,Stalking Prior to Offence,5509
5510,3981,A1,M,16,Belagavi,Sudden Armed Assault,5510
5511,3981,A2,M,29,Belagavi,Confrontation over Dispute,5511
5512,3982,A1,M,31,Raichur,Sudden Armed Assault,5512
5513,3982,A2,M,37,Raichur,Sudden Armed Assault,5513
5514,3982,A3,M,49,Raichur,Group Attack (Prior Enmity),5514
5515,3983,A1,M,44,Chikkamagaluru,Fake Investment App,5515
5516,3983,A2,M,38,Chikkamagaluru,Fake Investment App,5516
5517,3983,A3,M,16,Chikkamagaluru,Social Media Impersonation,5517
5518,3984,A1,M,40,Belagavi,Sudden Armed Assault,5518
5519,3984,A2,M,43,Belagavi,Group Attack (Prior Enmity),5519
5520,3985,A1,M,43,Davanagere,Sudden Armed Assault,5520
5521,3986,A1,M,26,Belagavi,Shell Company Cheating,5521
5522,3987,A1,M,31,Bengaluru Rural,Phishing Link / OTP Fraud,5522
5523,3987,A2,M,24,Bengaluru Rural,Fake Investment App,5523
5524,3987,A3,M,50,Bengaluru Rural,Phishing Link / OTP Fraud,5524
5525,3988,A1,M,30,Mysuru,Night-time House Break-in,5525
5526,3989,A1,M,29,Ramanagara,Shell Company Cheating,5526
5527,3990,A1,M,42,Kolar,Social Media Impersonation,5527
5528,3991,A1,M,27,Chitradurga,Break-in via Rear Entry,5528
5529,3992,A1,M,17,Ballari,Weapon-Assisted Assault,5529
5530,3993,A1,M,28,Chikkamagaluru,SIM-Swap Fraud,5530
5531,3994,A1,M,20,Belagavi,Vehicle Theft (Parked),5531
5532,3995,A1,M,38,Bengaluru City,Shell Company Cheating,5532
5533,3996,A1,M,29,Chamarajanagar,Phishing Link / OTP Fraud,5533
5534,3998,A1,M,33,Chamarajanagar,Break-in via Rear Entry,5534
5535,3999,A1,M,47,Tumakuru,Forged Document Trail,5535
5536,4000,A1,M,16,Ramanagara,Forged Document Trail,5536
5537,4001,A1,M,30,Belagavi,Vehicle Theft (Parked),5537
5538,4002,A1,F,32,Mysuru,Shop Lock-Break,5538
5539,4003,A1,M,26,Ballari,Sudden Armed Assault,5539
5540,4004,A1,M,25,Chitradurga,Workplace Harassment,5540
5541,4004,A2,M,30,Chitradurga,Workplace Harassment,5541
5542,4005,A1,M,26,Mangaluru (Dakshina Kannada),Fake Investment App,5542
5543,4006,A1,M,23,Shivamogga,Cheque Bounce Fraud,5543
5544,4006,A2,M,38,Shivamogga,Shell Company Cheating,5544
5545,4007,A1,M,26,Hubballi-Dharwad,Chit Fund Default,5545
5546,4007,A2,F,33,Hubballi-Dharwad,Cheque Bounce Fraud,5546
5547,4007,A3,M,20,Hubballi-Dharwad,Cheque Bounce Fraud,5547
5548,4008,A1,M,16,Bengaluru Rural,Social Media Impersonation,5548
5549,4008,A2,M,24,Bengaluru Rural,Phishing Link / OTP Fraud,5549
5550,4009,A1,M,33,Chikkaballapur,Night-time House Break-in,5550
5551,4009,A2,M,25,Chikkaballapur,Snatching in Transit,5551
5552,4010,A1,F,36,Mangaluru (Dakshina Kannada),Snatching in Transit,5552
5553,4010,A2,M,36,Mangaluru (Dakshina Kannada),Snatching in Transit,5553
5554,4010,A3,M,19,Mangaluru (Dakshina Kannada),Night-time House Break-in,5554
5555,4011,A1,F,21,Belagavi,Shop Lock-Break,5555
5556,4011,A2,M,22,Belagavi,Night-time House Break-in,5556
5557,4012,A1,M,32,Davanagere,Group Attack (Prior Enmity),5557
5558,4013,A1,M,30,Yadgir,Organized Group Mobilization,5558
5559,4014,A1,M,36,Ballari,Forged Document Trail,5559
5560,4015,A1,M,19,Shivamogga,Confrontation over Dispute,5560
5561,4016,A1,M,25,Mysuru,Confrontation over Dispute,5561
5562,4017,A1,M,35,Belagavi,Sudden Armed Assault,5562
5563,4017,A2,M,24,Belagavi,Weapon-Assisted Assault,5563
5564,4020,A1,M,26,Haveri,Shell Company Cheating,5564
5565,4020,A2,M,26,Haveri,Shell Company Cheating,5565
5566,4020,A3,F,26,Haveri,Cheque Bounce Fraud,5566
5567,4021,A1,F,31,Bengaluru City,Shop Lock-Break,5567
5568,4021,A2,M,52,Bengaluru City,Shop Lock-Break,5568
5569,4022,A1,M,27,Bengaluru Rural,Stalking Prior to Offence,5569
5570,4023,A1,M,31,Shivamogga,Night-time House Break-in,5570
5571,4023,A2,M,21,Shivamogga,Shop Lock-Break,5571
5572,4024,A1,M,29,Mysuru,Known-Person Domestic Abuse,5572
5573,4024,A2,M,16,Mysuru,Workplace Harassment,5573
5574,4024,A3,M,35,Mysuru,Known-Person Domestic Abuse,5574
5575,4026,A1,M,26,Davanagere,Social Media Impersonation,5575
5576,4026,A2,F,17,Davanagere,SIM-Swap Fraud,5576
5577,4027,A1,M,35,Belagavi,Workplace Harassment,5577
5578,4029,A1,M,17,Bidar,Night-time House Break-in,5578
5579,4030,A1,F,24,Udupi,Confrontation over Dispute,5579
5580,4032,A1,M,26,Yadgir,Forged Document Trail,5580
5581,4033,A1,M,31,Davanagere,Group Attack (Prior Enmity),5581
5582,4034,A1,M,16,Kalaburagi,Break-in via Rear Entry,5582
5583,4035,A1,M,28,Kodagu,Stalking Prior to Offence,5583
5584,4036,A1,M,16,Chamarajanagar,Chit Fund Default,5584
5585,4037,A1,M,27,Mangaluru (Dakshina Kannada),Stalking Prior to Offence,5585
5586,4037,A2,M,28,Mangaluru (Dakshina Kannada),Stalking Prior to Offence,5586
5587,4038,A1,M,23,Belagavi,Snatching in Transit,5587
5588,4038,A2,M,26,Belagavi,Snatching in Transit,5588
5589,4039,A1,M,23,Mangaluru (Dakshina Kannada),Shell Company Cheating,5589
5590,4040,A1,M,27,Hassan,Dowry-Related Coercion,5590
5591,4040,A2,M,30,Hassan,Dowry-Related Coercion,5591
5592,4041,A1,M,34,Bengaluru City,Snatching in Transit,5592
5593,4041,A2,F,25,Bengaluru City,Night-time House Break-in,5593
5594,4042,A1,M,26,Davanagere,Night-time House Break-in,5594
5595,4043,A1,M,36,Udupi,Dowry-Related Coercion,5595
5596,4044,A1,M,32,Belagavi,Stalking Prior to Offence,5596
5597,4045,A1,F,30,Bengaluru City,Organized Group Mobilization,5597
5598,4045,A2,M,27,Bengaluru City,Organized Group Mobilization,5598
5599,4046,A1,M,27,Chamarajanagar,Shop Lock-Break,5599
5600,4047,A1,M,26,Kodagu,Workplace Harassment,5600
5601,4047,A2,M,27,Kodagu,Stalking Prior to Offence,5601
5602,4048,A1,M,29,Raichur,Night-time House Break-in,5602
5603,4048,A2,M,36,Raichur,Night-time House Break-in,5603
5604,4049,A1,M,29,Bengaluru City,Stalking Prior to Offence,5604
5605,4049,A2,M,23,Bengaluru City,Workplace Harassment,5605
5606,4050,A1,M,16,Ramanagara,Cheque Bounce Fraud,5606
5607,4051,A1,M,20,Chamarajanagar,Snatching in Transit,5607
5608,4052,A1,M,26,Mandya,Courier via Public Transport,5608
5609,4053,A1,M,31,Bengaluru City,Home Cultivation/Storage,5609
5610,4053,A2,M,18,Bengaluru City,Home Cultivation/Storage,5610
5611,4053,A3,M,31,Bengaluru City,Cross-Border Transit Route,5611
5612,4054,A1,M,31,Belagavi,Shop Lock-Break,5612
5613,4055,A1,M,28,Davanagere,SIM-Swap Fraud,5613
5614,4055,A2,M,26,Davanagere,SIM-Swap Fraud,5614
5615,4056,A1,M,47,Bengaluru City,Night-time House Break-in,5615
5616,4056,A2,M,33,Bengaluru City,Snatching in Transit,5616
5617,4057,A1,M,32,Mangaluru (Dakshina Kannada),SIM-Swap Fraud,5617
5618,4057,A2,M,31,Mangaluru (Dakshina Kannada),Fake Investment App,5618
5619,4058,A1,M,32,Kodagu,Night-time House Break-in,5619
5620,4059,A1,M,40,Hassan,Break-in via Rear Entry,5620
5621,4059,A2,M,39,Hassan,Shop Lock-Break,5621
5622,4060,A1,M,32,Kodagu,Fake Investment App,5622
5623,4060,A2,M,26,Kodagu,Social Media Impersonation,5623
5624,4060,A3,M,40,Kodagu,SIM-Swap Fraud,5624
5625,4061,A1,M,44,Davanagere,Break-in via Rear Entry,5625
5626,4062,A1,M,38,Kodagu,Known-Person Domestic Abuse,5626
5627,4063,A1,M,34,Udupi,Break-in via Rear Entry,5627
5628,4063,A2,M,37,Udupi,Shop Lock-Break,5628
5629,4063,A3,M,20,Udupi,Break-in via Rear Entry,5629
5630,4065,A1,M,46,Belagavi,Night-time House Break-in,5630
5631,4065,A2,M,20,Belagavi,Break-in via Rear Entry,5631
5632,4065,A3,M,33,Belagavi,Night-time House Break-in,5632
5633,4066,A1,M,41,Kalaburagi,Vehicle Theft (Parked),5633
5634,4066,A2,M,22,Kalaburagi,Break-in via Rear Entry,5634
5635,4067,A1,M,16,Belagavi,Stalking Prior to Offence,5635
5636,4068,A1,M,34,Kolar,Cross-Border Transit Route,5636
5637,4069,A1,M,22,Mysuru,Shell Company Cheating,5637
5638,4070,A1,M,21,Vijayapura,Group Attack (Prior Enmity),5638
5639,4070,A2,M,25,Vijayapura,Confrontation over Dispute,5639
5640,4071,A1,M,21,Udupi,Forged Document Trail,5640
5641,4072,A1,M,37,Mysuru,SIM-Swap Fraud,5641
5642,4073,A1,M,42,Hassan,Sudden Armed Assault,5642
5643,4073,A2,M,35,Hassan,Confrontation over Dispute,5643
5644,4073,A3,M,38,Hassan,Confrontation over Dispute,5644
5645,4075,A1,F,46,Davanagere,Sudden Armed Assault,5645
5646,4076,A1,M,17,Kodagu,Group Attack (Prior Enmity),5646
5647,4077,A1,F,45,Bagalkot,Workplace Harassment,5647
5648,4078,A1,M,25,Tumakuru,Sudden Armed Assault,5648
5649,4078,A2,M,20,Tumakuru,Sudden Armed Assault,5649
5650,4079,A1,M,32,Belagavi,Vehicle Theft (Parked),5650
5651,4080,A1,M,16,Davanagere,Group Attack (Prior Enmity),5651
5652,4081,A1,M,24,Hubballi-Dharwad,Stalking Prior to Offence,5652
5653,4081,A2,M,28,Hubballi-Dharwad,Stalking Prior to Offence,5653
5654,4082,A1,M,37,Ramanagara,Night-time House Break-in,5654
5655,4083,A1,M,29,Mysuru,Workplace Harassment,5655
5656,4083,A2,M,30,Mysuru,Stalking Prior to Offence,5656
5657,4084,A1,M,44,Shivamogga,Dowry-Related Coercion,5657
5658,4084,A2,M,33,Shivamogga,Dowry-Related Coercion,5658
5659,4085,A1,M,51,Chamarajanagar,Snatching in Transit,5659
5660,4086,A1,M,32,Bidar,Confrontation over Dispute,5660
5661,4086,A2,M,25,Bidar,Weapon-Assisted Assault,5661
5662,4087,A1,F,26,Hubballi-Dharwad,Cheque Bounce Fraud,5662
5663,4088,A1,M,32,Hubballi-Dharwad,Organized Group Mobilization,5663
5664,4089,A1,M,37,Kodagu,Snatching in Transit,5664
5665,4090,A1,M,18,Bengaluru Rural,Group Attack (Prior Enmity),5665
5666,4091,A1,M,36,Mangaluru (Dakshina Kannada),Cross-Border Transit Route,5666
5667,4091,A2,M,23,Mangaluru (Dakshina Kannada),Cross-Border Transit Route,5667
5668,4091,A3,M,29,Mangaluru (Dakshina Kannada),Cross-Border Transit Route,5668
5669,4092,A1,M,24,Mysuru,Confrontation over Dispute,5669
5670,4093,A1,M,22,Bengaluru Rural,Sudden Armed Assault,5670
5671,4094,A1,M,16,Bengaluru City,SIM-Swap Fraud,5671
5672,4094,A2,F,37,Bengaluru City,Fake Investment App,5672
5673,4094,A3,M,40,Bengaluru City,SIM-Swap Fraud,5673
5674,4095,A1,M,32,Ballari,Vehicle Theft (Parked),5674
5675,4096,A1,M,28,Kolar,Shell Company Cheating,5675
5676,4097,A1,M,44,Bengaluru Rural,Sudden Armed Assault,5676
5677,4097,A2,M,42,Bengaluru Rural,Weapon-Assisted Assault,5677
5678,4097,A3,M,32,Bengaluru Rural,Confrontation over Dispute,5678
5679,4098,A1,M,28,Mysuru,Confrontation over Dispute,5679
5680,4099,A1,M,28,Kodagu,Break-in via Rear Entry,5680
5681,4100,A1,M,30,Chamarajanagar,Vehicle Theft (Parked),5681
5682,4100,A2,M,30,Chamarajanagar,Snatching in Transit,5682
5683,4101,A1,M,25,Kodagu,Group Attack (Prior Enmity),5683
5684,4102,A1,M,16,Chikkamagaluru,Workplace Harassment,5684
5685,4102,A2,M,24,Chikkamagaluru,Stalking Prior to Offence,5685
5686,4103,A1,M,38,Bengaluru Rural,Forged Document Trail,5686
5687,4103,A2,M,16,Bengaluru Rural,Cheque Bounce Fraud,5687
5688,4105,A1,F,36,Belagavi,Break-in via Rear Entry,5688
5689,4105,A2,M,37,Belagavi,Break-in via Rear Entry,5689
5690,4105,A3,M,32,Belagavi,Snatching in Transit,5690
5691,4106,A1,M,20,Hubballi-Dharwad,Sudden Armed Assault,5691
5692,4106,A2,F,31,Hubballi-Dharwad,Confrontation over Dispute,5692
5693,4107,A1,M,26,Ballari,Vehicle Theft (Parked),5693
5694,4107,A2,M,38,Ballari,Night-time House Break-in,5694
5695,4109,A1,M,16,Koppal,Dowry-Related Coercion,5695
5696,4109,A2,M,39,Koppal,Known-Person Domestic Abuse,5696
5697,4109,A3,M,36,Koppal,Dowry-Related Coercion,5697
5698,4110,A1,M,36,Bengaluru Rural,Workplace Harassment,5698
5699,4110,A2,M,19,Bengaluru Rural,Dowry-Related Coercion,5699
5700,4111,A1,M,18,Bengaluru Rural,Confrontation over Dispute,5700
5701,4112,A1,M,35,Kolar,Forged Document Trail,5701
5702,4113,A1,M,23,Bidar,Confrontation over Dispute,5702
5703,4113,A2,M,28,Bidar,Confrontation over Dispute,5703
5704,4114,A1,M,29,Davanagere,Known-Person Domestic Abuse,5704
5705,4115,A1,M,19,Davanagere,Shop Lock-Break,5705
5706,4116,A1,M,20,Belagavi,SIM-Swap Fraud,5706
5707,4117,A1,M,30,Belagavi,Vehicle Theft (Parked),5707
5708,4118,A1,M,35,Mangaluru (Dakshina Kannada),Home Cultivation/Storage,5708
5709,4119,A1,M,38,Raichur,Weapon-Assisted Assault,5709
5710,4119,A2,M,39,Raichur,Group Attack (Prior Enmity),5710
5711,4120,A1,M,34,Mandya,Snatching in Transit,5711
5712,4120,A2,M,24,Mandya,Vehicle Theft (Parked),5712
5713,4120,A3,M,41,Mandya,Break-in via Rear Entry,5713
5714,4121,A1,M,30,Chamarajanagar,Fake Investment App,5714
5715,4121,A2,M,38,Chamarajanagar,Phishing Link / OTP Fraud,5715
5716,4122,A1,M,38,Chikkamagaluru,Group Attack (Prior Enmity),5716
5717,4123,A1,M,16,Davanagere,Vehicle Theft (Parked),5717
5718,4124,A1,M,46,Davanagere,Confrontation over Dispute,5718
5719,4125,A1,F,25,Bagalkot,Workplace Harassment,5719
5720,4125,A2,M,26,Bagalkot,Stalking Prior to Offence,5720
5721,4126,A1,M,16,Bengaluru Rural,Stalking Prior to Offence,5721
5722,4126,A2,M,21,Bengaluru Rural,Stalking Prior to Offence,5722
5723,4127,A1,M,28,Tumakuru,Sudden Armed Assault,5723
5724,4128,A1,M,36,Mysuru,Workplace Harassment,5724
5725,4128,A2,M,48,Mysuru,Known-Person Domestic Abuse,5725
5726,4129,A1,M,21,Davanagere,Cross-Border Transit Route,5726
5727,4129,A2,M,39,Davanagere,Home Cultivation/Storage,5727
5728,4130,A1,M,35,Tumakuru,Break-in via Rear Entry,5728
5729,4130,A2,M,48,Tumakuru,Night-time House Break-in,5729
5730,4130,A3,M,27,Tumakuru,Break-in via Rear Entry,5730
5731,4131,A1,M,18,Kodagu,Break-in via Rear Entry,5731
5732,4131,A2,M,24,Kodagu,Snatching in Transit,5732
5733,4131,A3,F,16,Kodagu,Break-in via Rear Entry,5733
5734,4132,A1,M,43,Mangaluru (Dakshina Kannada),Chit Fund Default,5734
5735,4135,A1,M,44,Kodagu,Group Attack (Prior Enmity),5735
5736,4136,A1,M,39,Ballari,Group Attack (Prior Enmity),5736
5737,4139,A1,M,30,Udupi,Weapon-Assisted Assault,5737
5738,4139,A2,M,35,Udupi,Group Attack (Prior Enmity),5738
5739,4140,A1,M,42,Belagavi,Dowry-Related Coercion,5739
5740,4141,A1,M,37,Chamarajanagar,Group Attack (Prior Enmity),5740
5741,4141,A2,M,27,Chamarajanagar,Group Attack (Prior Enmity),5741
5742,4142,A1,M,22,Chamarajanagar,Sudden Armed Assault,5742
5743,4143,A1,M,41,Mangaluru (Dakshina Kannada),Chit Fund Default,5743
5744,4143,A2,M,27,Mangaluru (Dakshina Kannada),Forged Document Trail,5744
5745,4144,A1,F,19,Haveri,Cheque Bounce Fraud,5745
5746,4145,A1,M,28,Vijayapura,Forged Document Trail,5746
5747,4146,A1,M,31,Haveri,Snatching in Transit,5747
5748,4147,A1,M,28,Bengaluru City,Fake Investment App,5748
5749,4147,A2,M,30,Bengaluru City,SIM-Swap Fraud,5749
5750,4148,A1,M,36,Chamarajanagar,Workplace Harassment,5750
5751,4149,A1,M,35,Chikkamagaluru,Shop Lock-Break,5751
5752,4150,A1,F,39,Kalaburagi,Shop Lock-Break,5752
5753,4150,A2,F,16,Kalaburagi,Snatching in Transit,5753
5754,4152,A1,M,24,Haveri,Cross-Border Transit Route,5754
5755,4153,A1,M,20,Mysuru,Sudden Armed Assault,5755
5756,4153,A2,F,41,Mysuru,Weapon-Assisted Assault,5756
5757,4153,A3,M,25,Mysuru,Weapon-Assisted Assault,5757
5758,4154,A1,F,16,Bengaluru City,Workplace Harassment,5758
5759,4154,A2,M,17,Bengaluru City,Stalking Prior to Offence,5759
5760,4155,A1,F,31,Haveri,Shop Lock-Break,5760
5761,4155,A2,M,30,Haveri,Vehicle Theft (Parked),5761
5762,4156,A1,M,20,Bengaluru City,Night-time House Break-in,5762
5763,4157,A1,M,48,Ramanagara,Break-in via Rear Entry,5763
5764,4157,A2,F,23,Ramanagara,Break-in via Rear Entry,5764
5765,4158,A1,F,37,Mangaluru (Dakshina Kannada),Sudden Armed Assault,5765
5766,4159,A1,M,46,Raichur,Chit Fund Default,5766
5767,4159,A2,M,31,Raichur,Forged Document Trail,5767
5768,4160,A1,F,32,Belagavi,Stalking Prior to Offence,5768
5769,4161,A1,M,37,Mysuru,Fake Investment App,5769
5770,4162,A1,F,16,Mangaluru (Dakshina Kannada),Sudden Armed Assault,5770
5771,4163,A1,M,26,Belagavi,Known-Person Domestic Abuse,5771
5772,4164,A1,M,44,Bidar,Known-Person Domestic Abuse,5772
5773,4164,A2,M,28,Bidar,Known-Person Domestic Abuse,5773
5774,4165,A1,M,43,Bengaluru City,Snatching in Transit,5774
5775,4166,A1,M,33,Hubballi-Dharwad,Workplace Harassment,5775
5776,4166,A2,M,18,Hubballi-Dharwad,Stalking Prior to Offence,5776
5777,4167,A1,M,33,Bengaluru Rural,Night-time House Break-in,5777
5778,4168,A1,M,23,Chikkaballapur,Shell Company Cheating,5778
5779,4168,A2,M,34,Chikkaballapur,Forged Document Trail,5779
5780,4168,A3,M,38,Chikkaballapur,Cheque Bounce Fraud,5780
5781,4169,A1,M,24,Mysuru,Social Media Impersonation,5781
5782,4170,A1,M,33,Ramanagara,Social Media Impersonation,5782
5783,4171,A1,M,16,Yadgir,Fake Investment App,5783
5784,4171,A2,M,21,Yadgir,Social Media Impersonation,5784
5785,4172,A1,M,19,Bengaluru City,Shell Company Cheating,5785
5786,4173,A1,M,26,Udupi,Known-Person Domestic Abuse,5786
5787,4173,A2,M,40,Udupi,Workplace Harassment,5787
5788,4175,A1,M,34,Mysuru,Dowry-Related Coercion,5788
5789,4176,A1,M,19,Mysuru,Cheque Bounce Fraud,5789
5790,4177,A1,M,27,Kodagu,Dowry-Related Coercion,5790
5791,4180,A1,M,26,Bidar,Weapon-Assisted Assault,5791
5792,4180,A2,M,21,Bidar,Confrontation over Dispute,5792
5793,4181,A1,M,31,Mangaluru (Dakshina Kannada),Dowry-Related Coercion,5793
5794,4182,A1,M,25,Koppal,Vehicle Theft (Parked),5794
5795,4183,A1,M,38,Ballari,Stalking Prior to Offence,5795
5796,4184,A1,M,36,Belagavi,Shop Lock-Break,5796
5797,4184,A2,M,28,Belagavi,Night-time House Break-in,5797
5798,4185,A1,M,26,Raichur,Dowry-Related Coercion,5798
5799,4185,A2,M,25,Raichur,Stalking Prior to Offence,5799
5800,4186,A1,F,38,Ballari,Break-in via Rear Entry,5800
5801,4187,A1,M,19,Bengaluru City,Break-in via Rear Entry,5801
5802,4187,A2,M,20,Bengaluru City,Vehicle Theft (Parked),5802
5803,4187,A3,F,54,Bengaluru City,Snatching in Transit,5803
5804,4189,A1,F,22,Belagavi,Night-time House Break-in,5804
5805,4189,A2,M,43,Belagavi,Vehicle Theft (Parked),5805
5806,4190,A1,M,44,Bidar,Stalking Prior to Offence,5806
5807,4191,A1,M,16,Mysuru,Phishing Link / OTP Fraud,5807
5808,4192,A1,M,19,Hassan,Sudden Armed Assault,5808
5809,4194,A1,M,32,Bidar,Stalking Prior to Offence,5809
5810,4195,A1,M,35,Hassan,Confrontation over Dispute,5810
5811,4195,A2,M,23,Hassan,Group Attack (Prior Enmity),5811
5812,4195,A3,M,31,Hassan,Confrontation over Dispute,5812
5813,4196,A1,M,23,Tumakuru,Courier via Public Transport,5813
5814,4197,A1,M,19,Ballari,Snatching in Transit,5814
5815,4198,A1,M,20,Bidar,Vehicle Theft (Parked),5815
5816,4198,A2,F,33,Bidar,Vehicle Theft (Parked),5816
5817,4199,A1,M,16,Mangaluru (Dakshina Kannada),Break-in via Rear Entry,5817
5818,4199,A2,F,32,Mangaluru (Dakshina Kannada),Night-time House Break-in,5818
5819,4200,A1,M,16,Davanagere,Shop Lock-Break,5819
5820,4200,A2,M,21,Davanagere,Vehicle Theft (Parked),5820
5821,4201,A1,M,36,Mangaluru (Dakshina Kannada),Workplace Harassment,5821
5822,4201,A2,M,39,Mangaluru (Dakshina Kannada),Known-Person Domestic Abuse,5822
5823,4201,A3,M,29,Mangaluru (Dakshina Kannada),Dowry-Related Coercion,5823
5824,4203,A1,M,25,Ramanagara,Weapon-Assisted Assault,5824
5825,4204,A1,M,38,Udupi,Confrontation over Dispute,5825
5826,4205,A1,M,25,Belagavi,Home Cultivation/Storage,5826
5827,4206,A1,M,30,Yadgir,Shop Lock-Break,5827
5828,4206,A2,M,21,Yadgir,Vehicle Theft (Parked),5828
5829,4208,A1,M,37,Shivamogga,Shop Lock-Break,5829
5830,4208,A2,M,28,Shivamogga,Break-in via Rear Entry,5830
5831,4208,A3,M,16,Shivamogga,Night-time House Break-in,5831
5832,4209,A1,M,45,Gadag,Forged Document Trail,5832
5833,4210,A1,M,34,Belagavi,Stalking Prior to Offence,5833
5834,4211,A1,M,39,Belagavi,Home Cultivation/Storage,5834
5835,4212,A1,M,16,Ballari,Night-time House Break-in,5835
5836,4212,A2,M,39,Ballari,Night-time House Break-in,5836
5837,4213,A1,M,26,Chamarajanagar,Weapon-Assisted Assault,5837
5838,4214,A1,M,28,Kodagu,Home Cultivation/Storage,5838
5839,4214,A2,M,29,Kodagu,Home Cultivation/Storage,5839
5840,4215,A1,M,16,Koppal,Stalking Prior to Offence,5840
5841,4216,A1,M,29,Bengaluru Rural,Fake Investment App,5841
5842,4217,A1,M,21,Ramanagara,Snatching in Transit,5842
5843,4218,A1,M,23,Belagavi,Courier via Public Transport,5843
5844,4218,A2,M,17,Belagavi,Home Cultivation/Storage,5844
5845,4218,A3,M,19,Belagavi,Home Cultivation/Storage,5845
5846,4219,A1,M,24,Tumakuru,Cross-Border Transit Route,5846
5847,4219,A2,M,42,Tumakuru,Home Cultivation/Storage,5847
5848,4219,A3,M,32,Tumakuru,Courier via Public Transport,5848
5849,4220,A1,M,27,Mysuru,Workplace Harassment,5849
5850,4220,A2,F,35,Mysuru,Known-Person Domestic Abuse,5850
5851,4221,A1,M,22,Belagavi,Dowry-Related Coercion,5851
5852,4221,A2,F,24,Belagavi,Workplace Harassment,5852
5853,4222,A1,M,16,Belagavi,Confrontation over Dispute,5853
5854,4222,A2,M,26,Belagavi,Weapon-Assisted Assault,5854
5855,4222,A3,M,16,Belagavi,Group Attack (Prior Enmity),5855
5856,4223,A1,M,37,Bengaluru Rural,Known-Person Domestic Abuse,5856
5857,4224,A1,M,16,Mandya,Dowry-Related Coercion,5857
5858,4224,A2,M,49,Mandya,Known-Person Domestic Abuse,5858
5859,4225,A1,M,26,Bengaluru Rural,Dowry-Related Coercion,5859
5860,4225,A2,M,34,Bengaluru Rural,Stalking Prior to Offence,5860
5861,4226,A1,M,37,Bidar,Confrontation over Dispute,5861
5862,4227,A1,M,27,Bengaluru Rural,Weapon-Assisted Assault,5862
5863,4228,A1,M,26,Bengaluru Rural,SIM-Swap Fraud,5863
5864,4229,A1,M,27,Hubballi-Dharwad,Stalking Prior to Offence,5864
5865,4229,A2,M,16,Hubballi-Dharwad,Dowry-Related Coercion,5865
5866,4229,A3,M,26,Hubballi-Dharwad,Known-Person Domestic Abuse,5866
5867,4230,A1,M,23,Belagavi,Home Cultivation/Storage,5867
5868,4231,A1,M,33,Udupi,Shell Company Cheating,5868
5869,4231,A2,M,18,Udupi,Cheque Bounce Fraud,5869
5870,4231,A3,M,32,Udupi,Forged Document Trail,5870
5871,4232,A1,M,45,Udupi,SIM-Swap Fraud,5871
5872,4232,A2,M,19,Udupi,Fake Investment App,5872
5873,4233,A1,M,26,Hubballi-Dharwad,Dowry-Related Coercion,5873
5874,4233,A2,F,22,Hubballi-Dharwad,Workplace Harassment,5874
5875,4234,A1,M,29,Udupi,Workplace Harassment,5875
5876,4235,A1,M,16,Hubballi-Dharwad,Group Attack (Prior Enmity),5876
5877,4236,A1,M,24,Haveri,Dowry-Related Coercion,5877
5878,4236,A2,M,16,Haveri,Workplace Harassment,5878
5879,4236,A3,F,29,Haveri,Known-Person Domestic Abuse,5879
5880,4237,A1,M,51,Davanagere,Organized Group Mobilization,5880
5881,4238,A1,M,33,Bengaluru Rural,Cross-Border Transit Route,5881
5882,4238,A2,M,36,Bengaluru Rural,Courier via Public Transport,5882
5883,4239,A1,M,27,Belagavi,Chit Fund Default,5883
5884,4240,A1,M,40,Tumakuru,Group Attack (Prior Enmity),5884
5885,4241,A1,F,38,Haveri,Cross-Border Transit Route,5885
5886,4242,A1,M,29,Belagavi,Shop Lock-Break,5886
5887,4242,A2,M,42,Belagavi,Night-time House Break-in,5887
5888,4243,A1,M,32,Yadgir,Phishing Link / OTP Fraud,5888
5889,4244,A1,M,27,Davanagere,Dowry-Related Coercion,5889
5890,4244,A2,M,35,Davanagere,Dowry-Related Coercion,5890
5891,4244,A3,M,28,Davanagere,Workplace Harassment,5891
5892,4246,A1,M,29,Bengaluru Rural,Night-time House Break-in,5892
5893,4247,A1,M,32,Bengaluru Rural,Vehicle Theft (Parked),5893
5894,4247,A2,M,47,Bengaluru Rural,Vehicle Theft (Parked),5894
5895,4247,A3,M,18,Bengaluru Rural,Break-in via Rear Entry,5895
5896,4248,A1,M,29,Belagavi,Workplace Harassment,5896
5897,4248,A2,M,25,Belagavi,Stalking Prior to Offence,5897
5898,4248,A3,M,27,Belagavi,Dowry-Related Coercion,5898
5899,4249,A1,M,34,Belagavi,Shop Lock-Break,5899
5900,4250,A1,M,22,Bengaluru City,Known-Person Domestic Abuse,5900
5901,4251,A1,M,17,Bengaluru City,Vehicle Theft (Parked),5901
5902,4251,A2,M,24,Bengaluru City,Break-in via Rear Entry,5902
5903,4253,A1,M,21,Yadgir,Cross-Border Transit Route,5903
5904,4254,A1,M,16,Ramanagara,Weapon-Assisted Assault,5904
5905,4255,A1,M,18,Bengaluru Rural,Known-Person Domestic Abuse,5905
5906,4255,A2,M,27,Bengaluru Rural,Known-Person Domestic Abuse,5906
5907,4256,A1,M,30,Koppal,Social-Media Incited Assembly,5907
5908,4256,A2,M,30,Koppal,Organized Group Mobilization,5908
5909,4257,A1,M,30,Ramanagara,Fake Investment App,5909
5910,4257,A2,M,33,Ramanagara,SIM-Swap Fraud,5910
5911,4258,A1,M,39,Kolar,Known-Person Domestic Abuse,5911
5912,4258,A2,M,31,Kolar,Stalking Prior to Offence,5912
5913,4259,A1,M,29,Shivamogga,Social Media Impersonation,5913
5914,4259,A2,M,16,Shivamogga,SIM-Swap Fraud,5914
5915,4260,A1,M,22,Chikkamagaluru,Sudden Armed Assault,5915
5916,4260,A2,M,24,Chikkamagaluru,Sudden Armed Assault,5916
5917,4261,A1,M,21,Ballari,Sudden Armed Assault,5917
5918,4261,A2,M,34,Ballari,Sudden Armed Assault,5918
5919,4261,A3,M,16,Ballari,Sudden Armed Assault,5919
5920,4262,A1,M,16,Mangaluru (Dakshina Kannada),Night-time House Break-in,5920
5921,4263,A1,M,16,Belagavi,SIM-Swap Fraud,5921
5922,4263,A2,M,20,Belagavi,Phishing Link / OTP Fraud,5922
5923,4264,A1,M,30,Bengaluru Rural,Stalking Prior to Offence,5923
5924,4265,A1,M,40,Kodagu,SIM-Swap Fraud,5924
5925,4266,A1,M,19,Kodagu,Cheque Bounce Fraud,5925
5926,4267,A1,M,36,Hassan,Dowry-Related Coercion,5926
5927,4268,A1,M,17,Mysuru,Dowry-Related Coercion,5927
5928,4268,A2,M,22,Mysuru,Known-Person Domestic Abuse,5928
5929,4269,A1,M,25,Bengaluru City,Group Attack (Prior Enmity),5929
5930,4270,A1,M,32,Yadgir,Phishing Link / OTP Fraud,5930
5931,4270,A2,M,38,Yadgir,Social Media Impersonation,5931
5932,4270,A3,M,16,Yadgir,Fake Investment App,5932
5933,4271,A1,M,16,Mangaluru (Dakshina Kannada),Break-in via Rear Entry,5933
5934,4272,A1,M,24,Bidar,Shop Lock-Break,5934
5935,4273,A1,M,36,Gadag,Confrontation over Dispute,5935
5936,4273,A2,F,19,Gadag,Sudden Armed Assault,5936
5937,4273,A3,M,41,Gadag,Confrontation over Dispute,5937
5938,4275,A1,F,30,Koppal,Cheque Bounce Fraud,5938
5939,4276,A1,M,22,Bengaluru City,Night-time House Break-in,5939
5940,4276,A2,F,16,Bengaluru City,Night-time House Break-in,5940
5941,4277,A1,M,16,Bagalkot,Group Attack (Prior Enmity),5941
5942,4278,A1,M,17,Chamarajanagar,Forged Document Trail,5942
5943,4279,A1,M,28,Kolar,Phishing Link / OTP Fraud,5943
5944,4280,A1,M,19,Tumakuru,Shop Lock-Break,5944
5945,4280,A2,M,20,Tumakuru,Shop Lock-Break,5945
5946,4281,A1,F,33,Davanagere,Forged Document Trail,5946
5947,4281,A2,F,29,Davanagere,Chit Fund Default,5947
5948,4282,A1,M,24,Kalaburagi,Group Attack (Prior Enmity),5948
5949,4283,A1,M,24,Bengaluru Rural,Break-in via Rear Entry,5949
5950,4284,A1,M,16,Mangaluru (Dakshina Kannada),Courier via Public Transport,5950
5951,4285,A1,M,16,Haveri,Courier via Public Transport,5951
5952,4286,A1,F,26,Hassan,Social Media Impersonation,5952
5953,4286,A2,M,29,Hassan,Phishing Link / OTP Fraud,5953
5954,4286,A3,M,25,Hassan,SIM-Swap Fraud,5954
5955,4287,A1,F,16,Chamarajanagar,Vehicle Theft (Parked),5955
5956,4288,A1,M,26,Vijayapura,Snatching in Transit,5956
5957,4288,A2,M,16,Vijayapura,Break-in via Rear Entry,5957
5958,4289,A1,M,17,Bengaluru Rural,Break-in via Rear Entry,5958
5959,4291,A1,F,46,Bengaluru Rural,Forged Document Trail,5959
5960,4291,A2,M,29,Bengaluru Rural,Chit Fund Default,5960
5961,4292,A1,F,31,Mandya,Snatching in Transit,5961
5962,4293,A1,M,34,Vijayapura,Dowry-Related Coercion,5962
5963,4293,A2,M,29,Vijayapura,Known-Person Domestic Abuse,5963
5964,4295,A1,M,33,Bengaluru Rural,Shop Lock-Break,5964
5965,4295,A2,M,29,Bengaluru Rural,Shop Lock-Break,5965
5966,4295,A3,M,37,Bengaluru Rural,Night-time House Break-in,5966
5967,4296,A1,M,31,Bidar,Dowry-Related Coercion,5967
5968,4297,A1,M,16,Haveri,Sudden Armed Assault,5968
5969,4298,A1,M,16,Davanagere,Vehicle Theft (Parked),5969
5970,4299,A1,F,22,Hassan,Vehicle Theft (Parked),5970
5971,4300,A1,M,41,Kalaburagi,Workplace Harassment,5971
5972,4301,A1,M,20,Davanagere,Night-time House Break-in,5972
5973,4302,A1,M,40,Bengaluru Rural,Weapon-Assisted Assault,5973
5974,4303,A1,M,37,Davanagere,Known-Person Domestic Abuse,5974
5975,4304,A1,M,35,Mysuru,Snatching in Transit,5975
5976,4304,A2,M,16,Mysuru,Vehicle Theft (Parked),5976
5977,4305,A1,M,32,Davanagere,Sudden Armed Assault,5977
5978,4305,A2,F,28,Davanagere,Sudden Armed Assault,5978
5979,4305,A3,M,43,Davanagere,Confrontation over Dispute,5979
5980,4306,A1,F,41,Belagavi,Known-Person Domestic Abuse,5980
5981,4306,A2,M,39,Belagavi,Dowry-Related Coercion,5981
5982,4307,A1,M,32,Kodagu,Sudden Armed Assault,5982
5983,4308,A1,M,17,Chitradurga,Weapon-Assisted Assault,5983
5984,4309,A1,M,16,Ballari,Snatching in Transit,5984
5985,4309,A2,M,16,Ballari,Vehicle Theft (Parked),5985
5986,4310,A1,M,29,Bengaluru Rural,SIM-Swap Fraud,5986
5987,4311,A1,M,43,Hubballi-Dharwad,Weapon-Assisted Assault,5987
5988,4311,A2,M,32,Hubballi-Dharwad,Group Attack (Prior Enmity),5988
5989,4311,A3,M,21,Hubballi-Dharwad,Weapon-Assisted Assault,5989
5990,4312,A1,M,23,Mysuru,Dowry-Related Coercion,5990
5991,4313,A1,M,21,Raichur,Break-in via Rear Entry,5991
5992,4314,A1,F,35,Bidar,SIM-Swap Fraud,5992
5993,4316,A1,M,31,Belagavi,Break-in via Rear Entry,5993
5994,4317,A1,M,25,Chikkamagaluru,Weapon-Assisted Assault,5994
5995,4317,A2,M,28,Chikkamagaluru,Sudden Armed Assault,5995
5996,4318,A1,M,19,Yadgir,Home Cultivation/Storage,5996
5997,4320,A1,M,16,Davanagere,Shell Company Cheating,5997
5998,4321,A1,M,20,Belagavi,Group Attack (Prior Enmity),5998
5999,4322,A1,M,23,Belagavi,Vehicle Theft (Parked),5999
6000,4323,A1,M,24,Bengaluru Rural,Stalking Prior to Offence,6000
6001,4324,A1,M,28,Mangaluru (Dakshina Kannada),Workplace Harassment,6001
6002,4325,A1,M,40,Mangaluru (Dakshina Kannada),Confrontation over Dispute,6002
6003,4326,A1,M,27,Ramanagara,Cheque Bounce Fraud,6003
6004,4327,A1,M,26,Bengaluru City,Weapon-Assisted Assault,6004
6005,4327,A2,F,27,Bengaluru City,Sudden Armed Assault,6005
6006,4327,A3,M,18,Bengaluru City,Sudden Armed Assault,6006
6007,4328,A1,M,29,Mangaluru (Dakshina Kannada),Vehicle Theft (Parked),6007
6008,4328,A2,M,32,Mangaluru (Dakshina Kannada),Vehicle Theft (Parked),6008
6009,4330,A1,M,29,Kodagu,Break-in via Rear Entry,6009
6010,4330,A2,F,16,Kodagu,Night-time House Break-in,6010
6011,4330,A3,F,23,Kodagu,Snatching in Transit,6011
6012,4331,A1,M,16,Haveri,SIM-Swap Fraud,6012
6013,4331,A2,M,19,Haveri,Fake Investment App,6013
6014,4332,A1,M,16,Ballari,Stalking Prior to Offence,6014
6015,4333,A1,M,17,Ballari,Group Attack (Prior Enmity),6015
6016,4335,A1,M,25,Haveri,Shop Lock-Break,6016
6017,4336,A1,M,30,Belagavi,Snatching in Transit,6017
6018,4337,A1,M,35,Belagavi,Vehicle Theft (Parked),6018
6019,4338,A1,M,43,Hubballi-Dharwad,Snatching in Transit,6019
6020,4338,A2,F,40,Hubballi-Dharwad,Break-in via Rear Entry,6020
6021,4338,A3,F,17,Hubballi-Dharwad,Break-in via Rear Entry,6021
6022,4339,A1,M,19,Koppal,Shop Lock-Break,6022
6023,4340,A1,M,32,Bengaluru City,Night-time House Break-in,6023
6024,4341,A1,M,31,Hubballi-Dharwad,Shop Lock-Break,6024
6025,4342,A1,F,39,Belagavi,Vehicle Theft (Parked),6025
6026,4342,A2,M,35,Belagavi,Break-in via Rear Entry,6026
6027,4343,A1,F,22,Bengaluru Rural,Phishing Link / OTP Fraud,6027
6028,4343,A2,M,43,Bengaluru Rural,Phishing Link / OTP Fraud,6028
6029,4344,A1,M,25,Ramanagara,Vehicle Theft (Parked),6029
6030,4345,A1,M,39,Bengaluru Rural,Snatching in Transit,6030
6031,4345,A2,M,16,Bengaluru Rural,Shop Lock-Break,6031
6032,4345,A3,M,20,Bengaluru Rural,Shop Lock-Break,6032
6033,4346,A1,F,21,Bidar,Night-time House Break-in,6033
6034,4347,A1,M,36,Mysuru,Workplace Harassment,6034
6035,4348,A1,M,16,Kalaburagi,Snatching in Transit,6035
6036,4350,A1,M,16,Bengaluru City,Stalking Prior to Offence,6036
6037,4350,A2,M,24,Bengaluru City,Known-Person Domestic Abuse,6037
6038,4350,A3,F,24,Bengaluru City,Dowry-Related Coercion,6038
6039,4351,A1,M,40,Mysuru,Forged Document Trail,6039
6040,4352,A1,M,23,Bengaluru City,Stalking Prior to Offence,6040
6041,4355,A1,M,16,Ramanagara,Snatching in Transit,6041
6042,4356,A1,M,36,Ballari,Workplace Harassment,6042
6043,4357,A1,M,29,Bengaluru City,Night-time House Break-in,6043
6044,4357,A2,M,29,Bengaluru City,Vehicle Theft (Parked),6044
6045,4358,A1,M,24,Udupi,Sudden Armed Assault,6045
6046,4360,A1,M,20,Ballari,Forged Document Trail,6046
6047,4361,A1,M,19,Bengaluru City,Confrontation over Dispute,6047
6048,4361,A2,M,26,Bengaluru City,Sudden Armed Assault,6048
6049,4361,A3,F,19,Bengaluru City,Sudden Armed Assault,6049
6050,4362,A1,M,16,Belagavi,Home Cultivation/Storage,6050
6051,4363,A1,M,25,Raichur,Workplace Harassment,6051
6052,4364,A1,M,24,Tumakuru,Organized Group Mobilization,6052
6053,4365,A1,M,45,Kodagu,Known-Person Domestic Abuse,6053
6054,4365,A2,M,30,Kodagu,Dowry-Related Coercion,6054
6055,4365,A3,M,22,Kodagu,Dowry-Related Coercion,6055
6056,4366,A1,M,38,Vijayapura,Home Cultivation/Storage,6056
6057,4367,A1,M,25,Yadgir,Shell Company Cheating,6057
6058,4368,A1,M,28,Chamarajanagar,Known-Person Domestic Abuse,6058
6059,4370,A1,M,34,Bengaluru Rural,Snatching in Transit,6059
6060,4371,A1,M,31,Ballari,Sudden Armed Assault,6060
6061,4372,A1,M,32,Hubballi-Dharwad,Cross-Border Transit Route,6061
6062,4372,A2,M,27,Hubballi-Dharwad,Courier via Public Transport,6062
6063,4373,A1,M,38,Mysuru,Stalking Prior to Offence,6063
6064,4374,A1,M,29,Raichur,Social Media Impersonation,6064
6065,4375,A1,M,35,Bidar,Break-in via Rear Entry,6065
6066,4375,A2,M,32,Bidar,Vehicle Theft (Parked),6066
6067,4376,A1,M,34,Haveri,Forged Document Trail,6067
6068,4376,A2,M,29,Haveri,Chit Fund Default,6068
6069,4377,A1,M,33,Mangaluru (Dakshina Kannada),Break-in via Rear Entry,6069
6070,4378,A1,M,18,Bengaluru City,Night-time House Break-in,6070
6071,4379,A1,M,32,Bengaluru Rural,Chit Fund Default,6071
6072,4380,A1,M,33,Yadgir,Cheque Bounce Fraud,6072
6073,4381,A1,M,19,Bengaluru City,Confrontation over Dispute,6073
6074,4381,A2,M,18,Bengaluru City,Confrontation over Dispute,6074
6075,4381,A3,M,36,Bengaluru City,Group Attack (Prior Enmity),6075
6076,4382,A1,M,23,Chikkamagaluru,Phishing Link / OTP Fraud,6076
6077,4383,A1,M,40,Belagavi,Night-time House Break-in,6077
6078,4384,A1,M,26,Yadgir,Confrontation over Dispute,6078
6079,4386,A1,M,47,Bengaluru City,Shop Lock-Break,6079
6080,4387,A1,M,23,Kodagu,Snatching in Transit,6080
6081,4388,A1,M,27,Bengaluru City,Break-in via Rear Entry,6081
6082,4389,A1,M,21,Bengaluru Rural,Cross-Border Transit Route,6082
6083,4389,A2,M,22,Bengaluru Rural,Home Cultivation/Storage,6083
6084,4390,A1,M,34,Chitradurga,Dowry-Related Coercion,6084
6085,4391,A1,M,32,Mandya,Shop Lock-Break,6085
6086,4392,A1,M,16,Chamarajanagar,Dowry-Related Coercion,6086
6087,4393,A1,F,27,Belagavi,Sudden Armed Assault,6087
6088,4393,A2,M,20,Belagavi,Confrontation over Dispute,6088
6089,4394,A1,M,39,Davanagere,Night-time House Break-in,6089
6090,4396,A1,F,35,Mandya,Cheque Bounce Fraud,6090
6091,4397,A1,M,37,Bengaluru Rural,Shop Lock-Break,6091
6092,4397,A2,M,48,Bengaluru Rural,Night-time House Break-in,6092
6093,4398,A1,M,26,Bengaluru Rural,Known-Person Domestic Abuse,6093
6094,4398,A2,M,31,Bengaluru Rural,Workplace Harassment,6094
6095,4399,A1,M,21,Yadgir,Forged Document Trail,6095
6096,4400,A1,M,18,Belagavi,Workplace Harassment,6096
6097,4401,A1,M,21,Bengaluru Rural,Confrontation over Dispute,6097
6098,4402,A1,M,26,Bagalkot,Workplace Harassment,6098
6099,4403,A1,M,22,Bengaluru Rural,Chit Fund Default,6099
6100,4403,A2,F,36,Bengaluru Rural,Shell Company Cheating,6100
6101,4404,A1,M,29,Hassan,Fake Investment App,6101
6102,4404,A2,M,29,Hassan,SIM-Swap Fraud,6102
6103,4405,A1,M,24,Mysuru,Forged Document Trail,6103
6104,4405,A2,M,40,Mysuru,Cheque Bounce Fraud,6104
6105,4405,A3,M,37,Mysuru,Shell Company Cheating,6105
6106,4406,A1,M,19,Gadag,Confrontation over Dispute,6106
6107,4407,A1,M,32,Bengaluru City,Known-Person Domestic Abuse,6107
6108,4407,A2,F,33,Bengaluru City,Dowry-Related Coercion,6108
6109,4407,A3,M,45,Bengaluru City,Dowry-Related Coercion,6109
6110,4408,A1,M,45,Bagalkot,Cross-Border Transit Route,6110
6111,4409,A1,M,17,Tumakuru,Confrontation over Dispute,6111
6112,4410,A1,M,20,Chamarajanagar,SIM-Swap Fraud,6112
6113,4411,A1,M,26,Haveri,Break-in via Rear Entry,6113
6114,4412,A1,M,31,Belagavi,Confrontation over Dispute,6114
6115,4412,A2,F,27,Belagavi,Confrontation over Dispute,6115
6116,4413,A1,M,30,Mysuru,Workplace Harassment,6116
6117,4414,A1,M,23,Mandya,Night-time House Break-in,6117
6118,4415,A1,M,39,Bengaluru City,Forged Document Trail,6118
6119,4415,A2,M,21,Bengaluru City,Shell Company Cheating,6119
6120,4415,A3,M,21,Bengaluru City,Cheque Bounce Fraud,6120
6121,4416,A1,M,28,Bengaluru City,Group Attack (Prior Enmity),6121
6122,4416,A2,M,29,Bengaluru City,Group Attack (Prior Enmity),6122
6123,4417,A1,M,29,Bidar,Stalking Prior to Offence,6123
6124,4417,A2,M,28,Bidar,Workplace Harassment,6124
6125,4418,A1,F,27,Bagalkot,Sudden Armed Assault,6125
6126,4418,A2,F,39,Bagalkot,Weapon-Assisted Assault,6126
6127,4419,A1,M,39,Bengaluru Rural,Group Attack (Prior Enmity),6127
6128,4420,A1,M,39,Belagavi,Sudden Armed Assault,6128
6129,4420,A2,M,44,Belagavi,Weapon-Assisted Assault,6129
6130,4421,A1,M,26,Davanagere,Forged Document Trail,6130
6131,4421,A2,M,32,Davanagere,Shell Company Cheating,6131
6132,4422,A1,M,39,Tumakuru,Confrontation over Dispute,6132
6133,4422,A2,M,20,Tumakuru,Weapon-Assisted Assault,6133
6134,4422,A3,M,23,Tumakuru,Weapon-Assisted Assault,6134
6135,4423,A1,M,26,Bidar,Shop Lock-Break,6135
6136,4424,A1,M,33,Raichur,Fake Investment App,6136
6137,4425,A1,F,32,Udupi,Snatching in Transit,6137
6138,4425,A2,M,33,Udupi,Shop Lock-Break,6138
6139,4426,A1,M,27,Raichur,Group Attack (Prior Enmity),6139
6140,4426,A2,M,19,Raichur,Confrontation over Dispute,6140
6141,4427,A1,M,29,Raichur,Sudden Armed Assault,6141
6142,4428,A1,M,24,Udupi,Weapon-Assisted Assault,6142
6143,4429,A1,M,23,Kodagu,Weapon-Assisted Assault,6143
6144,4430,A1,M,28,Chikkamagaluru,Night-time House Break-in,6144
6145,4431,A1,M,25,Chikkaballapur,Courier via Public Transport,6145
6146,4431,A2,M,22,Chikkaballapur,Home Cultivation/Storage,6146
6147,4432,A1,M,33,Bengaluru City,Weapon-Assisted Assault,6147
6148,4432,A2,M,38,Bengaluru City,Group Attack (Prior Enmity),6148
6149,4432,A3,F,20,Bengaluru City,Confrontation over Dispute,6149
6150,4433,A1,M,16,Chikkamagaluru,Shop Lock-Break,6150
6151,4434,A1,M,34,Raichur,Snatching in Transit,6151
6152,4435,A1,M,37,Belagavi,Known-Person Domestic Abuse,6152
6153,4436,A1,M,63,Bengaluru Rural,Sudden Armed Assault,6153
6154,4437,A1,M,26,Yadgir,Weapon-Assisted Assault,6154
6155,4437,A2,M,23,Yadgir,Weapon-Assisted Assault,6155
6156,4437,A3,M,30,Yadgir,Group Attack (Prior Enmity),6156
6157,4438,A1,M,28,Bengaluru City,Stalking Prior to Offence,6157
6158,4439,A1,F,25,Chamarajanagar,Workplace Harassment,6158
6159,4439,A2,M,20,Chamarajanagar,Workplace Harassment,6159
6160,4440,A1,M,32,Belagavi,Weapon-Assisted Assault,6160
6161,4441,A1,M,42,Chamarajanagar,Night-time House Break-in,6161
6162,4442,A1,M,25,Davanagere,Vehicle Theft (Parked),6162
6163,4442,A2,F,37,Davanagere,Night-time House Break-in,6163
6164,4443,A1,M,43,Gadag,SIM-Swap Fraud,6164
6165,4443,A2,M,30,Gadag,SIM-Swap Fraud,6165
6166,4443,A3,M,16,Gadag,Fake Investment App,6166
6167,4444,A1,M,36,Belagavi,Vehicle Theft (Parked),6167
6168,4445,A1,M,44,Belagavi,Chit Fund Default,6168
6169,4446,A1,M,28,Bengaluru City,Shop Lock-Break,6169
6170,4446,A2,M,17,Bengaluru City,Shop Lock-Break,6170
6171,4446,A3,M,16,Bengaluru City,Snatching in Transit,6171
6172,4447,A1,M,19,Mangaluru (Dakshina Kannada),Home Cultivation/Storage,6172
6173,4447,A2,M,30,Mangaluru (Dakshina Kannada),Cross-Border Transit Route,6173
6174,4448,A1,M,40,Mysuru,Night-time House Break-in,6174
6175,4448,A2,F,46,Mysuru,Break-in via Rear Entry,6175
6176,4449,A1,F,36,Hubballi-Dharwad,Shell Company Cheating,6176
6177,4449,A2,M,24,Hubballi-Dharwad,Forged Document Trail,6177
6178,4450,A1,M,17,Mysuru,Vehicle Theft (Parked),6178
6179,4450,A2,M,16,Mysuru,Shop Lock-Break,6179
6180,4451,A1,F,16,Tumakuru,Forged Document Trail,6180
6181,4452,A1,M,44,Hassan,Social Media Impersonation,6181
6182,4452,A2,F,35,Hassan,SIM-Swap Fraud,6182
6183,4453,A1,M,16,Bidar,Weapon-Assisted Assault,6183
6184,4454,A1,M,29,Bengaluru City,Cross-Border Transit Route,6184
6185,4455,A1,M,16,Belagavi,Group Attack (Prior Enmity),6185
6186,4456,A1,M,34,Bengaluru City,Dowry-Related Coercion,6186
6187,4457,A1,M,37,Uttara Kannada,Sudden Armed Assault,6187
6188,4457,A2,F,32,Uttara Kannada,Group Attack (Prior Enmity),6188
6189,4457,A3,M,24,Uttara Kannada,Sudden Armed Assault,6189
6190,4458,A1,F,25,Haveri,Shop Lock-Break,6190
6191,4459,A1,F,16,Chitradurga,Group Attack (Prior Enmity),6191
6192,4459,A2,M,43,Chitradurga,Weapon-Assisted Assault,6192
6193,4460,A1,M,26,Bengaluru Rural,Confrontation over Dispute,6193
6194,4460,A2,M,27,Bengaluru Rural,Weapon-Assisted Assault,6194
6195,4460,A3,M,34,Bengaluru Rural,Group Attack (Prior Enmity),6195
6196,4461,A1,M,16,Davanagere,Fake Investment App,6196
6197,4462,A1,M,51,Chamarajanagar,Social Media Impersonation,6197
6198,4463,A1,M,30,Ballari,Snatching in Transit,6198
6199,4464,A1,M,35,Shivamogga,Weapon-Assisted Assault,6199
6200,4464,A2,M,19,Shivamogga,Confrontation over Dispute,6200
6201,4465,A1,M,19,Bagalkot,Weapon-Assisted Assault,6201
6202,4466,A1,M,32,Davanagere,Night-time House Break-in,6202
6203,4468,A1,M,22,Bengaluru City,Shell Company Cheating,6203
6204,4468,A2,M,16,Bengaluru City,Forged Document Trail,6204
6205,4468,A3,M,26,Bengaluru City,Chit Fund Default,6205
6206,4469,A1,M,30,Kalaburagi,Vehicle Theft (Parked),6206
6207,4469,A2,M,46,Kalaburagi,Night-time House Break-in,6207
6208,4470,A1,F,28,Kodagu,Snatching in Transit,6208
6209,4470,A2,M,28,Kodagu,Shop Lock-Break,6209
6210,4471,A1,M,39,Bengaluru City,Organized Group Mobilization,6210
6211,4472,A1,M,17,Bidar,Dowry-Related Coercion,6211
6212,4472,A2,F,28,Bidar,Dowry-Related Coercion,6212
6213,4473,A1,M,37,Hassan,Dowry-Related Coercion,6213
6214,4473,A2,F,36,Hassan,Stalking Prior to Offence,6214
6215,4474,A1,M,27,Ballari,Dowry-Related Coercion,6215
6216,4475,A1,M,41,Bengaluru Rural,Group Attack (Prior Enmity),6216
6217,4476,A1,M,26,Bagalkot,Weapon-Assisted Assault,6217
6218,4476,A2,M,16,Bagalkot,Weapon-Assisted Assault,6218
6219,4476,A3,M,31,Bagalkot,Weapon-Assisted Assault,6219
6220,4477,A1,M,16,Bidar,Sudden Armed Assault,6220
6221,4478,A1,M,24,Mysuru,Stalking Prior to Offence,6221
6222,4479,A1,M,36,Bengaluru Rural,Snatching in Transit,6222
6223,4479,A2,M,31,Bengaluru Rural,Vehicle Theft (Parked),6223
6224,4479,A3,M,27,Bengaluru Rural,Break-in via Rear Entry,6224
6225,4480,A1,M,39,Bengaluru City,Social-Media Incited Assembly,6225
6226,4481,A1,M,22,Bengaluru Rural,Social-Media Incited Assembly,6226
6227,4482,A1,M,26,Bengaluru Rural,Weapon-Assisted Assault,6227
6228,4482,A2,M,23,Bengaluru Rural,Confrontation over Dispute,6228
6229,4484,A1,M,24,Bengaluru City,Forged Document Trail,6229
6230,4485,A1,F,43,Bengaluru Rural,Social Media Impersonation,6230
6231,4486,A1,F,48,Hubballi-Dharwad,Known-Person Domestic Abuse,6231
6232,4487,A1,M,38,Bidar,Weapon-Assisted Assault,6232
6233,4488,A1,M,19,Bengaluru City,Vehicle Theft (Parked),6233
6234,4489,A1,M,27,Kalaburagi,Social Media Impersonation,6234
6235,4490,A1,F,19,Bengaluru Rural,Stalking Prior to Offence,6235
6236,4490,A2,M,38,Bengaluru Rural,Dowry-Related Coercion,6236
6237,4490,A3,M,28,Bengaluru Rural,Stalking Prior to Offence,6237
6238,4491,A1,M,33,Davanagere,Night-time House Break-in,6238
6239,4492,A1,M,16,Koppal,Confrontation over Dispute,6239
6240,4492,A2,M,17,Koppal,Confrontation over Dispute,6240
6241,4493,A1,M,23,Belagavi,Vehicle Theft (Parked),6241
6242,4494,A1,M,18,Chikkaballapur,Dowry-Related Coercion,6242
6243,4495,A1,M,40,Bengaluru Rural,Break-in via Rear Entry,6243
6244,4496,A1,M,24,Bengaluru City,Phishing Link / OTP Fraud,6244
6245,4497,A1,M,23,Udupi,Weapon-Assisted Assault,6245
6246,4499,A1,M,37,Mangaluru (Dakshina Kannada),Vehicle Theft (Parked),6246
6247,4499,A2,M,51,Mangaluru (Dakshina Kannada),Night-time House Break-in,6247
6248,4500,A1,M,23,Raichur,Shop Lock-Break,6248
6249,4500,A2,M,22,Raichur,Vehicle Theft (Parked),6249
6250,4501,A1,M,24,Haveri,Forged Document Trail,6250
6251,4502,A1,M,16,Tumakuru,Chit Fund Default,6251
6252,4502,A2,M,41,Tumakuru,Cheque Bounce Fraud,6252
6253,4503,A1,M,24,Chikkaballapur,Weapon-Assisted Assault,6253
6254,4504,A1,M,28,Bengaluru City,Sudden Armed Assault,6254
6255,4506,A1,M,26,Tumakuru,Dowry-Related Coercion,6255
6256,4507,A1,M,24,Belagavi,Night-time House Break-in,6256
6257,4508,A1,M,22,Mangaluru (Dakshina Kannada),Shop Lock-Break,6257
6258,4508,A2,M,32,Mangaluru (Dakshina Kannada),Vehicle Theft (Parked),6258
6259,4509,A1,M,26,Tumakuru,Vehicle Theft (Parked),6259
6260,4510,A1,M,33,Vijayapura,Forged Document Trail,6260
6261,4511,A1,M,19,Chamarajanagar,Courier via Public Transport,6261
6262,4511,A2,M,46,Chamarajanagar,Courier via Public Transport,6262
6263,4511,A3,M,20,Chamarajanagar,Courier via Public Transport,6263
6264,4512,A1,M,25,Mysuru,Sudden Armed Assault,6264
6265,4513,A1,M,20,Mangaluru (Dakshina Kannada),Shell Company Cheating,6265
6266,4515,A1,M,33,Bengaluru Rural,Stalking Prior to Offence,6266
6267,4516,A1,M,35,Mangaluru (Dakshina Kannada),Weapon-Assisted Assault,6267
6268,4516,A2,M,24,Mangaluru (Dakshina Kannada),Weapon-Assisted Assault,6268
6269,4517,A1,M,33,Bengaluru Rural,Known-Person Domestic Abuse,6269
6270,4518,A1,F,22,Kolar,Courier via Public Transport,6270
6271,4519,A1,M,17,Vijayapura,SIM-Swap Fraud,6271
6272,4520,A1,M,27,Hubballi-Dharwad,Chit Fund Default,6272
6273,4520,A2,F,24,Hubballi-Dharwad,Chit Fund Default,6273
6274,4520,A3,F,21,Hubballi-Dharwad,Forged Document Trail,6274
6275,4521,A1,M,26,Udupi,Forged Document Trail,6275
6276,4521,A2,M,29,Udupi,Chit Fund Default,6276
6277,4521,A3,M,31,Udupi,Chit Fund Default,6277
6278,4522,A1,M,34,Mangaluru (Dakshina Kannada),Social-Media Incited Assembly,6278
6279,4523,A1,M,44,Bengaluru City,Stalking Prior to Offence,6279
6280,4523,A2,M,21,Bengaluru City,Known-Person Domestic Abuse,6280
6281,4524,A1,F,19,Bengaluru Rural,Shop Lock-Break,6281
6282,4525,A1,M,30,Tumakuru,Shell Company Cheating,6282
6283,4526,A1,M,28,Mangaluru (Dakshina Kannada),Shop Lock-Break,6283
6284,4527,A1,M,40,Mysuru,Workplace Harassment,6284
6285,4527,A2,M,32,Mysuru,Dowry-Related Coercion,6285
6286,4527,A3,M,23,Mysuru,Stalking Prior to Offence,6286
6287,4528,A1,M,46,Bengaluru City,Weapon-Assisted Assault,6287
6288,4529,A1,M,35,Bengaluru Rural,Break-in via Rear Entry,6288
6289,4530,A1,M,28,Davanagere,Night-time House Break-in,6289
6290,4530,A2,M,31,Davanagere,Night-time House Break-in,6290
6291,4531,A1,M,24,Tumakuru,Courier via Public Transport,6291
6292,4531,A2,M,22,Tumakuru,Home Cultivation/Storage,6292
6293,4531,A3,M,16,Tumakuru,Cross-Border Transit Route,6293
6294,4532,A1,M,40,Bidar,Weapon-Assisted Assault,6294
6295,4532,A2,M,46,Bidar,Group Attack (Prior Enmity),6295
6296,4533,A1,M,18,Belagavi,Sudden Armed Assault,6296
6297,4534,A1,M,29,Hubballi-Dharwad,Shop Lock-Break,6297
6298,4535,A1,M,17,Raichur,Snatching in Transit,6298
6299,4535,A2,M,23,Raichur,Night-time House Break-in,6299
6300,4536,A1,M,16,Bengaluru City,Known-Person Domestic Abuse,6300
6301,4537,A1,M,36,Mangaluru (Dakshina Kannada),Snatching in Transit,6301
6302,4538,A1,M,38,Kalaburagi,Night-time House Break-in,6302
6303,4539,A1,F,23,Tumakuru,Break-in via Rear Entry,6303
6304,4539,A2,M,31,Tumakuru,Snatching in Transit,6304
6305,4541,A1,M,19,Bengaluru Rural,Vehicle Theft (Parked),6305
6306,4541,A2,M,28,Bengaluru Rural,Night-time House Break-in,6306
6307,4542,A1,M,31,Kodagu,Night-time House Break-in,6307
6308,4544,A1,M,30,Kodagu,Weapon-Assisted Assault,6308
6309,4546,A1,M,31,Udupi,Shop Lock-Break,6309
6310,4546,A2,M,20,Udupi,Vehicle Theft (Parked),6310
6311,4547,A1,F,32,Mangaluru (Dakshina Kannada),Known-Person Domestic Abuse,6311
6312,4548,A1,M,24,Kolar,Shell Company Cheating,6312
6313,4548,A2,M,26,Kolar,Shell Company Cheating,6313
6314,4549,A1,M,37,Davanagere,Vehicle Theft (Parked),6314
6315,4550,A1,M,40,Belagavi,Shop Lock-Break,6315
6316,4551,A1,M,44,Belagavi,Cross-Border Transit Route,6316
6317,4552,A1,F,38,Raichur,Known-Person Domestic Abuse,6317
6318,4553,A1,M,23,Mysuru,Shop Lock-Break,6318
6319,4554,A1,M,35,Bengaluru City,Workplace Harassment,6319
6320,4554,A2,M,23,Bengaluru City,Dowry-Related Coercion,6320
6321,4554,A3,M,29,Bengaluru City,Known-Person Domestic Abuse,6321
6322,4555,A1,M,43,Hassan,Confrontation over Dispute,6322
6323,4556,A1,M,33,Tumakuru,Known-Person Domestic Abuse,6323
6324,4556,A2,M,40,Tumakuru,Dowry-Related Coercion,6324
6325,4557,A1,M,34,Kodagu,Shop Lock-Break,6325
6326,4557,A2,M,16,Kodagu,Shop Lock-Break,6326
6327,4558,A1,M,47,Shivamogga,Night-time House Break-in,6327
6328,4558,A2,M,33,Shivamogga,Night-time House Break-in,6328
6329,4559,A1,M,20,Gadag,Known-Person Domestic Abuse,6329
6330,4560,A1,F,44,Davanagere,Stalking Prior to Offence,6330
6331,4560,A2,M,17,Davanagere,Stalking Prior to Offence,6331
6332,4561,A1,M,29,Koppal,Weapon-Assisted Assault,6332
6333,4562,A1,M,25,Ballari,Snatching in Transit,6333
6334,4562,A2,M,36,Ballari,Vehicle Theft (Parked),6334
6335,4563,A1,M,18,Bengaluru City,Vehicle Theft (Parked),6335
6336,4565,A1,M,35,Vijayapura,Confrontation over Dispute,6336
6337,4565,A2,M,20,Vijayapura,Group Attack (Prior Enmity),6337
6338,4566,A1,M,16,Hassan,Social Media Impersonation,6338
6339,4566,A2,M,21,Hassan,Social Media Impersonation,6339
6340,4566,A3,M,37,Hassan,Fake Investment App,6340
6341,4567,A1,M,30,Bengaluru City,Vehicle Theft (Parked),6341
6342,4567,A2,F,34,Bengaluru City,Snatching in Transit,6342
6343,4570,A1,M,47,Tumakuru,Shell Company Cheating,6343
6344,4570,A2,M,17,Tumakuru,Shell Company Cheating,6344
6345,4570,A3,M,21,Tumakuru,Chit Fund Default,6345
6346,4571,A1,M,16,Davanagere,Sudden Armed Assault,6346
6347,4571,A2,M,19,Davanagere,Group Attack (Prior Enmity),6347
6348,4572,A1,M,37,Bagalkot,Workplace Harassment,6348
6349,4572,A2,M,24,Bagalkot,Dowry-Related Coercion,6349
6350,4573,A1,M,26,Hubballi-Dharwad,Dowry-Related Coercion,6350
6351,4574,A1,M,16,Mangaluru (Dakshina Kannada),Group Attack (Prior Enmity),6351
6352,4574,A2,M,27,Mangaluru (Dakshina Kannada),Weapon-Assisted Assault,6352
6353,4575,A1,M,16,Chamarajanagar,Break-in via Rear Entry,6353
6354,4577,A1,M,31,Mysuru,Snatching in Transit,6354
6355,4577,A2,M,16,Mysuru,Vehicle Theft (Parked),6355
6356,4579,A1,M,40,Shivamogga,Group Attack (Prior Enmity),6356
6357,4579,A2,M,36,Shivamogga,Confrontation over Dispute,6357
6358,4580,A1,F,21,Koppal,Confrontation over Dispute,6358
6359,4580,A2,M,32,Koppal,Weapon-Assisted Assault,6359
6360,4581,A1,M,17,Kodagu,Workplace Harassment,6360
6361,4582,A1,M,16,Belagavi,Group Attack (Prior Enmity),6361
6362,4583,A1,M,22,Ramanagara,Shop Lock-Break,6362
6363,4584,A1,M,40,Kodagu,Group Attack (Prior Enmity),6363
6364,4584,A2,M,34,Kodagu,Group Attack (Prior Enmity),6364
6365,4586,A1,M,48,Bengaluru Rural,Sudden Armed Assault,6365
6366,4587,A1,M,25,Belagavi,Cross-Border Transit Route,6366
6367,4587,A2,M,27,Belagavi,Cross-Border Transit Route,6367
6368,4587,A3,M,36,Belagavi,Courier via Public Transport,6368
6369,4588,A1,M,46,Raichur,Group Attack (Prior Enmity),6369
6370,4589,A1,M,30,Bengaluru City,Weapon-Assisted Assault,6370
6371,4589,A2,M,44,Bengaluru City,Confrontation over Dispute,6371
6372,4590,A1,M,16,Udupi,Workplace Harassment,6372
6373,4591,A1,M,16,Vijayapura,Confrontation over Dispute,6373
6374,4592,A1,M,37,Bidar,Night-time House Break-in,6374
6375,4592,A2,M,38,Bidar,Break-in via Rear Entry,6375
6376,4593,A1,M,33,Tumakuru,Social Media Impersonation,6376
6377,4593,A2,M,39,Tumakuru,Fake Investment App,6377
6378,4594,A1,M,39,Udupi,Cheque Bounce Fraud,6378
6379,4595,A1,M,17,Udupi,Workplace Harassment,6379
6380,4595,A2,M,30,Udupi,Stalking Prior to Offence,6380
6381,4596,A1,M,44,Raichur,Phishing Link / OTP Fraud,6381
6382,4597,A1,M,24,Kodagu,Confrontation over Dispute,6382
6383,4598,A1,M,31,Chamarajanagar,Vehicle Theft (Parked),6383
6384,4598,A2,M,18,Chamarajanagar,Break-in via Rear Entry,6384
6385,4598,A3,M,26,Chamarajanagar,Vehicle Theft (Parked),6385
6386,4599,A1,M,25,Bengaluru Rural,Night-time House Break-in,6386
6387,4601,A1,M,29,Hubballi-Dharwad,Night-time House Break-in,6387
6388,4602,A1,M,36,Chamarajanagar,Vehicle Theft (Parked),6388
6389,4603,A1,M,22,Hassan,Snatching in Transit,6389
6390,4603,A2,M,26,Hassan,Shop Lock-Break,6390
6391,4603,A3,M,16,Hassan,Shop Lock-Break,6391
6392,4604,A1,M,35,Belagavi,Group Attack (Prior Enmity),6392
6393,4604,A2,M,26,Belagavi,Group Attack (Prior Enmity),6393
6394,4605,A1,F,41,Tumakuru,Weapon-Assisted Assault,6394
6395,4605,A2,M,22,Tumakuru,Weapon-Assisted Assault,6395
6396,4605,A3,M,38,Tumakuru,Confrontation over Dispute,6396
6397,4606,A1,M,16,Belagavi,Chit Fund Default,6397
6398,4606,A2,M,22,Belagavi,Cheque Bounce Fraud,6398
6399,4607,A1,M,22,Belagavi,Shop Lock-Break,6399
6400,4607,A2,M,38,Belagavi,Snatching in Transit,6400
6401,4608,A1,F,45,Hassan,Break-in via Rear Entry,6401
6402,4609,A1,M,19,Vijayapura,Shell Company Cheating,6402
6403,4609,A2,M,32,Vijayapura,Cheque Bounce Fraud,6403
6404,4610,A1,M,29,Belagavi,Workplace Harassment,6404
6405,4611,A1,M,38,Shivamogga,Shell Company Cheating,6405
6406,4611,A2,M,37,Shivamogga,Forged Document Trail,6406
6407,4612,A1,M,51,Davanagere,Sudden Armed Assault,6407
6408,4612,A2,M,39,Davanagere,Confrontation over Dispute,6408
6409,4613,A1,M,19,Belagavi,Shop Lock-Break,6409
6410,4614,A1,M,22,Bengaluru Rural,Shop Lock-Break,6410
6411,4614,A2,M,35,Bengaluru Rural,Vehicle Theft (Parked),6411
6412,4615,A1,M,32,Davanagere,Organized Group Mobilization,6412
6413,4615,A2,F,42,Davanagere,Organized Group Mobilization,6413
6414,4616,A1,F,38,Bengaluru City,Sudden Armed Assault,6414
6415,4616,A2,M,42,Bengaluru City,Confrontation over Dispute,6415
6416,4617,A1,M,35,Bengaluru City,Weapon-Assisted Assault,6416
6417,4619,A1,M,23,Tumakuru,Shop Lock-Break,6417
6418,4620,A1,M,30,Haveri,Dowry-Related Coercion,6418
6419,4621,A1,M,33,Mangaluru (Dakshina Kannada),Home Cultivation/Storage,6419
6420,4622,A1,M,30,Bengaluru Rural,Vehicle Theft (Parked),6420
6421,4623,A1,M,21,Tumakuru,Snatching in Transit,6421
6422,4624,A1,M,20,Chamarajanagar,Sudden Armed Assault,6422
6423,4624,A2,F,20,Chamarajanagar,Group Attack (Prior Enmity),6423
6424,4625,A1,M,23,Ballari,Chit Fund Default,6424
6425,4626,A1,M,32,Bidar,Known-Person Domestic Abuse,6425
6426,4627,A1,M,42,Mysuru,Cross-Border Transit Route,6426
6427,4628,A1,F,26,Mangaluru (Dakshina Kannada),Snatching in Transit,6427
6428,4629,A1,M,24,Hassan,Dowry-Related Coercion,6428
6429,4631,A1,F,29,Bidar,Shell Company Cheating,6429
6430,4631,A2,M,21,Bidar,Chit Fund Default,6430
6431,4632,A1,F,27,Belagavi,Known-Person Domestic Abuse,6431
6432,4632,A2,M,34,Belagavi,Known-Person Domestic Abuse,6432
6433,4633,A1,M,25,Chamarajanagar,Stalking Prior to Offence,6433
6434,4634,A1,M,26,Kodagu,Cheque Bounce Fraud,6434
6435,4634,A2,M,24,Kodagu,Shell Company Cheating,6435
6436,4635,A1,F,31,Kalaburagi,Chit Fund Default,6436
6437,4636,A1,M,31,Bengaluru Rural,Stalking Prior to Offence,6437
6438,4636,A2,F,28,Bengaluru Rural,Dowry-Related Coercion,6438
6439,4636,A3,M,31,Bengaluru Rural,Workplace Harassment,6439
6440,4638,A1,F,39,Kodagu,Sudden Armed Assault,6440
6441,4639,A1,M,23,Bagalkot,Dowry-Related Coercion,6441
6442,4639,A2,M,20,Bagalkot,Workplace Harassment,6442
6443,4640,A1,M,18,Mysuru,Home Cultivation/Storage,6443
6444,4641,A1,M,31,Ballari,Dowry-Related Coercion,6444
6445,4641,A2,M,22,Ballari,Workplace Harassment,6445
6446,4642,A1,M,24,Mandya,Dowry-Related Coercion,6446
6447,4642,A2,M,32,Mandya,Dowry-Related Coercion,6447
6448,4642,A3,M,16,Mandya,Workplace Harassment,6448
6449,4643,A1,M,28,Chitradurga,Workplace Harassment,6449
6450,4644,A1,M,27,Mangaluru (Dakshina Kannada),SIM-Swap Fraud,6450
6451,4645,A1,M,33,Kodagu,Dowry-Related Coercion,6451
6452,4645,A2,M,26,Kodagu,Dowry-Related Coercion,6452
6453,4646,A1,M,37,Hubballi-Dharwad,Forged Document Trail,6453
6454,4647,A1,F,25,Haveri,Workplace Harassment,6454
6455,4647,A2,M,43,Haveri,Dowry-Related Coercion,6455
6456,4648,A1,F,41,Tumakuru,Break-in via Rear Entry,6456
6457,4649,A1,F,16,Mysuru,Shop Lock-Break,6457
6458,4650,A1,M,32,Bengaluru Rural,Organized Group Mobilization,6458
6459,4651,A1,M,40,Davanagere,Break-in via Rear Entry,6459
6460,4651,A2,M,24,Davanagere,Vehicle Theft (Parked),6460
6461,4652,A1,M,30,Bengaluru Rural,Known-Person Domestic Abuse,6461
6462,4653,A1,M,32,Uttara Kannada,Stalking Prior to Offence,6462
6463,4654,A1,M,39,Ballari,Dowry-Related Coercion,6463
6464,4654,A2,M,17,Ballari,Dowry-Related Coercion,6464
6465,4654,A3,M,19,Ballari,Stalking Prior to Offence,6465
6466,4657,A1,M,17,Chamarajanagar,Vehicle Theft (Parked),6466
6467,4657,A2,M,40,Chamarajanagar,Night-time House Break-in,6467
6468,4658,A1,M,16,Ramanagara,Weapon-Assisted Assault,6468
6469,4658,A2,M,23,Ramanagara,Group Attack (Prior Enmity),6469
6470,4659,A1,M,29,Chamarajanagar,Confrontation over Dispute,6470
6471,4660,A1,M,34,Tumakuru,Night-time House Break-in,6471
6472,4660,A2,M,20,Tumakuru,Night-time House Break-in,6472
6473,4662,A1,M,36,Bengaluru Rural,Shell Company Cheating,6473
6474,4663,A1,F,16,Belagavi,Stalking Prior to Offence,6474
6475,4663,A2,M,19,Belagavi,Stalking Prior to Offence,6475
6476,4664,A1,F,43,Chamarajanagar,Forged Document Trail,6476
6477,4665,A1,M,36,Bengaluru Rural,Workplace Harassment,6477
6478,4665,A2,M,45,Bengaluru Rural,Workplace Harassment,6478
6479,4665,A3,M,26,Bengaluru Rural,Stalking Prior to Offence,6479
6480,4666,A1,F,22,Bengaluru Rural,Shell Company Cheating,6480
6481,4667,A1,M,29,Belagavi,Weapon-Assisted Assault,6481
6482,4667,A2,M,29,Belagavi,Sudden Armed Assault,6482
6483,4669,A1,F,18,Belagavi,Dowry-Related Coercion,6483
6484,4670,A1,M,46,Gadag,Courier via Public Transport,6484
6485,4671,A1,M,41,Belagavi,Home Cultivation/Storage,6485
6486,4672,A1,M,52,Hassan,Workplace Harassment,6486
6487,4672,A2,M,16,Hassan,Known-Person Domestic Abuse,6487
6488,4672,A3,F,38,Hassan,Known-Person Domestic Abuse,6488
6489,4673,A1,M,41,Bidar,Home Cultivation/Storage,6489
6490,4674,A1,M,16,Kodagu,Shell Company Cheating,6490
6491,4675,A1,M,36,Mangaluru (Dakshina Kannada),Home Cultivation/Storage,6491
6492,4675,A2,M,16,Mangaluru (Dakshina Kannada),Cross-Border Transit Route,6492
6493,4676,A1,M,30,Tumakuru,Break-in via Rear Entry,6493
6494,4677,A1,F,42,Bidar,Chit Fund Default,6494
6495,4677,A2,M,24,Bidar,Cheque Bounce Fraud,6495
6496,4677,A3,M,23,Bidar,Forged Document Trail,6496
6497,4678,A1,M,19,Bengaluru City,Confrontation over Dispute,6497
6498,4678,A2,M,27,Bengaluru City,Sudden Armed Assault,6498
6499,4679,A1,M,35,Ballari,Sudden Armed Assault,6499
6500,4681,A1,M,24,Bengaluru City,Sudden Armed Assault,6500
6501,4681,A2,M,16,Bengaluru City,Weapon-Assisted Assault,6501
6502,4682,A1,M,32,Bengaluru Rural,Group Attack (Prior Enmity),6502
6503,4683,A1,M,24,Chitradurga,Workplace Harassment,6503
6504,4683,A2,M,16,Chitradurga,Stalking Prior to Offence,6504
6505,4683,A3,M,42,Chitradurga,Workplace Harassment,6505
6506,4684,A1,M,33,Bengaluru City,Weapon-Assisted Assault,6506
6507,4685,A1,M,38,Hassan,Confrontation over Dispute,6507
6508,4686,A1,F,42,Hassan,Weapon-Assisted Assault,6508
6509,4686,A2,F,24,Hassan,Group Attack (Prior Enmity),6509
6510,4687,A1,M,30,Bengaluru Rural,Organized Group Mobilization,6510
6511,4687,A2,M,22,Bengaluru Rural,Organized Group Mobilization,6511
6512,4687,A3,M,50,Bengaluru Rural,Organized Group Mobilization,6512
6513,4688,A1,M,32,Kalaburagi,Known-Person Domestic Abuse,6513
6514,4688,A2,M,26,Kalaburagi,Known-Person Domestic Abuse,6514
6515,4688,A3,M,26,Kalaburagi,Known-Person Domestic Abuse,6515
6516,4691,A1,M,36,Mandya,Forged Document Trail,6516
6517,4692,A1,M,26,Davanagere,Group Attack (Prior Enmity),6517
6518,4693,A1,M,34,Chikkamagaluru,Fake Investment App,6518
6519,4693,A2,M,32,Chikkamagaluru,Phishing Link / OTP Fraud,6519
6520,4695,A1,M,37,Kalaburagi,Weapon-Assisted Assault,6520
6521,4696,A1,M,16,Davanagere,Social Media Impersonation,6521
6522,4697,A1,M,29,Gadag,Shell Company Cheating,6522
6523,4697,A2,M,22,Gadag,Chit Fund Default,6523
6524,4698,A1,M,24,Koppal,Social Media Impersonation,6524
6525,4698,A2,M,29,Koppal,Phishing Link / OTP Fraud,6525
6526,4699,A1,M,37,Mangaluru (Dakshina Kannada),Group Attack (Prior Enmity),6526
6527,4699,A2,M,16,Mangaluru (Dakshina Kannada),Group Attack (Prior Enmity),6527
6528,4700,A1,M,16,Udupi,Stalking Prior to Offence,6528
6529,4700,A2,F,24,Udupi,Workplace Harassment,6529
6530,4701,A1,F,18,Yadgir,Cheque Bounce Fraud,6530
6531,4702,A1,M,45,Tumakuru,Shop Lock-Break,6531
6532,4703,A1,M,27,Bidar,Night-time House Break-in,6532
6533,4704,A1,M,28,Bengaluru Rural,Organized Group Mobilization,6533
6534,4705,A1,M,17,Chikkamagaluru,Chit Fund Default,6534
6535,4705,A2,M,31,Chikkamagaluru,Forged Document Trail,6535
6536,4705,A3,M,38,Chikkamagaluru,Cheque Bounce Fraud,6536
6537,4706,A1,F,26,Kolar,Sudden Armed Assault,6537
6538,4706,A2,M,17,Kolar,Weapon-Assisted Assault,6538
6539,4706,A3,M,30,Kolar,Group Attack (Prior Enmity),6539
6540,4707,A1,F,27,Bengaluru Rural,Break-in via Rear Entry,6540
6541,4708,A1,F,27,Davanagere,Group Attack (Prior Enmity),6541
6542,4708,A2,M,25,Davanagere,Confrontation over Dispute,6542
6543,4709,A1,M,29,Bengaluru Rural,Shop Lock-Break,6543
6544,4710,A1,M,36,Bengaluru Rural,Break-in via Rear Entry,6544
6545,4710,A2,M,21,Bengaluru Rural,Break-in via Rear Entry,6545
6546,4711,A1,M,27,Belagavi,Shop Lock-Break,6546
6547,4712,A1,M,29,Kolar,Night-time House Break-in,6547
6548,4713,A1,F,16,Mysuru,Vehicle Theft (Parked),6548
6549,4713,A2,M,57,Mysuru,Break-in via Rear Entry,6549
6550,4714,A1,M,43,Davanagere,Dowry-Related Coercion,6550
6551,4714,A2,M,28,Davanagere,Dowry-Related Coercion,6551
6552,4715,A1,M,23,Vijayapura,Vehicle Theft (Parked),6552
6553,4716,A1,M,34,Kodagu,Shop Lock-Break,6553
6554,4716,A2,M,24,Kodagu,Night-time House Break-in,6554
6555,4717,A1,M,35,Mysuru,Dowry-Related Coercion,6555
6556,4718,A1,M,21,Hassan,Confrontation over Dispute,6556
6557,4719,A1,M,39,Kodagu,Organized Group Mobilization,6557
6558,4720,A1,M,26,Bengaluru Rural,Confrontation over Dispute,6558
6559,4721,A1,F,21,Mangaluru (Dakshina Kannada),Stalking Prior to Offence,6559
6560,4721,A2,M,31,Mangaluru (Dakshina Kannada),Workplace Harassment,6560
6561,4721,A3,M,30,Mangaluru (Dakshina Kannada),Dowry-Related Coercion,6561
6562,4723,A1,M,25,Tumakuru,Snatching in Transit,6562
6563,4724,A1,M,16,Bengaluru City,Workplace Harassment,6563
6564,4725,A1,M,45,Bidar,Sudden Armed Assault,6564
6565,4727,A1,M,23,Chikkamagaluru,SIM-Swap Fraud,6565
6566,4728,A1,M,30,Udupi,Dowry-Related Coercion,6566
6567,4728,A2,M,35,Udupi,Known-Person Domestic Abuse,6567
6568,4729,A1,M,26,Kodagu,SIM-Swap Fraud,6568
6569,4730,A1,M,22,Uttara Kannada,Night-time House Break-in,6569
6570,4730,A2,M,34,Uttara Kannada,Vehicle Theft (Parked),6570
6571,4731,A1,M,35,Davanagere,Vehicle Theft (Parked),6571
6572,4732,A1,M,17,Kalaburagi,Workplace Harassment,6572
6573,4733,A1,M,36,Kalaburagi,Group Attack (Prior Enmity),6573
6574,4734,A1,M,19,Mandya,Weapon-Assisted Assault,6574
6575,4735,A1,M,41,Belagavi,Known-Person Domestic Abuse,6575
6576,4735,A2,M,22,Belagavi,Stalking Prior to Offence,6576
6577,4735,A3,M,16,Belagavi,Known-Person Domestic Abuse,6577
6578,4736,A1,M,24,Udupi,Confrontation over Dispute,6578
6579,4736,A2,F,37,Udupi,Sudden Armed Assault,6579
6580,4737,A1,M,38,Chamarajanagar,Phishing Link / OTP Fraud,6580
6581,4738,A1,F,25,Mangaluru (Dakshina Kannada),Weapon-Assisted Assault,6581
6582,4739,A1,M,16,Ballari,Break-in via Rear Entry,6582
6583,4739,A2,M,16,Ballari,Break-in via Rear Entry,6583
6584,4740,A1,M,32,Bagalkot,Shop Lock-Break,6584
6585,4740,A2,M,37,Bagalkot,Snatching in Transit,6585
6586,4740,A3,M,31,Bagalkot,Night-time House Break-in,6586
6587,4741,A1,M,28,Mysuru,Known-Person Domestic Abuse,6587
6588,4742,A1,F,30,Hassan,Workplace Harassment,6588
6589,4742,A2,M,21,Hassan,Workplace Harassment,6589
6590,4743,A1,M,39,Ramanagara,Shell Company Cheating,6590
6591,4744,A1,M,36,Hubballi-Dharwad,Social-Media Incited Assembly,6591
6592,4744,A2,M,23,Hubballi-Dharwad,Social-Media Incited Assembly,6592
6593,4745,A1,M,24,Belagavi,Known-Person Domestic Abuse,6593
6594,4746,A1,F,43,Mangaluru (Dakshina Kannada),Weapon-Assisted Assault,6594
6595,4746,A2,M,20,Mangaluru (Dakshina Kannada),Confrontation over Dispute,6595
6596,4747,A1,M,23,Belagavi,Dowry-Related Coercion,6596
6597,4748,A1,M,35,Tumakuru,Dowry-Related Coercion,6597
6598,4749,A1,M,43,Shivamogga,Fake Investment App,6598
6599,4749,A2,M,37,Shivamogga,Fake Investment App,6599
6600,4749,A3,M,22,Shivamogga,SIM-Swap Fraud,6600
6601,4750,A1,M,16,Yadgir,Break-in via Rear Entry,6601
6602,4751,A1,M,42,Tumakuru,Known-Person Domestic Abuse,6602
6603,4753,A1,M,43,Ramanagara,Vehicle Theft (Parked),6603
6604,4754,A1,M,21,Kolar,Night-time House Break-in,6604
6605,4755,A1,M,35,Mysuru,Snatching in Transit,6605
6606,4756,A1,F,31,Chamarajanagar,Organized Group Mobilization,6606
6607,4756,A2,F,31,Chamarajanagar,Social-Media Incited Assembly,6607
6608,4757,A1,M,33,Koppal,Chit Fund Default,6608
6609,4759,A1,M,27,Haveri,Dowry-Related Coercion,6609
6610,4760,A1,M,27,Mangaluru (Dakshina Kannada),Stalking Prior to Offence,6610
6611,4761,A1,M,18,Bengaluru City,Known-Person Domestic Abuse,6611
6612,4762,A1,M,30,Tumakuru,Vehicle Theft (Parked),6612
6613,4763,A1,M,42,Belagavi,Forged Document Trail,6613
6614,4763,A2,M,16,Belagavi,Cheque Bounce Fraud,6614
6615,4764,A1,M,29,Mandya,Group Attack (Prior Enmity),6615
6616,4765,A1,F,46,Bengaluru Rural,Night-time House Break-in,6616
6617,4766,A1,M,43,Ballari,Known-Person Domestic Abuse,6617
6618,4769,A1,F,16,Mangaluru (Dakshina Kannada),Cross-Border Transit Route,6618
6619,4769,A2,M,28,Mangaluru (Dakshina Kannada),Home Cultivation/Storage,6619
6620,4769,A3,M,16,Mangaluru (Dakshina Kannada),Cross-Border Transit Route,6620
6621,4770,A1,F,34,Bengaluru Rural,Dowry-Related Coercion,6621
6622,4770,A2,M,19,Bengaluru Rural,Known-Person Domestic Abuse,6622
6623,4771,A1,F,32,Mangaluru (Dakshina Kannada),Night-time House Break-in,6623
6624,4771,A2,M,45,Mangaluru (Dakshina Kannada),Snatching in Transit,6624
6625,4771,A3,M,22,Mangaluru (Dakshina Kannada),Break-in via Rear Entry,6625
6626,4772,A1,M,27,Ballari,Stalking Prior to Offence,6626
6627,4773,A1,M,24,Bengaluru City,Dowry-Related Coercion,6627
6628,4773,A2,M,25,Bengaluru City,Stalking Prior to Offence,6628
6629,4774,A1,M,31,Yadgir,Night-time House Break-in,6629
6630,4775,A1,M,27,Chamarajanagar,Night-time House Break-in,6630
6631,4775,A2,M,33,Chamarajanagar,Break-in via Rear Entry,6631
6632,4775,A3,M,30,Chamarajanagar,Snatching in Transit,6632
6633,4776,A1,F,37,Gadag,Sudden Armed Assault,6633
6634,4777,A1,F,40,Kodagu,Stalking Prior to Offence,6634
6635,4777,A2,M,39,Kodagu,Workplace Harassment,6635
6636,4778,A1,F,19,Davanagere,Stalking Prior to Offence,6636
6637,4780,A1,M,46,Udupi,Vehicle Theft (Parked),6637
6638,4781,A1,M,35,Ramanagara,Weapon-Assisted Assault,6638
6639,4782,A1,M,45,Kalaburagi,Stalking Prior to Offence,6639
6640,4783,A1,M,44,Chikkaballapur,Vehicle Theft (Parked),6640
6641,4783,A2,M,29,Chikkaballapur,Break-in via Rear Entry,6641
6642,4784,A1,M,29,Chamarajanagar,Home Cultivation/Storage,6642
6643,4784,A2,M,26,Chamarajanagar,Home Cultivation/Storage,6643
6644,4784,A3,M,25,Chamarajanagar,Courier via Public Transport,6644
6645,4785,A1,M,29,Tumakuru,Shell Company Cheating,6645
6646,4786,A1,M,23,Tumakuru,Dowry-Related Coercion,6646
6647,4786,A2,M,30,Tumakuru,Known-Person Domestic Abuse,6647
6648,4787,A1,M,16,Chikkaballapur,Courier via Public Transport,6648
6649,4788,A1,M,21,Chamarajanagar,Stalking Prior to Offence,6649
6650,4788,A2,M,16,Chamarajanagar,Stalking Prior to Offence,6650
6651,4788,A3,F,29,Chamarajanagar,Stalking Prior to Offence,6651
6652,4789,A1,M,27,Mysuru,Cheque Bounce Fraud,6652
6653,4789,A2,F,37,Mysuru,Forged Document Trail,6653
6654,4790,A1,M,48,Bengaluru City,Dowry-Related Coercion,6654
6655,4790,A2,M,32,Bengaluru City,Known-Person Domestic Abuse,6655
6656,4790,A3,M,18,Bengaluru City,Workplace Harassment,6656
6657,4791,A1,M,24,Bidar,Break-in via Rear Entry,6657
6658,4791,A2,F,26,Bidar,Night-time House Break-in,6658
6659,4792,A1,M,26,Belagavi,Break-in via Rear Entry,6659
6660,4793,A1,M,32,Belagavi,Stalking Prior to Offence,6660
6661,4794,A1,M,16,Chikkamagaluru,Confrontation over Dispute,6661
6662,4794,A2,F,46,Chikkamagaluru,Weapon-Assisted Assault,6662
6663,4795,A1,M,31,Yadgir,Night-time House Break-in,6663
6664,4795,A2,M,17,Yadgir,Snatching in Transit,6664
6665,4797,A1,M,36,Yadgir,Home Cultivation/Storage,6665
6666,4798,A1,M,50,Belagavi,Snatching in Transit,6666
6667,4799,A1,F,23,Bengaluru City,Snatching in Transit,6667
6668,4802,A1,F,27,Belagavi,Organized Group Mobilization,6668
6669,4803,A1,M,38,Chamarajanagar,Social-Media Incited Assembly,6669
6670,4804,A1,M,27,Mysuru,Chit Fund Default,6670
6671,4805,A1,M,29,Kolar,Shell Company Cheating,6671
6672,4806,A1,M,30,Raichur,Organized Group Mobilization,6672
6673,4807,A1,M,21,Bengaluru Rural,Break-in via Rear Entry,6673
6674,4808,A1,M,34,Bengaluru Rural,Vehicle Theft (Parked),6674
6675,4808,A2,M,19,Bengaluru Rural,Break-in via Rear Entry,6675
6676,4809,A1,M,31,Bidar,Confrontation over Dispute,6676
6677,4809,A2,M,29,Bidar,Weapon-Assisted Assault,6677
6678,4810,A1,M,49,Vijayapura,Known-Person Domestic Abuse,6678
6679,4810,A2,M,23,Vijayapura,Known-Person Domestic Abuse,6679
6680,4811,A1,M,22,Chamarajanagar,Known-Person Domestic Abuse,6680
6681,4812,A1,M,48,Mysuru,Snatching in Transit,6681
6682,4813,A1,M,19,Kalaburagi,Sudden Armed Assault,6682
6683,4813,A2,M,26,Kalaburagi,Weapon-Assisted Assault,6683
6684,4814,A1,M,29,Bengaluru City,Group Attack (Prior Enmity),6684
6685,4815,A1,M,28,Bengaluru Rural,Phishing Link / OTP Fraud,6685
6686,4816,A1,M,32,Kodagu,Vehicle Theft (Parked),6686
6687,4817,A1,M,25,Bengaluru City,Stalking Prior to Offence,6687
6688,4818,A1,M,35,Kodagu,Sudden Armed Assault,6688
6689,4819,A1,M,31,Kolar,Chit Fund Default,6689
6690,4819,A2,M,27,Kolar,Shell Company Cheating,6690
6691,4820,A1,F,32,Kodagu,Dowry-Related Coercion,6691
6692,4821,A1,M,31,Udupi,Social-Media Incited Assembly,6692
6693,4823,A1,M,32,Davanagere,Break-in via Rear Entry,6693
6694,4824,A1,M,28,Udupi,Shop Lock-Break,6694
6695,4825,A1,M,27,Belagavi,Dowry-Related Coercion,6695
6696,4826,A1,M,27,Mangaluru (Dakshina Kannada),Social Media Impersonation,6696
6697,4827,A1,M,36,Belagavi,Forged Document Trail,6697
6698,4828,A1,M,22,Koppal,Social-Media Incited Assembly,6698
6699,4828,A2,M,24,Koppal,Social-Media Incited Assembly,6699
6700,4829,A1,M,42,Udupi,Fake Investment App,6700
6701,4829,A2,M,29,Udupi,Social Media Impersonation,6701
6702,4830,A1,M,19,Kalaburagi,Snatching in Transit,6702
6703,4831,A1,M,27,Yadgir,Workplace Harassment,6703
6704,4831,A2,M,37,Yadgir,Known-Person Domestic Abuse,6704
6705,4831,A3,M,43,Yadgir,Dowry-Related Coercion,6705
6706,4832,A1,M,43,Tumakuru,Weapon-Assisted Assault,6706
6707,4833,A1,F,18,Belagavi,Sudden Armed Assault,6707
6708,4833,A2,F,20,Belagavi,Sudden Armed Assault,6708
6709,4833,A3,M,28,Belagavi,Sudden Armed Assault,6709
6710,4834,A1,M,36,Bengaluru Rural,Weapon-Assisted Assault,6710
6711,4834,A2,M,39,Bengaluru Rural,Group Attack (Prior Enmity),6711
6712,4835,A1,M,34,Hassan,Fake Investment App,6712
6713,4836,A1,M,40,Bengaluru Rural,Shop Lock-Break,6713
6714,4836,A2,M,26,Bengaluru Rural,Shop Lock-Break,6714
6715,4837,A1,M,16,Mysuru,Confrontation over Dispute,6715
6716,4837,A2,M,27,Mysuru,Group Attack (Prior Enmity),6716
6717,4838,A1,M,35,Mangaluru (Dakshina Kannada),Known-Person Domestic Abuse,6717
6718,4839,A1,M,21,Yadgir,Courier via Public Transport,6718
6719,4839,A2,M,16,Yadgir,Home Cultivation/Storage,6719
6720,4840,A1,M,32,Kodagu,Dowry-Related Coercion,6720
6721,4841,A1,F,32,Mangaluru (Dakshina Kannada),Snatching in Transit,6721
6722,4842,A1,M,28,Mangaluru (Dakshina Kannada),Workplace Harassment,6722
6723,4842,A2,M,29,Mangaluru (Dakshina Kannada),Stalking Prior to Offence,6723
6724,4842,A3,M,28,Mangaluru (Dakshina Kannada),Workplace Harassment,6724
6725,4843,A1,M,19,Raichur,Organized Group Mobilization,6725
6726,4843,A2,M,42,Raichur,Social-Media Incited Assembly,6726
6727,4844,A1,F,29,Kolar,Known-Person Domestic Abuse,6727
6728,4844,A2,M,24,Kolar,Dowry-Related Coercion,6728
6729,4845,A1,M,40,Tumakuru,Break-in via Rear Entry,6729
6730,4846,A1,M,16,Davanagere,Sudden Armed Assault,6730
6731,4846,A2,F,30,Davanagere,Sudden Armed Assault,6731
6732,4847,A1,M,47,Tumakuru,Group Attack (Prior Enmity),6732
6733,4848,A1,M,16,Udupi,Sudden Armed Assault,6733
6734,4849,A1,F,22,Mangaluru (Dakshina Kannada),Dowry-Related Coercion,6734
6735,4849,A2,M,37,Mangaluru (Dakshina Kannada),Dowry-Related Coercion,6735
6736,4850,A1,M,36,Hassan,Night-time House Break-in,6736
6737,4851,A1,M,23,Hubballi-Dharwad,Cheque Bounce Fraud,6737
6738,4852,A1,M,37,Chamarajanagar,Stalking Prior to Offence,6738
6739,4852,A2,M,26,Chamarajanagar,Workplace Harassment,6739
6740,4853,A1,M,22,Vijayapura,Weapon-Assisted Assault,6740
6741,4854,A1,M,41,Bengaluru City,Dowry-Related Coercion,6741
6742,4855,A1,M,22,Udupi,Night-time House Break-in,6742
6743,4856,A1,M,33,Mandya,Shop Lock-Break,6743
6744,4857,A1,F,23,Mysuru,Group Attack (Prior Enmity),6744
6745,4858,A1,M,44,Belagavi,Shop Lock-Break,6745
6746,4858,A2,M,29,Belagavi,Night-time House Break-in,6746
6747,4859,A1,M,37,Mysuru,Break-in via Rear Entry,6747
6748,4859,A2,M,34,Mysuru,Break-in via Rear Entry,6748
6749,4859,A3,M,36,Mysuru,Break-in via Rear Entry,6749
6750,4860,A1,M,29,Kalaburagi,Shell Company Cheating,6750
6751,4860,A2,M,16,Kalaburagi,Shell Company Cheating,6751
6752,4861,A1,M,20,Chikkamagaluru,Shell Company Cheating,6752
6753,4861,A2,M,29,Chikkamagaluru,Forged Document Trail,6753
6754,4862,A1,M,29,Belagavi,Snatching in Transit,6754
6755,4863,A1,M,31,Belagavi,Cross-Border Transit Route,6755
6756,4863,A2,M,18,Belagavi,Home Cultivation/Storage,6756
6757,4864,A1,M,31,Koppal,Dowry-Related Coercion,6757
6758,4865,A1,M,25,Kodagu,Stalking Prior to Offence,6758
6759,4866,A1,M,16,Mysuru,Cross-Border Transit Route,6759
6760,4868,A1,M,40,Bengaluru City,Social Media Impersonation,6760
6761,4869,A1,F,23,Davanagere,Known-Person Domestic Abuse,6761
6762,4869,A2,M,26,Davanagere,Workplace Harassment,6762
6763,4870,A1,M,16,Bengaluru Rural,Workplace Harassment,6763
6764,4871,A1,M,46,Haveri,Sudden Armed Assault,6764
6765,4872,A1,F,39,Mysuru,Known-Person Domestic Abuse,6765
6766,4873,A1,F,31,Kodagu,Break-in via Rear Entry,6766
6767,4873,A2,M,33,Kodagu,Night-time House Break-in,6767
6768,4873,A3,M,43,Kodagu,Snatching in Transit,6768
6769,4876,A1,M,16,Vijayapura,Workplace Harassment,6769
6770,4877,A1,F,28,Bengaluru Rural,Snatching in Transit,6770
6771,4877,A2,F,35,Bengaluru Rural,Vehicle Theft (Parked),6771
6772,4878,A1,M,23,Mangaluru (Dakshina Kannada),Known-Person Domestic Abuse,6772
6773,4879,A1,M,20,Udupi,Courier via Public Transport,6773
6774,4880,A1,M,19,Hubballi-Dharwad,Chit Fund Default,6774
6775,4881,A1,M,23,Bengaluru City,Courier via Public Transport,6775
6776,4882,A1,M,40,Bengaluru City,Known-Person Domestic Abuse,6776
6777,4882,A2,M,21,Bengaluru City,Workplace Harassment,6777
6778,4883,A1,F,20,Shivamogga,Snatching in Transit,6778
6779,4883,A2,M,17,Shivamogga,Shop Lock-Break,6779
6780,4883,A3,M,33,Shivamogga,Vehicle Theft (Parked),6780
6781,4884,A1,M,33,Hubballi-Dharwad,Stalking Prior to Offence,6781
6782,4884,A2,M,23,Hubballi-Dharwad,Workplace Harassment,6782
6783,4884,A3,M,29,Hubballi-Dharwad,Dowry-Related Coercion,6783
6784,4885,A1,F,16,Tumakuru,Known-Person Domestic Abuse,6784
6785,4886,A1,M,18,Ramanagara,Vehicle Theft (Parked),6785
6786,4887,A1,M,17,Belagavi,Fake Investment App,6786
6787,4888,A1,M,24,Bagalkot,Fake Investment App,6787
6788,4888,A2,M,32,Bagalkot,Fake Investment App,6788
6789,4889,A1,M,26,Davanagere,Snatching in Transit,6789
6790,4889,A2,M,16,Davanagere,Night-time House Break-in,6790
6791,4890,A1,M,33,Raichur,Weapon-Assisted Assault,6791
6792,4891,A1,M,16,Ballari,Workplace Harassment,6792
6793,4892,A1,M,24,Haveri,Known-Person Domestic Abuse,6793
6794,4893,A1,M,16,Chikkaballapur,Vehicle Theft (Parked),6794
6795,4894,A1,M,27,Tumakuru,Shop Lock-Break,6795
6796,4895,A1,M,24,Bengaluru Rural,Home Cultivation/Storage,6796
6797,4895,A2,M,16,Bengaluru Rural,Courier via Public Transport,6797
6798,4896,A1,M,29,Hubballi-Dharwad,Fake Investment App,6798
6799,4896,A2,F,34,Hubballi-Dharwad,Phishing Link / OTP Fraud,6799
6800,4897,A1,M,30,Mysuru,Courier via Public Transport,6800
6801,4897,A2,M,35,Mysuru,Cross-Border Transit Route,6801
6802,4898,A1,M,31,Chamarajanagar,Social-Media Incited Assembly,6802
6803,4900,A1,M,22,Bidar,Chit Fund Default,6803
6804,4901,A1,M,32,Mysuru,Shop Lock-Break,6804
6805,4901,A2,M,27,Mysuru,Shop Lock-Break,6805
6806,4902,A1,M,28,Yadgir,Workplace Harassment,6806
6807,4903,A1,M,22,Belagavi,Weapon-Assisted Assault,6807
6808,4903,A2,M,19,Belagavi,Weapon-Assisted Assault,6808
6809,4905,A1,F,25,Belagavi,Weapon-Assisted Assault,6809
6810,4905,A2,M,33,Belagavi,Confrontation over Dispute,6810
6811,4906,A1,M,19,Belagavi,Night-time House Break-in,6811
6812,4906,A2,M,39,Belagavi,Break-in via Rear Entry,6812
6813,4907,A1,M,40,Davanagere,Weapon-Assisted Assault,6813
6814,4908,A1,M,28,Hassan,Sudden Armed Assault,6814
6815,4908,A2,M,20,Hassan,Weapon-Assisted Assault,6815
6816,4909,A1,F,24,Belagavi,Group Attack (Prior Enmity),6816
6817,4910,A1,M,34,Bidar,Stalking Prior to Offence,6817
6818,4911,A1,F,16,Hassan,Group Attack (Prior Enmity),6818
6819,4912,A1,M,33,Yadgir,Social Media Impersonation,6819
6820,4912,A2,M,29,Yadgir,Phishing Link / OTP Fraud,6820
6821,4912,A3,M,16,Yadgir,Social Media Impersonation,6821
6822,4913,A1,M,33,Bengaluru Rural,SIM-Swap Fraud,6822
6823,4914,A1,M,16,Yadgir,Stalking Prior to Offence,6823
6824,4915,A1,M,23,Mysuru,Vehicle Theft (Parked),6824
6825,4916,A1,M,35,Kolar,Shop Lock-Break,6825
6826,4917,A1,M,28,Mysuru,Break-in via Rear Entry,6826
6827,4917,A2,M,42,Mysuru,Snatching in Transit,6827
6828,4918,A1,M,33,Bidar,Group Attack (Prior Enmity),6828
6829,4918,A2,M,32,Bidar,Weapon-Assisted Assault,6829
6830,4919,A1,M,43,Bengaluru City,Break-in via Rear Entry,6830
6831,4922,A1,M,50,Bagalkot,Sudden Armed Assault,6831
6832,4923,A1,M,22,Davanagere,Night-time House Break-in,6832
6833,4923,A2,M,27,Davanagere,Snatching in Transit,6833
6834,4923,A3,M,26,Davanagere,Vehicle Theft (Parked),6834
6835,4924,A1,M,28,Koppal,Weapon-Assisted Assault,6835
6836,4924,A2,M,23,Koppal,Sudden Armed Assault,6836
6837,4925,A1,M,22,Belagavi,Home Cultivation/Storage,6837
6838,4925,A2,M,28,Belagavi,Home Cultivation/Storage,6838
6839,4926,A1,M,34,Bengaluru Rural,Courier via Public Transport,6839
6840,4928,A1,M,23,Belagavi,Break-in via Rear Entry,6840
6841,4928,A2,F,16,Belagavi,Night-time House Break-in,6841
6842,4928,A3,M,21,Belagavi,Break-in via Rear Entry,6842
6843,4929,A1,M,33,Ramanagara,Weapon-Assisted Assault,6843
6844,4929,A2,M,24,Ramanagara,Sudden Armed Assault,6844
6845,4930,A1,M,26,Tumakuru,Stalking Prior to Offence,6845
6846,4931,A1,F,31,Tumakuru,Courier via Public Transport,6846
6847,4932,A1,M,41,Ramanagara,Known-Person Domestic Abuse,6847
6848,4933,A1,F,28,Davanagere,Workplace Harassment,6848
6849,4934,A1,F,26,Ballari,Stalking Prior to Offence,6849
6850,4936,A1,M,30,Mangaluru (Dakshina Kannada),Break-in via Rear Entry,6850
6851,4936,A2,M,24,Mangaluru (Dakshina Kannada),Vehicle Theft (Parked),6851
6852,4937,A1,M,16,Haveri,Night-time House Break-in,6852
6853,4939,A1,M,16,Mysuru,Dowry-Related Coercion,6853
6854,4940,A1,F,30,Kalaburagi,Dowry-Related Coercion,6854
6855,4941,A1,M,18,Belagavi,Shop Lock-Break,6855
6856,4941,A2,M,36,Belagavi,Night-time House Break-in,6856
6857,4941,A3,M,21,Belagavi,Break-in via Rear Entry,6857
6858,4943,A1,M,39,Vijayapura,Sudden Armed Assault,6858
6859,4943,A2,M,25,Vijayapura,Sudden Armed Assault,6859
6860,4944,A1,M,24,Bengaluru Rural,Night-time House Break-in,6860
6861,4944,A2,M,35,Bengaluru Rural,Shop Lock-Break,6861
6862,4945,A1,F,43,Bengaluru City,Night-time House Break-in,6862
6863,4946,A1,M,33,Mangaluru (Dakshina Kannada),Workplace Harassment,6863
6864,4946,A2,M,29,Mangaluru (Dakshina Kannada),Dowry-Related Coercion,6864
6865,4946,A3,M,28,Mangaluru (Dakshina Kannada),Workplace Harassment,6865
6866,4947,A1,M,39,Belagavi,Known-Person Domestic Abuse,6866
6867,4948,A1,F,20,Bengaluru Rural,Stalking Prior to Offence,6867
6868,4949,A1,M,38,Mangaluru (Dakshina Kannada),Stalking Prior to Offence,6868
6869,4950,A1,M,23,Udupi,Stalking Prior to Offence,6869
6870,4951,A1,M,19,Shivamogga,Forged Document Trail,6870
6871,4951,A2,M,26,Shivamogga,Chit Fund Default,6871
6872,4951,A3,M,28,Shivamogga,Cheque Bounce Fraud,6872
6873,4952,A1,M,28,Hubballi-Dharwad,Break-in via Rear Entry,6873
6874,4952,A2,M,47,Hubballi-Dharwad,Break-in via Rear Entry,6874
6875,4953,A1,F,16,Chitradurga,Forged Document Trail,6875
6876,4954,A1,M,20,Bengaluru Rural,Group Attack (Prior Enmity),6876
6877,4955,A1,M,16,Tumakuru,Organized Group Mobilization,6877
6878,4955,A2,M,29,Tumakuru,Organized Group Mobilization,6878
6879,4956,A1,M,19,Vijayapura,Dowry-Related Coercion,6879
6880,4957,A1,M,19,Tumakuru,Shell Company Cheating,6880
6881,4958,A1,M,24,Chamarajanagar,Confrontation over Dispute,6881
6882,4958,A2,M,33,Chamarajanagar,Group Attack (Prior Enmity),6882
6883,4959,A1,M,24,Bengaluru Rural,Shell Company Cheating,6883
6884,4960,A1,M,26,Chamarajanagar,Confrontation over Dispute,6884
6885,4961,A1,M,37,Chamarajanagar,Forged Document Trail,6885
6886,4963,A1,M,25,Bengaluru Rural,Phishing Link / OTP Fraud,6886
6887,4964,A1,M,31,Kodagu,Stalking Prior to Offence,6887
6888,4965,A1,M,36,Tumakuru,Fake Investment App,6888
6889,4966,A1,M,26,Hassan,Snatching in Transit,6889
6890,4967,A1,M,38,Koppal,Courier via Public Transport,6890
6891,4968,A1,M,21,Mangaluru (Dakshina Kannada),Confrontation over Dispute,6891
6892,4969,A1,M,41,Belagavi,Home Cultivation/Storage,6892
6893,4969,A2,M,22,Belagavi,Cross-Border Transit Route,6893
6894,4970,A1,M,26,Chikkamagaluru,Weapon-Assisted Assault,6894
6895,4971,A1,M,22,Haveri,Vehicle Theft (Parked),6895
6896,4972,A1,M,26,Kodagu,Break-in via Rear Entry,6896
6897,4973,A1,M,25,Mangaluru (Dakshina Kannada),Forged Document Trail,6897
6898,4974,A1,M,16,Mysuru,Snatching in Transit,6898
6899,4974,A2,M,27,Mysuru,Vehicle Theft (Parked),6899
6900,4975,A1,M,27,Haveri,Cheque Bounce Fraud,6900
6901,4975,A2,F,16,Haveri,Chit Fund Default,6901
6902,4976,A1,M,28,Mysuru,Sudden Armed Assault,6902
6903,4977,A1,M,39,Tumakuru,Stalking Prior to Offence,6903
6904,4977,A2,M,32,Tumakuru,Known-Person Domestic Abuse,6904
6905,4978,A1,M,43,Mangaluru (Dakshina Kannada),Group Attack (Prior Enmity),6905
6906,4978,A2,M,29,Mangaluru (Dakshina Kannada),Sudden Armed Assault,6906
6907,4979,A1,M,25,Belagavi,Known-Person Domestic Abuse,6907
6908,4979,A2,M,23,Belagavi,Known-Person Domestic Abuse,6908
6909,4980,A1,F,48,Raichur,Fake Investment App,6909
6910,4981,A1,M,28,Belagavi,Snatching in Transit,6910
6911,4981,A2,M,16,Belagavi,Shop Lock-Break,6911
6912,4982,A1,M,16,Kodagu,Dowry-Related Coercion,6912
6913,4983,A1,F,34,Belagavi,Sudden Armed Assault,6913
6914,4984,A1,M,29,Ballari,Sudden Armed Assault,6914
6915,4985,A1,M,30,Mysuru,Vehicle Theft (Parked),6915
6916,4985,A2,M,37,Mysuru,Break-in via Rear Entry,6916
6917,4986,A1,F,23,Hassan,Stalking Prior to Offence,6917
6918,4986,A2,M,19,Hassan,Workplace Harassment,6918
6919,4988,A1,M,34,Raichur,Chit Fund Default,6919
6920,4989,A1,M,22,Davanagere,Confrontation over Dispute,6920
6921,4990,A1,M,16,Kolar,Snatching in Transit,6921
6922,4991,A1,M,29,Bengaluru Rural,Vehicle Theft (Parked),6922
6923,4991,A2,M,29,Bengaluru Rural,Snatching in Transit,6923
6924,4993,A1,M,30,Belagavi,Cheque Bounce Fraud,6924
6925,4994,A1,M,35,Belagavi,Confrontation over Dispute,6925
6926,4995,A1,M,33,Belagavi,Workplace Harassment,6926
6927,4996,A1,M,22,Tumakuru,Known-Person Domestic Abuse,6927
6928,4997,A1,M,24,Bengaluru Rural,Shell Company Cheating,6928
6929,4998,A1,M,21,Bengaluru Rural,Cross-Border Transit Route,6929
6930,4999,A1,M,21,Davanagere,Phishing Link / OTP Fraud,6930
6931,5000,A1,M,28,Bengaluru Rural,Cheque Bounce Fraud,6931
6932,5001,A1,M,33,Raichur,Chit Fund Default,6932
6933,5002,A1,M,31,Kodagu,Break-in via Rear Entry,6933
6934,5002,A2,M,34,Kodagu,Snatching in Transit,6934
6935,5002,A3,M,33,Kodagu,Shop Lock-Break,6935
6936,5003,A1,M,37,Shivamogga,Group Attack (Prior Enmity),6936
6937,5003,A2,M,37,Shivamogga,Group Attack (Prior Enmity),6937
6938,5004,A1,F,20,Ballari,Courier via Public Transport,6938
6939,5005,A1,F,17,Davanagere,Forged Document Trail,6939
6940,5005,A2,M,16,Davanagere,Cheque Bounce Fraud,6940
6941,5005,A3,M,35,Davanagere,Chit Fund Default,6941
6942,5006,A1,M,19,Raichur,Vehicle Theft (Parked),6942
6943,5006,A2,M,28,Raichur,Shop Lock-Break,6943
6944,5007,A1,M,23,Belagavi,Cheque Bounce Fraud,6944
6945,5007,A2,M,30,Belagavi,Shell Company Cheating,6945
6946,5008,A1,M,21,Bengaluru Rural,Sudden Armed Assault,6946
6947,5009,A1,M,19,Belagavi,Shop Lock-Break,6947
6948,5010,A1,F,49,Kodagu,Weapon-Assisted Assault,6948
6949,5011,A1,M,20,Belagavi,Social Media Impersonation,6949
6950,5012,A1,M,17,Raichur,Snatching in Transit,6950
6951,5012,A2,M,31,Raichur,Break-in via Rear Entry,6951
6952,5013,A1,M,35,Kalaburagi,Night-time House Break-in,6952
6953,5013,A2,F,24,Kalaburagi,Night-time House Break-in,6953
6954,5013,A3,M,24,Kalaburagi,Night-time House Break-in,6954
6955,5014,A1,M,29,Mysuru,Phishing Link / OTP Fraud,6955
6956,5015,A1,M,31,Belagavi,Sudden Armed Assault,6956
6957,5015,A2,M,43,Belagavi,Confrontation over Dispute,6957
6958,5016,A1,M,33,Belagavi,Chit Fund Default,6958
6959,5016,A2,M,47,Belagavi,Shell Company Cheating,6959
6960,5017,A1,M,33,Belagavi,Phishing Link / OTP Fraud,6960
6961,5018,A1,M,22,Bengaluru City,Forged Document Trail,6961
6962,5019,A1,F,30,Hubballi-Dharwad,Confrontation over Dispute,6962
6963,5020,A1,F,21,Mangaluru (Dakshina Kannada),Dowry-Related Coercion,6963
6964,5020,A2,M,34,Mangaluru (Dakshina Kannada),Dowry-Related Coercion,6964
6965,5021,A1,M,39,Ballari,Snatching in Transit,6965
6966,5022,A1,M,32,Raichur,Group Attack (Prior Enmity),6966
6967,5023,A1,M,36,Mysuru,Sudden Armed Assault,6967
6968,5023,A2,M,40,Mysuru,Confrontation over Dispute,6968
6969,5023,A3,M,43,Mysuru,Sudden Armed Assault,6969
6970,5024,A1,M,16,Hubballi-Dharwad,Stalking Prior to Offence,6970
6971,5024,A2,M,30,Hubballi-Dharwad,Dowry-Related Coercion,6971
6972,5025,A1,M,31,Raichur,Stalking Prior to Offence,6972
6973,5026,A1,M,30,Bengaluru Rural,Sudden Armed Assault,6973
6974,5026,A2,M,22,Bengaluru Rural,Weapon-Assisted Assault,6974
6975,5027,A1,M,33,Haveri,Workplace Harassment,6975
6976,5028,A1,M,31,Bidar,Fake Investment App,6976
6977,5028,A2,M,51,Bidar,SIM-Swap Fraud,6977
6978,5028,A3,F,35,Bidar,Phishing Link / OTP Fraud,6978
6979,5029,A1,M,37,Chikkaballapur,Social Media Impersonation,6979
6980,5030,A1,M,29,Bagalkot,Stalking Prior to Offence,6980
6981,5030,A2,M,35,Bagalkot,Workplace Harassment,6981
6982,5031,A1,M,33,Belagavi,Snatching in Transit,6982
6983,5032,A1,M,53,Shivamogga,Weapon-Assisted Assault,6983
6984,5033,A1,M,25,Raichur,Workplace Harassment,6984
6985,5033,A2,M,30,Raichur,Stalking Prior to Offence,6985
6986,5033,A3,M,43,Raichur,Workplace Harassment,6986
6987,5034,A1,M,38,Mangaluru (Dakshina Kannada),Known-Person Domestic Abuse,6987
6988,5035,A1,M,32,Mysuru,Shell Company Cheating,6988
6989,5036,A1,M,33,Chikkaballapur,Snatching in Transit,6989
6990,5037,A1,M,16,Tumakuru,Break-in via Rear Entry,6990
6991,5037,A2,M,37,Tumakuru,Shop Lock-Break,6991
6992,5037,A3,M,23,Tumakuru,Night-time House Break-in,6992
6993,5038,A1,M,32,Belagavi,Confrontation over Dispute,6993
6994,5039,A1,M,45,Ballari,Weapon-Assisted Assault,6994
6995,5039,A2,M,20,Ballari,Confrontation over Dispute,6995
6996,5040,A1,M,16,Mangaluru (Dakshina Kannada),Shop Lock-Break,6996
6997,5042,A1,M,18,Belagavi,Sudden Armed Assault,6997
6998,5043,A1,M,28,Belagavi,Known-Person Domestic Abuse,6998
6999,5044,A1,F,43,Vijayapura,Known-Person Domestic Abuse,6999
7000,5044,A2,M,23,Vijayapura,Stalking Prior to Offence,7000
7001,5045,A1,M,30,Chamarajanagar,Confrontation over Dispute,7001
7002,5046,A1,M,33,Mysuru,Dowry-Related Coercion,7002
7003,5046,A2,M,26,Mysuru,Stalking Prior to Offence,7003
7004,5047,A1,M,23,Ballari,Dowry-Related Coercion,7004
7005,5048,A1,M,32,Shivamogga,Night-time House Break-in,7005
7006,5048,A2,M,16,Shivamogga,Vehicle Theft (Parked),7006
7007,5048,A3,M,28,Shivamogga,Vehicle Theft (Parked),7007
7008,5049,A1,M,40,Ballari,Confrontation over Dispute,7008
7009,5050,A1,M,20,Mysuru,Dowry-Related Coercion,7009
7010,5050,A2,M,29,Mysuru,Known-Person Domestic Abuse,7010
7011,5051,A1,M,26,Mysuru,Dowry-Related Coercion,7011
7012,5052,A1,M,29,Ramanagara,Stalking Prior to Offence,7012
7013,5052,A2,F,16,Ramanagara,Known-Person Domestic Abuse,7013
7014,5052,A3,M,19,Ramanagara,Workplace Harassment,7014
7015,5053,A1,M,24,Belagavi,Snatching in Transit,7015
7016,5054,A1,M,22,Hassan,Shell Company Cheating,7016
7017,5055,A1,M,34,Ballari,Organized Group Mobilization,7017
7018,5057,A1,M,17,Davanagere,Stalking Prior to Offence,7018
7019,5058,A1,M,40,Belagavi,Night-time House Break-in,7019
7020,5059,A1,M,26,Bengaluru City,Forged Document Trail,7020
7021,5060,A1,M,31,Mandya,Group Attack (Prior Enmity),7021
7022,5060,A2,F,32,Mandya,Group Attack (Prior Enmity),7022
7023,5061,A1,M,29,Chikkaballapur,Chit Fund Default,7023
7024,5061,A2,M,28,Chikkaballapur,Forged Document Trail,7024
7025,5062,A1,F,20,Bengaluru Rural,Dowry-Related Coercion,7025
7026,5062,A2,M,30,Bengaluru Rural,Known-Person Domestic Abuse,7026
7027,5063,A1,M,37,Tumakuru,Forged Document Trail,7027
7028,5064,A1,M,45,Bengaluru Rural,Workplace Harassment,7028
7029,5064,A2,M,26,Bengaluru Rural,Stalking Prior to Offence,7029
7030,5064,A3,M,23,Bengaluru Rural,Dowry-Related Coercion,7030
7031,5065,A1,M,25,Tumakuru,Sudden Armed Assault,7031
7032,5066,A1,M,32,Ballari,Confrontation over Dispute,7032
7033,5066,A2,M,25,Ballari,Group Attack (Prior Enmity),7033
7034,5067,A1,M,26,Raichur,Known-Person Domestic Abuse,7034
7035,5068,A1,M,42,Yadgir,SIM-Swap Fraud,7035
7036,5069,A1,M,24,Raichur,Workplace Harassment,7036
7037,5069,A2,M,27,Raichur,Workplace Harassment,7037
7038,5070,A1,M,20,Hassan,Dowry-Related Coercion,7038
7039,5070,A2,M,17,Hassan,Known-Person Domestic Abuse,7039
7040,5070,A3,M,26,Hassan,Dowry-Related Coercion,7040
7041,5071,A1,M,18,Hassan,Workplace Harassment,7041
7042,5072,A1,F,27,Mangaluru (Dakshina Kannada),Break-in via Rear Entry,7042
7043,5073,A1,M,23,Davanagere,Sudden Armed Assault,7043
7044,5074,A1,M,27,Bagalkot,Social Media Impersonation,7044
7045,5075,A1,M,27,Bengaluru Rural,Shell Company Cheating,7045
7046,5075,A2,M,65,Bengaluru Rural,Shell Company Cheating,7046
7047,5076,A1,M,32,Kalaburagi,Weapon-Assisted Assault,7047
7048,5077,A1,M,18,Chamarajanagar,Shell Company Cheating,7048
7049,5078,A1,M,24,Bengaluru Rural,Snatching in Transit,7049
7050,5078,A2,M,33,Bengaluru Rural,Vehicle Theft (Parked),7050
7051,5079,A1,F,24,Bengaluru Rural,SIM-Swap Fraud,7051
7052,5079,A2,M,42,Bengaluru Rural,Phishing Link / OTP Fraud,7052
7053,5080,A1,M,28,Belagavi,Stalking Prior to Offence,7053
7054,5081,A1,M,25,Bagalkot,Shop Lock-Break,7054
7055,5081,A2,M,26,Bagalkot,Vehicle Theft (Parked),7055
7056,5081,A3,M,26,Bagalkot,Break-in via Rear Entry,7056
7057,5082,A1,M,44,Hubballi-Dharwad,Confrontation over Dispute,7057
7058,5084,A1,F,41,Bengaluru City,Dowry-Related Coercion,7058
7059,5085,A1,M,17,Belagavi,Break-in via Rear Entry,7059
7060,5086,A1,M,24,Kolar,Group Attack (Prior Enmity),7060
7061,5087,A1,M,17,Kodagu,Dowry-Related Coercion,7061
7062,5088,A1,M,26,Davanagere,Dowry-Related Coercion,7062
7063,5088,A2,F,32,Davanagere,Stalking Prior to Offence,7063
7064,5089,A1,M,46,Raichur,Weapon-Assisted Assault,7064
7065,5089,A2,M,34,Raichur,Confrontation over Dispute,7065
7066,5090,A1,M,22,Kolar,Home Cultivation/Storage,7066
7067,5091,A1,F,20,Bengaluru Rural,Shell Company Cheating,7067
7068,5092,A1,M,22,Mysuru,Workplace Harassment,7068
7069,5093,A1,F,25,Bengaluru City,Social Media Impersonation,7069
7070,5093,A2,M,16,Bengaluru City,Phishing Link / OTP Fraud,7070
7071,5093,A3,M,39,Bengaluru City,Social Media Impersonation,7071
7072,5094,A1,F,32,Bengaluru Rural,Group Attack (Prior Enmity),7072
7073,5094,A2,M,33,Bengaluru Rural,Sudden Armed Assault,7073
7074,5095,A1,M,18,Tumakuru,Sudden Armed Assault,7074
7075,5096,A1,M,16,Belagavi,Break-in via Rear Entry,7075
7076,5097,A1,F,24,Tumakuru,Snatching in Transit,7076
7077,5098,A1,F,28,Gadag,Chit Fund Default,7077
7078,5098,A2,M,17,Gadag,Forged Document Trail,7078
7079,5099,A1,M,16,Chamarajanagar,Dowry-Related Coercion,7079
7080,5099,A2,M,26,Chamarajanagar,Dowry-Related Coercion,7080
7081,5099,A3,M,35,Chamarajanagar,Workplace Harassment,7081
7082,5100,A1,M,39,Raichur,Vehicle Theft (Parked),7082
7083,5101,A1,M,26,Ballari,Confrontation over Dispute,7083
7084,5102,A1,F,34,Ballari,Known-Person Domestic Abuse,7084
7085,5103,A1,M,46,Hassan,Sudden Armed Assault,7085
7086,5103,A2,M,45,Hassan,Sudden Armed Assault,7086
7087,5103,A3,F,36,Hassan,Group Attack (Prior Enmity),7087
7088,5104,A1,M,30,Kalaburagi,Fake Investment App,7088
7089,5105,A1,M,36,Bagalkot,Break-in via Rear Entry,7089
7090,5106,A1,M,33,Hassan,Shop Lock-Break,7090
7091,5107,A1,M,29,Bengaluru Rural,Night-time House Break-in,7091
7092,5108,A1,F,41,Hubballi-Dharwad,Snatching in Transit,7092
7093,5109,A1,M,16,Tumakuru,Dowry-Related Coercion,7093
7094,5110,A1,M,27,Mangaluru (Dakshina Kannada),Workplace Harassment,7094
7095,5111,A1,M,32,Mangaluru (Dakshina Kannada),Workplace Harassment,7095
7096,5112,A1,M,30,Udupi,Stalking Prior to Offence,7096
7097,5112,A2,M,20,Udupi,Workplace Harassment,7097
7098,5113,A1,M,34,Bengaluru Rural,Weapon-Assisted Assault,7098
7099,5114,A1,M,37,Chikkamagaluru,Confrontation over Dispute,7099
7100,5115,A1,M,27,Mysuru,Stalking Prior to Offence,7100
7101,5115,A2,F,35,Mysuru,Workplace Harassment,7101
7102,5115,A3,M,26,Mysuru,Stalking Prior to Offence,7102
7103,5116,A1,M,34,Chamarajanagar,Dowry-Related Coercion,7103
7104,5117,A1,M,18,Hassan,Sudden Armed Assault,7104
7105,5118,A1,M,34,Chamarajanagar,Fake Investment App,7105
7106,5120,A1,F,39,Ramanagara,Fake Investment App,7106
7107,5120,A2,M,50,Ramanagara,SIM-Swap Fraud,7107
7108,5121,A1,F,45,Koppal,Weapon-Assisted Assault,7108
7109,5122,A1,M,29,Belagavi,Confrontation over Dispute,7109
7110,5123,A1,M,16,Udupi,Sudden Armed Assault,7110
7111,5125,A1,M,32,Chitradurga,Known-Person Domestic Abuse,7111
7112,5125,A2,M,37,Chitradurga,Known-Person Domestic Abuse,7112
7113,5125,A3,F,16,Chitradurga,Workplace Harassment,7113
7114,5126,A1,M,18,Mangaluru (Dakshina Kannada),Fake Investment App,7114
7115,5126,A2,M,42,Mangaluru (Dakshina Kannada),Social Media Impersonation,7115
7116,5127,A1,M,31,Haveri,Confrontation over Dispute,7116
7117,5128,A1,M,51,Belagavi,Group Attack (Prior Enmity),7117
7118,5129,A1,M,22,Udupi,Shop Lock-Break,7118
7119,5130,A1,M,29,Kodagu,Weapon-Assisted Assault,7119
7120,5131,A1,M,37,Tumakuru,Cross-Border Transit Route,7120
7121,5132,A1,F,35,Mandya,Forged Document Trail,7121
7122,5132,A2,M,25,Mandya,Chit Fund Default,7122
7123,5132,A3,M,30,Mandya,Forged Document Trail,7123
7124,5133,A1,M,16,Mysuru,Confrontation over Dispute,7124
7125,5133,A2,M,31,Mysuru,Confrontation over Dispute,7125
7126,5135,A1,M,37,Ramanagara,Chit Fund Default,7126
7127,5136,A1,M,25,Haveri,Social-Media Incited Assembly,7127
7128,5137,A1,M,42,Belagavi,Sudden Armed Assault,7128
7129,5137,A2,M,29,Belagavi,Weapon-Assisted Assault,7129
7130,5138,A1,F,34,Ballari,Confrontation over Dispute,7130
7131,5138,A2,M,32,Ballari,Group Attack (Prior Enmity),7131
7132,5139,A1,M,20,Bengaluru Rural,Weapon-Assisted Assault,7132
7133,5139,A2,F,39,Bengaluru Rural,Confrontation over Dispute,7133
7134,5139,A3,M,39,Bengaluru Rural,Sudden Armed Assault,7134
7135,5140,A1,M,16,Kodagu,Known-Person Domestic Abuse,7135
7136,5140,A2,M,38,Kodagu,Workplace Harassment,7136
7137,5140,A3,M,24,Kodagu,Dowry-Related Coercion,7137
7138,5142,A1,M,23,Mangaluru (Dakshina Kannada),Sudden Armed Assault,7138
7139,5142,A2,M,27,Mangaluru (Dakshina Kannada),Weapon-Assisted Assault,7139
7140,5143,A1,M,21,Belagavi,Shop Lock-Break,7140
7141,5144,A1,M,16,Bengaluru City,Organized Group Mobilization,7141
7142,5145,A1,M,37,Shivamogga,Sudden Armed Assault,7142
7143,5145,A2,M,24,Shivamogga,Confrontation over Dispute,7143
7144,5146,A1,M,38,Chamarajanagar,Shop Lock-Break,7144
7145,5147,A1,M,31,Davanagere,Vehicle Theft (Parked),7145
7146,5148,A1,M,33,Vijayapura,Known-Person Domestic Abuse,7146
7147,5149,A1,M,26,Bengaluru City,Known-Person Domestic Abuse,7147
7148,5150,A1,M,40,Bengaluru City,Shop Lock-Break,7148
7149,5150,A2,M,24,Bengaluru City,Shop Lock-Break,7149
7150,5150,A3,M,29,Bengaluru City,Break-in via Rear Entry,7150
7151,5151,A1,M,33,Mandya,Night-time House Break-in,7151
7152,5151,A2,M,16,Mandya,Vehicle Theft (Parked),7152
7153,5152,A1,M,30,Mangaluru (Dakshina Kannada),Social Media Impersonation,7153
7154,5153,A1,M,42,Mangaluru (Dakshina Kannada),Vehicle Theft (Parked),7154
7155,5153,A2,M,16,Mangaluru (Dakshina Kannada),Snatching in Transit,7155
7156,5154,A1,M,39,Hubballi-Dharwad,Known-Person Domestic Abuse,7156
7157,5155,A1,M,30,Kalaburagi,Workplace Harassment,7157
7158,5156,A1,F,26,Davanagere,Night-time House Break-in,7158
7159,5157,A1,M,33,Mangaluru (Dakshina Kannada),Phishing Link / OTP Fraud,7159
7160,5158,A1,M,23,Bengaluru Rural,Confrontation over Dispute,7160
7161,5159,A1,M,34,Belagavi,Group Attack (Prior Enmity),7161
7162,5160,A1,M,16,Bidar,Vehicle Theft (Parked),7162
7163,5160,A2,M,27,Bidar,Snatching in Transit,7163
7164,5160,A3,M,16,Bidar,Break-in via Rear Entry,7164
7165,5161,A1,M,16,Kalaburagi,SIM-Swap Fraud,7165
7166,5161,A2,M,32,Kalaburagi,SIM-Swap Fraud,7166
7167,5163,A1,M,26,Raichur,Snatching in Transit,7167
7168,5163,A2,M,18,Raichur,Night-time House Break-in,7168
7169,5163,A3,M,20,Raichur,Break-in via Rear Entry,7169
7170,5164,A1,M,28,Tumakuru,Cheque Bounce Fraud,7170
7171,5165,A1,M,25,Haveri,Group Attack (Prior Enmity),7171
7172,5166,A1,M,16,Vijayapura,Night-time House Break-in,7172
7173,5166,A2,M,27,Vijayapura,Snatching in Transit,7173
7174,5166,A3,M,16,Vijayapura,Vehicle Theft (Parked),7174
7175,5168,A1,M,31,Bengaluru City,Social Media Impersonation,7175
7176,5168,A2,M,30,Bengaluru City,SIM-Swap Fraud,7176
7177,5169,A1,M,21,Tumakuru,Shop Lock-Break,7177
7178,5169,A2,M,31,Tumakuru,Snatching in Transit,7178
7179,5169,A3,M,31,Tumakuru,Vehicle Theft (Parked),7179
7180,5170,A1,M,42,Vijayapura,Home Cultivation/Storage,7180
7181,5171,A1,M,32,Kodagu,Forged Document Trail,7181
7182,5172,A1,M,20,Kodagu,Courier via Public Transport,7182
7183,5172,A2,M,26,Kodagu,Courier via Public Transport,7183
7184,5172,A3,M,21,Kodagu,Home Cultivation/Storage,7184
7185,5173,A1,M,23,Chikkamagaluru,Night-time House Break-in,7185
7186,5173,A2,F,19,Chikkamagaluru,Vehicle Theft (Parked),7186
7187,5174,A1,M,41,Raichur,Snatching in Transit,7187
7188,5175,A1,M,31,Bengaluru City,Vehicle Theft (Parked),7188
7189,5175,A2,M,27,Bengaluru City,Night-time House Break-in,7189
7190,5176,A1,M,26,Gadag,Weapon-Assisted Assault,7190
7191,5178,A1,M,35,Tumakuru,Shell Company Cheating,7191
7192,5181,A1,F,19,Raichur,Vehicle Theft (Parked),7192
7193,5181,A2,F,29,Raichur,Break-in via Rear Entry,7193
7194,5182,A1,M,26,Kolar,Chit Fund Default,7194
7195,5183,A1,M,22,Haveri,Night-time House Break-in,7195
7196,5184,A1,M,26,Bengaluru City,Confrontation over Dispute,7196
7197,5184,A2,M,21,Bengaluru City,Sudden Armed Assault,7197
7198,5184,A3,M,16,Bengaluru City,Sudden Armed Assault,7198
7199,5185,A1,M,37,Kolar,Workplace Harassment,7199
7200,5185,A2,M,17,Kolar,Dowry-Related Coercion,7200
7201,5185,A3,M,39,Kolar,Dowry-Related Coercion,7201
7202,5186,A1,M,38,Bengaluru City,Night-time House Break-in,7202
7203,5186,A2,M,36,Bengaluru City,Night-time House Break-in,7203
7204,5187,A1,M,36,Udupi,Courier via Public Transport,7204
7205,5187,A2,M,18,Udupi,Courier via Public Transport,7205
7206,5188,A1,M,38,Tumakuru,Fake Investment App,7206
7207,5189,A1,M,28,Belagavi,Workplace Harassment,7207
7208,5190,A1,M,31,Kolar,Fake Investment App,7208
7209,5191,A1,M,42,Kalaburagi,Chit Fund Default,7209
7210,5192,A1,M,36,Chamarajanagar,Dowry-Related Coercion,7210
7211,5193,A1,M,38,Raichur,Forged Document Trail,7211
7212,5194,A1,M,19,Chikkamagaluru,Weapon-Assisted Assault,7212
7213,5194,A2,F,20,Chikkamagaluru,Confrontation over Dispute,7213
7214,5194,A3,M,35,Chikkamagaluru,Weapon-Assisted Assault,7214
7215,5195,A1,M,32,Shivamogga,Shell Company Cheating,7215
7216,5196,A1,M,32,Haveri,Group Attack (Prior Enmity),7216
7217,5198,A1,M,33,Bengaluru Rural,Known-Person Domestic Abuse,7217
7218,5199,A1,M,46,Raichur,Sudden Armed Assault,7218
7219,5199,A2,M,28,Raichur,Confrontation over Dispute,7219
7220,5200,A1,F,28,Shivamogga,SIM-Swap Fraud,7220
7221,5200,A2,M,31,Shivamogga,Fake Investment App,7221
7222,5200,A3,M,35,Shivamogga,SIM-Swap Fraud,7222
7223,5201,A1,M,35,Mangaluru (Dakshina Kannada),Stalking Prior to Offence,7223
7224,5202,A1,M,41,Belagavi,Shop Lock-Break,7224
7225,5202,A2,M,25,Belagavi,Night-time House Break-in,7225
7226,5205,A1,M,34,Davanagere,Known-Person Domestic Abuse,7226
7227,5206,A1,M,30,Bengaluru City,Group Attack (Prior Enmity),7227
7228,5206,A2,M,38,Bengaluru City,Sudden Armed Assault,7228
7229,5207,A1,M,23,Hassan,Break-in via Rear Entry,7229
7230,5208,A1,M,33,Bengaluru City,Dowry-Related Coercion,7230
7231,5208,A2,M,42,Bengaluru City,Workplace Harassment,7231
7232,5209,A1,F,22,Vijayapura,Vehicle Theft (Parked),7232
7233,5209,A2,M,26,Vijayapura,Night-time House Break-in,7233
7234,5209,A3,F,29,Vijayapura,Night-time House Break-in,7234
7235,5210,A1,M,32,Yadgir,Stalking Prior to Offence,7235
7236,5210,A2,M,23,Yadgir,Known-Person Domestic Abuse,7236
7237,5210,A3,M,16,Yadgir,Workplace Harassment,7237
7238,5211,A1,M,30,Davanagere,Dowry-Related Coercion,7238
7239,5212,A1,M,26,Davanagere,Night-time House Break-in,7239
7240,5213,A1,M,38,Ballari,Forged Document Trail,7240
7241,5213,A2,M,33,Ballari,Chit Fund Default,7241
7242,5214,A1,M,23,Udupi,Snatching in Transit,7242
7243,5215,A1,M,40,Davanagere,Shell Company Cheating,7243
7244,5215,A2,F,35,Davanagere,Shell Company Cheating,7244
7245,5215,A3,M,17,Davanagere,Chit Fund Default,7245
7246,5216,A1,M,29,Ramanagara,Shell Company Cheating,7246
7247,5216,A2,M,16,Ramanagara,Shell Company Cheating,7247
7248,5216,A3,F,29,Ramanagara,Forged Document Trail,7248
7249,5217,A1,M,29,Mangaluru (Dakshina Kannada),Sudden Armed Assault,7249
7250,5218,A1,M,37,Davanagere,Snatching in Transit,7250
7251,5218,A2,F,24,Davanagere,Vehicle Theft (Parked),7251
7252,5219,A1,M,30,Bengaluru Rural,Night-time House Break-in,7252
7253,5219,A2,F,26,Bengaluru Rural,Shop Lock-Break,7253
7254,5221,A1,M,16,Bidar,Courier via Public Transport,7254
7255,5222,A1,M,35,Raichur,Fake Investment App,7255
7256,5223,A1,M,16,Bengaluru Rural,SIM-Swap Fraud,7256
7257,5224,A1,M,19,Mandya,Dowry-Related Coercion,7257
7258,5224,A2,M,25,Mandya,Known-Person Domestic Abuse,7258
7259,5225,A1,M,17,Davanagere,Break-in via Rear Entry,7259
7260,5226,A1,M,33,Belagavi,Phishing Link / OTP Fraud,7260
7261,5227,A1,M,29,Mysuru,Confrontation over Dispute,7261
7262,5228,A1,M,26,Bengaluru Rural,Vehicle Theft (Parked),7262
7263,5229,A1,M,16,Udupi,Dowry-Related Coercion,7263
7264,5230,A1,M,37,Ramanagara,Chit Fund Default,7264
7265,5231,A1,M,31,Hubballi-Dharwad,Social Media Impersonation,7265
7266,5231,A2,F,21,Hubballi-Dharwad,Social Media Impersonation,7266
7267,5232,A1,M,40,Shivamogga,Social-Media Incited Assembly,7267
7268,5232,A2,M,37,Shivamogga,Organized Group Mobilization,7268
7269,5233,A1,M,37,Ballari,Break-in via Rear Entry,7269
7270,5234,A1,F,16,Ramanagara,Dowry-Related Coercion,7270
7271,5235,A1,F,37,Udupi,Snatching in Transit,7271
7272,5236,A1,M,25,Davanagere,Shop Lock-Break,7272
7273,5236,A2,M,31,Davanagere,Shop Lock-Break,7273
7274,5236,A3,M,31,Davanagere,Vehicle Theft (Parked),7274
7275,5237,A1,M,39,Mangaluru (Dakshina Kannada),Forged Document Trail,7275
7276,5237,A2,M,24,Mangaluru (Dakshina Kannada),Forged Document Trail,7276
7277,5237,A3,M,30,Mangaluru (Dakshina Kannada),Forged Document Trail,7277
7278,5238,A1,M,28,Mysuru,Night-time House Break-in,7278
7279,5238,A2,M,26,Mysuru,Night-time House Break-in,7279
7280,5240,A1,M,27,Kolar,Cheque Bounce Fraud,7280
7281,5241,A1,M,20,Bengaluru Rural,Snatching in Transit,7281
7282,5241,A2,M,16,Bengaluru Rural,Night-time House Break-in,7282
7283,5241,A3,M,35,Bengaluru Rural,Night-time House Break-in,7283
7284,5242,A1,M,21,Udupi,Night-time House Break-in,7284
7285,5242,A2,F,30,Udupi,Snatching in Transit,7285
7286,5244,A1,M,22,Kalaburagi,Chit Fund Default,7286
7287,5245,A1,M,16,Davanagere,Phishing Link / OTP Fraud,7287
7288,5247,A1,M,29,Belagavi,Stalking Prior to Offence,7288
7289,5247,A2,M,35,Belagavi,Dowry-Related Coercion,7289
7290,5248,A1,M,25,Ramanagara,Known-Person Domestic Abuse,7290
7291,5248,A2,F,24,Ramanagara,Workplace Harassment,7291
7292,5249,A1,M,26,Belagavi,Shop Lock-Break,7292
7293,5250,A1,M,18,Bengaluru City,Courier via Public Transport,7293
7294,5251,A1,M,19,Haveri,Night-time House Break-in,7294
7295,5251,A2,M,24,Haveri,Vehicle Theft (Parked),7295
7296,5252,A1,M,16,Belagavi,Shop Lock-Break,7296
7297,5253,A1,M,26,Hubballi-Dharwad,Confrontation over Dispute,7297
7298,5255,A1,M,29,Tumakuru,Shop Lock-Break,7298
7299,5256,A1,M,27,Bagalkot,Night-time House Break-in,7299
7300,5257,A1,M,29,Kodagu,Cross-Border Transit Route,7300
7301,5258,A1,M,29,Kalaburagi,Courier via Public Transport,7301
7302,5258,A2,M,37,Kalaburagi,Cross-Border Transit Route,7302
7303,5259,A1,M,29,Mysuru,Shop Lock-Break,7303
7304,5259,A2,M,28,Mysuru,Snatching in Transit,7304
7305,5259,A3,F,44,Mysuru,Night-time House Break-in,7305
7306,5260,A1,F,33,Hassan,Break-in via Rear Entry,7306
7307,5261,A1,M,16,Ballari,Night-time House Break-in,7307
7308,5261,A2,F,49,Ballari,Break-in via Rear Entry,7308
7309,5261,A3,M,25,Ballari,Shop Lock-Break,7309
7310,5262,A1,M,42,Mysuru,Workplace Harassment,7310
7311,5263,A1,M,25,Bagalkot,Social Media Impersonation,7311
7312,5263,A2,M,23,Bagalkot,Phishing Link / OTP Fraud,7312
7313,5264,A1,M,24,Chamarajanagar,Confrontation over Dispute,7313
7314,5265,A1,M,29,Bengaluru City,Stalking Prior to Offence,7314
7315,5266,A1,F,20,Mangaluru (Dakshina Kannada),Sudden Armed Assault,7315
7316,5267,A1,M,16,Tumakuru,Known-Person Domestic Abuse,7316
7317,5268,A1,F,38,Belagavi,Shop Lock-Break,7317
7318,5269,A1,M,33,Bengaluru Rural,Home Cultivation/Storage,7318
7319,5269,A2,M,36,Bengaluru Rural,Courier via Public Transport,7319
7320,5270,A1,M,24,Belagavi,Vehicle Theft (Parked),7320
7321,5271,A1,M,25,Bengaluru Rural,Confrontation over Dispute,7321
7322,5272,A1,M,17,Mysuru,Group Attack (Prior Enmity),7322
7323,5273,A1,M,19,Belagavi,Group Attack (Prior Enmity),7323
7324,5274,A1,M,16,Chamarajanagar,Break-in via Rear Entry,7324
7325,5274,A2,M,31,Chamarajanagar,Vehicle Theft (Parked),7325
7326,5274,A3,F,40,Chamarajanagar,Snatching in Transit,7326
7327,5275,A1,F,31,Ramanagara,Shop Lock-Break,7327
7328,5276,A1,M,24,Bengaluru Rural,Shell Company Cheating,7328
7329,5276,A2,M,37,Bengaluru Rural,Cheque Bounce Fraud,7329
7330,5276,A3,M,42,Bengaluru Rural,Chit Fund Default,7330
7331,5277,A1,F,16,Mangaluru (Dakshina Kannada),Chit Fund Default,7331
7332,5278,A1,M,27,Raichur,Workplace Harassment,7332
7333,5279,A1,M,43,Yadgir,Forged Document Trail,7333
7334,5280,A1,M,36,Kodagu,Chit Fund Default,7334
7335,5281,A1,M,16,Belagavi,Forged Document Trail,7335
7336,5281,A2,M,35,Belagavi,Shell Company Cheating,7336
7337,5282,A1,M,51,Belagavi,Snatching in Transit,7337
7338,5285,A1,M,25,Hassan,Snatching in Transit,7338
7339,5285,A2,F,21,Hassan,Snatching in Transit,7339
7340,5286,A1,M,37,Udupi,Cheque Bounce Fraud,7340
7341,5287,A1,F,32,Yadgir,Courier via Public Transport,7341
7342,5287,A2,M,25,Yadgir,Cross-Border Transit Route,7342
7343,5288,A1,M,27,Udupi,Shop Lock-Break,7343
7344,5288,A2,M,17,Udupi,Snatching in Transit,7344
7345,5289,A1,M,25,Bagalkot,Snatching in Transit,7345
7346,5289,A2,M,17,Bagalkot,Shop Lock-Break,7346
7347,5289,A3,M,31,Bagalkot,Break-in via Rear Entry,7347
7348,5290,A1,M,24,Davanagere,Chit Fund Default,7348
7349,5291,A1,F,34,Ramanagara,Chit Fund Default,7349
7350,5291,A2,M,37,Ramanagara,Forged Document Trail,7350
7351,5292,A1,F,31,Ramanagara,Weapon-Assisted Assault,7351
7352,5293,A1,M,39,Mangaluru (Dakshina Kannada),Cheque Bounce Fraud,7352
7353,5293,A2,M,31,Mangaluru (Dakshina Kannada),Chit Fund Default,7353
7354,5294,A1,M,33,Bengaluru Rural,Sudden Armed Assault,7354
7355,5294,A2,M,23,Bengaluru Rural,Group Attack (Prior Enmity),7355
7356,5294,A3,M,27,Bengaluru Rural,Group Attack (Prior Enmity),7356
7357,5295,A1,M,24,Davanagere,Break-in via Rear Entry,7357
7358,5296,A1,M,37,Bengaluru Rural,Shop Lock-Break,7358
7359,5296,A2,M,16,Bengaluru Rural,Night-time House Break-in,7359
7360,5296,A3,M,40,Bengaluru Rural,Vehicle Theft (Parked),7360
7361,5297,A1,M,16,Hassan,Snatching in Transit,7361
7362,5298,A1,M,42,Mysuru,Phishing Link / OTP Fraud,7362
7363,5299,A1,M,23,Haveri,Shell Company Cheating,7363
7364,5300,A1,M,16,Yadgir,Stalking Prior to Offence,7364
7365,5301,A1,M,16,Mangaluru (Dakshina Kannada),Stalking Prior to Offence,7365
7366,5303,A1,F,38,Udupi,Group Attack (Prior Enmity),7366
7367,5303,A2,M,26,Udupi,Group Attack (Prior Enmity),7367
7368,5304,A1,M,30,Mandya,Snatching in Transit,7368
7369,5305,A1,M,32,Kalaburagi,Cheque Bounce Fraud,7369
7370,5307,A1,M,16,Raichur,Confrontation over Dispute,7370
7371,5308,A1,M,31,Ramanagara,Snatching in Transit,7371
7372,5309,A1,M,34,Ballari,Confrontation over Dispute,7372
7373,5309,A2,M,44,Ballari,Weapon-Assisted Assault,7373
7374,5309,A3,M,16,Ballari,Sudden Armed Assault,7374
7375,5310,A1,M,16,Haveri,Known-Person Domestic Abuse,7375
7376,5311,A1,M,46,Hassan,Shop Lock-Break,7376
7377,5312,A1,M,30,Koppal,Shop Lock-Break,7377
7378,5312,A2,M,19,Koppal,Break-in via Rear Entry,7378
7379,5313,A1,M,32,Bidar,Weapon-Assisted Assault,7379
7380,5314,A1,M,30,Chamarajanagar,Shell Company Cheating,7380
7381,5315,A1,M,28,Tumakuru,Known-Person Domestic Abuse,7381
7382,5316,A1,M,37,Ramanagara,Fake Investment App,7382
7383,5317,A1,M,42,Bengaluru Rural,SIM-Swap Fraud,7383
7384,5317,A2,M,28,Bengaluru Rural,Fake Investment App,7384
7385,5318,A1,M,27,Koppal,Stalking Prior to Offence,7385
7386,5319,A1,M,35,Mangaluru (Dakshina Kannada),Break-in via Rear Entry,7386
7387,5319,A2,F,29,Mangaluru (Dakshina Kannada),Snatching in Transit,7387
7388,5320,A1,M,18,Bengaluru Rural,Social-Media Incited Assembly,7388
7389,5320,A2,M,25,Bengaluru Rural,Social-Media Incited Assembly,7389
7390,5321,A1,M,24,Tumakuru,Known-Person Domestic Abuse,7390
7391,5321,A2,M,31,Tumakuru,Dowry-Related Coercion,7391
7392,5321,A3,M,16,Tumakuru,Workplace Harassment,7392
7393,5322,A1,M,33,Bengaluru City,Weapon-Assisted Assault,7393
7394,5323,A1,M,27,Bengaluru Rural,Known-Person Domestic Abuse,7394
7395,5324,A1,F,18,Mangaluru (Dakshina Kannada),Dowry-Related Coercion,7395
7396,5324,A2,M,33,Mangaluru (Dakshina Kannada),Known-Person Domestic Abuse,7396
7397,5325,A1,M,30,Tumakuru,Night-time House Break-in,7397
7398,5326,A1,M,34,Udupi,Vehicle Theft (Parked),7398
7399,5327,A1,M,25,Bidar,Fake Investment App,7399
7400,5327,A2,M,25,Bidar,Phishing Link / OTP Fraud,7400
7401,5328,A1,M,16,Bidar,Confrontation over Dispute,7401
7402,5329,A1,M,16,Kolar,Shop Lock-Break,7402
7403,5329,A2,M,23,Kolar,Night-time House Break-in,7403
7404,5330,A1,M,25,Belagavi,Chit Fund Default,7404
7405,5331,A1,M,41,Tumakuru,Social Media Impersonation,7405
7406,5331,A2,M,18,Tumakuru,Phishing Link / OTP Fraud,7406
7407,5332,A1,M,39,Belagavi,Group Attack (Prior Enmity),7407
7408,5333,A1,M,27,Bengaluru Rural,Group Attack (Prior Enmity),7408
7409,5334,A1,M,24,Kodagu,Group Attack (Prior Enmity),7409
7410,5335,A1,M,47,Kalaburagi,Break-in via Rear Entry,7410
7411,5336,A1,M,32,Bengaluru City,Break-in via Rear Entry,7411
7412,5337,A1,M,26,Bidar,Break-in via Rear Entry,7412
7413,5338,A1,M,16,Chitradurga,Shell Company Cheating,7413
7414,5338,A2,M,23,Chitradurga,Forged Document Trail,7414
7415,5339,A1,M,39,Bengaluru Rural,SIM-Swap Fraud,7415
7416,5339,A2,M,38,Bengaluru Rural,Social Media Impersonation,7416
7417,5340,A1,M,28,Davanagere,Group Attack (Prior Enmity),7417
7418,5340,A2,M,31,Davanagere,Sudden Armed Assault,7418
7419,5341,A1,M,28,Udupi,Sudden Armed Assault,7419
7420,5341,A2,M,19,Udupi,Weapon-Assisted Assault,7420
7421,5342,A1,M,34,Mysuru,Dowry-Related Coercion,7421
7422,5343,A1,M,35,Kolar,Night-time House Break-in,7422
7423,5343,A2,M,37,Kolar,Snatching in Transit,7423
7424,5344,A1,M,22,Bengaluru City,Workplace Harassment,7424
7425,5345,A1,M,31,Bengaluru Rural,Shell Company Cheating,7425
7426,5346,A1,M,36,Raichur,Confrontation over Dispute,7426
7427,5347,A1,M,43,Haveri,Phishing Link / OTP Fraud,7427
7428,5348,A1,M,38,Mangaluru (Dakshina Kannada),Night-time House Break-in,7428
7429,5349,A1,M,37,Kolar,Social Media Impersonation,7429
7430,5349,A2,M,34,Kolar,Social Media Impersonation,7430
7431,5350,A1,M,31,Kolar,SIM-Swap Fraud,7431
7432,5350,A2,M,29,Kolar,Fake Investment App,7432
7433,5351,A1,M,31,Belagavi,Courier via Public Transport,7433
7434,5352,A1,M,38,Bengaluru City,Cross-Border Transit Route,7434
7435,5352,A2,M,34,Bengaluru City,Courier via Public Transport,7435
7436,5352,A3,M,28,Bengaluru City,Cross-Border Transit Route,7436
7437,5353,A1,M,36,Haveri,Night-time House Break-in,7437
7438,5353,A2,M,24,Haveri,Vehicle Theft (Parked),7438
7439,5354,A1,F,25,Udupi,Sudden Armed Assault,7439
7440,5355,A1,M,25,Bengaluru Rural,Shop Lock-Break,7440
7441,5355,A2,M,23,Bengaluru Rural,Vehicle Theft (Parked),7441
7442,5356,A1,F,30,Kodagu,Chit Fund Default,7442
7443,5357,A1,F,31,Bengaluru Rural,Vehicle Theft (Parked),7443
7444,5357,A2,M,18,Bengaluru Rural,Shop Lock-Break,7444
7445,5358,A1,M,33,Mangaluru (Dakshina Kannada),Dowry-Related Coercion,7445
7446,5359,A1,M,17,Mangaluru (Dakshina Kannada),Organized Group Mobilization,7446
7447,5360,A1,M,16,Kodagu,Weapon-Assisted Assault,7447
7448,5361,A1,M,30,Shivamogga,Shop Lock-Break,7448
7449,5362,A1,M,30,Mysuru,Organized Group Mobilization,7449
7450,5363,A1,M,27,Belagavi,Sudden Armed Assault,7450
7451,5363,A2,F,27,Belagavi,Sudden Armed Assault,7451
7452,5365,A1,M,25,Hubballi-Dharwad,Dowry-Related Coercion,7452
7453,5366,A1,M,39,Chamarajanagar,Sudden Armed Assault,7453
7454,5367,A1,M,17,Ramanagara,Night-time House Break-in,7454
7455,5368,A1,M,30,Kalaburagi,Forged Document Trail,7455
7456,5368,A2,M,20,Kalaburagi,Shell Company Cheating,7456
7457,5370,A1,M,18,Mysuru,Forged Document Trail,7457
7458,5370,A2,M,25,Mysuru,Chit Fund Default,7458
7459,5370,A3,M,40,Mysuru,Chit Fund Default,7459
7460,5371,A1,F,40,Koppal,Workplace Harassment,7460
7461,5371,A2,M,33,Koppal,Workplace Harassment,7461
7462,5373,A1,M,27,Raichur,Confrontation over Dispute,7462
7463,5374,A1,M,16,Mysuru,Workplace Harassment,7463
7464,5375,A1,M,35,Belagavi,Snatching in Transit,7464
7465,5376,A1,M,29,Udupi,Social Media Impersonation,7465
7466,5376,A2,F,21,Udupi,Social Media Impersonation,7466
7467,5377,A1,F,31,Udupi,Shell Company Cheating,7467
7468,5378,A1,M,25,Bengaluru City,Workplace Harassment,7468
7469,5379,A1,M,36,Tumakuru,Stalking Prior to Offence,7469
7470,5380,A1,M,18,Bagalkot,Night-time House Break-in,7470
7471,5381,A1,M,19,Davanagere,Organized Group Mobilization,7471
7472,5382,A1,M,25,Belagavi,Confrontation over Dispute,7472
7473,5383,A1,F,31,Vijayapura,Night-time House Break-in,7473
7474,5384,A1,M,33,Bengaluru Rural,Social Media Impersonation,7474
7475,5384,A2,M,30,Bengaluru Rural,Phishing Link / OTP Fraud,7475
7476,5385,A1,M,25,Udupi,Confrontation over Dispute,7476
7477,5386,A1,M,28,Bengaluru City,Break-in via Rear Entry,7477
7478,5387,A1,M,17,Bengaluru Rural,Group Attack (Prior Enmity),7478
7479,5388,A1,F,16,Bengaluru Rural,Social Media Impersonation,7479
7480,5389,A1,F,28,Bengaluru City,Organized Group Mobilization,7480
7481,5390,A1,F,34,Kodagu,Weapon-Assisted Assault,7481
7482,5391,A1,M,16,Belagavi,Workplace Harassment,7482
7483,5392,A1,M,40,Kalaburagi,Fake Investment App,7483
7484,5392,A2,M,25,Kalaburagi,Fake Investment App,7484
7485,5392,A3,M,40,Kalaburagi,SIM-Swap Fraud,7485
7486,5393,A1,M,18,Belagavi,Sudden Armed Assault,7486
7487,5394,A1,F,39,Belagavi,Break-in via Rear Entry,7487
7488,5394,A2,M,22,Belagavi,Night-time House Break-in,7488
7489,5395,A1,M,23,Chamarajanagar,Home Cultivation/Storage,7489
7490,5396,A1,F,37,Udupi,Stalking Prior to Offence,7490
7491,5398,A1,M,33,Shivamogga,Workplace Harassment,7491
7492,5398,A2,M,16,Shivamogga,Dowry-Related Coercion,7492
7493,5399,A1,M,45,Vijayapura,Night-time House Break-in,7493
7494,5399,A2,M,29,Vijayapura,Night-time House Break-in,7494
7495,5400,A1,M,26,Raichur,Break-in via Rear Entry,7495
7496,5401,A1,M,33,Vijayapura,Dowry-Related Coercion,7496
7497,5401,A2,M,20,Vijayapura,Dowry-Related Coercion,7497
7498,5402,A1,M,37,Mangaluru (Dakshina Kannada),Weapon-Assisted Assault,7498
7499,5403,A1,M,36,Bengaluru Rural,Night-time House Break-in,7499
7500,5404,A1,F,20,Raichur,Workplace Harassment,7500
7501,5405,A1,M,38,Haveri,Group Attack (Prior Enmity),7501
7502,5406,A1,F,16,Davanagere,Confrontation over Dispute,7502
7503,5406,A2,M,25,Davanagere,Group Attack (Prior Enmity),7503
7504,5406,A3,M,24,Davanagere,Confrontation over Dispute,7504
7505,5407,A1,M,44,Bengaluru Rural,Cheque Bounce Fraud,7505
7506,5408,A1,M,22,Kodagu,Known-Person Domestic Abuse,7506
7507,5408,A2,M,28,Kodagu,Dowry-Related Coercion,7507
7508,5409,A1,M,44,Hubballi-Dharwad,Sudden Armed Assault,7508
7509,5410,A1,M,23,Davanagere,Cheque Bounce Fraud,7509
7510,5410,A2,M,35,Davanagere,Forged Document Trail,7510
7511,5411,A1,M,42,Kalaburagi,Vehicle Theft (Parked),7511
7512,5411,A2,M,43,Kalaburagi,Night-time House Break-in,7512
7513,5411,A3,M,27,Kalaburagi,Snatching in Transit,7513
7514,5412,A1,M,30,Ramanagara,Sudden Armed Assault,7514
7515,5413,A1,M,23,Belagavi,Stalking Prior to Offence,7515
7516,5414,A1,M,37,Belagavi,Known-Person Domestic Abuse,7516
7517,5415,A1,M,31,Bengaluru Rural,Cheque Bounce Fraud,7517
7518,5416,A1,M,23,Kodagu,Snatching in Transit,7518
7519,5418,A1,M,18,Bengaluru Rural,Workplace Harassment,7519
7520,5418,A2,M,37,Bengaluru Rural,Workplace Harassment,7520
7521,5418,A3,M,20,Bengaluru Rural,Stalking Prior to Offence,7521
7522,5419,A1,M,29,Ballari,Chit Fund Default,7522
7523,5419,A2,M,29,Ballari,Cheque Bounce Fraud,7523
7524,5420,A1,M,25,Belagavi,Chit Fund Default,7524
7525,5421,A1,M,17,Raichur,Stalking Prior to Offence,7525
7526,5422,A1,M,39,Kodagu,Confrontation over Dispute,7526
7527,5423,A1,M,33,Udupi,Night-time House Break-in,7527
7528,5424,A1,M,29,Belagavi,Snatching in Transit,7528
7529,5426,A1,M,22,Bengaluru Rural,Snatching in Transit,7529
7530,5426,A2,M,16,Bengaluru Rural,Break-in via Rear Entry,7530
7531,5426,A3,M,26,Bengaluru Rural,Shop Lock-Break,7531
7532,5428,A1,F,20,Koppal,Group Attack (Prior Enmity),7532
7533,5429,A1,F,23,Tumakuru,Sudden Armed Assault,7533
7534,5429,A2,M,16,Tumakuru,Confrontation over Dispute,7534
7535,5429,A3,M,38,Tumakuru,Weapon-Assisted Assault,7535
7536,5430,A1,M,27,Haveri,Stalking Prior to Offence,7536
7537,5431,A1,M,22,Bengaluru Rural,Night-time House Break-in,7537
7538,5433,A1,M,33,Belagavi,Break-in via Rear Entry,7538
7539,5434,A1,M,34,Mangaluru (Dakshina Kannada),Shop Lock-Break,7539
7540,5435,A1,M,40,Mangaluru (Dakshina Kannada),Phishing Link / OTP Fraud,7540
7541,5435,A2,M,24,Mangaluru (Dakshina Kannada),Phishing Link / OTP Fraud,7541
7542,5435,A3,M,38,Mangaluru (Dakshina Kannada),Social Media Impersonation,7542
7543,5436,A1,M,32,Bengaluru City,Weapon-Assisted Assault,7543
7544,5436,A2,M,17,Bengaluru City,Group Attack (Prior Enmity),7544
7545,5438,A1,M,21,Tumakuru,Workplace Harassment,7545
7546,5439,A1,M,38,Davanagere,Confrontation over Dispute,7546
7547,5440,A1,M,35,Hassan,Cross-Border Transit Route,7547
7548,5440,A2,F,49,Hassan,Courier via Public Transport,7548
7549,5441,A1,M,16,Hubballi-Dharwad,Confrontation over Dispute,7549
7550,5441,A2,M,27,Hubballi-Dharwad,Sudden Armed Assault,7550
7551,5442,A1,M,31,Mysuru,Break-in via Rear Entry,7551
7552,5442,A2,M,36,Mysuru,Vehicle Theft (Parked),7552
7553,5443,A1,M,19,Bengaluru Rural,Dowry-Related Coercion,7553
7554,5443,A2,M,29,Bengaluru Rural,Workplace Harassment,7554
7555,5443,A3,M,17,Bengaluru Rural,Workplace Harassment,7555
7556,5444,A1,M,16,Hassan,Social Media Impersonation,7556
7557,5445,A1,F,37,Mangaluru (Dakshina Kannada),Workplace Harassment,7557
7558,5445,A2,M,36,Mangaluru (Dakshina Kannada),Stalking Prior to Offence,7558
7559,5446,A1,M,26,Davanagere,Cross-Border Transit Route,7559
7560,5446,A2,M,22,Davanagere,Courier via Public Transport,7560
7561,5446,A3,M,55,Davanagere,Cross-Border Transit Route,7561
7562,5447,A1,M,23,Koppal,Break-in via Rear Entry,7562
7563,5447,A2,M,42,Koppal,Vehicle Theft (Parked),7563
7564,5448,A1,M,22,Mangaluru (Dakshina Kannada),Home Cultivation/Storage,7564
7565,5449,A1,M,36,Ballari,Group Attack (Prior Enmity),7565
7566,5449,A2,M,30,Ballari,Group Attack (Prior Enmity),7566
7567,5450,A1,M,42,Mangaluru (Dakshina Kannada),Weapon-Assisted Assault,7567
7568,5450,A2,M,34,Mangaluru (Dakshina Kannada),Weapon-Assisted Assault,7568
7569,5451,A1,F,34,Tumakuru,Snatching in Transit,7569
7570,5452,A1,M,32,Tumakuru,Workplace Harassment,7570
7571,5455,A1,F,29,Belagavi,Weapon-Assisted Assault,7571
7572,5456,A1,M,30,Hassan,Shop Lock-Break,7572
7573,5456,A2,M,22,Hassan,Night-time House Break-in,7573
7574,5457,A1,M,38,Belagavi,Night-time House Break-in,7574
7575,5458,A1,M,18,Mangaluru (Dakshina Kannada),Snatching in Transit,7575
7576,5459,A1,M,31,Ramanagara,Night-time House Break-in,7576
7577,5459,A2,M,37,Ramanagara,Vehicle Theft (Parked),7577
7578,5460,A1,M,36,Bengaluru City,Snatching in Transit,7578
7579,5460,A2,M,26,Bengaluru City,Night-time House Break-in,7579
7580,5460,A3,M,24,Bengaluru City,Night-time House Break-in,7580
7581,5461,A1,M,16,Bengaluru Rural,Dowry-Related Coercion,7581
7582,5463,A1,M,35,Bidar,Vehicle Theft (Parked),7582
7583,5463,A2,F,38,Bidar,Night-time House Break-in,7583
7584,5464,A1,M,33,Gadag,Weapon-Assisted Assault,7584
7585,5465,A1,M,23,Davanagere,Stalking Prior to Offence,7585
7586,5467,A1,M,35,Davanagere,Dowry-Related Coercion,7586
7587,5468,A1,M,28,Udupi,Snatching in Transit,7587
7588,5469,A1,M,16,Udupi,SIM-Swap Fraud,7588
7589,5469,A2,F,25,Udupi,Fake Investment App,7589
7590,5470,A1,M,31,Belagavi,Workplace Harassment,7590
7591,5471,A1,M,27,Bidar,Forged Document Trail,7591
7592,5471,A2,M,40,Bidar,Chit Fund Default,7592
7593,5471,A3,M,29,Bidar,Chit Fund Default,7593
7594,5472,A1,M,20,Belagavi,Stalking Prior to Offence,7594
7595,5472,A2,M,43,Belagavi,Dowry-Related Coercion,7595
7596,5472,A3,M,18,Belagavi,Dowry-Related Coercion,7596
7597,5473,A1,M,24,Mysuru,Group Attack (Prior Enmity),7597
7598,5474,A1,F,34,Yadgir,Night-time House Break-in,7598
7599,5475,A1,M,35,Bengaluru City,Night-time House Break-in,7599
7600,5476,A1,F,33,Mangaluru (Dakshina Kannada),Forged Document Trail,7600
7601,5477,A1,M,30,Ramanagara,Group Attack (Prior Enmity),7601
7602,5478,A1,M,28,Tumakuru,Snatching in Transit,7602
7603,5479,A1,M,36,Kodagu,Night-time House Break-in,7603
7604,5480,A1,M,46,Koppal,Sudden Armed Assault,7604
7605,5481,A1,M,37,Ballari,Phishing Link / OTP Fraud,7605
7606,5481,A2,M,16,Ballari,Phishing Link / OTP Fraud,7606
7607,5482,A1,M,26,Mysuru,Shop Lock-Break,7607
7608,5483,A1,M,29,Hubballi-Dharwad,Group Attack (Prior Enmity),7608
7609,5484,A1,M,31,Bengaluru Rural,Workplace Harassment,7609
7610,5485,A1,M,20,Mysuru,Break-in via Rear Entry,7610
7611,5486,A1,M,26,Ballari,Shop Lock-Break,7611
7612,5486,A2,M,43,Ballari,Vehicle Theft (Parked),7612
7613,5486,A3,M,24,Ballari,Break-in via Rear Entry,7613
7614,5487,A1,M,27,Shivamogga,Fake Investment App,7614
7615,5488,A1,M,24,Udupi,Dowry-Related Coercion,7615
7616,5489,A1,M,42,Bidar,Home Cultivation/Storage,7616
7617,5490,A1,M,21,Kodagu,Cheque Bounce Fraud,7617
7618,5492,A1,M,43,Bengaluru Rural,Sudden Armed Assault,7618
7619,5493,A1,M,24,Tumakuru,Dowry-Related Coercion,7619
7620,5494,A1,F,16,Kalaburagi,Vehicle Theft (Parked),7620
7621,5495,A1,M,28,Tumakuru,Night-time House Break-in,7621
7622,5495,A2,M,16,Tumakuru,Night-time House Break-in,7622
7623,5496,A1,F,29,Belagavi,Home Cultivation/Storage,7623
7624,5497,A1,M,49,Belagavi,Vehicle Theft (Parked),7624
7625,5497,A2,F,22,Belagavi,Shop Lock-Break,7625
7626,5497,A3,M,16,Belagavi,Vehicle Theft (Parked),7626
7627,5498,A1,M,28,Raichur,Chit Fund Default,7627
7628,5499,A1,M,39,Mangaluru (Dakshina Kannada),Shop Lock-Break,7628
7629,5499,A2,M,23,Mangaluru (Dakshina Kannada),Vehicle Theft (Parked),7629
7630,5502,A1,M,19,Ramanagara,SIM-Swap Fraud,7630
7631,5502,A2,M,22,Ramanagara,Social Media Impersonation,7631
7632,5502,A3,M,34,Ramanagara,SIM-Swap Fraud,7632
7633,5503,A1,M,40,Hassan,Chit Fund Default,7633
7634,5503,A2,M,32,Hassan,Chit Fund Default,7634
7635,5504,A1,M,36,Chitradurga,Group Attack (Prior Enmity),7635
7636,5504,A2,M,25,Chitradurga,Sudden Armed Assault,7636
7637,5505,A1,M,53,Shivamogga,Shell Company Cheating,7637
7638,5505,A2,M,24,Shivamogga,Forged Document Trail,7638
7639,5506,A1,M,27,Mangaluru (Dakshina Kannada),SIM-Swap Fraud,7639
7640,5506,A2,M,31,Mangaluru (Dakshina Kannada),Phishing Link / OTP Fraud,7640
7641,5507,A1,M,37,Belagavi,Social Media Impersonation,7641
7642,5507,A2,M,35,Belagavi,Phishing Link / OTP Fraud,7642
7643,5508,A1,M,20,Chitradurga,Shell Company Cheating,7643
7644,5509,A1,M,32,Chamarajanagar,Stalking Prior to Offence,7644
7645,5510,A1,M,43,Bidar,Shell Company Cheating,7645
7646,5511,A1,M,29,Koppal,Break-in via Rear Entry,7646
7647,5512,A1,M,22,Raichur,Dowry-Related Coercion,7647
7648,5513,A1,M,23,Kalaburagi,Organized Group Mobilization,7648
7649,5513,A2,M,21,Kalaburagi,Organized Group Mobilization,7649
7650,5514,A1,M,16,Kolar,Stalking Prior to Offence,7650
7651,5514,A2,M,26,Kolar,Dowry-Related Coercion,7651
7652,5516,A1,M,25,Chamarajanagar,Shell Company Cheating,7652
7653,5517,A1,M,33,Hassan,Shell Company Cheating,7653
7654,5518,A1,M,36,Vijayapura,Shop Lock-Break,7654
7655,5518,A2,M,32,Vijayapura,Vehicle Theft (Parked),7655
7656,5519,A1,M,42,Hassan,Night-time House Break-in,7656
7657,5519,A2,M,35,Hassan,Snatching in Transit,7657
7658,5519,A3,M,36,Hassan,Vehicle Theft (Parked),7658
7659,5520,A1,M,17,Mangaluru (Dakshina Kannada),Night-time House Break-in,7659
7660,5520,A2,M,32,Mangaluru (Dakshina Kannada),Shop Lock-Break,7660
7661,5521,A1,M,31,Tumakuru,Weapon-Assisted Assault,7661
7662,5521,A2,M,23,Tumakuru,Group Attack (Prior Enmity),7662
7663,5521,A3,M,16,Tumakuru,Group Attack (Prior Enmity),7663
7664,5522,A1,M,24,Chamarajanagar,Sudden Armed Assault,7664
7665,5523,A1,F,36,Gadag,Fake Investment App,7665
7666,5523,A2,M,45,Gadag,Social Media Impersonation,7666
7667,5524,A1,M,40,Bengaluru City,Break-in via Rear Entry,7667
7668,5525,A1,M,24,Bengaluru Rural,Vehicle Theft (Parked),7668
7669,5526,A1,M,43,Belagavi,Stalking Prior to Offence,7669
7670,5526,A2,M,53,Belagavi,Dowry-Related Coercion,7670
7671,5528,A1,M,18,Vijayapura,Sudden Armed Assault,7671
7672,5528,A2,M,36,Vijayapura,Group Attack (Prior Enmity),7672
7673,5529,A1,M,33,Chamarajanagar,Workplace Harassment,7673
7674,5530,A1,M,27,Davanagere,Break-in via Rear Entry,7674
7675,5530,A2,F,28,Davanagere,Night-time House Break-in,7675
7676,5531,A1,F,25,Bidar,Weapon-Assisted Assault,7676
7677,5532,A1,M,41,Bengaluru Rural,Confrontation over Dispute,7677
7678,5532,A2,M,46,Bengaluru Rural,Sudden Armed Assault,7678
7679,5533,A1,M,28,Mangaluru (Dakshina Kannada),Workplace Harassment,7679
7680,5533,A2,M,34,Mangaluru (Dakshina Kannada),Stalking Prior to Offence,7680
7681,5534,A1,M,16,Tumakuru,Cross-Border Transit Route,7681
7682,5535,A1,M,33,Bengaluru Rural,Known-Person Domestic Abuse,7682
7683,5536,A1,M,34,Yadgir,Shell Company Cheating,7683
7684,5537,A1,M,25,Belagavi,Stalking Prior to Offence,7684
7685,5537,A2,M,18,Belagavi,Stalking Prior to Offence,7685
7686,5538,A1,M,16,Belagavi,Break-in via Rear Entry,7686
7687,5538,A2,M,32,Belagavi,Shop Lock-Break,7687
7688,5539,A1,F,16,Hassan,Workplace Harassment,7688
7689,5540,A1,M,27,Belagavi,Stalking Prior to Offence,7689
7690,5540,A2,M,35,Belagavi,Workplace Harassment,7690
7691,5540,A3,F,24,Belagavi,Stalking Prior to Offence,7691
7692,5541,A1,M,41,Davanagere,Workplace Harassment,7692
7693,5542,A1,M,16,Mandya,Chit Fund Default,7693
7694,5542,A2,M,26,Mandya,Forged Document Trail,7694
7695,5542,A3,M,20,Mandya,Forged Document Trail,7695
7696,5544,A1,F,28,Bagalkot,Shell Company Cheating,7696
7697,5545,A1,M,34,Bidar,Snatching in Transit,7697
7698,5546,A1,M,16,Hassan,Vehicle Theft (Parked),7698
7699,5546,A2,M,24,Hassan,Shop Lock-Break,7699
7700,5547,A1,M,38,Davanagere,Sudden Armed Assault,7700
7701,5549,A1,M,24,Hubballi-Dharwad,Confrontation over Dispute,7701
7702,5549,A2,M,35,Hubballi-Dharwad,Sudden Armed Assault,7702
7703,5551,A1,M,36,Yadgir,Stalking Prior to Offence,7703
7704,5552,A1,M,35,Bengaluru Rural,Workplace Harassment,7704
7705,5552,A2,M,23,Bengaluru Rural,Dowry-Related Coercion,7705
7706,5554,A1,F,22,Mysuru,Sudden Armed Assault,7706
7707,5555,A1,M,39,Udupi,Stalking Prior to Offence,7707
7708,5556,A1,M,45,Raichur,Social-Media Incited Assembly,7708
7709,5556,A2,M,21,Raichur,Social-Media Incited Assembly,7709
7710,5556,A3,M,29,Raichur,Social-Media Incited Assembly,7710
7711,5557,A1,M,44,Raichur,Night-time House Break-in,7711
7712,5557,A2,M,16,Raichur,Night-time House Break-in,7712
7713,5558,A1,M,23,Belagavi,Workplace Harassment,7713
7714,5558,A2,M,31,Belagavi,Known-Person Domestic Abuse,7714
7715,5559,A1,M,32,Bengaluru City,Vehicle Theft (Parked),7715
7716,5561,A1,M,19,Mysuru,Sudden Armed Assault,7716
7717,5562,A1,M,49,Ramanagara,Dowry-Related Coercion,7717
7718,5563,A1,M,34,Uttara Kannada,Forged Document Trail,7718
7719,5563,A2,M,28,Uttara Kannada,Forged Document Trail,7719
7720,5564,A1,M,25,Udupi,Night-time House Break-in,7720
7721,5565,A1,M,40,Kolar,Fake Investment App,7721
7722,5566,A1,M,26,Bengaluru Rural,Workplace Harassment,7722
7723,5566,A2,M,21,Bengaluru Rural,Workplace Harassment,7723
7724,5567,A1,M,16,Raichur,Workplace Harassment,7724
7725,5567,A2,M,24,Raichur,Stalking Prior to Offence,7725
7726,5568,A1,M,29,Bidar,Dowry-Related Coercion,7726
7727,5570,A1,M,20,Tumakuru,Night-time House Break-in,7727
7728,5571,A1,M,16,Bengaluru City,Forged Document Trail,7728
7729,5572,A1,M,42,Hassan,Social Media Impersonation,7729
7730,5572,A2,M,32,Hassan,SIM-Swap Fraud,7730
7731,5572,A3,M,22,Hassan,SIM-Swap Fraud,7731
7732,5573,A1,F,39,Ramanagara,Break-in via Rear Entry,7732
7733,5573,A2,M,17,Ramanagara,Vehicle Theft (Parked),7733
7734,5574,A1,M,24,Bengaluru Rural,Dowry-Related Coercion,7734
7735,5574,A2,M,41,Bengaluru Rural,Stalking Prior to Offence,7735
7736,5575,A1,M,25,Mangaluru (Dakshina Kannada),Courier via Public Transport,7736
7737,5575,A2,M,32,Mangaluru (Dakshina Kannada),Courier via Public Transport,7737
7738,5576,A1,M,31,Yadgir,Stalking Prior to Offence,7738
7739,5576,A2,M,16,Yadgir,Workplace Harassment,7739
7740,5576,A3,M,29,Yadgir,Known-Person Domestic Abuse,7740
7741,5577,A1,M,31,Ramanagara,Break-in via Rear Entry,7741
7742,5578,A1,F,16,Udupi,Home Cultivation/Storage,7742
7743,5579,A1,M,37,Chamarajanagar,Vehicle Theft (Parked),7743
7744,5580,A1,M,18,Tumakuru,Cheque Bounce Fraud,7744
7745,5580,A2,M,24,Tumakuru,Shell Company Cheating,7745
7746,5581,A1,M,17,Belagavi,Vehicle Theft (Parked),7746
7747,5582,A1,M,39,Davanagere,Stalking Prior to Offence,7747
7748,5583,A1,M,27,Mysuru,Vehicle Theft (Parked),7748
7749,5584,A1,M,16,Davanagere,Forged Document Trail,7749
7750,5585,A1,M,40,Chamarajanagar,Social-Media Incited Assembly,7750
7751,5586,A1,M,21,Bengaluru City,Social Media Impersonation,7751
7752,5586,A2,M,49,Bengaluru City,Social Media Impersonation,7752
7753,5587,A1,M,26,Chitradurga,Workplace Harassment,7753
7754,5588,A1,M,39,Raichur,Phishing Link / OTP Fraud,7754
7755,5589,A1,M,46,Kalaburagi,Dowry-Related Coercion,7755
7756,5590,A1,F,26,Ballari,Workplace Harassment,7756
7757,5592,A1,M,20,Davanagere,Known-Person Domestic Abuse,7757
7758,5593,A1,F,16,Bengaluru Rural,Group Attack (Prior Enmity),7758
7759,5594,A1,M,26,Kodagu,Group Attack (Prior Enmity),7759
7760,5596,A1,M,31,Mangaluru (Dakshina Kannada),Weapon-Assisted Assault,7760
7761,5597,A1,F,27,Udupi,Dowry-Related Coercion,7761
7762,5598,A1,M,27,Tumakuru,Fake Investment App,7762
7763,5599,A1,M,44,Ramanagara,Organized Group Mobilization,7763
7764,5599,A2,M,27,Ramanagara,Organized Group Mobilization,7764
7765,5600,A1,M,23,Belagavi,Cheque Bounce Fraud,7765
7766,5600,A2,M,30,Belagavi,Forged Document Trail,7766
7767,5601,A1,F,35,Belagavi,Confrontation over Dispute,7767
7768,5602,A1,M,34,Bagalkot,Night-time House Break-in,7768
7769,5603,A1,M,29,Haveri,Dowry-Related Coercion,7769
7770,5603,A2,M,32,Haveri,Workplace Harassment,7770
7771,5604,A1,M,16,Koppal,Social-Media Incited Assembly,7771
7772,5605,A1,M,26,Davanagere,Shell Company Cheating,7772
7773,5605,A2,M,30,Davanagere,Forged Document Trail,7773
7774,5606,A1,M,27,Belagavi,Stalking Prior to Offence,7774
7775,5607,A1,F,16,Gadag,Shop Lock-Break,7775
7776,5608,A1,M,16,Shivamogga,Shop Lock-Break,7776
7777,5609,A1,M,22,Tumakuru,Stalking Prior to Offence,7777
7778,5610,A1,F,45,Chamarajanagar,Chit Fund Default,7778
7779,5610,A2,M,25,Chamarajanagar,Chit Fund Default,7779
7780,5610,A3,M,40,Chamarajanagar,Shell Company Cheating,7780
7781,5611,A1,M,27,Belagavi,Snatching in Transit,7781
7782,5612,A1,M,23,Bengaluru City,Phishing Link / OTP Fraud,7782
7783,5613,A1,M,50,Chamarajanagar,Cheque Bounce Fraud,7783
7784,5613,A2,M,19,Chamarajanagar,Chit Fund Default,7784
7785,5614,A1,M,37,Hubballi-Dharwad,Confrontation over Dispute,7785
7786,5615,A1,M,26,Bengaluru City,Shop Lock-Break,7786
7787,5615,A2,M,16,Bengaluru City,Shop Lock-Break,7787
7788,5615,A3,F,28,Bengaluru City,Break-in via Rear Entry,7788
7789,5616,A1,M,38,Tumakuru,Known-Person Domestic Abuse,7789
7790,5617,A1,M,38,Bengaluru City,Home Cultivation/Storage,7790
7791,5618,A1,M,28,Ramanagara,Known-Person Domestic Abuse,7791
7792,5619,A1,M,25,Davanagere,Sudden Armed Assault,7792
7793,5619,A2,M,26,Davanagere,Weapon-Assisted Assault,7793
7794,5620,A1,M,26,Chamarajanagar,SIM-Swap Fraud,7794
7795,5621,A1,M,27,Bengaluru City,Snatching in Transit,7795
7796,5621,A2,M,32,Bengaluru City,Snatching in Transit,7796
7797,5621,A3,M,28,Bengaluru City,Night-time House Break-in,7797
7798,5622,A1,M,24,Ramanagara,Confrontation over Dispute,7798
7799,5623,A1,M,27,Koppal,Weapon-Assisted Assault,7799
7800,5624,A1,M,16,Belagavi,SIM-Swap Fraud,7800
7801,5625,A1,M,28,Chikkamagaluru,Snatching in Transit,7801
7802,5626,A1,M,37,Shivamogga,Confrontation over Dispute,7802
7803,5626,A2,M,23,Shivamogga,Sudden Armed Assault,7803
7804,5627,A1,M,21,Belagavi,Group Attack (Prior Enmity),7804
7805,5628,A1,M,35,Belagavi,Snatching in Transit,7805
7806,5628,A2,M,19,Belagavi,Night-time House Break-in,7806
7807,5629,A1,M,43,Udupi,Fake Investment App,7807
7808,5630,A1,M,32,Shivamogga,Snatching in Transit,7808
7809,5631,A1,M,34,Bengaluru Rural,Weapon-Assisted Assault,7809
7810,5631,A2,M,32,Bengaluru Rural,Weapon-Assisted Assault,7810
7811,5632,A1,M,16,Mangaluru (Dakshina Kannada),Known-Person Domestic Abuse,7811
7812,5633,A1,F,28,Chamarajanagar,Night-time House Break-in,7812
7813,5633,A2,M,16,Chamarajanagar,Night-time House Break-in,7813
7814,5634,A1,M,34,Davanagere,Group Attack (Prior Enmity),7814
7815,5634,A2,M,18,Davanagere,Confrontation over Dispute,7815
7816,5634,A3,M,28,Davanagere,Group Attack (Prior Enmity),7816
7817,5635,A1,M,16,Ballari,Snatching in Transit,7817
7818,5635,A2,F,23,Ballari,Snatching in Transit,7818
7819,5636,A1,M,34,Raichur,Vehicle Theft (Parked),7819
7820,5636,A2,M,16,Raichur,Snatching in Transit,7820
7821,5637,A1,M,16,Davanagere,Shell Company Cheating,7821
7822,5637,A2,M,23,Davanagere,Forged Document Trail,7822
7823,5638,A1,M,39,Bengaluru Rural,Known-Person Domestic Abuse,7823
7824,5638,A2,M,29,Bengaluru Rural,Known-Person Domestic Abuse,7824
7825,5638,A3,M,34,Bengaluru Rural,Known-Person Domestic Abuse,7825
7826,5639,A1,M,49,Chikkamagaluru,Weapon-Assisted Assault,7826
7827,5639,A2,M,44,Chikkamagaluru,Confrontation over Dispute,7827
7828,5640,A1,M,37,Mysuru,Snatching in Transit,7828
7829,5640,A2,M,31,Mysuru,Snatching in Transit,7829
7830,5641,A1,M,32,Chamarajanagar,Phishing Link / OTP Fraud,7830
7831,5641,A2,M,24,Chamarajanagar,Social Media Impersonation,7831
7832,5641,A3,M,26,Chamarajanagar,SIM-Swap Fraud,7832
7833,5642,A1,M,36,Belagavi,Dowry-Related Coercion,7833
7834,5643,A1,M,23,Davanagere,Weapon-Assisted Assault,7834
7835,5644,A1,M,34,Shivamogga,Cheque Bounce Fraud,7835
7836,5646,A1,F,28,Kodagu,Weapon-Assisted Assault,7836
7837,5647,A1,F,17,Raichur,Confrontation over Dispute,7837
7838,5648,A1,M,33,Bengaluru Rural,Confrontation over Dispute,7838
7839,5649,A1,F,37,Mangaluru (Dakshina Kannada),Fake Investment App,7839
7840,5649,A2,F,17,Mangaluru (Dakshina Kannada),SIM-Swap Fraud,7840
7841,5649,A3,M,16,Mangaluru (Dakshina Kannada),Fake Investment App,7841
7842,5650,A1,M,23,Ramanagara,Workplace Harassment,7842
7843,5650,A2,M,22,Ramanagara,Dowry-Related Coercion,7843
7844,5651,A1,M,32,Bengaluru Rural,Weapon-Assisted Assault,7844
7845,5652,A1,M,41,Udupi,Workplace Harassment,7845
7846,5653,A1,M,31,Bengaluru City,Break-in via Rear Entry,7846
7847,5653,A2,M,32,Bengaluru City,Night-time House Break-in,7847
7848,5654,A1,M,23,Bengaluru Rural,Vehicle Theft (Parked),7848
7849,5654,A2,M,16,Bengaluru Rural,Shop Lock-Break,7849
7850,5656,A1,M,44,Udupi,Confrontation over Dispute,7850
7851,5657,A1,M,24,Tumakuru,Stalking Prior to Offence,7851
7852,5657,A2,M,34,Tumakuru,Dowry-Related Coercion,7852
7853,5658,A1,M,28,Belagavi,Shop Lock-Break,7853
7854,5658,A2,M,20,Belagavi,Shop Lock-Break,7854
7855,5660,A1,M,38,Chikkamagaluru,Stalking Prior to Offence,7855
7856,5661,A1,F,37,Belagavi,Night-time House Break-in,7856
7857,5662,A1,M,24,Ballari,Sudden Armed Assault,7857
7858,5662,A2,M,30,Ballari,Group Attack (Prior Enmity),7858
7859,5663,A1,M,49,Mysuru,Cheque Bounce Fraud,7859
7860,5663,A2,M,36,Mysuru,Forged Document Trail,7860
7861,5664,A1,F,24,Kodagu,Confrontation over Dispute,7861
7862,5664,A2,M,36,Kodagu,Weapon-Assisted Assault,7862
7863,5665,A1,M,38,Raichur,Confrontation over Dispute,7863
7864,5665,A2,M,34,Raichur,Weapon-Assisted Assault,7864
7865,5665,A3,F,21,Raichur,Weapon-Assisted Assault,7865
7866,5667,A1,M,22,Kodagu,Vehicle Theft (Parked),7866
7867,5668,A1,F,45,Mangaluru (Dakshina Kannada),Cross-Border Transit Route,7867
7868,5669,A1,M,33,Kodagu,Group Attack (Prior Enmity),7868
7869,5669,A2,M,39,Kodagu,Confrontation over Dispute,7869
7870,5670,A1,M,21,Davanagere,Sudden Armed Assault,7870
7871,5672,A1,M,35,Belagavi,Dowry-Related Coercion,7871
7872,5673,A1,M,21,Mangaluru (Dakshina Kannada),Phishing Link / OTP Fraud,7872
7873,5673,A2,M,28,Mangaluru (Dakshina Kannada),Phishing Link / OTP Fraud,7873
7874,5673,A3,F,31,Mangaluru (Dakshina Kannada),Fake Investment App,7874
7875,5674,A1,M,29,Mysuru,Phishing Link / OTP Fraud,7875
7876,5674,A2,F,39,Mysuru,Fake Investment App,7876
7877,5674,A3,M,27,Mysuru,Social Media Impersonation,7877
7878,5675,A1,M,33,Hubballi-Dharwad,Workplace Harassment,7878
7879,5675,A2,M,31,Hubballi-Dharwad,Workplace Harassment,7879
7880,5675,A3,M,23,Hubballi-Dharwad,Dowry-Related Coercion,7880
7881,5676,A1,M,26,Bengaluru City,Confrontation over Dispute,7881
7882,5677,A1,M,16,Mysuru,Shop Lock-Break,7882
7883,5677,A2,M,34,Mysuru,Vehicle Theft (Parked),7883
7884,5678,A1,M,24,Chikkaballapur,Shell Company Cheating,7884
7885,5678,A2,M,31,Chikkaballapur,Cheque Bounce Fraud,7885
7886,5680,A1,M,38,Kalaburagi,Chit Fund Default,7886
7887,5681,A1,M,31,Hassan,Snatching in Transit,7887
7888,5682,A1,M,21,Chitradurga,Group Attack (Prior Enmity),7888
7889,5682,A2,M,16,Chitradurga,Confrontation over Dispute,7889
7890,5683,A1,M,24,Kalaburagi,Workplace Harassment,7890
7891,5684,A1,M,25,Ballari,Home Cultivation/Storage,7891
7892,5686,A1,M,26,Bengaluru City,Known-Person Domestic Abuse,7892
7893,5686,A2,M,18,Bengaluru City,Stalking Prior to Offence,7893
7894,5687,A1,M,30,Bengaluru Rural,Snatching in Transit,7894
7895,5688,A1,F,30,Bagalkot,Dowry-Related Coercion,7895
7896,5689,A1,M,42,Chamarajanagar,Break-in via Rear Entry,7896
7897,5690,A1,M,19,Bengaluru City,Snatching in Transit,7897
7898,5691,A1,M,16,Ramanagara,Known-Person Domestic Abuse,7898
7899,5692,A1,F,26,Bidar,Known-Person Domestic Abuse,7899
7900,5692,A2,M,16,Bidar,Known-Person Domestic Abuse,7900
7901,5693,A1,M,26,Shivamogga,Shell Company Cheating,7901
7902,5693,A2,M,35,Shivamogga,Chit Fund Default,7902
7903,5694,A1,M,16,Kalaburagi,Dowry-Related Coercion,7903
7904,5695,A1,M,47,Udupi,Fake Investment App,7904
7905,5697,A1,M,26,Kodagu,Cheque Bounce Fraud,7905
7906,5698,A1,F,24,Chamarajanagar,Break-in via Rear Entry,7906
7907,5699,A1,M,39,Mangaluru (Dakshina Kannada),Courier via Public Transport,7907
7908,5700,A1,M,16,Kolar,Confrontation over Dispute,7908
7909,5701,A1,M,39,Kolar,Night-time House Break-in,7909
7910,5702,A1,F,32,Raichur,Stalking Prior to Offence,7910
7911,5703,A1,F,39,Hubballi-Dharwad,Fake Investment App,7911
7912,5703,A2,F,43,Hubballi-Dharwad,Social Media Impersonation,7912
7913,5703,A3,M,48,Hubballi-Dharwad,SIM-Swap Fraud,7913
7914,5704,A1,M,38,Bidar,Snatching in Transit,7914
7915,5705,A1,M,40,Chikkamagaluru,Snatching in Transit,7915
7916,5706,A1,M,30,Udupi,Stalking Prior to Offence,7916
7917,5706,A2,F,28,Udupi,Dowry-Related Coercion,7917
7918,5707,A1,M,44,Belagavi,Known-Person Domestic Abuse,7918
7919,5708,A1,M,31,Hassan,Group Attack (Prior Enmity),7919
7920,5709,A1,M,22,Belagavi,Shop Lock-Break,7920
7921,5710,A1,M,25,Mangaluru (Dakshina Kannada),Vehicle Theft (Parked),7921
7922,5711,A1,M,21,Ballari,Workplace Harassment,7922
7923,5712,A1,M,33,Ballari,Night-time House Break-in,7923
7924,5712,A2,M,26,Ballari,Vehicle Theft (Parked),7924
7925,5712,A3,F,16,Ballari,Shop Lock-Break,7925
7926,5713,A1,M,20,Koppal,Vehicle Theft (Parked),7926
7927,5714,A1,M,33,Haveri,Sudden Armed Assault,7927
7928,5714,A2,M,32,Haveri,Weapon-Assisted Assault,7928
7929,5715,A1,M,29,Bengaluru City,Chit Fund Default,7929
7930,5716,A1,F,17,Mysuru,Workplace Harassment,7930
7931,5717,A1,M,40,Bidar,Night-time House Break-in,7931
7932,5718,A1,F,28,Mandya,Workplace Harassment,7932
7933,5719,A1,M,22,Shivamogga,Shop Lock-Break,7933
7934,5720,A1,M,19,Mandya,Stalking Prior to Offence,7934
7935,5722,A1,M,30,Mangaluru (Dakshina Kannada),Shell Company Cheating,7935
7936,5723,A1,F,32,Ballari,Confrontation over Dispute,7936
7937,5723,A2,M,23,Ballari,Group Attack (Prior Enmity),7937
7938,5723,A3,M,37,Ballari,Confrontation over Dispute,7938
7939,5724,A1,M,28,Mysuru,Organized Group Mobilization,7939
7940,5725,A1,M,39,Hassan,Social Media Impersonation,7940
7941,5725,A2,M,20,Hassan,Phishing Link / OTP Fraud,7941
7942,5725,A3,M,44,Hassan,Phishing Link / OTP Fraud,7942
7943,5727,A1,F,18,Davanagere,Shell Company Cheating,7943
7944,5727,A2,M,16,Davanagere,Chit Fund Default,7944
7945,5728,A1,M,33,Kolar,Vehicle Theft (Parked),7945
7946,5729,A1,M,43,Ballari,Dowry-Related Coercion,7946
7947,5730,A1,M,24,Chamarajanagar,Group Attack (Prior Enmity),7947
7948,5731,A1,M,31,Chikkamagaluru,Shell Company Cheating,7948
7949,5732,A1,M,34,Yadgir,Shop Lock-Break,7949
7950,5732,A2,M,37,Yadgir,Shop Lock-Break,7950
7951,5733,A1,M,35,Davanagere,Weapon-Assisted Assault,7951
7952,5734,A1,F,32,Bengaluru City,Forged Document Trail,7952
7953,5734,A2,M,33,Bengaluru City,Forged Document Trail,7953
7954,5735,A1,M,26,Raichur,Shell Company Cheating,7954
7955,5735,A2,M,16,Raichur,Shell Company Cheating,7955
7956,5736,A1,M,27,Belagavi,Workplace Harassment,7956
7957,5736,A2,F,23,Belagavi,Dowry-Related Coercion,7957
7958,5737,A1,M,36,Kodagu,Shop Lock-Break,7958
7959,5738,A1,M,43,Mangaluru (Dakshina Kannada),Sudden Armed Assault,7959
7960,5738,A2,M,22,Mangaluru (Dakshina Kannada),Sudden Armed Assault,7960
7961,5740,A1,M,19,Hassan,Chit Fund Default,7961
7962,5741,A1,M,35,Udupi,Social Media Impersonation,7962
7963,5741,A2,M,44,Udupi,SIM-Swap Fraud,7963
7964,5742,A1,M,27,Kalaburagi,Workplace Harassment,7964
7965,5743,A1,M,30,Bengaluru Rural,Night-time House Break-in,7965
7966,5743,A2,M,16,Bengaluru Rural,Night-time House Break-in,7966
7967,5744,A1,M,19,Haveri,Home Cultivation/Storage,7967
7968,5744,A2,M,22,Haveri,Cross-Border Transit Route,7968
7969,5745,A1,M,23,Chitradurga,Weapon-Assisted Assault,7969
7970,5745,A2,M,27,Chitradurga,Weapon-Assisted Assault,7970
7971,5745,A3,M,22,Chitradurga,Sudden Armed Assault,7971
7972,5746,A1,M,16,Tumakuru,Sudden Armed Assault,7972
7973,5746,A2,F,28,Tumakuru,Group Attack (Prior Enmity),7973
7974,5747,A1,M,24,Tumakuru,Weapon-Assisted Assault,7974
7975,5748,A1,M,32,Bidar,Stalking Prior to Offence,7975
7976,5749,A1,M,20,Kolar,Vehicle Theft (Parked),7976
7977,5750,A1,M,31,Koppal,Stalking Prior to Offence,7977
7978,5750,A2,M,39,Koppal,Workplace Harassment,7978
7979,5751,A1,M,25,Bengaluru City,Sudden Armed Assault,7979
7980,5752,A1,M,31,Hubballi-Dharwad,Cross-Border Transit Route,7980
7981,5753,A1,F,23,Davanagere,Night-time House Break-in,7981
7982,5754,A1,M,20,Haveri,Organized Group Mobilization,7982
7983,5755,A1,M,31,Kolar,Group Attack (Prior Enmity),7983
7984,5755,A2,M,38,Kolar,Group Attack (Prior Enmity),7984
7985,5755,A3,M,34,Kolar,Sudden Armed Assault,7985
7986,5756,A1,M,16,Chikkamagaluru,Vehicle Theft (Parked),7986
7987,5756,A2,M,25,Chikkamagaluru,Snatching in Transit,7987
7988,5757,A1,F,16,Hassan,Sudden Armed Assault,7988
7989,5757,A2,M,25,Hassan,Weapon-Assisted Assault,7989
7990,5757,A3,M,23,Hassan,Sudden Armed Assault,7990
7991,5758,A1,M,19,Bengaluru City,Weapon-Assisted Assault,7991
7992,5759,A1,M,35,Shivamogga,Phishing Link / OTP Fraud,7992
7993,5760,A1,M,22,Yadgir,Shop Lock-Break,7993
7994,5760,A2,M,23,Yadgir,Night-time House Break-in,7994
7995,5760,A3,M,36,Yadgir,Night-time House Break-in,7995
7996,5761,A1,M,34,Gadag,Confrontation over Dispute,7996
7997,5761,A2,M,26,Gadag,Weapon-Assisted Assault,7997
7998,5762,A1,M,37,Ballari,Weapon-Assisted Assault,7998
7999,5763,A1,M,38,Kalaburagi,Chit Fund Default,7999
8000,5764,A1,M,46,Mysuru,Group Attack (Prior Enmity),8000
8001,5764,A2,M,31,Mysuru,Confrontation over Dispute,8001
8002,5765,A1,F,39,Mysuru,Stalking Prior to Offence,8002
8003,5765,A2,M,38,Mysuru,Stalking Prior to Offence,8003
8004,5766,A1,M,23,Bengaluru City,Phishing Link / OTP Fraud,8004
8005,5767,A1,M,21,Bagalkot,Weapon-Assisted Assault,8005
8006,5768,A1,M,23,Kalaburagi,Shop Lock-Break,8006
8007,5768,A2,M,33,Kalaburagi,Break-in via Rear Entry,8007
8008,5769,A1,M,18,Belagavi,Weapon-Assisted Assault,8008
8009,5769,A2,F,24,Belagavi,Weapon-Assisted Assault,8009
8010,5770,A1,M,31,Hassan,Dowry-Related Coercion,8010
8011,5771,A1,F,16,Vijayapura,Shop Lock-Break,8011
8012,5771,A2,M,16,Vijayapura,Vehicle Theft (Parked),8012
8013,5772,A1,M,25,Bengaluru Rural,Known-Person Domestic Abuse,8013
8014,5773,A1,M,27,Tumakuru,Confrontation over Dispute,8014
8015,5773,A2,M,42,Tumakuru,Confrontation over Dispute,8015
8016,5774,A1,M,36,Tumakuru,Break-in via Rear Entry,8016
8017,5774,A2,M,46,Tumakuru,Night-time House Break-in,8017
8018,5776,A1,M,25,Hubballi-Dharwad,Workplace Harassment,8018
8019,5777,A1,M,39,Mandya,Sudden Armed Assault,8019
8020,5777,A2,M,19,Mandya,Weapon-Assisted Assault,8020
8021,5778,A1,F,33,Bengaluru City,Sudden Armed Assault,8021
8022,5779,A1,M,34,Gadag,Break-in via Rear Entry,8022
8023,5779,A2,M,35,Gadag,Snatching in Transit,8023
8024,5779,A3,F,33,Gadag,Night-time House Break-in,8024
8025,5780,A1,M,31,Hubballi-Dharwad,SIM-Swap Fraud,8025
8026,5780,A2,M,44,Hubballi-Dharwad,SIM-Swap Fraud,8026
8027,5781,A1,F,19,Tumakuru,Break-in via Rear Entry,8027
8028,5781,A2,M,23,Tumakuru,Vehicle Theft (Parked),8028
8029,5782,A1,M,32,Udupi,Break-in via Rear Entry,8029
8030,5782,A2,M,41,Udupi,Vehicle Theft (Parked),8030
8031,5782,A3,F,16,Udupi,Break-in via Rear Entry,8031
8032,5783,A1,M,19,Yadgir,Home Cultivation/Storage,8032
8033,5784,A1,M,42,Yadgir,Break-in via Rear Entry,8033
8034,5785,A1,M,23,Bengaluru City,Social Media Impersonation,8034
8035,5785,A2,M,48,Bengaluru City,Fake Investment App,8035
8036,5786,A1,F,50,Udupi,Known-Person Domestic Abuse,8036
8037,5786,A2,M,25,Udupi,Stalking Prior to Offence,8037
8038,5786,A3,M,32,Udupi,Dowry-Related Coercion,8038
8039,5787,A1,M,33,Hassan,Sudden Armed Assault,8039
8040,5788,A1,M,46,Tumakuru,Confrontation over Dispute,8040
8041,5789,A1,M,24,Belagavi,Break-in via Rear Entry,8041
8042,5789,A2,M,30,Belagavi,Break-in via Rear Entry,8042
8043,5789,A3,M,25,Belagavi,Snatching in Transit,8043
8044,5790,A1,M,27,Vijayapura,Weapon-Assisted Assault,8044
8045,5790,A2,M,26,Vijayapura,Group Attack (Prior Enmity),8045
8046,5790,A3,M,34,Vijayapura,Sudden Armed Assault,8046
8047,5792,A1,M,16,Bidar,SIM-Swap Fraud,8047
8048,5793,A1,M,31,Tumakuru,SIM-Swap Fraud,8048
8049,5794,A1,M,20,Belagavi,Sudden Armed Assault,8049
8050,5794,A2,F,18,Belagavi,Group Attack (Prior Enmity),8050
8051,5795,A1,M,37,Koppal,Sudden Armed Assault,8051
8052,5795,A2,M,29,Koppal,Group Attack (Prior Enmity),8052
8053,5796,A1,M,25,Bidar,Social Media Impersonation,8053
8054,5797,A1,M,25,Kodagu,Night-time House Break-in,8054
8055,5798,A1,M,22,Bidar,Vehicle Theft (Parked),8055
8056,5798,A2,M,25,Bidar,Break-in via Rear Entry,8056
8057,5798,A3,M,22,Bidar,Night-time House Break-in,8057
8058,5799,A1,M,44,Kolar,Sudden Armed Assault,8058
8059,5799,A2,M,36,Kolar,Sudden Armed Assault,8059
8060,5800,A1,M,16,Mangaluru (Dakshina Kannada),Group Attack (Prior Enmity),8060
8061,5800,A2,M,34,Mangaluru (Dakshina Kannada),Group Attack (Prior Enmity),8061
8062,5801,A1,M,41,Mysuru,Snatching in Transit,8062
8063,5802,A1,F,48,Mysuru,Phishing Link / OTP Fraud,8063
8064,5802,A2,M,27,Mysuru,Fake Investment App,8064
8065,5802,A3,M,27,Mysuru,Social Media Impersonation,8065
8066,5803,A1,M,29,Tumakuru,Confrontation over Dispute,8066
8067,5803,A2,M,16,Tumakuru,Sudden Armed Assault,8067
8068,5803,A3,M,16,Tumakuru,Confrontation over Dispute,8068
8069,5804,A1,M,44,Belagavi,Sudden Armed Assault,8069
8070,5805,A1,F,25,Mysuru,Cheque Bounce Fraud,8070
8071,5805,A2,M,39,Mysuru,Forged Document Trail,8071
8072,5805,A3,M,47,Mysuru,Shell Company Cheating,8072
8073,5806,A1,M,19,Gadag,Sudden Armed Assault,8073
8074,5806,A2,M,38,Gadag,Confrontation over Dispute,8074
8075,5807,A1,M,45,Mysuru,Weapon-Assisted Assault,8075
8076,5807,A2,M,46,Mysuru,Group Attack (Prior Enmity),8076
8077,5808,A1,M,17,Belagavi,Fake Investment App,8077
8078,5808,A2,M,40,Belagavi,Fake Investment App,8078
8079,5809,A1,F,27,Bengaluru Rural,Organized Group Mobilization,8079
8080,5810,A1,M,29,Hassan,Organized Group Mobilization,8080
8081,5812,A1,M,26,Mangaluru (Dakshina Kannada),Weapon-Assisted Assault,8081
8082,5813,A1,M,37,Davanagere,Shell Company Cheating,8082
8083,5813,A2,M,31,Davanagere,Chit Fund Default,8083
8084,5814,A1,M,35,Bagalkot,Known-Person Domestic Abuse,8084
8085,5815,A1,M,29,Ballari,SIM-Swap Fraud,8085
8086,5816,A1,M,23,Vijayapura,Known-Person Domestic Abuse,8086
8087,5816,A2,F,34,Vijayapura,Known-Person Domestic Abuse,8087
8088,5817,A1,M,23,Mangaluru (Dakshina Kannada),Known-Person Domestic Abuse,8088
8089,5818,A1,M,28,Chamarajanagar,Group Attack (Prior Enmity),8089
8090,5819,A1,M,33,Kalaburagi,Stalking Prior to Offence,8090
8091,5820,A1,M,32,Bengaluru Rural,Weapon-Assisted Assault,8091
8092,5821,A1,M,32,Bagalkot,Night-time House Break-in,8092
8093,5822,A1,M,31,Bagalkot,Stalking Prior to Offence,8093
8094,5823,A1,M,22,Chamarajanagar,Snatching in Transit,8094
8095,5824,A1,M,20,Mangaluru (Dakshina Kannada),Fake Investment App,8095
8096,5824,A2,F,34,Mangaluru (Dakshina Kannada),Fake Investment App,8096
8097,5825,A1,M,24,Bidar,Fake Investment App,8097
8098,5825,A2,M,42,Bidar,Phishing Link / OTP Fraud,8098
8099,5826,A1,F,31,Raichur,Break-in via Rear Entry,8099
8100,5827,A1,M,31,Chamarajanagar,Snatching in Transit,8100
8101,5827,A2,M,38,Chamarajanagar,Shop Lock-Break,8101
8102,5828,A1,M,16,Udupi,Confrontation over Dispute,8102
8103,5829,A1,M,28,Bengaluru Rural,Known-Person Domestic Abuse,8103
8104,5829,A2,M,16,Bengaluru Rural,Known-Person Domestic Abuse,8104
8105,5830,A1,M,33,Belagavi,Organized Group Mobilization,8105
8106,5831,A1,M,16,Davanagere,Shop Lock-Break,8106
8107,5832,A1,F,19,Ramanagara,Cheque Bounce Fraud,8107
8108,5833,A1,M,32,Gadag,Shell Company Cheating,8108
8109,5834,A1,F,24,Mysuru,Break-in via Rear Entry,8109
8110,5836,A1,M,28,Mysuru,Night-time House Break-in,8110
8111,5837,A1,M,25,Mangaluru (Dakshina Kannada),Weapon-Assisted Assault,8111
8112,5838,A1,M,25,Mangaluru (Dakshina Kannada),Sudden Armed Assault,8112
8113,5839,A1,F,22,Belagavi,Vehicle Theft (Parked),8113
8114,5839,A2,M,38,Belagavi,Break-in via Rear Entry,8114
8115,5840,A1,M,28,Davanagere,SIM-Swap Fraud,8115
8116,5841,A1,M,23,Bengaluru City,Stalking Prior to Offence,8116
8117,5841,A2,M,39,Bengaluru City,Known-Person Domestic Abuse,8117
8118,5841,A3,M,20,Bengaluru City,Known-Person Domestic Abuse,8118
8119,5842,A1,M,16,Bengaluru Rural,Workplace Harassment,8119
8120,5842,A2,M,35,Bengaluru Rural,Known-Person Domestic Abuse,8120
8121,5843,A1,F,25,Bengaluru City,Shop Lock-Break,8121
8122,5844,A1,M,42,Chamarajanagar,Vehicle Theft (Parked),8122
8123,5845,A1,F,22,Bengaluru Rural,Confrontation over Dispute,8123
8124,5846,A1,M,43,Bengaluru Rural,Snatching in Transit,8124
8125,5847,A1,M,44,Bengaluru City,Home Cultivation/Storage,8125
8126,5847,A2,M,29,Bengaluru City,Courier via Public Transport,8126
8127,5848,A1,M,28,Mysuru,Social Media Impersonation,8127
8128,5849,A1,M,26,Chamarajanagar,Workplace Harassment,8128
8129,5851,A1,M,26,Hassan,Cheque Bounce Fraud,8129
8130,5851,A2,M,23,Hassan,Chit Fund Default,8130
8131,5852,A1,M,19,Ramanagara,Snatching in Transit,8131
8132,5852,A2,F,27,Ramanagara,Snatching in Transit,8132
8133,5853,A1,M,19,Mysuru,Snatching in Transit,8133
8134,5853,A2,M,16,Mysuru,Snatching in Transit,8134
8135,5854,A1,M,18,Hassan,Shop Lock-Break,8135
8136,5855,A1,M,18,Mangaluru (Dakshina Kannada),Workplace Harassment,8136
8137,5855,A2,M,34,Mangaluru (Dakshina Kannada),Workplace Harassment,8137
8138,5856,A1,M,35,Hubballi-Dharwad,Group Attack (Prior Enmity),8138
8139,5856,A2,M,24,Hubballi-Dharwad,Sudden Armed Assault,8139
8140,5857,A1,F,21,Kolar,Night-time House Break-in,8140
8141,5858,A1,M,40,Haveri,Cheque Bounce Fraud,8141
8142,5859,A1,M,23,Chikkamagaluru,SIM-Swap Fraud,8142
8143,5859,A2,M,33,Chikkamagaluru,SIM-Swap Fraud,8143
8144,5860,A1,M,41,Bengaluru Rural,Dowry-Related Coercion,8144
8145,5861,A1,M,28,Bengaluru City,Confrontation over Dispute,8145
8146,5861,A2,M,33,Bengaluru City,Sudden Armed Assault,8146
8147,5861,A3,M,32,Bengaluru City,Weapon-Assisted Assault,8147
8148,5862,A1,F,35,Bagalkot,Weapon-Assisted Assault,8148
8149,5863,A1,M,34,Hassan,Workplace Harassment,8149
8150,5864,A1,M,40,Kolar,SIM-Swap Fraud,8150
8151,5864,A2,M,31,Kolar,Fake Investment App,8151
8152,5865,A1,M,26,Bengaluru Rural,Dowry-Related Coercion,8152
8153,5866,A1,F,34,Kodagu,Organized Group Mobilization,8153
8154,5867,A1,M,39,Belagavi,Forged Document Trail,8154
8155,5868,A1,M,37,Udupi,Dowry-Related Coercion,8155
8156,5868,A2,M,37,Udupi,Known-Person Domestic Abuse,8156
8157,5868,A3,F,35,Udupi,Stalking Prior to Offence,8157
8158,5869,A1,M,44,Bengaluru City,Social Media Impersonation,8158
8159,5870,A1,M,33,Chamarajanagar,Known-Person Domestic Abuse,8159
8160,5870,A2,M,32,Chamarajanagar,Dowry-Related Coercion,8160
8161,5871,A1,M,44,Bengaluru Rural,Sudden Armed Assault,8161
8162,5871,A2,M,16,Bengaluru Rural,Weapon-Assisted Assault,8162
8163,5872,A1,M,21,Bengaluru Rural,Cheque Bounce Fraud,8163
8164,5873,A1,M,31,Mangaluru (Dakshina Kannada),Phishing Link / OTP Fraud,8164
8165,5874,A1,M,20,Belagavi,Sudden Armed Assault,8165
8166,5875,A1,M,25,Bengaluru City,Vehicle Theft (Parked),8166
8167,5876,A1,M,18,Ramanagara,Stalking Prior to Offence,8167
8168,5877,A1,M,33,Mangaluru (Dakshina Kannada),Social Media Impersonation,8168
8169,5878,A1,M,28,Belagavi,Night-time House Break-in,8169
8170,5879,A1,M,42,Gadag,Stalking Prior to Offence,8170
8171,5880,A1,M,26,Bengaluru City,Known-Person Domestic Abuse,8171
8172,5880,A2,M,25,Bengaluru City,Dowry-Related Coercion,8172
8173,5881,A1,M,30,Koppal,Weapon-Assisted Assault,8173
8174,5881,A2,M,26,Koppal,Group Attack (Prior Enmity),8174
8175,5881,A3,M,29,Koppal,Confrontation over Dispute,8175
8176,5882,A1,F,17,Belagavi,Sudden Armed Assault,8176
8177,5882,A2,M,26,Belagavi,Sudden Armed Assault,8177
8178,5883,A1,M,23,Bidar,Known-Person Domestic Abuse,8178
8179,5884,A1,M,40,Haveri,Shop Lock-Break,8179
8180,5885,A1,M,24,Udupi,Stalking Prior to Offence,8180
8181,5886,A1,M,26,Kalaburagi,Known-Person Domestic Abuse,8181
8182,5886,A2,M,25,Kalaburagi,Dowry-Related Coercion,8182
8183,5886,A3,M,36,Kalaburagi,Dowry-Related Coercion,8183
8184,5887,A1,M,25,Tumakuru,Shop Lock-Break,8184
8185,5887,A2,M,40,Tumakuru,Break-in via Rear Entry,8185
8186,5887,A3,M,26,Tumakuru,Shop Lock-Break,8186
8187,5888,A1,M,39,Mandya,Known-Person Domestic Abuse,8187
8188,5889,A1,M,30,Bengaluru Rural,Cheque Bounce Fraud,8188
8189,5890,A1,M,30,Davanagere,Known-Person Domestic Abuse,8189
8190,5891,A1,M,25,Chamarajanagar,Dowry-Related Coercion,8190
8191,5892,A1,M,30,Bengaluru Rural,Known-Person Domestic Abuse,8191
8192,5893,A1,M,16,Yadgir,Night-time House Break-in,8192
8193,5894,A1,M,36,Davanagere,Home Cultivation/Storage,8193
8194,5895,A1,M,23,Bengaluru Rural,Weapon-Assisted Assault,8194
8195,5895,A2,M,31,Bengaluru Rural,Weapon-Assisted Assault,8195
8196,5895,A3,M,44,Bengaluru Rural,Group Attack (Prior Enmity),8196
8197,5897,A1,M,39,Bengaluru City,Weapon-Assisted Assault,8197
8198,5898,A1,M,35,Tumakuru,Confrontation over Dispute,8198
8199,5898,A2,M,19,Tumakuru,Group Attack (Prior Enmity),8199
8200,5898,A3,M,28,Tumakuru,Weapon-Assisted Assault,8200
8201,5899,A1,M,25,Bagalkot,Confrontation over Dispute,8201
8202,5900,A1,M,19,Kodagu,SIM-Swap Fraud,8202
8203,5901,A1,M,28,Raichur,Dowry-Related Coercion,8203
8204,5901,A2,M,27,Raichur,Workplace Harassment,8204
8205,5902,A1,M,16,Haveri,Chit Fund Default,8205
8206,5902,A2,M,42,Haveri,Cheque Bounce Fraud,8206
8207,5903,A1,M,35,Davanagere,Chit Fund Default,8207
8208,5904,A1,M,31,Belagavi,Confrontation over Dispute,8208
8209,5904,A2,M,25,Belagavi,Sudden Armed Assault,8209
8210,5904,A3,M,35,Belagavi,Sudden Armed Assault,8210
8211,5905,A1,M,22,Hassan,Stalking Prior to Offence,8211
8212,5907,A1,M,37,Raichur,Night-time House Break-in,8212
8213,5908,A1,M,18,Gadag,Snatching in Transit,8213
8214,5909,A1,M,29,Davanagere,Confrontation over Dispute,8214
8215,5910,A1,M,16,Bengaluru Rural,Home Cultivation/Storage,8215
8216,5910,A2,M,33,Bengaluru Rural,Home Cultivation/Storage,8216
8217,5911,A1,F,16,Udupi,Workplace Harassment,8217
8218,5912,A1,M,20,Raichur,Home Cultivation/Storage,8218
8219,5913,A1,M,26,Kalaburagi,Dowry-Related Coercion,8219
8220,5914,A1,M,17,Raichur,Workplace Harassment,8220
8221,5915,A1,M,32,Mangaluru (Dakshina Kannada),Social-Media Incited Assembly,8221
8222,5915,A2,M,16,Mangaluru (Dakshina Kannada),Social-Media Incited Assembly,8222
8223,5915,A3,M,36,Mangaluru (Dakshina Kannada),Organized Group Mobilization,8223
8224,5916,A1,M,16,Kalaburagi,Courier via Public Transport,8224
8225,5917,A1,M,44,Mandya,Stalking Prior to Offence,8225
8226,5917,A2,M,19,Mandya,Dowry-Related Coercion,8226
8227,5917,A3,M,46,Mandya,Dowry-Related Coercion,8227
8228,5918,A1,M,37,Bengaluru Rural,Snatching in Transit,8228
8229,5918,A2,M,21,Bengaluru Rural,Night-time House Break-in,8229
8230,5919,A1,F,33,Mandya,Snatching in Transit,8230
8231,5919,A2,M,16,Mandya,Break-in via Rear Entry,8231
8232,5920,A1,M,20,Udupi,Confrontation over Dispute,8232
8233,5921,A1,M,18,Shivamogga,Group Attack (Prior Enmity),8233
8234,5922,A1,M,31,Mangaluru (Dakshina Kannada),Break-in via Rear Entry,8234
8235,5923,A1,M,32,Bengaluru City,Confrontation over Dispute,8235
8236,5923,A2,M,16,Bengaluru City,Sudden Armed Assault,8236
8237,5924,A1,M,25,Ballari,Group Attack (Prior Enmity),8237
8238,5925,A1,F,41,Kolar,Stalking Prior to Offence,8238
8239,5925,A2,M,22,Kolar,Stalking Prior to Offence,8239
8240,5926,A1,M,16,Koppal,Sudden Armed Assault,8240
8241,5926,A2,M,40,Koppal,Weapon-Assisted Assault,8241
8242,5927,A1,M,41,Mysuru,Known-Person Domestic Abuse,8242
8243,5928,A1,M,26,Tumakuru,Social Media Impersonation,8243
8244,5928,A2,M,16,Tumakuru,SIM-Swap Fraud,8244
8245,5929,A1,M,24,Hubballi-Dharwad,Weapon-Assisted Assault,8245
8246,5930,A1,M,31,Ramanagara,Break-in via Rear Entry,8246
8247,5930,A2,M,16,Ramanagara,Vehicle Theft (Parked),8247
8248,5931,A1,F,32,Ballari,Known-Person Domestic Abuse,8248
8249,5933,A1,M,27,Bengaluru Rural,Known-Person Domestic Abuse,8249
8250,5934,A1,M,21,Mysuru,Dowry-Related Coercion,8250
8251,5935,A1,F,25,Bengaluru City,Stalking Prior to Offence,8251
8252,5935,A2,M,38,Bengaluru City,Stalking Prior to Offence,8252
8253,5936,A1,M,33,Kodagu,SIM-Swap Fraud,8253
8254,5937,A1,M,24,Ballari,Night-time House Break-in,8254
8255,5938,A1,M,39,Shivamogga,Night-time House Break-in,8255
8256,5939,A1,M,21,Chikkamagaluru,Group Attack (Prior Enmity),8256
8257,5940,A1,M,25,Mangaluru (Dakshina Kannada),Snatching in Transit,8257
8258,5941,A1,M,47,Chikkamagaluru,Cheque Bounce Fraud,8258
8259,5941,A2,M,48,Chikkamagaluru,Chit Fund Default,8259
8260,5942,A1,F,44,Belagavi,Break-in via Rear Entry,8260
8261,5942,A2,M,16,Belagavi,Break-in via Rear Entry,8261
8262,5942,A3,M,44,Belagavi,Shop Lock-Break,8262
8263,5943,A1,M,29,Mangaluru (Dakshina Kannada),Cheque Bounce Fraud,8263
8264,5943,A2,M,30,Mangaluru (Dakshina Kannada),Shell Company Cheating,8264
8265,5944,A1,F,32,Ramanagara,Night-time House Break-in,8265
8266,5945,A1,M,28,Yadgir,Sudden Armed Assault,8266
8267,5946,A1,M,27,Bengaluru Rural,Phishing Link / OTP Fraud,8267
8268,5946,A2,M,16,Bengaluru Rural,Phishing Link / OTP Fraud,8268
8269,5946,A3,M,20,Bengaluru Rural,Fake Investment App,8269
8270,5947,A1,F,26,Gadag,Phishing Link / OTP Fraud,8270
8271,5947,A2,M,34,Gadag,Fake Investment App,8271
8272,5947,A3,M,20,Gadag,Fake Investment App,8272
8273,5948,A1,M,31,Mangaluru (Dakshina Kannada),Weapon-Assisted Assault,8273
8274,5949,A1,M,30,Mysuru,Stalking Prior to Offence,8274
8275,5950,A1,M,28,Belagavi,Courier via Public Transport,8275
8276,5951,A1,F,36,Mangaluru (Dakshina Kannada),Break-in via Rear Entry,8276
8277,5952,A1,M,20,Belagavi,Group Attack (Prior Enmity),8277
8278,5953,A1,M,26,Davanagere,Confrontation over Dispute,8278
8279,5954,A1,M,21,Hassan,Phishing Link / OTP Fraud,8279
8280,5955,A1,M,28,Bengaluru Rural,Shop Lock-Break,8280
8281,5956,A1,M,16,Tumakuru,Dowry-Related Coercion,8281
8282,5956,A2,M,26,Tumakuru,Known-Person Domestic Abuse,8282
8283,5957,A1,M,27,Bengaluru City,Group Attack (Prior Enmity),8283
8284,5957,A2,M,30,Bengaluru City,Group Attack (Prior Enmity),8284
8285,5958,A1,M,24,Shivamogga,Weapon-Assisted Assault,8285
8286,5960,A1,M,40,Kodagu,Snatching in Transit,8286
8287,5962,A1,F,31,Mysuru,Confrontation over Dispute,8287
8288,5962,A2,M,47,Mysuru,Group Attack (Prior Enmity),8288
8289,5963,A1,F,35,Haveri,Workplace Harassment,8289
8290,5963,A2,M,16,Haveri,Dowry-Related Coercion,8290
8291,5964,A1,M,31,Chikkamagaluru,Workplace Harassment,8291
8292,5964,A2,M,27,Chikkamagaluru,Stalking Prior to Offence,8292
8293,5964,A3,F,42,Chikkamagaluru,Workplace Harassment,8293
8294,5965,A1,M,26,Mangaluru (Dakshina Kannada),Snatching in Transit,8294
8295,5966,A1,M,28,Bengaluru City,Cheque Bounce Fraud,8295
8296,5967,A1,M,39,Bengaluru Rural,Workplace Harassment,8296
8297,5968,A1,M,28,Mysuru,Fake Investment App,8297
8298,5968,A2,M,37,Mysuru,Social Media Impersonation,8298
8299,5968,A3,M,27,Mysuru,Fake Investment App,8299
8300,5969,A1,M,28,Udupi,Group Attack (Prior Enmity),8300
8301,5969,A2,M,27,Udupi,Weapon-Assisted Assault,8301
8302,5970,A1,M,22,Belagavi,Group Attack (Prior Enmity),8302
8303,5970,A2,M,22,Belagavi,Group Attack (Prior Enmity),8303
8304,5971,A1,F,25,Vijayapura,Forged Document Trail,8304
8305,5972,A1,M,24,Mangaluru (Dakshina Kannada),Night-time House Break-in,8305
8306,5974,A1,M,29,Shivamogga,Dowry-Related Coercion,8306
8307,5975,A1,M,38,Bagalkot,Confrontation over Dispute,8307
8308,5976,A1,M,28,Vijayapura,Sudden Armed Assault,8308
8309,5977,A1,M,24,Chikkamagaluru,Social Media Impersonation,8309
8310,5977,A2,M,40,Chikkamagaluru,Social Media Impersonation,8310
8311,5978,A1,M,25,Bengaluru Rural,Social Media Impersonation,8311
8312,5978,A2,M,25,Bengaluru Rural,SIM-Swap Fraud,8312
8313,5979,A1,M,24,Mandya,Chit Fund Default,8313
8314,5980,A1,M,23,Mangaluru (Dakshina Kannada),Workplace Harassment,8314
8315,5981,A1,M,39,Hubballi-Dharwad,Break-in via Rear Entry,8315
8316,5982,A1,F,26,Udupi,Group Attack (Prior Enmity),8316
8317,5983,A1,M,18,Mangaluru (Dakshina Kannada),Dowry-Related Coercion,8317
8318,5984,A1,M,16,Mysuru,Workplace Harassment,8318
8319,5985,A1,M,31,Chitradurga,Group Attack (Prior Enmity),8319
8320,5986,A1,M,20,Bengaluru Rural,Stalking Prior to Offence,8320
8321,5987,A1,M,35,Bagalkot,Fake Investment App,8321
8322,5987,A2,M,23,Bagalkot,Fake Investment App,8322
8323,5988,A1,M,36,Mysuru,Sudden Armed Assault,8323
8324,5989,A1,M,33,Chamarajanagar,Cross-Border Transit Route,8324
8325,5990,A1,M,25,Bidar,Phishing Link / OTP Fraud,8325
8326,5991,A1,M,40,Davanagere,Confrontation over Dispute,8326
8327,5992,A1,M,29,Bidar,Social-Media Incited Assembly,8327
8328,5992,A2,M,31,Bidar,Social-Media Incited Assembly,8328
8329,5993,A1,M,23,Chitradurga,Workplace Harassment,8329
8330,5993,A2,M,35,Chitradurga,Dowry-Related Coercion,8330
8331,5993,A3,M,23,Chitradurga,Dowry-Related Coercion,8331
8332,5994,A1,M,37,Belagavi,Sudden Armed Assault,8332
8333,5995,A1,M,17,Tumakuru,Sudden Armed Assault,8333
8334,5996,A1,M,31,Bengaluru City,Night-time House Break-in,8334
8335,5997,A1,M,39,Chamarajanagar,Social Media Impersonation,8335
8336,5997,A2,M,41,Chamarajanagar,Social Media Impersonation,8336
8337,5998,A1,M,30,Shivamogga,Stalking Prior to Offence,8337
8338,5999,A1,M,25,Tumakuru,SIM-Swap Fraud,8338
8339,6000,A1,M,29,Belagavi,Snatching in Transit,8339
8340,2873,A_r,M,38,Bengaluru Rural,Chit Fund Default,784
8341,3182,A_r,M,38,Bengaluru Rural,Confrontation over Dispute,784
8342,636,A_r,M,38,Bengaluru Rural,Confrontation over Dispute,784
8343,2517,A_r,M,46,Kalaburagi,Shop Lock-Break,2356
8344,3413,A_r,M,46,Kalaburagi,Sudden Armed Assault,2356
8345,3944,A_r,M,22,Mysuru,Night-time House Break-in,6803
8346,3082,A_r,M,22,Mysuru,Confrontation over Dispute,6803
8347,3250,A_r,M,22,Bengaluru City,Chit Fund Default,6803
8348,5647,A_r,M,22,Raichur,Weapon-Assisted Assault,2887
8349,4691,A_r,F,16,Mandya,Vehicle Theft (Parked),4398
8350,4250,A_r,F,16,Bengaluru City,Dowry-Related Coercion,4398
8351,216,A_r,F,16,Mysuru,Vehicle Theft (Parked),4398
8352,5338,A_r,M,34,Chitradurga,Cheque Bounce Fraud,1061
8353,2308,A_r,M,19,Bidar,Snatching in Transit,6702
8354,5891,A_r,M,19,Chamarajanagar,Snatching in Transit,6702
8355,2762,A_r,M,19,Bengaluru Rural,Group Attack (Prior Enmity),6702
8356,351,A_r,M,32,Yadgir,Snatching in Transit,2317
8357,4552,A_r,M,20,Raichur,Stalking Prior to Offence,4382
8358,2682,A_r,M,20,Raichur,Stalking Prior to Offence,4382
8359,4313,A_r,M,20,Raichur,Stalking Prior to Offence,4382
8360,3165,A_r,M,34,Bengaluru City,Group Attack (Prior Enmity),8061
8361,5851,A_r,F,25,Hassan,Shell Company Cheating,2798
8362,3105,A_r,F,25,Hassan,Dowry-Related Coercion,2798
8363,1477,A_r,F,25,Hassan,Dowry-Related Coercion,2798
8364,2785,A_r,F,22,Bengaluru Rural,Courier via Public Transport,5202
8365,3619,A_r,F,22,Vijayapura,Sudden Armed Assault,5202
8366,5790,A_r,F,22,Vijayapura,Shop Lock-Break,7625
8367,1063,A_r,F,22,Belagavi,Shop Lock-Break,7625
8368,3019,A_r,F,22,Chikkamagaluru,Weapon-Assisted Assault,7625
8369,299,A_r,M,27,Udupi,Break-in via Rear Entry,3989
8370,4030,A_r,M,27,Udupi,Weapon-Assisted Assault,3989
8371,5341,A_r,M,27,Udupi,Group Attack (Prior Enmity),3989
8372,351,A_r,M,35,Yadgir,Social Media Impersonation,1042
8373,4828,A_r,M,35,Koppal,Social-Media Incited Assembly,1042
8374,3101,A_r,M,35,Chamarajanagar,Social Media Impersonation,1042
8375,17,A_r,F,24,Hassan,Vehicle Theft (Parked),7251
8376,2311,A_r,M,33,Bengaluru Rural,Known-Person Domestic Abuse,4934
8377,1826,A_r,M,33,Bengaluru Rural,Known-Person Domestic Abuse,4934
8378,3623,A_r,M,16,Kodagu,Fake Investment App,369
8379,2752,A_r,M,41,Mysuru,Workplace Harassment,8242
8380,5400,A_r,M,23,Raichur,Shop Lock-Break,4167
8381,5591,A_r,M,23,Bengaluru Rural,Forged Document Trail,4167
8382,5436,A_r,M,23,Bengaluru City,Break-in via Rear Entry,4318
8383,3421,A_r,M,23,Belagavi,Shell Company Cheating,4318
8384,131,A_r,M,23,Hassan,Break-in via Rear Entry,4318
8385,3055,A_r,M,30,Chitradurga,Dowry-Related Coercion,7001
8386,1240,A_r,M,27,Yadgir,Cross-Border Transit Route,6367
8387,3225,A_r,M,27,Shivamogga,Cross-Border Transit Route,6367
8388,3000,A_r,M,31,Kolar,Forged Document Trail,1166
8389,238,A_r,M,29,Bengaluru Rural,Sudden Armed Assault,6482
8390,2649,A_r,M,29,Hubballi-Dharwad,Sudden Armed Assault,6482
8391,4022,A_r,M,29,Bengaluru Rural,Sudden Armed Assault,6482
8392,3625,A_r,M,21,Belagavi,Snatching in Transit,1140
8393,5945,A_r,M,38,Yadgir,Social Media Impersonation,5931
8394,4013,A_r,M,38,Yadgir,Social Media Impersonation,5931
8395,936,A_r,M,38,Yadgir,Group Attack (Prior Enmity),5931
8396,411,A_r,M,19,Bagalkot,Dowry-Related Coercion,4957
8397,4088,A_r,M,19,Hubballi-Dharwad,Organized Group Mobilization,4957
8398,4311,A_r,M,19,Hubballi-Dharwad,Dowry-Related Coercion,4957
8399,819,A_r,F,34,Vijayapura,Known-Person Domestic Abuse,8087
8400,2129,A_r,M,43,Kolar,Vehicle Theft (Parked),7612
8401,3045,A_r,M,43,Hubballi-Dharwad,Vehicle Theft (Parked),7612
8402,3770,A_r,M,43,Chamarajanagar,Vehicle Theft (Parked),7612
8403,3599,A_r,M,40,Belagavi,Vehicle Theft (Parked),1225
8404,4964,A_r,M,40,Kodagu,Vehicle Theft (Parked),1225
8405,2904,A_r,M,29,Tumakuru,Weapon-Assisted Assault,3762
8406,5340,A_r,M,26,Davanagere,Weapon-Assisted Assault,6683
8407,4590,A_r,M,21,Udupi,Stalking Prior to Offence,1520
8408,5270,A_r,M,21,Belagavi,SIM-Swap Fraud,1520
8409,1142,A_r,M,21,Bengaluru Rural,SIM-Swap Fraud,1520
8410,1453,A_r,M,41,Vijayapura,Cheque Bounce Fraud,5477
8411,4542,A_r,M,41,Kodagu,Break-in via Rear Entry,5477
8412,5612,A_r,M,41,Bengaluru City,Cheque Bounce Fraud,5477
8413,4244,A_r,M,37,Davanagere,Group Attack (Prior Enmity),6526
8414,945,A_r,M,37,Bengaluru Rural,Cheque Bounce Fraud,6526
8415,3134,A_r,M,37,Haveri,Group Attack (Prior Enmity),6526
8416,2120,A_r,M,26,Belagavi,Shop Lock-Break,6739
8417,1002,A_r,M,29,Belagavi,SIM-Swap Fraud,104
8418,1245,A_r,M,37,Mangaluru (Dakshina Kannada),Forged Document Trail,559
8419,1827,A_r,F,25,Udupi,Break-in via Rear Entry,5400
8420,4196,A_r,M,40,Tumakuru,Weapon-Assisted Assault,3464
8421,3892,A_r,M,40,Kalaburagi,Weapon-Assisted Assault,3464
8422,5642,A_r,M,40,Belagavi,Weapon-Assisted Assault,3464
8423,1184,A_r,M,27,Shivamogga,Sudden Armed Assault,2272
8424,1905,A_r,M,27,Tumakuru,Sudden Armed Assault,2272
8425,5090,A_r,M,42,Kolar,Social Media Impersonation,5527
8426,5343,A_r,M,42,Kolar,Social Media Impersonation,5527
8427,5864,A_r,M,42,Kolar,Social Media Impersonation,5527
8428,4784,A_r,M,22,Chamarajanagar,Social-Media Incited Assembly,6698
8429,2227,A_r,M,22,Mysuru,Social-Media Incited Assembly,6698
8430,688,A_r,M,22,Vijayapura,Sudden Armed Assault,6698
8431,3037,A_r,M,22,Ramanagara,Night-time House Break-in,8057
8432,594,A_r,M,22,Bengaluru Rural,Night-time House Break-in,8057
8433,996,A_r,M,22,Bidar,Dowry-Related Coercion,8057
8434,2423,A_r,M,16,Mangaluru (Dakshina Kannada),Vehicle Theft (Parked),5211
8435,5471,A_r,M,16,Bidar,Cheque Bounce Fraud,5211
8436,4828,A_r,M,16,Koppal,Shop Lock-Break,5211
8437,2883,A_r,M,51,Chamarajanagar,Snatching in Transit,5659
8438,3101,A_r,M,51,Chamarajanagar,Snatching in Transit,5659
8439,3091,A_r,M,51,Chamarajanagar,Snatching in Transit,5659
8440,2787,A_r,F,26,Mangaluru (Dakshina Kannada),Snatching in Transit,325
8441,4182,A_r,F,26,Koppal,Cheque Bounce Fraud,325
8442,5505,A_r,M,37,Shivamogga,Forged Document Trail,7142
8443,5487,A_r,M,37,Shivamogga,Sudden Armed Assault,7142
8444,4354,A_r,M,34,Mangaluru (Dakshina Kannada),Chit Fund Default,4951
8445,5126,A_r,F,31,Mangaluru (Dakshina Kannada),Fake Investment App,7874
8446,296,A_r,M,37,Chitradurga,Break-in via Rear Entry,1989
8447,626,A_r,M,19,Gadag,Confrontation over Dispute,6106
8448,3159,A_r,M,19,Gadag,Confrontation over Dispute,6106
8449,4762,A_r,M,40,Tumakuru,Group Attack (Prior Enmity),5884
8450,1444,A_r,M,40,Tumakuru,Night-time House Break-in,5884
8451,212,A_r,M,40,Tumakuru,Group Attack (Prior Enmity),5884
8452,1272,A_r,M,28,Chikkaballapur,Cross-Border Transit Route,4662
8453,3211,A_r,M,28,Chikkaballapur,Cross-Border Transit Route,4662
8454,5678,A_r,M,28,Chikkaballapur,Cross-Border Transit Route,4662
8455,672,A_r,M,38,Bengaluru Rural,Shop Lock-Break,5474
8456,3087,A_r,M,38,Davanagere,Weapon-Assisted Assault,5474
8457,814,A_r,M,38,Kodagu,Shell Company Cheating,5474
8458,1285,A_r,F,25,Bagalkot,Sudden Armed Assault,7439
8459,3106,A_r,F,25,Belagavi,Sudden Armed Assault,7439
8460,5509,A_r,M,16,Chamarajanagar,Break-in via Rear Entry,7324
8461,5698,A_r,M,16,Chamarajanagar,Vehicle Theft (Parked),7324
8462,4650,A_r,M,24,Bengaluru Rural,Night-time House Break-in,6860
8463,2661,A_r,M,24,Bengaluru Rural,Night-time House Break-in,6860
8464,852,A_r,M,32,Bengaluru Rural,SIM-Swap Fraud,7730
8465,1550,A_r,M,32,Hubballi-Dharwad,Group Attack (Prior Enmity),7730
8466,5605,A_r,M,32,Davanagere,Chit Fund Default,7730
8467,5937,A_r,M,32,Ballari,Snatching in Transit,4689
8468,293,A_r,M,32,Tumakuru,Fake Investment App,4742
8469,887,A_r,M,32,Tumakuru,Fake Investment App,4742
8470,3436,A_r,M,32,Tumakuru,Fake Investment App,4742
8471,4379,A_r,M,32,Bengaluru Rural,Forged Document Trail,6071
8472,1131,A_r,M,29,Mandya,Group Attack (Prior Enmity),6615
8473,5105,A_r,M,38,Bagalkot,Home Cultivation/Storage,1791
8474,5412,A_r,M,20,Ramanagara,Group Attack (Prior Enmity),2902
8475,3627,A_r,M,33,Chamarajanagar,Group Attack (Prior Enmity),3305
8476,2719,A_r,M,33,Chikkaballapur,Known-Person Domestic Abuse,3305
8477,284,A_r,M,33,Mangaluru (Dakshina Kannada),Group Attack (Prior Enmity),3305
8478,1546,A_r,M,21,Bengaluru City,Snatching in Transit,1157
8479,2401,A_r,M,21,Ballari,Snatching in Transit,1157
8480,4570,A_r,M,16,Tumakuru,Forged Document Trail,2134
8481,44,A_r,M,16,Bengaluru City,Social Media Impersonation,2134
8482,2628,A_r,M,16,Bagalkot,Fake Investment App,2134
8483,3595,A_r,M,19,Mangaluru (Dakshina Kannada),Night-time House Break-in,859
8484,4841,A_r,M,19,Mangaluru (Dakshina Kannada),Night-time House Break-in,859
8485,3879,A_r,M,33,Bengaluru Rural,Vehicle Theft (Parked),4654
8486,84,A_r,M,33,Bagalkot,Vehicle Theft (Parked),4654
8487,2735,A_r,M,33,Belagavi,Vehicle Theft (Parked),4654
8488,1469,A_r,M,30,Udupi,Break-in via Rear Entry,5737
8489,1791,A_r,M,17,Chamarajanagar,Dowry-Related Coercion,4282
8490,240,A_r,M,17,Ramanagara,Social Media Impersonation,4282
8491,4600,A_r,M,31,Raichur,Weapon-Assisted Assault,1065
8492,2514,A_r,M,31,Kalaburagi,Weapon-Assisted Assault,1065
8493,579,A_r,M,24,Raichur,Workplace Harassment,4403
8494,3464,A_r,M,23,Hassan,Night-time House Break-in,1718
8495,4920,A_r,M,23,Hassan,Group Attack (Prior Enmity),1718
8496,2935,A_r,M,23,Hassan,Night-time House Break-in,1718
8497,4203,A_r,M,24,Ramanagara,Dowry-Related Coercion,75
8498,3927,A_r,M,20,Ballari,Dowry-Related Coercion,6442
8499,2783,A_r,M,22,Kodagu,Group Attack (Prior Enmity),614
8500,1392,A_r,M,21,Hubballi-Dharwad,Weapon-Assisted Assault,5989
8501,2711,A_r,M,21,Hubballi-Dharwad,Weapon-Assisted Assault,5989
8502,575,A_r,M,21,Hubballi-Dharwad,Organized Group Mobilization,5989
8503,1260,A_r,M,31,Belagavi,Confrontation over Dispute,6114
8504,1669,A_r,M,23,Belagavi,Shop Lock-Break,3335
8505,2377,A_r,M,23,Belagavi,Shop Lock-Break,3335
8506,2405,A_r,M,23,Vijayapura,Vehicle Theft (Parked),6552
8507,3930,A_r,M,23,Vijayapura,Vehicle Theft (Parked),6552
8508,3270,A_r,M,19,Bengaluru Rural,Home Cultivation/Storage,5845
8509,5399,A_r,M,19,Vijayapura,Home Cultivation/Storage,5845
8510,1282,A_r,F,36,Mandya,Sudden Armed Assault,4707
8511,4052,A_r,F,36,Mandya,Sudden Armed Assault,4707
8512,739,A_r,M,21,Bengaluru Rural,Social Media Impersonation,178
8513,1196,A_r,M,33,Shivamogga,Courier via Public Transport,3507
8514,5999,A_r,M,16,Tumakuru,Dowry-Related Coercion,7093
8515,1531,A_r,M,28,Bengaluru Rural,Vehicle Theft (Parked),1538
8516,5113,A_r,M,28,Bengaluru Rural,Dowry-Related Coercion,1538
8517,2492,A_r,M,28,Bengaluru Rural,Dowry-Related Coercion,1538
8518,2272,A_r,M,36,Haveri,Night-time House Break-in,1272
8519,3626,A_r,M,36,Haveri,Night-time House Break-in,1272
8520,1662,A_r,M,25,Davanagere,Shop Lock-Break,162
8521,3422,A_r,M,25,Davanagere,Shop Lock-Break,162
8522,926,A_r,M,38,Uttara Kannada,Fake Investment App,7240
8523,5928,A_r,M,38,Tumakuru,Forged Document Trail,7240
8524,4249,A_r,M,17,Belagavi,Vehicle Theft (Parked),8220
8525,2532,A_r,M,17,Tumakuru,Workplace Harassment,8220
8526,4729,A_r,M,17,Kodagu,Workplace Harassment,8220
8527,2573,A_r,M,29,Bengaluru City,Stalking Prior to Offence,1513
8528,679,A_r,M,29,Kolar,Shell Company Cheating,1513
8529,93,A_r,M,29,Belagavi,Stalking Prior to Offence,1513
8530,4016,A_r,M,35,Mysuru,Shop Lock-Break,4585
8531,1799,A_r,M,35,Mysuru,Shop Lock-Break,4585
8532,2582,A_r,M,24,Udupi,Weapon-Assisted Assault,3767
8533,883,A_r,F,17,Tumakuru,Group Attack (Prior Enmity),3340
8534,1641,A_r,F,17,Udupi,Group Attack (Prior Enmity),3340
8535,434,A_r,F,17,Mangaluru (Dakshina Kannada),Group Attack (Prior Enmity),3340
8536,3646,A_r,M,33,Belagavi,Cheque Bounce Fraud,2230
8537,760,A_r,F,37,Belagavi,Forged Document Trail,3006
8538,2572,A_r,F,37,Mandya,Snatching in Transit,3006
8539,1034,A_r,M,25,Bengaluru City,Cross-Border Transit Route,1006
8540,5436,A_r,M,25,Bengaluru City,Cross-Border Transit Route,1006
8541,1767,A_r,M,25,Bengaluru City,Cross-Border Transit Route,1006
8542,4606,A_r,M,21,Belagavi,Night-time House Break-in,864
8543,1076,A_r,M,21,Belagavi,Night-time House Break-in,864
8544,1575,A_r,M,21,Belagavi,Night-time House Break-in,864
8545,5277,A_r,M,34,Mangaluru (Dakshina Kannada),Weapon-Assisted Assault,3868
8546,5976,A_r,M,39,Vijayapura,Weapon-Assisted Assault,6858
8547,4943,A_r,M,39,Vijayapura,Sudden Armed Assault,6858
8548,5705,A_r,M,32,Chikkamagaluru,Dowry-Related Coercion,3101
8549,3019,A_r,M,32,Chikkamagaluru,Sudden Armed Assault,3101
8550,647,A_r,M,36,Kodagu,Confrontation over Dispute,4734
8551,4982,A_r,M,36,Kodagu,Confrontation over Dispute,4734
8552,4290,A_r,M,36,Kodagu,Confrontation over Dispute,4734
8553,1581,A_r,M,26,Kodagu,Group Attack (Prior Enmity),7759
8554,1599,A_r,M,31,Tumakuru,Night-time House Break-in,7576
8555,4334,A_r,M,23,Tumakuru,Dowry-Related Coercion,7030
8556,3184,A_r,M,25,Bagalkot,Break-in via Rear Entry,7345
8557,2937,A_r,F,22,Mysuru,Chit Fund Default,3269
8558,5192,A_r,M,28,Chamarajanagar,Cheque Bounce Fraud,6931
8559,499,A_r,M,25,Bengaluru City,Weapon-Assisted Assault,4412
8560,4588,A_r,M,25,Raichur,Snatching in Transit,4412
8561,503,A_r,M,19,Bengaluru Rural,Group Attack (Prior Enmity),2294
8562,911,A_r,M,19,Bagalkot,Group Attack (Prior Enmity),2294
8563,2945,A_r,M,37,Raichur,Weapon-Assisted Assault,4526
8564,4007,A_r,M,37,Hubballi-Dharwad,Weapon-Assisted Assault,4526
8565,3048,A_r,M,30,Hubballi-Dharwad,Cheque Bounce Fraud,2774
8566,4146,A_r,M,33,Haveri,Sudden Armed Assault,4637
8567,1966,A_r,M,37,Tumakuru,Snatching in Transit,2175
8568,5628,A_r,M,39,Belagavi,Break-in via Rear Entry,1274
8569,269,A_r,M,38,Bidar,Workplace Harassment,7136
8570,1287,A_r,M,38,Belagavi,Social-Media Incited Assembly,7136
8571,5861,A_r,M,38,Bengaluru City,Workplace Harassment,7136
8572,4152,A_r,M,24,Haveri,Cross-Border Transit Route,5754
8573,2859,A_r,M,24,Haveri,Cross-Border Transit Route,5754
8574,3722,A_r,M,24,Haveri,Cross-Border Transit Route,5754
8575,4383,A_r,M,29,Belagavi,Break-in via Rear Entry,4896
8576,1944,A_r,M,29,Bengaluru City,Break-in via Rear Entry,4896
8577,4346,A_r,M,19,Bidar,Night-time House Break-in,7716
8578,3668,A_r,M,19,Mangaluru (Dakshina Kannada),Sudden Armed Assault,7716
8579,2832,A_r,M,19,Bengaluru City,Dowry-Related Coercion,7716
8580,2068,A_r,M,44,Ramanagara,Sudden Armed Assault,2964
8581,3844,A_r,M,44,Bengaluru Rural,Sudden Armed Assault,2964
8582,5035,A_r,M,22,Mysuru,Shell Company Cheating,2169
8583,5051,A_r,M,22,Mysuru,Dowry-Related Coercion,2169
8584,267,A_r,M,22,Bengaluru Rural,Shell Company Cheating,2169
8585,1155,A_r,F,22,Belagavi,Night-time House Break-in,5804
8586,4122,A_r,M,30,Chikkamagaluru,Vehicle Theft (Parked),1218
8587,5114,A_r,M,30,Chikkamagaluru,Confrontation over Dispute,1218
8588,5705,A_r,M,30,Chikkamagaluru,Vehicle Theft (Parked),1218
8589,539,A_r,M,25,Bengaluru City,Vehicle Theft (Parked),860
8590,3713,A_r,M,25,Bengaluru City,Cheque Bounce Fraud,860
8591,4343,A_r,F,24,Bengaluru Rural,Dowry-Related Coercion,1163
8592,4085,A_r,M,34,Chamarajanagar,Workplace Harassment,3986
8593,586,A_r,M,34,Ramanagara,Stalking Prior to Offence,3986
8594,4853,A_r,M,34,Vijayapura,Sudden Armed Assault,3986
8595,1775,A_r,M,32,Chamarajanagar,Snatching in Transit,5690
8596,1939,A_r,M,32,Chikkaballapur,Snatching in Transit,5690
8597,1455,A_r,M,32,Davanagere,Organized Group Mobilization,6412
8598,1426,A_r,M,32,Davanagere,Snatching in Transit,6412
8599,2476,A_r,M,33,Davanagere,Weapon-Assisted Assault,6506
8600,974,A_r,M,33,Koppal,Weapon-Assisted Assault,6506
8601,4168,A_r,M,33,Chikkaballapur,Forged Document Trail,6506
8602,5130,A_r,M,30,Kodagu,Group Attack (Prior Enmity),5010
8603,2188,A_r,M,16,Udupi,Snatching in Transit,6898
8604,2038,A_r,M,16,Davanagere,Snatching in Transit,6898
8605,4992,A_r,F,16,Yadgir,Social Media Impersonation,7479
8606,3431,A_r,F,16,Chamarajanagar,Social Media Impersonation,7479
8607,5003,A_r,M,16,Shivamogga,Vehicle Theft (Parked),7006
8608,1700,A_r,F,41,Uttara Kannada,Dowry-Related Coercion,6394
8609,1725,A_r,F,41,Mangaluru (Dakshina Kannada),Chit Fund Default,6394
8610,1709,A_r,M,23,Mysuru,Phishing Link / OTP Fraud,308
8611,1500,A_r,M,23,Mysuru,Phishing Link / OTP Fraud,308
8612,3629,A_r,M,23,Mysuru,Phishing Link / OTP Fraud,308
8613,2851,A_r,F,30,Kolar,Social-Media Incited Assembly,3406
8614,884,A_r,M,27,Davanagere,Shop Lock-Break,3193
8615,3407,A_r,M,27,Davanagere,Social Media Impersonation,3193
8616,4106,A_r,M,23,Hubballi-Dharwad,Known-Person Domestic Abuse,6908
8617,3681,A_r,M,23,Belagavi,Known-Person Domestic Abuse,6908
8618,467,A_r,M,25,Chitradurga,Chit Fund Default,7458
8619,4544,A_r,M,25,Kodagu,Sudden Armed Assault,7458
8620,3908,A_r,M,25,Kodagu,Chit Fund Default,7458
8621,1607,A_r,F,16,Chikkaballapur,Workplace Harassment,421
8622,2327,A_r,M,27,Bengaluru Rural,Shell Company Cheating,5233
8623,475,A_r,M,27,Bengaluru Rural,Shell Company Cheating,5233
8624,4383,A_r,M,18,Belagavi,Group Attack (Prior Enmity),68
8625,4739,A_r,M,18,Ballari,Group Attack (Prior Enmity),68
8626,2372,A_r,M,18,Belagavi,Group Attack (Prior Enmity),68
8627,342,A_r,M,26,Bengaluru City,Known-Person Domestic Abuse,7147
8628,2100,A_r,M,26,Bengaluru City,Known-Person Domestic Abuse,7147
8629,3230,A_r,M,25,Belagavi,Stalking Prior to Offence,6433
8630,1302,A_r,M,25,Belagavi,Stalking Prior to Offence,6433
8631,4260,A_r,M,25,Chikkamagaluru,Weapon-Assisted Assault,6433
8632,3798,A_r,F,29,Bengaluru Rural,Break-in via Rear Entry,5018
8633,1760,A_r,M,31,Koppal,Cross-Border Transit Route,4544
8634,189,A_r,M,31,Koppal,Cross-Border Transit Route,4544
8635,4275,A_r,M,31,Koppal,Chit Fund Default,4544
8636,747,A_r,M,33,Kalaburagi,Night-time House Break-in,8090
8637,3837,A_r,M,33,Kalaburagi,Stalking Prior to Offence,8090
8638,3486,A_r,M,33,Kalaburagi,Stalking Prior to Offence,8090
8639,3774,A_r,F,32,Kolar,Shop Lock-Break,3405
8640,2407,A_r,F,32,Tumakuru,Shop Lock-Break,3405
8641,3396,A_r,F,32,Hubballi-Dharwad,Night-time House Break-in,3405
8642,3131,A_r,M,38,Belagavi,Sudden Armed Assault,4101
8643,5978,A_r,M,19,Bengaluru Rural,Phishing Link / OTP Fraud,2618
8644,5347,A_r,M,26,Haveri,Cheque Bounce Fraud,3523
8645,5952,A_r,M,26,Belagavi,Cheque Bounce Fraud,3523
8646,1486,A_r,M,26,Chamarajanagar,Night-time House Break-in,3523
8647,4114,A_r,M,29,Davanagere,Vehicle Theft (Parked),1937
8648,349,A_r,F,25,Kalaburagi,Vehicle Theft (Parked),2094
8649,539,A_r,F,25,Bengaluru City,Shop Lock-Break,2094
8650,4224,A_r,M,18,Mandya,Vehicle Theft (Parked),588
8651,5064,A_r,M,18,Bengaluru Rural,Stalking Prior to Offence,588
8652,1376,A_r,M,18,Belagavi,Vehicle Theft (Parked),588
8653,1346,A_r,M,27,Davanagere,Forged Document Trail,3261
8654,4846,A_r,M,27,Davanagere,Forged Document Trail,3261
8655,4115,A_r,M,27,Davanagere,Forged Document Trail,3261
8656,408,A_r,M,28,Vijayapura,Shop Lock-Break,7853
8657,1823,A_r,M,31,Chitradurga,Group Attack (Prior Enmity),8319
8658,2161,A_r,M,17,Kalaburagi,Confrontation over Dispute,4242
8659,4195,A_r,M,17,Hassan,Confrontation over Dispute,4242
8660,3129,A_r,F,28,Tumakuru,Dowry-Related Coercion,7917
8661,991,A_r,F,28,Kalaburagi,Dowry-Related Coercion,7917
8662,2151,A_r,M,34,Yadgir,Dowry-Related Coercion,3217
8663,468,A_r,M,16,Raichur,Forged Document Trail,2180
8664,1736,A_r,M,16,Raichur,Social Media Impersonation,2180
8665,5012,A_r,M,16,Raichur,Forged Document Trail,2180
8666,1577,A_r,M,34,Davanagere,Night-time House Break-in,606
8667,2065,A_r,M,33,Chamarajanagar,Break-in via Rear Entry,6935
8668,3666,A_r,M,33,Chikkamagaluru,Cheque Bounce Fraud,6935
8669,3416,A_r,M,16,Hassan,Dowry-Related Coercion,7581
8670,876,A_r,M,16,Tumakuru,Dowry-Related Coercion,7581
8671,4011,A_r,M,16,Belagavi,Dowry-Related Coercion,7581
8672,5661,A_r,M,43,Belagavi,Stalking Prior to Offence,7669
8673,5254,A_r,M,43,Belagavi,Stalking Prior to Offence,7669
8674,2989,A_r,M,43,Belagavi,Snatching in Transit,7669
8675,5272,A_r,M,38,Mysuru,Weapon-Assisted Assault,4806
8676,3515,A_r,M,38,Kalaburagi,Weapon-Assisted Assault,4806
8677,2889,A_r,M,38,Belagavi,Break-in via Rear Entry,4806
8678,4293,A_r,M,25,Vijayapura,Known-Person Domestic Abuse,2253
8679,477,A_r,F,19,Mangaluru (Dakshina Kannada),Night-time House Break-in,8027
8680,5858,A_r,M,31,Haveri,Shell Company Cheating,3975
8681,4892,A_r,M,31,Haveri,Fake Investment App,3975
8682,2036,A_r,M,31,Haveri,Fake Investment App,3975
8683,891,A_r,M,39,Bidar,Night-time House Break-in,312
8684,4513,A_r,M,42,Mangaluru (Dakshina Kannada),Forged Document Trail,7567
8685,1756,A_r,M,27,Hassan,Snatching in Transit,2453
8686,2583,A_r,M,27,Hassan,Snatching in Transit,2453
8687,1242,A_r,M,27,Hassan,Snatching in Transit,2453
8688,3698,A_r,M,30,Mangaluru (Dakshina Kannada),Fake Investment App,4389
8689,5044,A_r,M,30,Vijayapura,Stalking Prior to Offence,4389
8690,1975,A_r,M,42,Belagavi,Night-time House Break-in,2055
8691,1217,A_r,M,42,Belagavi,Night-time House Break-in,2055
8692,4393,A_r,M,42,Belagavi,Night-time House Break-in,2055
8693,5301,A_r,M,18,Mangaluru (Dakshina Kannada),Break-in via Rear Entry,5895
8694,1238,A_r,M,18,Davanagere,Break-in via Rear Entry,5895
8695,4429,A_r,M,34,Kodagu,Confrontation over Dispute,6553
8696,3505,A_r,M,34,Kodagu,Shop Lock-Break,6553
8697,2229,A_r,M,34,Kodagu,Shop Lock-Break,6553
8698,5251,A_r,M,40,Haveri,Social Media Impersonation,6760
8699,3012,A_r,M,40,Yadgir,Social Media Impersonation,6760
8700,5137,A_r,F,16,Belagavi,Sudden Armed Assault,2321
8701,301,A_r,F,16,Kodagu,Dowry-Related Coercion,2321
8702,5305,A_r,F,16,Kalaburagi,Night-time House Break-in,2321
8703,3443,A_r,M,17,Hassan,Snatching in Transit,2642
8704,2533,A_r,M,17,Davanagere,Dowry-Related Coercion,2642
8705,389,A_r,M,17,Koppal,Dowry-Related Coercion,2642
8706,2672,A_r,M,26,Kodagu,Cross-Border Transit Route,5623
8707,2687,A_r,M,19,Kodagu,Stalking Prior to Offence,5313
8708,1530,A_r,M,19,Kodagu,Snatching in Transit,5313
8709,4110,A_r,M,22,Bengaluru Rural,Workplace Harassment,7068
8710,107,A_r,M,38,Belagavi,Shop Lock-Break,5461
8711,1701,A_r,M,38,Bidar,Shop Lock-Break,5461
8712,210,A_r,M,22,Hubballi-Dharwad,Stalking Prior to Offence,4590
8713,1070,A_r,M,22,Hassan,Group Attack (Prior Enmity),4590
8714,2421,A_r,M,31,Davanagere,Night-time House Break-in,3637
8715,408,A_r,M,31,Vijayapura,Confrontation over Dispute,3637
8716,4682,A_r,M,31,Bengaluru Rural,Weapon-Assisted Assault,3637
8717,2193,A_r,M,31,Mangaluru (Dakshina Kannada),Phishing Link / OTP Fraud,814
8718,3971,A_r,M,31,Mandya,Workplace Harassment,814
8719,1760,A_r,M,31,Koppal,Weapon-Assisted Assault,814
8720,1432,A_r,F,33,Chikkamagaluru,Sudden Armed Assault,570
8721,1992,A_r,M,26,Belagavi,Vehicle Theft (Parked),7262
8722,2960,A_r,M,26,Mangaluru (Dakshina Kannada),Vehicle Theft (Parked),7262
8723,4137,A_r,M,26,Mysuru,Vehicle Theft (Parked),7262
8724,4800,A_r,M,26,Udupi,Shop Lock-Break,2690
8725,2577,A_r,M,26,Udupi,Shop Lock-Break,2690
8726,1768,A_r,M,33,Tumakuru,Forged Document Trail,90
8727,3287,A_r,M,33,Tumakuru,Fake Investment App,90
8728,2202,A_r,M,28,Shivamogga,Shop Lock-Break,3208
8729,4580,A_r,M,39,Koppal,Weapon-Assisted Assault,2607
8730,133,A_r,M,39,Mangaluru (Dakshina Kannada),Dowry-Related Coercion,2607
8731,3668,A_r,M,19,Mangaluru (Dakshina Kannada),Shop Lock-Break,1226
8732,1353,A_r,M,19,Ballari,Shop Lock-Break,1226
8733,1371,A_r,M,19,Bidar,Shop Lock-Break,1226
8734,5394,A_r,M,39,Belagavi,Night-time House Break-in,1207
8735,3227,A_r,M,39,Davanagere,Social Media Impersonation,1207
8736,4557,A_r,M,39,Kodagu,Social Media Impersonation,1207
8737,3107,A_r,M,21,Tumakuru,Workplace Harassment,1051
8738,3991,A_r,M,21,Chitradurga,Vehicle Theft (Parked),1051
8739,5849,A_r,M,21,Chamarajanagar,Snatching in Transit,1051
8740,4989,A_r,M,39,Davanagere,Stalking Prior to Offence,7747
8741,3874,A_r,M,39,Davanagere,Stalking Prior to Offence,7747
8742,3507,A_r,M,39,Davanagere,Weapon-Assisted Assault,7747
8743,845,A_r,M,28,Bengaluru Rural,Known-Person Domestic Abuse,4675
8744,5392,A_r,M,28,Kalaburagi,Confrontation over Dispute,4675
8745,624,A_r,M,28,Udupi,Confrontation over Dispute,4675
8746,2975,A_r,M,37,Koppal,Phishing Link / OTP Fraud,2601
8747,5493,A_r,M,37,Tumakuru,Snatching in Transit,2601
8748,3512,A_r,M,16,Chamarajanagar,Social-Media Incited Assembly,6650
8749,3969,A_r,M,42,Bengaluru Rural,Chit Fund Default,2228
8750,1102,A_r,M,42,Bengaluru Rural,Workplace Harassment,2228
8751,218,A_r,M,24,Mangaluru (Dakshina Kannada),Forged Document Trail,2693
8752,3473,A_r,M,24,Mysuru,Group Attack (Prior Enmity),2693
8753,508,A_r,M,41,Belagavi,Known-Person Domestic Abuse,6892
8754,2656,A_r,M,41,Belagavi,Workplace Harassment,6892
8755,2175,A_r,M,24,Udupi,Stalking Prior to Offence,5685
8756,2207,A_r,M,32,Mysuru,Break-in via Rear Entry,5100
8757,5311,A_r,F,19,Hassan,Dowry-Related Coercion,4083
8758,2793,A_r,F,19,Hassan,Break-in via Rear Entry,4083
8759,5851,A_r,F,19,Hassan,Dowry-Related Coercion,4083
8760,3463,A_r,M,17,Ballari,Weapon-Assisted Assault,5529
8761,4045,A_r,M,21,Bengaluru City,Phishing Link / OTP Fraud,1300
8762,3852,A_r,M,21,Udupi,Workplace Harassment,1300
8763,4464,A_r,M,35,Shivamogga,Chit Fund Default,7902
8764,1320,A_r,M,35,Shivamogga,Chit Fund Default,7902
8765,3554,A_r,M,32,Bengaluru Rural,Vehicle Theft (Parked),1071
8766,4389,A_r,M,32,Bengaluru Rural,Cross-Border Transit Route,1071
8767,4276,A_r,M,16,Bengaluru City,Social Media Impersonation,4014
8768,876,A_r,M,16,Tumakuru,Social Media Impersonation,4014
8769,4099,A_r,F,32,Kodagu,Shop Lock-Break,635
8770,3128,A_r,M,16,Tumakuru,Stalking Prior to Offence,6528
8771,4946,A_r,M,16,Mangaluru (Dakshina Kannada),Stalking Prior to Offence,6528
8772,5212,A_r,M,16,Davanagere,Stalking Prior to Offence,6528
8773,3098,A_r,M,16,Hassan,Known-Person Domestic Abuse,2991
8774,2725,A_r,M,16,Ballari,Snatching in Transit,2991
8775,357,A_r,M,18,Ballari,Vehicle Theft (Parked),260
8776,3422,A_r,M,22,Davanagere,Group Attack (Prior Enmity),2685
8777,3967,A_r,F,33,Bidar,Shell Company Cheating,5816
8778,4910,A_r,F,33,Bidar,Vehicle Theft (Parked),5816
8779,5195,A_r,F,31,Shivamogga,Night-time House Break-in,2576
8780,2793,A_r,F,31,Hassan,Shop Lock-Break,2576
8781,1374,A_r,F,31,Mysuru,Night-time House Break-in,2576
8782,1928,A_r,F,26,Udupi,Cheque Bounce Fraud,46
8783,725,A_r,F,26,Hassan,Cheque Bounce Fraud,46
8784,1749,A_r,M,16,Hubballi-Dharwad,Group Attack (Prior Enmity),4849
8785,4601,A_r,M,16,Hubballi-Dharwad,Break-in via Rear Entry,4849
8786,1488,A_r,M,16,Hubballi-Dharwad,Break-in via Rear Entry,4849
8787,4072,A_r,M,27,Mysuru,Social Media Impersonation,5443
8788,5087,A_r,F,39,Kodagu,Fake Investment App,7106
8789,1998,A_r,F,27,Raichur,Cross-Border Transit Route,6541
8790,1951,A_r,M,23,Chikkamagaluru,Group Attack (Prior Enmity),6076
8791,4294,A_r,M,23,Mandya,Snatching in Transit,7242
8792,5535,A_r,M,23,Bengaluru Rural,Dowry-Related Coercion,7242
8793,4901,A_r,M,23,Mysuru,Snatching in Transit,7242
8794,1886,A_r,M,35,Chamarajanagar,Dowry-Related Coercion,40
8795,1539,A_r,M,35,Hubballi-Dharwad,Dowry-Related Coercion,40
8796,3073,A_r,M,35,Ballari,Break-in via Rear Entry,40
8797,1699,A_r,M,16,Davanagere,Cheque Bounce Fraud,6940
8798,1557,A_r,M,16,Davanagere,Social Media Impersonation,6940
8799,4055,A_r,M,16,Davanagere,SIM-Swap Fraud,6940
8800,589,A_r,M,25,Ramanagara,Shop Lock-Break,3403
8801,2879,A_r,M,25,Ramanagara,Phishing Link / OTP Fraud,3403
8802,3847,A_r,M,34,Kodagu,Courier via Public Transport,3873
8803,4941,A_r,M,34,Belagavi,Courier via Public Transport,3873
8804,3444,A_r,M,34,Ballari,Courier via Public Transport,3873
8805,805,A_r,M,31,Bengaluru City,Break-in via Rear Entry,2379
8806,423,A_r,M,31,Haveri,Social Media Impersonation,2379
8807,4622,A_r,M,31,Bengaluru Rural,Snatching in Transit,2379
8808,4250,A_r,F,22,Bengaluru City,Forged Document Trail,2046
8809,5775,A_r,M,40,Chitradurga,Night-time House Break-in,1990
8810,3316,A_r,M,40,Chitradurga,Night-time House Break-in,1990
8811,5377,A_r,M,29,Udupi,Shell Company Cheating,6701
8812,4521,A_r,M,29,Udupi,Forged Document Trail,6701
8813,458,A_r,M,43,Kodagu,Break-in via Rear Entry,6830
8814,4753,A_r,M,26,Ramanagara,Stalking Prior to Offence,6845
8815,353,A_r,M,27,Chikkaballapur,Stalking Prior to Offence,240
8816,3598,A_r,M,27,Tumakuru,Night-time House Break-in,3833
8817,1809,A_r,M,27,Tumakuru,Night-time House Break-in,3833
8818,5803,A_r,M,27,Tumakuru,Confrontation over Dispute,3833
8819,4787,A_r,M,22,Chikkaballapur,Confrontation over Dispute,1730
8820,5745,A_r,M,22,Chitradurga,Confrontation over Dispute,1730
8821,5170,A_r,M,32,Vijayapura,Courier via Public Transport,3841
8822,716,A_r,M,32,Kodagu,Chit Fund Default,3841
8823,1377,A_r,M,32,Gadag,Chit Fund Default,3841
8824,4724,A_r,M,34,Bengaluru City,Stalking Prior to Offence,4144
8825,972,A_r,M,34,Belagavi,Shop Lock-Break,4144
8826,5542,A_r,M,34,Mandya,Group Attack (Prior Enmity),4144
8827,1783,A_r,M,40,Yadgir,Shop Lock-Break,2334
8828,2509,A_r,M,40,Hassan,Shop Lock-Break,2334
8829,5558,A_r,M,27,Belagavi,Vehicle Theft (Parked),1545
8830,5085,A_r,M,27,Belagavi,Vehicle Theft (Parked),1545
8831,4446,A_r,F,22,Bengaluru City,Night-time House Break-in,628
8832,4496,A_r,F,22,Bengaluru City,Night-time House Break-in,628
8833,3323,A_r,M,16,Koppal,Chit Fund Default,8205
8834,1147,A_r,M,16,Bidar,Chit Fund Default,8205
8835,3264,A_r,M,16,Udupi,Sudden Armed Assault,8205
8836,713,A_r,M,45,Mysuru,Cheque Bounce Fraud,3733
8837,4701,A_r,M,45,Yadgir,Cheque Bounce Fraud,3733
8838,4141,A_r,M,45,Chamarajanagar,Cheque Bounce Fraud,3733
8839,736,A_r,M,27,Chikkamagaluru,Dowry-Related Coercion,6215
8840,3828,A_r,M,27,Bengaluru City,Dowry-Related Coercion,6215
8841,4072,A_r,M,27,Mysuru,Dowry-Related Coercion,6215
8842,1564,A_r,M,33,Tumakuru,Fake Investment App,3613
8843,795,A_r,M,39,Bengaluru Rural,Home Cultivation/Storage,4929
8844,75,A_r,F,23,Bengaluru Rural,Social-Media Incited Assembly,4051
8845,5846,A_r,F,23,Bengaluru Rural,Vehicle Theft (Parked),4051
8846,5672,A_r,M,27,Belagavi,Break-in via Rear Entry,445
8847,2035,A_r,M,27,Belagavi,Break-in via Rear Entry,445
8848,302,A_r,M,27,Belagavi,Known-Person Domestic Abuse,445
8849,5125,A_r,M,31,Chitradurga,SIM-Swap Fraud,7431
8850,2549,A_r,M,31,Chamarajanagar,SIM-Swap Fraud,7431
8851,1210,A_r,M,31,Davanagere,SIM-Swap Fraud,7431
8852,2755,A_r,M,16,Chamarajanagar,Phishing Link / OTP Fraud,4354
8853,5577,A_r,M,23,Ramanagara,Night-time House Break-in,4517
8854,4402,A_r,M,35,Bagalkot,Fake Investment App,8321
8855,5822,A_r,M,35,Bagalkot,Fake Investment App,8321
8856,844,A_r,M,27,Bengaluru Rural,Forged Document Trail,4583
8857,4685,A_r,M,40,Hassan,Cheque Bounce Fraud,2737
8858,4958,A_r,M,40,Chamarajanagar,Confrontation over Dispute,2737
8859,4223,A_r,M,40,Bengaluru Rural,Cheque Bounce Fraud,2737
8860,3116,A_r,F,16,Kodagu,Vehicle Theft (Parked),3489
8861,2839,A_r,M,37,Belagavi,Weapon-Assisted Assault,7498
8862,5467,A_r,M,37,Davanagere,Weapon-Assisted Assault,7498
8863,501,A_r,M,37,Mysuru,Weapon-Assisted Assault,7498
8864,1199,A_r,M,34,Kalaburagi,Shop Lock-Break,4093
8865,1762,A_r,M,34,Yadgir,Night-time House Break-in,4093
8866,2936,A_r,M,34,Bengaluru City,Night-time House Break-in,4093
8867,5008,A_r,M,24,Bengaluru Rural,Weapon-Assisted Assault,1217
8868,4849,A_r,M,24,Mangaluru (Dakshina Kannada),Cheque Bounce Fraud,1217
8869,4940,A_r,M,24,Kalaburagi,Cheque Bounce Fraud,1217
8870,120,A_r,M,26,Shivamogga,Weapon-Assisted Assault,6227
8871,653,A_r,M,26,Belagavi,Weapon-Assisted Assault,6227
8872,2448,A_r,M,43,Haveri,Confrontation over Dispute,6957
8873,1860,A_r,M,37,Davanagere,Vehicle Theft (Parked),4822
8874,1603,A_r,M,37,Belagavi,Night-time House Break-in,4822
8875,461,A_r,M,37,Davanagere,Chit Fund Default,4822
8876,934,A_r,M,42,Bengaluru Rural,Stalking Prior to Offence,235
8877,4471,A_r,M,35,Bengaluru City,Workplace Harassment,1186
8878,4045,A_r,M,35,Bengaluru City,Workplace Harassment,1186
8879,5102,A_r,M,35,Ballari,Workplace Harassment,1186
8880,40,A_r,M,28,Kalaburagi,Chit Fund Default,1855
8881,5011,A_r,M,28,Belagavi,Phishing Link / OTP Fraud,1855
8882,240,A_r,M,30,Ramanagara,Social Media Impersonation,1222
8883,4680,A_r,M,30,Ramanagara,Confrontation over Dispute,1222
8884,2643,A_r,M,30,Ramanagara,Confrontation over Dispute,1222
8885,525,A_r,M,30,Tumakuru,Shell Company Cheating,6282
8886,4127,A_r,M,30,Tumakuru,Shell Company Cheating,6282
8887,1828,A_r,M,38,Udupi,Night-time House Break-in,2197
8888,1732,A_r,M,33,Mysuru,Dowry-Related Coercion,7002
8889,3786,A_r,M,33,Mysuru,Dowry-Related Coercion,7002
8890,2573,A_r,M,22,Bengaluru City,Stalking Prior to Offence,5144
8891,4281,A_r,M,22,Davanagere,Shell Company Cheating,5144
8892,3085,A_r,M,41,Kodagu,Weapon-Assisted Assault,4794
8893,3833,A_r,M,25,Hassan,Confrontation over Dispute,5346
8894,2029,A_r,M,22,Chamarajanagar,Stalking Prior to Offence,8211
8895,2444,A_r,M,30,Gadag,Workplace Harassment,3079
8896,4222,A_r,M,30,Belagavi,Workplace Harassment,3079
8897,881,A_r,M,31,Bengaluru Rural,Night-time House Break-in,5570
8898,1441,A_r,M,21,Tumakuru,Sudden Armed Assault,7870
8899,1931,A_r,M,21,Shivamogga,Sudden Armed Assault,7870
8900,4106,A_r,F,22,Hubballi-Dharwad,Workplace Harassment,5874
8901,5231,A_r,F,22,Hubballi-Dharwad,Workplace Harassment,5874
8902,2261,A_r,F,22,Hubballi-Dharwad,Workplace Harassment,5874
8903,590,A_r,F,16,Belagavi,Known-Person Domestic Abuse,2897
8904,830,A_r,F,16,Belagavi,Known-Person Domestic Abuse,2897
8905,4342,A_r,F,16,Belagavi,Vehicle Theft (Parked),2897
8906,2617,A_r,M,17,Chamarajanagar,Organized Group Mobilization,4179
8907,5730,A_r,M,17,Chamarajanagar,Organized Group Mobilization,4179
8908,903,A_r,M,19,Raichur,Home Cultivation/Storage,8032
8909,409,A_r,M,19,Kalaburagi,Home Cultivation/Storage,8032
8910,764,A_r,M,29,Mysuru,Snatching in Transit,692
8911,1971,A_r,M,29,Mysuru,Break-in via Rear Entry,692
8912,4627,A_r,M,29,Mysuru,Break-in via Rear Entry,692
8913,5770,A_r,M,17,Hassan,Dowry-Related Coercion,7039
8914,1922,A_r,M,17,Hassan,Workplace Harassment,7039
8915,2937,A_r,F,16,Mysuru,Phishing Link / OTP Fraud,7620
8916,5750,A_r,M,16,Koppal,Social-Media Incited Assembly,7771
8917,1760,A_r,M,16,Koppal,Social-Media Incited Assembly,7771
8918,1753,A_r,M,16,Koppal,Vehicle Theft (Parked),7771
8919,3502,A_r,M,43,Tumakuru,Break-in via Rear Entry,1691
8920,2964,A_r,M,16,Mysuru,Dowry-Related Coercion,6853
8921,454,A_r,M,16,Mysuru,Dowry-Related Coercion,6853
8922,4024,A_r,M,16,Mysuru,Dowry-Related Coercion,6853
8923,315,A_r,M,36,Belagavi,Home Cultivation/Storage,4299
8924,1227,A_r,M,36,Belagavi,Stalking Prior to Offence,4299
8925,998,A_r,M,36,Belagavi,SIM-Swap Fraud,4299
8926,4947,A_r,M,30,Belagavi,Dowry-Related Coercion,3824
8927,793,A_r,M,23,Udupi,Shell Company Cheating,3632
8928,5662,A_r,M,23,Ballari,Sudden Armed Assault,3632
8929,1520,A_r,M,23,Bengaluru Rural,Sudden Armed Assault,3632
8930,107,A_r,M,31,Belagavi,Night-time House Break-in,219
8931,5982,A_r,M,31,Udupi,Group Attack (Prior Enmity),219
8932,3455,A_r,M,53,Belagavi,Dowry-Related Coercion,7670
8933,5406,A_r,M,53,Davanagere,Dowry-Related Coercion,7670
8934,1680,A_r,M,28,Kodagu,Shell Company Cheating,2424
8935,490,A_r,M,28,Bengaluru Rural,Cross-Border Transit Route,2424
8936,1515,A_r,M,20,Bagalkot,Shop Lock-Break,3901
8937,968,A_r,M,20,Hassan,Shop Lock-Break,3901
8938,3663,A_r,M,37,Bengaluru City,Chit Fund Default,2941
8939,2993,A_r,M,37,Ballari,Chit Fund Default,2941
8940,272,A_r,M,25,Belagavi,Cross-Border Transit Route,6366
8941,1603,A_r,M,25,Belagavi,Cross-Border Transit Route,6366
8942,1986,A_r,M,25,Belagavi,Cross-Border Transit Route,6366
8943,3973,A_r,M,35,Bengaluru Rural,Sudden Armed Assault,2417
8944,496,A_r,M,35,Bengaluru Rural,Fake Investment App,2417
8945,1239,A_r,M,34,Belagavi,Shell Company Cheating,4836
8946,1376,A_r,M,34,Belagavi,Shell Company Cheating,4836
8947,5414,A_r,M,34,Belagavi,Shell Company Cheating,4836
8948,4171,A_r,M,29,Yadgir,Phishing Link / OTP Fraud,6820
8949,1798,A_r,M,29,Yadgir,Fake Investment App,6820
8950,5853,A_r,M,37,Mysuru,Shop Lock-Break,8298
8951,3655,A_r,M,37,Mysuru,Social Media Impersonation,8298
8952,484,A_r,M,27,Davanagere,Fake Investment App,7614
8953,2450,A_r,M,32,Shivamogga,Forged Document Trail,2355
8954,1196,A_r,M,32,Shivamogga,Forged Document Trail,2355
8955,3747,A_r,M,25,Bengaluru Rural,Break-in via Rear Entry,5489
8956,2024,A_r,F,19,Kodagu,Snatching in Transit,4955
8957,1612,A_r,M,16,Tumakuru,Workplace Harassment,4110
8958,1942,A_r,M,16,Gadag,Dowry-Related Coercion,4110
8959,577,A_r,M,39,Hassan,Confrontation over Dispute,6132
8960,2699,A_r,M,39,Yadgir,Social-Media Incited Assembly,6132
8961,5856,A_r,M,39,Hubballi-Dharwad,Weapon-Assisted Assault,6132
8962,2958,A_r,M,29,Chamarajanagar,Fake Investment App,4355
8963,4803,A_r,M,29,Chamarajanagar,Fake Investment App,4355
8964,5121,A_r,M,44,Koppal,Confrontation over Dispute,4323
8965,1162,A_r,M,16,Yadgir,Night-time House Break-in,1104
8966,3781,A_r,M,16,Yadgir,Night-time House Break-in,1104
8967,5420,A_r,M,22,Belagavi,Stalking Prior to Offence,2099
8968,851,A_r,M,22,Davanagere,Stalking Prior to Offence,2099
8969,267,A_r,F,36,Bengaluru Rural,Weapon-Assisted Assault,3096
8970,5334,A_r,M,34,Kodagu,Shop Lock-Break,7539
8971,191,A_r,M,34,Udupi,Shop Lock-Break,7539
8972,1282,A_r,M,19,Mandya,Dowry-Related Coercion,8226
8973,80,A_r,M,19,Mandya,Dowry-Related Coercion,8226
8974,4120,A_r,M,19,Mandya,Dowry-Related Coercion,8226
8975,5715,A_r,M,40,Bengaluru City,Shell Company Cheating,7243
8976,2112,A_r,M,40,Hassan,Chit Fund Default,7243
8977,4356,A_r,M,23,Ballari,Dowry-Related Coercion,6496
8978,2979,A_r,M,16,Mysuru,Courier via Public Transport,7307
8979,4070,A_r,M,16,Vijayapura,Night-time House Break-in,7307
8980,4915,A_r,M,16,Mysuru,Night-time House Break-in,7307
8981,766,A_r,M,23,Davanagere,Forged Document Trail,7822
8982,4980,A_r,M,32,Raichur,Social Media Impersonation,4909
8983,5512,A_r,M,32,Raichur,Stalking Prior to Offence,4909
8984,721,A_r,M,48,Davanagere,Group Attack (Prior Enmity),4508
8985,2557,A_r,M,28,Belagavi,Cheque Bounce Fraud,474
8986,838,A_r,M,28,Kalaburagi,Snatching in Transit,474
8987,4444,A_r,M,44,Belagavi,Stalking Prior to Offence,3792
8988,4582,A_r,M,44,Belagavi,Stalking Prior to Offence,3792
8989,4316,A_r,M,44,Belagavi,Stalking Prior to Offence,3792
8990,5293,A_r,M,28,Mangaluru (Dakshina Kannada),Chit Fund Default,4607
8991,602,A_r,M,28,Shivamogga,Break-in via Rear Entry,4607
8992,66,A_r,M,28,Mangaluru (Dakshina Kannada),Night-time House Break-in,4607
8993,5738,A_r,M,38,Mangaluru (Dakshina Kannada),Weapon-Assisted Assault,1737
8994,5023,A_r,M,32,Mysuru,Group Attack (Prior Enmity),4442
8995,3946,A_r,M,32,Hassan,Group Attack (Prior Enmity),4442
8996,3766,A_r,M,32,Bengaluru Rural,Sudden Armed Assault,3204
8997,2456,A_r,M,32,Kodagu,Night-time House Break-in,3204
8998,4706,A_r,M,32,Kolar,Night-time House Break-in,3204
8999,1533,A_r,M,20,Yadgir,Shell Company Cheating,2271
9000,2262,A_r,M,20,Yadgir,Shell Company Cheating,2271
9001,366,A_r,M,36,Bagalkot,Snatching in Transit,3040
9002,4509,A_r,M,36,Tumakuru,Break-in via Rear Entry,3040
9003,3319,A_r,M,24,Davanagere,Forged Document Trail,4778
9004,5425,A_r,M,24,Bidar,Shell Company Cheating,7328
9005,369,A_r,M,24,Chamarajanagar,Shell Company Cheating,7328
9006,3261,A_r,M,24,Udupi,Phishing Link / OTP Fraud,7328
9007,1234,A_r,F,35,Udupi,Night-time House Break-in,8157
9008,130,A_r,F,35,Udupi,Stalking Prior to Offence,8157
9009,4114,A_r,M,32,Davanagere,Shop Lock-Break,7660
9010,735,A_r,M,32,Koppal,Shop Lock-Break,7660
9011,3789,A_r,M,32,Mangaluru (Dakshina Kannada),Shop Lock-Break,7660
