ArrestSurrenderID,CaseMasterID,AccusedMasterID,ArrestSurrenderTypeID,ArrestSurrenderDate,District
1,1,1,Surrender,2025-03-02,Bidar
2,2,2,Surrender,2022-04-19,Bengaluru City
3,3,3,Arrest,2025-10-21,Hassan
4,4,4,Arrest,2023-06-30,Belagavi
5,5,6,Arrest,2025-12-22,Belagavi
6,6,8,Arrest,2022-06-08,Mysuru
7,9,10,Arrest,2023-07-17,Bengaluru Rural
8,10,11,Arrest,2024-08-07,Chamarajanagar
9,11,12,Arrest,2022-01-30,Mysuru
10,12,13,Arrest,2022-05-31,Yadgir
11,12,14,Arrest,2022-06-16,Yadgir
12,14,16,Arrest,2025-10-12,Bengaluru Rural
13,15,18,Arrest,2026-12-28,Shivamogga
14,16,19,Arrest,2026-01-15,Kolar
15,22,25,Arrest,2026-08-27,Belagavi
16,22,26,Arrest,2026-08-13,Belagavi
17,24,27,Arrest,2023-01-11,Bidar
18,26,29,Arrest,2026-10-19,Tumakuru
19,27,30,Arrest,2025-03-04,Mangaluru (Dakshina Kannada)
20,28,32,Arrest,2026-06-12,Ballari
21,28,33,Arrest,2026-07-10,Ballari
22,31,36,Surrender,2024-11-26,Belagavi
23,32,37,Arrest,2026-04-20,Davanagere
24,32,38,Arrest,2026-04-29,Davanagere
25,33,39,Arrest,2024-01-23,Shivamogga
26,34,41,Surrender,2024-12-21,Mangaluru (Dakshina Kannada)
27,34,42,Arrest,2025-01-04,Mangaluru (Dakshina Kannada)
28,35,43,Arrest,2023-10-16,Chamarajanagar
29,36,44,Arrest,2025-10-17,Udupi
30,37,45,Arrest,2025-04-11,Bengaluru City
31,37,46,Arrest,2025-05-15,Bengaluru City
32,39,48,Arrest,2022-11-09,Davanagere
33,40,49,Surrender,2022-05-11,Kalaburagi
34,41,50,Arrest,2024-11-26,Bidar
35,42,53,Arrest,2023-03-14,Mangaluru (Dakshina Kannada)
36,43,54,Arrest,2023-04-12,Mangaluru (Dakshina Kannada)
37,44,56,Arrest,2022-04-10,Bengaluru City
38,44,57,Surrender,2022-04-13,Bengaluru City
39,45,58,Arrest,2024-05-20,Bengaluru City
40,46,59,Arrest,2026-05-08,Kodagu
41,47,60,Arrest,2025-03-01,Bengaluru Rural
42,48,61,Surrender,2025-09-22,Bagalkot
43,49,64,Arrest,2026-02-25,Chamarajanagar
44,52,66,Arrest,2026-01-27,Belagavi
45,53,67,Arrest,2022-06-15,Hassan
46,54,68,Arrest,2022-03-27,Hassan
47,55,70,Surrender,2022-10-11,Bengaluru City
48,56,71,Arrest,2023-12-05,Bidar
49,57,73,Surrender,2023-02-22,Belagavi
50,59,75,Surrender,2024-09-10,Ramanagara
51,60,77,Arrest,2025-03-05,Ramanagara
52,61,78,Arrest,2023-07-23,Mangaluru (Dakshina Kannada)
53,61,79,Arrest,2023-07-30,Mangaluru (Dakshina Kannada)
54,61,80,Arrest,2023-07-17,Mangaluru (Dakshina Kannada)
55,62,81,Arrest,2024-02-20,Chikkamagaluru
56,62,82,Surrender,2024-02-05,Chikkamagaluru
57,67,87,Arrest,2023-09-19,Davanagere
58,68,89,Arrest,2025-07-18,Bengaluru City
59,70,91,Arrest,2025-07-31,Hassan
60,70,92,Arrest,2025-08-11,Hassan
61,71,93,Arrest,2024-03-11,Hassan
62,71,94,Arrest,2024-03-28,Hassan
63,72,97,Arrest,2026-08-07,Davanagere
64,73,99,Arrest,2024-01-19,Yadgir
65,74,100,Arrest,2026-10-06,Shivamogga
66,75,101,Surrender,2024-11-09,Bengaluru Rural
67,76,104,Arrest,2023-01-01,Mangaluru (Dakshina Kannada)
68,78,105,Arrest,2024-09-14,Bengaluru Rural
69,81,108,Surrender,2022-01-26,Bengaluru Rural
70,82,109,Arrest,2025-09-23,Belagavi
71,82,110,Arrest,2025-10-07,Belagavi
72,83,111,Arrest,2026-05-03,Ballari
73,85,115,Arrest,2026-07-21,Tumakuru
74,87,117,Arrest,2022-03-31,Mangaluru (Dakshina Kannada)
75,88,118,Arrest,2026-01-16,Kolar
76,88,119,Arrest,2026-01-20,Kolar
77,90,120,Surrender,2026-01-09,Chamarajanagar
78,91,121,Arrest,2026-10-09,Mysuru
79,92,122,Arrest,2025-05-23,Chamarajanagar
80,95,124,Surrender,2022-01-20,Gadag
81,96,125,Arrest,2026-07-11,Mangaluru (Dakshina Kannada)
82,97,126,Arrest,2025-04-26,Chamarajanagar
83,100,129,Arrest,2026-03-10,Bengaluru City
84,100,130,Arrest,2026-03-16,Bengaluru City
85,101,131,Arrest,2024-06-26,Davanagere
86,101,132,Surrender,2024-07-22,Davanagere
87,102,135,Arrest,2024-02-21,Mysuru
88,102,136,Arrest,2024-03-16,Mysuru
89,103,137,Arrest,2027-01-04,Bengaluru Rural
90,105,139,Surrender,2025-09-23,Raichur
91,105,140,Arrest,2025-10-17,Raichur
92,106,141,Arrest,2022-01-20,Belagavi
93,107,142,Surrender,2023-03-29,Belagavi
94,109,144,Arrest,2025-11-12,Mangaluru (Dakshina Kannada)
95,113,148,Arrest,2026-02-19,Raichur
96,115,150,Surrender,2026-01-23,Yadgir
97,116,151,Arrest,2026-07-01,Hassan
98,118,153,Arrest,2023-12-31,Kodagu
99,120,155,Arrest,2025-10-10,Shivamogga
100,120,156,Arrest,2025-10-03,Shivamogga
101,121,157,Surrender,2024-12-20,Ballari
102,122,159,Surrender,2026-03-04,Tumakuru
103,123,161,Surrender,2024-08-26,Shivamogga
104,124,162,Surrender,2022-06-09,Davanagere
105,124,163,Surrender,2022-06-11,Davanagere
106,125,164,Surrender,2023-03-19,Chamarajanagar
107,125,165,Arrest,2023-03-13,Chamarajanagar
108,127,166,Surrender,2023-05-15,Hubballi-Dharwad
109,128,167,Arrest,2024-03-09,Hassan
110,129,168,Arrest,2024-03-24,Chikkaballapur
111,132,171,Arrest,2025-08-04,Belagavi
112,133,172,Arrest,2023-05-25,Mangaluru (Dakshina Kannada)
113,134,173,Arrest,2024-04-27,Bengaluru Rural
114,135,174,Arrest,2023-06-09,Davanagere
115,135,175,Arrest,2023-05-07,Davanagere
116,135,176,Arrest,2023-06-07,Davanagere
117,136,177,Arrest,2022-04-21,Chamarajanagar
118,137,179,Arrest,2023-08-06,Bengaluru Rural
119,137,180,Arrest,2023-08-12,Bengaluru Rural
120,138,181,Arrest,2025-12-14,Belagavi
121,141,184,Arrest,2025-04-19,Tumakuru
122,144,186,Surrender,2022-10-20,Mysuru
123,145,187,Arrest,2026-09-28,Mysuru
124,145,188,Arrest,2026-10-21,Mysuru
125,146,189,Surrender,2022-05-03,Davanagere
126,147,190,Arrest,2025-02-02,Bidar
127,149,193,Arrest,2026-02-11,Kolar
128,149,195,Arrest,2026-03-07,Kolar
129,150,196,Arrest,2024-08-24,Mandya
130,151,197,Surrender,2026-02-10,Bengaluru Rural
131,151,198,Arrest,2026-02-11,Bengaluru Rural
132,152,199,Arrest,2022-03-20,Bengaluru City
133,152,200,Arrest,2022-03-28,Bengaluru City
134,156,203,Arrest,2026-10-21,Shivamogga
135,157,204,Arrest,2024-06-12,Davanagere
136,159,205,Arrest,2022-07-13,Mangaluru (Dakshina Kannada)
137,159,206,Arrest,2022-07-26,Mangaluru (Dakshina Kannada)
138,160,208,Arrest,2026-08-25,Bengaluru City
139,160,209,Surrender,2026-08-20,Bengaluru City
140,161,211,Arrest,2024-06-06,Hassan
141,161,212,Arrest,2024-06-14,Hassan
142,162,213,Surrender,2024-06-07,Davanagere
143,164,216,Arrest,2025-11-18,Hassan
144,165,218,Surrender,2025-10-30,Mangaluru (Dakshina Kannada)
145,166,219,Arrest,2025-09-08,Shivamogga
146,168,221,Surrender,2026-03-19,Kodagu
147,170,224,Surrender,2023-09-25,Davanagere
148,171,225,Arrest,2026-01-21,Mysuru
149,174,228,Arrest,2026-10-18,Hassan
150,175,230,Surrender,2023-06-16,Ballari
151,176,232,Arrest,2024-03-10,Gadag
152,177,233,Arrest,2022-12-31,Bagalkot
153,178,234,Arrest,2025-11-10,Bengaluru Rural
154,179,236,Arrest,2024-06-27,Raichur
155,179,237,Arrest,2024-07-25,Raichur
156,180,238,Surrender,2023-05-09,Raichur
157,181,239,Surrender,2022-04-09,Hubballi-Dharwad
158,182,241,Arrest,2024-09-22,Belagavi
159,183,242,Arrest,2026-11-13,Belagavi
160,184,243,Arrest,2025-11-03,Mysuru
161,184,244,Arrest,2025-10-12,Mysuru
162,186,247,Arrest,2024-09-11,Haveri
163,188,250,Surrender,2022-05-23,Davanagere
164,189,251,Arrest,2026-06-19,Koppal
165,191,253,Arrest,2026-07-16,Udupi
166,193,257,Arrest,2025-11-14,Kalaburagi
167,193,258,Arrest,2025-10-19,Kalaburagi
168,194,260,Surrender,2025-04-30,Bagalkot
169,195,261,Arrest,2025-12-29,Mangaluru (Dakshina Kannada)
170,197,263,Arrest,2023-09-28,Bengaluru City
171,198,264,Surrender,2022-11-02,Chamarajanagar
172,198,265,Arrest,2022-12-14,Chamarajanagar
173,201,267,Arrest,2026-11-17,Raichur
174,201,268,Arrest,2026-11-27,Raichur
175,201,269,Arrest,2026-11-15,Raichur
176,203,271,Arrest,2026-08-03,Haveri
177,204,272,Arrest,2026-07-25,Tumakuru
178,204,273,Surrender,2026-08-15,Tumakuru
179,205,274,Arrest,2023-06-13,Chamarajanagar
180,206,275,Arrest,2023-05-01,Bengaluru Rural
181,207,276,Arrest,2025-06-16,Tumakuru
182,208,277,Surrender,2026-01-23,Mysuru
183,209,278,Arrest,2022-05-11,Hassan
184,212,282,Arrest,2024-07-20,Tumakuru
185,213,283,Surrender,2022-09-18,Hassan
186,214,286,Arrest,2023-11-27,Kodagu
187,215,287,Arrest,2022-06-17,Belagavi
188,219,290,Arrest,2023-07-11,Tumakuru
189,220,291,Arrest,2025-11-08,Mangaluru (Dakshina Kannada)
190,221,292,Arrest,2024-08-18,Ramanagara
191,223,293,Arrest,2023-08-22,Davanagere
192,223,295,Arrest,2023-08-01,Davanagere
193,224,296,Arrest,2024-10-03,Mysuru
194,224,297,Arrest,2024-10-13,Mysuru
195,226,299,Arrest,2023-03-08,Hubballi-Dharwad
196,227,300,Arrest,2026-05-04,Tumakuru
197,229,303,Arrest,2023-12-06,Tumakuru
198,229,304,Arrest,2023-12-08,Tumakuru
199,230,305,Arrest,2026-10-24,Belagavi
200,231,306,Arrest,2025-07-07,Bidar
201,232,307,Arrest,2025-05-05,Bengaluru City
202,234,310,Arrest,2023-10-07,Kalaburagi
203,235,313,Arrest,2025-01-12,Bengaluru City
204,235,314,Arrest,2025-01-29,Bengaluru City
205,236,315,Surrender,2023-01-30,Mysuru
206,236,316,Arrest,2023-02-25,Mysuru
207,237,318,Arrest,2024-06-25,Belagavi
208,238,320,Arrest,2026-10-24,Bengaluru Rural
209,239,323,Arrest,2024-11-09,Davanagere
210,240,324,Arrest,2022-12-17,Ramanagara
211,241,325,Arrest,2024-08-17,Bidar
212,241,326,Arrest,2024-08-08,Bidar
213,242,328,Arrest,2022-11-15,Bengaluru Rural
214,245,331,Arrest,2022-04-01,Belagavi
215,246,333,Arrest,2023-03-07,Davanagere
216,247,334,Arrest,2024-01-15,Uttara Kannada
217,251,340,Arrest,2024-06-14,Ballari
218,252,341,Surrender,2023-10-22,Belagavi
219,252,342,Surrender,2023-10-24,Belagavi
220,253,344,Surrender,2026-02-05,Bengaluru Rural
221,254,346,Arrest,2025-09-23,Bengaluru Rural
222,254,347,Surrender,2025-10-11,Bengaluru Rural
223,254,348,Arrest,2025-09-27,Bengaluru Rural
224,255,349,Arrest,2024-04-20,Mysuru
225,256,350,Arrest,2024-04-28,Davanagere
226,257,351,Arrest,2026-05-14,Bengaluru City
227,261,354,Arrest,2025-01-30,Belagavi
228,261,355,Arrest,2025-01-27,Belagavi
229,262,356,Arrest,2025-07-05,Mangaluru (Dakshina Kannada)
230,262,357,Arrest,2025-06-20,Mangaluru (Dakshina Kannada)
231,262,358,Arrest,2025-07-16,Mangaluru (Dakshina Kannada)
232,263,359,Arrest,2026-11-01,Mangaluru (Dakshina Kannada)
233,264,361,Arrest,2022-11-24,Davanagere
234,265,365,Arrest,2022-08-10,Udupi
235,267,367,Arrest,2024-02-09,Bengaluru Rural
236,270,371,Arrest,2023-07-12,Belagavi
237,271,372,Arrest,2024-04-18,Belagavi
238,273,376,Surrender,2022-11-07,Tumakuru
239,275,378,Arrest,2022-10-19,Kodagu
240,277,380,Arrest,2026-03-10,Mangaluru (Dakshina Kannada)
241,277,381,Surrender,2026-03-22,Mangaluru (Dakshina Kannada)
242,279,383,Arrest,2026-12-07,Chamarajanagar
243,280,385,Arrest,2026-01-30,Kodagu
244,281,386,Surrender,2025-03-25,Bengaluru Rural
245,281,387,Arrest,2025-03-30,Bengaluru Rural
246,281,388,Arrest,2025-04-21,Bengaluru Rural
247,283,389,Arrest,2026-04-25,Mysuru
248,283,390,Arrest,2026-05-04,Mysuru
249,285,392,Arrest,2024-09-12,Hassan
250,285,394,Arrest,2024-09-27,Hassan
251,286,395,Arrest,2026-07-23,Hubballi-Dharwad
252,287,396,Arrest,2022-02-27,Tumakuru
253,288,397,Surrender,2023-06-27,Raichur
254,289,400,Arrest,2024-03-06,Mangaluru (Dakshina Kannada)
255,291,402,Arrest,2022-05-01,Hassan
256,291,403,Arrest,2022-04-03,Hassan
257,291,404,Arrest,2022-04-20,Hassan
258,292,405,Arrest,2024-02-15,Chamarajanagar
259,292,406,Surrender,2024-02-01,Chamarajanagar
260,293,407,Arrest,2026-07-30,Tumakuru
261,293,409,Arrest,2026-08-19,Tumakuru
262,296,411,Surrender,2023-02-05,Chitradurga
263,298,414,Arrest,2024-10-31,Davanagere
264,299,415,Arrest,2023-07-28,Udupi
265,300,417,Arrest,2025-01-19,Hassan
266,301,418,Arrest,2026-04-11,Kodagu
267,303,420,Arrest,2023-04-16,Shivamogga
268,304,421,Surrender,2025-01-26,Chikkaballapur
269,304,422,Arrest,2025-01-26,Chikkaballapur
270,305,424,Arrest,2027-01-07,Hubballi-Dharwad
271,306,426,Arrest,2024-04-27,Bengaluru Rural
272,307,429,Arrest,2024-09-13,Chitradurga
273,308,430,Arrest,2022-11-18,Kodagu
274,310,432,Arrest,2023-02-13,Davanagere
275,310,433,Arrest,2023-03-02,Davanagere
276,311,434,Arrest,2024-05-14,Hubballi-Dharwad
277,313,436,Arrest,2025-11-27,Belagavi
278,314,437,Arrest,2025-02-27,Bengaluru City
279,316,439,Surrender,2022-08-29,Tumakuru
280,316,441,Arrest,2022-08-31,Tumakuru
281,317,442,Arrest,2024-06-16,Bengaluru Rural
282,317,443,Arrest,2024-05-06,Bengaluru Rural
283,318,444,Arrest,2022-12-11,Bengaluru Rural
284,319,445,Arrest,2025-12-30,Belagavi
285,319,446,Arrest,2026-01-27,Belagavi
286,320,447,Arrest,2023-05-21,Belagavi
287,322,448,Surrender,2024-05-03,Davanagere
288,325,451,Arrest,2026-01-20,Mangaluru (Dakshina Kannada)
289,327,452,Arrest,2025-01-13,Mysuru
290,329,453,Arrest,2026-02-17,Bidar
291,330,455,Arrest,2022-12-31,Mangaluru (Dakshina Kannada)
292,331,457,Arrest,2024-01-16,Chamarajanagar
293,332,458,Arrest,2026-11-24,Kolar
294,334,461,Surrender,2023-03-09,Shivamogga
295,334,462,Arrest,2023-03-14,Shivamogga
296,335,463,Arrest,2023-10-02,Mangaluru (Dakshina Kannada)
297,336,465,Arrest,2026-09-03,Ballari
298,336,467,Surrender,2026-09-27,Ballari
299,338,471,Surrender,2026-02-20,Bengaluru Rural
300,339,473,Arrest,2024-10-07,Haveri
301,339,474,Arrest,2024-10-18,Haveri
302,342,477,Arrest,2022-04-27,Bengaluru City
303,343,478,Arrest,2025-01-27,Bagalkot
304,344,479,Arrest,2026-07-20,Mysuru
305,344,480,Arrest,2026-07-27,Mysuru
306,344,481,Arrest,2026-08-07,Mysuru
307,345,482,Arrest,2026-01-07,Davanagere
308,346,484,Arrest,2024-07-03,Shivamogga
309,346,485,Arrest,2024-07-10,Shivamogga
310,347,486,Arrest,2025-06-21,Davanagere
311,350,488,Arrest,2023-03-03,Ramanagara
312,350,489,Arrest,2023-03-20,Ramanagara
313,350,490,Surrender,2023-03-17,Ramanagara
314,352,491,Arrest,2022-05-24,Hassan
315,353,492,Arrest,2026-01-22,Chikkaballapur
316,354,493,Surrender,2025-10-20,Belagavi
317,354,494,Arrest,2025-10-11,Belagavi
318,354,495,Surrender,2025-10-02,Belagavi
319,355,496,Surrender,2026-12-12,Haveri
320,356,497,Surrender,2026-01-07,Bengaluru Rural
321,358,499,Arrest,2022-05-28,Ballari
322,358,500,Arrest,2022-05-30,Ballari
323,360,501,Surrender,2023-09-20,Hubballi-Dharwad
324,360,502,Arrest,2023-10-05,Hubballi-Dharwad
325,362,503,Arrest,2025-01-21,Belagavi
326,363,505,Arrest,2024-05-16,Mandya
327,364,506,Arrest,2026-10-19,Chamarajanagar
328,365,507,Arrest,2026-10-26,Haveri
329,366,510,Arrest,2023-05-25,Bagalkot
330,366,511,Arrest,2023-06-21,Bagalkot
331,367,512,Surrender,2022-04-25,Davanagere
332,368,513,Arrest,2025-05-22,Bidar
333,368,514,Arrest,2025-05-24,Bidar
334,371,515,Arrest,2026-07-23,Davanagere
335,372,516,Surrender,2025-05-30,Kalaburagi
336,373,517,Surrender,2026-04-01,Kolar
337,373,518,Arrest,2026-04-26,Kolar
338,373,519,Surrender,2026-03-24,Kolar
339,375,522,Arrest,2026-06-08,Bengaluru City
340,376,523,Arrest,2025-06-14,Kalaburagi
341,376,524,Arrest,2025-06-10,Kalaburagi
342,377,525,Arrest,2025-06-13,Raichur
343,378,526,Arrest,2024-05-24,Mysuru
344,379,527,Surrender,2025-01-24,Belagavi
345,379,529,Arrest,2024-12-15,Belagavi
346,382,530,Surrender,2026-07-30,Belagavi
347,383,531,Arrest,2025-08-13,Ramanagara
348,383,532,Arrest,2025-08-13,Ramanagara
349,384,533,Arrest,2023-12-29,Belagavi
350,385,534,Arrest,2024-02-27,Chikkamagaluru
351,386,535,Arrest,2024-08-03,Koppal
352,387,537,Arrest,2023-11-23,Koppal
353,388,538,Arrest,2024-05-17,Mysuru
354,389,541,Arrest,2024-07-29,Koppal
355,390,543,Surrender,2026-05-13,Bidar
356,390,544,Arrest,2026-04-09,Bidar
357,391,545,Arrest,2027-01-17,Bengaluru Rural
358,391,546,Surrender,2027-01-31,Bengaluru Rural
359,392,547,Arrest,2023-06-10,Bengaluru City
360,392,549,Arrest,2023-06-24,Bengaluru City
361,396,550,Arrest,2024-07-25,Haveri
362,398,552,Arrest,2025-08-13,Belagavi
363,400,554,Arrest,2025-03-22,Mysuru
364,401,556,Arrest,2024-03-26,Bengaluru City
365,402,558,Arrest,2026-05-02,Gadag
366,403,559,Arrest,2022-11-06,Mangaluru (Dakshina Kannada)
367,404,560,Surrender,2022-09-09,Bengaluru Rural
368,407,566,Arrest,2022-12-28,Davanagere
369,410,570,Arrest,2024-05-29,Davanagere
370,411,573,Arrest,2023-05-15,Bagalkot
371,412,574,Arrest,2026-10-21,Kolar
372,414,576,Arrest,2024-04-20,Mandya
373,415,577,Arrest,2026-09-07,Hubballi-Dharwad
374,419,581,Surrender,2025-05-28,Chamarajanagar
375,421,584,Surrender,2026-06-25,Hassan
376,422,585,Arrest,2022-12-18,Udupi
377,423,586,Arrest,2024-08-12,Haveri
378,425,587,Arrest,2025-04-20,Hubballi-Dharwad
379,425,588,Surrender,2025-05-25,Hubballi-Dharwad
380,426,589,Surrender,2022-05-20,Ballari
381,430,592,Arrest,2026-11-12,Uttara Kannada
382,432,595,Arrest,2027-02-05,Bengaluru City
383,433,596,Arrest,2025-06-16,Chamarajanagar
384,434,597,Arrest,2025-02-09,Mangaluru (Dakshina Kannada)
385,435,599,Arrest,2024-09-10,Bengaluru City
386,436,600,Arrest,2024-09-27,Udupi
387,436,601,Arrest,2024-10-16,Udupi
388,437,602,Surrender,2024-05-12,Mysuru
389,438,603,Arrest,2025-11-06,Chikkamagaluru
390,439,604,Arrest,2026-01-14,Shivamogga
391,440,605,Surrender,2025-08-01,Mysuru
392,440,606,Arrest,2025-08-23,Mysuru
393,441,609,Surrender,2026-03-13,Bengaluru Rural
394,442,610,Arrest,2022-12-18,Vijayapura
395,443,611,Arrest,2023-08-17,Koppal
396,446,613,Arrest,2023-10-30,Davanagere
397,447,615,Arrest,2025-06-29,Bengaluru Rural
398,448,617,Arrest,2027-01-28,Belagavi
399,449,619,Arrest,2025-09-22,Bengaluru City
400,450,620,Arrest,2024-12-01,Yadgir
401,450,621,Arrest,2024-12-21,Yadgir
402,451,622,Arrest,2023-01-10,Davanagere
403,454,624,Arrest,2025-04-20,Mysuru
404,456,627,Arrest,2023-10-22,Yadgir
405,457,628,Arrest,2025-05-03,Bengaluru City
406,458,630,Arrest,2027-02-01,Kodagu
407,459,631,Surrender,2025-07-28,Mysuru
408,459,632,Arrest,2025-07-31,Mysuru
409,460,633,Surrender,2023-02-25,Hassan
410,462,635,Arrest,2026-05-23,Belagavi
411,463,636,Arrest,2025-07-31,Bengaluru Rural
412,464,637,Arrest,2026-11-22,Gadag
413,465,638,Arrest,2026-10-31,Bengaluru Rural
414,465,639,Arrest,2026-10-08,Bengaluru Rural
415,469,644,Arrest,2024-06-14,Kodagu
416,470,645,Surrender,2026-03-24,Bengaluru Rural
417,471,646,Arrest,2026-10-23,Ramanagara
418,472,647,Arrest,2022-02-10,Mangaluru (Dakshina Kannada)
419,472,648,Surrender,2022-02-07,Mangaluru (Dakshina Kannada)
420,473,649,Surrender,2024-01-25,Bengaluru City
421,474,650,Arrest,2026-11-28,Kodagu
422,474,651,Arrest,2026-11-30,Kodagu
423,475,652,Arrest,2024-01-02,Bengaluru Rural
424,476,653,Arrest,2022-02-19,Hubballi-Dharwad
425,477,655,Arrest,2026-02-09,Mangaluru (Dakshina Kannada)
426,480,660,Arrest,2025-08-17,Mangaluru (Dakshina Kannada)
427,480,661,Arrest,2025-08-26,Mangaluru (Dakshina Kannada)
428,480,662,Arrest,2025-08-04,Mangaluru (Dakshina Kannada)
429,482,663,Arrest,2025-04-25,Davanagere
430,482,664,Surrender,2025-04-28,Davanagere
431,485,667,Arrest,2023-11-01,Bidar
432,486,670,Arrest,2022-07-08,Raichur
433,488,672,Arrest,2024-12-08,Chamarajanagar
434,488,674,Arrest,2024-12-01,Chamarajanagar
435,489,675,Arrest,2025-11-26,Mysuru
436,489,676,Arrest,2025-12-22,Mysuru
437,491,679,Surrender,2026-08-13,Bengaluru City
438,492,681,Surrender,2024-01-29,Hassan
439,496,685,Arrest,2024-06-28,Bengaluru Rural
440,497,687,Arrest,2026-07-06,Belagavi
441,498,688,Arrest,2026-03-23,Raichur
442,501,692,Arrest,2025-05-15,Mysuru
443,503,694,Arrest,2024-01-05,Bengaluru Rural
444,504,695,Arrest,2022-03-16,Bagalkot
445,505,696,Arrest,2023-10-14,Bidar
446,505,697,Arrest,2023-10-05,Bidar
447,506,699,Arrest,2024-02-26,Haveri
448,506,701,Arrest,2024-02-07,Haveri
449,507,702,Arrest,2023-02-20,Bengaluru Rural
450,507,703,Arrest,2023-02-16,Bengaluru Rural
451,510,706,Arrest,2026-05-28,Mysuru
452,513,709,Arrest,2026-03-17,Hubballi-Dharwad
453,514,710,Surrender,2026-04-30,Chamarajanagar
454,517,713,Arrest,2024-02-06,Bengaluru Rural
455,518,714,Arrest,2025-08-29,Ballari
456,518,715,Arrest,2025-08-26,Ballari
457,518,716,Arrest,2025-09-04,Ballari
458,519,717,Surrender,2022-03-08,Udupi
459,520,718,Arrest,2026-08-11,Kolar
460,520,719,Arrest,2026-08-15,Kolar
461,521,720,Arrest,2025-08-23,Bidar
462,521,721,Arrest,2025-09-15,Bidar
463,522,722,Arrest,2024-06-25,Hassan
464,523,723,Arrest,2025-01-26,Tumakuru
465,524,724,Arrest,2025-01-19,Kodagu
466,526,727,Arrest,2025-07-16,Hassan
467,528,730,Arrest,2025-03-10,Shivamogga
468,528,732,Arrest,2025-02-07,Shivamogga
469,531,735,Arrest,2026-04-12,Davanagere
470,532,736,Arrest,2025-10-11,Chamarajanagar
471,532,737,Arrest,2025-10-16,Chamarajanagar
472,533,738,Arrest,2026-10-14,Bengaluru City
473,535,739,Surrender,2023-06-29,Bengaluru City
474,536,740,Arrest,2023-09-10,Bengaluru Rural
475,537,741,Surrender,2025-01-22,Bengaluru City
476,540,745,Arrest,2024-11-17,Chikkamagaluru
477,543,750,Surrender,2026-05-10,Bengaluru Rural
478,547,755,Arrest,2026-03-24,Kodagu
479,548,756,Arrest,2024-12-14,Davanagere
480,549,758,Arrest,2026-01-11,Bengaluru City
481,553,763,Surrender,2025-10-24,Belagavi
482,553,764,Arrest,2025-10-15,Belagavi
483,554,765,Arrest,2023-02-20,Tumakuru
484,556,767,Arrest,2026-06-17,Kolar
485,557,768,Arrest,2026-08-15,Ballari
486,557,769,Surrender,2026-08-13,Ballari
487,559,771,Arrest,2026-09-12,Mangaluru (Dakshina Kannada)
488,560,773,Arrest,2025-12-28,Ramanagara
489,560,774,Arrest,2026-01-05,Ramanagara
490,561,775,Arrest,2022-10-25,Ramanagara
491,562,778,Arrest,2026-03-12,Udupi
492,563,779,Arrest,2023-08-16,Tumakuru
493,564,781,Arrest,2025-06-22,Mysuru
494,566,784,Surrender,2026-11-15,Bengaluru Rural
495,567,785,Arrest,2024-04-03,Belagavi
496,569,788,Surrender,2025-01-30,Shivamogga
497,570,790,Arrest,2025-08-27,Davanagere
498,571,793,Arrest,2023-02-17,Tumakuru
499,572,794,Arrest,2026-08-02,Bidar
500,573,795,Arrest,2025-06-17,Chamarajanagar
501,574,796,Arrest,2022-12-01,Tumakuru
502,575,797,Arrest,2026-04-29,Hubballi-Dharwad
503,575,798,Arrest,2026-05-08,Hubballi-Dharwad
504,575,799,Arrest,2026-04-08,Hubballi-Dharwad
505,576,801,Arrest,2025-09-30,Mysuru
506,580,805,Arrest,2022-05-16,Belagavi
507,580,806,Arrest,2022-05-17,Belagavi
508,581,807,Arrest,2026-10-11,Bidar
509,582,808,Surrender,2024-07-12,Udupi
510,582,809,Arrest,2024-06-30,Udupi
511,583,810,Arrest,2024-11-04,Chikkamagaluru
512,584,811,Surrender,2023-06-25,Mangaluru (Dakshina Kannada)
513,585,813,Arrest,2023-05-15,Tumakuru
514,587,815,Arrest,2027-01-10,Hassan
515,587,816,Arrest,2027-01-18,Hassan
516,588,817,Surrender,2024-04-08,Mysuru
517,590,819,Arrest,2025-02-13,Belagavi
518,593,821,Arrest,2025-05-29,Mysuru
519,593,822,Arrest,2025-05-24,Mysuru
520,594,823,Arrest,2024-05-13,Bengaluru Rural
521,596,826,Arrest,2025-02-03,Belagavi
522,596,827,Arrest,2025-02-15,Belagavi
523,597,828,Arrest,2023-03-17,Ramanagara
524,597,829,Arrest,2023-03-14,Ramanagara
525,599,831,Arrest,2022-06-25,Belagavi
526,600,832,Arrest,2023-11-24,Belagavi
527,600,834,Arrest,2023-11-08,Belagavi
528,601,835,Arrest,2025-02-03,Bengaluru Rural
529,602,836,Arrest,2023-07-09,Shivamogga
530,603,839,Surrender,2022-11-10,Chamarajanagar
531,604,841,Arrest,2026-10-11,Belagavi
532,604,842,Arrest,2026-09-20,Belagavi
533,605,844,Arrest,2024-03-20,Belagavi
534,605,845,Arrest,2024-04-13,Belagavi
535,606,847,Arrest,2023-10-01,Belagavi
536,607,848,Arrest,2027-01-16,Kolar
537,607,849,Arrest,2026-12-12,Kolar
538,608,852,Arrest,2026-09-22,Belagavi
539,609,853,Arrest,2026-02-17,Bidar
540,610,854,Arrest,2024-09-21,Hassan
541,611,855,Arrest,2023-05-28,Gadag
542,613,857,Arrest,2024-08-15,Kolar
543,615,859,Arrest,2026-08-11,Mangaluru (Dakshina Kannada)
544,617,860,Arrest,2026-05-13,Bengaluru City
545,618,861,Arrest,2026-09-09,Kodagu
546,620,863,Arrest,2022-05-11,Bengaluru City
547,621,865,Arrest,2026-01-24,Belagavi
548,622,867,Surrender,2026-09-27,Tumakuru
549,622,868,Arrest,2026-11-02,Tumakuru
550,623,869,Arrest,2023-06-08,Mangaluru (Dakshina Kannada)
551,624,870,Arrest,2026-03-29,Udupi
552,624,871,Arrest,2026-03-12,Udupi
553,624,872,Arrest,2026-03-17,Udupi
554,625,873,Surrender,2022-04-09,Chikkamagaluru
555,625,874,Arrest,2022-04-19,Chikkamagaluru
556,628,877,Arrest,2025-11-28,Bengaluru Rural
557,629,878,Arrest,2026-04-25,Bengaluru Rural
558,630,880,Arrest,2027-01-07,Davanagere
559,630,881,Surrender,2026-12-23,Davanagere
560,631,883,Arrest,2025-12-17,Belagavi
561,632,884,Arrest,2026-12-16,Hassan
562,633,885,Arrest,2023-10-10,Hubballi-Dharwad
563,634,888,Arrest,2026-04-30,Udupi
564,636,890,Surrender,2023-07-15,Bengaluru Rural
565,636,891,Arrest,2023-07-07,Bengaluru Rural
566,637,893,Arrest,2026-04-01,Hassan
567,638,894,Surrender,2024-04-10,Hubballi-Dharwad
568,642,898,Arrest,2026-06-26,Mandya
569,642,899,Arrest,2026-07-31,Mandya
570,643,900,Arrest,2024-03-27,Chamarajanagar
571,644,901,Arrest,2023-05-14,Udupi
572,647,905,Surrender,2026-07-05,Kodagu
573,647,906,Arrest,2026-07-23,Kodagu
574,648,907,Arrest,2026-11-24,Mangaluru (Dakshina Kannada)
575,648,908,Arrest,2026-11-03,Mangaluru (Dakshina Kannada)
576,648,909,Arrest,2026-11-04,Mangaluru (Dakshina Kannada)
577,650,910,Arrest,2024-12-02,Koppal
578,651,912,Arrest,2026-06-01,Belagavi
579,651,913,Arrest,2026-06-19,Belagavi
580,652,914,Arrest,2024-04-03,Hassan
581,653,915,Arrest,2024-12-11,Belagavi
582,655,916,Surrender,2022-12-10,Chamarajanagar
583,655,917,Arrest,2022-12-04,Chamarajanagar
584,657,919,Arrest,2024-11-21,Chikkaballapur
585,659,923,Surrender,2026-04-15,Kolar
586,659,924,Arrest,2026-04-11,Kolar
587,660,925,Arrest,2026-11-06,Belagavi
588,662,927,Arrest,2025-03-31,Chamarajanagar
589,663,928,Arrest,2024-03-15,Belagavi
590,663,929,Surrender,2024-02-15,Belagavi
591,664,930,Surrender,2026-07-17,Tumakuru
592,664,931,Arrest,2026-06-18,Tumakuru
593,664,932,Arrest,2026-06-09,Tumakuru
594,665,933,Arrest,2024-06-21,Belagavi
595,666,934,Arrest,2026-04-10,Hassan
596,668,936,Arrest,2024-09-28,Kodagu
597,670,939,Arrest,2026-09-17,Kolar
598,671,940,Surrender,2025-01-07,Ramanagara
599,674,943,Surrender,2023-12-06,Kodagu
600,674,944,Arrest,2024-01-06,Kodagu
601,675,946,Arrest,2023-02-09,Bengaluru Rural
602,679,953,Arrest,2023-09-03,Kolar
603,679,955,Arrest,2023-09-07,Kolar
604,680,956,Arrest,2025-07-27,Mysuru
605,683,959,Arrest,2022-02-21,Davanagere
606,684,960,Arrest,2023-12-21,Kodagu
607,685,961,Arrest,2024-01-11,Belagavi
608,687,964,Surrender,2026-08-20,Mangaluru (Dakshina Kannada)
609,687,965,Surrender,2026-08-27,Mangaluru (Dakshina Kannada)
610,691,969,Arrest,2023-06-29,Belagavi
611,693,971,Arrest,2024-06-24,Ballari
612,696,975,Arrest,2023-07-17,Bengaluru Rural
613,697,976,Arrest,2026-06-09,Yadgir
614,699,980,Arrest,2022-05-06,Kodagu
615,699,981,Arrest,2022-04-25,Kodagu
616,700,982,Arrest,2026-11-19,Belagavi
617,701,984,Arrest,2024-06-25,Mysuru
618,702,985,Surrender,2022-07-17,Hassan
619,703,986,Arrest,2026-02-15,Haveri
620,704,987,Arrest,2026-11-25,Kalaburagi
621,705,988,Arrest,2026-08-26,Hassan
622,705,989,Arrest,2026-09-16,Hassan
623,706,990,Surrender,2025-10-25,Mysuru
624,707,992,Arrest,2026-11-29,Bagalkot
625,708,994,Arrest,2024-04-03,Bengaluru City
626,708,995,Arrest,2024-03-28,Bengaluru City
627,709,996,Arrest,2023-08-12,Kodagu
628,709,997,Arrest,2023-08-24,Kodagu
629,710,998,Surrender,2025-05-11,Bengaluru Rural
630,712,1000,Surrender,2026-05-07,Belagavi
631,712,1002,Arrest,2026-04-25,Belagavi
632,713,1003,Surrender,2025-04-17,Mysuru
633,715,1007,Arrest,2026-06-19,Bengaluru City
634,716,1008,Arrest,2022-08-26,Kodagu
635,717,1009,Surrender,2025-09-25,Kalaburagi
636,717,1010,Arrest,2025-10-06,Kalaburagi
637,718,1011,Arrest,2023-10-05,Kolar
638,719,1013,Arrest,2025-06-03,Davanagere
639,719,1014,Surrender,2025-05-17,Davanagere
640,722,1017,Arrest,2022-08-15,Raichur
641,723,1018,Arrest,2025-07-06,Mangaluru (Dakshina Kannada)
642,724,1021,Arrest,2025-02-03,Ramanagara
643,726,1023,Arrest,2023-03-17,Mysuru
644,728,1024,Arrest,2022-05-13,Belagavi
645,729,1025,Arrest,2026-03-30,Bidar
646,729,1026,Arrest,2026-03-04,Bidar
647,731,1027,Surrender,2024-03-06,Chamarajanagar
648,733,1030,Arrest,2026-12-05,Belagavi
649,734,1031,Arrest,2025-07-03,Ramanagara
650,735,1032,Surrender,2024-10-03,Koppal
651,736,1034,Arrest,2026-03-16,Chikkamagaluru
652,736,1035,Arrest,2026-02-11,Chikkamagaluru
653,740,1040,Surrender,2023-11-27,Bidar
654,741,1041,Arrest,2025-02-21,Mysuru
655,746,1046,Arrest,2024-03-22,Ballari
656,747,1047,Arrest,2026-02-27,Kalaburagi
657,747,1048,Arrest,2026-02-24,Kalaburagi
658,747,1049,Arrest,2026-02-24,Kalaburagi
659,748,1050,Arrest,2022-09-20,Ballari
660,748,1051,Surrender,2022-09-14,Ballari
661,748,1052,Surrender,2022-09-07,Ballari
662,750,1054,Arrest,2026-09-26,Belagavi
663,750,1055,Arrest,2026-09-26,Belagavi
664,751,1056,Surrender,2025-08-19,Davanagere
665,756,1061,Arrest,2024-10-08,Hubballi-Dharwad
666,757,1063,Arrest,2023-05-11,Bidar
667,757,1064,Arrest,2023-05-20,Bidar
668,758,1065,Arrest,2024-06-20,Bengaluru City
669,759,1066,Arrest,2024-02-08,Hubballi-Dharwad
670,761,1068,Arrest,2024-02-05,Davanagere
671,761,1069,Arrest,2024-01-25,Davanagere
672,762,1072,Arrest,2022-03-08,Bengaluru Rural
673,764,1074,Arrest,2026-10-16,Mysuru
674,764,1075,Arrest,2026-10-23,Mysuru
675,765,1076,Arrest,2026-09-15,Chitradurga
676,766,1077,Arrest,2024-03-26,Davanagere
677,769,1080,Arrest,2026-08-21,Bengaluru Rural
678,770,1081,Surrender,2024-12-20,Belagavi
679,771,1082,Arrest,2025-08-07,Kodagu
680,772,1083,Arrest,2026-06-03,Haveri
681,773,1084,Arrest,2023-11-16,Hubballi-Dharwad
682,773,1085,Arrest,2023-11-06,Hubballi-Dharwad
683,773,1086,Arrest,2023-11-05,Hubballi-Dharwad
684,775,1088,Arrest,2024-06-09,Belagavi
685,776,1089,Surrender,2026-11-13,Hubballi-Dharwad
686,776,1090,Arrest,2026-11-11,Hubballi-Dharwad
687,777,1091,Arrest,2024-10-22,Shivamogga
688,777,1093,Arrest,2024-11-28,Shivamogga
689,778,1094,Arrest,2025-03-18,Bengaluru City
690,778,1095,Arrest,2025-04-04,Bengaluru City
691,779,1096,Arrest,2025-03-19,Kodagu
692,779,1098,Arrest,2025-03-09,Kodagu
693,785,1103,Surrender,2025-08-15,Yadgir
694,787,1105,Arrest,2026-11-26,Mysuru
695,787,1106,Arrest,2027-01-03,Mysuru
696,787,1107,Arrest,2026-12-10,Mysuru
697,790,1111,Arrest,2025-08-14,Bengaluru City
698,790,1112,Arrest,2025-08-11,Bengaluru City
699,791,1113,Arrest,2026-06-16,Mysuru
700,793,1115,Arrest,2022-08-03,Udupi
701,795,1117,Surrender,2026-03-05,Bengaluru Rural
702,795,1118,Surrender,2026-03-27,Bengaluru Rural
703,796,1120,Arrest,2026-02-28,Vijayapura
704,803,1127,Surrender,2026-08-29,Mysuru
705,803,1129,Arrest,2026-08-23,Mysuru
706,804,1130,Arrest,2025-12-31,Bengaluru City
707,804,1131,Arrest,2026-01-05,Bengaluru City
708,806,1133,Arrest,2026-01-07,Bengaluru City
709,807,1134,Arrest,2025-10-08,Udupi
710,808,1136,Surrender,2026-12-31,Kolar
711,808,1137,Arrest,2027-01-06,Kolar
712,809,1139,Arrest,2023-03-29,Bengaluru City
713,810,1140,Arrest,2026-05-30,Bengaluru Rural
714,811,1143,Arrest,2022-08-21,Kalaburagi
715,813,1146,Arrest,2023-06-04,Mysuru
716,815,1149,Surrender,2025-07-07,Bengaluru City
717,815,1150,Arrest,2025-07-09,Bengaluru City
718,816,1151,Surrender,2023-02-07,Mangaluru (Dakshina Kannada)
719,817,1153,Arrest,2025-08-19,Haveri
720,817,1154,Arrest,2025-09-22,Haveri
721,818,1155,Arrest,2025-10-28,Bengaluru City
722,819,1156,Arrest,2024-06-23,Vijayapura
723,821,1159,Arrest,2026-11-01,Tumakuru
724,821,1160,Surrender,2026-11-04,Tumakuru
725,822,1161,Arrest,2025-12-17,Bengaluru Rural
726,825,1163,Arrest,2022-07-23,Chamarajanagar
727,826,1164,Arrest,2026-09-26,Chamarajanagar
728,826,1165,Arrest,2026-09-19,Chamarajanagar
729,826,1166,Arrest,2026-08-21,Chamarajanagar
730,828,1169,Surrender,2025-11-18,Bengaluru City
731,828,1171,Arrest,2025-11-25,Bengaluru City
732,829,1172,Arrest,2026-03-22,Kalaburagi
733,829,1173,Arrest,2026-02-10,Kalaburagi
734,830,1174,Arrest,2023-08-26,Belagavi
735,833,1179,Surrender,2025-12-07,Hassan
736,834,1180,Arrest,2024-10-22,Kodagu
737,834,1181,Surrender,2024-11-15,Kodagu
738,835,1182,Arrest,2026-06-23,Mangaluru (Dakshina Kannada)
739,836,1183,Arrest,2026-01-25,Ballari
740,837,1184,Arrest,2026-09-20,Gadag
741,839,1186,Arrest,2024-10-12,Belagavi
742,843,1189,Arrest,2023-11-22,Bengaluru Rural
743,844,1190,Arrest,2026-08-14,Bengaluru Rural
744,846,1192,Arrest,2023-07-21,Belagavi
745,847,1193,Surrender,2022-06-10,Udupi
746,848,1194,Arrest,2024-02-09,Chamarajanagar
747,849,1196,Surrender,2023-12-11,Hubballi-Dharwad
748,851,1198,Arrest,2024-11-30,Davanagere
749,851,1199,Surrender,2024-12-09,Davanagere
750,852,1201,Surrender,2022-04-07,Bengaluru Rural
751,855,1203,Arrest,2025-12-17,Davanagere
752,856,1204,Arrest,2027-01-29,Bidar
753,857,1205,Surrender,2026-05-24,Hassan
754,857,1206,Arrest,2026-04-15,Hassan
755,858,1207,Arrest,2026-02-19,Bidar
756,859,1208,Arrest,2026-07-28,Udupi
757,859,1210,Surrender,2026-08-18,Udupi
758,860,1211,Arrest,2022-11-27,Bidar
759,862,1213,Arrest,2023-03-28,Hubballi-Dharwad
760,863,1214,Arrest,2022-12-09,Tumakuru
761,863,1215,Arrest,2022-12-17,Tumakuru
762,865,1217,Arrest,2023-06-03,Bengaluru Rural
763,867,1218,Arrest,2022-02-18,Chikkamagaluru
764,868,1219,Arrest,2025-12-07,Davanagere
765,869,1221,Surrender,2026-03-13,Ramanagara
766,869,1222,Arrest,2026-03-07,Ramanagara
767,871,1224,Surrender,2026-05-01,Udupi
768,872,1227,Surrender,2026-11-09,Mangaluru (Dakshina Kannada)
769,873,1229,Arrest,2025-09-25,Bengaluru Rural
770,873,1230,Arrest,2025-11-02,Bengaluru Rural
771,875,1232,Arrest,2023-03-29,Udupi
772,878,1235,Surrender,2024-10-19,Bengaluru Rural
773,878,1236,Surrender,2024-10-02,Bengaluru Rural
774,879,1237,Arrest,2024-05-08,Bengaluru Rural
775,879,1238,Arrest,2024-06-09,Bengaluru Rural
776,880,1239,Surrender,2026-11-27,Haveri
777,881,1240,Arrest,2024-07-06,Bengaluru Rural
778,883,1242,Arrest,2022-11-16,Tumakuru
779,886,1244,Arrest,2023-01-04,Kolar
780,887,1245,Arrest,2022-06-24,Tumakuru
781,888,1247,Arrest,2023-05-27,Chikkamagaluru
782,889,1248,Arrest,2026-05-13,Udupi
783,889,1249,Surrender,2026-05-09,Udupi
784,889,1250,Surrender,2026-05-03,Udupi
785,892,1253,Arrest,2026-05-28,Bengaluru City
786,893,1255,Arrest,2026-08-26,Belagavi
787,895,1256,Arrest,2026-04-11,Ramanagara
788,896,1257,Arrest,2025-05-27,Chamarajanagar
789,898,1261,Arrest,2023-03-04,Bengaluru City
790,899,1262,Arrest,2023-06-09,Udupi
791,901,1266,Arrest,2025-03-01,Hubballi-Dharwad
792,903,1268,Surrender,2023-06-14,Raichur
793,905,1269,Surrender,2023-05-07,Bengaluru Rural
794,905,1270,Arrest,2023-04-26,Bengaluru Rural
795,906,1271,Arrest,2026-11-15,Mangaluru (Dakshina Kannada)
796,908,1273,Surrender,2023-02-12,Hassan
797,909,1275,Arrest,2022-10-05,Bengaluru City
798,909,1276,Arrest,2022-10-14,Bengaluru City
799,910,1277,Arrest,2022-05-20,Raichur
800,913,1281,Arrest,2024-02-16,Chamarajanagar
801,914,1282,Arrest,2026-08-20,Belagavi
802,915,1283,Arrest,2024-01-26,Tumakuru
803,917,1285,Arrest,2022-05-18,Belagavi
804,918,1288,Arrest,2025-02-13,Bengaluru City
805,918,1289,Arrest,2025-01-19,Bengaluru City
806,919,1290,Arrest,2026-06-29,Mysuru
807,919,1291,Arrest,2026-07-22,Mysuru
808,920,1292,Arrest,2023-01-24,Udupi
809,920,1293,Arrest,2023-03-02,Udupi
810,923,1296,Arrest,2026-05-15,Tumakuru
811,924,1297,Surrender,2023-04-16,Bidar
812,926,1300,Arrest,2025-07-08,Uttara Kannada
813,928,1302,Arrest,2023-03-26,Udupi
814,928,1303,Arrest,2023-04-08,Udupi
815,930,1305,Arrest,2024-07-02,Belagavi
816,931,1306,Arrest,2026-06-18,Tumakuru
817,932,1307,Arrest,2026-11-28,Bengaluru Rural
818,932,1308,Arrest,2026-11-30,Bengaluru Rural
819,933,1309,Surrender,2022-06-27,Bengaluru City
820,934,1310,Arrest,2024-05-23,Bengaluru Rural
821,938,1314,Arrest,2024-10-11,Bidar
822,938,1315,Arrest,2024-10-01,Bidar
823,941,1316,Arrest,2024-01-22,Belagavi
824,942,1317,Arrest,2024-11-17,Bengaluru City
825,943,1319,Arrest,2023-05-09,Bengaluru City
826,943,1320,Arrest,2023-05-31,Bengaluru City
827,944,1321,Arrest,2024-01-23,Uttara Kannada
828,945,1322,Arrest,2023-10-06,Bengaluru Rural
829,946,1323,Surrender,2024-08-28,Bengaluru City
830,949,1325,Arrest,2026-01-03,Bengaluru Rural
831,951,1326,Surrender,2026-08-25,Koppal
832,952,1329,Surrender,2022-06-18,Tumakuru
833,955,1331,Arrest,2023-11-27,Belagavi
834,955,1332,Arrest,2023-12-06,Belagavi
835,956,1333,Arrest,2024-07-03,Tumakuru
836,958,1334,Arrest,2022-10-27,Tumakuru
837,959,1336,Arrest,2024-06-02,Bengaluru City
838,959,1337,Arrest,2024-05-25,Bengaluru City
839,960,1338,Arrest,2026-02-19,Ramanagara
840,961,1340,Arrest,2026-07-09,Chamarajanagar
841,962,1342,Arrest,2026-06-29,Mangaluru (Dakshina Kannada)
842,965,1345,Surrender,2024-01-23,Bidar
843,965,1346,Arrest,2024-01-23,Bidar
844,967,1349,Surrender,2026-05-17,Hassan
845,969,1350,Surrender,2027-01-27,Chikkamagaluru
846,970,1351,Arrest,2022-05-19,Belagavi
847,971,1352,Surrender,2026-04-15,Belagavi
848,973,1353,Arrest,2024-10-11,Tumakuru
849,974,1354,Arrest,2026-09-23,Koppal
850,976,1355,Arrest,2026-10-29,Mangaluru (Dakshina Kannada)
851,976,1356,Arrest,2026-11-12,Mangaluru (Dakshina Kannada)
852,976,1357,Arrest,2026-11-06,Mangaluru (Dakshina Kannada)
853,977,1358,Arrest,2024-12-27,Hubballi-Dharwad
854,978,1359,Arrest,2026-03-03,Mysuru
855,979,1360,Arrest,2026-09-23,Ramanagara
856,979,1361,Arrest,2026-09-12,Ramanagara
857,980,1362,Arrest,2023-09-23,Hassan
858,981,1363,Arrest,2025-12-19,Mangaluru (Dakshina Kannada)
859,981,1365,Surrender,2025-11-28,Mangaluru (Dakshina Kannada)
860,982,1366,Arrest,2025-10-03,Belagavi
861,982,1367,Arrest,2025-09-20,Belagavi
862,982,1368,Arrest,2025-09-16,Belagavi
863,983,1369,Arrest,2023-11-04,Davanagere
864,984,1370,Arrest,2025-08-15,Hassan
865,985,1373,Surrender,2023-04-17,Uttara Kannada
866,986,1374,Arrest,2026-09-11,Bengaluru City
867,987,1375,Arrest,2022-04-25,Bengaluru Rural
868,988,1377,Arrest,2022-06-01,Yadgir
869,989,1379,Surrender,2026-06-11,Davanagere
870,989,1380,Arrest,2026-06-27,Davanagere
871,990,1381,Arrest,2024-12-22,Chamarajanagar
872,991,1385,Arrest,2023-09-07,Kalaburagi
873,992,1386,Surrender,2024-11-13,Mysuru
874,992,1387,Arrest,2024-11-03,Mysuru
875,993,1388,Surrender,2025-03-02,Vijayapura
876,993,1389,Arrest,2025-02-13,Vijayapura
877,994,1390,Surrender,2023-12-16,Gadag
878,994,1391,Arrest,2024-01-23,Gadag
879,996,1392,Arrest,2026-02-20,Bidar
880,997,1394,Arrest,2022-05-19,Ballari
881,1001,1397,Arrest,2026-02-10,Belagavi
882,1002,1399,Arrest,2022-10-16,Belagavi
883,1003,1400,Surrender,2024-10-26,Bengaluru Rural
884,1004,1401,Arrest,2024-04-06,Uttara Kannada
885,1005,1402,Arrest,2024-12-14,Belagavi
886,1006,1404,Arrest,2026-10-02,Ramanagara
887,1007,1406,Arrest,2023-11-24,Tumakuru
888,1008,1408,Arrest,2023-03-17,Mysuru
889,1009,1409,Arrest,2023-06-25,Mangaluru (Dakshina Kannada)
890,1010,1410,Arrest,2024-06-03,Ballari
891,1010,1411,Arrest,2024-06-19,Ballari
892,1011,1413,Arrest,2026-02-16,Bengaluru City
893,1012,1416,Arrest,2026-05-21,Davanagere
894,1015,1420,Arrest,2022-01-30,Ballari
895,1017,1422,Surrender,2026-05-23,Mysuru
896,1017,1423,Surrender,2026-06-18,Mysuru
897,1018,1424,Arrest,2026-05-21,Ramanagara
898,1020,1426,Arrest,2023-03-24,Bengaluru City
899,1024,1429,Surrender,2026-10-07,Tumakuru
900,1024,1430,Arrest,2026-10-09,Tumakuru
901,1024,1431,Surrender,2026-09-24,Tumakuru
902,1027,1434,Arrest,2026-09-21,Tumakuru
903,1028,1436,Surrender,2022-06-01,Ramanagara
904,1029,1437,Arrest,2025-11-05,Davanagere
905,1030,1438,Arrest,2026-01-11,Chamarajanagar
906,1033,1441,Arrest,2022-02-11,Bengaluru Rural
907,1033,1442,Arrest,2022-02-01,Bengaluru Rural
908,1036,1445,Surrender,2022-03-18,Mangaluru (Dakshina Kannada)
909,1039,1449,Arrest,2026-10-29,Mangaluru (Dakshina Kannada)
910,1040,1450,Surrender,2022-02-16,Kodagu
911,1041,1452,Arrest,2023-03-21,Udupi
912,1042,1453,Arrest,2022-07-27,Bagalkot
913,1043,1454,Arrest,2026-09-03,Kalaburagi
914,1046,1457,Arrest,2025-10-28,Bidar
915,1047,1459,Arrest,2025-11-22,Kalaburagi
916,1047,1460,Surrender,2025-12-28,Kalaburagi
917,1048,1461,Arrest,2024-09-19,Hassan
918,1050,1464,Arrest,2025-09-02,Raichur
919,1050,1465,Arrest,2025-08-10,Raichur
920,1052,1467,Surrender,2023-09-06,Kalaburagi
921,1053,1468,Arrest,2024-10-28,Udupi
922,1056,1471,Arrest,2023-11-12,Belagavi
923,1056,1472,Arrest,2023-10-28,Belagavi
924,1057,1473,Arrest,2024-12-03,Belagavi
925,1060,1474,Arrest,2025-10-16,Chamarajanagar
926,1060,1475,Arrest,2025-11-05,Chamarajanagar
927,1060,1476,Arrest,2025-10-19,Chamarajanagar
928,1061,1477,Surrender,2024-12-19,Bengaluru City
929,1061,1479,Arrest,2024-12-20,Bengaluru City
930,1062,1481,Arrest,2025-12-12,Chikkamagaluru
931,1063,1482,Arrest,2026-12-21,Belagavi
932,1064,1484,Arrest,2022-11-05,Kalaburagi
933,1064,1485,Arrest,2022-11-04,Kalaburagi
934,1065,1486,Arrest,2025-09-27,Bengaluru Rural
935,1066,1487,Arrest,2025-11-21,Ballari
936,1067,1488,Arrest,2025-04-10,Bidar
937,1068,1489,Arrest,2025-04-01,Davanagere
938,1070,1491,Arrest,2025-04-05,Hassan
939,1071,1493,Arrest,2024-10-02,Koppal
940,1074,1496,Arrest,2023-08-09,Hassan
941,1074,1497,Surrender,2023-07-04,Hassan
942,1075,1498,Arrest,2026-02-11,Kolar
943,1075,1499,Arrest,2026-02-08,Kolar
944,1078,1504,Arrest,2022-08-11,Chamarajanagar
945,1079,1505,Surrender,2026-03-31,Ramanagara
946,1081,1507,Arrest,2023-06-06,Gadag
947,1081,1509,Surrender,2023-04-26,Gadag
948,1082,1510,Arrest,2024-11-04,Chamarajanagar
949,1083,1511,Arrest,2022-10-19,Bagalkot
950,1084,1512,Arrest,2025-02-02,Belagavi
951,1085,1513,Surrender,2025-02-11,Mysuru
952,1086,1515,Arrest,2023-09-22,Shivamogga
953,1086,1516,Arrest,2023-10-28,Shivamogga
954,1087,1517,Arrest,2027-01-08,Hassan
955,1087,1518,Arrest,2027-01-28,Hassan
956,1088,1521,Arrest,2024-12-24,Belagavi
957,1091,1524,Arrest,2022-09-05,Bengaluru Rural
958,1092,1526,Arrest,2026-03-11,Gadag
959,1094,1527,Arrest,2024-11-22,Udupi
960,1095,1528,Arrest,2024-04-13,Kodagu
961,1097,1530,Arrest,2026-04-17,Chamarajanagar
962,1099,1532,Arrest,2023-04-30,Ramanagara
963,1101,1535,Arrest,2023-05-18,Mysuru
964,1102,1536,Arrest,2025-04-01,Bengaluru Rural
965,1106,1542,Arrest,2025-05-26,Chamarajanagar
966,1109,1544,Arrest,2022-11-03,Kalaburagi
967,1110,1545,Arrest,2022-06-11,Belagavi
968,1113,1548,Arrest,2025-12-20,Ballari
969,1116,1550,Arrest,2025-11-29,Belagavi
970,1117,1551,Arrest,2024-04-30,Mysuru
971,1118,1553,Surrender,2024-07-06,Hassan
972,1119,1555,Arrest,2024-05-19,Haveri
973,1120,1556,Arrest,2024-09-04,Tumakuru
974,1121,1557,Arrest,2024-05-15,Gadag
975,1122,1559,Arrest,2025-04-30,Bengaluru Rural
976,1123,1561,Arrest,2026-12-19,Kalaburagi
977,1125,1563,Arrest,2022-04-04,Hubballi-Dharwad
978,1125,1564,Arrest,2022-04-01,Hubballi-Dharwad
979,1128,1566,Arrest,2026-06-24,Belagavi
980,1128,1567,Arrest,2026-06-27,Belagavi
981,1129,1568,Arrest,2025-08-04,Bengaluru City
982,1130,1570,Arrest,2025-01-20,Ramanagara
983,1134,1575,Surrender,2025-02-09,Bengaluru City
984,1134,1576,Arrest,2025-03-22,Bengaluru City
985,1135,1577,Arrest,2026-06-10,Raichur
986,1136,1579,Arrest,2022-05-23,Bidar
987,1137,1580,Arrest,2023-01-07,Bengaluru Rural
988,1140,1582,Arrest,2026-08-30,Tumakuru
989,1140,1583,Arrest,2026-09-04,Tumakuru
990,1142,1585,Surrender,2025-08-08,Bengaluru Rural
991,1143,1586,Surrender,2025-06-23,Udupi
992,1143,1587,Arrest,2025-06-25,Udupi
993,1143,1588,Arrest,2025-06-28,Udupi
994,1144,1589,Surrender,2023-01-14,Mandya
995,1144,1590,Arrest,2023-02-12,Mandya
996,1145,1592,Arrest,2026-08-19,Mysuru
997,1145,1593,Arrest,2026-09-09,Mysuru
998,1146,1594,Arrest,2026-09-03,Kodagu
999,1146,1595,Arrest,2026-09-04,Kodagu
1000,1147,1596,Surrender,2023-08-26,Bidar
1001,1147,1597,Arrest,2023-08-27,Bidar
1002,1149,1599,Surrender,2026-04-12,Kodagu
1003,1150,1600,Arrest,2026-09-30,Vijayapura
1004,1151,1601,Arrest,2023-05-17,Belagavi
1005,1152,1603,Arrest,2023-01-17,Bengaluru Rural
1006,1153,1604,Surrender,2022-09-21,Hassan
1007,1153,1605,Arrest,2022-09-23,Hassan
1008,1154,1607,Arrest,2023-04-23,Bengaluru Rural
1009,1154,1608,Arrest,2023-04-27,Bengaluru Rural
1010,1155,1610,Arrest,2025-04-21,Belagavi
1011,1156,1611,Arrest,2024-02-14,Ramanagara
1012,1159,1615,Arrest,2026-11-28,Yadgir
1013,1159,1616,Arrest,2026-11-16,Yadgir
1014,1160,1617,Surrender,2024-03-17,Belagavi
1015,1161,1618,Arrest,2026-07-30,Bengaluru City
1016,1162,1619,Arrest,2024-09-26,Yadgir
1017,1163,1620,Arrest,2024-05-22,Kodagu
1018,1163,1621,Arrest,2024-04-29,Kodagu
1019,1164,1622,Arrest,2023-05-01,Davanagere
1020,1165,1623,Surrender,2023-10-09,Bengaluru Rural
1021,1165,1624,Arrest,2023-09-29,Bengaluru Rural
1022,1166,1625,Surrender,2025-04-13,Mangaluru (Dakshina Kannada)
1023,1167,1626,Arrest,2023-12-21,Bengaluru City
1024,1168,1628,Arrest,2023-11-13,Chitradurga
1025,1170,1631,Arrest,2026-08-08,Kodagu
1026,1171,1632,Arrest,2023-07-23,Hubballi-Dharwad
1027,1171,1633,Arrest,2023-07-07,Hubballi-Dharwad
1028,1172,1634,Arrest,2024-05-11,Bengaluru Rural
1029,1173,1636,Arrest,2025-04-05,Yadgir
1030,1174,1637,Surrender,2025-02-25,Bengaluru City
1031,1174,1639,Arrest,2025-03-28,Bengaluru City
1032,1177,1642,Arrest,2026-04-25,Chamarajanagar
1033,1177,1643,Arrest,2026-04-30,Chamarajanagar
1034,1178,1644,Arrest,2025-11-16,Hassan
1035,1182,1647,Arrest,2026-10-23,Belagavi
1036,1182,1648,Arrest,2026-10-31,Belagavi
1037,1185,1650,Arrest,2026-04-04,Mandya
1038,1186,1651,Arrest,2025-11-12,Bengaluru City
1039,1189,1653,Surrender,2025-01-23,Hassan
1040,1190,1654,Arrest,2023-08-17,Mysuru
1041,1191,1655,Arrest,2024-01-26,Bengaluru City
1042,1192,1656,Arrest,2023-11-04,Mangaluru (Dakshina Kannada)
1043,1193,1660,Arrest,2026-05-06,Udupi
1044,1194,1661,Arrest,2023-05-30,Udupi
1045,1194,1662,Arrest,2023-06-03,Udupi
1046,1195,1663,Arrest,2024-08-22,Bidar
1047,1197,1666,Arrest,2027-01-30,Hubballi-Dharwad
1048,1199,1669,Arrest,2026-07-29,Kalaburagi
1049,1200,1671,Surrender,2022-07-30,Chamarajanagar
1050,1201,1675,Arrest,2022-10-05,Bengaluru City
1051,1202,1676,Arrest,2024-04-11,Chamarajanagar
1052,1203,1677,Surrender,2026-02-14,Kolar
1053,1204,1679,Arrest,2024-01-30,Bengaluru Rural
1054,1205,1681,Surrender,2022-05-14,Bagalkot
1055,1206,1682,Arrest,2025-08-10,Koppal
1056,1207,1683,Arrest,2022-08-06,Mangaluru (Dakshina Kannada)
1057,1208,1684,Surrender,2026-03-05,Ballari
1058,1209,1685,Arrest,2023-11-06,Belagavi
1059,1210,1687,Arrest,2022-05-16,Davanagere
1060,1211,1688,Arrest,2023-09-16,Mysuru
1061,1212,1689,Surrender,2023-03-19,Udupi
1062,1214,1691,Arrest,2024-11-21,Tumakuru
1063,1215,1692,Arrest,2024-03-27,Bidar
1064,1215,1693,Arrest,2024-04-14,Bidar
1065,1216,1694,Surrender,2023-11-05,Raichur
1066,1216,1696,Arrest,2023-11-13,Raichur
1067,1217,1697,Arrest,2023-06-18,Belagavi
1068,1219,1700,Surrender,2026-10-21,Mysuru
1069,1219,1701,Arrest,2026-11-21,Mysuru
1070,1220,1702,Arrest,2023-03-07,Koppal
1071,1221,1704,Arrest,2022-03-04,Mysuru
1072,1221,1705,Arrest,2022-03-06,Mysuru
1073,1221,1706,Arrest,2022-04-03,Mysuru
1074,1223,1708,Arrest,2025-10-13,Kodagu
1075,1225,1711,Arrest,2022-11-09,Mangaluru (Dakshina Kannada)
1076,1225,1712,Surrender,2022-11-11,Mangaluru (Dakshina Kannada)
1077,1227,1714,Arrest,2024-10-09,Belagavi
1078,1229,1716,Surrender,2024-07-02,Hassan
1079,1229,1717,Arrest,2024-07-15,Hassan
1080,1229,1718,Arrest,2024-06-24,Hassan
1081,1232,1721,Arrest,2024-09-08,Hassan
1082,1234,1723,Arrest,2024-05-29,Udupi
1083,1235,1725,Arrest,2026-10-11,Belagavi
1084,1236,1726,Surrender,2024-06-03,Yadgir
1085,1238,1728,Arrest,2023-03-29,Davanagere
1086,1241,1731,Arrest,2026-06-26,Bengaluru Rural
1087,1242,1732,Arrest,2022-04-14,Hassan
1088,1244,1735,Arrest,2024-05-29,Uttara Kannada
1089,1245,1737,Surrender,2026-01-31,Mangaluru (Dakshina Kannada)
1090,1246,1738,Arrest,2024-11-14,Vijayapura
1091,1247,1739,Arrest,2024-05-20,Belagavi
1092,1248,1740,Arrest,2023-08-17,Belagavi
1093,1249,1741,Arrest,2026-03-24,Bengaluru City
1094,1249,1742,Arrest,2026-04-14,Bengaluru City
1095,1249,1743,Arrest,2026-03-09,Bengaluru City
1096,1250,1744,Arrest,2024-11-24,Yadgir
1097,1250,1746,Arrest,2024-11-16,Yadgir
1098,1251,1747,Arrest,2025-08-18,Davanagere
1099,1252,1748,Surrender,2025-11-24,Mangaluru (Dakshina Kannada)
1100,1255,1751,Surrender,2026-06-21,Mangaluru (Dakshina Kannada)
1101,1257,1753,Arrest,2025-01-06,Davanagere
1102,1258,1754,Arrest,2022-09-19,Vijayapura
1103,1258,1755,Surrender,2022-10-09,Vijayapura
1104,1261,1758,Surrender,2023-05-26,Kodagu
1105,1262,1760,Arrest,2026-03-26,Tumakuru
1106,1263,1761,Arrest,2025-10-06,Chikkamagaluru
1107,1264,1762,Surrender,2026-03-26,Shivamogga
1108,1265,1763,Arrest,2023-06-04,Bengaluru Rural
1109,1266,1764,Surrender,2022-03-05,Kalaburagi
1110,1267,1765,Arrest,2026-03-27,Raichur
1111,1267,1766,Arrest,2026-04-02,Raichur
1112,1268,1767,Arrest,2022-02-08,Belagavi
1113,1269,1769,Arrest,2025-04-10,Belagavi
1114,1270,1770,Surrender,2022-02-20,Ramanagara
1115,1270,1771,Arrest,2022-01-18,Ramanagara
1116,1271,1772,Arrest,2024-05-02,Mangaluru (Dakshina Kannada)
1117,1272,1774,Arrest,2026-12-23,Chikkaballapur
1118,1274,1778,Surrender,2022-11-23,Mysuru
1119,1275,1779,Arrest,2026-05-20,Ballari
1120,1277,1781,Arrest,2024-06-06,Udupi
1121,1278,1783,Arrest,2026-01-11,Bengaluru Rural
1122,1279,1784,Arrest,2023-01-22,Kolar
1123,1279,1785,Arrest,2023-02-19,Kolar
1124,1282,1786,Arrest,2025-10-29,Mandya
1125,1284,1788,Arrest,2022-11-06,Bidar
1126,1284,1790,Surrender,2022-11-11,Bidar
1127,1285,1791,Arrest,2023-02-24,Bagalkot
1128,1286,1792,Surrender,2025-11-02,Bengaluru Rural
1129,1287,1793,Arrest,2026-07-28,Belagavi
1130,1288,1796,Arrest,2026-12-08,Belagavi
1131,1289,1797,Arrest,2026-10-18,Bengaluru Rural
1132,1289,1799,Arrest,2026-10-06,Bengaluru Rural
1133,1291,1800,Arrest,2026-10-12,Bengaluru Rural
1134,1293,1801,Surrender,2026-10-21,Belagavi
1135,1294,1802,Surrender,2023-09-25,Chikkaballapur
1136,1295,1803,Arrest,2025-11-15,Bengaluru Rural
1137,1297,1805,Arrest,2026-01-28,Raichur
1138,1297,1806,Arrest,2026-03-06,Raichur
1139,1299,1808,Arrest,2024-04-28,Hubballi-Dharwad
1140,1300,1809,Arrest,2023-10-22,Raichur
1141,1300,1810,Arrest,2023-11-06,Raichur
1142,1302,1813,Arrest,2023-05-08,Belagavi
1143,1303,1816,Arrest,2023-03-19,Bengaluru City
1144,1304,1817,Arrest,2026-11-06,Bengaluru City
1145,1305,1818,Arrest,2026-10-14,Belagavi
1146,1306,1819,Arrest,2022-06-02,Ramanagara
1147,1307,1822,Arrest,2025-02-05,Udupi
1148,1309,1824,Arrest,2025-08-27,Shivamogga
1149,1310,1825,Arrest,2022-11-10,Tumakuru
1150,1310,1827,Arrest,2022-11-13,Tumakuru
1151,1312,1829,Arrest,2025-06-16,Ramanagara
1152,1314,1831,Arrest,2026-12-31,Haveri
1153,1314,1832,Surrender,2026-12-28,Haveri
1154,1315,1833,Arrest,2026-05-11,Yadgir
1155,1317,1837,Arrest,2026-10-22,Bagalkot
1156,1318,1838,Arrest,2025-12-24,Ballari
1157,1318,1839,Arrest,2026-01-05,Ballari
1158,1320,1840,Arrest,2025-11-22,Shivamogga
1159,1321,1841,Arrest,2026-12-23,Raichur
1160,1322,1843,Arrest,2025-11-20,Raichur
1161,1323,1844,Surrender,2024-05-16,Hassan
1162,1324,1845,Arrest,2023-05-15,Mangaluru (Dakshina Kannada)
1163,1324,1846,Arrest,2023-05-09,Mangaluru (Dakshina Kannada)
1164,1324,1847,Arrest,2023-04-24,Mangaluru (Dakshina Kannada)
1165,1325,1848,Arrest,2023-04-16,Bengaluru Rural
1166,1326,1850,Arrest,2026-07-14,Bengaluru Rural
1167,1327,1851,Arrest,2026-05-03,Chikkamagaluru
1168,1329,1853,Arrest,2024-04-18,Chamarajanagar
1169,1330,1855,Arrest,2023-01-13,Udupi
1170,1330,1856,Surrender,2023-01-30,Udupi
1171,1331,1858,Arrest,2023-05-13,Hubballi-Dharwad
1172,1332,1859,Arrest,2025-03-25,Mangaluru (Dakshina Kannada)
1173,1332,1860,Arrest,2025-02-23,Mangaluru (Dakshina Kannada)
1174,1333,1862,Arrest,2026-09-19,Hassan
1175,1334,1863,Surrender,2026-10-25,Bengaluru City
1176,1335,1865,Surrender,2026-12-09,Shivamogga
1177,1336,1866,Arrest,2022-04-25,Bengaluru Rural
1178,1337,1867,Surrender,2024-10-16,Hubballi-Dharwad
1179,1340,1869,Surrender,2025-06-06,Kodagu
1180,1342,1870,Arrest,2023-05-28,Belagavi
1181,1342,1871,Arrest,2023-06-18,Belagavi
1182,1344,1872,Surrender,2026-06-14,Bengaluru City
1183,1344,1873,Arrest,2026-06-30,Bengaluru City
1184,1345,1874,Arrest,2025-01-13,Vijayapura
1185,1345,1875,Arrest,2024-12-31,Vijayapura
1186,1347,1878,Arrest,2022-05-29,Davanagere
1187,1350,1881,Surrender,2023-09-27,Belagavi
1188,1356,1887,Surrender,2023-11-14,Bengaluru Rural
1189,1357,1888,Arrest,2022-07-01,Chamarajanagar
1190,1358,1889,Surrender,2025-04-07,Ballari
1191,1359,1890,Arrest,2023-09-07,Bengaluru Rural
1192,1360,1892,Arrest,2023-06-13,Kodagu
1193,1362,1894,Surrender,2022-11-30,Chamarajanagar
1194,1362,1895,Arrest,2022-12-29,Chamarajanagar
1195,1363,1897,Arrest,2022-03-18,Chamarajanagar
1196,1367,1901,Arrest,2023-02-01,Bagalkot
1197,1368,1902,Arrest,2026-04-01,Belagavi
1198,1369,1903,Arrest,2026-12-15,Chikkamagaluru
1199,1370,1907,Arrest,2025-01-22,Belagavi
1200,1371,1908,Surrender,2022-10-28,Bidar
1201,1372,1911,Surrender,2023-06-23,Belagavi
1202,1376,1917,Surrender,2025-03-01,Belagavi
1203,1378,1919,Arrest,2022-09-09,Mangaluru (Dakshina Kannada)
1204,1378,1920,Arrest,2022-08-30,Mangaluru (Dakshina Kannada)
1205,1378,1921,Arrest,2022-09-29,Mangaluru (Dakshina Kannada)
1206,1380,1924,Arrest,2023-07-14,Bengaluru Rural
1207,1381,1925,Surrender,2024-07-11,Hubballi-Dharwad
1208,1383,1927,Arrest,2025-10-21,Davanagere
1209,1383,1928,Arrest,2025-11-07,Davanagere
1210,1384,1929,Arrest,2024-11-09,Chamarajanagar
1211,1385,1930,Arrest,2022-09-27,Ramanagara
1212,1387,1932,Arrest,2023-01-12,Mangaluru (Dakshina Kannada)
1213,1388,1933,Arrest,2024-02-16,Udupi
1214,1388,1934,Arrest,2024-01-29,Udupi
1215,1390,1936,Arrest,2025-05-06,Koppal
1216,1393,1941,Arrest,2026-06-17,Kolar
1217,1394,1942,Surrender,2023-09-16,Chikkamagaluru
1218,1394,1943,Arrest,2023-10-21,Chikkamagaluru
1219,1394,1944,Arrest,2023-10-01,Chikkamagaluru
1220,1395,1946,Arrest,2022-12-10,Mangaluru (Dakshina Kannada)
1221,1398,1948,Arrest,2024-10-07,Bengaluru Rural
1222,1399,1949,Arrest,2023-07-23,Bidar
1223,1401,1950,Arrest,2023-02-24,Kolar
1224,1402,1951,Arrest,2026-11-13,Tumakuru
1225,1403,1952,Surrender,2024-06-07,Chamarajanagar
1226,1404,1955,Surrender,2026-03-09,Gadag
1227,1405,1958,Surrender,2026-08-15,Kodagu
1228,1405,1959,Arrest,2026-08-16,Kodagu
1229,1406,1961,Arrest,2026-06-05,Belagavi
1230,1406,1962,Surrender,2026-06-18,Belagavi
1231,1407,1963,Arrest,2024-04-27,Bengaluru Rural
1232,1409,1965,Surrender,2023-06-04,Chikkaballapur
1233,1411,1967,Surrender,2026-02-06,Davanagere
1234,1412,1968,Surrender,2025-10-23,Davanagere
1235,1413,1969,Surrender,2022-01-21,Bengaluru City
1236,1413,1970,Arrest,2022-02-03,Bengaluru City
1237,1414,1971,Arrest,2025-01-14,Kalaburagi
1238,1415,1972,Surrender,2025-11-19,Kodagu
1239,1415,1973,Arrest,2025-10-29,Kodagu
1240,1415,1974,Arrest,2025-11-07,Kodagu
1241,1416,1975,Arrest,2026-09-03,Belagavi
1242,1417,1976,Arrest,2024-06-30,Mangaluru (Dakshina Kannada)
1243,1420,1978,Arrest,2023-06-08,Davanagere
1244,1420,1980,Arrest,2023-06-26,Davanagere
1245,1423,1983,Arrest,2025-01-14,Bidar
1246,1424,1984,Surrender,2024-08-21,Davanagere
1247,1425,1985,Surrender,2025-11-10,Mysuru
1248,1426,1986,Arrest,2025-09-25,Davanagere
1249,1428,1989,Arrest,2024-03-03,Chitradurga
1250,1428,1990,Arrest,2024-02-17,Chitradurga
1251,1429,1991,Arrest,2026-12-23,Yadgir
1252,1430,1992,Arrest,2026-04-12,Haveri
1253,1431,1993,Arrest,2025-11-03,Udupi
1254,1432,1994,Arrest,2022-06-12,Chikkamagaluru
1255,1434,1995,Surrender,2026-02-20,Mysuru
1256,1434,1996,Surrender,2026-03-31,Mysuru
1257,1435,1999,Arrest,2026-11-11,Koppal
1258,1436,2000,Arrest,2022-05-28,Chamarajanagar
1259,1437,2001,Arrest,2025-03-23,Bidar
1260,1438,2002,Surrender,2024-10-27,Belagavi
1261,1439,2003,Arrest,2026-07-29,Kolar
1262,1439,2004,Arrest,2026-07-25,Kolar
1263,1441,2005,Arrest,2026-05-22,Tumakuru
1264,1442,2006,Arrest,2026-12-07,Shivamogga
1265,1443,2008,Arrest,2024-11-21,Chamarajanagar
1266,1444,2009,Arrest,2024-12-23,Tumakuru
1267,1444,2010,Arrest,2024-12-31,Tumakuru
1268,1446,2011,Arrest,2026-02-18,Kodagu
1269,1449,2016,Arrest,2023-04-15,Belagavi
1270,1449,2017,Arrest,2023-04-23,Belagavi
1271,1449,2018,Arrest,2023-05-29,Belagavi
1272,1451,2019,Surrender,2024-03-28,Davanagere
1273,1452,2021,Arrest,2023-01-02,Bengaluru City
1274,1453,2023,Surrender,2024-09-27,Vijayapura
1275,1455,2027,Arrest,2026-12-20,Davanagere
1276,1456,2031,Arrest,2024-07-18,Belagavi
1277,1457,2032,Arrest,2023-11-17,Mandya
1278,1458,2033,Surrender,2025-08-19,Ramanagara
1279,1461,2037,Arrest,2022-06-13,Belagavi
1280,1461,2038,Arrest,2022-07-14,Belagavi
1281,1462,2040,Arrest,2025-02-06,Mysuru
1282,1463,2041,Arrest,2026-08-24,Bengaluru City
1283,1463,2042,Arrest,2026-08-11,Bengaluru City
1284,1464,2043,Arrest,2025-11-18,Ramanagara
1285,1464,2044,Arrest,2025-11-22,Ramanagara
1286,1465,2045,Arrest,2024-07-19,Yadgir
1287,1466,2048,Arrest,2026-11-26,Chamarajanagar
1288,1467,2050,Arrest,2023-05-04,Davanagere
1289,1469,2053,Arrest,2024-07-04,Udupi
1290,1469,2054,Arrest,2024-08-12,Udupi
1291,1470,2055,Arrest,2023-08-27,Belagavi
1292,1470,2056,Arrest,2023-08-19,Belagavi
1293,1475,2062,Arrest,2025-08-08,Chamarajanagar
1294,1476,2063,Arrest,2022-11-25,Ballari
1295,1477,2064,Arrest,2022-05-11,Hassan
1296,1478,2065,Arrest,2024-11-15,Raichur
1297,1478,2066,Arrest,2024-11-14,Raichur
1298,1479,2067,Arrest,2026-07-20,Mangaluru (Dakshina Kannada)
1299,1480,2068,Surrender,2022-07-09,Kodagu
1300,1480,2069,Arrest,2022-07-06,Kodagu
1301,1484,2073,Arrest,2026-01-03,Raichur
1302,1486,2074,Arrest,2023-05-02,Chamarajanagar
1303,1487,2076,Arrest,2024-06-24,Udupi
1304,1488,2078,Arrest,2023-07-14,Hubballi-Dharwad
1305,1489,2079,Surrender,2026-09-28,Hassan
1306,1489,2080,Arrest,2026-10-16,Hassan
1307,1489,2081,Arrest,2026-10-20,Hassan
1308,1490,2082,Arrest,2023-04-02,Mangaluru (Dakshina Kannada)
1309,1491,2083,Arrest,2023-12-21,Belagavi
1310,1492,2084,Arrest,2022-12-10,Bengaluru City
1311,1493,2087,Arrest,2025-04-19,Bengaluru City
1312,1493,2088,Arrest,2025-04-17,Bengaluru City
1313,1495,2091,Surrender,2026-01-10,Chikkaballapur
1314,1496,2092,Arrest,2026-05-29,Shivamogga
1315,1496,2093,Arrest,2026-05-09,Shivamogga
1316,1499,2096,Arrest,2025-03-04,Yadgir
1317,1500,2098,Arrest,2024-03-14,Mysuru
1318,1500,2099,Arrest,2024-02-29,Mysuru
1319,1501,2100,Arrest,2026-12-05,Shivamogga
1320,1501,2101,Arrest,2026-12-13,Shivamogga
1321,1503,2103,Arrest,2025-05-24,Ballari
1322,1503,2104,Arrest,2025-06-23,Ballari
1323,1503,2105,Arrest,2025-06-15,Ballari
1324,1504,2106,Surrender,2026-07-15,Hassan
1325,1505,2107,Arrest,2023-04-03,Chamarajanagar
1326,1507,2109,Surrender,2026-05-15,Davanagere
1327,1507,2110,Arrest,2026-05-11,Davanagere
1328,1508,2111,Surrender,2026-01-27,Gadag
1329,1509,2112,Surrender,2026-03-04,Kolar
1330,1509,2113,Arrest,2026-02-27,Kolar
1331,1513,2119,Surrender,2024-12-03,Chamarajanagar
1332,1514,2120,Arrest,2025-08-07,Ramanagara
1333,1514,2121,Surrender,2025-07-22,Ramanagara
1334,1515,2122,Arrest,2023-05-22,Bagalkot
1335,1516,2123,Arrest,2026-11-16,Haveri
1336,1517,2124,Arrest,2023-08-16,Belagavi
1337,1519,2126,Arrest,2025-01-26,Shivamogga
1338,1523,2131,Arrest,2022-06-03,Chamarajanagar
1339,1526,2134,Arrest,2026-03-12,Bengaluru City
1340,1527,2135,Surrender,2023-05-05,Bengaluru Rural
1341,1528,2136,Arrest,2024-10-19,Mangaluru (Dakshina Kannada)
1342,1529,2137,Surrender,2026-12-25,Hassan
1343,1531,2140,Surrender,2023-05-20,Bengaluru Rural
1344,1532,2143,Arrest,2025-10-30,Kodagu
1345,1533,2145,Arrest,2025-10-05,Yadgir
1346,1533,2146,Arrest,2025-10-10,Yadgir
1347,1534,2147,Arrest,2022-01-27,Bengaluru City
1348,1536,2149,Arrest,2025-03-28,Ramanagara
1349,1536,2150,Arrest,2025-03-22,Ramanagara
1350,1539,2153,Arrest,2023-03-26,Hubballi-Dharwad
1351,1539,2154,Arrest,2023-02-15,Hubballi-Dharwad
1352,1540,2155,Arrest,2026-03-27,Bengaluru City
1353,1541,2156,Arrest,2023-04-24,Kodagu
1354,1542,2157,Surrender,2023-11-02,Hassan
1355,1543,2158,Arrest,2023-11-27,Bengaluru City
1356,1546,2161,Surrender,2023-03-31,Bengaluru City
1357,1547,2162,Arrest,2025-03-14,Bagalkot
1358,1548,2163,Arrest,2024-03-09,Yadgir
1359,1552,2167,Arrest,2024-11-19,Mangaluru (Dakshina Kannada)
1360,1556,2171,Arrest,2024-05-18,Kodagu
1361,1557,2172,Arrest,2026-11-02,Davanagere
1362,1558,2173,Arrest,2026-10-03,Ramanagara
1363,1559,2174,Arrest,2026-09-27,Kalaburagi
1364,1560,2175,Arrest,2025-05-31,Tumakuru
1365,1560,2176,Arrest,2025-06-16,Tumakuru
1366,1563,2183,Arrest,2024-11-29,Vijayapura
1367,1564,2186,Arrest,2026-09-12,Tumakuru
1368,1565,2187,Arrest,2026-06-10,Bidar
1369,1566,2188,Arrest,2025-01-15,Chamarajanagar
1370,1568,2191,Arrest,2024-07-05,Tumakuru
1371,1569,2192,Arrest,2023-11-15,Belagavi
1372,1569,2193,Arrest,2023-11-13,Belagavi
1373,1571,2195,Arrest,2026-09-22,Hassan
1374,1572,2196,Arrest,2025-03-25,Mysuru
1375,1573,2197,Surrender,2026-03-09,Raichur
1376,1574,2198,Surrender,2025-09-15,Kodagu
1377,1574,2199,Arrest,2025-10-10,Kodagu
1378,1574,2200,Arrest,2025-10-10,Kodagu
1379,1577,2203,Arrest,2024-11-21,Davanagere
1380,1578,2204,Arrest,2025-03-19,Bengaluru City
1381,1578,2205,Arrest,2025-03-20,Bengaluru City
1382,1579,2206,Arrest,2026-04-21,Bengaluru Rural
1383,1581,2209,Arrest,2026-07-13,Kodagu
1384,1582,2210,Arrest,2023-10-02,Mysuru
1385,1583,2211,Arrest,2023-10-11,Bengaluru City
1386,1583,2212,Arrest,2023-10-18,Bengaluru City
1387,1585,2214,Arrest,2025-12-04,Shivamogga
1388,1586,2215,Arrest,2023-05-27,Belagavi
1389,1586,2216,Arrest,2023-05-03,Belagavi
1390,1587,2217,Arrest,2024-12-16,Bengaluru Rural
1391,1588,2218,Surrender,2025-02-16,Kalaburagi
1392,1589,2219,Arrest,2026-08-24,Mandya
1393,1589,2220,Arrest,2026-08-11,Mandya
1394,1590,2221,Surrender,2022-07-01,Bengaluru City
1395,1590,2222,Arrest,2022-05-26,Bengaluru City
1396,1591,2224,Arrest,2023-09-20,Bengaluru Rural
1397,1592,2226,Arrest,2023-04-22,Ramanagara
1398,1593,2227,Arrest,2024-07-10,Belagavi
1399,1596,2229,Arrest,2026-03-31,Gadag
1400,1597,2230,Arrest,2026-06-27,Belagavi
1401,1597,2232,Arrest,2026-07-06,Belagavi
1402,1600,2234,Surrender,2023-02-08,Bengaluru Rural
1403,1601,2237,Arrest,2025-11-19,Hassan
1404,1603,2239,Arrest,2025-09-29,Belagavi
1405,1603,2240,Arrest,2025-10-17,Belagavi
1406,1603,2241,Arrest,2025-09-15,Belagavi
1407,1604,2242,Arrest,2026-03-08,Koppal
1408,1606,2245,Surrender,2023-12-05,Bengaluru City
1409,1606,2246,Arrest,2023-12-08,Bengaluru City
1410,1607,2248,Arrest,2026-05-15,Chikkaballapur
1411,1608,2249,Arrest,2023-04-20,Davanagere
1412,1608,2250,Arrest,2023-03-31,Davanagere
1413,1609,2251,Arrest,2022-02-26,Bengaluru Rural
1414,1609,2252,Arrest,2022-02-13,Bengaluru Rural
1415,1610,2253,Surrender,2024-05-09,Tumakuru
1416,1611,2254,Arrest,2025-07-29,Bengaluru Rural
1417,1612,2255,Arrest,2026-10-01,Tumakuru
1418,1612,2256,Arrest,2026-08-31,Tumakuru
1419,1614,2259,Arrest,2026-08-23,Yadgir
1420,1614,2260,Surrender,2026-08-06,Yadgir
1421,1615,2261,Arrest,2026-01-13,Tumakuru
1422,1617,2265,Arrest,2025-08-05,Raichur
1423,1618,2266,Arrest,2022-10-02,Chamarajanagar
1424,1619,2267,Surrender,2025-02-16,Hassan
1425,1619,2268,Arrest,2025-03-08,Hassan
1426,1620,2269,Arrest,2026-09-22,Hassan
1427,1621,2270,Surrender,2026-01-08,Yadgir
1428,1622,2272,Arrest,2026-01-25,Bengaluru Rural
1429,1623,2273,Arrest,2023-06-02,Belagavi
1430,1623,2274,Arrest,2023-05-18,Belagavi
1431,1624,2275,Arrest,2026-05-25,Hassan
1432,1624,2276,Arrest,2026-05-04,Hassan
1433,1625,2277,Arrest,2026-09-12,Belagavi
1434,1626,2278,Arrest,2023-11-24,Chikkaballapur
1435,1628,2282,Arrest,2022-10-07,Mangaluru (Dakshina Kannada)
1436,1628,2283,Arrest,2022-09-06,Mangaluru (Dakshina Kannada)
1437,1628,2284,Arrest,2022-10-14,Mangaluru (Dakshina Kannada)
1438,1629,2285,Arrest,2022-05-30,Tumakuru
1439,1629,2286,Arrest,2022-05-23,Tumakuru
1440,1630,2287,Arrest,2023-06-06,Belagavi
1441,1632,2289,Surrender,2023-05-16,Chitradurga
1442,1633,2291,Arrest,2024-08-25,Hubballi-Dharwad
1443,1634,2292,Arrest,2022-05-09,Bidar
1444,1635,2294,Arrest,2023-02-24,Vijayapura
1445,1638,2297,Surrender,2025-02-18,Bengaluru City
1446,1639,2298,Arrest,2022-03-07,Ballari
1447,1640,2299,Arrest,2024-11-15,Kodagu
1448,1640,2300,Arrest,2024-11-06,Kodagu
1449,1641,2301,Arrest,2024-09-29,Udupi
1450,1641,2302,Arrest,2024-09-03,Udupi
1451,1642,2303,Arrest,2026-03-23,Udupi
1452,1643,2304,Arrest,2024-09-22,Ballari
1453,1644,2305,Surrender,2026-06-05,Mysuru
1454,1644,2306,Arrest,2026-06-12,Mysuru
1455,1644,2307,Surrender,2026-06-11,Mysuru
1456,1645,2308,Arrest,2022-06-02,Udupi
1457,1647,2309,Arrest,2022-04-17,Tumakuru
1458,1647,2310,Arrest,2022-05-06,Tumakuru
1459,1648,2311,Arrest,2025-06-27,Davanagere
1460,1651,2314,Arrest,2026-04-25,Bengaluru Rural
1461,1657,2319,Arrest,2024-06-06,Mysuru
1462,1658,2320,Arrest,2025-11-23,Tumakuru
1463,1659,2321,Arrest,2024-06-18,Kolar
1464,1660,2322,Arrest,2026-08-14,Davanagere
1465,1662,2324,Surrender,2024-11-10,Davanagere
1466,1662,2325,Arrest,2024-10-28,Davanagere
1467,1664,2327,Arrest,2026-10-06,Kalaburagi
1468,1664,2328,Arrest,2026-09-22,Kalaburagi
1469,1665,2330,Surrender,2024-03-23,Shivamogga
1470,1667,2331,Arrest,2022-02-01,Belagavi
1471,1668,2332,Arrest,2024-07-25,Gadag
1472,1669,2334,Surrender,2023-03-30,Belagavi
1473,1673,2338,Arrest,2022-11-20,Mangaluru (Dakshina Kannada)
1474,1675,2340,Arrest,2024-03-20,Tumakuru
1475,1676,2341,Arrest,2026-06-09,Bengaluru City
1476,1677,2342,Arrest,2025-04-14,Ballari
1477,1678,2343,Arrest,2026-07-12,Kodagu
1478,1679,2344,Surrender,2025-05-04,Bengaluru City
1479,1680,2345,Arrest,2025-05-18,Kodagu
1480,1681,2347,Surrender,2024-09-11,Belagavi
1481,1681,2348,Arrest,2024-10-17,Belagavi
1482,1682,2350,Arrest,2026-12-02,Kodagu
1483,1683,2352,Arrest,2026-10-22,Tumakuru
1484,1684,2353,Arrest,2024-12-15,Mysuru
1485,1685,2354,Surrender,2023-10-29,Shivamogga
1486,1687,2357,Arrest,2025-05-05,Yadgir
1487,1689,2359,Arrest,2024-11-17,Bengaluru Rural
1488,1691,2363,Arrest,2024-06-22,Udupi
1489,1693,2365,Arrest,2022-08-01,Kalaburagi
1490,1694,2367,Arrest,2026-11-09,Ramanagara
1491,1695,2368,Arrest,2025-08-10,Mangaluru (Dakshina Kannada)
1492,1695,2369,Arrest,2025-09-02,Mangaluru (Dakshina Kannada)
1493,1697,2371,Arrest,2023-03-05,Haveri
1494,1700,2374,Arrest,2025-06-15,Uttara Kannada
1495,1701,2375,Arrest,2023-06-06,Bidar
1496,1702,2376,Arrest,2023-06-29,Ballari
1497,1705,2377,Surrender,2026-04-11,Ramanagara
1498,1705,2378,Arrest,2026-03-27,Ramanagara
1499,1706,2379,Arrest,2024-11-16,Belagavi
1500,1706,2380,Arrest,2024-10-17,Belagavi
1501,1707,2381,Surrender,2026-03-26,Belagavi
1502,1707,2382,Arrest,2026-03-21,Belagavi
1503,1707,2383,Arrest,2026-03-18,Belagavi
1504,1708,2384,Arrest,2023-01-25,Bagalkot
1505,1709,2386,Arrest,2024-06-04,Mysuru
1506,1709,2387,Arrest,2024-04-22,Mysuru
1507,1711,2389,Surrender,2024-10-14,Udupi
1508,1713,2391,Surrender,2026-08-30,Ramanagara
1509,1715,2394,Arrest,2026-08-19,Bengaluru City
1510,1717,2397,Surrender,2023-12-17,Udupi
1511,1718,2399,Arrest,2024-06-20,Davanagere
1512,1721,2402,Arrest,2022-10-20,Belagavi
1513,1721,2403,Arrest,2022-10-12,Belagavi
1514,1721,2404,Arrest,2022-10-13,Belagavi
1515,1722,2405,Arrest,2025-05-20,Belagavi
1516,1722,2406,Arrest,2025-05-06,Belagavi
1517,1723,2407,Arrest,2026-09-09,Ballari
1518,1725,2408,Arrest,2025-10-07,Mangaluru (Dakshina Kannada)
1519,1726,2409,Arrest,2023-08-09,Bengaluru City
1520,1731,2416,Arrest,2026-10-03,Bengaluru Rural
1521,1731,2418,Surrender,2026-09-09,Bengaluru Rural
1522,1733,2420,Arrest,2023-08-30,Hubballi-Dharwad
1523,1734,2421,Surrender,2024-02-26,Mysuru
1524,1736,2426,Arrest,2025-09-21,Raichur
1525,1738,2427,Arrest,2023-12-11,Raichur
1526,1738,2428,Arrest,2023-12-19,Raichur
1527,1742,2432,Arrest,2024-07-21,Chitradurga
1528,1743,2434,Arrest,2024-12-12,Hassan
1529,1743,2435,Surrender,2024-12-04,Hassan
1530,1744,2437,Arrest,2025-11-22,Hubballi-Dharwad
1531,1745,2438,Arrest,2025-06-06,Bidar
1532,1745,2439,Arrest,2025-06-27,Bidar
1533,1745,2440,Arrest,2025-07-04,Bidar
1534,1746,2442,Arrest,2025-05-17,Bengaluru City
1535,1748,2445,Arrest,2025-07-30,Bengaluru Rural
1536,1752,2448,Arrest,2024-09-27,Bengaluru City
1537,1754,2451,Arrest,2024-04-20,Belagavi
1538,1756,2454,Arrest,2026-12-03,Hassan
1539,1758,2456,Arrest,2023-07-24,Davanagere
1540,1759,2457,Surrender,2022-10-19,Bagalkot
1541,1759,2458,Surrender,2022-09-30,Bagalkot
1542,1763,2462,Surrender,2024-09-20,Mangaluru (Dakshina Kannada)
1543,1763,2463,Arrest,2024-09-17,Mangaluru (Dakshina Kannada)
1544,1764,2464,Arrest,2024-03-22,Belagavi
1545,1766,2467,Arrest,2025-04-26,Koppal
1546,1768,2469,Surrender,2026-04-05,Tumakuru
1547,1768,2470,Arrest,2026-03-30,Tumakuru
1548,1769,2472,Arrest,2023-09-10,Ramanagara
1549,1771,2475,Arrest,2026-02-22,Ballari
1550,1772,2477,Arrest,2024-02-25,Chamarajanagar
1551,1774,2479,Arrest,2024-05-25,Mandya
1552,1776,2482,Arrest,2025-06-03,Mandya
1553,1776,2483,Arrest,2025-05-30,Mandya
1554,1777,2484,Arrest,2023-12-10,Chamarajanagar
1555,1777,2485,Arrest,2023-11-24,Chamarajanagar
1556,1779,2487,Arrest,2025-10-22,Mangaluru (Dakshina Kannada)
1557,1781,2490,Surrender,2026-10-28,Shivamogga
1558,1782,2491,Arrest,2023-06-22,Hassan
1559,1783,2493,Arrest,2026-02-22,Yadgir
1560,1784,2496,Arrest,2024-06-15,Davanagere
1561,1785,2497,Arrest,2026-04-30,Bengaluru Rural
1562,1786,2498,Surrender,2024-06-06,Chamarajanagar
1563,1788,2500,Arrest,2024-08-10,Koppal
1564,1789,2501,Arrest,2027-01-12,Belagavi
1565,1789,2502,Arrest,2027-01-08,Belagavi
1566,1789,2503,Arrest,2026-12-30,Belagavi
1567,1790,2504,Arrest,2026-12-28,Haveri
1568,1793,2508,Arrest,2026-12-27,Kodagu
1569,1794,2509,Arrest,2023-12-09,Koppal
1570,1795,2511,Arrest,2024-10-09,Ballari
1571,1797,2514,Arrest,2025-02-24,Bengaluru Rural
1572,1799,2515,Arrest,2025-11-13,Mysuru
1573,1800,2516,Arrest,2023-12-23,Raichur
1574,1801,2517,Surrender,2026-10-04,Hassan
1575,1802,2519,Arrest,2026-09-12,Davanagere
1576,1804,2521,Arrest,2024-08-27,Kodagu
1577,1808,2525,Arrest,2022-05-13,Belagavi
1578,1810,2527,Arrest,2022-03-28,Ballari
1579,1812,2529,Arrest,2023-12-20,Yadgir
1580,1812,2530,Arrest,2023-12-25,Yadgir
1581,1812,2531,Arrest,2024-01-03,Yadgir
1582,1813,2533,Arrest,2026-03-06,Tumakuru
1583,1814,2535,Arrest,2025-07-14,Bengaluru City
1584,1815,2537,Arrest,2025-03-25,Mangaluru (Dakshina Kannada)
1585,1816,2540,Arrest,2024-01-13,Belagavi
1586,1817,2541,Arrest,2025-10-06,Kolar
1587,1817,2542,Arrest,2025-10-31,Kolar
1588,1819,2544,Arrest,2026-03-02,Bidar
1589,1820,2545,Arrest,2023-10-08,Hubballi-Dharwad
1590,1821,2546,Arrest,2025-09-26,Bagalkot
1591,1822,2547,Arrest,2025-08-26,Bidar
1592,1822,2548,Arrest,2025-09-06,Bidar
1593,1823,2549,Arrest,2024-08-03,Chitradurga
1594,1823,2550,Arrest,2024-08-07,Chitradurga
1595,1824,2551,Surrender,2026-04-06,Tumakuru
1596,1824,2553,Arrest,2026-03-31,Tumakuru
1597,1825,2555,Surrender,2025-05-12,Bengaluru City
1598,1826,2557,Arrest,2026-04-30,Bengaluru Rural
1599,1829,2560,Arrest,2024-05-19,Bengaluru Rural
1600,1830,2561,Surrender,2025-08-09,Raichur
1601,1831,2562,Arrest,2026-10-11,Kalaburagi
1602,1832,2563,Arrest,2023-01-03,Ballari
1603,1833,2564,Surrender,2025-06-23,Ramanagara
1604,1834,2566,Arrest,2024-10-28,Kodagu
1605,1835,2567,Arrest,2022-06-24,Mangaluru (Dakshina Kannada)
1606,1836,2568,Arrest,2022-05-08,Bengaluru Rural
1607,1837,2569,Arrest,2026-08-14,Haveri
1608,1838,2570,Arrest,2025-10-20,Kalaburagi
1609,1840,2572,Arrest,2026-09-11,Bengaluru City
1610,1840,2573,Arrest,2026-09-11,Bengaluru City
1611,1841,2574,Arrest,2026-05-01,Hassan
1612,1842,2575,Surrender,2025-05-11,Kolar
1613,1843,2576,Arrest,2024-06-10,Haveri
1614,1845,2578,Arrest,2026-11-30,Kolar
1615,1846,2579,Arrest,2025-03-29,Hubballi-Dharwad
1616,1847,2580,Arrest,2025-03-01,Belagavi
1617,1850,2581,Arrest,2026-10-10,Shivamogga
1618,1850,2582,Surrender,2026-10-14,Shivamogga
1619,1850,2583,Surrender,2026-10-26,Shivamogga
1620,1851,2584,Surrender,2024-06-04,Mangaluru (Dakshina Kannada)
1621,1852,2585,Arrest,2025-02-19,Bagalkot
1622,1853,2586,Surrender,2024-12-29,Ballari
1623,1855,2587,Surrender,2024-02-07,Davanagere
1624,1857,2589,Arrest,2025-05-17,Hassan
1625,1857,2590,Arrest,2025-05-17,Hassan
1626,1857,2591,Arrest,2025-05-15,Hassan
1627,1858,2592,Arrest,2023-03-17,Kolar
1628,1858,2593,Arrest,2023-04-14,Kolar
1629,1859,2594,Arrest,2022-09-15,Bagalkot
1630,1859,2595,Arrest,2022-08-25,Bagalkot
1631,1861,2597,Arrest,2024-07-01,Bengaluru City
1632,1861,2598,Arrest,2024-07-03,Bengaluru City
1633,1862,2599,Arrest,2025-01-10,Bidar
1634,1863,2600,Arrest,2026-05-16,Mysuru
1635,1864,2601,Arrest,2023-03-01,Chamarajanagar
1636,1867,2602,Arrest,2022-09-18,Ramanagara
1637,1868,2603,Surrender,2026-09-01,Ballari
1638,1869,2605,Arrest,2026-07-02,Hassan
1639,1870,2606,Arrest,2022-08-18,Belagavi
1640,1871,2607,Arrest,2023-07-18,Koppal
1641,1873,2609,Arrest,2024-06-09,Udupi
1642,1875,2611,Surrender,2026-12-21,Mysuru
1643,1877,2613,Arrest,2026-02-22,Kalaburagi
1644,1879,2616,Arrest,2026-12-12,Udupi
1645,1879,2617,Surrender,2026-12-04,Udupi
1646,1880,2618,Surrender,2022-03-06,Bengaluru Rural
1647,1881,2619,Surrender,2023-09-26,Bengaluru Rural
1648,1881,2620,Arrest,2023-10-07,Bengaluru Rural
1649,1881,2621,Arrest,2023-10-02,Bengaluru Rural
1650,1882,2622,Surrender,2024-12-16,Belagavi
1651,1882,2623,Arrest,2024-11-14,Belagavi
1652,1882,2624,Arrest,2024-12-16,Belagavi
1653,1883,2625,Arrest,2026-04-30,Bengaluru Rural
1654,1883,2626,Arrest,2026-04-03,Bengaluru Rural
1655,1884,2629,Arrest,2024-03-02,Ramanagara
1656,1886,2633,Arrest,2024-07-19,Chamarajanagar
1657,1887,2634,Arrest,2025-08-09,Bengaluru City
1658,1890,2636,Surrender,2022-11-18,Chikkaballapur
1659,1890,2637,Arrest,2022-10-23,Chikkaballapur
1660,1892,2638,Surrender,2026-06-08,Yadgir
1661,1895,2641,Arrest,2025-05-14,Belagavi
1662,1897,2643,Arrest,2025-11-07,Chamarajanagar
1663,1899,2648,Arrest,2025-06-08,Hassan
1664,1899,2649,Arrest,2025-06-12,Hassan
1665,1900,2650,Surrender,2025-07-18,Yadgir
1666,1901,2651,Arrest,2026-07-25,Hassan
1667,1902,2652,Arrest,2025-12-26,Mysuru
1668,1902,2653,Surrender,2025-12-27,Mysuru
1669,1904,2655,Arrest,2026-06-12,Mysuru
1670,1904,2657,Arrest,2026-06-12,Mysuru
1671,1905,2658,Arrest,2026-05-19,Tumakuru
1672,1905,2659,Surrender,2026-04-12,Tumakuru
1673,1908,2664,Surrender,2026-08-10,Kalaburagi
1674,1909,2665,Surrender,2026-12-08,Bengaluru Rural
1675,1909,2666,Arrest,2027-01-17,Bengaluru Rural
1676,1910,2668,Arrest,2023-07-29,Udupi
1677,1911,2670,Surrender,2025-10-03,Davanagere
1678,1912,2671,Surrender,2022-04-23,Bengaluru City
1679,1913,2673,Arrest,2024-11-03,Vijayapura
1680,1916,2675,Arrest,2022-03-03,Bengaluru City
1681,1918,2677,Arrest,2026-11-03,Mysuru
1682,1922,2679,Arrest,2025-12-21,Hassan
1683,1922,2680,Arrest,2026-01-13,Hassan
1684,1922,2681,Arrest,2025-12-16,Hassan
1685,1924,2683,Arrest,2023-07-01,Kalaburagi
1686,1925,2686,Arrest,2025-08-06,Bengaluru City
1687,1927,2688,Surrender,2026-12-15,Chamarajanagar
1688,1927,2689,Arrest,2026-11-20,Chamarajanagar
1689,1929,2692,Arrest,2026-07-06,Ballari
1690,1931,2694,Arrest,2026-12-30,Shivamogga
1691,1932,2695,Arrest,2023-10-17,Bengaluru City
1692,1933,2696,Arrest,2023-11-29,Chikkamagaluru
1693,1933,2697,Arrest,2023-12-15,Chikkamagaluru
1694,1936,2701,Arrest,2023-11-07,Udupi
1695,1939,2703,Arrest,2023-09-15,Chikkaballapur
1696,1941,2706,Arrest,2023-10-23,Raichur
1697,1942,2707,Arrest,2026-07-24,Gadag
1698,1946,2712,Arrest,2026-06-08,Chikkamagaluru
1699,1947,2713,Arrest,2025-04-28,Kolar
1700,1947,2714,Arrest,2025-05-14,Kolar
1701,1948,2715,Arrest,2026-02-13,Hassan
1702,1951,2718,Arrest,2023-12-25,Chikkamagaluru
1703,1952,2719,Arrest,2026-01-02,Bengaluru City
1704,1954,2722,Arrest,2025-07-01,Vijayapura
1705,1954,2723,Arrest,2025-07-21,Vijayapura
1706,1955,2724,Arrest,2025-07-24,Kolar
1707,1957,2726,Surrender,2026-09-15,Bengaluru City
1708,1958,2727,Arrest,2025-12-19,Mysuru
1709,1960,2728,Arrest,2023-06-24,Ballari
1710,1961,2729,Surrender,2023-05-18,Belagavi
1711,1962,2731,Arrest,2024-08-05,Bidar
1712,1963,2732,Arrest,2024-02-29,Hubballi-Dharwad
1713,1964,2733,Surrender,2025-12-09,Bengaluru City
1714,1965,2734,Arrest,2024-09-02,Bengaluru Rural
1715,1969,2737,Arrest,2025-12-17,Davanagere
1716,1970,2738,Arrest,2026-09-24,Ramanagara
1717,1970,2739,Arrest,2026-09-21,Ramanagara
1718,1971,2740,Surrender,2025-09-06,Mysuru
1719,1973,2743,Arrest,2023-12-05,Mysuru
1720,1974,2744,Arrest,2023-11-27,Belagavi
1721,1975,2745,Arrest,2025-01-07,Belagavi
1722,1977,2748,Arrest,2026-04-10,Davanagere
1723,1977,2749,Arrest,2026-04-09,Davanagere
1724,1978,2750,Arrest,2025-07-05,Kodagu
1725,1978,2751,Arrest,2025-07-08,Kodagu
1726,1979,2753,Arrest,2026-08-12,Bengaluru City
1727,1979,2754,Arrest,2026-08-02,Bengaluru City
1728,1980,2755,Arrest,2022-08-06,Kolar
1729,1982,2757,Arrest,2026-07-07,Chamarajanagar
1730,1982,2758,Arrest,2026-07-20,Chamarajanagar
1731,1983,2759,Arrest,2025-02-02,Ramanagara
1732,1985,2761,Arrest,2023-06-03,Hubballi-Dharwad
1733,1988,2767,Arrest,2025-07-10,Belagavi
1734,1989,2768,Surrender,2022-12-02,Kolar
1735,1989,2769,Arrest,2022-12-08,Kolar
1736,1990,2770,Surrender,2024-11-12,Mandya
1737,1994,2773,Arrest,2026-04-03,Kodagu
1738,1995,2774,Arrest,2022-03-16,Hubballi-Dharwad
1739,1995,2775,Arrest,2022-02-18,Hubballi-Dharwad
1740,1996,2778,Arrest,2022-08-15,Shivamogga
1741,1997,2779,Surrender,2022-07-11,Belagavi
1742,1997,2780,Arrest,2022-07-23,Belagavi
1743,1997,2781,Arrest,2022-07-31,Belagavi
1744,1998,2782,Arrest,2025-05-29,Raichur
1745,1998,2783,Arrest,2025-06-04,Raichur
1746,2000,2785,Arrest,2022-08-13,Tumakuru
1747,2001,2786,Arrest,2026-06-09,Bengaluru Rural
1748,2002,2787,Arrest,2022-01-30,Mandya
1749,2004,2788,Surrender,2026-03-18,Haveri
1750,2004,2789,Arrest,2026-03-18,Haveri
1751,2005,2790,Arrest,2022-03-02,Bengaluru City
1752,2007,2794,Arrest,2025-01-25,Bengaluru City
1753,2008,2795,Surrender,2024-03-06,Bengaluru Rural
1754,2009,2797,Arrest,2024-07-22,Hassan
1755,2010,2799,Arrest,2023-12-10,Bengaluru City
1756,2012,2801,Arrest,2024-02-14,Bengaluru City
1757,2013,2803,Arrest,2025-08-15,Ramanagara
1758,2013,2804,Arrest,2025-09-03,Ramanagara
1759,2017,2807,Arrest,2025-04-06,Shivamogga
1760,2018,2808,Arrest,2025-06-18,Davanagere
1761,2020,2810,Surrender,2026-02-18,Bengaluru Rural
1762,2021,2811,Arrest,2025-01-19,Mysuru
1763,2021,2812,Arrest,2025-01-25,Mysuru
1764,2023,2813,Arrest,2026-05-10,Udupi
1765,2024,2814,Arrest,2022-08-26,Kodagu
1766,2025,2815,Arrest,2023-10-10,Davanagere
1767,2026,2816,Surrender,2024-10-02,Haveri
1768,2026,2817,Arrest,2024-10-08,Haveri
1769,2028,2819,Surrender,2023-07-30,Bengaluru City
1770,2029,2820,Arrest,2026-04-25,Chamarajanagar
1771,2030,2822,Surrender,2024-03-20,Raichur
1772,2030,2823,Arrest,2024-03-28,Raichur
1773,2031,2824,Arrest,2025-04-03,Tumakuru
1774,2031,2826,Arrest,2025-04-03,Tumakuru
1775,2032,2827,Arrest,2022-09-26,Belagavi
1776,2033,2828,Arrest,2022-08-29,Chamarajanagar
1777,2034,2829,Arrest,2025-03-06,Chamarajanagar
1778,2035,2831,Surrender,2022-03-10,Belagavi
1779,2035,2832,Arrest,2022-03-15,Belagavi
1780,2036,2833,Arrest,2022-07-07,Haveri
1781,2038,2835,Arrest,2024-07-27,Davanagere
1782,2040,2839,Arrest,2026-08-17,Hassan
1783,2041,2840,Arrest,2024-10-04,Raichur
1784,2042,2841,Surrender,2024-11-25,Tumakuru
1785,2043,2842,Arrest,2024-07-27,Bengaluru Rural
1786,2046,2845,Arrest,2026-09-12,Bengaluru City
1787,2047,2846,Arrest,2026-02-16,Kolar
1788,2050,2850,Surrender,2026-07-28,Chitradurga
1789,2050,2851,Surrender,2026-07-04,Chitradurga
1790,2052,2853,Arrest,2024-09-15,Ballari
1791,2053,2854,Arrest,2023-04-26,Haveri
1792,2053,2855,Arrest,2023-03-26,Haveri
1793,2055,2857,Arrest,2024-10-06,Shivamogga
1794,2057,2860,Surrender,2022-12-07,Yadgir
1795,2060,2863,Arrest,2026-10-13,Tumakuru
1796,2060,2864,Arrest,2026-10-30,Tumakuru
1797,2062,2866,Arrest,2024-09-08,Chikkamagaluru
1798,2063,2868,Arrest,2024-04-30,Raichur
1799,2064,2869,Arrest,2022-07-11,Davanagere
1800,2064,2870,Surrender,2022-06-20,Davanagere
1801,2067,2873,Arrest,2023-04-18,Mysuru
1802,2068,2875,Arrest,2024-11-15,Ramanagara
1803,2071,2879,Arrest,2022-08-29,Mangaluru (Dakshina Kannada)
1804,2071,2880,Surrender,2022-08-31,Mangaluru (Dakshina Kannada)
1805,2072,2881,Arrest,2026-02-27,Belagavi
1806,2073,2882,Arrest,2025-08-17,Raichur
1807,2074,2883,Arrest,2025-11-30,Mangaluru (Dakshina Kannada)
1808,2075,2885,Arrest,2026-03-16,Mangaluru (Dakshina Kannada)
1809,2076,2887,Surrender,2024-09-08,Kalaburagi
1810,2077,2888,Arrest,2024-02-15,Mysuru
1811,2077,2889,Surrender,2024-01-15,Mysuru
1812,2078,2890,Arrest,2024-07-05,Ramanagara
1813,2079,2892,Surrender,2022-05-25,Mysuru
1814,2080,2893,Arrest,2025-05-11,Kodagu
1815,2082,2895,Arrest,2026-09-20,Bengaluru Rural
1816,2083,2896,Arrest,2025-04-19,Belagavi
1817,2083,2897,Arrest,2025-04-22,Belagavi
1818,2083,2898,Surrender,2025-03-27,Belagavi
1819,2084,2900,Arrest,2024-01-07,Bengaluru Rural
1820,2085,2901,Arrest,2026-03-18,Kolar
1821,2085,2902,Arrest,2026-03-15,Kolar
1822,2086,2904,Arrest,2023-07-25,Davanagere
1823,2089,2910,Arrest,2022-02-07,Haveri
1824,2091,2911,Surrender,2026-09-30,Bengaluru City
1825,2091,2912,Arrest,2026-10-04,Bengaluru City
1826,2094,2915,Arrest,2024-09-01,Hassan
1827,2097,2919,Surrender,2023-07-11,Belagavi
1828,2097,2920,Arrest,2023-07-17,Belagavi
1829,2099,2922,Surrender,2026-06-12,Mysuru
1830,2101,2923,Arrest,2025-01-31,Vijayapura
1831,2102,2924,Arrest,2024-05-09,Belagavi
1832,2102,2925,Arrest,2024-04-23,Belagavi
1833,2102,2926,Arrest,2024-05-12,Belagavi
1834,2103,2927,Arrest,2023-03-13,Raichur
1835,2104,2928,Surrender,2023-12-06,Belagavi
1836,2106,2929,Arrest,2022-11-02,Kalaburagi
1837,2107,2930,Surrender,2027-01-17,Bengaluru Rural
1838,2108,2931,Surrender,2025-12-26,Hassan
1839,2109,2932,Arrest,2026-03-25,Bengaluru Rural
1840,2110,2934,Arrest,2023-07-01,Tumakuru
1841,2111,2935,Arrest,2024-04-08,Kolar
1842,2111,2937,Arrest,2024-04-14,Kolar
1843,2112,2938,Arrest,2026-04-23,Hassan
1844,2113,2939,Arrest,2022-09-02,Mysuru
1845,2113,2940,Arrest,2022-08-21,Mysuru
1846,2114,2941,Arrest,2026-01-12,Mysuru
1847,2115,2942,Arrest,2022-06-18,Vijayapura
1848,2116,2943,Surrender,2026-08-10,Kolar
1849,2117,2944,Arrest,2024-12-18,Kolar
1850,2117,2945,Arrest,2024-11-10,Kolar
1851,2118,2946,Surrender,2024-08-08,Mysuru
1852,2119,2947,Surrender,2025-03-18,Raichur
1853,2119,2948,Arrest,2025-04-30,Raichur
1854,2120,2949,Arrest,2025-11-22,Belagavi
1855,2122,2950,Arrest,2023-04-28,Chitradurga
1856,2123,2951,Arrest,2025-06-24,Davanagere
1857,2125,2954,Arrest,2026-12-26,Bengaluru City
1858,2126,2955,Arrest,2025-10-17,Davanagere
1859,2126,2956,Arrest,2025-09-28,Davanagere
1860,2128,2958,Arrest,2024-07-24,Koppal
1861,2128,2959,Arrest,2024-08-12,Koppal
1862,2131,2961,Surrender,2023-10-05,Mysuru
1863,2132,2962,Arrest,2026-11-15,Mysuru
1864,2132,2963,Arrest,2026-12-04,Mysuru
1865,2133,2964,Arrest,2025-04-04,Belagavi
1866,2133,2965,Arrest,2025-04-22,Belagavi
1867,2134,2966,Arrest,2026-03-21,Chamarajanagar
1868,2134,2967,Arrest,2026-04-20,Chamarajanagar
1869,2135,2968,Arrest,2026-12-24,Koppal
1870,2136,2969,Surrender,2026-02-09,Chamarajanagar
1871,2137,2970,Arrest,2026-06-14,Bidar
1872,2137,2971,Arrest,2026-06-14,Bidar
1873,2138,2973,Arrest,2026-04-23,Kodagu
1874,2140,2975,Arrest,2025-10-23,Mysuru
1875,2140,2977,Arrest,2025-11-23,Mysuru
1876,2142,2979,Arrest,2022-11-04,Mysuru
1877,2142,2980,Arrest,2022-11-27,Mysuru
1878,2143,2982,Arrest,2026-12-19,Bengaluru Rural
1879,2144,2984,Arrest,2024-05-16,Shivamogga
1880,2146,2988,Arrest,2026-01-24,Hubballi-Dharwad
1881,2146,2990,Arrest,2026-01-24,Hubballi-Dharwad
1882,2147,2992,Arrest,2026-10-17,Mysuru
1883,2148,2995,Arrest,2025-12-08,Belagavi
1884,2149,2996,Arrest,2026-08-29,Mangaluru (Dakshina Kannada)
1885,2151,2999,Arrest,2026-07-07,Yadgir
1886,2152,3000,Surrender,2025-01-27,Belagavi
1887,2153,3001,Arrest,2025-04-30,Yadgir
1888,2154,3002,Arrest,2023-06-02,Hassan
1889,2155,3003,Arrest,2024-02-14,Udupi
1890,2156,3004,Arrest,2025-01-01,Haveri
1891,2157,3005,Arrest,2025-06-22,Hubballi-Dharwad
1892,2158,3007,Arrest,2026-11-22,Belagavi
1893,2159,3008,Arrest,2024-08-10,Chamarajanagar
1894,2159,3010,Arrest,2024-08-02,Chamarajanagar
1895,2160,3012,Arrest,2025-08-15,Belagavi
1896,2161,3013,Arrest,2023-07-17,Kalaburagi
1897,2161,3014,Surrender,2023-06-30,Kalaburagi
1898,2163,3017,Arrest,2026-11-25,Haveri
1899,2165,3019,Arrest,2023-02-11,Mysuru
1900,2166,3020,Arrest,2026-08-04,Belagavi
1901,2166,3021,Surrender,2026-07-29,Belagavi
1902,2166,3022,Arrest,2026-08-07,Belagavi
1903,2167,3023,Arrest,2025-04-27,Bidar
1904,2169,3027,Arrest,2026-02-01,Chamarajanagar
1905,2171,3029,Surrender,2024-01-21,Raichur
1906,2172,3031,Arrest,2025-05-19,Bidar
1907,2173,3032,Arrest,2024-09-17,Kolar
1908,2173,3033,Arrest,2024-09-04,Kolar
1909,2173,3034,Arrest,2024-09-03,Kolar
1910,2174,3036,Arrest,2024-08-25,Chikkaballapur
1911,2174,3037,Arrest,2024-09-04,Chikkaballapur
1912,2177,3041,Surrender,2022-02-18,Kalaburagi
1913,2178,3043,Surrender,2023-06-23,Hubballi-Dharwad
1914,2181,3047,Arrest,2026-01-17,Bagalkot
1915,2182,3049,Surrender,2026-11-18,Bagalkot
1916,2182,3050,Arrest,2026-11-06,Bagalkot
1917,2182,3051,Arrest,2026-11-15,Bagalkot
1918,2183,3052,Arrest,2024-06-17,Kolar
1919,2185,3055,Arrest,2026-10-09,Mangaluru (Dakshina Kannada)
1920,2188,3059,Arrest,2023-10-30,Udupi
1921,2188,3060,Arrest,2023-10-31,Udupi
1922,2191,3062,Arrest,2026-12-10,Bengaluru City
1923,2193,3065,Arrest,2022-03-14,Mangaluru (Dakshina Kannada)
1924,2193,3067,Arrest,2022-02-23,Mangaluru (Dakshina Kannada)
1925,2195,3069,Arrest,2026-02-22,Tumakuru
1926,2196,3070,Surrender,2023-03-05,Udupi
1927,2198,3072,Arrest,2022-11-14,Bengaluru Rural
1928,2198,3073,Surrender,2022-11-15,Bengaluru Rural
1929,2199,3074,Arrest,2022-06-19,Tumakuru
1930,2201,3076,Arrest,2025-04-12,Udupi
1931,2202,3077,Arrest,2026-04-10,Shivamogga
1932,2203,3078,Arrest,2023-02-06,Davanagere
1933,2204,3079,Arrest,2023-08-23,Ramanagara
1934,2207,3081,Arrest,2025-02-24,Mysuru
1935,2207,3082,Arrest,2025-04-09,Mysuru
1936,2208,3083,Surrender,2022-01-14,Mangaluru (Dakshina Kannada)
1937,2210,3087,Arrest,2026-11-10,Bengaluru Rural
1938,2210,3088,Arrest,2026-11-10,Bengaluru Rural
1939,2212,3090,Arrest,2025-09-27,Shivamogga
1940,2212,3091,Surrender,2025-10-18,Shivamogga
1941,2215,3093,Surrender,2026-05-24,Koppal
1942,2218,3096,Surrender,2022-01-26,Bengaluru Rural
1943,2218,3097,Surrender,2022-01-12,Bengaluru Rural
1944,2218,3098,Arrest,2022-02-12,Bengaluru Rural
1945,2219,3099,Surrender,2023-11-17,Belagavi
1946,2220,3100,Arrest,2022-09-27,Davanagere
1947,2221,3101,Arrest,2025-06-08,Chikkamagaluru
1948,2221,3102,Arrest,2025-05-29,Chikkamagaluru
1949,2221,3103,Arrest,2025-05-08,Chikkamagaluru
1950,2224,3105,Arrest,2022-04-28,Raichur
1951,2225,3106,Arrest,2025-12-26,Hassan
1952,2227,3107,Arrest,2023-09-05,Mysuru
1953,2229,3109,Arrest,2023-11-24,Kodagu
1954,2230,3110,Arrest,2026-05-04,Raichur
1955,2231,3112,Surrender,2027-01-02,Kodagu
1956,2231,3113,Arrest,2027-01-23,Kodagu
1957,2232,3114,Surrender,2023-05-06,Mysuru
1958,2232,3115,Arrest,2023-05-31,Mysuru
1959,2232,3116,Arrest,2023-05-03,Mysuru
1960,2233,3117,Arrest,2024-09-24,Bengaluru Rural
1961,2234,3118,Arrest,2022-01-27,Belagavi
1962,2235,3119,Arrest,2026-08-13,Belagavi
1963,2235,3121,Surrender,2026-09-03,Belagavi
1964,2236,3122,Surrender,2023-12-09,Chamarajanagar
1965,2236,3123,Arrest,2023-11-30,Chamarajanagar
1966,2237,3125,Arrest,2023-07-26,Vijayapura
1967,2238,3127,Arrest,2026-07-15,Chitradurga
1968,2238,3128,Arrest,2026-08-21,Chitradurga
1969,2239,3129,Arrest,2022-10-23,Bengaluru City
1970,2242,3132,Arrest,2023-08-04,Bengaluru City
1971,2246,3136,Arrest,2023-07-29,Davanagere
1972,2249,3138,Arrest,2026-06-18,Gadag
1973,2249,3139,Arrest,2026-07-05,Gadag
1974,2250,3141,Arrest,2026-07-08,Yadgir
1975,2250,3142,Arrest,2026-07-31,Yadgir
1976,2251,3143,Arrest,2025-03-31,Gadag
1977,2255,3147,Arrest,2023-09-15,Ramanagara
1978,2255,3148,Arrest,2023-09-13,Ramanagara
1979,2255,3149,Arrest,2023-09-18,Ramanagara
1980,2257,3151,Arrest,2023-12-29,Hubballi-Dharwad
1981,2260,3153,Arrest,2022-08-10,Bengaluru City
1982,2260,3154,Arrest,2022-08-20,Bengaluru City
1983,2261,3155,Surrender,2026-11-30,Hubballi-Dharwad
1984,2261,3156,Arrest,2026-12-27,Hubballi-Dharwad
1985,2262,3157,Arrest,2025-01-29,Yadgir
1986,2264,3158,Arrest,2026-11-16,Belagavi
1987,2266,3164,Arrest,2027-01-08,Bengaluru Rural
1988,2270,3168,Arrest,2023-02-28,Chikkaballapur
1989,2273,3172,Arrest,2026-07-19,Davanagere
1990,2273,3173,Surrender,2026-07-30,Davanagere
1991,2273,3174,Arrest,2026-08-08,Davanagere
1992,2275,3175,Arrest,2026-09-11,Yadgir
1993,2276,3176,Surrender,2026-12-05,Belagavi
1994,2277,3178,Arrest,2022-10-14,Uttara Kannada
1995,2279,3179,Arrest,2026-11-08,Ramanagara
1996,2280,3180,Arrest,2022-07-15,Mysuru
1997,2280,3181,Surrender,2022-07-10,Mysuru
1998,2281,3182,Surrender,2026-12-09,Kodagu
1999,2282,3183,Arrest,2024-11-01,Belagavi
2000,2282,3184,Arrest,2024-11-29,Belagavi
2001,2283,3185,Surrender,2026-09-27,Belagavi
2002,2283,3186,Arrest,2026-08-29,Belagavi
2003,2285,3187,Surrender,2022-02-18,Bengaluru Rural
2004,2286,3188,Arrest,2025-03-24,Bidar
2005,2286,3189,Surrender,2025-02-18,Bidar
2006,2288,3191,Arrest,2023-10-27,Koppal
2007,2290,3193,Arrest,2025-11-27,Davanagere
2008,2290,3194,Arrest,2025-11-04,Davanagere
2009,2297,3200,Arrest,2024-07-28,Mysuru
2010,2297,3201,Arrest,2024-06-28,Mysuru
2011,2298,3202,Arrest,2023-01-05,Chamarajanagar
2012,2298,3203,Arrest,2022-12-21,Chamarajanagar
2013,2299,3206,Surrender,2025-09-23,Chikkamagaluru
2014,2300,3207,Arrest,2026-06-23,Shivamogga
2015,2300,3209,Arrest,2026-06-25,Shivamogga
2016,2302,3210,Arrest,2022-01-10,Mysuru
2017,2304,3211,Arrest,2026-11-22,Chikkaballapur
2018,2305,3214,Arrest,2026-05-16,Hubballi-Dharwad
2019,2306,3215,Arrest,2024-09-22,Bengaluru City
2020,2307,3216,Arrest,2024-10-07,Mangaluru (Dakshina Kannada)
2021,2311,3220,Surrender,2026-08-27,Bengaluru Rural
2022,2312,3221,Arrest,2025-12-24,Hassan
2023,2315,3227,Arrest,2023-06-06,Chamarajanagar
2024,2316,3228,Arrest,2025-09-18,Davanagere
2025,2316,3229,Surrender,2025-09-18,Davanagere
2026,2317,3230,Arrest,2026-08-23,Bengaluru Rural
2027,2318,3231,Arrest,2024-01-23,Mangaluru (Dakshina Kannada)
2028,2321,3235,Arrest,2025-12-12,Bengaluru Rural
2029,2322,3236,Arrest,2024-04-14,Chamarajanagar
2030,2323,3237,Arrest,2027-01-12,Mandya
2031,2324,3238,Surrender,2023-10-30,Udupi
2032,2325,3239,Arrest,2026-09-17,Hassan
2033,2326,3242,Arrest,2025-04-11,Bengaluru City
2034,2328,3244,Arrest,2026-03-22,Bengaluru Rural
2035,2329,3245,Arrest,2024-09-13,Yadgir
2036,2330,3247,Arrest,2026-08-14,Gadag
2037,2331,3248,Arrest,2024-10-23,Ballari
2038,2333,3250,Arrest,2024-09-16,Hubballi-Dharwad
2039,2334,3251,Surrender,2024-04-19,Kolar
2040,2334,3252,Arrest,2024-04-16,Kolar
2041,2335,3255,Arrest,2027-01-25,Chikkaballapur
2042,2336,3256,Arrest,2026-02-04,Tumakuru
2043,2337,3257,Surrender,2025-12-12,Ballari
2044,2338,3258,Arrest,2026-05-30,Belagavi
2045,2338,3259,Arrest,2026-05-30,Belagavi
2046,2339,3260,Arrest,2025-04-11,Vijayapura
2047,2340,3261,Arrest,2024-12-18,Davanagere
2048,2344,3264,Arrest,2024-12-19,Bengaluru Rural
2049,2345,3265,Arrest,2026-07-16,Bengaluru Rural
2050,2345,3266,Arrest,2026-07-16,Bengaluru Rural
2051,2346,3267,Surrender,2025-12-23,Tumakuru
2052,2347,3268,Arrest,2024-05-26,Mangaluru (Dakshina Kannada)
2053,2348,3269,Arrest,2026-06-04,Mysuru
2054,2348,3270,Arrest,2026-05-08,Mysuru
2055,2349,3271,Arrest,2024-10-31,Yadgir
2056,2350,3272,Arrest,2025-03-07,Kalaburagi
2057,2353,3277,Arrest,2023-03-21,Ramanagara
2058,2353,3278,Surrender,2023-02-21,Ramanagara
2059,2354,3280,Arrest,2026-04-20,Hubballi-Dharwad
2060,2355,3281,Arrest,2025-07-25,Hubballi-Dharwad
2061,2356,3283,Surrender,2023-08-10,Shivamogga
2062,2358,3285,Arrest,2026-04-19,Bidar
2063,2360,3287,Arrest,2025-07-19,Belagavi
2064,2364,3290,Arrest,2023-11-28,Kolar
2065,2365,3291,Arrest,2025-12-26,Mangaluru (Dakshina Kannada)
2066,2366,3292,Arrest,2024-09-10,Kalaburagi
2067,2368,3294,Arrest,2024-07-15,Bengaluru City
2068,2369,3295,Arrest,2024-01-19,Raichur
2069,2370,3296,Surrender,2025-11-25,Kodagu
2070,2370,3297,Arrest,2025-11-07,Kodagu
2071,2371,3298,Arrest,2025-07-22,Yadgir
2072,2371,3299,Arrest,2025-07-04,Yadgir
2073,2371,3300,Arrest,2025-06-16,Yadgir
2074,2372,3301,Arrest,2026-07-23,Belagavi
2075,2373,3302,Arrest,2026-02-23,Chamarajanagar
2076,2374,3303,Surrender,2024-07-15,Bengaluru City
2077,2375,3304,Arrest,2027-01-08,Ballari
2078,2379,3307,Surrender,2025-06-30,Hubballi-Dharwad
2079,2381,3310,Arrest,2023-06-12,Hassan
2080,2384,3313,Arrest,2026-07-30,Mysuru
2081,2384,3314,Arrest,2026-07-26,Mysuru
2082,2385,3315,Arrest,2024-03-19,Bengaluru Rural
2083,2386,3317,Arrest,2024-01-26,Bengaluru Rural
2084,2387,3318,Surrender,2026-09-09,Kalaburagi
2085,2387,3319,Arrest,2026-08-22,Kalaburagi
2086,2389,3323,Arrest,2024-02-22,Tumakuru
2087,2389,3324,Arrest,2024-02-22,Tumakuru
2088,2390,3325,Surrender,2025-02-19,Shivamogga
2089,2391,3326,Arrest,2022-12-05,Haveri
2090,2393,3328,Arrest,2026-08-27,Bengaluru City
2091,2394,3330,Surrender,2024-12-13,Davanagere
2092,2394,3331,Surrender,2024-12-24,Davanagere
2093,2395,3332,Surrender,2024-08-25,Bidar
2094,2396,3334,Arrest,2025-10-18,Belagavi
2095,2397,3336,Arrest,2024-01-18,Udupi
2096,2398,3337,Arrest,2024-10-23,Belagavi
2097,2400,3339,Arrest,2025-03-04,Chamarajanagar
2098,2401,3340,Arrest,2025-07-27,Ballari
2099,2402,3341,Arrest,2024-05-16,Tumakuru
2100,2403,3342,Arrest,2022-07-28,Hubballi-Dharwad
2101,2404,3343,Arrest,2024-08-15,Udupi
2102,2404,3344,Arrest,2024-08-16,Udupi
2103,2405,3345,Arrest,2026-12-21,Vijayapura
2104,2406,3346,Arrest,2025-05-16,Bengaluru City
2105,2406,3347,Surrender,2025-06-08,Bengaluru City
2106,2406,3348,Arrest,2025-06-20,Bengaluru City
2107,2408,3349,Surrender,2026-12-22,Chamarajanagar
2108,2408,3350,Arrest,2026-11-26,Chamarajanagar
2109,2409,3351,Arrest,2025-07-26,Gadag
2110,2410,3352,Arrest,2026-12-30,Bidar
2111,2412,3354,Surrender,2026-11-17,Tumakuru
2112,2415,3358,Arrest,2024-12-18,Raichur
2113,2416,3359,Arrest,2024-01-01,Belagavi
2114,2417,3361,Arrest,2025-02-02,Belagavi
2115,2418,3362,Surrender,2022-09-21,Kodagu
2116,2419,3363,Arrest,2025-10-23,Yadgir
2117,2419,3364,Arrest,2025-10-30,Yadgir
2118,2419,3365,Arrest,2025-09-27,Yadgir
2119,2420,3366,Arrest,2026-08-06,Tumakuru
2120,2423,3370,Arrest,2024-04-24,Mangaluru (Dakshina Kannada)
2121,2424,3371,Arrest,2026-09-15,Kolar
2122,2424,3372,Arrest,2026-09-08,Kolar
2123,2424,3373,Arrest,2026-09-06,Kolar
2124,2425,3374,Arrest,2024-01-09,Belagavi
2125,2427,3376,Arrest,2023-12-07,Tumakuru
2126,2428,3378,Arrest,2022-04-26,Bengaluru City
2127,2430,3382,Arrest,2024-12-09,Mysuru
2128,2432,3384,Arrest,2025-03-10,Mangaluru (Dakshina Kannada)
2129,2433,3385,Arrest,2027-01-06,Mangaluru (Dakshina Kannada)
2130,2434,3386,Arrest,2026-07-15,Belagavi
2131,2435,3387,Arrest,2024-06-16,Kolar
2132,2436,3388,Arrest,2025-02-03,Bengaluru Rural
2133,2441,3394,Surrender,2024-06-05,Davanagere
2134,2441,3396,Arrest,2024-05-23,Davanagere
2135,2442,3397,Arrest,2022-07-14,Davanagere
2136,2445,3401,Arrest,2025-02-26,Chamarajanagar
2137,2447,3404,Arrest,2023-11-21,Bidar
2138,2451,3409,Surrender,2026-05-18,Ramanagara
2139,2452,3410,Arrest,2025-10-26,Bengaluru Rural
2140,2455,3413,Surrender,2023-10-06,Mangaluru (Dakshina Kannada)
2141,2456,3414,Surrender,2024-08-19,Kodagu
2142,2457,3415,Arrest,2024-06-12,Bengaluru Rural
2143,2458,3416,Arrest,2025-12-21,Kodagu
2144,2460,3420,Surrender,2022-03-10,Kolar
2145,2462,3422,Arrest,2022-11-16,Kalaburagi
2146,2463,3423,Arrest,2025-06-13,Kodagu
2147,2464,3424,Arrest,2024-12-02,Hubballi-Dharwad
2148,2466,3426,Arrest,2024-05-28,Chikkamagaluru
2149,2467,3427,Arrest,2025-02-18,Yadgir
2150,2467,3429,Arrest,2025-01-25,Yadgir
2151,2468,3430,Arrest,2025-03-22,Udupi
2152,2469,3431,Arrest,2022-08-28,Belagavi
2153,2470,3432,Arrest,2026-12-08,Udupi
2154,2472,3438,Arrest,2024-07-04,Mysuru
2155,2473,3441,Arrest,2026-03-12,Raichur
2156,2474,3442,Arrest,2026-12-08,Ramanagara
2157,2474,3444,Arrest,2026-11-28,Ramanagara
2158,2475,3445,Arrest,2025-06-28,Bidar
2159,2475,3446,Arrest,2025-06-18,Bidar
2160,2476,3448,Surrender,2024-10-04,Davanagere
2161,2476,3449,Arrest,2024-10-06,Davanagere
2162,2477,3450,Arrest,2025-05-21,Davanagere
2163,2477,3451,Surrender,2025-05-27,Davanagere
2164,2478,3452,Arrest,2022-01-31,Mysuru
2165,2480,3454,Arrest,2026-09-23,Davanagere
2166,2481,3455,Surrender,2025-01-07,Uttara Kannada
2167,2481,3456,Arrest,2025-01-27,Uttara Kannada
2168,2482,3457,Surrender,2023-08-20,Bengaluru Rural
2169,2482,3458,Arrest,2023-09-10,Bengaluru Rural
2170,2483,3459,Arrest,2022-04-10,Mangaluru (Dakshina Kannada)
2171,2485,3462,Arrest,2026-10-20,Tumakuru
2172,2489,3467,Arrest,2023-12-31,Kodagu
2173,2491,3470,Arrest,2023-05-20,Mangaluru (Dakshina Kannada)
2174,2491,3472,Arrest,2023-05-13,Mangaluru (Dakshina Kannada)
2175,2492,3473,Arrest,2026-11-07,Bengaluru Rural
2176,2493,3474,Arrest,2025-09-23,Davanagere
2177,2493,3475,Arrest,2025-08-27,Davanagere
2178,2496,3482,Arrest,2025-03-23,Kalaburagi
2179,2497,3483,Arrest,2023-12-09,Belagavi
2180,2498,3484,Arrest,2026-04-16,Chikkamagaluru
2181,2499,3485,Arrest,2024-06-18,Kolar
2182,2500,3486,Arrest,2023-11-08,Mangaluru (Dakshina Kannada)
2183,2502,3488,Surrender,2024-05-06,Belagavi
2184,2503,3489,Arrest,2026-10-19,Kodagu
2185,2504,3490,Arrest,2023-06-18,Raichur
2186,2506,3492,Arrest,2024-06-24,Belagavi
2187,2507,3494,Surrender,2026-12-24,Koppal
2188,2508,3496,Arrest,2026-01-10,Kodagu
2189,2508,3497,Arrest,2026-01-10,Kodagu
2190,2510,3498,Arrest,2025-02-05,Haveri
2191,2510,3500,Arrest,2025-01-31,Haveri
2192,2511,3501,Arrest,2024-08-22,Belagavi
2193,2515,3504,Arrest,2025-01-03,Kodagu
2194,2517,3506,Surrender,2024-10-16,Kalaburagi
2195,2518,3507,Arrest,2026-07-21,Shivamogga
2196,2519,3509,Surrender,2026-07-21,Bengaluru City
2197,2522,3514,Arrest,2022-10-12,Raichur
2198,2523,3516,Arrest,2026-05-30,Hubballi-Dharwad
2199,2524,3517,Surrender,2022-01-13,Bengaluru Rural
2200,2525,3518,Arrest,2024-06-25,Hassan
2201,2528,3521,Arrest,2025-07-16,Bagalkot
2202,2529,3522,Arrest,2023-10-05,Ballari
2203,2529,3523,Arrest,2023-09-14,Ballari
2204,2530,3524,Arrest,2024-01-31,Chitradurga
2205,2530,3525,Arrest,2024-01-31,Chitradurga
2206,2530,3526,Arrest,2024-01-10,Chitradurga
2207,2531,3527,Arrest,2025-04-20,Shivamogga
2208,2531,3528,Arrest,2025-03-27,Shivamogga
2209,2536,3531,Surrender,2026-12-26,Bengaluru Rural
2210,2537,3532,Arrest,2024-04-13,Hassan
2211,2537,3533,Arrest,2024-05-05,Hassan
2212,2540,3535,Surrender,2026-05-22,Belagavi
2213,2541,3538,Arrest,2022-12-13,Chikkamagaluru
2214,2542,3540,Surrender,2023-06-11,Kalaburagi
2215,2546,3544,Arrest,2023-10-02,Kodagu
2216,2547,3545,Arrest,2026-04-15,Mangaluru (Dakshina Kannada)
2217,2548,3547,Arrest,2023-08-09,Mysuru
2218,2550,3549,Arrest,2025-02-05,Bengaluru City
2219,2552,3551,Arrest,2026-02-11,Bengaluru Rural
2220,2556,3556,Surrender,2023-07-15,Davanagere
2221,2558,3557,Arrest,2025-05-13,Mysuru
2222,2558,3558,Arrest,2025-06-04,Mysuru
2223,2559,3559,Arrest,2022-11-06,Raichur
2224,2561,3562,Arrest,2026-01-14,Kalaburagi
2225,2563,3564,Arrest,2025-08-12,Chamarajanagar
2226,2564,3565,Arrest,2023-09-06,Davanagere
2227,2564,3566,Surrender,2023-08-29,Davanagere
2228,2565,3567,Arrest,2022-10-28,Raichur
2229,2565,3568,Surrender,2022-10-05,Raichur
2230,2566,3569,Arrest,2024-02-07,Davanagere
2231,2567,3570,Arrest,2024-08-03,Ballari
2232,2567,3571,Arrest,2024-08-12,Ballari
2233,2568,3573,Surrender,2024-10-11,Bengaluru Rural
2234,2568,3574,Arrest,2024-09-25,Bengaluru Rural
2235,2569,3575,Arrest,2026-04-17,Raichur
2236,2570,3577,Surrender,2025-08-28,Raichur
2237,2571,3578,Surrender,2025-10-31,Mangaluru (Dakshina Kannada)
2238,2572,3579,Arrest,2026-03-30,Mandya
2239,2573,3580,Arrest,2025-07-05,Bengaluru City
2240,2575,3581,Arrest,2025-05-02,Haveri
2241,2576,3582,Arrest,2024-12-28,Shivamogga
2242,2577,3583,Arrest,2024-02-02,Udupi
2243,2578,3586,Arrest,2025-01-20,Belagavi
2244,2582,3589,Surrender,2025-06-07,Udupi
2245,2583,3590,Arrest,2022-12-24,Hassan
2246,2584,3591,Arrest,2025-10-13,Kodagu
2247,2587,3593,Surrender,2026-03-26,Bengaluru City
2248,2589,3595,Arrest,2024-08-31,Bidar
2249,2591,3598,Arrest,2024-06-04,Bidar
2250,2592,3599,Surrender,2026-03-25,Mysuru
2251,2592,3600,Arrest,2026-03-21,Mysuru
2252,2594,3601,Surrender,2024-05-15,Bengaluru Rural
2253,2595,3602,Arrest,2024-07-15,Koppal
2254,2597,3604,Arrest,2025-05-07,Bengaluru City
2255,2598,3605,Arrest,2024-09-28,Mangaluru (Dakshina Kannada)
2256,2599,3607,Surrender,2025-04-21,Mangaluru (Dakshina Kannada)
2257,2599,3608,Arrest,2025-04-19,Mangaluru (Dakshina Kannada)
2258,2600,3609,Arrest,2025-11-01,Shivamogga
2259,2601,3611,Arrest,2024-11-30,Koppal
2260,2602,3614,Arrest,2024-05-20,Yadgir
2261,2604,3615,Surrender,2024-02-21,Kalaburagi
2262,2604,3617,Arrest,2024-02-05,Kalaburagi
2263,2605,3618,Surrender,2027-01-11,Tumakuru
2264,2606,3621,Arrest,2025-10-16,Kolar
2265,2608,3623,Arrest,2026-09-19,Chamarajanagar
2266,2608,3624,Arrest,2026-09-18,Chamarajanagar
2267,2609,3625,Arrest,2026-11-12,Kolar
2268,2609,3626,Surrender,2026-12-10,Kolar
2269,2609,3627,Arrest,2026-12-09,Kolar
2270,2610,3628,Arrest,2026-05-14,Ballari
2271,2612,3631,Arrest,2025-07-14,Kolar
2272,2613,3632,Arrest,2024-08-23,Bagalkot
2273,2613,3633,Surrender,2024-09-15,Bagalkot
2274,2614,3635,Surrender,2024-09-21,Kalaburagi
2275,2615,3636,Surrender,2022-06-26,Bengaluru City
2276,2615,3637,Arrest,2022-06-23,Bengaluru City
2277,2615,3638,Arrest,2022-06-22,Bengaluru City
2278,2616,3639,Surrender,2026-03-09,Bengaluru Rural
2279,2617,3641,Arrest,2024-04-14,Chamarajanagar
2280,2619,3643,Surrender,2025-02-24,Udupi
2281,2621,3645,Arrest,2026-05-27,Chitradurga
2282,2621,3646,Arrest,2026-05-29,Chitradurga
2283,2621,3647,Arrest,2026-05-24,Chitradurga
2284,2622,3648,Arrest,2027-01-13,Hassan
2285,2623,3650,Surrender,2025-10-03,Raichur
2286,2624,3651,Surrender,2022-11-06,Bengaluru Rural
2287,2625,3652,Arrest,2023-04-14,Bengaluru City
2288,2626,3653,Arrest,2024-11-20,Udupi
2289,2628,3655,Arrest,2025-10-23,Bagalkot
2290,2629,3656,Arrest,2022-11-07,Kolar
2291,2631,3658,Arrest,2024-01-20,Mangaluru (Dakshina Kannada)
2292,2631,3660,Arrest,2024-02-03,Mangaluru (Dakshina Kannada)
2293,2632,3661,Arrest,2024-03-29,Kalaburagi
2294,2633,3662,Surrender,2022-06-11,Ballari
2295,2633,3663,Arrest,2022-07-08,Ballari
2296,2634,3664,Arrest,2025-04-11,Bengaluru Rural
2297,2635,3665,Surrender,2023-10-03,Ballari
2298,2636,3666,Surrender,2024-01-23,Bidar
2299,2637,3667,Arrest,2022-05-25,Mysuru
2300,2637,3668,Arrest,2022-05-09,Mysuru
2301,2639,3671,Arrest,2022-10-10,Hubballi-Dharwad
2302,2643,3675,Surrender,2025-12-12,Ramanagara
2303,2644,3677,Surrender,2026-07-28,Davanagere
2304,2645,3678,Arrest,2025-12-13,Bengaluru Rural
2305,2647,3680,Surrender,2022-02-09,Bengaluru Rural
2306,2647,3681,Surrender,2022-01-06,Bengaluru Rural
2307,2648,3682,Surrender,2024-01-02,Ballari
2308,2649,3683,Arrest,2026-09-13,Hubballi-Dharwad
2309,2650,3685,Surrender,2026-12-03,Belagavi
2310,2651,3686,Arrest,2026-07-24,Bengaluru Rural
2311,2653,3687,Arrest,2023-10-31,Raichur
2312,2654,3689,Surrender,2026-04-13,Chamarajanagar
2313,2654,3690,Arrest,2026-04-18,Chamarajanagar
2314,2655,3691,Arrest,2024-10-28,Haveri
2315,2656,3692,Arrest,2026-03-18,Belagavi
2316,2656,3693,Arrest,2026-03-29,Belagavi
2317,2658,3695,Arrest,2024-05-16,Ballari
2318,2659,3697,Arrest,2026-06-15,Udupi
2319,2660,3700,Surrender,2023-05-04,Udupi
2320,2661,3702,Arrest,2024-06-18,Bengaluru Rural
2321,2661,3703,Arrest,2024-07-03,Bengaluru Rural
2322,2662,3706,Arrest,2022-10-23,Bengaluru City
2323,2665,3707,Arrest,2023-02-04,Davanagere
2324,2667,3710,Arrest,2023-12-24,Bengaluru Rural
2325,2668,3712,Surrender,2022-08-17,Raichur
2326,2668,3713,Surrender,2022-07-21,Raichur
2327,2668,3714,Arrest,2022-08-05,Raichur
2328,2669,3715,Arrest,2026-07-16,Tumakuru
2329,2671,3717,Arrest,2026-12-05,Bengaluru City
2330,2673,3719,Arrest,2023-11-22,Chamarajanagar
2331,2674,3720,Arrest,2026-07-22,Yadgir
2332,2675,3722,Surrender,2025-11-20,Bidar
2333,2679,3723,Surrender,2024-07-02,Belagavi
2334,2680,3725,Arrest,2024-08-08,Uttara Kannada
2335,2684,3729,Surrender,2022-09-22,Haveri
2336,2684,3730,Arrest,2022-09-04,Haveri
2337,2685,3731,Surrender,2025-10-24,Mangaluru (Dakshina Kannada)
2338,2686,3732,Arrest,2024-11-07,Belagavi
2339,2687,3733,Arrest,2023-05-27,Kodagu
2340,2687,3734,Arrest,2023-06-10,Kodagu
2341,2688,3735,Arrest,2026-06-08,Raichur
2342,2688,3737,Arrest,2026-06-18,Raichur
2343,2690,3741,Arrest,2026-08-13,Belagavi
2344,2692,3742,Surrender,2027-01-04,Bagalkot
2345,2693,3744,Surrender,2022-12-20,Shivamogga
2346,2695,3747,Arrest,2025-03-12,Kolar
2347,2695,3748,Arrest,2025-02-02,Kolar
2348,2697,3750,Arrest,2025-01-17,Belagavi
2349,2697,3751,Surrender,2024-12-27,Belagavi
2350,2700,3754,Arrest,2022-03-27,Mysuru
2351,2702,3755,Arrest,2026-10-13,Shivamogga
2352,2703,3756,Surrender,2025-04-25,Tumakuru
2353,2704,3757,Arrest,2022-10-21,Bengaluru Rural
2354,2706,3760,Arrest,2023-08-13,Gadag
2355,2707,3761,Arrest,2023-05-10,Hassan
2356,2709,3763,Arrest,2025-10-29,Bengaluru Rural
2357,2710,3765,Arrest,2024-01-07,Tumakuru
2358,2711,3767,Arrest,2025-03-18,Hubballi-Dharwad
2359,2713,3771,Surrender,2023-06-02,Raichur
2360,2713,3772,Arrest,2023-05-24,Raichur
2361,2714,3773,Arrest,2024-09-13,Bengaluru Rural
2362,2714,3774,Arrest,2024-09-06,Bengaluru Rural
2363,2715,3776,Arrest,2025-05-19,Chamarajanagar
2364,2715,3777,Arrest,2025-06-07,Chamarajanagar
2365,2719,3784,Arrest,2026-05-31,Chikkaballapur
2366,2719,3785,Arrest,2026-06-09,Chikkaballapur
2367,2721,3787,Arrest,2023-03-19,Chitradurga
2368,2722,3788,Surrender,2025-03-12,Tumakuru
2369,2723,3789,Surrender,2026-09-01,Kolar
2370,2724,3790,Surrender,2024-12-26,Ballari
2371,2725,3791,Arrest,2023-07-30,Ballari
2372,2727,3792,Arrest,2026-01-21,Belagavi
2373,2727,3793,Arrest,2026-01-16,Belagavi
2374,2733,3799,Surrender,2025-05-31,Mysuru
2375,2734,3801,Arrest,2026-09-12,Mangaluru (Dakshina Kannada)
2376,2734,3802,Arrest,2026-08-11,Mangaluru (Dakshina Kannada)
2377,2734,3803,Arrest,2026-09-11,Mangaluru (Dakshina Kannada)
2378,2735,3804,Arrest,2025-10-06,Belagavi
2379,2735,3805,Surrender,2025-11-12,Belagavi
2380,2736,3807,Arrest,2026-04-29,Hassan
2381,2738,3809,Arrest,2023-08-05,Bengaluru Rural
2382,2739,3810,Arrest,2026-01-07,Haveri
2383,2740,3811,Arrest,2023-09-01,Belagavi
2384,2742,3813,Arrest,2025-09-25,Davanagere
2385,2742,3814,Surrender,2025-10-01,Davanagere
2386,2746,3818,Arrest,2025-11-15,Udupi
2387,2747,3819,Arrest,2022-09-15,Udupi
2388,2747,3820,Arrest,2022-10-18,Udupi
2389,2747,3821,Surrender,2022-09-20,Udupi
2390,2748,3822,Arrest,2022-05-10,Yadgir
2391,2748,3823,Arrest,2022-05-20,Yadgir
2392,2749,3824,Arrest,2022-08-14,Kodagu
2393,2753,3826,Surrender,2023-07-08,Belagavi
2394,2757,3828,Surrender,2024-05-04,Chikkamagaluru
2395,2758,3829,Surrender,2025-01-07,Haveri
2396,2762,3836,Arrest,2023-11-26,Bengaluru Rural
2397,2763,3838,Surrender,2022-09-23,Uttara Kannada
2398,2764,3839,Surrender,2023-05-26,Belagavi
2399,2767,3843,Arrest,2022-07-28,Tumakuru
2400,2767,3844,Surrender,2022-08-19,Tumakuru
2401,2768,3845,Arrest,2027-01-02,Ballari
2402,2769,3846,Arrest,2023-03-28,Mysuru
2403,2769,3847,Arrest,2023-03-07,Mysuru
2404,2769,3848,Arrest,2023-03-07,Mysuru
2405,2772,3851,Arrest,2026-05-05,Bengaluru Rural
2406,2773,3853,Arrest,2022-12-01,Mysuru
2407,2773,3854,Arrest,2022-12-05,Mysuru
2408,2773,3855,Arrest,2022-12-06,Mysuru
2409,2774,3857,Surrender,2026-04-06,Davanagere
2410,2774,3858,Arrest,2026-03-01,Davanagere
2411,2776,3860,Arrest,2026-07-25,Ballari
2412,2777,3861,Arrest,2024-10-02,Tumakuru
2413,2778,3862,Arrest,2027-01-04,Haveri
2414,2779,3863,Arrest,2023-12-12,Tumakuru
2415,2779,3864,Surrender,2023-12-20,Tumakuru
2416,2780,3865,Surrender,2024-07-08,Ramanagara
2417,2781,3867,Arrest,2022-04-22,Mangaluru (Dakshina Kannada)
2418,2781,3868,Surrender,2022-03-28,Mangaluru (Dakshina Kannada)
2419,2783,3870,Arrest,2024-02-01,Kodagu
2420,2784,3871,Arrest,2022-03-22,Gadag
2421,2785,3873,Arrest,2026-09-01,Bengaluru Rural
2422,2786,3874,Arrest,2026-09-24,Bengaluru City
2423,2787,3875,Arrest,2023-02-13,Mangaluru (Dakshina Kannada)
2424,2790,3879,Arrest,2026-01-20,Tumakuru
2425,2793,3883,Arrest,2025-02-22,Hassan
2426,2794,3885,Arrest,2023-09-26,Haveri
2427,2796,3886,Arrest,2026-05-26,Bengaluru City
2428,2797,3888,Arrest,2024-02-25,Kolar
2429,2798,3890,Arrest,2025-06-05,Udupi
2430,2800,3892,Arrest,2026-03-28,Hassan
2431,2800,3893,Surrender,2026-04-23,Hassan
2432,2801,3894,Arrest,2024-04-10,Bidar
2433,2801,3895,Arrest,2024-03-28,Bidar
2434,2801,3896,Surrender,2024-04-10,Bidar
2435,2804,3899,Arrest,2026-11-20,Mandya
2436,2806,3901,Arrest,2023-10-24,Belagavi
2437,2807,3902,Arrest,2025-06-26,Chitradurga
2438,2807,3903,Arrest,2025-06-21,Chitradurga
2439,2808,3904,Arrest,2025-05-01,Kolar
2440,2810,3907,Arrest,2023-09-20,Belagavi
2441,2811,3908,Arrest,2025-02-01,Hassan
2442,2812,3910,Arrest,2023-11-25,Hassan
2443,2813,3911,Arrest,2026-05-10,Mysuru
2444,2816,3914,Surrender,2025-02-25,Belagavi
2445,2817,3915,Surrender,2024-02-19,Hubballi-Dharwad
2446,2817,3916,Arrest,2024-01-31,Hubballi-Dharwad
2447,2819,3918,Surrender,2024-03-11,Mysuru
2448,2819,3919,Arrest,2024-04-20,Mysuru
2449,2820,3921,Arrest,2024-05-15,Belagavi
2450,2823,3924,Arrest,2026-06-28,Belagavi
2451,2825,3925,Surrender,2025-03-09,Kolar
2452,2826,3926,Arrest,2027-01-03,Ballari
2453,2829,3930,Arrest,2026-08-24,Kodagu
2454,2829,3931,Arrest,2026-08-22,Kodagu
2455,2831,3934,Surrender,2024-01-01,Hassan
2456,2832,3937,Arrest,2024-11-06,Bengaluru City
2457,2833,3938,Arrest,2026-12-19,Gadag
2458,2833,3939,Arrest,2026-12-16,Gadag
2459,2834,3940,Arrest,2026-01-06,Bengaluru City
2460,2835,3941,Surrender,2026-08-09,Belagavi
2461,2835,3942,Arrest,2026-08-17,Belagavi
2462,2836,3943,Arrest,2025-09-15,Belagavi
2463,2837,3944,Arrest,2024-04-27,Hassan
2464,2838,3945,Arrest,2025-05-17,Bengaluru City
2465,2840,3948,Arrest,2023-12-24,Bengaluru City
2466,2841,3949,Arrest,2024-07-11,Mangaluru (Dakshina Kannada)
2467,2842,3950,Surrender,2023-09-24,Raichur
2468,2842,3952,Surrender,2023-09-19,Raichur
2469,2843,3953,Arrest,2026-02-12,Mysuru
2470,2843,3954,Arrest,2026-02-25,Mysuru
2471,2844,3956,Arrest,2023-11-11,Bengaluru Rural
2472,2845,3957,Arrest,2025-08-29,Chamarajanagar
2473,2846,3958,Arrest,2027-01-05,Kodagu
2474,2848,3960,Arrest,2025-08-12,Udupi
2475,2849,3961,Arrest,2023-03-21,Raichur
2476,2849,3962,Arrest,2023-02-15,Raichur
2477,2853,3968,Surrender,2024-06-24,Raichur
2478,2855,3970,Arrest,2024-02-01,Bengaluru City
2479,2856,3971,Surrender,2025-08-18,Kalaburagi
2480,2858,3973,Arrest,2024-07-07,Hassan
2481,2859,3974,Arrest,2025-06-15,Haveri
2482,2859,3975,Surrender,2025-06-08,Haveri
2483,2861,3977,Arrest,2023-10-30,Kalaburagi
2484,2861,3978,Surrender,2023-10-17,Kalaburagi
2485,2863,3980,Arrest,2022-05-25,Bidar
2486,2863,3981,Arrest,2022-05-06,Bidar
2487,2865,3983,Arrest,2027-01-05,Hubballi-Dharwad
2488,2865,3984,Arrest,2027-01-20,Hubballi-Dharwad
2489,2866,3985,Arrest,2026-07-20,Koppal
2490,2866,3986,Surrender,2026-08-22,Koppal
2491,2867,3987,Arrest,2022-09-30,Udupi
2492,2867,3988,Arrest,2022-10-12,Udupi
2493,2868,3990,Arrest,2027-01-01,Ramanagara
2494,2869,3991,Arrest,2023-08-05,Ramanagara
2495,2871,3993,Surrender,2023-03-06,Kodagu
2496,2872,3994,Arrest,2022-03-31,Yadgir
2497,2872,3995,Arrest,2022-03-23,Yadgir
2498,2872,3996,Arrest,2022-04-13,Yadgir
2499,2873,3997,Arrest,2026-07-09,Bengaluru Rural
2500,2874,3998,Surrender,2023-09-21,Belagavi
2501,2874,3999,Surrender,2023-08-19,Belagavi
2502,2875,4000,Arrest,2024-11-09,Udupi
2503,2876,4001,Arrest,2025-03-29,Mandya
2504,2878,4004,Arrest,2026-04-04,Belagavi
2505,2879,4005,Surrender,2023-08-11,Ramanagara
2506,2879,4006,Arrest,2023-08-21,Ramanagara
2507,2880,4007,Surrender,2023-02-18,Bengaluru Rural
2508,2880,4008,Arrest,2023-02-04,Bengaluru Rural
2509,2881,4009,Surrender,2024-06-01,Ballari
2510,2881,4010,Arrest,2024-05-04,Ballari
2511,2882,4011,Arrest,2026-05-05,Belagavi
2512,2883,4012,Arrest,2025-06-01,Chamarajanagar
2513,2884,4014,Arrest,2023-09-09,Belagavi
2514,2884,4015,Arrest,2023-09-30,Belagavi
2515,2885,4016,Arrest,2026-03-31,Kolar
2516,2886,4018,Arrest,2025-01-23,Bengaluru Rural
2517,2887,4019,Arrest,2023-11-17,Tumakuru
2518,2887,4020,Arrest,2023-11-13,Tumakuru
2519,2889,4022,Arrest,2023-10-26,Belagavi
2520,2890,4023,Arrest,2025-03-19,Bidar
2521,2890,4024,Arrest,2025-03-27,Bidar
2522,2893,4028,Surrender,2024-09-09,Ballari
2523,2894,4031,Arrest,2024-12-05,Kalaburagi
2524,2895,4032,Arrest,2026-11-01,Yadgir
2525,2897,4034,Arrest,2022-06-15,Bengaluru City
2526,2897,4035,Arrest,2022-06-09,Bengaluru City
2527,2901,4041,Arrest,2026-07-04,Mangaluru (Dakshina Kannada)
2528,2902,4042,Surrender,2026-06-08,Chitradurga
2529,2903,4044,Arrest,2026-06-15,Hassan
2530,2904,4045,Arrest,2024-07-23,Tumakuru
2531,2905,4046,Arrest,2025-07-23,Bidar
2532,2908,4049,Surrender,2026-11-10,Belagavi
2533,2909,4051,Arrest,2024-09-27,Bengaluru Rural
2534,2909,4052,Arrest,2024-10-24,Bengaluru Rural
2535,2913,4054,Arrest,2023-04-11,Davanagere
2536,2913,4055,Surrender,2023-04-08,Davanagere
2537,2914,4056,Arrest,2025-12-16,Yadgir
2538,2914,4057,Surrender,2025-11-29,Yadgir
2539,2916,4058,Surrender,2022-11-19,Chamarajanagar
2540,2916,4059,Arrest,2022-11-12,Chamarajanagar
2541,2917,4060,Arrest,2024-08-27,Ballari
2542,2918,4062,Arrest,2023-08-17,Tumakuru
2543,2923,4064,Arrest,2026-01-25,Ramanagara
2544,2924,4068,Arrest,2025-04-26,Tumakuru
2545,2924,4069,Surrender,2025-05-13,Tumakuru
2546,2925,4070,Arrest,2022-08-15,Hassan
2547,2925,4071,Surrender,2022-08-25,Hassan
2548,2925,4072,Arrest,2022-08-19,Hassan
2549,2926,4073,Arrest,2025-05-24,Bengaluru City
2550,2926,4074,Arrest,2025-05-19,Bengaluru City
2551,2926,4075,Surrender,2025-06-15,Bengaluru City
2552,2927,4076,Arrest,2026-03-27,Mangaluru (Dakshina Kannada)
2553,2929,4079,Arrest,2026-10-18,Kalaburagi
2554,2932,4081,Arrest,2024-03-11,Mangaluru (Dakshina Kannada)
2555,2934,4082,Arrest,2025-12-27,Hubballi-Dharwad
2556,2936,4084,Arrest,2022-05-07,Bengaluru City
2557,2936,4085,Surrender,2022-05-14,Bengaluru City
2558,2937,4086,Arrest,2026-08-06,Mysuru
2559,2938,4088,Arrest,2023-06-24,Davanagere
2560,2938,4089,Arrest,2023-06-16,Davanagere
2561,2939,4090,Arrest,2025-06-11,Hassan
2562,2940,4092,Arrest,2022-05-15,Kodagu
2563,2940,4093,Surrender,2022-05-02,Kodagu
2564,2942,4096,Arrest,2024-09-11,Davanagere
2565,2943,4098,Arrest,2023-09-20,Bengaluru Rural
2566,2944,4099,Arrest,2026-05-11,Ballari
2567,2945,4100,Arrest,2026-12-30,Raichur
2568,2946,4101,Surrender,2025-01-13,Belagavi
2569,2947,4103,Arrest,2024-12-04,Shivamogga
2570,2948,4104,Surrender,2025-07-20,Tumakuru
2571,2949,4105,Arrest,2022-09-10,Hubballi-Dharwad
2572,2949,4106,Arrest,2022-09-22,Hubballi-Dharwad
2573,2950,4107,Arrest,2026-06-14,Udupi
2574,2951,4108,Arrest,2026-11-13,Bengaluru Rural
2575,2952,4109,Arrest,2022-04-21,Belagavi
2576,2953,4110,Arrest,2026-01-07,Kolar
2577,2954,4111,Arrest,2022-11-25,Belagavi
2578,2955,4114,Arrest,2024-07-18,Belagavi
2579,2958,4117,Surrender,2024-04-24,Chamarajanagar
2580,2958,4118,Arrest,2024-04-14,Chamarajanagar
2581,2959,4119,Arrest,2023-01-03,Bagalkot
2582,2961,4121,Arrest,2022-03-10,Bengaluru Rural
2583,2962,4122,Arrest,2022-06-26,Bengaluru Rural
2584,2962,4123,Surrender,2022-06-30,Bengaluru Rural
2585,2964,4126,Arrest,2025-02-06,Mysuru
2586,2965,4127,Arrest,2025-06-06,Davanagere
2587,2966,4129,Arrest,2026-08-23,Ballari
2588,2969,4133,Surrender,2022-08-20,Bidar
2589,2970,4134,Arrest,2022-08-13,Tumakuru
2590,2971,4135,Arrest,2022-07-03,Belagavi
2591,2975,4137,Arrest,2026-12-17,Koppal
2592,2976,4138,Arrest,2025-01-06,Bagalkot
2593,2976,4140,Surrender,2024-12-15,Bagalkot
2594,2977,4141,Arrest,2022-10-25,Udupi
2595,2980,4143,Arrest,2026-08-22,Ramanagara
2596,2980,4144,Surrender,2026-08-31,Ramanagara
2597,2980,4145,Arrest,2026-09-19,Ramanagara
2598,2984,4149,Arrest,2026-10-20,Bengaluru Rural
2599,2985,4150,Surrender,2023-06-17,Mangaluru (Dakshina Kannada)
2600,2986,4151,Arrest,2023-11-09,Belagavi
2601,2987,4152,Arrest,2024-01-08,Bengaluru Rural
2602,2988,4153,Surrender,2026-10-01,Raichur
2603,2990,4154,Surrender,2023-02-19,Bengaluru Rural
2604,2991,4155,Arrest,2026-07-27,Bengaluru City
2605,2992,4156,Arrest,2022-12-24,Tumakuru
2606,2993,4157,Arrest,2024-06-17,Ballari
2607,2993,4158,Arrest,2024-05-10,Ballari
2608,2993,4159,Arrest,2024-05-12,Ballari
2609,2995,4161,Surrender,2025-11-22,Udupi
2610,2996,4162,Arrest,2022-06-10,Belagavi
2611,2998,4164,Arrest,2022-01-25,Yadgir
2612,2999,4165,Arrest,2024-11-03,Belagavi
2613,3000,4166,Arrest,2025-05-25,Kolar
2614,3000,4167,Arrest,2025-06-13,Kolar
2615,3001,4168,Arrest,2026-05-09,Ramanagara
2616,3002,4169,Arrest,2025-07-01,Mysuru
2617,3002,4170,Surrender,2025-06-08,Mysuru
2618,3003,4171,Arrest,2025-03-16,Bagalkot
2619,3004,4174,Arrest,2023-03-16,Bengaluru Rural
2620,3005,4175,Arrest,2025-02-21,Davanagere
2621,3007,4177,Surrender,2026-09-25,Tumakuru
2622,3008,4180,Arrest,2025-07-22,Chamarajanagar
2623,3009,4182,Arrest,2026-02-28,Haveri
2624,3010,4183,Arrest,2025-12-20,Hubballi-Dharwad
2625,3012,4185,Surrender,2025-09-02,Yadgir
2626,3014,4187,Arrest,2023-04-25,Haveri
2627,3014,4188,Arrest,2023-04-06,Haveri
2628,3016,4189,Arrest,2024-06-01,Ballari
2629,3017,4191,Surrender,2025-07-17,Mandya
2630,3017,4192,Arrest,2025-07-12,Mandya
2631,3018,4193,Arrest,2026-02-14,Bengaluru Rural
2632,3018,4194,Arrest,2026-01-25,Bengaluru Rural
2633,3019,4195,Arrest,2022-04-14,Chikkamagaluru
2634,3021,4197,Surrender,2026-09-11,Bengaluru Rural
2635,3022,4198,Arrest,2025-10-18,Mangaluru (Dakshina Kannada)
2636,3025,4202,Arrest,2026-04-21,Ramanagara
2637,3025,4203,Arrest,2026-04-26,Ramanagara
2638,3026,4205,Arrest,2026-03-18,Mysuru
2639,3028,4210,Arrest,2026-05-03,Mangaluru (Dakshina Kannada)
2640,3029,4211,Arrest,2026-12-28,Kodagu
2641,3030,4212,Arrest,2025-04-07,Mysuru
2642,3031,4214,Arrest,2026-04-25,Chamarajanagar
2643,3032,4217,Arrest,2022-01-16,Mysuru
2644,3036,4221,Arrest,2025-10-06,Raichur
2645,3037,4222,Arrest,2026-12-14,Ramanagara
2646,3037,4223,Arrest,2026-12-04,Ramanagara
2647,3037,4224,Arrest,2026-12-28,Ramanagara
2648,3038,4225,Arrest,2024-09-30,Bengaluru City
2649,3040,4227,Arrest,2023-01-10,Davanagere
2650,3043,4231,Arrest,2026-07-10,Vijayapura
2651,3043,4232,Arrest,2026-07-15,Vijayapura
2652,3043,4233,Surrender,2026-07-19,Vijayapura
2653,3044,4234,Arrest,2026-02-18,Kolar
2654,3045,4235,Arrest,2026-12-23,Hubballi-Dharwad
2655,3045,4236,Arrest,2027-01-24,Hubballi-Dharwad
2656,3049,4240,Arrest,2023-06-25,Koppal
2657,3051,4242,Arrest,2025-05-20,Bengaluru Rural
2658,3052,4244,Arrest,2024-01-13,Mangaluru (Dakshina Kannada)
2659,3053,4245,Surrender,2025-05-07,Ramanagara
2660,3054,4246,Arrest,2023-12-26,Chikkaballapur
2661,3056,4247,Arrest,2023-09-15,Kalaburagi
2662,3056,4248,Arrest,2023-08-18,Kalaburagi
2663,3059,4251,Surrender,2025-12-21,Davanagere
2664,3059,4253,Surrender,2026-01-01,Davanagere
2665,3060,4255,Arrest,2025-01-21,Bengaluru Rural
2666,3062,4258,Arrest,2025-07-08,Shivamogga
2667,3064,4260,Surrender,2026-01-22,Bidar
2668,3064,4261,Arrest,2026-01-02,Bidar
2669,3064,4262,Arrest,2026-01-17,Bidar
2670,3065,4264,Surrender,2024-08-07,Mangaluru (Dakshina Kannada)
2671,3065,4265,Arrest,2024-07-23,Mangaluru (Dakshina Kannada)
2672,3066,4266,Arrest,2025-07-29,Belagavi
2673,3067,4267,Arrest,2023-02-17,Mangaluru (Dakshina Kannada)
2674,3068,4268,Arrest,2026-07-10,Hubballi-Dharwad
2675,3069,4269,Arrest,2025-06-22,Mysuru
2676,3069,4270,Arrest,2025-06-26,Mysuru
2677,3069,4271,Arrest,2025-06-07,Mysuru
2678,3070,4272,Surrender,2023-03-08,Chamarajanagar
2679,3070,4273,Surrender,2023-03-25,Chamarajanagar
2680,3071,4274,Surrender,2022-06-06,Tumakuru
2681,3072,4275,Surrender,2023-05-11,Kodagu
2682,3074,4277,Arrest,2022-10-12,Vijayapura
2683,3074,4278,Arrest,2022-10-25,Vijayapura
2684,3076,4280,Arrest,2026-12-21,Kodagu
2685,3078,4282,Arrest,2026-10-03,Belagavi
2686,3079,4284,Arrest,2023-06-08,Belagavi
2687,3084,4289,Arrest,2022-04-15,Vijayapura
2688,3086,4291,Arrest,2026-01-05,Yadgir
2689,3086,4292,Surrender,2026-01-17,Yadgir
2690,3088,4293,Arrest,2024-08-02,Bidar
2691,3090,4294,Surrender,2025-11-15,Bengaluru Rural
2692,3090,4295,Arrest,2025-11-24,Bengaluru Rural
2693,3091,4296,Arrest,2023-08-05,Chamarajanagar
2694,3092,4297,Arrest,2026-01-23,Haveri
2695,3093,4298,Arrest,2025-08-07,Bengaluru City
2696,3097,4302,Arrest,2026-09-25,Bengaluru City
2697,3099,4303,Arrest,2025-05-26,Yadgir
2698,3101,4306,Arrest,2025-09-11,Chamarajanagar
2699,3102,4307,Surrender,2026-06-26,Hassan
2700,3102,4308,Surrender,2026-06-03,Hassan
2701,3103,4310,Arrest,2022-05-06,Kolar
2702,3105,4312,Surrender,2026-08-18,Hassan
2703,3107,4315,Arrest,2023-01-16,Tumakuru
2704,3108,4316,Arrest,2022-05-03,Haveri
2705,3109,4317,Arrest,2026-10-25,Mysuru
2706,3111,4320,Arrest,2022-09-08,Yadgir
2707,3112,4321,Arrest,2026-02-18,Chitradurga
2708,3113,4322,Arrest,2025-02-19,Bengaluru Rural
2709,3114,4323,Arrest,2026-10-23,Koppal
2710,3116,4325,Arrest,2022-08-06,Kodagu
2711,3118,4327,Arrest,2025-07-16,Belagavi
2712,3119,4328,Arrest,2023-10-25,Belagavi
2713,3121,4330,Surrender,2024-12-17,Mangaluru (Dakshina Kannada)
2714,3123,4333,Arrest,2024-05-13,Raichur
2715,3125,4335,Surrender,2023-07-12,Ballari
2716,3126,4336,Arrest,2025-06-22,Bengaluru Rural
2717,3129,4341,Arrest,2025-02-14,Tumakuru
2718,3130,4342,Surrender,2026-04-18,Belagavi
2719,3130,4343,Arrest,2026-03-26,Belagavi
2720,3131,4344,Arrest,2026-02-02,Belagavi
2721,3133,4346,Arrest,2023-03-06,Chitradurga
2722,3133,4348,Arrest,2023-03-16,Chitradurga
2723,3134,4349,Arrest,2025-05-19,Haveri
2724,3135,4350,Surrender,2025-07-02,Bengaluru City
2725,3137,4352,Arrest,2026-11-19,Mysuru
2726,3137,4353,Arrest,2026-11-21,Mysuru
2727,3138,4355,Arrest,2023-03-27,Chamarajanagar
2728,3139,4356,Arrest,2026-01-18,Hassan
2729,3140,4357,Arrest,2025-04-05,Tumakuru
2730,3142,4359,Arrest,2023-11-18,Tumakuru
2731,3142,4360,Arrest,2023-10-28,Tumakuru
2732,3144,4362,Arrest,2023-03-27,Mangaluru (Dakshina Kannada)
2733,3145,4363,Arrest,2026-07-04,Ballari
2734,3145,4364,Arrest,2026-06-27,Ballari
2735,3146,4365,Arrest,2025-12-05,Belagavi
2736,3147,4366,Arrest,2027-02-01,Bagalkot
2737,3149,4367,Arrest,2024-01-07,Ballari
2738,3150,4368,Arrest,2025-05-24,Kolar
2739,3150,4369,Arrest,2025-05-06,Kolar
2740,3151,4371,Arrest,2024-09-26,Chamarajanagar
2741,3154,4375,Arrest,2022-08-19,Belagavi
2742,3154,4376,Arrest,2022-08-23,Belagavi
2743,3155,4378,Arrest,2025-06-17,Ballari
2744,3155,4379,Arrest,2025-07-03,Ballari
2745,3155,4380,Arrest,2025-05-29,Ballari
2746,3156,4381,Arrest,2025-04-05,Raichur
2747,3157,4384,Arrest,2023-05-03,Belagavi
2748,3160,4388,Arrest,2024-10-27,Tumakuru
2749,3161,4389,Arrest,2025-02-09,Bengaluru Rural
2750,3161,4391,Arrest,2025-03-02,Bengaluru Rural
2751,3162,4392,Arrest,2026-10-07,Ballari
2752,3164,4394,Arrest,2025-09-07,Chamarajanagar
2753,3164,4395,Arrest,2025-09-06,Chamarajanagar
2754,3165,4396,Arrest,2023-05-26,Bengaluru City
2755,3166,4397,Arrest,2026-09-05,Bagalkot
2756,3167,4398,Arrest,2022-05-17,Mandya
2757,3168,4399,Arrest,2025-01-26,Kodagu
2758,3169,4400,Surrender,2025-05-03,Bengaluru City
2759,3170,4401,Arrest,2024-12-04,Bengaluru Rural
2760,3171,4402,Arrest,2024-11-13,Chamarajanagar
2761,3175,4406,Arrest,2026-08-02,Kodagu
2762,3178,4411,Arrest,2022-07-30,Chamarajanagar
2763,3180,4414,Arrest,2023-09-23,Chamarajanagar
2764,3181,4415,Arrest,2024-08-05,Mangaluru (Dakshina Kannada)
2765,3183,4416,Arrest,2026-07-14,Ramanagara
2766,3183,4417,Surrender,2026-06-16,Ramanagara
2767,3185,4418,Arrest,2026-11-10,Koppal
2768,3185,4419,Surrender,2026-10-17,Koppal
2769,3186,4420,Arrest,2025-04-04,Tumakuru
2770,3187,4422,Arrest,2025-07-25,Koppal
2771,3188,4423,Arrest,2026-07-22,Bagalkot
2772,3190,4427,Arrest,2024-07-31,Belagavi
2773,3192,4430,Arrest,2025-01-15,Belagavi
2774,3193,4431,Arrest,2024-10-12,Tumakuru
2775,3194,4432,Arrest,2024-07-26,Belagavi
2776,3196,4433,Arrest,2023-10-09,Bengaluru Rural
2777,3197,4434,Arrest,2022-03-09,Belagavi
2778,3198,4436,Arrest,2024-09-16,Ramanagara
2779,3199,4437,Arrest,2023-09-22,Kodagu
2780,3200,4438,Arrest,2023-10-26,Bengaluru City
2781,3204,4445,Arrest,2024-10-17,Bengaluru City
2782,3205,4447,Surrender,2024-04-21,Koppal
2783,3205,4448,Arrest,2024-05-24,Koppal
2784,3206,4449,Arrest,2025-09-06,Mangaluru (Dakshina Kannada)
2785,3207,4450,Arrest,2025-09-19,Yadgir
2786,3208,4452,Arrest,2022-02-16,Kalaburagi
2787,3209,4453,Surrender,2025-06-19,Bengaluru City
2788,3209,4454,Arrest,2025-06-12,Bengaluru City
2789,3211,4455,Arrest,2024-08-08,Chikkaballapur
2790,3213,4459,Arrest,2024-04-27,Kalaburagi
2791,3214,4460,Arrest,2025-11-18,Hassan
2792,3215,4463,Arrest,2023-11-04,Ramanagara
2793,3220,4467,Arrest,2025-12-04,Ramanagara
2794,3222,4469,Arrest,2026-02-17,Hassan
2795,3223,4471,Arrest,2024-11-22,Hassan
2796,3225,4474,Surrender,2025-07-31,Shivamogga
2797,3225,4475,Arrest,2025-07-09,Shivamogga
2798,3227,4477,Arrest,2025-02-13,Davanagere
2799,3229,4479,Arrest,2026-10-25,Bengaluru Rural
2800,3230,4480,Arrest,2024-03-10,Belagavi
2801,3232,4481,Arrest,2024-01-20,Mysuru
2802,3233,4482,Surrender,2023-08-24,Tumakuru
2803,3234,4484,Arrest,2026-02-13,Kodagu
2804,3234,4485,Surrender,2026-03-24,Kodagu
2805,3239,4490,Arrest,2024-08-06,Tumakuru
2806,3241,4492,Arrest,2026-05-18,Vijayapura
2807,3243,4493,Arrest,2023-11-23,Chamarajanagar
2808,3244,4495,Arrest,2026-09-03,Tumakuru
2809,3245,4496,Arrest,2025-03-20,Kodagu
2810,3245,4497,Arrest,2025-03-25,Kodagu
2811,3247,4500,Arrest,2026-08-26,Bagalkot
2812,3247,4501,Arrest,2026-09-05,Bagalkot
2813,3249,4502,Arrest,2025-04-13,Bengaluru Rural
2814,3252,4504,Arrest,2025-10-09,Chikkamagaluru
2815,3254,4505,Arrest,2022-05-04,Bengaluru City
2816,3254,4507,Arrest,2022-04-22,Bengaluru City
2817,3255,4509,Arrest,2022-08-29,Mangaluru (Dakshina Kannada)
2818,3256,4510,Surrender,2026-05-11,Vijayapura
2819,3256,4512,Arrest,2026-05-16,Vijayapura
2820,3257,4513,Surrender,2023-01-03,Udupi
2821,3258,4514,Arrest,2024-07-04,Ramanagara
2822,3259,4516,Surrender,2025-06-04,Kalaburagi
2823,3259,4517,Arrest,2025-05-29,Kalaburagi
2824,3260,4518,Surrender,2025-07-31,Tumakuru
2825,3261,4520,Arrest,2025-03-01,Udupi
2826,3262,4521,Arrest,2023-07-29,Udupi
2827,3262,4522,Arrest,2023-07-14,Udupi
2828,3263,4524,Arrest,2026-10-24,Tumakuru
2829,3264,4526,Arrest,2025-12-15,Udupi
2830,3265,4528,Arrest,2024-03-20,Hassan
2831,3266,4530,Arrest,2023-10-21,Chikkamagaluru
2832,3266,4531,Arrest,2023-11-05,Chikkamagaluru
2833,3267,4532,Arrest,2026-09-01,Shivamogga
2834,3267,4533,Arrest,2026-09-29,Shivamogga
2835,3269,4535,Arrest,2023-10-24,Raichur
2836,3270,4536,Arrest,2023-10-16,Bengaluru Rural
2837,3271,4537,Arrest,2023-04-19,Bengaluru City
2838,3271,4538,Arrest,2023-04-08,Bengaluru City
2839,3272,4540,Surrender,2024-01-20,Bidar
2840,3275,4543,Arrest,2022-09-30,Koppal
2841,3275,4544,Arrest,2022-09-21,Koppal
2842,3276,4545,Arrest,2023-07-24,Shivamogga
2843,3277,4547,Arrest,2026-12-22,Bengaluru Rural
2844,3279,4550,Arrest,2023-09-18,Bengaluru City
2845,3279,4551,Arrest,2023-09-17,Bengaluru City
2846,3279,4552,Arrest,2023-10-27,Bengaluru City
2847,3280,4553,Surrender,2024-01-24,Vijayapura
2848,3281,4554,Arrest,2026-12-28,Belagavi
2849,3281,4555,Arrest,2027-02-02,Belagavi
2850,3282,4557,Surrender,2022-12-05,Hubballi-Dharwad
2851,3283,4558,Arrest,2027-02-04,Bengaluru Rural
2852,3284,4559,Arrest,2025-09-22,Koppal
2853,3285,4560,Arrest,2022-06-19,Davanagere
2854,3286,4561,Arrest,2025-05-12,Mangaluru (Dakshina Kannada)
2855,3287,4562,Arrest,2024-11-14,Tumakuru
2856,3289,4564,Arrest,2024-10-16,Hassan
2857,3289,4565,Arrest,2024-10-20,Hassan
2858,3291,4568,Arrest,2024-04-25,Kalaburagi
2859,3293,4569,Arrest,2026-11-22,Bengaluru Rural
2860,3293,4570,Arrest,2026-10-26,Bengaluru Rural
2861,3294,4571,Arrest,2025-08-20,Bengaluru Rural
2862,3294,4572,Arrest,2025-08-06,Bengaluru Rural
2863,3296,4574,Arrest,2023-01-04,Ballari
2864,3298,4575,Surrender,2022-10-27,Chamarajanagar
2865,3298,4577,Arrest,2022-10-31,Chamarajanagar
2866,3299,4578,Arrest,2026-09-27,Belagavi
2867,3300,4579,Arrest,2022-10-11,Haveri
2868,3301,4580,Arrest,2025-11-26,Mysuru
2869,3302,4581,Arrest,2023-03-24,Tumakuru
2870,3303,4582,Surrender,2023-02-15,Mangaluru (Dakshina Kannada)
2871,3305,4583,Arrest,2026-10-21,Bengaluru Rural
2872,3309,4588,Arrest,2024-07-07,Yadgir
2873,3310,4589,Arrest,2023-02-10,Mandya
2874,3310,4590,Arrest,2023-02-03,Mandya
2875,3312,4592,Arrest,2024-03-09,Bidar
2876,3312,4593,Arrest,2024-04-04,Bidar
2877,3313,4594,Arrest,2026-12-03,Ramanagara
2878,3314,4595,Surrender,2023-02-18,Belagavi
2879,3315,4596,Arrest,2023-03-15,Hassan
2880,3315,4597,Arrest,2023-04-07,Hassan
2881,3317,4599,Arrest,2025-08-21,Davanagere
2882,3318,4600,Arrest,2025-01-08,Udupi
2883,3319,4601,Arrest,2024-10-31,Davanagere
2884,3320,4602,Arrest,2025-07-23,Chikkamagaluru
2885,3320,4603,Arrest,2025-07-04,Chikkamagaluru
2886,3321,4604,Arrest,2026-08-27,Koppal
2887,3323,4606,Surrender,2024-06-01,Koppal
2888,3330,4613,Arrest,2025-12-31,Tumakuru
2889,3333,4616,Arrest,2024-04-16,Hassan
2890,3334,4618,Arrest,2022-05-25,Mysuru
2891,3335,4619,Arrest,2022-12-24,Mangaluru (Dakshina Kannada)
2892,3337,4622,Arrest,2026-08-21,Ramanagara
2893,3339,4623,Arrest,2025-09-06,Bengaluru Rural
2894,3339,4624,Surrender,2025-09-05,Bengaluru Rural
2895,3339,4625,Arrest,2025-09-25,Bengaluru Rural
2896,3341,4628,Surrender,2026-01-06,Koppal
2897,3344,4632,Arrest,2024-06-24,Udupi
2898,3346,4634,Arrest,2023-04-25,Gadag
2899,3348,4637,Arrest,2026-08-10,Bidar
2900,3350,4640,Arrest,2022-07-21,Hassan
2901,3351,4641,Arrest,2026-04-02,Bengaluru Rural
2902,3351,4643,Arrest,2026-03-10,Bengaluru Rural
2903,3352,4644,Arrest,2026-03-12,Mandya
2904,3353,4645,Arrest,2024-12-17,Kolar
2905,3353,4646,Arrest,2025-01-02,Kolar
2906,3356,4649,Arrest,2025-09-04,Chamarajanagar
2907,3357,4650,Surrender,2023-02-13,Bengaluru Rural
2908,3358,4651,Arrest,2026-01-19,Hubballi-Dharwad
2909,3359,4652,Arrest,2023-07-14,Mangaluru (Dakshina Kannada)
2910,3359,4653,Arrest,2023-06-23,Mangaluru (Dakshina Kannada)
2911,3361,4655,Arrest,2023-07-14,Raichur
2912,3364,4659,Arrest,2023-08-09,Bengaluru City
2913,3365,4660,Arrest,2026-03-13,Ramanagara
2914,3365,4661,Arrest,2026-04-08,Ramanagara
2915,3367,4663,Arrest,2022-04-30,Raichur
2916,3367,4664,Arrest,2022-05-05,Raichur
2917,3368,4666,Arrest,2025-12-03,Kolar
2918,3368,4667,Arrest,2025-11-30,Kolar
2919,3369,4668,Arrest,2022-02-26,Tumakuru
2920,3371,4673,Arrest,2023-09-07,Davanagere
2921,3372,4674,Arrest,2022-12-10,Ramanagara
2922,3372,4676,Arrest,2022-12-15,Ramanagara
2923,3375,4679,Arrest,2023-02-07,Koppal
2924,3375,4680,Arrest,2023-03-11,Koppal
2925,3376,4681,Arrest,2023-10-05,Kodagu
2926,3377,4682,Arrest,2022-05-04,Yadgir
2927,3379,4684,Arrest,2027-01-30,Bengaluru Rural
2928,3380,4685,Arrest,2023-02-13,Hubballi-Dharwad
2929,3381,4686,Arrest,2022-11-15,Kalaburagi
2930,3382,4687,Arrest,2026-08-13,Ballari
2931,3382,4688,Arrest,2026-08-30,Ballari
2932,3382,4689,Surrender,2026-08-28,Ballari
2933,3383,4690,Arrest,2025-12-06,Belagavi
2934,3384,4691,Surrender,2022-06-26,Yadgir
2935,3384,4693,Arrest,2022-07-18,Yadgir
2936,3388,4696,Arrest,2023-02-24,Bengaluru Rural
2937,3389,4697,Arrest,2025-09-12,Bengaluru Rural
2938,3389,4698,Surrender,2025-09-19,Bengaluru Rural
2939,3392,4702,Arrest,2022-08-02,Ballari
2940,3392,4703,Arrest,2022-08-05,Ballari
2941,3393,4704,Arrest,2024-06-03,Hubballi-Dharwad
2942,3393,4705,Arrest,2024-06-19,Hubballi-Dharwad
2943,3395,4707,Arrest,2024-04-26,Mandya
2944,3397,4709,Arrest,2025-12-02,Chikkamagaluru
2945,3398,4711,Arrest,2026-04-10,Udupi
2946,3399,4712,Arrest,2026-07-18,Bidar
2947,3407,4719,Surrender,2023-08-09,Davanagere
2948,3407,4720,Arrest,2023-08-09,Davanagere
2949,3408,4721,Surrender,2022-01-26,Raichur
2950,3409,4722,Arrest,2025-08-10,Ballari
2951,3411,4724,Arrest,2025-07-04,Hubballi-Dharwad
2952,3411,4725,Arrest,2025-07-14,Hubballi-Dharwad
2953,3412,4726,Surrender,2023-01-28,Hassan
2954,3414,4727,Arrest,2025-02-02,Ballari
2955,3414,4728,Arrest,2025-01-26,Ballari
2956,3415,4730,Arrest,2026-12-25,Belagavi
2957,3416,4731,Arrest,2025-10-19,Hassan
2958,3418,4733,Arrest,2024-02-17,Kodagu
2959,3420,4736,Surrender,2022-11-19,Bidar
2960,3421,4738,Arrest,2023-04-01,Belagavi
2961,3421,4739,Arrest,2023-03-25,Belagavi
2962,3422,4740,Surrender,2024-07-02,Davanagere
2963,3423,4742,Arrest,2022-08-09,Tumakuru
2964,3424,4744,Arrest,2024-05-17,Udupi
2965,3427,4747,Surrender,2024-08-13,Bagalkot
2966,3430,4749,Arrest,2023-03-26,Mysuru
2967,3431,4750,Arrest,2025-06-17,Chamarajanagar
2968,3432,4751,Arrest,2022-03-08,Ballari
2969,3435,4754,Arrest,2026-02-23,Davanagere
2970,3436,4756,Arrest,2024-05-24,Tumakuru
2971,3439,4760,Arrest,2023-09-01,Bidar
2972,3440,4762,Arrest,2022-11-15,Bengaluru Rural
2973,3441,4763,Arrest,2024-09-18,Raichur
2974,3442,4764,Arrest,2024-06-05,Bengaluru City
2975,3442,4765,Arrest,2024-05-25,Bengaluru City
2976,3443,4766,Arrest,2025-11-11,Hassan
2977,3444,4768,Surrender,2024-11-25,Ballari
2978,3445,4770,Surrender,2026-06-09,Shivamogga
2979,3446,4771,Arrest,2024-07-31,Belagavi
2980,3446,4772,Arrest,2024-07-14,Belagavi
2981,3446,4773,Arrest,2024-07-23,Belagavi
2982,3448,4774,Arrest,2026-12-15,Raichur
2983,3449,4775,Surrender,2024-08-30,Bengaluru Rural
2984,3454,4780,Surrender,2024-08-25,Kodagu
2985,3454,4781,Surrender,2024-08-04,Kodagu
2986,3455,4782,Arrest,2026-10-10,Belagavi
2987,3456,4783,Arrest,2026-10-19,Bengaluru City
2988,3457,4784,Surrender,2023-08-26,Bengaluru Rural
2989,3459,4786,Arrest,2025-06-04,Bidar
2990,3460,4787,Arrest,2023-07-26,Mangaluru (Dakshina Kannada)
2991,3462,4791,Surrender,2023-03-19,Bengaluru Rural
2992,3462,4792,Arrest,2023-03-04,Bengaluru Rural
2993,3463,4793,Surrender,2023-04-12,Ballari
2994,3464,4795,Arrest,2024-03-27,Hassan
2995,3466,4798,Arrest,2022-02-20,Bengaluru Rural
2996,3467,4800,Arrest,2025-09-15,Mangaluru (Dakshina Kannada)
2997,3469,4803,Arrest,2022-05-14,Hubballi-Dharwad
2998,3471,4805,Surrender,2022-09-07,Ballari
2999,3473,4807,Arrest,2023-03-05,Mysuru
3000,3473,4808,Surrender,2023-02-22,Mysuru
3001,3475,4809,Arrest,2022-01-05,Ballari
3002,3476,4811,Arrest,2026-07-25,Tumakuru
3003,3477,4812,Arrest,2025-11-14,Belagavi
3004,3478,4813,Arrest,2023-07-14,Mangaluru (Dakshina Kannada)
3005,3479,4814,Surrender,2022-11-06,Udupi
3006,3479,4816,Surrender,2022-10-19,Udupi
3007,3480,4818,Arrest,2024-10-21,Belagavi
3008,3482,4821,Surrender,2026-04-02,Davanagere
3009,3482,4822,Surrender,2026-03-26,Davanagere
3010,3483,4823,Arrest,2023-02-10,Mangaluru (Dakshina Kannada)
3011,3487,4825,Arrest,2022-03-14,Ramanagara
3012,3487,4826,Arrest,2022-02-18,Ramanagara
3013,3488,4827,Arrest,2023-03-14,Bengaluru City
3014,3490,4828,Arrest,2024-10-08,Mandya
3015,3490,4829,Arrest,2024-10-06,Mandya
3016,3491,4830,Arrest,2024-10-12,Bagalkot
3017,3492,4831,Arrest,2026-09-24,Koppal
3018,3494,4832,Arrest,2026-08-05,Udupi
3019,3494,4833,Surrender,2026-08-20,Udupi
3020,3494,4834,Arrest,2026-08-13,Udupi
3021,3496,4835,Surrender,2023-09-20,Belagavi
3022,3498,4837,Arrest,2026-08-23,Bengaluru City
3023,3501,4841,Arrest,2026-03-03,Mandya
3024,3502,4842,Arrest,2025-10-12,Tumakuru
3025,3502,4843,Arrest,2025-10-06,Tumakuru
3026,3503,4844,Arrest,2025-01-10,Bengaluru Rural
3027,3503,4845,Arrest,2025-01-27,Bengaluru Rural
3028,3504,4846,Arrest,2023-10-02,Belagavi
3029,3507,4848,Surrender,2022-12-02,Davanagere
3030,3508,4849,Arrest,2026-05-31,Hubballi-Dharwad
3031,3509,4850,Arrest,2025-12-01,Mangaluru (Dakshina Kannada)
3032,3509,4851,Surrender,2025-12-20,Mangaluru (Dakshina Kannada)
3033,3510,4852,Surrender,2026-11-21,Chamarajanagar
3034,3511,4854,Arrest,2026-08-04,Hubballi-Dharwad
3035,3512,4855,Surrender,2026-08-10,Chamarajanagar
3036,3513,4856,Arrest,2025-02-02,Mysuru
3037,3514,4857,Arrest,2023-12-30,Mangaluru (Dakshina Kannada)
3038,3516,4859,Arrest,2025-01-16,Bengaluru City
3039,3517,4860,Surrender,2022-11-20,Bidar
3040,3518,4862,Surrender,2024-02-12,Belagavi
3041,3519,4865,Arrest,2024-05-28,Kodagu
3042,3520,4866,Arrest,2024-11-27,Bengaluru Rural
3043,3521,4867,Arrest,2022-04-09,Tumakuru
3044,3522,4869,Arrest,2022-03-23,Chamarajanagar
3045,3524,4872,Arrest,2022-07-02,Bengaluru Rural
3046,3527,4877,Arrest,2025-10-12,Udupi
3047,3528,4878,Arrest,2024-02-18,Bengaluru City
3048,3529,4879,Arrest,2022-09-29,Mysuru
3049,3530,4880,Arrest,2023-08-10,Bengaluru City
3050,3530,4882,Arrest,2023-08-08,Bengaluru City
3051,3531,4883,Arrest,2024-07-02,Bengaluru City
3052,3532,4885,Arrest,2025-08-10,Haveri
3053,3532,4886,Arrest,2025-08-27,Haveri
3054,3533,4887,Surrender,2024-12-28,Bidar
3055,3534,4889,Arrest,2026-05-19,Kodagu
3056,3535,4890,Arrest,2024-05-11,Ramanagara
3057,3537,4892,Arrest,2026-12-19,Bagalkot
3058,3537,4894,Arrest,2026-11-20,Bagalkot
3059,3540,4896,Arrest,2026-01-22,Koppal
3060,3541,4897,Surrender,2025-08-01,Mangaluru (Dakshina Kannada)
3061,3543,4899,Arrest,2026-02-08,Kodagu
3062,3543,4900,Surrender,2026-02-09,Kodagu
3063,3545,4903,Arrest,2026-01-03,Yadgir
3064,3548,4905,Arrest,2026-09-20,Ballari
3065,3550,4908,Surrender,2025-06-16,Raichur
3066,3550,4909,Arrest,2025-06-25,Raichur
3067,3551,4910,Arrest,2026-09-09,Uttara Kannada
3068,3552,4912,Arrest,2024-02-06,Hassan
3069,3552,4913,Arrest,2024-01-04,Hassan
3070,3553,4914,Surrender,2024-08-02,Mysuru
3071,3553,4916,Arrest,2024-08-28,Mysuru
3072,3554,4917,Arrest,2026-05-25,Bengaluru Rural
3073,3555,4920,Arrest,2022-07-04,Vijayapura
3074,3556,4922,Arrest,2026-01-17,Raichur
3075,3557,4923,Arrest,2024-02-21,Bengaluru City
3076,3559,4924,Surrender,2025-09-08,Bengaluru City
3077,3560,4925,Surrender,2026-10-14,Mangaluru (Dakshina Kannada)
3078,3560,4926,Arrest,2026-09-06,Mangaluru (Dakshina Kannada)
3079,3560,4927,Surrender,2026-10-06,Mangaluru (Dakshina Kannada)
3080,3561,4928,Arrest,2026-04-13,Hassan
3081,3566,4934,Arrest,2024-03-08,Bengaluru Rural
3082,3566,4935,Arrest,2024-04-01,Bengaluru Rural
3083,3567,4937,Arrest,2024-05-09,Yadgir
3084,3568,4939,Arrest,2024-07-01,Hubballi-Dharwad
3085,3569,4940,Arrest,2026-04-25,Belagavi
3086,3569,4941,Arrest,2026-05-25,Belagavi
3087,3570,4942,Surrender,2024-10-08,Mangaluru (Dakshina Kannada)
3088,3570,4943,Arrest,2024-11-19,Mangaluru (Dakshina Kannada)
3089,3571,4944,Surrender,2022-07-20,Kolar
3090,3572,4945,Surrender,2025-03-24,Haveri
3091,3572,4946,Arrest,2025-04-09,Haveri
3092,3573,4947,Surrender,2024-12-13,Davanagere
3093,3574,4950,Surrender,2022-10-30,Bengaluru Rural
3094,3575,4951,Arrest,2026-01-19,Mangaluru (Dakshina Kannada)
3095,3577,4954,Arrest,2024-07-31,Bengaluru Rural
3096,3577,4955,Surrender,2024-08-27,Bengaluru Rural
3097,3578,4956,Arrest,2026-03-14,Mangaluru (Dakshina Kannada)
3098,3579,4958,Arrest,2025-03-14,Chikkamagaluru
3099,3580,4959,Surrender,2026-05-11,Bengaluru Rural
3100,3582,4960,Arrest,2025-12-20,Udupi
3101,3584,4961,Arrest,2025-05-28,Bidar
3102,3585,4962,Arrest,2024-06-01,Kodagu
3103,3588,4966,Arrest,2023-01-22,Hassan
3104,3589,4967,Arrest,2023-04-26,Tumakuru
3105,3590,4968,Arrest,2025-03-27,Davanagere
3106,3590,4969,Arrest,2025-04-08,Davanagere
3107,3591,4971,Arrest,2022-12-02,Raichur
3108,3591,4972,Arrest,2022-11-15,Raichur
3109,3592,4973,Arrest,2025-12-14,Belagavi
3110,3593,4974,Surrender,2026-07-28,Belagavi
3111,3594,4975,Arrest,2024-10-30,Ballari
3112,3595,4978,Arrest,2024-09-27,Mangaluru (Dakshina Kannada)
3113,3596,4979,Arrest,2026-08-12,Bidar
3114,3599,4981,Arrest,2024-07-06,Belagavi
3115,3600,4982,Arrest,2026-07-21,Ramanagara
3116,3602,4984,Arrest,2025-05-02,Bengaluru City
3117,3603,4985,Arrest,2025-03-02,Bidar
3118,3603,4986,Arrest,2025-02-20,Bidar
3119,3605,4988,Arrest,2025-10-17,Kolar
3120,3606,4990,Surrender,2023-05-30,Mysuru
3121,3608,4993,Arrest,2023-02-13,Chikkamagaluru
3122,3608,4994,Arrest,2023-01-30,Chikkamagaluru
3123,3609,4995,Arrest,2022-01-19,Bagalkot
3124,3609,4996,Surrender,2022-02-22,Bagalkot
3125,3610,4997,Surrender,2022-03-14,Uttara Kannada
3126,3611,4998,Arrest,2023-12-24,Bengaluru Rural
3127,3611,4999,Arrest,2023-12-21,Bengaluru Rural
3128,3613,5001,Arrest,2025-09-24,Davanagere
3129,3613,5002,Surrender,2025-10-20,Davanagere
3130,3614,5003,Arrest,2025-01-03,Belagavi
3131,3615,5005,Surrender,2024-08-18,Kalaburagi
3132,3617,5008,Arrest,2025-01-18,Hassan
3133,3618,5009,Arrest,2022-12-26,Kodagu
3134,3619,5011,Arrest,2025-05-22,Vijayapura
3135,3620,5012,Surrender,2024-11-28,Hubballi-Dharwad
3136,3625,5016,Arrest,2026-04-19,Belagavi
3137,3625,5017,Surrender,2026-04-04,Belagavi
3138,3626,5019,Surrender,2022-12-11,Haveri
3139,3626,5020,Arrest,2022-12-14,Haveri
3140,3627,5021,Arrest,2024-09-10,Chamarajanagar
3141,3629,5022,Arrest,2026-12-20,Mysuru
3142,3629,5023,Arrest,2027-01-02,Mysuru
3143,3630,5024,Arrest,2023-12-18,Udupi
3144,3630,5025,Surrender,2023-12-17,Udupi
3145,3631,5027,Surrender,2026-06-18,Bengaluru City
3146,3632,5028,Surrender,2023-12-11,Vijayapura
3147,3632,5029,Arrest,2023-12-06,Vijayapura
3148,3633,5030,Arrest,2026-05-11,Hubballi-Dharwad
3149,3634,5031,Arrest,2023-05-10,Kolar
3150,3634,5032,Arrest,2023-04-15,Kolar
3151,3637,5035,Arrest,2026-08-23,Hassan
3152,3637,5036,Surrender,2026-07-29,Hassan
3153,3637,5037,Arrest,2026-08-11,Hassan
3154,3638,5038,Arrest,2027-01-23,Chamarajanagar
3155,3639,5039,Surrender,2022-09-22,Davanagere
3156,3640,5041,Arrest,2024-08-28,Gadag
3157,3642,5044,Arrest,2026-06-21,Haveri
3158,3643,5047,Arrest,2026-10-28,Belagavi
3159,3645,5050,Arrest,2026-07-25,Kodagu
3160,3645,5051,Arrest,2026-07-04,Kodagu
3161,3648,5053,Arrest,2022-05-25,Davanagere
3162,3649,5054,Surrender,2025-03-10,Bidar
3163,3650,5055,Arrest,2025-01-08,Bengaluru City
3164,3651,5056,Arrest,2025-05-15,Belagavi
3165,3651,5057,Surrender,2025-05-24,Belagavi
3166,3652,5058,Arrest,2026-05-22,Chamarajanagar
3167,3652,5059,Arrest,2026-05-19,Chamarajanagar
3168,3653,5060,Arrest,2026-08-16,Shivamogga
3169,3654,5061,Arrest,2022-12-26,Hubballi-Dharwad
3170,3656,5063,Arrest,2026-09-16,Vijayapura
3171,3657,5064,Arrest,2025-07-19,Kodagu
3172,3657,5065,Surrender,2025-08-22,Kodagu
3173,3658,5066,Surrender,2025-08-04,Udupi
3174,3658,5067,Arrest,2025-09-01,Udupi
3175,3659,5068,Arrest,2024-06-20,Belagavi
3176,3660,5069,Arrest,2023-08-28,Kolar
3177,3660,5070,Surrender,2023-09-08,Kolar
3178,3661,5071,Arrest,2023-11-18,Mysuru
3179,3662,5072,Arrest,2025-01-22,Belagavi
3180,3663,5073,Arrest,2024-07-28,Bengaluru City
3181,3663,5074,Surrender,2024-08-12,Bengaluru City
3182,3664,5075,Arrest,2023-05-31,Belagavi
3183,3665,5077,Arrest,2022-07-12,Kolar
3184,3667,5079,Surrender,2025-04-25,Davanagere
3185,3668,5080,Surrender,2023-03-02,Mangaluru (Dakshina Kannada)
3186,3669,5081,Arrest,2024-01-30,Mysuru
3187,3669,5082,Arrest,2023-12-23,Mysuru
3188,3670,5083,Arrest,2024-08-14,Bengaluru Rural
3189,3671,5084,Arrest,2022-06-05,Bengaluru Rural
3190,3671,5085,Arrest,2022-06-26,Bengaluru Rural
3191,3672,5086,Arrest,2025-01-08,Bengaluru City
3192,3673,5087,Arrest,2026-02-02,Kodagu
3193,3674,5088,Arrest,2026-12-11,Davanagere
3194,3675,5090,Arrest,2026-09-26,Udupi
3195,3675,5091,Arrest,2026-09-16,Udupi
3196,3675,5092,Surrender,2026-09-22,Udupi
3197,3676,5093,Arrest,2024-04-12,Chamarajanagar
3198,3676,5094,Surrender,2024-03-16,Chamarajanagar
3199,3677,5095,Arrest,2025-01-15,Kolar
3200,3681,5099,Arrest,2023-03-30,Belagavi
3201,3681,5100,Arrest,2023-04-22,Belagavi
3202,3684,5105,Arrest,2024-11-02,Mysuru
3203,3685,5106,Arrest,2025-10-01,Hassan
3204,3686,5108,Surrender,2025-02-24,Ballari
3205,3688,5109,Arrest,2025-10-10,Kodagu
3206,3689,5111,Surrender,2026-02-12,Udupi
3207,3689,5112,Arrest,2026-01-31,Udupi
3208,3690,5113,Arrest,2026-06-04,Belagavi
3209,3691,5114,Arrest,2027-01-22,Belagavi
3210,3691,5116,Surrender,2027-01-07,Belagavi
3211,3693,5119,Arrest,2022-03-10,Chikkamagaluru
3212,3693,5120,Arrest,2022-02-26,Chikkamagaluru
3213,3694,5121,Arrest,2026-01-11,Bidar
3214,3695,5122,Arrest,2025-08-25,Belagavi
3215,3695,5123,Arrest,2025-08-15,Belagavi
3216,3700,5128,Surrender,2026-10-16,Kodagu
3217,3703,5129,Arrest,2023-10-09,Chamarajanagar
3218,3705,5132,Arrest,2026-04-26,Vijayapura
3219,3705,5133,Arrest,2026-04-28,Vijayapura
3220,3705,5134,Arrest,2026-05-10,Vijayapura
3221,3706,5135,Arrest,2024-11-05,Udupi
3222,3706,5136,Arrest,2024-10-27,Udupi
3223,3707,5137,Arrest,2025-07-12,Hubballi-Dharwad
3224,3709,5140,Arrest,2025-08-03,Kodagu
3225,3709,5141,Surrender,2025-07-22,Kodagu
3226,3712,5143,Surrender,2025-05-04,Belagavi
3227,3713,5144,Arrest,2023-04-19,Bengaluru City
3228,3714,5145,Arrest,2026-09-18,Mysuru
3229,3715,5146,Arrest,2024-10-11,Davanagere
3230,3716,5147,Arrest,2022-10-24,Mysuru
3231,3718,5149,Surrender,2023-11-15,Hubballi-Dharwad
3232,3718,5150,Arrest,2023-11-14,Hubballi-Dharwad
3233,3719,5154,Arrest,2025-10-05,Ramanagara
3234,3721,5156,Surrender,2025-09-20,Hubballi-Dharwad
3235,3725,5158,Surrender,2022-08-28,Bengaluru City
3236,3726,5159,Arrest,2026-10-30,Gadag
3237,3727,5160,Arrest,2026-11-04,Hubballi-Dharwad
3238,3727,5161,Arrest,2026-10-04,Hubballi-Dharwad
3239,3729,5163,Arrest,2026-10-05,Tumakuru
3240,3730,5166,Arrest,2026-08-16,Tumakuru
3241,3731,5167,Arrest,2023-06-29,Uttara Kannada
3242,3734,5171,Arrest,2024-03-02,Bengaluru Rural
3243,3735,5173,Arrest,2024-01-22,Ballari
3244,3737,5175,Arrest,2023-10-24,Bengaluru City
3245,3738,5176,Surrender,2025-07-31,Mangaluru (Dakshina Kannada)
3246,3738,5178,Arrest,2025-07-17,Mangaluru (Dakshina Kannada)
3247,3739,5179,Arrest,2026-11-13,Hassan
3248,3740,5180,Arrest,2025-07-28,Yadgir
3249,3743,5185,Arrest,2023-12-29,Mysuru
3250,3745,5188,Surrender,2024-07-29,Kalaburagi
3251,3747,5190,Arrest,2026-01-04,Bengaluru Rural
3252,3748,5191,Surrender,2026-08-18,Ramanagara
3253,3752,5194,Arrest,2025-01-15,Mysuru
3254,3753,5195,Arrest,2023-01-04,Davanagere
3255,3753,5196,Arrest,2023-01-25,Davanagere
3256,3754,5197,Arrest,2023-02-27,Hassan
3257,3754,5198,Surrender,2023-02-19,Hassan
3258,3754,5199,Arrest,2023-03-17,Hassan
3259,3755,5200,Arrest,2026-08-22,Mangaluru (Dakshina Kannada)
3260,3757,5201,Arrest,2023-10-04,Mangaluru (Dakshina Kannada)
3261,3757,5202,Arrest,2023-09-23,Mangaluru (Dakshina Kannada)
3262,3757,5203,Arrest,2023-10-10,Mangaluru (Dakshina Kannada)
3263,3758,5205,Arrest,2024-09-17,Shivamogga
3264,3760,5207,Arrest,2025-02-26,Bidar
3265,3761,5208,Arrest,2025-12-01,Bengaluru Rural
3266,3762,5210,Arrest,2024-06-22,Hubballi-Dharwad
3267,3763,5211,Arrest,2025-04-17,Bengaluru Rural
3268,3765,5213,Arrest,2023-07-04,Raichur
3269,3766,5214,Arrest,2023-02-22,Bengaluru Rural
3270,3767,5216,Arrest,2025-04-28,Udupi
3271,3767,5217,Arrest,2025-05-09,Udupi
3272,3769,5218,Arrest,2026-02-07,Belagavi
3273,3770,5219,Arrest,2026-03-23,Chamarajanagar
3274,3773,5223,Arrest,2023-05-20,Kalaburagi
3275,3774,5224,Arrest,2026-10-19,Kolar
3276,3775,5225,Arrest,2023-12-10,Ramanagara
3277,3775,5226,Arrest,2024-01-02,Ramanagara
3278,3775,5227,Surrender,2024-01-09,Ramanagara
3279,3777,5229,Arrest,2025-02-01,Belagavi
3280,3778,5230,Surrender,2026-02-21,Bagalkot
3281,3779,5231,Arrest,2024-10-26,Hubballi-Dharwad
3282,3780,5234,Arrest,2024-09-27,Bengaluru Rural
3283,3781,5236,Arrest,2025-03-25,Yadgir
3284,3784,5238,Arrest,2025-08-05,Ramanagara
3285,3785,5239,Arrest,2023-04-23,Bengaluru Rural
3286,3786,5240,Arrest,2025-04-28,Mysuru
3287,3788,5242,Arrest,2025-06-19,Ramanagara
3288,3790,5244,Arrest,2022-06-23,Yadgir
3289,3790,5245,Arrest,2022-05-25,Yadgir
3290,3793,5246,Arrest,2026-07-29,Bengaluru Rural
3291,3795,5248,Arrest,2023-06-14,Yadgir
3292,3795,5249,Arrest,2023-06-16,Yadgir
3293,3796,5250,Arrest,2026-08-20,Ballari
3294,3797,5251,Arrest,2025-07-25,Kalaburagi
3295,3798,5253,Arrest,2026-09-16,Bengaluru Rural
3296,3799,5255,Arrest,2023-07-20,Hubballi-Dharwad
3297,3799,5256,Surrender,2023-08-01,Hubballi-Dharwad
3298,3800,5257,Arrest,2024-06-16,Bidar
3299,3802,5258,Arrest,2024-10-31,Mysuru
3300,3802,5259,Arrest,2024-11-05,Mysuru
3301,3803,5261,Arrest,2026-12-03,Tumakuru
3302,3804,5262,Arrest,2023-10-15,Yadgir
3303,3804,5263,Surrender,2023-11-15,Yadgir
3304,3805,5264,Arrest,2022-11-30,Haveri
3305,3806,5265,Arrest,2024-02-21,Bengaluru City
3306,3807,5268,Arrest,2024-09-05,Mandya
3307,3809,5271,Arrest,2022-06-18,Bagalkot
3308,3809,5272,Arrest,2022-06-02,Bagalkot
3309,3810,5273,Arrest,2024-01-24,Chamarajanagar
3310,3812,5275,Arrest,2022-05-19,Tumakuru
3311,3813,5277,Surrender,2026-07-31,Mangaluru (Dakshina Kannada)
3312,3815,5279,Arrest,2022-10-08,Davanagere
3313,3815,5280,Arrest,2022-09-22,Davanagere
3314,3817,5283,Arrest,2026-12-11,Hassan
3315,3818,5286,Arrest,2023-12-03,Hubballi-Dharwad
3316,3820,5288,Arrest,2024-01-02,Mysuru
3317,3821,5289,Arrest,2026-06-21,Bagalkot
3318,3822,5291,Arrest,2023-11-11,Vijayapura
3319,3823,5293,Arrest,2023-03-02,Mangaluru (Dakshina Kannada)
3320,3823,5294,Arrest,2023-03-30,Mangaluru (Dakshina Kannada)
3321,3823,5295,Arrest,2023-02-25,Mangaluru (Dakshina Kannada)
3322,3824,5296,Surrender,2027-01-20,Mangaluru (Dakshina Kannada)
3323,3825,5297,Arrest,2023-11-27,Tumakuru
3324,3826,5298,Surrender,2022-11-25,Yadgir
3325,3826,5299,Surrender,2022-11-09,Yadgir
3326,3827,5300,Arrest,2025-03-06,Davanagere
3327,3828,5302,Arrest,2024-03-04,Bengaluru City
3328,3829,5303,Arrest,2023-10-24,Bengaluru City
3329,3830,5304,Arrest,2023-01-16,Bengaluru Rural
3330,3832,5305,Arrest,2026-01-30,Chitradurga
3331,3835,5307,Surrender,2024-06-03,Haveri
3332,3836,5308,Arrest,2025-10-08,Bengaluru Rural
3333,3838,5312,Arrest,2025-01-24,Koppal
3334,3840,5313,Arrest,2022-10-20,Kodagu
3335,3840,5314,Arrest,2022-10-13,Kodagu
3336,3841,5315,Arrest,2022-07-21,Chamarajanagar
3337,3842,5316,Arrest,2024-01-25,Kolar
3338,3843,5317,Surrender,2025-08-24,Davanagere
3339,3844,5318,Arrest,2023-03-01,Bengaluru Rural
3340,3844,5320,Arrest,2023-03-08,Bengaluru Rural
3341,3845,5321,Arrest,2023-09-28,Chamarajanagar
3342,3847,5323,Arrest,2024-08-11,Kodagu
3343,3848,5325,Surrender,2026-08-28,Chitradurga
3344,3850,5329,Surrender,2025-01-11,Belagavi
3345,3852,5330,Arrest,2023-03-03,Udupi
3346,3853,5331,Arrest,2025-02-17,Tumakuru
3347,3854,5332,Arrest,2023-04-05,Mysuru
3348,3855,5334,Arrest,2026-09-06,Gadag
3349,3856,5336,Surrender,2022-05-24,Davanagere
3350,3857,5337,Arrest,2022-12-28,Bengaluru City
3351,3863,5343,Arrest,2022-03-25,Mysuru
3352,3863,5344,Arrest,2022-04-15,Mysuru
3353,3865,5346,Arrest,2024-07-29,Hassan
3354,3867,5347,Arrest,2026-05-30,Chamarajanagar
3355,3869,5349,Arrest,2025-11-21,Raichur
3356,3870,5350,Surrender,2026-09-28,Bagalkot
3357,3871,5352,Arrest,2022-03-15,Davanagere
3358,3872,5353,Arrest,2024-10-17,Raichur
3359,3873,5354,Surrender,2025-09-03,Belagavi
3360,3874,5355,Arrest,2026-01-27,Davanagere
3361,3875,5356,Arrest,2026-10-29,Bidar
3362,3875,5357,Arrest,2026-11-17,Bidar
3363,3876,5358,Arrest,2022-11-11,Mangaluru (Dakshina Kannada)
3364,3877,5359,Arrest,2027-01-12,Mysuru
3365,3877,5360,Arrest,2027-01-18,Mysuru
3366,3878,5361,Surrender,2024-03-08,Udupi
3367,3880,5363,Arrest,2026-06-03,Bengaluru City
3368,3881,5364,Arrest,2025-01-14,Gadag
3369,3882,5365,Arrest,2023-04-05,Tumakuru
3370,3883,5366,Arrest,2023-05-19,Hassan
3371,3883,5367,Arrest,2023-05-07,Hassan
3372,3884,5369,Arrest,2026-12-27,Kolar
3373,3885,5370,Arrest,2026-06-16,Kalaburagi
3374,3885,5371,Arrest,2026-05-21,Kalaburagi
3375,3889,5374,Arrest,2023-06-18,Bidar
3376,3889,5375,Arrest,2023-06-26,Bidar
3377,3889,5376,Arrest,2023-07-15,Bidar
3378,3890,5377,Arrest,2022-01-25,Chamarajanagar
3379,3893,5381,Arrest,2023-02-23,Hassan
3380,3894,5382,Arrest,2024-05-25,Mangaluru (Dakshina Kannada)
3381,3894,5383,Arrest,2024-06-20,Mangaluru (Dakshina Kannada)
3382,3895,5386,Arrest,2024-02-05,Belagavi
3383,3896,5387,Arrest,2026-01-01,Belagavi
3384,3897,5389,Arrest,2025-04-04,Hubballi-Dharwad
3385,3898,5391,Surrender,2024-06-23,Mangaluru (Dakshina Kannada)
3386,3899,5393,Arrest,2024-05-04,Kodagu
3387,3901,5396,Arrest,2023-07-03,Tumakuru
3388,3901,5397,Arrest,2023-07-05,Tumakuru
3389,3902,5398,Arrest,2022-06-11,Mandya
3390,3904,5400,Arrest,2023-06-12,Hubballi-Dharwad
3391,3904,5401,Arrest,2023-07-01,Hubballi-Dharwad
3392,3910,5407,Arrest,2023-08-29,Bengaluru Rural
3393,3913,5410,Arrest,2026-05-03,Bengaluru City
3394,3914,5411,Arrest,2024-03-11,Mysuru
3395,3915,5412,Surrender,2025-08-10,Kalaburagi
3396,3916,5413,Arrest,2022-07-17,Belagavi
3397,3916,5414,Arrest,2022-07-13,Belagavi
3398,3917,5416,Arrest,2023-07-23,Kodagu
3399,3919,5418,Arrest,2022-12-27,Belagavi
3400,3920,5420,Arrest,2026-11-30,Bengaluru Rural
3401,3924,5425,Surrender,2026-11-18,Kolar
3402,3925,5426,Arrest,2026-09-12,Bengaluru Rural
3403,3925,5427,Arrest,2026-10-20,Bengaluru Rural
3404,3926,5429,Arrest,2022-09-01,Belagavi
3405,3926,5430,Arrest,2022-09-10,Belagavi
3406,3927,5431,Arrest,2025-09-01,Ballari
3407,3927,5432,Arrest,2025-07-22,Ballari
3408,3927,5433,Arrest,2025-08-14,Ballari
3409,3928,5434,Surrender,2023-07-22,Hassan
3410,3929,5436,Arrest,2026-04-09,Belagavi
3411,3929,5437,Arrest,2026-04-05,Belagavi
3412,3929,5438,Arrest,2026-03-21,Belagavi
3413,3932,5441,Surrender,2023-08-01,Belagavi
3414,3933,5442,Arrest,2022-10-01,Mysuru
3415,3934,5443,Surrender,2025-07-29,Mysuru
3416,3935,5444,Arrest,2025-08-09,Ballari
3417,3936,5445,Arrest,2025-02-14,Yadgir
3418,3937,5446,Arrest,2023-01-01,Ballari
3419,3939,5449,Arrest,2022-12-23,Bengaluru Rural
3420,3940,5450,Arrest,2026-05-03,Ramanagara
3421,3940,5451,Arrest,2026-05-02,Ramanagara
3422,3940,5452,Arrest,2026-04-16,Ramanagara
3423,3941,5454,Arrest,2025-02-17,Raichur
3424,3942,5457,Arrest,2022-11-24,Raichur
3425,3944,5459,Surrender,2022-09-19,Mysuru
3426,3945,5460,Arrest,2025-04-13,Hassan
3427,3946,5461,Arrest,2022-12-12,Hassan
3428,3946,5462,Arrest,2022-12-28,Hassan
3429,3947,5463,Surrender,2026-02-12,Vijayapura
3430,3950,5467,Arrest,2026-11-30,Uttara Kannada
3431,3952,5468,Arrest,2025-08-25,Bengaluru City
3432,3954,5471,Arrest,2024-06-13,Belagavi
3433,3955,5472,Arrest,2022-03-08,Kodagu
3434,3955,5473,Arrest,2022-04-04,Kodagu
3435,3955,5474,Arrest,2022-04-08,Kodagu
3436,3956,5475,Arrest,2024-02-27,Raichur
3437,3958,5477,Arrest,2023-06-16,Mangaluru (Dakshina Kannada)
3438,3958,5478,Arrest,2023-05-12,Mangaluru (Dakshina Kannada)
3439,3959,5479,Surrender,2026-06-18,Belagavi
3440,3960,5480,Arrest,2023-03-23,Chamarajanagar
3441,3961,5481,Arrest,2024-03-20,Bengaluru Rural
3442,3962,5482,Arrest,2025-12-29,Udupi
3443,3964,5485,Arrest,2023-04-21,Bengaluru City
3444,3966,5488,Arrest,2025-08-16,Ramanagara
3445,3968,5490,Arrest,2022-06-19,Mangaluru (Dakshina Kannada)
3446,3969,5491,Arrest,2022-10-15,Bengaluru Rural
3447,3970,5492,Arrest,2022-12-27,Tumakuru
3448,3970,5493,Arrest,2023-01-28,Tumakuru
3449,3971,5494,Arrest,2023-09-22,Mandya
3450,3971,5495,Arrest,2023-10-02,Mandya
3451,3972,5496,Arrest,2025-08-05,Hubballi-Dharwad
3452,3974,5498,Arrest,2026-06-30,Ballari
3453,3975,5499,Arrest,2026-06-23,Davanagere
3454,3976,5502,Arrest,2023-01-30,Mysuru
3455,3977,5504,Arrest,2024-10-01,Belagavi
3456,3978,5505,Arrest,2025-07-12,Koppal
3457,3979,5506,Arrest,2023-08-10,Belagavi
3458,3979,5508,Arrest,2023-08-30,Belagavi
3459,3980,5509,Arrest,2022-02-15,Hubballi-Dharwad
3460,3982,5513,Surrender,2024-07-20,Raichur
3461,3982,5514,Arrest,2024-07-14,Raichur
3462,3983,5515,Arrest,2026-11-26,Chikkamagaluru
3463,3983,5516,Arrest,2026-11-28,Chikkamagaluru
3464,3984,5519,Surrender,2024-01-27,Belagavi
3465,3985,5520,Arrest,2025-10-25,Davanagere
3466,3986,5521,Arrest,2022-10-24,Belagavi
3467,3987,5522,Surrender,2026-05-23,Bengaluru Rural
3468,3987,5523,Arrest,2026-05-23,Bengaluru Rural
3469,3987,5524,Arrest,2026-05-21,Bengaluru Rural
3470,3988,5525,Surrender,2023-01-12,Mysuru
3471,3989,5526,Surrender,2025-10-15,Ramanagara
3472,3990,5527,Arrest,2026-01-13,Kolar
3473,3992,5529,Arrest,2022-03-10,Ballari
3474,3993,5530,Surrender,2024-02-01,Chikkamagaluru
3475,3994,5531,Arrest,2022-10-08,Belagavi
3476,4000,5536,Arrest,2025-11-22,Ramanagara
3477,4001,5537,Arrest,2022-02-15,Belagavi
3478,4004,5540,Arrest,2025-07-12,Chitradurga
3479,4004,5541,Surrender,2025-08-10,Chitradurga
3480,4005,5542,Surrender,2026-09-16,Mangaluru (Dakshina Kannada)
3481,4006,5543,Arrest,2027-02-02,Shivamogga
3482,4007,5545,Arrest,2025-04-14,Hubballi-Dharwad
3483,4007,5546,Arrest,2025-04-19,Hubballi-Dharwad
3484,4007,5547,Surrender,2025-04-10,Hubballi-Dharwad
3485,4008,5548,Surrender,2024-12-19,Bengaluru Rural
3486,4008,5549,Surrender,2025-01-06,Bengaluru Rural
3487,4009,5550,Arrest,2026-04-01,Chikkaballapur
3488,4010,5553,Surrender,2024-03-11,Mangaluru (Dakshina Kannada)
3489,4010,5554,Arrest,2024-03-15,Mangaluru (Dakshina Kannada)
3490,4011,5556,Arrest,2024-02-02,Belagavi
3491,4012,5557,Arrest,2026-07-06,Davanagere
3492,4015,5560,Arrest,2024-01-04,Shivamogga
3493,4016,5561,Arrest,2025-10-15,Mysuru
3494,4017,5562,Arrest,2025-12-29,Belagavi
3495,4020,5564,Arrest,2024-10-04,Haveri
3496,4020,5565,Surrender,2024-09-05,Haveri
3497,4021,5568,Arrest,2026-05-07,Bengaluru City
3498,4022,5569,Surrender,2024-11-27,Bengaluru Rural
3499,4023,5570,Surrender,2022-10-16,Shivamogga
3500,4023,5571,Arrest,2022-10-31,Shivamogga
3501,4024,5574,Arrest,2026-02-24,Mysuru
3502,4026,5576,Surrender,2023-04-26,Davanagere
3503,4033,5581,Surrender,2024-06-24,Davanagere
3504,4034,5582,Arrest,2025-08-03,Kalaburagi
3505,4035,5583,Arrest,2024-10-12,Kodagu
3506,4036,5584,Surrender,2022-02-19,Chamarajanagar
3507,4037,5585,Arrest,2026-06-13,Mangaluru (Dakshina Kannada)
3508,4037,5586,Arrest,2026-06-16,Mangaluru (Dakshina Kannada)
3509,4038,5587,Arrest,2025-12-14,Belagavi
3510,4038,5588,Arrest,2025-11-29,Belagavi
3511,4039,5589,Surrender,2022-04-08,Mangaluru (Dakshina Kannada)
3512,4040,5591,Arrest,2026-09-07,Hassan
3513,4043,5595,Arrest,2026-01-16,Udupi
3514,4044,5596,Arrest,2024-11-05,Belagavi
3515,4045,5597,Arrest,2023-07-14,Bengaluru City
3516,4045,5598,Arrest,2023-08-06,Bengaluru City
3517,4046,5599,Surrender,2025-07-19,Chamarajanagar
3518,4048,5602,Arrest,2022-09-18,Raichur
3519,4049,5605,Arrest,2024-04-09,Bengaluru City
3520,4050,5606,Arrest,2025-03-19,Ramanagara
3521,4051,5607,Arrest,2022-05-12,Chamarajanagar
3522,4052,5608,Arrest,2023-07-23,Mandya
3523,4053,5609,Arrest,2025-07-13,Bengaluru City
3524,4053,5610,Surrender,2025-07-27,Bengaluru City
3525,4053,5611,Arrest,2025-07-29,Bengaluru City
3526,4054,5612,Surrender,2026-09-06,Belagavi
3527,4055,5613,Surrender,2024-02-02,Davanagere
3528,4057,5617,Arrest,2026-05-18,Mangaluru (Dakshina Kannada)
3529,4057,5618,Arrest,2026-04-09,Mangaluru (Dakshina Kannada)
3530,4059,5620,Arrest,2025-07-29,Hassan
3531,4059,5621,Arrest,2025-08-04,Hassan
3532,4060,5623,Surrender,2024-10-21,Kodagu
3533,4061,5625,Arrest,2022-07-15,Davanagere
3534,4062,5626,Arrest,2026-10-05,Kodagu
3535,4063,5627,Surrender,2024-06-09,Udupi
3536,4063,5628,Arrest,2024-07-01,Udupi
3537,4063,5629,Arrest,2024-06-03,Udupi
3538,4065,5630,Surrender,2025-12-16,Belagavi
3539,4065,5631,Arrest,2025-12-21,Belagavi
3540,4065,5632,Arrest,2026-01-16,Belagavi
3541,4066,5633,Arrest,2024-04-25,Kalaburagi
3542,4066,5634,Arrest,2024-04-02,Kalaburagi
3543,4068,5636,Surrender,2023-06-29,Kolar
3544,4069,5637,Arrest,2024-02-28,Mysuru
3545,4070,5639,Arrest,2026-06-22,Vijayapura
3546,4072,5641,Arrest,2022-06-28,Mysuru
3547,4078,5648,Arrest,2026-06-09,Tumakuru
3548,4079,5650,Arrest,2023-04-19,Belagavi
3549,4080,5651,Arrest,2026-07-25,Davanagere
3550,4081,5653,Arrest,2025-03-21,Hubballi-Dharwad
3551,4083,5655,Arrest,2023-08-08,Mysuru
3552,4083,5656,Surrender,2023-08-29,Mysuru
3553,4084,5658,Arrest,2026-03-05,Shivamogga
3554,4085,5659,Surrender,2025-05-28,Chamarajanagar
3555,4086,5661,Arrest,2026-11-28,Bidar
3556,4087,5662,Arrest,2025-01-23,Hubballi-Dharwad
3557,4088,5663,Surrender,2026-07-06,Hubballi-Dharwad
3558,4089,5664,Arrest,2025-09-11,Kodagu
3559,4090,5665,Arrest,2022-05-20,Bengaluru Rural
3560,4091,5666,Surrender,2022-02-02,Mangaluru (Dakshina Kannada)
3561,4091,5667,Arrest,2022-01-13,Mangaluru (Dakshina Kannada)
3562,4091,5668,Arrest,2022-01-21,Mangaluru (Dakshina Kannada)
3563,4094,5671,Arrest,2023-02-14,Bengaluru City
3564,4094,5672,Arrest,2023-02-22,Bengaluru City
3565,4094,5673,Arrest,2023-02-14,Bengaluru City
3566,4095,5674,Arrest,2026-08-07,Ballari
3567,4096,5675,Arrest,2025-02-18,Kolar
3568,4097,5676,Arrest,2022-12-31,Bengaluru Rural
3569,4097,5677,Arrest,2022-11-25,Bengaluru Rural
3570,4097,5678,Surrender,2022-11-20,Bengaluru Rural
3571,4099,5680,Surrender,2022-03-18,Kodagu
3572,4100,5681,Arrest,2025-02-20,Chamarajanagar
3573,4100,5682,Arrest,2025-03-10,Chamarajanagar
3574,4101,5683,Arrest,2022-12-20,Kodagu
3575,4102,5684,Surrender,2022-07-27,Chikkamagaluru
3576,4103,5687,Arrest,2026-07-30,Bengaluru Rural
3577,4105,5689,Arrest,2022-10-16,Belagavi
3578,4105,5690,Arrest,2022-11-08,Belagavi
3579,4106,5691,Arrest,2023-11-10,Hubballi-Dharwad
3580,4107,5694,Arrest,2022-04-02,Ballari
3581,4109,5697,Arrest,2022-09-03,Koppal
3582,4110,5698,Arrest,2026-08-25,Bengaluru Rural
3583,4111,5700,Arrest,2023-07-04,Bengaluru Rural
3584,4113,5703,Arrest,2025-07-27,Bidar
3585,4114,5704,Arrest,2023-05-30,Davanagere
3586,4115,5705,Arrest,2026-05-06,Davanagere
3587,4116,5706,Arrest,2023-06-03,Belagavi
3588,4117,5707,Arrest,2024-07-10,Belagavi
3589,4120,5712,Surrender,2022-05-30,Mandya
3590,4121,5714,Arrest,2026-08-18,Chamarajanagar
3591,4123,5717,Surrender,2026-07-28,Davanagere
3592,4125,5719,Arrest,2022-03-16,Bagalkot
3593,4126,5722,Arrest,2025-03-31,Bengaluru Rural
3594,4127,5723,Arrest,2022-02-01,Tumakuru
3595,4128,5724,Arrest,2025-04-15,Mysuru
3596,4128,5725,Surrender,2025-03-25,Mysuru
3597,4130,5729,Arrest,2024-03-13,Tumakuru
3598,4131,5732,Arrest,2022-05-26,Kodagu
3599,4131,5733,Arrest,2022-05-26,Kodagu
3600,4132,5734,Surrender,2026-06-19,Mangaluru (Dakshina Kannada)
3601,4136,5736,Arrest,2025-04-08,Ballari
3602,4139,5738,Arrest,2025-08-09,Udupi
3603,4141,5740,Surrender,2022-06-17,Chamarajanagar
3604,4141,5741,Arrest,2022-05-11,Chamarajanagar
3605,4142,5742,Arrest,2024-12-25,Chamarajanagar
3606,4144,5745,Arrest,2024-09-03,Haveri
3607,4147,5748,Arrest,2022-04-18,Bengaluru City
3608,4148,5750,Arrest,2024-04-21,Chamarajanagar
3609,4152,5754,Arrest,2025-06-05,Haveri
3610,4154,5758,Surrender,2024-11-08,Bengaluru City
3611,4154,5759,Arrest,2024-11-02,Bengaluru City
3612,4155,5760,Arrest,2022-03-20,Haveri
3613,4156,5762,Arrest,2025-01-18,Bengaluru City
3614,4157,5763,Arrest,2022-10-05,Ramanagara
3615,4159,5766,Arrest,2024-07-29,Raichur
3616,4159,5767,Arrest,2024-07-18,Raichur
3617,4161,5769,Arrest,2023-05-31,Mysuru
3618,4162,5770,Arrest,2023-09-21,Mangaluru (Dakshina Kannada)
3619,4163,5771,Arrest,2026-06-18,Belagavi
3620,4164,5772,Arrest,2025-12-21,Bidar
3621,4166,5775,Arrest,2025-02-17,Hubballi-Dharwad
3622,4166,5776,Arrest,2025-01-31,Hubballi-Dharwad
3623,4169,5781,Arrest,2022-04-10,Mysuru
3624,4170,5782,Surrender,2025-01-10,Ramanagara
3625,4171,5783,Arrest,2025-12-31,Yadgir
3626,4171,5784,Arrest,2025-12-21,Yadgir
3627,4172,5785,Surrender,2025-07-29,Bengaluru City
3628,4173,5787,Surrender,2024-03-14,Udupi
3629,4176,5789,Arrest,2025-09-10,Mysuru
3630,4177,5790,Arrest,2023-09-18,Kodagu
3631,4180,5791,Arrest,2025-03-09,Bidar
3632,4180,5792,Arrest,2025-03-19,Bidar
3633,4181,5793,Arrest,2025-12-26,Mangaluru (Dakshina Kannada)
3634,4182,5794,Arrest,2023-02-23,Koppal
3635,4183,5795,Arrest,2024-07-16,Ballari
3636,4184,5797,Arrest,2026-02-06,Belagavi
3637,4185,5799,Arrest,2022-08-12,Raichur
3638,4187,5802,Arrest,2022-02-23,Bengaluru City
3639,4187,5803,Arrest,2022-03-21,Bengaluru City
3640,4189,5804,Arrest,2025-06-26,Belagavi
3641,4189,5805,Arrest,2025-06-28,Belagavi
3642,4190,5806,Arrest,2026-06-09,Bidar
3643,4192,5808,Arrest,2022-06-02,Hassan
3644,4195,5811,Arrest,2024-05-13,Hassan
3645,4196,5813,Arrest,2022-07-18,Tumakuru
3646,4197,5814,Arrest,2023-04-07,Ballari
3647,4198,5816,Arrest,2026-03-16,Bidar
3648,4199,5817,Arrest,2023-07-26,Mangaluru (Dakshina Kannada)
3649,4200,5820,Arrest,2025-09-02,Davanagere
3650,4201,5821,Surrender,2024-03-31,Mangaluru (Dakshina Kannada)
3651,4201,5822,Arrest,2024-04-08,Mangaluru (Dakshina Kannada)
3652,4201,5823,Arrest,2024-03-11,Mangaluru (Dakshina Kannada)
3653,4203,5824,Arrest,2026-07-11,Ramanagara
3654,4204,5825,Arrest,2022-09-23,Udupi
3655,4206,5828,Arrest,2025-10-06,Yadgir
3656,4208,5829,Arrest,2024-09-20,Shivamogga
3657,4208,5830,Surrender,2024-10-06,Shivamogga
3658,4212,5836,Arrest,2025-08-24,Ballari
3659,4213,5837,Arrest,2025-02-26,Chamarajanagar
3660,4215,5840,Surrender,2026-11-30,Koppal
3661,4216,5841,Arrest,2023-07-22,Bengaluru Rural
3662,4217,5842,Arrest,2024-12-08,Ramanagara
3663,4219,5847,Surrender,2026-05-29,Tumakuru
3664,4220,5849,Arrest,2022-12-27,Mysuru
3665,4220,5850,Surrender,2023-01-28,Mysuru
3666,4222,5853,Arrest,2026-01-18,Belagavi
3667,4222,5854,Arrest,2025-12-16,Belagavi
3668,4222,5855,Arrest,2026-01-13,Belagavi
3669,4223,5856,Arrest,2022-04-18,Bengaluru Rural
3670,4224,5857,Arrest,2022-03-24,Mandya
3671,4224,5858,Arrest,2022-04-14,Mandya
3672,4225,5860,Arrest,2026-04-27,Bengaluru Rural
3673,4228,5863,Surrender,2027-01-28,Bengaluru Rural
3674,4229,5864,Surrender,2023-04-01,Hubballi-Dharwad
3675,4229,5865,Arrest,2023-03-12,Hubballi-Dharwad
3676,4230,5867,Arrest,2026-09-11,Belagavi
3677,4231,5868,Arrest,2025-08-09,Udupi
3678,4231,5869,Arrest,2025-07-21,Udupi
3679,4232,5871,Arrest,2026-08-25,Udupi
3680,4232,5872,Arrest,2026-09-15,Udupi
3681,4234,5875,Arrest,2025-09-03,Udupi
3682,4236,5877,Surrender,2023-06-14,Haveri
3683,4236,5878,Arrest,2023-05-05,Haveri
3684,4236,5879,Arrest,2023-06-06,Haveri
3685,4238,5881,Arrest,2024-12-01,Bengaluru Rural
3686,4238,5882,Arrest,2024-11-30,Bengaluru Rural
3687,4240,5884,Surrender,2025-10-08,Tumakuru
3688,4242,5886,Surrender,2025-09-30,Belagavi
3689,4243,5888,Arrest,2026-04-02,Yadgir
3690,4244,5890,Arrest,2022-09-11,Davanagere
3691,4244,5891,Surrender,2022-08-11,Davanagere
3692,4247,5894,Arrest,2023-09-16,Bengaluru Rural
3693,4247,5895,Arrest,2023-10-11,Bengaluru Rural
3694,4248,5896,Arrest,2026-04-14,Belagavi
3695,4248,5897,Arrest,2026-03-26,Belagavi
3696,4248,5898,Arrest,2026-04-05,Belagavi
3697,4250,5900,Arrest,2026-08-06,Bengaluru City
3698,4251,5901,Arrest,2023-11-13,Bengaluru City
3699,4251,5902,Arrest,2023-11-23,Bengaluru City
3700,4253,5903,Arrest,2023-02-12,Yadgir
3701,4255,5905,Arrest,2024-10-09,Bengaluru Rural
3702,4256,5908,Arrest,2022-02-17,Koppal
3703,4257,5909,Arrest,2023-10-24,Ramanagara
3704,4258,5911,Arrest,2023-11-16,Kolar
3705,4258,5912,Arrest,2023-11-26,Kolar
3706,4259,5914,Surrender,2022-09-24,Shivamogga
3707,4260,5916,Arrest,2024-04-21,Chikkamagaluru
3708,4261,5917,Arrest,2025-07-10,Ballari
3709,4265,5924,Arrest,2022-09-30,Kodagu
3710,4267,5926,Arrest,2026-04-27,Hassan
3711,4268,5928,Surrender,2023-07-04,Mysuru
3712,4269,5929,Arrest,2026-04-26,Bengaluru City
3713,4270,5931,Arrest,2024-06-16,Yadgir
3714,4270,5932,Arrest,2024-06-16,Yadgir
3715,4271,5933,Arrest,2024-08-04,Mangaluru (Dakshina Kannada)
3716,4272,5934,Arrest,2023-03-29,Bidar
3717,4273,5935,Arrest,2025-07-12,Gadag
3718,4273,5936,Surrender,2025-08-21,Gadag
3719,4273,5937,Arrest,2025-08-01,Gadag
3720,4275,5938,Arrest,2026-07-02,Koppal
3721,4276,5939,Arrest,2027-02-01,Bengaluru City
3722,4276,5940,Arrest,2027-01-06,Bengaluru City
3723,4277,5941,Arrest,2025-10-02,Bagalkot
3724,4278,5942,Arrest,2023-12-18,Chamarajanagar
3725,4280,5945,Arrest,2024-04-01,Tumakuru
3726,4281,5946,Arrest,2025-01-05,Davanagere
3727,4281,5947,Arrest,2024-12-30,Davanagere
3728,4282,5948,Arrest,2026-10-14,Kalaburagi
3729,4284,5950,Arrest,2023-12-20,Mangaluru (Dakshina Kannada)
3730,4285,5951,Arrest,2022-11-13,Haveri
3731,4286,5952,Arrest,2025-01-12,Hassan
3732,4286,5953,Arrest,2025-01-26,Hassan
3733,4288,5957,Arrest,2023-08-08,Vijayapura
3734,4289,5958,Arrest,2024-06-22,Bengaluru Rural
3735,4291,5960,Arrest,2023-11-20,Bengaluru Rural
3736,4292,5961,Arrest,2025-04-28,Mandya
3737,4293,5962,Surrender,2022-01-23,Vijayapura
3738,4293,5963,Arrest,2022-01-27,Vijayapura
3739,4295,5965,Arrest,2025-07-17,Bengaluru Rural
3740,4296,5967,Surrender,2025-09-15,Bidar
3741,4297,5968,Arrest,2026-07-01,Haveri
3742,4298,5969,Arrest,2024-07-08,Davanagere
3743,4299,5970,Arrest,2023-05-06,Hassan
3744,4305,5978,Arrest,2026-01-25,Davanagere
3745,4305,5979,Arrest,2026-02-12,Davanagere
3746,4307,5982,Surrender,2025-06-17,Kodagu
3747,4309,5984,Arrest,2025-05-08,Ballari
3748,4310,5986,Arrest,2023-02-22,Bengaluru Rural
3749,4311,5987,Arrest,2026-07-31,Hubballi-Dharwad
3750,4311,5988,Arrest,2026-08-11,Hubballi-Dharwad
3751,4311,5989,Arrest,2026-07-18,Hubballi-Dharwad
3752,4313,5991,Arrest,2026-10-16,Raichur
3753,4314,5992,Surrender,2027-01-25,Bidar
3754,4316,5993,Arrest,2023-08-30,Belagavi
3755,4317,5995,Arrest,2026-11-18,Chikkamagaluru
3756,4318,5996,Arrest,2024-07-17,Yadgir
3757,4320,5997,Arrest,2024-08-14,Davanagere
3758,4322,5999,Arrest,2026-02-21,Belagavi
3759,4323,6000,Arrest,2023-10-20,Bengaluru Rural
3760,4325,6002,Arrest,2025-02-16,Mangaluru (Dakshina Kannada)
3761,4327,6004,Arrest,2022-08-09,Bengaluru City
3762,4327,6005,Arrest,2022-07-22,Bengaluru City
3763,4327,6006,Arrest,2022-07-16,Bengaluru City
3764,4328,6007,Arrest,2024-01-02,Mangaluru (Dakshina Kannada)
3765,4328,6008,Arrest,2024-01-15,Mangaluru (Dakshina Kannada)
3766,4330,6009,Arrest,2024-08-06,Kodagu
3767,4331,6012,Arrest,2026-11-07,Haveri
3768,4331,6013,Arrest,2026-09-29,Haveri
3769,4332,6014,Arrest,2022-06-17,Ballari
3770,4333,6015,Arrest,2025-04-03,Ballari
3771,4335,6016,Surrender,2026-10-23,Haveri
3772,4336,6017,Arrest,2024-06-23,Belagavi
3773,4338,6019,Surrender,2022-12-01,Hubballi-Dharwad
3774,4339,6022,Arrest,2024-07-31,Koppal
3775,4340,6023,Arrest,2022-12-07,Bengaluru City
3776,4341,6024,Arrest,2024-06-04,Hubballi-Dharwad
3777,4342,6025,Surrender,2026-12-10,Belagavi
3778,4342,6026,Surrender,2026-12-18,Belagavi
3779,4343,6027,Arrest,2026-10-10,Bengaluru Rural
3780,4343,6028,Surrender,2026-10-13,Bengaluru Rural
3781,4344,6029,Arrest,2025-11-02,Ramanagara
3782,4345,6030,Arrest,2022-02-08,Bengaluru Rural
3783,4345,6031,Arrest,2022-02-14,Bengaluru Rural
3784,4348,6035,Arrest,2022-03-10,Kalaburagi
3785,4350,6036,Arrest,2026-06-08,Bengaluru City
3786,4350,6037,Arrest,2026-07-07,Bengaluru City
3787,4351,6039,Arrest,2023-07-27,Mysuru
3788,4355,6041,Arrest,2024-02-01,Ramanagara
3789,4357,6044,Surrender,2022-06-23,Bengaluru City
3790,4361,6048,Arrest,2026-12-22,Bengaluru City
3791,4363,6051,Arrest,2023-10-12,Raichur
3792,4365,6054,Arrest,2024-01-13,Kodagu
3793,4365,6055,Arrest,2023-12-21,Kodagu
3794,4366,6056,Surrender,2025-12-15,Vijayapura
3795,4368,6058,Arrest,2026-08-17,Chamarajanagar
3796,4371,6060,Arrest,2026-11-01,Ballari
3797,4372,6061,Surrender,2025-06-17,Hubballi-Dharwad
3798,4375,6065,Arrest,2022-06-29,Bidar
3799,4375,6066,Arrest,2022-06-27,Bidar
3800,4376,6067,Arrest,2025-11-12,Haveri
3801,4376,6068,Arrest,2025-11-10,Haveri
3802,4377,6069,Arrest,2025-02-23,Mangaluru (Dakshina Kannada)
3803,4378,6070,Arrest,2026-05-13,Bengaluru City
3804,4379,6071,Arrest,2022-04-12,Bengaluru Rural
3805,4380,6072,Arrest,2023-12-21,Yadgir
3806,4381,6073,Arrest,2026-01-14,Bengaluru City
3807,4382,6076,Arrest,2025-06-19,Chikkamagaluru
3808,4384,6078,Surrender,2024-07-26,Yadgir
3809,4387,6080,Arrest,2024-07-29,Kodagu
3810,4388,6081,Surrender,2025-11-16,Bengaluru City
3811,4389,6082,Surrender,2025-11-16,Bengaluru Rural
3812,4389,6083,Arrest,2025-11-11,Bengaluru Rural
3813,4393,6087,Arrest,2022-07-30,Belagavi
3814,4394,6089,Arrest,2024-08-06,Davanagere
3815,4396,6090,Arrest,2024-10-04,Mandya
3816,4397,6091,Arrest,2025-10-09,Bengaluru Rural
3817,4398,6093,Arrest,2026-11-09,Bengaluru Rural
3818,4399,6095,Arrest,2026-05-31,Yadgir
3819,4402,6098,Arrest,2024-06-29,Bagalkot
3820,4403,6099,Arrest,2026-03-26,Bengaluru Rural
3821,4403,6100,Arrest,2026-04-15,Bengaluru Rural
3822,4404,6101,Arrest,2022-07-09,Hassan
3823,4404,6102,Arrest,2022-06-11,Hassan
3824,4405,6104,Arrest,2025-12-26,Mysuru
3825,4405,6105,Surrender,2026-01-25,Mysuru
3826,4406,6106,Arrest,2024-10-23,Gadag
3827,4407,6107,Surrender,2026-03-04,Bengaluru City
3828,4407,6108,Surrender,2026-03-25,Bengaluru City
3829,4409,6111,Arrest,2025-02-09,Tumakuru
3830,4411,6113,Arrest,2023-07-18,Haveri
3831,4412,6114,Arrest,2024-05-29,Belagavi
3832,4412,6115,Arrest,2024-06-02,Belagavi
3833,4413,6116,Arrest,2023-12-10,Mysuru
3834,4414,6117,Arrest,2023-10-24,Mandya
3835,4415,6119,Surrender,2024-05-02,Bengaluru City
3836,4416,6121,Surrender,2024-01-18,Bengaluru City
3837,4417,6124,Arrest,2022-06-03,Bidar
3838,4418,6126,Arrest,2027-01-10,Bagalkot
3839,4420,6128,Arrest,2026-09-11,Belagavi
3840,4420,6129,Surrender,2026-09-30,Belagavi
3841,4421,6130,Arrest,2026-05-22,Davanagere
3842,4421,6131,Arrest,2026-05-14,Davanagere
3843,4422,6133,Surrender,2022-04-30,Tumakuru
3844,4422,6134,Surrender,2022-05-17,Tumakuru
3845,4423,6135,Arrest,2024-03-04,Bidar
3846,4424,6136,Arrest,2026-12-16,Raichur
3847,4425,6137,Surrender,2023-04-24,Udupi
3848,4425,6138,Arrest,2023-05-23,Udupi
3849,4426,6139,Surrender,2024-12-27,Raichur
3850,4431,6145,Arrest,2026-05-06,Chikkaballapur
3851,4432,6147,Arrest,2025-05-17,Bengaluru City
3852,4432,6149,Arrest,2025-06-05,Bengaluru City
3853,4434,6151,Arrest,2025-01-25,Raichur
3854,4436,6153,Arrest,2025-01-05,Bengaluru Rural
3855,4437,6155,Arrest,2025-12-20,Yadgir
3856,4438,6157,Arrest,2024-02-02,Bengaluru City
3857,4440,6160,Arrest,2024-05-31,Belagavi
3858,4441,6161,Arrest,2024-08-10,Chamarajanagar
3859,4442,6162,Arrest,2023-01-05,Davanagere
3860,4442,6163,Arrest,2023-01-23,Davanagere
3861,4443,6165,Surrender,2024-11-22,Gadag
3862,4444,6167,Surrender,2023-03-11,Belagavi
3863,4445,6168,Arrest,2023-07-04,Belagavi
3864,4446,6170,Arrest,2023-03-05,Bengaluru City
3865,4446,6171,Arrest,2023-03-09,Bengaluru City
3866,4447,6172,Arrest,2026-05-28,Mangaluru (Dakshina Kannada)
3867,4447,6173,Arrest,2026-06-03,Mangaluru (Dakshina Kannada)
3868,4448,6175,Arrest,2022-09-01,Mysuru
3869,4449,6177,Arrest,2026-08-22,Hubballi-Dharwad
3870,4452,6181,Arrest,2022-05-13,Hassan
3871,4452,6182,Arrest,2022-04-16,Hassan
3872,4453,6183,Arrest,2026-11-19,Bidar
3873,4454,6184,Arrest,2022-04-21,Bengaluru City
3874,4455,6185,Surrender,2022-03-12,Belagavi
3875,4456,6186,Arrest,2024-09-09,Bengaluru City
3876,4457,6187,Arrest,2026-06-08,Uttara Kannada
3877,4457,6188,Arrest,2026-06-27,Uttara Kannada
3878,4457,6189,Arrest,2026-06-28,Uttara Kannada
3879,4459,6191,Surrender,2025-01-31,Chitradurga
3880,4459,6192,Arrest,2025-02-22,Chitradurga
3881,4460,6193,Arrest,2026-10-24,Bengaluru Rural
3882,4460,6194,Arrest,2026-11-24,Bengaluru Rural
3883,4461,6196,Arrest,2025-08-13,Davanagere
3884,4462,6197,Arrest,2026-04-12,Chamarajanagar
3885,4465,6201,Arrest,2024-09-28,Bagalkot
3886,4468,6203,Arrest,2026-02-18,Bengaluru City
3887,4468,6205,Arrest,2026-03-08,Bengaluru City
3888,4470,6208,Arrest,2026-03-17,Kodagu
3889,4470,6209,Surrender,2026-03-02,Kodagu
3890,4471,6210,Arrest,2025-10-20,Bengaluru City
3891,4473,6213,Arrest,2023-12-17,Hassan
3892,4473,6214,Arrest,2023-12-08,Hassan
3893,4476,6218,Arrest,2025-08-23,Bagalkot
3894,4477,6220,Arrest,2024-12-03,Bidar
3895,4478,6221,Arrest,2024-04-12,Mysuru
3896,4479,6222,Arrest,2024-07-21,Bengaluru Rural
3897,4479,6223,Arrest,2024-07-23,Bengaluru Rural
3898,4481,6226,Arrest,2026-04-01,Bengaluru Rural
3899,4482,6227,Arrest,2026-01-23,Bengaluru Rural
3900,4484,6229,Arrest,2026-06-02,Bengaluru City
3901,4485,6230,Arrest,2026-10-05,Bengaluru Rural
3902,4487,6232,Arrest,2025-12-14,Bidar
3903,4488,6233,Arrest,2026-03-02,Bengaluru City
3904,4489,6234,Arrest,2024-10-26,Kalaburagi
3905,4490,6235,Arrest,2025-11-21,Bengaluru Rural
3906,4491,6238,Arrest,2024-10-09,Davanagere
3907,4492,6240,Arrest,2025-01-06,Koppal
3908,4493,6241,Arrest,2027-01-02,Belagavi
3909,4496,6244,Arrest,2026-03-07,Bengaluru City
3910,4497,6245,Arrest,2025-01-20,Udupi
3911,4499,6247,Arrest,2024-02-05,Mangaluru (Dakshina Kannada)
3912,4500,6248,Surrender,2026-09-23,Raichur
3913,4500,6249,Arrest,2026-09-22,Raichur
3914,4501,6250,Arrest,2026-01-29,Haveri
3915,4502,6251,Surrender,2024-08-04,Tumakuru
3916,4502,6252,Arrest,2024-08-12,Tumakuru
3917,4506,6255,Surrender,2023-06-09,Tumakuru
3918,4508,6257,Surrender,2026-06-30,Mangaluru (Dakshina Kannada)
3919,4509,6259,Surrender,2026-10-26,Tumakuru
3920,4510,6260,Arrest,2026-08-19,Vijayapura
3921,4511,6263,Arrest,2026-08-05,Chamarajanagar
3922,4512,6264,Arrest,2026-07-08,Mysuru
3923,4513,6265,Arrest,2025-08-15,Mangaluru (Dakshina Kannada)
3924,4515,6266,Surrender,2025-09-30,Bengaluru Rural
3925,4516,6267,Arrest,2027-01-09,Mangaluru (Dakshina Kannada)
3926,4516,6268,Arrest,2026-12-12,Mangaluru (Dakshina Kannada)
3927,4517,6269,Arrest,2026-04-21,Bengaluru Rural
3928,4519,6271,Surrender,2024-06-18,Vijayapura
3929,4520,6272,Arrest,2022-08-10,Hubballi-Dharwad
3930,4520,6273,Arrest,2022-09-04,Hubballi-Dharwad
3931,4520,6274,Surrender,2022-08-03,Hubballi-Dharwad
3932,4521,6276,Surrender,2025-12-31,Udupi
3933,4521,6277,Arrest,2025-12-11,Udupi
3934,4522,6278,Surrender,2023-01-14,Mangaluru (Dakshina Kannada)
3935,4523,6280,Surrender,2024-08-08,Bengaluru City
3936,4524,6281,Arrest,2022-07-24,Bengaluru Rural
3937,4525,6282,Arrest,2023-09-26,Tumakuru
3938,4528,6287,Arrest,2026-12-26,Bengaluru City
3939,4529,6288,Surrender,2022-10-07,Bengaluru Rural
3940,4530,6290,Arrest,2023-06-02,Davanagere
3941,4531,6291,Arrest,2026-12-01,Tumakuru
3942,4531,6293,Arrest,2026-11-17,Tumakuru
3943,4532,6295,Surrender,2024-03-10,Bidar
3944,4534,6297,Surrender,2025-04-04,Hubballi-Dharwad
3945,4535,6298,Arrest,2026-09-03,Raichur
3946,4535,6299,Arrest,2026-08-27,Raichur
3947,4536,6300,Surrender,2026-06-19,Bengaluru City
3948,4538,6302,Surrender,2026-02-06,Kalaburagi
3949,4539,6304,Arrest,2025-05-21,Tumakuru
3950,4541,6305,Arrest,2022-11-04,Bengaluru Rural
3951,4541,6306,Arrest,2022-10-16,Bengaluru Rural
3952,4544,6308,Arrest,2026-03-28,Kodagu
3953,4546,6310,Arrest,2026-03-01,Udupi
3954,4548,6312,Arrest,2025-01-11,Kolar
3955,4549,6314,Surrender,2025-03-29,Davanagere
3956,4551,6316,Arrest,2024-01-17,Belagavi
3957,4552,6317,Arrest,2026-02-13,Raichur
3958,4553,6318,Arrest,2022-03-29,Mysuru
3959,4554,6320,Arrest,2025-09-28,Bengaluru City
3960,4554,6321,Arrest,2025-10-15,Bengaluru City
3961,4555,6322,Arrest,2026-07-09,Hassan
3962,4557,6326,Arrest,2023-12-05,Kodagu
3963,4558,6327,Arrest,2026-11-21,Shivamogga
3964,4558,6328,Arrest,2026-10-27,Shivamogga
3965,4559,6329,Arrest,2026-02-06,Gadag
3966,4560,6330,Surrender,2024-03-14,Davanagere
3967,4560,6331,Arrest,2024-03-24,Davanagere
3968,4561,6332,Arrest,2024-02-20,Koppal
3969,4562,6333,Arrest,2023-03-09,Ballari
3970,4562,6334,Surrender,2023-02-16,Ballari
3971,4563,6335,Arrest,2023-08-17,Bengaluru City
3972,4565,6336,Surrender,2023-03-16,Vijayapura
3973,4565,6337,Arrest,2023-03-08,Vijayapura
3974,4566,6339,Arrest,2024-12-05,Hassan
3975,4566,6340,Arrest,2024-12-03,Hassan
3976,4570,6343,Surrender,2023-11-19,Tumakuru
3977,4570,6344,Arrest,2023-10-27,Tumakuru
3978,4571,6346,Arrest,2024-02-14,Davanagere
3979,4571,6347,Arrest,2024-02-07,Davanagere
3980,4573,6350,Arrest,2023-11-02,Hubballi-Dharwad
3981,4574,6351,Surrender,2024-04-13,Mangaluru (Dakshina Kannada)
3982,4574,6352,Surrender,2024-04-08,Mangaluru (Dakshina Kannada)
3983,4575,6353,Arrest,2025-11-10,Chamarajanagar
3984,4577,6355,Arrest,2026-06-05,Mysuru
3985,4579,6356,Arrest,2026-10-13,Shivamogga
3986,4579,6357,Arrest,2026-10-20,Shivamogga
3987,4580,6358,Arrest,2025-05-09,Koppal
3988,4580,6359,Surrender,2025-06-17,Koppal
3989,4581,6360,Arrest,2023-07-06,Kodagu
3990,4582,6361,Arrest,2023-08-14,Belagavi
3991,4583,6362,Surrender,2026-01-01,Ramanagara
3992,4584,6363,Arrest,2025-11-11,Kodagu
3993,4584,6364,Surrender,2025-11-25,Kodagu
3994,4586,6365,Arrest,2026-05-12,Bengaluru Rural
3995,4587,6366,Surrender,2022-05-13,Belagavi
3996,4588,6369,Arrest,2025-10-12,Raichur
3997,4589,6371,Arrest,2025-12-04,Bengaluru City
3998,4590,6372,Arrest,2022-09-10,Udupi
3999,4591,6373,Arrest,2025-04-07,Vijayapura
4000,4592,6375,Arrest,2025-11-19,Bidar
4001,4593,6377,Surrender,2025-06-20,Tumakuru
4002,4594,6378,Arrest,2023-02-17,Udupi
4003,4595,6379,Arrest,2025-01-21,Udupi
4004,4595,6380,Arrest,2025-01-19,Udupi
4005,4596,6381,Arrest,2024-04-23,Raichur
4006,4597,6382,Arrest,2023-09-11,Kodagu
4007,4598,6385,Arrest,2024-02-28,Chamarajanagar
4008,4599,6386,Arrest,2022-02-08,Bengaluru Rural
4009,4601,6387,Arrest,2026-05-28,Hubballi-Dharwad
4010,4602,6388,Arrest,2023-08-26,Chamarajanagar
4011,4603,6389,Surrender,2025-08-06,Hassan
4012,4603,6390,Arrest,2025-08-01,Hassan
4013,4603,6391,Arrest,2025-08-12,Hassan
4014,4604,6392,Arrest,2024-06-19,Belagavi
4015,4604,6393,Arrest,2024-06-13,Belagavi
4016,4605,6395,Arrest,2026-02-04,Tumakuru
4017,4606,6397,Arrest,2026-11-13,Belagavi
4018,4606,6398,Arrest,2026-11-04,Belagavi
4019,4609,6403,Arrest,2026-08-16,Vijayapura
4020,4610,6404,Arrest,2026-10-25,Belagavi
4021,4611,6405,Arrest,2025-03-02,Shivamogga
4022,4611,6406,Arrest,2025-03-29,Shivamogga
4023,4612,6408,Arrest,2026-01-24,Davanagere
4024,4614,6410,Arrest,2026-08-26,Bengaluru Rural
4025,4614,6411,Arrest,2026-09-24,Bengaluru Rural
4026,4615,6412,Arrest,2025-07-05,Davanagere
4027,4615,6413,Arrest,2025-06-07,Davanagere
4028,4616,6415,Arrest,2023-07-18,Bengaluru City
4029,4623,6421,Arrest,2023-10-30,Tumakuru
4030,4624,6422,Arrest,2023-04-09,Chamarajanagar
4031,4624,6423,Arrest,2023-04-14,Chamarajanagar
4032,4625,6424,Surrender,2023-07-28,Ballari
4033,4626,6425,Arrest,2022-12-05,Bidar
4034,4627,6426,Arrest,2026-09-21,Mysuru
4035,4628,6427,Surrender,2023-09-09,Mangaluru (Dakshina Kannada)
4036,4629,6428,Surrender,2025-12-22,Hassan
4037,4632,6432,Arrest,2023-07-29,Belagavi
4038,4633,6433,Arrest,2026-06-29,Chamarajanagar
4039,4635,6436,Arrest,2026-11-20,Kalaburagi
4040,4636,6438,Surrender,2026-02-27,Bengaluru Rural
4041,4636,6439,Arrest,2026-03-20,Bengaluru Rural
4042,4638,6440,Surrender,2023-06-01,Kodagu
4043,4639,6441,Arrest,2024-03-02,Bagalkot
4044,4639,6442,Arrest,2024-03-21,Bagalkot
4045,4641,6445,Arrest,2026-04-23,Ballari
4046,4642,6446,Arrest,2025-08-28,Mandya
4047,4642,6447,Arrest,2025-08-25,Mandya
4048,4644,6450,Arrest,2023-06-24,Mangaluru (Dakshina Kannada)
4049,4645,6451,Surrender,2023-11-12,Kodagu
4050,4646,6453,Arrest,2026-08-12,Hubballi-Dharwad
4051,4647,6454,Arrest,2026-03-16,Haveri
4052,4649,6457,Arrest,2023-03-07,Mysuru
4053,4650,6458,Arrest,2024-12-31,Bengaluru Rural
4054,4651,6459,Surrender,2024-12-10,Davanagere
4055,4652,6461,Arrest,2023-07-21,Bengaluru Rural
4056,4653,6462,Arrest,2024-02-01,Uttara Kannada
4057,4654,6463,Arrest,2026-06-08,Ballari
4058,4654,6464,Arrest,2026-05-30,Ballari
4059,4657,6467,Arrest,2026-12-09,Chamarajanagar
4060,4659,6470,Surrender,2025-07-26,Chamarajanagar
4061,4662,6473,Arrest,2023-01-27,Bengaluru Rural
4062,4663,6474,Arrest,2023-12-25,Belagavi
4063,4663,6475,Arrest,2023-11-21,Belagavi
4064,4664,6476,Arrest,2026-06-16,Chamarajanagar
4065,4665,6479,Surrender,2026-10-13,Bengaluru Rural
4066,4670,6484,Surrender,2026-09-19,Gadag
4067,4671,6485,Surrender,2024-03-31,Belagavi
4068,4672,6486,Surrender,2024-08-18,Hassan
4069,4672,6487,Arrest,2024-08-29,Hassan
4070,4673,6489,Arrest,2024-08-03,Bidar
4071,4675,6492,Surrender,2024-03-06,Mangaluru (Dakshina Kannada)
4072,4676,6493,Arrest,2022-04-21,Tumakuru
4073,4677,6494,Arrest,2022-04-23,Bidar
4074,4678,6498,Arrest,2026-12-31,Bengaluru City
4075,4681,6500,Arrest,2024-07-23,Bengaluru City
4076,4682,6502,Arrest,2023-11-06,Bengaluru Rural
4077,4683,6503,Arrest,2022-10-25,Chitradurga
4078,4683,6505,Arrest,2022-10-16,Chitradurga
4079,4684,6506,Arrest,2024-09-04,Bengaluru City
4080,4685,6507,Arrest,2024-01-29,Hassan
4081,4686,6508,Arrest,2026-10-03,Hassan
4082,4686,6509,Arrest,2026-09-13,Hassan
4083,4687,6510,Arrest,2022-03-06,Bengaluru Rural
4084,4687,6511,Arrest,2022-04-08,Bengaluru Rural
4085,4687,6512,Arrest,2022-04-09,Bengaluru Rural
4086,4688,6513,Arrest,2024-09-17,Kalaburagi
4087,4688,6514,Surrender,2024-08-30,Kalaburagi
4088,4691,6516,Surrender,2024-11-11,Mandya
4089,4692,6517,Arrest,2026-03-09,Davanagere
4090,4693,6518,Arrest,2023-10-28,Chikkamagaluru
4091,4693,6519,Arrest,2023-11-22,Chikkamagaluru
4092,4695,6520,Arrest,2025-08-05,Kalaburagi
4093,4696,6521,Surrender,2022-09-18,Davanagere
4094,4697,6522,Arrest,2023-09-17,Gadag
4095,4698,6524,Arrest,2026-08-14,Koppal
4096,4698,6525,Arrest,2026-08-05,Koppal
4097,4699,6526,Arrest,2022-12-06,Mangaluru (Dakshina Kannada)
4098,4701,6530,Arrest,2023-05-31,Yadgir
4099,4703,6532,Arrest,2024-06-14,Bidar
4100,4705,6534,Arrest,2022-01-19,Chikkamagaluru
4101,4705,6535,Arrest,2022-02-07,Chikkamagaluru
4102,4705,6536,Surrender,2022-01-23,Chikkamagaluru
4103,4706,6537,Surrender,2022-06-17,Kolar
4104,4707,6540,Surrender,2022-02-27,Bengaluru Rural
4105,4708,6541,Arrest,2023-04-18,Davanagere
4106,4709,6543,Arrest,2024-04-23,Bengaluru Rural
4107,4710,6545,Arrest,2025-03-01,Bengaluru Rural
4108,4711,6546,Surrender,2024-11-12,Belagavi
4109,4712,6547,Arrest,2026-04-18,Kolar
4110,4715,6552,Surrender,2025-10-12,Vijayapura
4111,4716,6553,Arrest,2023-10-05,Kodagu
4112,4717,6555,Surrender,2026-10-29,Mysuru
4113,4718,6556,Arrest,2023-03-04,Hassan
4114,4719,6557,Arrest,2026-07-09,Kodagu
4115,4720,6558,Arrest,2024-11-25,Bengaluru Rural
4116,4721,6559,Arrest,2022-09-30,Mangaluru (Dakshina Kannada)
4117,4721,6560,Arrest,2022-09-20,Mangaluru (Dakshina Kannada)
4118,4723,6562,Arrest,2026-12-07,Tumakuru
4119,4724,6563,Arrest,2024-09-09,Bengaluru City
4120,4728,6566,Arrest,2026-09-05,Udupi
4121,4728,6567,Arrest,2026-09-26,Udupi
4122,4729,6568,Arrest,2024-07-11,Kodagu
4123,4730,6570,Arrest,2022-10-17,Uttara Kannada
4124,4732,6572,Arrest,2022-07-29,Kalaburagi
4125,4733,6573,Arrest,2023-12-06,Kalaburagi
4126,4735,6575,Surrender,2022-06-02,Belagavi
4127,4735,6576,Surrender,2022-06-21,Belagavi
4128,4738,6581,Arrest,2026-04-01,Mangaluru (Dakshina Kannada)
4129,4740,6584,Arrest,2024-02-17,Bagalkot
4130,4740,6585,Arrest,2024-02-22,Bagalkot
4131,4741,6587,Arrest,2023-12-23,Mysuru
4132,4742,6588,Arrest,2025-08-29,Hassan
4133,4743,6590,Arrest,2023-10-16,Ramanagara
4134,4744,6591,Arrest,2024-08-22,Hubballi-Dharwad
4135,4744,6592,Arrest,2024-07-25,Hubballi-Dharwad
4136,4747,6596,Surrender,2022-08-14,Belagavi
4137,4748,6597,Arrest,2025-10-29,Tumakuru
4138,4749,6598,Arrest,2023-03-08,Shivamogga
4139,4750,6601,Arrest,2024-09-27,Yadgir
4140,4753,6603,Arrest,2026-03-13,Ramanagara
4141,4756,6606,Surrender,2023-03-14,Chamarajanagar
4142,4756,6607,Arrest,2023-03-08,Chamarajanagar
4143,4757,6608,Arrest,2024-03-12,Koppal
4144,4759,6609,Arrest,2026-07-13,Haveri
4145,4762,6612,Arrest,2025-02-23,Tumakuru
4146,4763,6613,Arrest,2024-09-30,Belagavi
4147,4763,6614,Arrest,2024-09-30,Belagavi
4148,4764,6615,Arrest,2025-09-22,Mandya
4149,4766,6617,Arrest,2022-12-17,Ballari
4150,4769,6620,Arrest,2022-10-07,Mangaluru (Dakshina Kannada)
4151,4771,6623,Arrest,2025-06-15,Mangaluru (Dakshina Kannada)
4152,4771,6625,Arrest,2025-06-03,Mangaluru (Dakshina Kannada)
4153,4773,6628,Surrender,2025-12-12,Bengaluru City
4154,4774,6629,Arrest,2026-04-06,Yadgir
4155,4775,6631,Arrest,2023-11-30,Chamarajanagar
4156,4778,6636,Arrest,2024-06-06,Davanagere
4157,4780,6637,Surrender,2024-05-11,Udupi
4158,4781,6638,Arrest,2024-05-17,Ramanagara
4159,4782,6639,Arrest,2026-04-15,Kalaburagi
4160,4783,6640,Arrest,2023-09-16,Chikkaballapur
4161,4784,6642,Arrest,2025-03-24,Chamarajanagar
4162,4785,6645,Surrender,2026-04-21,Tumakuru
4163,4786,6646,Arrest,2026-02-06,Tumakuru
4164,4786,6647,Arrest,2026-02-21,Tumakuru
4165,4787,6648,Arrest,2025-12-09,Chikkaballapur
4166,4788,6649,Arrest,2022-02-04,Chamarajanagar
4167,4788,6650,Arrest,2022-01-09,Chamarajanagar
4168,4788,6651,Arrest,2022-01-20,Chamarajanagar
4169,4790,6656,Arrest,2026-02-01,Bengaluru City
4170,4791,6657,Arrest,2026-03-07,Bidar
4171,4791,6658,Arrest,2026-02-25,Bidar
4172,4795,6663,Surrender,2025-07-20,Yadgir
4173,4795,6664,Arrest,2025-08-15,Yadgir
4174,4797,6665,Arrest,2022-06-02,Yadgir
4175,4798,6666,Arrest,2023-05-20,Belagavi
4176,4799,6667,Arrest,2025-11-04,Bengaluru City
4177,4802,6668,Arrest,2024-06-29,Belagavi
4178,4803,6669,Arrest,2024-01-01,Chamarajanagar
4179,4804,6670,Arrest,2025-04-16,Mysuru
4180,4808,6675,Surrender,2022-08-05,Bengaluru Rural
4181,4809,6676,Arrest,2024-03-25,Bidar
4182,4809,6677,Arrest,2024-04-08,Bidar
4183,4810,6678,Arrest,2025-11-14,Vijayapura
4184,4811,6680,Arrest,2023-01-03,Chamarajanagar
4185,4812,6681,Arrest,2024-10-24,Mysuru
4186,4814,6684,Arrest,2023-02-09,Bengaluru City
4187,4815,6685,Surrender,2023-07-03,Bengaluru Rural
4188,4816,6686,Arrest,2024-09-06,Kodagu
4189,4817,6687,Arrest,2023-04-04,Bengaluru City
4190,4818,6688,Arrest,2026-10-16,Kodagu
4191,4819,6690,Arrest,2025-01-01,Kolar
4192,4820,6691,Arrest,2024-02-09,Kodagu
4193,4823,6693,Arrest,2026-06-15,Davanagere
4194,4824,6694,Surrender,2025-11-17,Udupi
4195,4825,6695,Arrest,2023-08-24,Belagavi
4196,4827,6697,Arrest,2026-04-15,Belagavi
4197,4828,6698,Arrest,2024-08-23,Koppal
4198,4828,6699,Arrest,2024-07-31,Koppal
4199,4829,6701,Arrest,2023-01-23,Udupi
4200,4830,6702,Arrest,2025-01-11,Kalaburagi
4201,4831,6703,Surrender,2024-05-24,Yadgir
4202,4832,6706,Arrest,2023-12-17,Tumakuru
4203,4833,6707,Arrest,2023-10-28,Belagavi
4204,4833,6709,Arrest,2023-09-27,Belagavi
4205,4835,6712,Arrest,2026-05-28,Hassan
4206,4836,6714,Surrender,2022-03-02,Bengaluru Rural
4207,4837,6715,Arrest,2022-03-19,Mysuru
4208,4837,6716,Arrest,2022-03-28,Mysuru
4209,4838,6717,Arrest,2024-09-22,Mangaluru (Dakshina Kannada)
4210,4839,6719,Arrest,2022-09-26,Yadgir
4211,4842,6722,Surrender,2022-02-15,Mangaluru (Dakshina Kannada)
4212,4842,6723,Surrender,2022-02-13,Mangaluru (Dakshina Kannada)
4213,4843,6726,Arrest,2023-01-30,Raichur
4214,4844,6727,Arrest,2025-02-23,Kolar
4215,4844,6728,Arrest,2025-01-27,Kolar
4216,4847,6732,Arrest,2024-11-11,Tumakuru
4217,4848,6733,Arrest,2026-11-11,Udupi
4218,4849,6734,Surrender,2024-03-12,Mangaluru (Dakshina Kannada)
4219,4849,6735,Arrest,2024-02-28,Mangaluru (Dakshina Kannada)
4220,4850,6736,Surrender,2022-12-08,Hassan
4221,4851,6737,Arrest,2023-01-23,Hubballi-Dharwad
4222,4852,6739,Arrest,2022-11-10,Chamarajanagar
4223,4853,6740,Surrender,2024-08-15,Vijayapura
4224,4854,6741,Arrest,2022-05-11,Bengaluru City
4225,4855,6742,Arrest,2023-11-01,Udupi
4226,4857,6744,Arrest,2026-01-02,Mysuru
4227,4858,6745,Arrest,2026-07-01,Belagavi
4228,4858,6746,Surrender,2026-05-24,Belagavi
4229,4859,6747,Surrender,2023-04-28,Mysuru
4230,4859,6749,Arrest,2023-05-10,Mysuru
4231,4860,6750,Surrender,2025-07-18,Kalaburagi
4232,4860,6751,Arrest,2025-08-23,Kalaburagi
4233,4861,6752,Arrest,2025-07-04,Chikkamagaluru
4234,4861,6753,Arrest,2025-08-13,Chikkamagaluru
4235,4863,6755,Arrest,2026-01-27,Belagavi
4236,4863,6756,Arrest,2026-02-12,Belagavi
4237,4866,6759,Surrender,2022-09-25,Mysuru
4238,4868,6760,Arrest,2024-11-25,Bengaluru City
4239,4869,6761,Arrest,2026-04-08,Davanagere
4240,4872,6765,Arrest,2026-06-14,Mysuru
4241,4876,6769,Arrest,2025-08-14,Vijayapura
4242,4877,6770,Arrest,2024-04-26,Bengaluru Rural
4243,4878,6772,Surrender,2025-11-10,Mangaluru (Dakshina Kannada)
4244,4879,6773,Arrest,2026-09-11,Udupi
4245,4880,6774,Arrest,2025-11-14,Hubballi-Dharwad
4246,4881,6775,Arrest,2026-02-21,Bengaluru City
4247,4882,6776,Arrest,2026-10-22,Bengaluru City
4248,4882,6777,Arrest,2026-10-20,Bengaluru City
4249,4883,6778,Arrest,2023-08-07,Shivamogga
4250,4883,6779,Arrest,2023-07-15,Shivamogga
4251,4883,6780,Surrender,2023-07-03,Shivamogga
4252,4884,6781,Arrest,2026-03-25,Hubballi-Dharwad
4253,4884,6782,Arrest,2026-03-21,Hubballi-Dharwad
4254,4885,6784,Arrest,2026-09-22,Tumakuru
4255,4887,6786,Surrender,2026-06-28,Belagavi
4256,4888,6787,Arrest,2023-12-26,Bagalkot
4257,4889,6789,Arrest,2025-02-25,Davanagere
4258,4890,6791,Arrest,2022-03-09,Raichur
4259,4892,6793,Arrest,2026-05-03,Haveri
4260,4893,6794,Arrest,2026-01-14,Chikkaballapur
4261,4894,6795,Surrender,2022-02-24,Tumakuru
4262,4896,6798,Surrender,2023-01-28,Hubballi-Dharwad
4263,4896,6799,Arrest,2023-01-28,Hubballi-Dharwad
4264,4897,6800,Arrest,2025-07-06,Mysuru
4265,4897,6801,Surrender,2025-08-12,Mysuru
4266,4898,6802,Arrest,2024-01-19,Chamarajanagar
4267,4900,6803,Arrest,2022-10-07,Bidar
4268,4901,6804,Arrest,2025-03-02,Mysuru
4269,4901,6805,Surrender,2025-03-06,Mysuru
4270,4902,6806,Arrest,2025-02-15,Yadgir
4271,4903,6808,Arrest,2023-05-15,Belagavi
4272,4905,6809,Arrest,2025-12-23,Belagavi
4273,4905,6810,Arrest,2025-12-22,Belagavi
4274,4908,6814,Arrest,2023-10-05,Hassan
4275,4908,6815,Arrest,2023-10-04,Hassan
4276,4910,6817,Surrender,2025-03-24,Bidar
4277,4911,6818,Surrender,2024-01-20,Hassan
4278,4912,6819,Arrest,2026-02-27,Yadgir
4279,4912,6820,Arrest,2026-03-10,Yadgir
4280,4912,6821,Arrest,2026-03-14,Yadgir
4281,4914,6823,Arrest,2024-08-14,Yadgir
4282,4916,6825,Arrest,2024-07-07,Kolar
4283,4917,6826,Arrest,2026-09-12,Mysuru
4284,4917,6827,Arrest,2026-08-24,Mysuru
4285,4918,6828,Surrender,2025-11-12,Bidar
4286,4918,6829,Arrest,2025-11-01,Bidar
4287,4919,6830,Surrender,2025-06-09,Bengaluru City
4288,4923,6832,Arrest,2026-03-01,Davanagere
4289,4923,6833,Arrest,2026-02-10,Davanagere
4290,4924,6835,Arrest,2023-04-17,Koppal
4291,4925,6837,Arrest,2024-04-29,Belagavi
4292,4925,6838,Surrender,2024-04-28,Belagavi
4293,4928,6840,Arrest,2024-03-18,Belagavi
4294,4928,6842,Arrest,2024-03-14,Belagavi
4295,4929,6843,Arrest,2022-04-10,Ramanagara
4296,4929,6844,Arrest,2022-04-08,Ramanagara
4297,4930,6845,Surrender,2025-06-17,Tumakuru
4298,4933,6848,Surrender,2024-09-18,Davanagere
4299,4936,6850,Surrender,2023-10-28,Mangaluru (Dakshina Kannada)
4300,4940,6854,Surrender,2026-09-07,Kalaburagi
4301,4941,6855,Arrest,2026-01-17,Belagavi
4302,4941,6856,Surrender,2026-01-25,Belagavi
4303,4941,6857,Arrest,2026-01-29,Belagavi
4304,4943,6859,Arrest,2025-05-04,Vijayapura
4305,4944,6860,Arrest,2023-07-19,Bengaluru Rural
4306,4944,6861,Arrest,2023-06-28,Bengaluru Rural
4307,4945,6862,Arrest,2025-07-13,Bengaluru City
4308,4946,6865,Surrender,2025-08-14,Mangaluru (Dakshina Kannada)
4309,4947,6866,Arrest,2023-03-23,Belagavi
4310,4949,6868,Arrest,2025-02-15,Mangaluru (Dakshina Kannada)
4311,4950,6869,Surrender,2026-05-21,Udupi
4312,4951,6871,Arrest,2026-01-29,Shivamogga
4313,4952,6873,Arrest,2024-09-26,Hubballi-Dharwad
4314,4952,6874,Arrest,2024-10-27,Hubballi-Dharwad
4315,4954,6876,Surrender,2022-03-10,Bengaluru Rural
4316,4955,6877,Arrest,2023-07-17,Tumakuru
4317,4956,6879,Arrest,2025-10-28,Vijayapura
4318,4958,6881,Arrest,2025-09-23,Chamarajanagar
4319,4960,6884,Surrender,2022-12-02,Chamarajanagar
4320,4961,6885,Arrest,2022-01-30,Chamarajanagar
4321,4965,6888,Arrest,2024-04-01,Tumakuru
4322,4966,6889,Arrest,2026-07-22,Hassan
4323,4967,6890,Arrest,2026-05-14,Koppal
4324,4969,6893,Arrest,2025-10-25,Belagavi
4325,4970,6894,Surrender,2026-06-13,Chikkamagaluru
4326,4971,6895,Arrest,2026-03-07,Haveri
4327,4974,6898,Arrest,2023-11-10,Mysuru
4328,4974,6899,Surrender,2023-10-30,Mysuru
4329,4975,6900,Arrest,2026-10-21,Haveri
4330,4977,6903,Arrest,2026-06-30,Tumakuru
4331,4978,6905,Arrest,2023-11-05,Mangaluru (Dakshina Kannada)
4332,4981,6910,Surrender,2024-06-29,Belagavi
4333,4981,6911,Arrest,2024-06-05,Belagavi
4334,4982,6912,Arrest,2024-11-12,Kodagu
4335,4983,6913,Arrest,2023-08-27,Belagavi
4336,4984,6914,Arrest,2024-11-24,Ballari
4337,4985,6915,Arrest,2024-10-25,Mysuru
4338,4986,6918,Surrender,2024-12-02,Hassan
4339,4989,6920,Arrest,2025-10-19,Davanagere
4340,4991,6922,Arrest,2023-03-03,Bengaluru Rural
4341,4991,6923,Surrender,2023-03-27,Bengaluru Rural
4342,4994,6925,Arrest,2025-05-31,Belagavi
4343,4995,6926,Arrest,2025-03-27,Belagavi
4344,4996,6927,Arrest,2027-01-17,Tumakuru
4345,4998,6929,Arrest,2026-01-05,Bengaluru Rural
4346,4999,6930,Arrest,2026-11-03,Davanagere
4347,5000,6931,Arrest,2024-10-05,Bengaluru Rural
4348,5002,6933,Arrest,2025-09-02,Kodagu
4349,5004,6938,Arrest,2025-06-08,Ballari
4350,5005,6939,Arrest,2026-03-23,Davanagere
4351,5005,6940,Arrest,2026-04-19,Davanagere
4352,5005,6941,Arrest,2026-04-16,Davanagere
4353,5006,6943,Arrest,2026-08-27,Raichur
4354,5007,6945,Arrest,2024-03-29,Belagavi
4355,5008,6946,Arrest,2025-05-24,Bengaluru Rural
4356,5010,6948,Surrender,2026-10-04,Kodagu
4357,5011,6949,Arrest,2025-09-24,Belagavi
4358,5012,6951,Arrest,2022-05-13,Raichur
4359,5013,6953,Arrest,2024-02-21,Kalaburagi
4360,5014,6955,Arrest,2023-05-28,Mysuru
4361,5015,6956,Arrest,2025-02-28,Belagavi
4362,5015,6957,Arrest,2025-02-18,Belagavi
4363,5018,6961,Arrest,2023-08-23,Bengaluru City
4364,5019,6962,Arrest,2024-04-02,Hubballi-Dharwad
4365,5021,6965,Surrender,2022-06-02,Ballari
4366,5023,6967,Arrest,2025-06-27,Mysuru
4367,5023,6968,Arrest,2025-06-20,Mysuru
4368,5023,6969,Arrest,2025-05-31,Mysuru
4369,5024,6970,Surrender,2026-08-27,Hubballi-Dharwad
4370,5024,6971,Surrender,2026-09-10,Hubballi-Dharwad
4371,5025,6972,Arrest,2025-12-05,Raichur
4372,5026,6973,Arrest,2025-04-07,Bengaluru Rural
4373,5026,6974,Arrest,2025-04-20,Bengaluru Rural
4374,5027,6975,Arrest,2027-01-24,Haveri
4375,5028,6976,Arrest,2025-06-06,Bidar
4376,5028,6978,Arrest,2025-06-19,Bidar
4377,5029,6979,Arrest,2026-06-24,Chikkaballapur
4378,5030,6980,Arrest,2026-02-13,Bagalkot
4379,5030,6981,Arrest,2026-03-20,Bagalkot
4380,5032,6983,Arrest,2025-03-18,Shivamogga
4381,5033,6985,Arrest,2026-07-22,Raichur
4382,5034,6987,Surrender,2023-06-21,Mangaluru (Dakshina Kannada)
4383,5036,6989,Arrest,2026-02-14,Chikkaballapur
4384,5037,6992,Arrest,2024-11-30,Tumakuru
4385,5040,6996,Arrest,2025-01-01,Mangaluru (Dakshina Kannada)
4386,5042,6997,Arrest,2024-01-30,Belagavi
4387,5043,6998,Arrest,2022-09-27,Belagavi
4388,5045,7001,Arrest,2025-01-08,Chamarajanagar
4389,5046,7002,Arrest,2025-03-16,Mysuru
4390,5046,7003,Surrender,2025-03-18,Mysuru
4391,5047,7004,Arrest,2022-05-20,Ballari
4392,5048,7005,Surrender,2026-12-24,Shivamogga
4393,5049,7008,Arrest,2026-05-17,Ballari
4394,5050,7009,Arrest,2025-02-11,Mysuru
4395,5050,7010,Arrest,2025-03-05,Mysuru
4396,5052,7013,Surrender,2023-04-21,Ramanagara
4397,5053,7015,Surrender,2022-03-03,Belagavi
4398,5057,7018,Arrest,2023-06-20,Davanagere
4399,5058,7019,Arrest,2023-03-26,Belagavi
4400,5060,7021,Arrest,2026-05-12,Mandya
4401,5060,7022,Arrest,2026-05-09,Mandya
4402,5061,7023,Arrest,2023-06-12,Chikkaballapur
4403,5061,7024,Surrender,2023-06-17,Chikkaballapur
4404,5062,7026,Arrest,2026-08-14,Bengaluru Rural
4405,5065,7031,Arrest,2026-09-04,Tumakuru
4406,5066,7032,Surrender,2022-11-22,Ballari
4407,5066,7033,Arrest,2022-11-23,Ballari
4408,5067,7034,Arrest,2026-09-25,Raichur
4409,5068,7035,Arrest,2026-11-24,Yadgir
4410,5069,7036,Arrest,2026-05-08,Raichur
4411,5069,7037,Surrender,2026-04-10,Raichur
4412,5072,7042,Arrest,2025-12-16,Mangaluru (Dakshina Kannada)
4413,5073,7043,Arrest,2024-04-14,Davanagere
4414,5075,7045,Arrest,2024-01-31,Bengaluru Rural
4415,5076,7047,Arrest,2023-05-04,Kalaburagi
4416,5078,7049,Arrest,2026-07-30,Bengaluru Rural
4417,5079,7051,Arrest,2026-07-02,Bengaluru Rural
4418,5080,7053,Arrest,2023-04-10,Belagavi
4419,5081,7054,Arrest,2024-09-05,Bagalkot
4420,5082,7057,Arrest,2025-11-13,Hubballi-Dharwad
4421,5084,7058,Arrest,2023-08-19,Bengaluru City
4422,5085,7059,Arrest,2022-08-20,Belagavi
4423,5087,7061,Surrender,2026-04-11,Kodagu
4424,5089,7064,Arrest,2023-03-17,Raichur
4425,5090,7066,Arrest,2023-06-24,Kolar
4426,5092,7068,Arrest,2023-09-19,Mysuru
4427,5094,7072,Arrest,2025-12-29,Bengaluru Rural
4428,5094,7073,Arrest,2026-01-02,Bengaluru Rural
4429,5095,7074,Surrender,2023-11-08,Tumakuru
4430,5098,7077,Surrender,2023-12-13,Gadag
4431,5099,7080,Surrender,2022-02-26,Chamarajanagar
4432,5099,7081,Surrender,2022-03-14,Chamarajanagar
4433,5101,7083,Surrender,2026-02-12,Ballari
4434,5104,7088,Arrest,2027-01-05,Kalaburagi
4435,5105,7089,Arrest,2024-07-16,Bagalkot
4436,5109,7093,Arrest,2022-07-20,Tumakuru
4437,5112,7097,Arrest,2026-03-12,Udupi
4438,5113,7098,Surrender,2023-01-13,Bengaluru Rural
4439,5115,7101,Arrest,2025-06-30,Mysuru
4440,5115,7102,Surrender,2025-06-27,Mysuru
4441,5116,7103,Arrest,2026-07-17,Chamarajanagar
4442,5120,7106,Surrender,2023-04-24,Ramanagara
4443,5120,7107,Arrest,2023-04-28,Ramanagara
4444,5122,7109,Arrest,2026-04-10,Belagavi
4445,5123,7110,Arrest,2022-12-22,Udupi
4446,5125,7112,Arrest,2026-06-06,Chitradurga
4447,5126,7114,Arrest,2023-09-22,Mangaluru (Dakshina Kannada)
4448,5126,7115,Surrender,2023-08-18,Mangaluru (Dakshina Kannada)
4449,5129,7118,Arrest,2026-08-10,Udupi
4450,5130,7119,Arrest,2024-09-17,Kodagu
4451,5132,7121,Arrest,2025-09-24,Mandya
4452,5132,7122,Arrest,2025-10-26,Mandya
4453,5132,7123,Arrest,2025-10-17,Mandya
4454,5133,7124,Surrender,2026-09-10,Mysuru
4455,5133,7125,Surrender,2026-08-07,Mysuru
4456,5135,7126,Arrest,2026-05-21,Ramanagara
4457,5136,7127,Arrest,2023-04-01,Haveri
4458,5137,7129,Arrest,2026-03-20,Belagavi
4459,5138,7131,Arrest,2023-01-29,Ballari
4460,5139,7132,Arrest,2022-09-25,Bengaluru Rural
4461,5139,7133,Arrest,2022-09-17,Bengaluru Rural
4462,5140,7135,Arrest,2025-08-24,Kodagu
4463,5140,7137,Surrender,2025-09-14,Kodagu
4464,5142,7138,Arrest,2022-05-24,Mangaluru (Dakshina Kannada)
4465,5142,7139,Surrender,2022-04-26,Mangaluru (Dakshina Kannada)
4466,5145,7143,Arrest,2023-08-07,Shivamogga
4467,5146,7144,Arrest,2026-07-30,Chamarajanagar
4468,5148,7146,Arrest,2024-11-29,Vijayapura
4469,5149,7147,Arrest,2022-04-29,Bengaluru City
4470,5150,7149,Arrest,2023-12-16,Bengaluru City
4471,5150,7150,Arrest,2023-12-13,Bengaluru City
4472,5151,7151,Arrest,2026-03-29,Mandya
4473,5151,7152,Arrest,2026-03-20,Mandya
4474,5153,7154,Arrest,2026-04-11,Mangaluru (Dakshina Kannada)
4475,5153,7155,Arrest,2026-04-18,Mangaluru (Dakshina Kannada)
4476,5154,7156,Arrest,2022-12-10,Hubballi-Dharwad
4477,5157,7159,Arrest,2025-10-20,Mangaluru (Dakshina Kannada)
4478,5158,7160,Arrest,2023-05-02,Bengaluru Rural
4479,5159,7161,Arrest,2026-11-21,Belagavi
4480,5160,7162,Arrest,2026-05-06,Bidar
4481,5160,7164,Arrest,2026-05-06,Bidar
4482,5163,7167,Arrest,2026-01-05,Raichur
4483,5164,7170,Arrest,2026-09-18,Tumakuru
4484,5166,7172,Surrender,2022-02-22,Vijayapura
4485,5166,7173,Arrest,2022-03-16,Vijayapura
4486,5166,7174,Arrest,2022-03-19,Vijayapura
4487,5168,7176,Arrest,2025-12-07,Bengaluru City
4488,5169,7177,Surrender,2026-08-03,Tumakuru
4489,5169,7178,Arrest,2026-08-22,Tumakuru
4490,5169,7179,Arrest,2026-08-08,Tumakuru
4491,5172,7182,Arrest,2025-08-22,Kodagu
4492,5172,7183,Arrest,2025-08-26,Kodagu
4493,5173,7185,Arrest,2025-05-08,Chikkamagaluru
4494,5173,7186,Arrest,2025-04-26,Chikkamagaluru
4495,5174,7187,Arrest,2023-05-02,Raichur
4496,5175,7189,Surrender,2023-04-16,Bengaluru City
4497,5176,7190,Arrest,2024-02-06,Gadag
4498,5178,7191,Arrest,2023-12-28,Tumakuru
4499,5181,7192,Arrest,2026-12-15,Raichur
4500,5182,7194,Arrest,2023-02-15,Kolar
4501,5183,7195,Arrest,2025-02-25,Haveri
4502,5184,7196,Arrest,2023-01-30,Bengaluru City
4503,5184,7198,Arrest,2023-01-29,Bengaluru City
4504,5185,7199,Arrest,2025-02-24,Kolar
4505,5185,7200,Arrest,2025-01-27,Kolar
4506,5185,7201,Surrender,2025-01-26,Kolar
4507,5186,7202,Arrest,2022-10-28,Bengaluru City
4508,5187,7205,Surrender,2024-03-11,Udupi
4509,5188,7206,Arrest,2025-08-04,Tumakuru
4510,5190,7208,Arrest,2022-02-08,Kolar
4511,5192,7210,Arrest,2026-09-21,Chamarajanagar
4512,5193,7211,Arrest,2025-04-23,Raichur
4513,5194,7212,Arrest,2022-06-15,Chikkamagaluru
4514,5194,7214,Surrender,2022-05-06,Chikkamagaluru
4515,5195,7215,Arrest,2022-11-01,Shivamogga
4516,5199,7218,Arrest,2023-07-08,Raichur
4517,5199,7219,Arrest,2023-07-10,Raichur
4518,5200,7221,Arrest,2025-11-03,Shivamogga
4519,5200,7222,Arrest,2025-11-13,Shivamogga
4520,5201,7223,Arrest,2023-07-24,Mangaluru (Dakshina Kannada)
4521,5202,7224,Arrest,2024-11-11,Belagavi
4522,5206,7227,Arrest,2022-04-29,Bengaluru City
4523,5206,7228,Surrender,2022-04-20,Bengaluru City
4524,5207,7229,Arrest,2025-03-20,Hassan
4525,5208,7231,Arrest,2023-11-06,Bengaluru City
4526,5209,7233,Arrest,2022-07-13,Vijayapura
4527,5209,7234,Arrest,2022-08-07,Vijayapura
4528,5210,7235,Arrest,2022-09-02,Yadgir
4529,5210,7236,Surrender,2022-09-21,Yadgir
4530,5210,7237,Arrest,2022-09-21,Yadgir
4531,5211,7238,Arrest,2025-06-27,Davanagere
4532,5213,7240,Arrest,2025-09-26,Ballari
4533,5213,7241,Arrest,2025-10-19,Ballari
4534,5214,7242,Arrest,2025-01-17,Udupi
4535,5215,7245,Arrest,2025-11-07,Davanagere
4536,5217,7249,Arrest,2024-03-22,Mangaluru (Dakshina Kannada)
4537,5218,7250,Arrest,2025-03-07,Davanagere
4538,5218,7251,Arrest,2025-03-13,Davanagere
4539,5219,7252,Arrest,2026-08-06,Bengaluru Rural
4540,5219,7253,Arrest,2026-07-05,Bengaluru Rural
4541,5221,7254,Arrest,2024-11-08,Bidar
4542,5222,7255,Arrest,2026-09-13,Raichur
4543,5224,7257,Arrest,2025-02-12,Mandya
4544,5224,7258,Arrest,2025-01-09,Mandya
4545,5227,7261,Arrest,2022-04-05,Mysuru
4546,5228,7262,Arrest,2023-11-06,Bengaluru Rural
4547,5229,7263,Surrender,2025-07-01,Udupi
4548,5231,7266,Surrender,2023-09-15,Hubballi-Dharwad
4549,5232,7268,Arrest,2023-02-07,Shivamogga
4550,5235,7271,Arrest,2026-11-27,Udupi
4551,5237,7275,Arrest,2023-04-25,Mangaluru (Dakshina Kannada)
4552,5237,7277,Arrest,2023-05-06,Mangaluru (Dakshina Kannada)
4553,5238,7278,Arrest,2025-04-21,Mysuru
4554,5238,7279,Arrest,2025-04-13,Mysuru
4555,5241,7281,Arrest,2025-07-26,Bengaluru Rural
4556,5241,7283,Arrest,2025-07-15,Bengaluru Rural
4557,5244,7286,Arrest,2024-02-01,Kalaburagi
4558,5247,7289,Surrender,2024-07-26,Belagavi
4559,5248,7290,Arrest,2024-03-15,Ramanagara
4560,5248,7291,Arrest,2024-02-01,Ramanagara
4561,5250,7293,Arrest,2024-06-13,Bengaluru City
4562,5251,7295,Arrest,2023-01-20,Haveri
4563,5257,7300,Arrest,2023-12-29,Kodagu
4564,5258,7302,Arrest,2026-10-02,Kalaburagi
4565,5259,7305,Surrender,2023-05-18,Mysuru
4566,5261,7308,Arrest,2025-05-24,Ballari
4567,5262,7310,Arrest,2022-02-14,Mysuru
4568,5263,7312,Surrender,2023-11-13,Bagalkot
4569,5265,7314,Arrest,2026-01-06,Bengaluru City
4570,5267,7316,Surrender,2024-10-13,Tumakuru
4571,5268,7317,Arrest,2024-06-16,Belagavi
4572,5269,7318,Arrest,2022-09-04,Bengaluru Rural
4573,5269,7319,Arrest,2022-09-20,Bengaluru Rural
4574,5270,7320,Arrest,2022-02-26,Belagavi
4575,5273,7323,Arrest,2025-09-13,Belagavi
4576,5274,7324,Arrest,2024-08-25,Chamarajanagar
4577,5274,7325,Surrender,2024-09-13,Chamarajanagar
4578,5274,7326,Surrender,2024-09-09,Chamarajanagar
4579,5275,7327,Arrest,2023-04-05,Ramanagara
4580,5276,7328,Arrest,2023-05-26,Bengaluru Rural
4581,5278,7332,Arrest,2025-02-05,Raichur
4582,5280,7334,Arrest,2024-05-17,Kodagu
4583,5282,7337,Arrest,2024-03-19,Belagavi
4584,5285,7338,Arrest,2026-01-11,Hassan
4585,5285,7339,Surrender,2026-01-02,Hassan
4586,5286,7340,Surrender,2025-10-03,Udupi
4587,5287,7342,Arrest,2023-10-23,Yadgir
4588,5288,7344,Arrest,2024-09-23,Udupi
4589,5289,7345,Arrest,2022-11-21,Bagalkot
4590,5289,7346,Surrender,2022-11-19,Bagalkot
4591,5289,7347,Arrest,2022-12-23,Bagalkot
4592,5290,7348,Arrest,2026-10-18,Davanagere
4593,5291,7349,Arrest,2023-05-18,Ramanagara
4594,5291,7350,Arrest,2023-06-26,Ramanagara
4595,5293,7352,Arrest,2026-09-19,Mangaluru (Dakshina Kannada)
4596,5293,7353,Arrest,2026-09-17,Mangaluru (Dakshina Kannada)
4597,5294,7355,Arrest,2024-08-18,Bengaluru Rural
4598,5294,7356,Arrest,2024-08-05,Bengaluru Rural
4599,5296,7359,Arrest,2025-04-29,Bengaluru Rural
4600,5296,7360,Arrest,2025-04-03,Bengaluru Rural
4601,5299,7363,Arrest,2025-01-02,Haveri
4602,5300,7364,Arrest,2025-01-28,Yadgir
4603,5301,7365,Arrest,2022-09-25,Mangaluru (Dakshina Kannada)
4604,5303,7367,Arrest,2024-08-10,Udupi
4605,5304,7368,Arrest,2026-05-23,Mandya
4606,5308,7371,Arrest,2023-06-15,Ramanagara
4607,5310,7375,Arrest,2026-06-29,Haveri
4608,5312,7377,Surrender,2026-06-13,Koppal
4609,5312,7378,Arrest,2026-06-24,Koppal
4610,5313,7379,Arrest,2026-03-20,Bidar
4611,5316,7382,Arrest,2022-02-11,Ramanagara
4612,5317,7383,Arrest,2024-03-21,Bengaluru Rural
4613,5318,7385,Arrest,2023-06-30,Koppal
4614,5319,7386,Arrest,2025-11-02,Mangaluru (Dakshina Kannada)
4615,5319,7387,Arrest,2025-10-10,Mangaluru (Dakshina Kannada)
4616,5321,7390,Arrest,2025-02-01,Tumakuru
4617,5321,7391,Arrest,2025-01-18,Tumakuru
4618,5321,7392,Arrest,2025-02-06,Tumakuru
4619,5322,7393,Arrest,2024-06-12,Bengaluru City
4620,5323,7394,Arrest,2025-07-07,Bengaluru Rural
4621,5324,7396,Arrest,2025-12-28,Mangaluru (Dakshina Kannada)
4622,5326,7398,Arrest,2023-01-23,Udupi
4623,5327,7399,Surrender,2025-10-14,Bidar
4624,5329,7402,Arrest,2027-01-01,Kolar
4625,5329,7403,Arrest,2027-02-03,Kolar
4626,5330,7404,Arrest,2025-11-24,Belagavi
4627,5331,7405,Arrest,2026-08-22,Tumakuru
4628,5332,7407,Arrest,2023-04-01,Belagavi
4629,5334,7409,Arrest,2022-04-22,Kodagu
4630,5335,7410,Arrest,2026-07-07,Kalaburagi
4631,5338,7413,Arrest,2025-07-20,Chitradurga
4632,5338,7414,Arrest,2025-07-07,Chitradurga
4633,5339,7415,Arrest,2022-01-20,Bengaluru Rural
4634,5339,7416,Surrender,2022-01-26,Bengaluru Rural
4635,5340,7417,Arrest,2023-10-14,Davanagere
4636,5341,7419,Surrender,2026-07-22,Udupi
4637,5341,7420,Surrender,2026-07-22,Udupi
4638,5343,7422,Arrest,2025-07-23,Kolar
4639,5343,7423,Arrest,2025-06-29,Kolar
4640,5344,7424,Arrest,2025-02-21,Bengaluru City
4641,5345,7425,Surrender,2023-03-25,Bengaluru Rural
4642,5348,7428,Arrest,2025-04-21,Mangaluru (Dakshina Kannada)
4643,5349,7429,Arrest,2023-04-26,Kolar
4644,5350,7432,Arrest,2023-11-15,Kolar
4645,5351,7433,Surrender,2025-02-23,Belagavi
4646,5352,7436,Arrest,2023-10-22,Bengaluru City
4647,5353,7437,Arrest,2022-06-22,Haveri
4648,5353,7438,Surrender,2022-06-26,Haveri
4649,5354,7439,Surrender,2026-10-17,Udupi
4650,5355,7440,Surrender,2023-09-19,Bengaluru Rural
4651,5355,7441,Arrest,2023-10-17,Bengaluru Rural
4652,5356,7442,Arrest,2024-11-23,Kodagu
4653,5358,7445,Arrest,2026-07-02,Mangaluru (Dakshina Kannada)
4654,5359,7446,Arrest,2024-05-24,Mangaluru (Dakshina Kannada)
4655,5361,7448,Arrest,2025-10-21,Shivamogga
4656,5362,7449,Arrest,2026-07-10,Mysuru
4657,5363,7450,Arrest,2026-06-19,Belagavi
4658,5363,7451,Arrest,2026-07-21,Belagavi
4659,5365,7452,Arrest,2023-07-21,Hubballi-Dharwad
4660,5366,7453,Arrest,2026-11-03,Chamarajanagar
4661,5368,7455,Arrest,2022-11-15,Kalaburagi
4662,5368,7456,Arrest,2022-12-19,Kalaburagi
4663,5370,7457,Arrest,2022-02-28,Mysuru
4664,5370,7459,Arrest,2022-03-29,Mysuru
4665,5371,7460,Arrest,2024-05-21,Koppal
4666,5371,7461,Arrest,2024-05-25,Koppal
4667,5373,7462,Arrest,2023-05-23,Raichur
4668,5374,7463,Arrest,2025-11-02,Mysuru
4669,5376,7466,Arrest,2024-02-18,Udupi
4670,5381,7471,Arrest,2025-07-01,Davanagere
4671,5382,7472,Arrest,2026-04-23,Belagavi
4672,5384,7475,Arrest,2025-09-05,Bengaluru Rural
4673,5388,7479,Arrest,2022-06-04,Bengaluru Rural
4674,5390,7481,Arrest,2024-03-11,Kodagu
4675,5391,7482,Arrest,2026-11-20,Belagavi
4676,5392,7483,Arrest,2026-01-24,Kalaburagi
4677,5392,7484,Arrest,2025-12-25,Kalaburagi
4678,5393,7486,Surrender,2025-07-05,Belagavi
4679,5394,7487,Arrest,2025-10-12,Belagavi
4680,5394,7488,Arrest,2025-10-29,Belagavi
4681,5398,7491,Arrest,2022-02-18,Shivamogga
4682,5398,7492,Arrest,2022-02-13,Shivamogga
4683,5401,7496,Arrest,2026-05-20,Vijayapura
4684,5403,7499,Arrest,2023-09-28,Bengaluru Rural
4685,5404,7500,Arrest,2025-11-26,Raichur
4686,5405,7501,Arrest,2026-03-01,Haveri
4687,5406,7502,Arrest,2025-01-11,Davanagere
4688,5406,7503,Arrest,2025-01-03,Davanagere
4689,5407,7505,Arrest,2022-10-07,Bengaluru Rural
4690,5408,7506,Arrest,2025-06-08,Kodagu
4691,5408,7507,Arrest,2025-06-04,Kodagu
4692,5410,7510,Surrender,2024-11-07,Davanagere
4693,5411,7511,Arrest,2026-05-01,Kalaburagi
4694,5413,7515,Arrest,2025-06-07,Belagavi
4695,5415,7517,Arrest,2025-05-20,Bengaluru Rural
4696,5416,7518,Surrender,2024-10-18,Kodagu
4697,5418,7520,Arrest,2025-09-19,Bengaluru Rural
4698,5418,7521,Arrest,2025-09-14,Bengaluru Rural
4699,5419,7522,Arrest,2024-04-20,Ballari
4700,5420,7524,Surrender,2026-05-26,Belagavi
4701,5422,7526,Arrest,2023-06-27,Kodagu
4702,5423,7527,Arrest,2023-11-23,Udupi
4703,5424,7528,Arrest,2022-04-18,Belagavi
4704,5426,7530,Arrest,2025-05-02,Bengaluru Rural
4705,5426,7531,Arrest,2025-05-07,Bengaluru Rural
4706,5429,7533,Surrender,2022-06-02,Tumakuru
4707,5429,7535,Arrest,2022-05-30,Tumakuru
4708,5430,7536,Arrest,2022-11-15,Haveri
4709,5431,7537,Arrest,2022-11-22,Bengaluru Rural
4710,5433,7538,Arrest,2024-10-25,Belagavi
4711,5435,7540,Arrest,2024-01-31,Mangaluru (Dakshina Kannada)
4712,5436,7543,Arrest,2025-06-04,Bengaluru City
4713,5436,7544,Surrender,2025-06-30,Bengaluru City
4714,5439,7546,Arrest,2025-04-25,Davanagere
4715,5440,7547,Arrest,2026-12-18,Hassan
4716,5440,7548,Arrest,2026-12-15,Hassan
4717,5441,7549,Arrest,2026-03-08,Hubballi-Dharwad
4718,5441,7550,Surrender,2026-03-14,Hubballi-Dharwad
4719,5443,7555,Arrest,2022-03-03,Bengaluru Rural
4720,5444,7556,Arrest,2024-06-11,Hassan
4721,5445,7557,Arrest,2022-11-29,Mangaluru (Dakshina Kannada)
4722,5445,7558,Arrest,2022-10-18,Mangaluru (Dakshina Kannada)
4723,5446,7559,Arrest,2024-02-20,Davanagere
4724,5446,7560,Arrest,2024-01-19,Davanagere
4725,5446,7561,Arrest,2024-01-22,Davanagere
4726,5447,7563,Arrest,2025-06-05,Koppal
4727,5448,7564,Arrest,2024-05-29,Mangaluru (Dakshina Kannada)
4728,5449,7565,Arrest,2025-10-05,Ballari
4729,5449,7566,Arrest,2025-10-04,Ballari
4730,5450,7567,Arrest,2022-01-16,Mangaluru (Dakshina Kannada)
4731,5450,7568,Arrest,2022-01-19,Mangaluru (Dakshina Kannada)
4732,5451,7569,Arrest,2026-02-17,Tumakuru
4733,5455,7571,Arrest,2023-10-19,Belagavi
4734,5456,7572,Arrest,2023-04-02,Hassan
4735,5456,7573,Arrest,2023-04-19,Hassan
4736,5458,7575,Arrest,2022-09-28,Mangaluru (Dakshina Kannada)
4737,5460,7579,Arrest,2026-06-25,Bengaluru City
4738,5460,7580,Arrest,2026-06-13,Bengaluru City
4739,5461,7581,Surrender,2025-09-29,Bengaluru Rural
4740,5463,7583,Arrest,2023-05-28,Bidar
4741,5464,7584,Arrest,2022-02-07,Gadag
4742,5468,7587,Arrest,2023-08-28,Udupi
4743,5469,7588,Arrest,2026-10-20,Udupi
4744,5469,7589,Arrest,2026-09-21,Udupi
4745,5470,7590,Arrest,2025-01-14,Belagavi
4746,5471,7592,Arrest,2023-05-05,Bidar
4747,5471,7593,Arrest,2023-05-25,Bidar
4748,5472,7594,Arrest,2022-10-29,Belagavi
4749,5472,7595,Arrest,2022-09-24,Belagavi
4750,5472,7596,Arrest,2022-10-26,Belagavi
4751,5473,7597,Arrest,2023-02-27,Mysuru
4752,5475,7599,Surrender,2026-06-28,Bengaluru City
4753,5477,7601,Arrest,2026-07-17,Ramanagara
4754,5478,7602,Surrender,2024-01-30,Tumakuru
4755,5479,7603,Arrest,2026-12-12,Kodagu
4756,5480,7604,Arrest,2024-12-01,Koppal
4757,5481,7606,Arrest,2023-08-10,Ballari
4758,5486,7611,Arrest,2026-08-24,Ballari
4759,5486,7613,Arrest,2026-09-12,Ballari
4760,5488,7615,Arrest,2025-03-28,Udupi
4761,5489,7616,Arrest,2025-09-15,Bidar
4762,5490,7617,Arrest,2023-12-22,Kodagu
4763,5494,7620,Arrest,2022-06-04,Kalaburagi
4764,5495,7622,Arrest,2026-05-27,Tumakuru
4765,5496,7623,Arrest,2022-07-28,Belagavi
4766,5497,7624,Surrender,2025-07-18,Belagavi
4767,5497,7625,Surrender,2025-08-09,Belagavi
4768,5497,7626,Surrender,2025-07-23,Belagavi
4769,5498,7627,Arrest,2022-02-01,Raichur
4770,5499,7628,Arrest,2026-05-25,Mangaluru (Dakshina Kannada)
4771,5502,7630,Arrest,2025-03-30,Ramanagara
4772,5502,7631,Arrest,2025-04-16,Ramanagara
4773,5502,7632,Arrest,2025-03-05,Ramanagara
4774,5503,7633,Surrender,2025-04-05,Hassan
4775,5503,7634,Arrest,2025-04-14,Hassan
4776,5504,7636,Arrest,2022-03-26,Chitradurga
4777,5505,7637,Arrest,2024-12-11,Shivamogga
4778,5505,7638,Arrest,2024-11-21,Shivamogga
4779,5506,7639,Arrest,2023-12-09,Mangaluru (Dakshina Kannada)
4780,5506,7640,Arrest,2023-10-31,Mangaluru (Dakshina Kannada)
4781,5507,7641,Arrest,2024-05-13,Belagavi
4782,5507,7642,Arrest,2024-05-05,Belagavi
4783,5510,7645,Arrest,2022-05-30,Bidar
4784,5511,7646,Arrest,2024-01-04,Koppal
4785,5514,7650,Arrest,2023-01-05,Kolar
4786,5514,7651,Arrest,2022-12-13,Kolar
4787,5516,7652,Arrest,2024-10-24,Chamarajanagar
4788,5518,7654,Arrest,2022-02-21,Vijayapura
4789,5518,7655,Surrender,2022-03-01,Vijayapura
4790,5519,7658,Arrest,2022-03-19,Hassan
4791,5520,7659,Surrender,2024-05-04,Mangaluru (Dakshina Kannada)
4792,5520,7660,Arrest,2024-04-24,Mangaluru (Dakshina Kannada)
4793,5521,7661,Arrest,2025-06-26,Tumakuru
4794,5521,7662,Arrest,2025-07-11,Tumakuru
4795,5521,7663,Surrender,2025-06-19,Tumakuru
4796,5523,7665,Arrest,2025-01-07,Gadag
4797,5523,7666,Arrest,2025-01-08,Gadag
4798,5524,7667,Surrender,2025-03-25,Bengaluru City
4799,5525,7668,Arrest,2027-01-04,Bengaluru Rural
4800,5526,7670,Surrender,2025-05-17,Belagavi
4801,5528,7671,Arrest,2026-03-26,Vijayapura
4802,5528,7672,Arrest,2026-04-29,Vijayapura
4803,5529,7673,Arrest,2025-12-09,Chamarajanagar
4804,5530,7675,Arrest,2026-09-30,Davanagere
4805,5531,7676,Arrest,2026-03-21,Bidar
4806,5532,7678,Surrender,2023-12-18,Bengaluru Rural
4807,5533,7680,Surrender,2023-10-27,Mangaluru (Dakshina Kannada)
4808,5534,7681,Arrest,2026-02-07,Tumakuru
4809,5537,7684,Arrest,2024-01-19,Belagavi
4810,5538,7686,Arrest,2024-02-26,Belagavi
4811,5538,7687,Arrest,2024-02-05,Belagavi
4812,5539,7688,Arrest,2026-01-10,Hassan
4813,5540,7689,Arrest,2025-12-27,Belagavi
4814,5540,7690,Arrest,2026-01-15,Belagavi
4815,5541,7692,Arrest,2023-01-09,Davanagere
4816,5542,7693,Arrest,2024-07-07,Mandya
4817,5542,7695,Arrest,2024-07-20,Mandya
4818,5545,7697,Arrest,2024-04-14,Bidar
4819,5547,7700,Arrest,2022-05-05,Davanagere
4820,5549,7702,Arrest,2025-01-31,Hubballi-Dharwad
4821,5551,7703,Arrest,2024-11-03,Yadgir
4822,5552,7704,Arrest,2026-03-19,Bengaluru Rural
4823,5554,7706,Arrest,2026-01-24,Mysuru
4824,5556,7709,Arrest,2024-12-06,Raichur
4825,5556,7710,Arrest,2024-12-18,Raichur
4826,5557,7711,Arrest,2026-02-13,Raichur
4827,5558,7713,Arrest,2023-01-17,Belagavi
4828,5558,7714,Arrest,2023-01-22,Belagavi
4829,5559,7715,Surrender,2024-11-15,Bengaluru City
4830,5561,7716,Surrender,2024-10-12,Mysuru
4831,5562,7717,Arrest,2026-02-16,Ramanagara
4832,5563,7719,Arrest,2024-12-27,Uttara Kannada
4833,5564,7720,Arrest,2026-02-11,Udupi
4834,5565,7721,Arrest,2026-06-15,Kolar
4835,5566,7723,Arrest,2024-10-21,Bengaluru Rural
4836,5567,7724,Arrest,2022-10-17,Raichur
4837,5568,7726,Arrest,2025-01-02,Bidar
4838,5570,7727,Surrender,2026-06-10,Tumakuru
4839,5571,7728,Arrest,2023-06-23,Bengaluru City
4840,5572,7729,Arrest,2024-02-03,Hassan
4841,5572,7730,Arrest,2024-02-17,Hassan
4842,5573,7732,Arrest,2022-02-28,Ramanagara
4843,5574,7734,Arrest,2026-03-03,Bengaluru Rural
4844,5575,7737,Arrest,2023-03-07,Mangaluru (Dakshina Kannada)
4845,5576,7738,Arrest,2023-12-04,Yadgir
4846,5576,7739,Surrender,2023-11-22,Yadgir
4847,5577,7741,Arrest,2023-11-04,Ramanagara
4848,5578,7742,Arrest,2024-08-27,Udupi
4849,5583,7748,Arrest,2024-07-31,Mysuru
4850,5585,7750,Surrender,2025-11-20,Chamarajanagar
4851,5586,7752,Arrest,2025-05-30,Bengaluru City
4852,5587,7753,Arrest,2026-06-20,Chitradurga
4853,5590,7756,Surrender,2026-05-27,Ballari
4854,5594,7759,Arrest,2025-05-16,Kodagu
4855,5596,7760,Arrest,2026-05-26,Mangaluru (Dakshina Kannada)
4856,5598,7762,Arrest,2026-08-04,Tumakuru
4857,5599,7764,Arrest,2024-03-17,Ramanagara
4858,5600,7765,Surrender,2024-01-06,Belagavi
4859,5601,7767,Arrest,2026-01-21,Belagavi
4860,5602,7768,Arrest,2022-10-05,Bagalkot
4861,5603,7769,Arrest,2025-01-16,Haveri
4862,5603,7770,Surrender,2025-02-24,Haveri
4863,5604,7771,Arrest,2026-06-07,Koppal
4864,5606,7774,Arrest,2024-10-30,Belagavi
4865,5607,7775,Arrest,2025-04-05,Gadag
4866,5608,7776,Arrest,2023-11-10,Shivamogga
4867,5610,7778,Arrest,2025-09-18,Chamarajanagar
4868,5610,7779,Arrest,2025-09-18,Chamarajanagar
4869,5611,7781,Arrest,2024-12-20,Belagavi
4870,5613,7784,Arrest,2025-01-19,Chamarajanagar
4871,5614,7785,Surrender,2025-03-06,Hubballi-Dharwad
4872,5615,7786,Arrest,2024-01-30,Bengaluru City
4873,5615,7787,Arrest,2024-03-06,Bengaluru City
4874,5616,7789,Arrest,2022-02-23,Tumakuru
4875,5619,7792,Arrest,2026-08-20,Davanagere
4876,5620,7794,Surrender,2023-09-05,Chamarajanagar
4877,5621,7796,Arrest,2026-11-13,Bengaluru City
4878,5621,7797,Arrest,2026-10-21,Bengaluru City
4879,5622,7798,Surrender,2023-09-03,Ramanagara
4880,5623,7799,Arrest,2026-12-27,Koppal
4881,5624,7800,Surrender,2026-08-08,Belagavi
4882,5627,7804,Arrest,2026-04-04,Belagavi
4883,5628,7805,Arrest,2026-09-24,Belagavi
4884,5628,7806,Arrest,2026-09-05,Belagavi
4885,5629,7807,Arrest,2025-08-18,Udupi
4886,5631,7810,Surrender,2025-08-13,Bengaluru Rural
4887,5632,7811,Surrender,2025-01-16,Mangaluru (Dakshina Kannada)
4888,5633,7812,Arrest,2025-05-09,Chamarajanagar
4889,5633,7813,Arrest,2025-04-22,Chamarajanagar
4890,5634,7814,Arrest,2024-09-04,Davanagere
4891,5634,7816,Arrest,2024-09-26,Davanagere
4892,5635,7818,Arrest,2024-09-11,Ballari
4893,5636,7819,Arrest,2025-08-01,Raichur
4894,5636,7820,Arrest,2025-07-24,Raichur
4895,5638,7823,Arrest,2025-06-14,Bengaluru Rural
4896,5638,7824,Surrender,2025-06-23,Bengaluru Rural
4897,5638,7825,Arrest,2025-06-01,Bengaluru Rural
4898,5640,7828,Surrender,2026-07-03,Mysuru
4899,5640,7829,Arrest,2026-06-29,Mysuru
4900,5641,7830,Surrender,2023-02-23,Chamarajanagar
4901,5641,7831,Arrest,2023-02-09,Chamarajanagar
4902,5641,7832,Surrender,2023-03-05,Chamarajanagar
4903,5642,7833,Arrest,2023-08-18,Belagavi
4904,5646,7836,Arrest,2023-07-19,Kodagu
4905,5648,7838,Arrest,2026-08-18,Bengaluru Rural
4906,5649,7839,Arrest,2024-04-07,Mangaluru (Dakshina Kannada)
4907,5649,7841,Arrest,2024-03-19,Mangaluru (Dakshina Kannada)
4908,5650,7842,Arrest,2027-01-20,Ramanagara
4909,5650,7843,Arrest,2026-12-27,Ramanagara
4910,5651,7844,Arrest,2026-05-01,Bengaluru Rural
4911,5652,7845,Surrender,2023-11-09,Udupi
4912,5654,7848,Arrest,2024-07-29,Bengaluru Rural
4913,5657,7852,Surrender,2025-03-26,Tumakuru
4914,5658,7853,Arrest,2023-03-31,Belagavi
4915,5658,7854,Arrest,2023-03-25,Belagavi
4916,5660,7855,Arrest,2024-11-23,Chikkamagaluru
4917,5661,7856,Surrender,2025-12-20,Belagavi
4918,5662,7857,Arrest,2022-01-19,Ballari
4919,5662,7858,Arrest,2022-02-05,Ballari
4920,5663,7859,Arrest,2026-08-24,Mysuru
4921,5664,7862,Arrest,2023-01-12,Kodagu
4922,5665,7863,Surrender,2026-09-13,Raichur
4923,5665,7864,Surrender,2026-08-20,Raichur
4924,5667,7866,Arrest,2023-10-23,Kodagu
4925,5668,7867,Surrender,2023-01-10,Mangaluru (Dakshina Kannada)
4926,5669,7868,Arrest,2022-12-08,Kodagu
4927,5669,7869,Arrest,2022-12-14,Kodagu
4928,5670,7870,Arrest,2024-10-10,Davanagere
4929,5673,7874,Arrest,2025-04-19,Mangaluru (Dakshina Kannada)
4930,5674,7876,Arrest,2026-06-12,Mysuru
4931,5675,7879,Arrest,2026-08-13,Hubballi-Dharwad
4932,5675,7880,Arrest,2026-08-09,Hubballi-Dharwad
4933,5677,7882,Arrest,2024-05-31,Mysuru
4934,5677,7883,Arrest,2024-06-08,Mysuru
4935,5680,7886,Arrest,2026-05-24,Kalaburagi
4936,5681,7887,Arrest,2022-04-13,Hassan
4937,5682,7888,Arrest,2023-09-11,Chitradurga
4938,5682,7889,Arrest,2023-10-01,Chitradurga
4939,5683,7890,Arrest,2026-10-01,Kalaburagi
4940,5686,7893,Arrest,2026-07-23,Bengaluru City
4941,5687,7894,Arrest,2024-02-07,Bengaluru Rural
4942,5689,7896,Arrest,2027-01-30,Chamarajanagar
4943,5691,7898,Arrest,2025-04-03,Ramanagara
4944,5692,7899,Arrest,2023-08-20,Bidar
4945,5692,7900,Arrest,2023-09-13,Bidar
4946,5694,7903,Arrest,2025-04-02,Kalaburagi
4947,5695,7904,Surrender,2024-11-28,Udupi
4948,5698,7906,Surrender,2026-12-11,Chamarajanagar
4949,5700,7908,Arrest,2025-08-14,Kolar
4950,5701,7909,Arrest,2022-07-06,Kolar
4951,5703,7912,Arrest,2023-05-13,Hubballi-Dharwad
4952,5703,7913,Arrest,2023-05-12,Hubballi-Dharwad
4953,5704,7914,Arrest,2024-11-06,Bidar
4954,5706,7917,Surrender,2026-03-16,Udupi
4955,5707,7918,Arrest,2026-02-25,Belagavi
4956,5708,7919,Arrest,2025-01-18,Hassan
4957,5709,7920,Arrest,2025-12-17,Belagavi
4958,5712,7923,Surrender,2022-02-18,Ballari
4959,5712,7925,Arrest,2022-01-11,Ballari
4960,5713,7926,Arrest,2025-05-10,Koppal
4961,5714,7927,Surrender,2027-01-02,Haveri
4962,5715,7929,Arrest,2023-12-08,Bengaluru City
4963,5717,7931,Surrender,2022-05-06,Bidar
4964,5719,7933,Surrender,2023-04-14,Shivamogga
4965,5723,7937,Arrest,2026-06-10,Ballari
4966,5723,7938,Surrender,2026-06-20,Ballari
4967,5724,7939,Arrest,2023-04-02,Mysuru
4968,5725,7940,Arrest,2025-09-06,Hassan
4969,5725,7941,Arrest,2025-08-25,Hassan
4970,5725,7942,Arrest,2025-09-11,Hassan
4971,5727,7943,Arrest,2025-09-03,Davanagere
4972,5727,7944,Arrest,2025-08-17,Davanagere
4973,5728,7945,Arrest,2025-12-29,Kolar
4974,5731,7948,Arrest,2023-03-27,Chikkamagaluru
4975,5732,7949,Arrest,2025-02-03,Yadgir
4976,5734,7953,Arrest,2022-03-18,Bengaluru City
4977,5735,7954,Surrender,2024-08-29,Raichur
4978,5735,7955,Arrest,2024-09-19,Raichur
4979,5736,7956,Arrest,2025-11-13,Belagavi
4980,5738,7959,Arrest,2024-03-26,Mangaluru (Dakshina Kannada)
4981,5738,7960,Arrest,2024-03-20,Mangaluru (Dakshina Kannada)
4982,5742,7964,Surrender,2023-08-29,Kalaburagi
4983,5744,7967,Arrest,2026-10-24,Haveri
4984,5746,7972,Surrender,2026-03-29,Tumakuru
4985,5746,7973,Arrest,2026-02-27,Tumakuru
4986,5747,7974,Arrest,2025-01-20,Tumakuru
4987,5748,7975,Arrest,2023-11-18,Bidar
4988,5749,7976,Arrest,2023-04-30,Kolar
4989,5750,7978,Surrender,2024-03-10,Koppal
4990,5751,7979,Arrest,2025-06-13,Bengaluru City
4991,5754,7982,Surrender,2023-01-20,Haveri
4992,5755,7983,Arrest,2022-10-24,Kolar
4993,5755,7985,Arrest,2022-11-27,Kolar
4994,5756,7986,Arrest,2026-08-07,Chikkamagaluru
4995,5757,7988,Arrest,2023-12-15,Hassan
4996,5757,7990,Arrest,2023-12-20,Hassan
4997,5759,7992,Arrest,2022-07-31,Shivamogga
4998,5760,7994,Arrest,2022-04-15,Yadgir
4999,5761,7996,Arrest,2026-02-13,Gadag
5000,5762,7998,Arrest,2025-01-31,Ballari
5001,5763,7999,Arrest,2026-03-13,Kalaburagi
5002,5764,8000,Arrest,2026-11-08,Mysuru
5003,5765,8003,Arrest,2023-09-20,Mysuru
5004,5766,8004,Arrest,2026-03-18,Bengaluru City
5005,5767,8005,Arrest,2024-12-19,Bagalkot
5006,5769,8008,Arrest,2024-02-11,Belagavi
5007,5769,8009,Arrest,2024-02-23,Belagavi
5008,5770,8010,Arrest,2022-05-17,Hassan
5009,5771,8012,Surrender,2025-12-19,Vijayapura
5010,5772,8013,Arrest,2022-09-25,Bengaluru Rural
5011,5773,8014,Arrest,2022-03-02,Tumakuru
5012,5773,8015,Surrender,2022-02-02,Tumakuru
5013,5774,8016,Arrest,2026-01-22,Tumakuru
5014,5774,8017,Surrender,2026-01-22,Tumakuru
5015,5776,8018,Arrest,2026-11-25,Hubballi-Dharwad
5016,5777,8019,Surrender,2025-11-03,Mandya
5017,5777,8020,Surrender,2025-11-01,Mandya
5018,5778,8021,Surrender,2025-04-26,Bengaluru City
5019,5779,8024,Arrest,2023-10-20,Gadag
5020,5780,8025,Arrest,2025-04-25,Hubballi-Dharwad
5021,5780,8026,Arrest,2025-05-27,Hubballi-Dharwad
5022,5781,8027,Arrest,2025-07-14,Tumakuru
5023,5782,8029,Arrest,2025-12-19,Udupi
5024,5782,8031,Surrender,2026-01-05,Udupi
5025,5783,8032,Arrest,2025-07-01,Yadgir
5026,5784,8033,Arrest,2024-05-19,Yadgir
5027,5785,8034,Arrest,2024-02-27,Bengaluru City
5028,5786,8036,Arrest,2026-07-25,Udupi
5029,5786,8037,Arrest,2026-07-19,Udupi
5030,5786,8038,Arrest,2026-07-31,Udupi
5031,5787,8039,Arrest,2025-12-20,Hassan
5032,5789,8041,Surrender,2022-08-24,Belagavi
5033,5789,8042,Arrest,2022-08-15,Belagavi
5034,5789,8043,Arrest,2022-07-31,Belagavi
5035,5790,8044,Surrender,2025-07-13,Vijayapura
5036,5790,8045,Arrest,2025-07-15,Vijayapura
5037,5790,8046,Surrender,2025-06-23,Vijayapura
5038,5792,8047,Arrest,2023-06-08,Bidar
5039,5793,8048,Arrest,2026-05-31,Tumakuru
5040,5794,8049,Arrest,2024-11-08,Belagavi
5041,5794,8050,Arrest,2024-11-21,Belagavi
5042,5795,8052,Arrest,2022-11-29,Koppal
5043,5798,8056,Arrest,2024-07-21,Bidar
5044,5799,8058,Arrest,2026-01-31,Kolar
5045,5799,8059,Arrest,2026-01-26,Kolar
5046,5802,8064,Arrest,2025-11-05,Mysuru
5047,5802,8065,Arrest,2025-11-13,Mysuru
5048,5803,8066,Arrest,2023-01-22,Tumakuru
5049,5803,8067,Arrest,2023-02-01,Tumakuru
5050,5804,8069,Arrest,2024-01-21,Belagavi
5051,5805,8070,Arrest,2026-05-03,Mysuru
5052,5805,8071,Arrest,2026-05-28,Mysuru
5053,5806,8074,Surrender,2023-05-25,Gadag
5054,5808,8077,Arrest,2024-02-04,Belagavi
5055,5808,8078,Arrest,2024-02-10,Belagavi
5056,5810,8080,Arrest,2026-01-02,Hassan
5057,5812,8081,Arrest,2022-02-04,Mangaluru (Dakshina Kannada)
5058,5814,8084,Arrest,2023-09-15,Bagalkot
5059,5815,8085,Arrest,2026-05-10,Ballari
5060,5816,8086,Arrest,2025-08-13,Vijayapura
5061,5817,8088,Arrest,2025-01-18,Mangaluru (Dakshina Kannada)
5062,5818,8089,Arrest,2022-11-11,Chamarajanagar
5063,5819,8090,Arrest,2022-02-09,Kalaburagi
5064,5820,8091,Arrest,2026-03-16,Bengaluru Rural
5065,5821,8092,Arrest,2023-12-10,Bagalkot
5066,5822,8093,Arrest,2025-08-06,Bagalkot
5067,5824,8095,Arrest,2023-09-22,Mangaluru (Dakshina Kannada)
5068,5824,8096,Surrender,2023-09-30,Mangaluru (Dakshina Kannada)
5069,5825,8098,Arrest,2025-05-15,Bidar
5070,5826,8099,Surrender,2022-07-26,Raichur
5071,5827,8100,Arrest,2023-12-31,Chamarajanagar
5072,5827,8101,Arrest,2024-01-21,Chamarajanagar
5073,5828,8102,Surrender,2023-01-02,Udupi
5074,5829,8103,Arrest,2024-02-15,Bengaluru Rural
5075,5832,8107,Surrender,2024-07-04,Ramanagara
5076,5833,8108,Arrest,2023-07-30,Gadag
5077,5834,8109,Surrender,2023-01-21,Mysuru
5078,5836,8110,Arrest,2022-02-06,Mysuru
5079,5837,8111,Arrest,2022-10-07,Mangaluru (Dakshina Kannada)
5080,5840,8115,Arrest,2022-12-08,Davanagere
5081,5841,8116,Arrest,2022-08-28,Bengaluru City
5082,5841,8117,Arrest,2022-09-21,Bengaluru City
5083,5847,8125,Surrender,2025-07-22,Bengaluru City
5084,5847,8126,Arrest,2025-08-18,Bengaluru City
5085,5849,8128,Surrender,2022-04-15,Chamarajanagar
5086,5851,8129,Arrest,2026-08-11,Hassan
5087,5852,8131,Arrest,2025-02-03,Ramanagara
5088,5852,8132,Arrest,2025-02-07,Ramanagara
5089,5853,8133,Arrest,2025-01-26,Mysuru
5090,5855,8136,Surrender,2022-06-17,Mangaluru (Dakshina Kannada)
5091,5855,8137,Arrest,2022-05-19,Mangaluru (Dakshina Kannada)
5092,5856,8139,Surrender,2024-01-04,Hubballi-Dharwad
5093,5857,8140,Surrender,2023-10-21,Kolar
5094,5858,8141,Arrest,2024-01-28,Haveri
5095,5859,8142,Arrest,2022-04-24,Chikkamagaluru
5096,5860,8144,Arrest,2026-09-12,Bengaluru Rural
5097,5861,8145,Arrest,2026-07-25,Bengaluru City
5098,5861,8146,Arrest,2026-08-19,Bengaluru City
5099,5861,8147,Arrest,2026-08-14,Bengaluru City
5100,5863,8149,Surrender,2023-05-13,Hassan
5101,5864,8150,Surrender,2026-05-08,Kolar
5102,5864,8151,Arrest,2026-05-13,Kolar
5103,5865,8152,Surrender,2027-02-02,Bengaluru Rural
5104,5867,8154,Arrest,2025-07-08,Belagavi
5105,5868,8156,Arrest,2024-03-28,Udupi
5106,5868,8157,Surrender,2024-03-16,Udupi
5107,5869,8158,Arrest,2025-06-02,Bengaluru City
5108,5871,8161,Arrest,2023-08-13,Bengaluru Rural
5109,5871,8162,Arrest,2023-07-14,Bengaluru Rural
5110,5872,8163,Arrest,2023-10-14,Bengaluru Rural
5111,5874,8165,Surrender,2024-05-30,Belagavi
5112,5875,8166,Arrest,2025-01-08,Bengaluru City
5113,5877,8168,Arrest,2026-04-14,Mangaluru (Dakshina Kannada)
5114,5878,8169,Surrender,2025-01-15,Belagavi
5115,5879,8170,Arrest,2026-01-06,Gadag
5116,5880,8171,Arrest,2024-03-01,Bengaluru City
5117,5880,8172,Surrender,2024-02-14,Bengaluru City
5118,5882,8176,Arrest,2023-11-18,Belagavi
5119,5882,8177,Surrender,2023-12-05,Belagavi
5120,5886,8181,Arrest,2026-02-07,Kalaburagi
5121,5886,8182,Surrender,2026-01-08,Kalaburagi
5122,5886,8183,Arrest,2026-01-24,Kalaburagi
5123,5887,8185,Arrest,2026-10-24,Tumakuru
5124,5887,8186,Arrest,2026-09-24,Tumakuru
5125,5889,8188,Arrest,2026-03-07,Bengaluru Rural
5126,5891,8190,Arrest,2025-04-27,Chamarajanagar
5127,5892,8191,Arrest,2023-06-08,Bengaluru Rural
5128,5893,8192,Arrest,2026-05-11,Yadgir
5129,5895,8194,Arrest,2025-02-13,Bengaluru Rural
5130,5895,8195,Arrest,2025-01-30,Bengaluru Rural
5131,5895,8196,Arrest,2025-01-05,Bengaluru Rural
5132,5898,8199,Arrest,2025-07-10,Tumakuru
5133,5898,8200,Arrest,2025-06-15,Tumakuru
5134,5900,8202,Arrest,2026-12-10,Kodagu
5135,5902,8205,Arrest,2027-01-23,Haveri
5136,5902,8206,Arrest,2026-12-30,Haveri
5137,5903,8207,Surrender,2026-06-26,Davanagere
5138,5904,8208,Arrest,2026-08-30,Belagavi
5139,5904,8209,Arrest,2026-08-11,Belagavi
5140,5904,8210,Surrender,2026-08-16,Belagavi
5141,5909,8214,Arrest,2025-07-14,Davanagere
5142,5912,8218,Arrest,2022-10-17,Raichur
5143,5913,8219,Arrest,2026-03-13,Kalaburagi
5144,5914,8220,Arrest,2024-02-13,Raichur
5145,5915,8221,Arrest,2022-05-07,Mangaluru (Dakshina Kannada)
5146,5915,8223,Arrest,2022-06-02,Mangaluru (Dakshina Kannada)
5147,5916,8224,Arrest,2026-03-01,Kalaburagi
5148,5917,8225,Arrest,2024-07-27,Mandya
5149,5917,8226,Arrest,2024-08-14,Mandya
5150,5918,8228,Arrest,2025-06-07,Bengaluru Rural
5151,5919,8230,Arrest,2022-08-04,Mandya
5152,5920,8232,Arrest,2022-02-18,Udupi
5153,5922,8234,Surrender,2025-12-14,Mangaluru (Dakshina Kannada)
5154,5923,8235,Arrest,2025-04-17,Bengaluru City
5155,5924,8237,Surrender,2024-03-12,Ballari
5156,5925,8239,Arrest,2024-03-04,Kolar
5157,5926,8240,Arrest,2024-01-26,Koppal
5158,5926,8241,Arrest,2024-02-10,Koppal
5159,5928,8243,Arrest,2025-06-15,Tumakuru
5160,5928,8244,Surrender,2025-05-26,Tumakuru
5161,5929,8245,Arrest,2026-03-06,Hubballi-Dharwad
5162,5930,8246,Arrest,2024-02-15,Ramanagara
5163,5931,8248,Surrender,2023-12-24,Ballari
5164,5934,8250,Arrest,2023-04-07,Mysuru
5165,5935,8252,Arrest,2025-10-19,Bengaluru City
5166,5936,8253,Arrest,2024-05-06,Kodagu
5167,5939,8256,Arrest,2023-11-01,Chikkamagaluru
5168,5941,8258,Arrest,2026-05-06,Chikkamagaluru
5169,5941,8259,Surrender,2026-04-30,Chikkamagaluru
5170,5942,8260,Arrest,2026-08-06,Belagavi
5171,5942,8262,Surrender,2026-09-10,Belagavi
5172,5943,8263,Arrest,2026-03-04,Mangaluru (Dakshina Kannada)
5173,5944,8265,Arrest,2025-09-25,Ramanagara
5174,5946,8267,Surrender,2025-05-30,Bengaluru Rural
5175,5946,8268,Arrest,2025-06-01,Bengaluru Rural
5176,5947,8270,Arrest,2025-09-16,Gadag
5177,5948,8273,Arrest,2025-01-11,Mangaluru (Dakshina Kannada)
5178,5949,8274,Arrest,2025-07-30,Mysuru
5179,5951,8276,Arrest,2026-06-19,Mangaluru (Dakshina Kannada)
5180,5952,8277,Arrest,2026-03-04,Belagavi
5181,5953,8278,Arrest,2024-02-28,Davanagere
5182,5954,8279,Surrender,2026-01-18,Hassan
5183,5956,8282,Arrest,2023-07-27,Tumakuru
5184,5957,8284,Arrest,2023-09-15,Bengaluru City
5185,5958,8285,Arrest,2026-05-09,Shivamogga
5186,5960,8286,Surrender,2024-05-10,Kodagu
5187,5962,8288,Arrest,2024-12-30,Mysuru
5188,5963,8289,Arrest,2024-10-25,Haveri
5189,5963,8290,Arrest,2024-10-29,Haveri
5190,5964,8291,Arrest,2024-03-24,Chikkamagaluru
5191,5964,8292,Arrest,2024-04-06,Chikkamagaluru
5192,5964,8293,Arrest,2024-04-01,Chikkamagaluru
5193,5967,8296,Arrest,2026-07-03,Bengaluru Rural
5194,5968,8297,Arrest,2024-07-19,Mysuru
5195,5968,8299,Arrest,2024-06-30,Mysuru
5196,5969,8300,Arrest,2024-06-07,Udupi
5197,5969,8301,Arrest,2024-06-16,Udupi
5198,5970,8302,Arrest,2026-05-07,Belagavi
5199,5970,8303,Arrest,2026-04-02,Belagavi
5200,5972,8305,Arrest,2026-06-17,Mangaluru (Dakshina Kannada)
5201,5974,8306,Arrest,2023-04-27,Shivamogga
5202,5975,8307,Arrest,2024-04-11,Bagalkot
5203,5976,8308,Arrest,2023-01-15,Vijayapura
5204,5977,8310,Arrest,2026-12-17,Chikkamagaluru
5205,5978,8312,Arrest,2023-05-08,Bengaluru Rural
5206,5980,8314,Arrest,2022-11-26,Mangaluru (Dakshina Kannada)
5207,5982,8316,Arrest,2023-06-22,Udupi
5208,5985,8319,Arrest,2022-05-17,Chitradurga
5209,5986,8320,Arrest,2022-08-01,Bengaluru Rural
5210,5987,8322,Surrender,2025-05-29,Bagalkot
5211,5990,8325,Arrest,2023-07-21,Bidar
5212,5991,8326,Surrender,2023-08-29,Davanagere
5213,5992,8327,Arrest,2023-01-30,Bidar
5214,5992,8328,Surrender,2023-01-09,Bidar
5215,5994,8332,Arrest,2024-12-23,Belagavi
5216,5995,8333,Arrest,2026-10-17,Tumakuru
5217,5997,8335,Arrest,2023-02-06,Chamarajanagar
5218,5997,8336,Arrest,2023-03-03,Chamarajanagar
