CaseMasterID,CrimeNo,District,PoliceStationNo,CrimeRegisteredDate,Year,Month,Hour,TimeOfDay,CaseCategory,GravityOffence,CrimeHead,CrimeSubHead,CaseStatus,latitude,longitude
1,100140004202500001,Bidar,4,2025-02-16,2025,2,14,Afternoon (12PM-6PM),FIR,Non-Heinous,Crimes Against Property,Theft,Charge Sheeted,17.8424,77.46473
2,100010003202200002,Bengaluru City,3,2022-03-19,2022,3,11,Morning (6AM-12PM),FIR,Non-Heinous,Crimes Against Body,Assault,Charge Sheeted,12.96569,77.5692
3,100190003202500003,Hassan,3,2025-10-13,2025,10,1,Night (12AM-6AM),FIR,Non-Heinous,Economic Offences,Cheating,Under Investigation,13.02016,76.06685
4,100050004202300004,Belagavi,4,2023-06-05,2023,6,14,Afternoon (12PM-6PM),FIR,Heinous,Crimes Against Body,Attempt to Murder,Charge Sheeted,15.83637,74.40945
5,100050002202500005,Belagavi,2,2025-11-12,2025,11,8,Morning (6AM-12PM),FIR,Non-Heinous,Economic Offences,Forgery,Charge Sheeted,15.82052,74.49447
6,700030003202200006,Mysuru,3,2022-04-27,2022,4,23,Evening (6PM-12AM),Zero FIR,Non-Heinous,Economic Offences,Cheating,False Case,12.31295,76.71776
7,100220002202300007,Yadgir,2,2023-09-05,2023,9,17,Afternoon (12PM-6PM),FIR,Non-Heinous,Crimes Against Body,Assault,Undetected,16.75239,77.15785
8,100020004202400008,Bengaluru Rural,4,2024-07-21,2024,7,13,Afternoon (12PM-6PM),FIR,Non-Heinous,Crimes Against Body,Assault,Under Investigation,13.25555,77.53434
9,400020004202300009,Bengaluru Rural,4,2023-07-01,2023,7,23,Evening (6PM-12AM),UDR,Non-Heinous,Crimes Against Women,Domestic Violence,Closed,13.30354,77.62635
10,100230002202400010,Chamarajanagar,2,2024-07-07,2024,7,23,Evening (6PM-12AM),FIR,Non-Heinous,Economic Offences,Forgery,Under Investigation,11.94409,77.04932
11,100030002202200011,Mysuru,2,2022-01-14,2022,1,16,Afternoon (12PM-6PM),FIR,Non-Heinous,Crimes Against Property,Dacoity,False Case,12.25251,76.65839
12,100220003202200012,Yadgir,3,2022-05-25,2022,5,20,Evening (6PM-12AM),PAR,Non-Heinous,Economic Offences,Forgery,Closed,16.76535,77.12007
13,100050004202400013,Belagavi,4,2024-05-07,2024,5,7,Morning (6AM-12PM),FIR,Heinous,Narcotics,NDPS Trafficking,Charge Sheeted,15.95434,74.52404
14,100020004202500014,Bengaluru Rural,4,2025-09-17,2025,9,17,Afternoon (12PM-6PM),FIR,Non-Heinous,Crimes Against Body,Grievous Hurt,Closed,13.37527,77.59225
15,100100002202600015,Shivamogga,2,2026-12-22,2026,12,5,Night (12AM-6AM),FIR,Heinous,Narcotics,NDPS Trafficking,Under Investigation,13.9807,75.53384
16,100170004202500016,Kolar,4,2025-12-26,2025,12,14,Afternoon (12PM-6PM),PAR,Non-Heinous,Crimes Against Property,Burglary,Closed,13.16945,78.26946
17,100190001202200017,Hassan,1,2022-05-27,2022,5,16,Afternoon (12PM-6PM),FIR,Non-Heinous,Economic Offences,Cheating,Undetected,13.01419,76.14811
18,100030001202600018,Mysuru,1,2026-08-25,2026,8,0,Night (12AM-6AM),FIR,Non-Heinous,Crimes Against Body,Murder,Under Investigation,12.15578,76.5987
19,100020001202500019,Bengaluru Rural,1,2025-01-06,2025,1,2,Night (12AM-6AM),FIR,Non-Heinous,Public Order,Unlawful Assembly,Under Investigation,13.31308,77.54613
20,100140001202500020,Bidar,1,2025-06-04,2025,6,12,Afternoon (12PM-6PM),FIR,Non-Heinous,Crimes Against Women,Molestation,Undetected,17.90253,77.54083
21,100040002202300021,Mangaluru (Dakshina Kannada),2,2023-02-22,2023,2,14,Afternoon (12PM-6PM),FIR,Heinous,Crimes Against Women,Sexual Assault,Charge Sheeted,12.84706,74.82848
22,100050002202600022,Belagavi,2,2026-08-06,2026,8,10,Morning (6AM-12PM),FIR,Non-Heinous,Crimes Against Women,Dowry Harassment,False Case,15.88455,74.49429
23,100010001202600023,Bengaluru City,1,2026-09-24,2026,9,17,Afternoon (12PM-6PM),FIR,Heinous,Crimes Against Women,Domestic Violence,Undetected,12.99769,77.56103
24,400140001202200024,Bidar,1,2022-12-21,2022,12,12,Afternoon (12PM-6PM),UDR,Non-Heinous,Crimes Against Body,Grievous Hurt,Charge Sheeted,17.85714,77.60005
25,100240004202200025,Kodagu,4,2022-08-07,2022,8,4,Night (12AM-6AM),FIR,Heinous,Crimes Against Women,Molestation,Under Investigation,12.35236,75.79615
26,700090004202600026,Tumakuru,4,2026-09-24,2026,9,10,Morning (6AM-12PM),Zero FIR,Heinous,Crimes Against Women,Sexual Assault,Charge Sheeted,13.28457,77.11306
27,100040002202500027,Mangaluru (Dakshina Kannada),2,2025-01-20,2025,1,23,Evening (6PM-12AM),FIR,Non-Heinous,Crimes Against Women,Sexual Assault,Closed,12.84472,74.83837
28,400080003202600028,Ballari,3,2026-06-02,2026,6,19,Evening (6PM-12AM),UDR,Non-Heinous,Crimes Against Body,Murder,False Case,15.16629,76.82026
29,700150004202200029,Chikkamagaluru,4,2022-10-11,2022,10,14,Afternoon (12PM-6PM),Zero FIR,Non-Heinous,Crimes Against Property,Robbery,Charge Sheeted,13.29178,75.65579
30,100210001202600030,Koppal,1,2026-08-09,2026,8,12,Afternoon (12PM-6PM),PAR,Non-Heinous,Crimes Against Women,Domestic Violence,Charge Sheeted,15.32327,76.26567
31,700050003202400031,Belagavi,3,2024-11-26,2024,11,12,Afternoon (12PM-6PM),Zero FIR,Non-Heinous,Crimes Against Property,Robbery,Under Investigation,15.87862,74.46634
32,100110004202600032,Davanagere,4,2026-04-18,2026,4,10,Morning (6AM-12PM),FIR,Non-Heinous,Crimes Against Property,Dacoity,Closed,14.43435,75.89568
33,100100002202400033,Shivamogga,2,2024-01-02,2024,1,15,Afternoon (12PM-6PM),FIR,Heinous,Crimes Against Body,Attempt to Murder,Under Investigation,13.96875,75.56728
34,100040001202400034,Mangaluru (Dakshina Kannada),1,2024-11-25,2024,11,11,Morning (6AM-12PM),FIR,Non-Heinous,Crimes Against Women,Molestation,Under Investigation,12.84693,74.88287
35,100230004202300035,Chamarajanagar,4,2023-10-16,2023,10,10,Morning (6AM-12PM),FIR,Non-Heinous,Crimes Against Women,Sexual Assault,Under Investigation,11.96198,76.97215
36,100160004202500036,Udupi,4,2025-10-09,2025,10,3,Night (12AM-6AM),FIR,Non-Heinous,Crimes Against Body,Grievous Hurt,Under Investigation,13.26274,74.73903
37,100010001202500037,Bengaluru City,1,2025-04-10,2025,4,15,Afternoon (12PM-6PM),FIR,Non-Heinous,Economic Offences,Cheating,Under Investigation,13.03315,77.59693
38,100020004202600038,Bengaluru Rural,4,2026-08-11,2026,8,11,Morning (6AM-12PM),FIR,Heinous,Narcotics,NDPS Possession,False Case,13.21488,77.427
39,100110001202200039,Davanagere,1,2022-10-25,2022,10,20,Evening (6PM-12AM),FIR,Non-Heinous,Crimes Against Body,Assault,Under Investigation,14.46653,76.02702
40,100060004202200040,Kalaburagi,4,2022-05-09,2022,5,16,Afternoon (12PM-6PM),FIR,Non-Heinous,Crimes Against Property,Theft,Under Investigation,17.3262,76.83934
41,700140001202400041,Bidar,1,2024-11-03,2024,11,3,Night (12AM-6AM),Zero FIR,Non-Heinous,Cyber Crime,Identity Theft,False Case,17.84373,77.44958
42,100040002202300042,Mangaluru (Dakshina Kannada),2,2023-02-11,2023,2,14,Afternoon (12PM-6PM),FIR,Non-Heinous,Cyber Crime,Cyberstalking,Charge Sheeted,12.92025,74.84715
43,100040002202300043,Mangaluru (Dakshina Kannada),2,2023-04-05,2023,4,1,Night (12AM-6AM),FIR,Non-Heinous,Cyber Crime,Phishing,Charge Sheeted,12.93893,74.84206
44,100010002202200044,Bengaluru City,2,2022-04-01,2022,4,7,Morning (6AM-12PM),FIR,Non-Heinous,Crimes Against Women,Domestic Violence,Under Investigation,12.79576,77.61757
45,100010002202400045,Bengaluru City,2,2024-04-12,2024,4,3,Night (12AM-6AM),PAR,Heinous,Crimes Against Women,Molestation,Closed,13.03788,77.56986
46,100240003202600046,Kodagu,3,2026-04-27,2026,4,18,Evening (6PM-12AM),PAR,Non-Heinous,Crimes Against Property,Robbery,Charge Sheeted,12.33092,75.82806
47,100020002202500047,Bengaluru Rural,2,2025-02-20,2025,2,15,Afternoon (12PM-6PM),FIR,Non-Heinous,Crimes Against Body,Assault,False Case,13.2219,77.49274
48,100270003202500048,Bagalkot,3,2025-09-07,2025,9,1,Night (12AM-6AM),FIR,Non-Heinous,Public Order,Rioting,Closed,16.13742,75.66352
49,100230003202600049,Chamarajanagar,3,2026-01-21,2026,1,5,Night (12AM-6AM),FIR,Non-Heinous,Crimes Against Property,Dacoity,Under Investigation,11.94827,76.9527
50,100020002202400050,Bengaluru Rural,2,2024-06-27,2024,6,22,Evening (6PM-12AM),FIR,Non-Heinous,Crimes Against Property,Theft,Undetected,13.29923,77.54493
51,100150003202200051,Chikkamagaluru,3,2022-12-16,2022,12,4,Night (12AM-6AM),FIR,Non-Heinous,Crimes Against Property,Robbery,Closed,13.32692,75.73264
52,100050002202600052,Belagavi,2,2026-01-25,2026,1,19,Evening (6PM-12AM),FIR,Non-Heinous,Crimes Against Property,Burglary,Closed,15.78057,74.48327
53,700190002202200053,Hassan,2,2022-05-18,2022,5,8,Morning (6AM-12PM),Zero FIR,Non-Heinous,Crimes Against Body,Murder,Charge Sheeted,13.0888,76.0926
54,100190004202200054,Hassan,4,2022-03-10,2022,3,4,Night (12AM-6AM),FIR,Non-Heinous,Crimes Against Body,Murder,Under Investigation,12.97221,76.14437
55,100010002202200055,Bengaluru City,2,2022-10-11,2022,10,11,Morning (6AM-12PM),FIR,Non-Heinous,Crimes Against Property,Burglary,False Case,12.92588,77.60352
56,100140002202300056,Bidar,2,2023-11-25,2023,11,19,Evening (6PM-12AM),FIR,Heinous,Narcotics,NDPS Possession,Charge Sheeted,17.85481,77.609
57,100050004202300057,Belagavi,4,2023-01-12,2023,1,4,Night (12AM-6AM),FIR,Non-Heinous,Economic Offences,Cheating,Under Investigation,15.74106,74.36271
58,100280002202400058,Haveri,2,2024-03-08,2024,3,23,Evening (6PM-12AM),FIR,Non-Heinous,Crimes Against Property,Dacoity,Under Investigation,14.82783,75.44149
59,100250002202400059,Ramanagara,2,2024-08-08,2024,8,10,Morning (6AM-12PM),FIR,Non-Heinous,Crimes Against Women,Molestation,Charge Sheeted,12.76817,77.27889
60,100250004202500060,Ramanagara,4,2025-02-19,2025,2,15,Afternoon (12PM-6PM),PAR,Non-Heinous,Crimes Against Property,Dacoity,Charge Sheeted,12.68572,77.3784
61,100040004202300061,Mangaluru (Dakshina Kannada),4,2023-06-21,2023,6,5,Night (12AM-6AM),PAR,Non-Heinous,Narcotics,NDPS Trafficking,Under Investigation,12.91731,74.73094
62,100150003202400062,Chikkamagaluru,3,2024-02-04,2024,2,0,Night (12AM-6AM),FIR,Non-Heinous,Crimes Against Property,Dacoity,Under Investigation,13.36062,75.65932
63,100270002202200063,Bagalkot,2,2022-03-20,2022,3,12,Afternoon (12PM-6PM),PAR,Non-Heinous,Crimes Against Body,Assault,Under Investigation,16.28388,75.69157
64,100050001202300064,Belagavi,1,2023-07-08,2023,7,4,Night (12AM-6AM),FIR,Non-Heinous,Economic Offences,Cheating,False Case,15.87399,74.40138
65,100090001202400065,Tumakuru,1,2024-11-11,2024,11,4,Night (12AM-6AM),FIR,Non-Heinous,Crimes Against Body,Attempt to Murder,Charge Sheeted,13.42654,77.08475
66,700040004202200066,Mangaluru (Dakshina Kannada),4,2022-05-05,2022,5,3,Night (12AM-6AM),Zero FIR,Non-Heinous,Crimes Against Women,Domestic Violence,Closed,12.88897,74.98978
67,100110004202300067,Davanagere,4,2023-08-09,2023,8,4,Night (12AM-6AM),FIR,Non-Heinous,Crimes Against Property,Robbery,Closed,14.44814,75.86606
68,100010004202500068,Bengaluru City,4,2025-06-20,2025,6,15,Afternoon (12PM-6PM),FIR,Non-Heinous,Crimes Against Body,Grievous Hurt,Charge Sheeted,12.95207,77.62519
69,100090001202500069,Tumakuru,1,2025-10-15,2025,10,5,Night (12AM-6AM),FIR,Non-Heinous,Cyber Crime,Identity Theft,Closed,13.20228,77.10585
70,100190001202500070,Hassan,1,2025-07-21,2025,7,8,Morning (6AM-12PM),FIR,Non-Heinous,Crimes Against Property,Dacoity,Under Investigation,13.00454,76.06515
71,100190003202400071,Hassan,3,2024-03-08,2024,3,0,Night (12AM-6AM),FIR,Non-Heinous,Crimes Against Property,Burglary,Under Investigation,12.96301,76.18122
72,100110004202600072,Davanagere,4,2026-07-20,2026,7,5,Night (12AM-6AM),PAR,Non-Heinous,Cyber Crime,Online Fraud,False Case,14.44875,75.9722
73,100220002202300073,Yadgir,2,2023-12-25,2023,12,7,Morning (6AM-12PM),FIR,Non-Heinous,Economic Offences,Forgery,Under Investigation,16.77192,77.18138
74,100100003202600074,Shivamogga,3,2026-10-03,2026,10,8,Morning (6AM-12PM),FIR,Non-Heinous,Crimes Against Property,Robbery,Under Investigation,13.84671,75.4835
75,400020002202400075,Bengaluru Rural,2,2024-10-05,2024,10,4,Night (12AM-6AM),UDR,Non-Heinous,Crimes Against Property,Theft,False Case,13.26157,77.57129
76,100040001202200076,Mangaluru (Dakshina Kannada),1,2022-11-24,2022,11,2,Night (12AM-6AM),FIR,Non-Heinous,Cyber Crime,Cyberstalking,Closed,12.80819,74.91443
77,100200003202600077,Chitradurga,3,2026-05-21,2026,5,17,Afternoon (12PM-6PM),FIR,Non-Heinous,Crimes Against Women,Molestation,Undetected,14.27471,76.40622
78,100020004202400078,Bengaluru Rural,4,2024-08-24,2024,8,12,Afternoon (12PM-6PM),PAR,Non-Heinous,Crimes Against Property,Dacoity,False Case,13.27095,77.4571
79,100050001202600079,Belagavi,1,2026-01-23,2026,1,9,Morning (6AM-12PM),FIR,Heinous,Narcotics,NDPS Trafficking,False Case,15.81779,74.42276
80,700180001202500080,Mandya,1,2025-09-04,2025,9,10,Morning (6AM-12PM),Zero FIR,Non-Heinous,Crimes Against Women,Molestation,Charge Sheeted,12.56266,76.88901
81,700020003202200081,Bengaluru Rural,3,2022-01-20,2022,1,13,Afternoon (12PM-6PM),Zero FIR,Non-Heinous,Cyber Crime,Online Fraud,Closed,13.27174,77.46748
82,100050003202500082,Belagavi,3,2025-08-24,2025,8,21,Evening (6PM-12AM),FIR,Non-Heinous,Crimes Against Property,Dacoity,Closed,15.81032,74.46376
83,100080004202600083,Ballari,4,2026-03-23,2026,3,19,Evening (6PM-12AM),FIR,Non-Heinous,Crimes Against Women,Domestic Violence,Charge Sheeted,15.15721,76.84059
84,100270003202400084,Bagalkot,3,2024-08-05,2024,8,3,Night (12AM-6AM),FIR,Non-Heinous,Crimes Against Body,Murder,Closed,16.14946,75.65472
85,100090003202600085,Tumakuru,3,2026-06-23,2026,6,19,Evening (6PM-12AM),FIR,Non-Heinous,Crimes Against Property,Theft,Under Investigation,13.37776,77.17326
86,100110002202400086,Davanagere,2,2024-07-12,2024,7,9,Morning (6AM-12PM),FIR,Non-Heinous,Cyber Crime,Phishing,Under Investigation,14.51714,75.83196
87,100040004202200087,Mangaluru (Dakshina Kannada),4,2022-03-25,2022,3,13,Afternoon (12PM-6PM),FIR,Non-Heinous,Crimes Against Body,Murder,Charge Sheeted,12.84902,74.94075
88,100170003202500088,Kolar,3,2025-12-26,2025,12,13,Afternoon (12PM-6PM),FIR,Non-Heinous,Crimes Against Property,Burglary,Under Investigation,13.22153,78.10239
89,100070004202300089,Hubballi-Dharwad,4,2023-06-16,2023,6,22,Evening (6PM-12AM),FIR,Non-Heinous,Crimes Against Body,Grievous Hurt,Undetected,15.36664,75.13284
90,100230001202500090,Chamarajanagar,1,2025-12-17,2025,12,15,Afternoon (12PM-6PM),FIR,Heinous,Crimes Against Body,Grievous Hurt,Closed,11.99134,76.94229
91,100030003202600091,Mysuru,3,2026-09-06,2026,9,20,Evening (6PM-12AM),PAR,Non-Heinous,Crimes Against Property,Robbery,Under Investigation,12.22213,76.50858
92,100230002202500092,Chamarajanagar,2,2025-04-23,2025,4,19,Evening (6PM-12AM),FIR,Non-Heinous,Crimes Against Women,Sexual Assault,Charge Sheeted,11.90943,76.90154
93,100050002202500093,Belagavi,2,2025-08-12,2025,8,0,Night (12AM-6AM),FIR,Non-Heinous,Crimes Against Property,Burglary,Closed,15.85156,74.48258
94,100010003202500094,Bengaluru City,3,2025-10-25,2025,10,6,Morning (6AM-12PM),PAR,Non-Heinous,Cyber Crime,Cyberstalking,Undetected,12.94448,77.55465
95,100290001202200095,Gadag,1,2022-01-13,2022,1,12,Afternoon (12PM-6PM),PAR,Non-Heinous,Crimes Against Property,Burglary,Charge Sheeted,15.44056,75.62802
96,100040001202600096,Mangaluru (Dakshina Kannada),1,2026-06-09,2026,6,12,Afternoon (12PM-6PM),FIR,Non-Heinous,Public Order,Rioting,Under Investigation,12.92092,74.90021
97,100230003202500097,Chamarajanagar,3,2025-04-06,2025,4,10,Morning (6AM-12PM),FIR,Heinous,Crimes Against Body,Attempt to Murder,Under Investigation,11.92683,76.98059
98,100010001202600098,Bengaluru City,1,2026-08-07,2026,8,0,Night (12AM-6AM),FIR,Heinous,Crimes Against Body,Assault,Under Investigation,12.89443,77.59253
99,700250004202400099,Ramanagara,4,2024-10-26,2024,10,7,Morning (6AM-12PM),Zero FIR,Non-Heinous,Cyber Crime,Online Fraud,False Case,12.77083,77.28688
100,100010001202600100,Bengaluru City,1,2026-02-22,2026,2,14,Afternoon (12PM-6PM),FIR,Non-Heinous,Economic Offences,Criminal Breach of Trust,Charge Sheeted,13.00138,77.64927
101,100110001202400101,Davanagere,1,2024-06-23,2024,6,16,Afternoon (12PM-6PM),PAR,Non-Heinous,Cyber Crime,Phishing,False Case,14.47934,75.97258
102,100030002202400102,Mysuru,2,2024-02-16,2024,2,11,Morning (6AM-12PM),FIR,Non-Heinous,Crimes Against Body,Attempt to Murder,Charge Sheeted,12.33381,76.6757
103,100020002202600103,Bengaluru Rural,2,2026-11-21,2026,11,11,Morning (6AM-12PM),FIR,Non-Heinous,Crimes Against Property,Theft,Charge Sheeted,13.22874,77.49405
104,100050004202500104,Belagavi,4,2025-10-09,2025,10,12,Afternoon (12PM-6PM),FIR,Non-Heinous,Economic Offences,Forgery,Charge Sheeted,15.89712,74.55648
105,100130001202500105,Raichur,1,2025-09-16,2025,9,20,Evening (6PM-12AM),FIR,Non-Heinous,Economic Offences,Cheating,Under Investigation,16.33875,77.36294
106,100050001202200106,Belagavi,1,2022-01-20,2022,1,21,Evening (6PM-12AM),PAR,Non-Heinous,Cyber Crime,Online Fraud,Closed,15.70682,74.55973
107,100050004202300107,Belagavi,4,2023-03-03,2023,3,18,Evening (6PM-12AM),FIR,Non-Heinous,Crimes Against Property,Robbery,Under Investigation,15.88758,74.5522
108,100020003202400108,Bengaluru Rural,3,2024-02-19,2024,2,19,Evening (6PM-12AM),FIR,Heinous,Crimes Against Women,Molestation,Under Investigation,13.259,77.6239
109,100040004202500109,Mangaluru (Dakshina Kannada),4,2025-10-12,2025,10,21,Evening (6PM-12AM),PAR,Heinous,Crimes Against Women,Molestation,False Case,12.99623,74.85936
110,100040001202400110,Mangaluru (Dakshina Kannada),1,2024-04-22,2024,4,20,Evening (6PM-12AM),FIR,Non-Heinous,Crimes Against Women,Dowry Harassment,Under Investigation,12.92975,74.85398
111,100050001202200111,Belagavi,1,2022-08-06,2022,8,23,Evening (6PM-12AM),FIR,Non-Heinous,Crimes Against Property,Burglary,Charge Sheeted,15.88879,74.535
112,100160001202600112,Udupi,1,2026-04-06,2026,4,12,Afternoon (12PM-6PM),FIR,Non-Heinous,Crimes Against Property,Burglary,Charge Sheeted,13.28791,74.78943
113,100130002202600113,Raichur,2,2026-01-25,2026,1,17,Afternoon (12PM-6PM),FIR,Non-Heinous,Crimes Against Women,Molestation,Charge Sheeted,16.24771,77.41369
114,100120001202500114,Vijayapura,1,2025-05-18,2025,5,4,Night (12AM-6AM),FIR,Non-Heinous,Cyber Crime,Cyberstalking,Charge Sheeted,16.73135,75.72744
115,100220002202500115,Yadgir,2,2025-12-16,2025,12,17,Afternoon (12PM-6PM),FIR,Non-Heinous,Economic Offences,Criminal Breach of Trust,Charge Sheeted,16.73606,77.14366
116,100190002202600116,Hassan,2,2026-05-25,2026,5,14,Afternoon (12PM-6PM),FIR,Non-Heinous,Narcotics,NDPS Possession,False Case,13.04017,76.0442
117,100250003202600117,Ramanagara,3,2026-01-15,2026,1,21,Evening (6PM-12AM),FIR,Non-Heinous,Crimes Against Property,Burglary,Under Investigation,12.64291,77.27192
118,100240003202300118,Kodagu,3,2023-12-25,2023,12,22,Evening (6PM-12AM),FIR,Non-Heinous,Crimes Against Women,Sexual Assault,Closed,12.44649,75.75403
119,100050003202600119,Belagavi,3,2026-07-17,2026,7,7,Morning (6AM-12PM),FIR,Non-Heinous,Crimes Against Property,Robbery,Closed,15.71815,74.46482
120,100100003202500120,Shivamogga,3,2025-09-13,2025,9,0,Night (12AM-6AM),PAR,Heinous,Crimes Against Body,Attempt to Murder,Charge Sheeted,13.93056,75.65426
121,100080002202400121,Ballari,2,2024-11-21,2024,11,18,Evening (6PM-12AM),FIR,Non-Heinous,Crimes Against Body,Grievous Hurt,Under Investigation,15.17727,76.95021
122,400090002202600122,Tumakuru,2,2026-02-08,2026,2,7,Morning (6AM-12PM),UDR,Non-Heinous,Economic Offences,Cheating,False Case,13.41759,77.21824
123,100100001202400123,Shivamogga,1,2024-08-17,2024,8,5,Night (12AM-6AM),FIR,Non-Heinous,Economic Offences,Criminal Breach of Trust,Closed,13.95029,75.59571
124,100110002202200124,Davanagere,2,2022-05-09,2022,5,20,Evening (6PM-12AM),FIR,Non-Heinous,Crimes Against Property,Dacoity,Charge Sheeted,14.40483,75.91001
125,100230002202300125,Chamarajanagar,2,2023-02-16,2023,2,18,Evening (6PM-12AM),FIR,Non-Heinous,Crimes Against Property,Robbery,Under Investigation,11.86443,76.94226
126,100280001202300126,Haveri,1,2023-08-23,2023,8,3,Night (12AM-6AM),FIR,Non-Heinous,Economic Offences,Forgery,Undetected,14.80969,75.34737
127,700070003202300127,Hubballi-Dharwad,3,2023-04-21,2023,4,7,Morning (6AM-12PM),Zero FIR,Non-Heinous,Crimes Against Property,Theft,Under Investigation,15.40616,75.21016
128,100190002202400128,Hassan,2,2024-03-05,2024,3,4,Night (12AM-6AM),FIR,Heinous,Crimes Against Body,Assault,Closed,12.92913,76.04058
129,400260001202400129,Chikkaballapur,1,2024-02-19,2024,2,19,Evening (6PM-12AM),UDR,Non-Heinous,Crimes Against Body,Assault,Under Investigation,13.36669,77.72302
130,100160001202500130,Udupi,1,2025-09-13,2025,9,9,Morning (6AM-12PM),FIR,Non-Heinous,Economic Offences,Forgery,Undetected,13.44455,74.71436
131,100190004202600131,Hassan,4,2026-01-14,2026,1,10,Morning (6AM-12PM),FIR,Heinous,Crimes Against Body,Grievous Hurt,Closed,12.97771,76.09249
132,100050004202500132,Belagavi,4,2025-08-02,2025,8,23,Evening (6PM-12AM),FIR,Non-Heinous,Cyber Crime,Phishing,Under Investigation,15.74042,74.60286
133,100040002202300133,Mangaluru (Dakshina Kannada),2,2023-05-16,2023,5,14,Afternoon (12PM-6PM),FIR,Non-Heinous,Cyber Crime,Online Fraud,Charge Sheeted,12.88713,74.94478
134,100020004202400134,Bengaluru Rural,4,2024-04-23,2024,4,9,Morning (6AM-12PM),FIR,Non-Heinous,Crimes Against Women,Molestation,Charge Sheeted,13.3013,77.47144
135,100110003202300135,Davanagere,3,2023-05-01,2023,5,9,Morning (6AM-12PM),FIR,Non-Heinous,Crimes Against Body,Murder,Charge Sheeted,14.61404,75.86689
136,100230001202200136,Chamarajanagar,1,2022-03-22,2022,3,23,Evening (6PM-12AM),FIR,Heinous,Crimes Against Body,Assault,Charge Sheeted,11.96157,76.8986
137,100020003202300137,Bengaluru Rural,3,2023-08-01,2023,8,20,Evening (6PM-12AM),FIR,Non-Heinous,Economic Offences,Cheating,Under Investigation,13.33823,77.59914
138,100050001202500138,Belagavi,1,2025-12-05,2025,12,4,Night (12AM-6AM),PAR,Non-Heinous,Crimes Against Body,Grievous Hurt,Closed,15.8206,74.61098
139,100200002202600139,Chitradurga,2,2026-08-25,2026,8,13,Afternoon (12PM-6PM),FIR,Heinous,Crimes Against Women,Domestic Violence,Undetected,14.30029,76.46188
140,100020002202600140,Bengaluru Rural,2,2026-08-16,2026,8,7,Morning (6AM-12PM),FIR,Non-Heinous,Cyber Crime,Online Fraud,False Case,13.3806,77.57935
141,100090002202500141,Tumakuru,2,2025-03-09,2025,3,9,Morning (6AM-12PM),FIR,Non-Heinous,Economic Offences,Cheating,Charge Sheeted,13.29372,77.119
142,100280001202400142,Haveri,1,2024-04-18,2024,4,18,Evening (6PM-12AM),FIR,Non-Heinous,Economic Offences,Cheating,Closed,14.71432,75.37758
143,100050001202400143,Belagavi,1,2024-11-12,2024,11,3,Night (12AM-6AM),FIR,Non-Heinous,Crimes Against Property,Robbery,Undetected,15.96767,74.40483
144,100030002202200144,Mysuru,2,2022-10-09,2022,10,18,Evening (6PM-12AM),FIR,Non-Heinous,Cyber Crime,Cyberstalking,Charge Sheeted,12.35923,76.66212
145,100030001202600145,Mysuru,1,2026-09-21,2026,9,1,Night (12AM-6AM),FIR,Non-Heinous,Crimes Against Property,Robbery,Under Investigation,12.30415,76.63365
146,100110004202200146,Davanagere,4,2022-03-20,2022,3,22,Evening (6PM-12AM),FIR,Non-Heinous,Crimes Against Property,Theft,Under Investigation,14.53511,75.93375
147,100140002202500147,Bidar,2,2025-01-20,2025,1,7,Morning (6AM-12PM),FIR,Heinous,Crimes Against Body,Murder,Under Investigation,17.84387,77.53367
148,100290001202500148,Gadag,1,2025-12-04,2025,12,20,Evening (6PM-12AM),FIR,Non-Heinous,Crimes Against Property,Robbery,Undetected,15.43891,75.55209
149,100170004202600149,Kolar,4,2026-02-04,2026,2,6,Morning (6AM-12PM),FIR,Non-Heinous,Crimes Against Body,Murder,Closed,13.17746,78.16257
150,400180002202400150,Mandya,2,2024-08-01,2024,8,1,Night (12AM-6AM),UDR,Non-Heinous,Crimes Against Property,Burglary,Closed,12.53855,76.91203
151,100020004202600151,Bengaluru Rural,4,2026-02-07,2026,2,8,Morning (6AM-12PM),FIR,Non-Heinous,Crimes Against Property,Robbery,False Case,13.22954,77.4827
152,100010004202200152,Bengaluru City,4,2022-02-19,2022,2,0,Night (12AM-6AM),FIR,Non-Heinous,Crimes Against Property,Burglary,Under Investigation,12.90076,77.58765
153,100130003202400153,Raichur,3,2024-08-04,2024,8,10,Morning (6AM-12PM),FIR,Non-Heinous,Crimes Against Property,Robbery,Charge Sheeted,16.26771,77.43192
154,100170001202200154,Kolar,1,2022-04-06,2022,4,0,Night (12AM-6AM),PAR,Non-Heinous,Crimes Against Women,Molestation,Charge Sheeted,13.20204,78.17428
155,100210003202500155,Koppal,3,2025-06-26,2025,6,9,Morning (6AM-12PM),FIR,Non-Heinous,Economic Offences,Forgery,Undetected,15.32448,76.17532
156,100100003202600156,Shivamogga,3,2026-10-08,2026,10,4,Night (12AM-6AM),FIR,Non-Heinous,Economic Offences,Criminal Breach of Trust,Under Investigation,13.91112,75.51899
157,100110002202400157,Davanagere,2,2024-05-05,2024,5,16,Afternoon (12PM-6PM),FIR,Non-Heinous,Crimes Against Property,Theft,Charge Sheeted,14.5288,75.89743
158,700070003202200158,Hubballi-Dharwad,3,2022-08-25,2022,8,7,Morning (6AM-12PM),Zero FIR,Non-Heinous,Crimes Against Property,Dacoity,Undetected,15.40694,75.06346
159,100040003202200159,Mangaluru (Dakshina Kannada),3,2022-07-07,2022,7,23,Evening (6PM-12AM),PAR,Heinous,Crimes Against Body,Murder,Under Investigation,12.89531,74.86593
160,100010002202600160,Bengaluru City,2,2026-08-14,2026,8,8,Morning (6AM-12PM),FIR,Non-Heinous,Crimes Against Women,Domestic Violence,Under Investigation,12.9755,77.61982
161,100190001202400161,Hassan,1,2024-05-02,2024,5,16,Afternoon (12PM-6PM),FIR,Non-Heinous,Crimes Against Women,Dowry Harassment,Closed,12.948,76.08581
162,100110002202400162,Davanagere,2,2024-05-15,2024,5,19,Evening (6PM-12AM),PAR,Non-Heinous,Economic Offences,Forgery,Charge Sheeted,14.52751,75.83086
163,100020004202600163,Bengaluru Rural,4,2026-08-21,2026,8,18,Evening (6PM-12AM),FIR,Non-Heinous,Crimes Against Property,Burglary,Charge Sheeted,13.28508,77.54708
164,700190004202500164,Hassan,4,2025-11-05,2025,11,19,Evening (6PM-12AM),Zero FIR,Heinous,Crimes Against Women,Sexual Assault,Charge Sheeted,12.98349,76.16886
165,700040003202500165,Mangaluru (Dakshina Kannada),3,2025-10-07,2025,10,7,Morning (6AM-12PM),Zero FIR,Non-Heinous,Economic Offences,Forgery,Under Investigation,12.8352,74.77313
166,400100004202500166,Shivamogga,4,2025-08-03,2025,8,21,Evening (6PM-12AM),UDR,Non-Heinous,Crimes Against Body,Attempt to Murder,Charge Sheeted,13.97387,75.58403
167,400020001202600167,Bengaluru Rural,1,2026-08-22,2026,8,14,Afternoon (12PM-6PM),UDR,Non-Heinous,Economic Offences,Forgery,Charge Sheeted,13.27373,77.58086
168,100240003202600168,Kodagu,3,2026-03-12,2026,3,6,Morning (6AM-12PM),FIR,Non-Heinous,Crimes Against Women,Domestic Violence,Under Investigation,12.24236,75.75167
169,100040001202400169,Mangaluru (Dakshina Kannada),1,2024-02-23,2024,2,8,Morning (6AM-12PM),FIR,Non-Heinous,Economic Offences,Criminal Breach of Trust,Closed,13.01043,74.91894
170,100110002202300170,Davanagere,2,2023-09-01,2023,9,15,Afternoon (12PM-6PM),FIR,Heinous,Crimes Against Body,Murder,Charge Sheeted,14.565,75.96484
171,100030002202600171,Mysuru,2,2026-01-07,2026,1,16,Afternoon (12PM-6PM),FIR,Non-Heinous,Crimes Against Property,Burglary,Under Investigation,12.2921,76.65794
172,100010003202500172,Bengaluru City,3,2025-01-05,2025,1,17,Afternoon (12PM-6PM),FIR,Heinous,Crimes Against Body,Attempt to Murder,Undetected,12.97581,77.64297
173,700190002202400173,Hassan,2,2024-08-17,2024,8,1,Night (12AM-6AM),Zero FIR,Heinous,Crimes Against Body,Murder,Charge Sheeted,13.0774,76.06042
174,100190004202600174,Hassan,4,2026-10-11,2026,10,17,Afternoon (12PM-6PM),FIR,Non-Heinous,Economic Offences,Forgery,Closed,12.99561,76.02506
175,100080004202300175,Ballari,4,2023-06-06,2023,6,19,Evening (6PM-12AM),FIR,Heinous,Crimes Against Body,Grievous Hurt,False Case,15.11363,76.94028
176,100290004202400176,Gadag,4,2024-02-09,2024,2,5,Night (12AM-6AM),FIR,Heinous,Crimes Against Body,Attempt to Murder,Closed,15.43921,75.6028
177,100270002202200177,Bagalkot,2,2022-12-17,2022,12,16,Afternoon (12PM-6PM),FIR,Non-Heinous,Crimes Against Property,Robbery,Under Investigation,16.20492,75.65508
178,100020003202500178,Bengaluru Rural,3,2025-10-17,2025,10,6,Morning (6AM-12PM),FIR,Non-Heinous,Crimes Against Women,Sexual Assault,Under Investigation,13.30153,77.56882
179,100130004202400179,Raichur,4,2024-06-17,2024,6,13,Afternoon (12PM-6PM),FIR,Non-Heinous,Crimes Against Property,Burglary,Closed,16.16969,77.33562
180,100130001202300180,Raichur,1,2023-05-04,2023,5,10,Morning (6AM-12PM),FIR,Non-Heinous,Cyber Crime,Identity Theft,Under Investigation,16.24037,77.41173
181,700070004202200181,Hubballi-Dharwad,4,2022-02-26,2022,2,19,Evening (6PM-12AM),Zero FIR,Non-Heinous,Cyber Crime,Identity Theft,Closed,15.35443,75.02442
182,100050004202400182,Belagavi,4,2024-08-15,2024,8,4,Night (12AM-6AM),FIR,Non-Heinous,Crimes Against Body,Grievous Hurt,Charge Sheeted,15.82427,74.45378
183,100050004202600183,Belagavi,4,2026-11-09,2026,11,13,Afternoon (12PM-6PM),FIR,Non-Heinous,Crimes Against Women,Dowry Harassment,Charge Sheeted,15.76674,74.49242
184,700030002202500184,Mysuru,2,2025-10-05,2025,10,7,Morning (6AM-12PM),Zero FIR,Heinous,Crimes Against Body,Murder,Charge Sheeted,12.33865,76.56837
185,100020002202500185,Bengaluru Rural,2,2025-09-06,2025,9,15,Afternoon (12PM-6PM),FIR,Non-Heinous,Crimes Against Body,Murder,Closed,13.24105,77.48107
186,100280001202400186,Haveri,1,2024-09-03,2024,9,0,Night (12AM-6AM),FIR,Non-Heinous,Crimes Against Body,Murder,Charge Sheeted,14.73116,75.3146
187,100010001202500187,Bengaluru City,1,2025-12-18,2025,12,6,Morning (6AM-12PM),FIR,Non-Heinous,Crimes Against Property,Dacoity,Under Investigation,12.92627,77.53122
188,400110002202200188,Davanagere,2,2022-05-18,2022,5,7,Morning (6AM-12PM),UDR,Non-Heinous,Economic Offences,Criminal Breach of Trust,Charge Sheeted,14.46107,75.91939
189,400210001202600189,Koppal,1,2026-05-21,2026,5,3,Night (12AM-6AM),UDR,Heinous,Crimes Against Women,Domestic Violence,Closed,15.3066,76.17257
190,100080001202400190,Ballari,1,2024-05-08,2024,5,2,Night (12AM-6AM),PAR,Non-Heinous,Crimes Against Women,Molestation,Charge Sheeted,15.09867,76.9821
191,700160004202600191,Udupi,4,2026-06-08,2026,6,10,Morning (6AM-12PM),Zero FIR,Non-Heinous,Crimes Against Property,Robbery,Under Investigation,13.44427,74.75236
192,100210003202600192,Koppal,3,2026-05-11,2026,5,14,Afternoon (12PM-6PM),FIR,Non-Heinous,Crimes Against Women,Domestic Violence,False Case,15.34564,76.11321
193,100060004202500193,Kalaburagi,4,2025-10-01,2025,10,12,Afternoon (12PM-6PM),FIR,Non-Heinous,Crimes Against Property,Burglary,Closed,17.35224,76.88625
194,100270003202500194,Bagalkot,3,2025-04-27,2025,4,17,Afternoon (12PM-6PM),FIR,Non-Heinous,Crimes Against Women,Sexual Assault,Closed,16.23067,75.66241
195,100040001202500195,Mangaluru (Dakshina Kannada),1,2025-12-04,2025,12,16,Afternoon (12PM-6PM),FIR,Non-Heinous,Crimes Against Body,Murder,Under Investigation,13.00223,74.85779
196,100030001202500196,Mysuru,1,2025-07-06,2025,7,23,Evening (6PM-12AM),FIR,Heinous,Crimes Against Women,Molestation,Under Investigation,12.28297,76.58077
197,400010003202300197,Bengaluru City,3,2023-09-22,2023,9,20,Evening (6PM-12AM),UDR,Non-Heinous,Crimes Against Women,Dowry Harassment,Charge Sheeted,12.97726,77.71427
198,100230002202200198,Chamarajanagar,2,2022-11-01,2022,11,12,Afternoon (12PM-6PM),PAR,Non-Heinous,Crimes Against Property,Dacoity,False Case,11.85534,76.88414
199,100050004202500199,Belagavi,4,2025-01-02,2025,1,21,Evening (6PM-12AM),FIR,Non-Heinous,Crimes Against Body,Assault,Charge Sheeted,15.89902,74.53228
200,100090001202500200,Tumakuru,1,2025-07-09,2025,7,8,Morning (6AM-12PM),FIR,Heinous,Crimes Against Body,Murder,Undetected,13.33995,77.13534
201,100130003202600201,Raichur,3,2026-10-22,2026,10,18,Evening (6PM-12AM),FIR,Non-Heinous,Economic Offences,Criminal Breach of Trust,Charge Sheeted,16.16624,77.37143
202,100270001202600202,Bagalkot,1,2026-09-20,2026,9,12,Afternoon (12PM-6PM),FIR,Non-Heinous,Economic Offences,Criminal Breach of Trust,Closed,16.14309,75.69254
203,100280001202600203,Haveri,1,2026-07-11,2026,7,11,Morning (6AM-12PM),FIR,Heinous,Crimes Against Women,Molestation,Under Investigation,14.78255,75.32813
204,100090001202600204,Tumakuru,1,2026-07-25,2026,7,12,Afternoon (12PM-6PM),FIR,Non-Heinous,Cyber Crime,Online Fraud,Under Investigation,13.36273,77.09079
205,100230001202300205,Chamarajanagar,1,2023-05-18,2023,5,1,Night (12AM-6AM),FIR,Non-Heinous,Cyber Crime,Online Fraud,Closed,11.94583,76.96036
206,100020001202300206,Bengaluru Rural,1,2023-04-01,2023,4,19,Evening (6PM-12AM),FIR,Non-Heinous,Economic Offences,Forgery,Charge Sheeted,13.37631,77.61529
207,100090003202500207,Tumakuru,3,2025-05-04,2025,5,20,Evening (6PM-12AM),FIR,Non-Heinous,Public Order,Unlawful Assembly,Charge Sheeted,13.26903,77.12264
208,100030004202500208,Mysuru,4,2025-12-27,2025,12,2,Night (12AM-6AM),FIR,Non-Heinous,Crimes Against Property,Dacoity,Under Investigation,12.26041,76.57122
209,100190004202200209,Hassan,4,2022-04-21,2022,4,12,Afternoon (12PM-6PM),PAR,Heinous,Crimes Against Women,Sexual Assault,Under Investigation,13.08276,76.03797
210,700070001202300210,Hubballi-Dharwad,1,2023-05-21,2023,5,18,Evening (6PM-12AM),Zero FIR,Heinous,Crimes Against Women,Dowry Harassment,Under Investigation,15.40949,75.07888
211,100110004202500211,Davanagere,4,2025-12-19,2025,12,23,Evening (6PM-12AM),FIR,Non-Heinous,Cyber Crime,Cyberstalking,Closed,14.46121,75.82248
212,100090002202400212,Tumakuru,2,2024-07-08,2024,7,4,Night (12AM-6AM),FIR,Non-Heinous,Cyber Crime,Identity Theft,Under Investigation,13.33906,77.20132
213,100190002202200213,Hassan,2,2022-08-15,2022,8,12,Afternoon (12PM-6PM),FIR,Non-Heinous,Economic Offences,Cheating,Charge Sheeted,13.02378,76.05749
214,100240004202300214,Kodagu,4,2023-11-14,2023,11,0,Night (12AM-6AM),PAR,Heinous,Crimes Against Body,Murder,Under Investigation,12.35691,75.72452
215,100050003202200215,Belagavi,3,2022-06-15,2022,6,15,Afternoon (12PM-6PM),PAR,Non-Heinous,Crimes Against Body,Grievous Hurt,False Case,15.78633,74.5168
216,100030001202300216,Mysuru,1,2023-09-04,2023,9,0,Night (12AM-6AM),FIR,Non-Heinous,Crimes Against Property,Burglary,Undetected,12.33723,76.70287
217,100210002202200217,Koppal,2,2022-09-04,2022,9,18,Evening (6PM-12AM),FIR,Non-Heinous,Economic Offences,Forgery,Charge Sheeted,15.30539,76.1763
218,100040003202300218,Mangaluru (Dakshina Kannada),3,2023-06-09,2023,6,20,Evening (6PM-12AM),FIR,Heinous,Crimes Against Women,Molestation,Under Investigation,12.94086,74.84984
219,100090004202300219,Tumakuru,4,2023-06-20,2023,6,10,Morning (6AM-12PM),FIR,Non-Heinous,Crimes Against Women,Molestation,Charge Sheeted,13.36825,77.2074
220,100040002202500220,Mangaluru (Dakshina Kannada),2,2025-10-12,2025,10,13,Afternoon (12PM-6PM),FIR,Non-Heinous,Crimes Against Body,Assault,Under Investigation,12.94754,74.84906
221,100250003202400221,Ramanagara,3,2024-08-07,2024,8,9,Morning (6AM-12PM),FIR,Heinous,Crimes Against Women,Dowry Harassment,Closed,12.83207,77.30451
222,100050004202400222,Belagavi,4,2024-07-06,2024,7,13,Afternoon (12PM-6PM),FIR,Non-Heinous,Crimes Against Property,Robbery,Undetected,15.84856,74.49516
223,100110002202300223,Davanagere,2,2023-07-20,2023,7,6,Morning (6AM-12PM),FIR,Heinous,Crimes Against Body,Attempt to Murder,Under Investigation,14.36703,75.90028
224,100030004202400224,Mysuru,4,2024-09-23,2024,9,13,Afternoon (12PM-6PM),FIR,Non-Heinous,Crimes Against Body,Attempt to Murder,Closed,12.2841,76.60382
225,400150002202500225,Chikkamagaluru,2,2025-04-08,2025,4,9,Morning (6AM-12PM),UDR,Non-Heinous,Crimes Against Body,Assault,Charge Sheeted,13.26313,75.73699
226,100070001202300226,Hubballi-Dharwad,1,2023-02-08,2023,2,9,Morning (6AM-12PM),FIR,Non-Heinous,Crimes Against Property,Robbery,Under Investigation,15.34719,75.25851
227,100090004202600227,Tumakuru,4,2026-04-08,2026,4,20,Evening (6PM-12AM),FIR,Heinous,Crimes Against Body,Grievous Hurt,Charge Sheeted,13.36822,77.03153
228,100120001202500228,Vijayapura,1,2025-02-19,2025,2,20,Evening (6PM-12AM),FIR,Non-Heinous,Economic Offences,Forgery,Charge Sheeted,16.67119,75.68957
229,700090003202300229,Tumakuru,3,2023-11-24,2023,11,21,Evening (6PM-12AM),Zero FIR,Non-Heinous,Cyber Crime,Phishing,Under Investigation,13.37266,77.01376
230,100050003202600230,Belagavi,3,2026-09-18,2026,9,18,Evening (6PM-12AM),FIR,Non-Heinous,Crimes Against Property,Burglary,Charge Sheeted,15.96255,74.48886
231,100140002202500231,Bidar,2,2025-07-07,2025,7,14,Afternoon (12PM-6PM),FIR,Non-Heinous,Public Order,Rioting,Under Investigation,17.78952,77.45882
232,100010004202500232,Bengaluru City,4,2025-04-22,2025,4,1,Night (12AM-6AM),FIR,Non-Heinous,Crimes Against Property,Robbery,Charge Sheeted,13.0443,77.50665
233,100030002202600233,Mysuru,2,2026-04-03,2026,4,8,Morning (6AM-12PM),FIR,Non-Heinous,Cyber Crime,Phishing,Charge Sheeted,12.26914,76.69562
234,100060001202300234,Kalaburagi,1,2023-10-03,2023,10,4,Night (12AM-6AM),FIR,Non-Heinous,Cyber Crime,Phishing,Charge Sheeted,17.36658,76.90961
235,700010001202500235,Bengaluru City,1,2025-01-07,2025,1,4,Night (12AM-6AM),Zero FIR,Non-Heinous,Economic Offences,Forgery,Closed,13.02997,77.57435
236,100030003202300236,Mysuru,3,2023-01-12,2023,1,3,Night (12AM-6AM),FIR,Heinous,Narcotics,NDPS Possession,Under Investigation,12.29428,76.69005
237,100050004202400237,Belagavi,4,2024-05-23,2024,5,8,Morning (6AM-12PM),FIR,Non-Heinous,Crimes Against Property,Theft,Closed,15.85859,74.5314
238,100020003202600238,Bengaluru Rural,3,2026-10-22,2026,10,18,Evening (6PM-12AM),FIR,Heinous,Crimes Against Body,Attempt to Murder,Charge Sheeted,13.2428,77.57971
239,100110004202400239,Davanagere,4,2024-09-26,2024,9,7,Morning (6AM-12PM),FIR,Non-Heinous,Economic Offences,Forgery,False Case,14.51388,75.80862
240,100250002202200240,Ramanagara,2,2022-12-17,2022,12,15,Afternoon (12PM-6PM),FIR,Non-Heinous,Cyber Crime,Cyberstalking,Under Investigation,12.66114,77.21824
241,100140002202400241,Bidar,2,2024-08-01,2024,8,8,Morning (6AM-12PM),FIR,Non-Heinous,Economic Offences,Cheating,Charge Sheeted,17.78325,77.57335
242,100020001202200242,Bengaluru Rural,1,2022-11-13,2022,11,3,Night (12AM-6AM),FIR,Non-Heinous,Economic Offences,Forgery,Charge Sheeted,13.31515,77.53883
243,100030002202300243,Mysuru,2,2023-01-01,2023,1,21,Evening (6PM-12AM),FIR,Non-Heinous,Crimes Against Property,Burglary,Closed,12.34352,76.73819
244,100090001202300244,Tumakuru,1,2023-06-19,2023,6,19,Evening (6PM-12AM),FIR,Non-Heinous,Crimes Against Property,Robbery,Closed,13.33862,77.11808
245,100050002202200245,Belagavi,2,2022-02-25,2022,2,20,Evening (6PM-12AM),PAR,Non-Heinous,Economic Offences,Cheating,False Case,15.77146,74.59533
246,100110004202300246,Davanagere,4,2023-02-20,2023,2,7,Morning (6AM-12PM),FIR,Non-Heinous,Crimes Against Property,Robbery,Closed,14.43848,75.86441
247,100300003202300247,Uttara Kannada,3,2023-12-05,2023,12,9,Morning (6AM-12PM),FIR,Non-Heinous,Crimes Against Property,Burglary,Closed,14.80039,74.72868
248,100180004202300248,Mandya,4,2023-06-05,2023,6,6,Morning (6AM-12PM),FIR,Non-Heinous,Crimes Against Women,Sexual Assault,Under Investigation,12.47724,76.96759
249,100240004202600249,Kodagu,4,2026-10-09,2026,10,10,Morning (6AM-12PM),FIR,Non-Heinous,Crimes Against Property,Burglary,Under Investigation,12.35765,75.76272
250,100160001202300250,Udupi,1,2023-08-05,2023,8,5,Night (12AM-6AM),FIR,Non-Heinous,Economic Offences,Cheating,Closed,13.26642,74.65285
251,100080003202400251,Ballari,3,2024-05-09,2024,5,7,Morning (6AM-12PM),FIR,Non-Heinous,Crimes Against Property,Burglary,Closed,15.02865,76.9288
252,100050004202300252,Belagavi,4,2023-09-20,2023,9,8,Morning (6AM-12PM),FIR,Heinous,Narcotics,NDPS Possession,Charge Sheeted,15.80528,74.49517
253,400020002202600253,Bengaluru Rural,2,2026-02-01,2026,2,17,Afternoon (12PM-6PM),UDR,Heinous,Narcotics,NDPS Possession,Charge Sheeted,13.23417,77.5553
254,100020004202500254,Bengaluru Rural,4,2025-09-03,2025,9,15,Afternoon (12PM-6PM),FIR,Non-Heinous,Narcotics,NDPS Possession,Under Investigation,13.30237,77.61349
255,100030002202400255,Mysuru,2,2024-04-13,2024,4,15,Afternoon (12PM-6PM),FIR,Non-Heinous,Economic Offences,Criminal Breach of Trust,Charge Sheeted,12.35535,76.71291
256,700110001202400256,Davanagere,1,2024-04-07,2024,4,10,Morning (6AM-12PM),Zero FIR,Non-Heinous,Crimes Against Property,Robbery,Under Investigation,14.4995,75.99234
257,100010003202600257,Bengaluru City,3,2026-05-01,2026,5,14,Afternoon (12PM-6PM),FIR,Non-Heinous,Crimes Against Women,Domestic Violence,Closed,13.00834,77.65211
258,100020003202600258,Bengaluru Rural,3,2026-04-10,2026,4,6,Morning (6AM-12PM),FIR,Non-Heinous,Narcotics,NDPS Possession,Under Investigation,13.28003,77.57339
259,100230001202600259,Chamarajanagar,1,2026-06-19,2026,6,14,Afternoon (12PM-6PM),FIR,Non-Heinous,Cyber Crime,Identity Theft,Undetected,11.9578,76.83424
260,100120002202200260,Vijayapura,2,2022-07-07,2022,7,15,Afternoon (12PM-6PM),FIR,Non-Heinous,Economic Offences,Cheating,Charge Sheeted,16.85251,75.76547
261,100050004202500261,Belagavi,4,2025-01-24,2025,1,5,Night (12AM-6AM),FIR,Non-Heinous,Crimes Against Property,Theft,Under Investigation,15.79055,74.45437
262,400040002202500262,Mangaluru (Dakshina Kannada),2,2025-06-02,2025,6,4,Night (12AM-6AM),UDR,Non-Heinous,Cyber Crime,Identity Theft,Charge Sheeted,12.99236,74.76354
263,100040004202600263,Mangaluru (Dakshina Kannada),4,2026-09-19,2026,9,19,Evening (6PM-12AM),FIR,Non-Heinous,Crimes Against Women,Dowry Harassment,Charge Sheeted,12.93636,74.89214
264,100110002202200264,Davanagere,2,2022-10-15,2022,10,20,Evening (6PM-12AM),FIR,Non-Heinous,Cyber Crime,Online Fraud,False Case,14.38496,75.87541
265,100160001202200265,Udupi,1,2022-07-14,2022,7,19,Evening (6PM-12AM),FIR,Non-Heinous,Public Order,Rioting,Closed,13.30704,74.78909
266,100140001202600266,Bidar,1,2026-04-25,2026,4,12,Afternoon (12PM-6PM),PAR,Non-Heinous,Crimes Against Body,Murder,Undetected,17.90397,77.51374
267,100020004202400267,Bengaluru Rural,4,2024-01-01,2024,1,1,Night (12AM-6AM),FIR,Non-Heinous,Crimes Against Body,Murder,Charge Sheeted,13.32504,77.66909
268,700300003202600268,Uttara Kannada,3,2026-02-04,2026,2,20,Evening (6PM-12AM),Zero FIR,Non-Heinous,Crimes Against Property,Theft,Closed,14.70818,74.74463
269,100140003202400269,Bidar,3,2024-07-22,2024,7,14,Afternoon (12PM-6PM),FIR,Non-Heinous,Cyber Crime,Cyberstalking,Closed,17.94177,77.48659
270,100050004202300270,Belagavi,4,2023-07-09,2023,7,9,Morning (6AM-12PM),FIR,Heinous,Crimes Against Women,Molestation,Charge Sheeted,15.88574,74.44393
271,100050004202400271,Belagavi,4,2024-03-18,2024,3,13,Afternoon (12PM-6PM),PAR,Non-Heinous,Crimes Against Property,Theft,Under Investigation,15.66179,74.52067
272,100050003202600272,Belagavi,3,2026-09-04,2026,9,3,Night (12AM-6AM),FIR,Heinous,Crimes Against Body,Grievous Hurt,Under Investigation,15.88938,74.3908
273,100090001202200273,Tumakuru,1,2022-10-13,2022,10,3,Night (12AM-6AM),PAR,Non-Heinous,Economic Offences,Forgery,Charge Sheeted,13.35221,77.06643
274,100130003202300274,Raichur,3,2023-08-20,2023,8,23,Evening (6PM-12AM),FIR,Heinous,Crimes Against Body,Grievous Hurt,Charge Sheeted,16.17165,77.3296
275,100240001202200275,Kodagu,1,2022-10-18,2022,10,5,Night (12AM-6AM),FIR,Non-Heinous,Crimes Against Property,Robbery,Charge Sheeted,12.29096,75.83152
276,100150001202400276,Chikkamagaluru,1,2024-10-18,2024,10,5,Night (12AM-6AM),FIR,Non-Heinous,Crimes Against Property,Burglary,Charge Sheeted,13.34241,75.7925
277,100040002202600277,Mangaluru (Dakshina Kannada),2,2026-02-08,2026,2,14,Afternoon (12PM-6PM),FIR,Non-Heinous,Crimes Against Property,Dacoity,Charge Sheeted,12.96968,74.80976
278,100020002202500278,Bengaluru Rural,2,2025-06-13,2025,6,21,Evening (6PM-12AM),FIR,Non-Heinous,Crimes Against Women,Domestic Violence,False Case,13.35693,77.49178
279,100230001202600279,Chamarajanagar,1,2026-11-25,2026,11,0,Night (12AM-6AM),FIR,Heinous,Crimes Against Women,Dowry Harassment,False Case,12.00047,77.01509
280,100240002202600280,Kodagu,2,2026-01-20,2026,1,5,Night (12AM-6AM),FIR,Non-Heinous,Crimes Against Property,Burglary,Closed,12.32777,75.81503
281,100020004202500281,Bengaluru Rural,4,2025-03-22,2025,3,17,Afternoon (12PM-6PM),FIR,Non-Heinous,Crimes Against Property,Robbery,Charge Sheeted,13.44723,77.48174
282,100090001202300282,Tumakuru,1,2023-10-01,2023,10,17,Afternoon (12PM-6PM),FIR,Non-Heinous,Crimes Against Body,Murder,Undetected,13.22941,77.14291
283,100030004202600283,Mysuru,4,2026-04-23,2026,4,21,Evening (6PM-12AM),FIR,Non-Heinous,Public Order,Unlawful Assembly,Charge Sheeted,12.24791,76.6343
284,100040003202200284,Mangaluru (Dakshina Kannada),3,2022-04-02,2022,4,2,Night (12AM-6AM),FIR,Non-Heinous,Crimes Against Property,Burglary,Under Investigation,12.88435,74.72857
285,100190003202400285,Hassan,3,2024-08-23,2024,8,17,Afternoon (12PM-6PM),FIR,Non-Heinous,Economic Offences,Cheating,Under Investigation,13.03056,76.00406
286,100070002202600286,Hubballi-Dharwad,2,2026-06-16,2026,6,8,Morning (6AM-12PM),FIR,Non-Heinous,Crimes Against Property,Dacoity,Charge Sheeted,15.34652,75.15663
287,100090002202200287,Tumakuru,2,2022-02-12,2022,2,14,Afternoon (12PM-6PM),PAR,Non-Heinous,Crimes Against Property,Theft,Charge Sheeted,13.37517,77.15597
288,100130001202300288,Raichur,1,2023-05-18,2023,5,12,Afternoon (12PM-6PM),FIR,Heinous,Crimes Against Women,Molestation,Under Investigation,16.25533,77.3637
289,100040001202400289,Mangaluru (Dakshina Kannada),1,2024-02-03,2024,2,19,Evening (6PM-12AM),FIR,Non-Heinous,Economic Offences,Forgery,Closed,12.894,74.82487
290,100240004202200290,Kodagu,4,2022-03-13,2022,3,16,Afternoon (12PM-6PM),FIR,Non-Heinous,Crimes Against Property,Burglary,Closed,12.30851,75.78069
291,400190001202200291,Hassan,1,2022-03-19,2022,3,6,Morning (6AM-12PM),UDR,Non-Heinous,Crimes Against Property,Burglary,Charge Sheeted,13.00467,76.03898
292,100230001202400292,Chamarajanagar,1,2024-01-20,2024,1,7,Morning (6AM-12PM),FIR,Non-Heinous,Narcotics,NDPS Trafficking,Charge Sheeted,12.02045,76.97842
293,100090001202600293,Tumakuru,1,2026-07-08,2026,7,10,Morning (6AM-12PM),FIR,Non-Heinous,Crimes Against Property,Burglary,False Case,13.35165,77.12126
294,100050004202400294,Belagavi,4,2024-11-11,2024,11,13,Afternoon (12PM-6PM),FIR,Non-Heinous,Cyber Crime,Identity Theft,Undetected,15.90933,74.51022
295,100050003202400295,Belagavi,3,2024-07-20,2024,7,8,Morning (6AM-12PM),FIR,Non-Heinous,Cyber Crime,Cyberstalking,False Case,15.8479,74.55133
296,100200001202300296,Chitradurga,1,2023-01-16,2023,1,21,Evening (6PM-12AM),FIR,Non-Heinous,Crimes Against Body,Murder,Under Investigation,14.30492,76.34731
297,100050004202500297,Belagavi,4,2025-09-19,2025,9,6,Morning (6AM-12PM),FIR,Heinous,Crimes Against Body,Murder,Charge Sheeted,15.83754,74.52011
298,100110003202400298,Davanagere,3,2024-09-25,2024,9,19,Evening (6PM-12AM),FIR,Non-Heinous,Crimes Against Property,Dacoity,Closed,14.40705,75.92625
299,700160003202300299,Udupi,3,2023-07-09,2023,7,17,Afternoon (12PM-6PM),Zero FIR,Non-Heinous,Crimes Against Property,Theft,Under Investigation,13.24382,74.86795
300,100190002202400300,Hassan,2,2024-12-24,2024,12,0,Night (12AM-6AM),FIR,Non-Heinous,Economic Offences,Forgery,Closed,13.15977,76.0952
301,100240004202600301,Kodagu,4,2026-03-02,2026,3,6,Morning (6AM-12PM),FIR,Non-Heinous,Crimes Against Women,Domestic Violence,Under Investigation,12.33804,75.82988
302,100050001202600302,Belagavi,1,2026-03-08,2026,3,0,Night (12AM-6AM),FIR,Non-Heinous,Crimes Against Women,Domestic Violence,Closed,15.79317,74.59435
303,100100003202300303,Shivamogga,3,2023-03-27,2023,3,0,Night (12AM-6AM),FIR,Non-Heinous,Crimes Against Women,Domestic Violence,Under Investigation,13.83959,75.5359
304,700260004202400304,Chikkaballapur,4,2024-12-19,2024,12,18,Evening (6PM-12AM),Zero FIR,Non-Heinous,Crimes Against Women,Dowry Harassment,Charge Sheeted,13.36731,77.6926
305,100070003202600305,Hubballi-Dharwad,3,2026-12-27,2026,12,18,Evening (6PM-12AM),FIR,Non-Heinous,Crimes Against Property,Theft,Charge Sheeted,15.45701,75.14444
306,100020001202400306,Bengaluru Rural,1,2024-03-23,2024,3,0,Night (12AM-6AM),FIR,Non-Heinous,Economic Offences,Cheating,Under Investigation,13.29234,77.56993
307,100200001202400307,Chitradurga,1,2024-08-01,2024,8,14,Afternoon (12PM-6PM),FIR,Non-Heinous,Crimes Against Property,Theft,Under Investigation,14.21474,76.38557
308,100240004202200308,Kodagu,4,2022-10-23,2022,10,17,Afternoon (12PM-6PM),FIR,Non-Heinous,Economic Offences,Forgery,Under Investigation,12.50551,75.85239
309,700240004202500309,Kodagu,4,2025-08-15,2025,8,5,Night (12AM-6AM),Zero FIR,Non-Heinous,Crimes Against Property,Theft,Charge Sheeted,12.38267,75.87121
310,100110002202300310,Davanagere,2,2023-02-13,2023,2,23,Evening (6PM-12AM),FIR,Heinous,Crimes Against Body,Attempt to Murder,Charge Sheeted,14.37089,75.96079
311,400070001202400311,Hubballi-Dharwad,1,2024-04-01,2024,4,3,Night (12AM-6AM),UDR,Non-Heinous,Crimes Against Women,Sexual Assault,False Case,15.4349,75.06334
312,100020001202500312,Bengaluru Rural,1,2025-02-21,2025,2,10,Morning (6AM-12PM),FIR,Non-Heinous,Crimes Against Women,Domestic Violence,False Case,13.33527,77.57111
313,100050002202500313,Belagavi,2,2025-11-10,2025,11,11,Morning (6AM-12PM),FIR,Non-Heinous,Economic Offences,Cheating,Charge Sheeted,15.89289,74.41704
314,700010004202500314,Bengaluru City,4,2025-02-14,2025,2,15,Afternoon (12PM-6PM),Zero FIR,Non-Heinous,Cyber Crime,Cyberstalking,Charge Sheeted,12.99515,77.55215
315,400050002202600315,Belagavi,2,2026-06-21,2026,6,12,Afternoon (12PM-6PM),UDR,Heinous,Narcotics,NDPS Trafficking,Under Investigation,15.78707,74.46211
316,100090004202200316,Tumakuru,4,2022-08-11,2022,8,13,Afternoon (12PM-6PM),FIR,Non-Heinous,Crimes Against Body,Grievous Hurt,Charge Sheeted,13.17552,77.11145
317,100020001202400317,Bengaluru Rural,1,2024-05-05,2024,5,7,Morning (6AM-12PM),FIR,Non-Heinous,Crimes Against Body,Murder,Under Investigation,13.32202,77.52411
318,100020004202200318,Bengaluru Rural,4,2022-11-18,2022,11,2,Night (12AM-6AM),PAR,Heinous,Narcotics,NDPS Trafficking,Under Investigation,13.28182,77.64496
319,100050004202500319,Belagavi,4,2025-12-23,2025,12,7,Morning (6AM-12PM),FIR,Non-Heinous,Crimes Against Property,Robbery,Closed,15.81407,74.43747
320,100050004202300320,Belagavi,4,2023-05-08,2023,5,2,Night (12AM-6AM),FIR,Non-Heinous,Public Order,Rioting,Closed,15.82643,74.47968
321,100060004202600321,Kalaburagi,4,2026-08-25,2026,8,17,Afternoon (12PM-6PM),FIR,Non-Heinous,Cyber Crime,Phishing,Undetected,17.39899,76.8324
322,100110001202400322,Davanagere,1,2024-03-25,2024,3,8,Morning (6AM-12PM),FIR,Heinous,Crimes Against Women,Domestic Violence,Charge Sheeted,14.43432,76.03705
323,100190004202500323,Hassan,4,2025-03-02,2025,3,23,Evening (6PM-12AM),FIR,Non-Heinous,Crimes Against Property,Burglary,Closed,12.94142,76.11735
324,100170004202400324,Kolar,4,2024-10-14,2024,10,17,Afternoon (12PM-6PM),FIR,Non-Heinous,Cyber Crime,Online Fraud,Charge Sheeted,13.14854,78.18502
325,100040003202600325,Mangaluru (Dakshina Kannada),3,2026-01-15,2026,1,0,Night (12AM-6AM),PAR,Non-Heinous,Crimes Against Body,Murder,Charge Sheeted,12.98792,74.96924
326,100020004202500326,Bengaluru Rural,4,2025-04-24,2025,4,2,Night (12AM-6AM),FIR,Heinous,Crimes Against Body,Grievous Hurt,Undetected,13.27834,77.62353
327,100030004202400327,Mysuru,4,2024-12-02,2024,12,3,Night (12AM-6AM),FIR,Non-Heinous,Crimes Against Property,Burglary,Charge Sheeted,12.2731,76.62592
328,100150002202300328,Chikkamagaluru,2,2023-08-09,2023,8,5,Night (12AM-6AM),FIR,Non-Heinous,Crimes Against Property,Dacoity,Undetected,13.27211,75.79997
329,100140002202600329,Bidar,2,2026-02-06,2026,2,6,Morning (6AM-12PM),FIR,Non-Heinous,Crimes Against Body,Assault,False Case,17.89619,77.49487
330,100040001202200330,Mangaluru (Dakshina Kannada),1,2022-12-18,2022,12,3,Night (12AM-6AM),PAR,Non-Heinous,Crimes Against Body,Attempt to Murder,Closed,12.88123,74.84445
331,100230003202300331,Chamarajanagar,3,2023-12-13,2023,12,22,Evening (6PM-12AM),FIR,Non-Heinous,Crimes Against Property,Theft,Closed,11.78229,77.04899
332,100170001202600332,Kolar,1,2026-11-16,2026,11,3,Night (12AM-6AM),PAR,Non-Heinous,Economic Offences,Forgery,Under Investigation,13.06288,78.06453
333,100110001202500333,Davanagere,1,2025-07-23,2025,7,8,Morning (6AM-12PM),PAR,Non-Heinous,Crimes Against Body,Attempt to Murder,Charge Sheeted,14.45193,75.87614
334,100100004202300334,Shivamogga,4,2023-02-02,2023,2,11,Morning (6AM-12PM),FIR,Non-Heinous,Cyber Crime,Identity Theft,False Case,14.00278,75.53208
335,100040001202300335,Mangaluru (Dakshina Kannada),1,2023-09-12,2023,9,4,Night (12AM-6AM),FIR,Heinous,Crimes Against Women,Sexual Assault,Under Investigation,12.97394,74.88714
336,100080003202600336,Ballari,3,2026-09-01,2026,9,4,Night (12AM-6AM),FIR,Non-Heinous,Cyber Crime,Phishing,Charge Sheeted,15.21027,76.78468
337,100010003202300337,Bengaluru City,3,2023-12-07,2023,12,18,Evening (6PM-12AM),FIR,Non-Heinous,Crimes Against Property,Burglary,Closed,13.00579,77.65649
338,100020004202600338,Bengaluru Rural,4,2026-02-06,2026,2,10,Morning (6AM-12PM),FIR,Non-Heinous,Crimes Against Women,Domestic Violence,Charge Sheeted,13.23835,77.52171
339,100280003202400339,Haveri,3,2024-09-09,2024,9,17,Afternoon (12PM-6PM),PAR,Non-Heinous,Crimes Against Property,Theft,Closed,14.85198,75.4305
340,100110001202400340,Davanagere,1,2024-09-13,2024,9,7,Morning (6AM-12PM),FIR,Non-Heinous,Crimes Against Body,Murder,Charge Sheeted,14.45795,75.95895
341,100030001202200341,Mysuru,1,2022-12-05,2022,12,10,Morning (6AM-12PM),FIR,Non-Heinous,Narcotics,NDPS Trafficking,Charge Sheeted,12.26157,76.62811
342,100010001202200342,Bengaluru City,1,2022-03-22,2022,3,18,Evening (6PM-12AM),FIR,Heinous,Crimes Against Body,Murder,Under Investigation,12.88285,77.50077
343,100270003202500343,Bagalkot,3,2025-01-15,2025,1,5,Night (12AM-6AM),FIR,Non-Heinous,Cyber Crime,Identity Theft,Charge Sheeted,16.19196,75.73383
344,100030003202600344,Mysuru,3,2026-07-05,2026,7,23,Evening (6PM-12AM),FIR,Non-Heinous,Economic Offences,Forgery,Closed,12.30193,76.62104
345,100110002202500345,Davanagere,2,2025-12-23,2025,12,2,Night (12AM-6AM),FIR,Heinous,Crimes Against Women,Dowry Harassment,False Case,14.53934,75.92437
346,700100002202400346,Shivamogga,2,2024-06-08,2024,6,8,Morning (6AM-12PM),Zero FIR,Non-Heinous,Crimes Against Women,Sexual Assault,Closed,13.89659,75.56098
347,100110003202500347,Davanagere,3,2025-05-27,2025,5,17,Afternoon (12PM-6PM),FIR,Non-Heinous,Crimes Against Women,Dowry Harassment,Under Investigation,14.5332,75.92567
348,100190002202400348,Hassan,2,2024-10-19,2024,10,2,Night (12AM-6AM),FIR,Heinous,Crimes Against Body,Murder,Undetected,12.99961,75.97508
349,100060002202500349,Kalaburagi,2,2025-04-27,2025,4,21,Evening (6PM-12AM),FIR,Heinous,Crimes Against Women,Molestation,Under Investigation,17.30326,76.86207
350,100250001202300350,Ramanagara,1,2023-02-04,2023,2,2,Night (12AM-6AM),FIR,Non-Heinous,Economic Offences,Cheating,Closed,12.78713,77.2715
351,100220002202500351,Yadgir,2,2025-10-18,2025,10,7,Morning (6AM-12PM),FIR,Non-Heinous,Cyber Crime,Cyberstalking,Undetected,16.68291,77.12391
352,100190002202200352,Hassan,2,2022-05-09,2022,5,10,Morning (6AM-12PM),FIR,Non-Heinous,Cyber Crime,Phishing,Charge Sheeted,13.0688,76.05933
353,700260003202600353,Chikkaballapur,3,2026-01-11,2026,1,20,Evening (6PM-12AM),Zero FIR,Non-Heinous,Crimes Against Women,Dowry Harassment,Under Investigation,13.43556,77.5913
354,100050004202500354,Belagavi,4,2025-09-23,2025,9,10,Morning (6AM-12PM),FIR,Non-Heinous,Crimes Against Body,Grievous Hurt,Closed,15.87228,74.45976
355,400280001202600355,Haveri,1,2026-11-16,2026,11,10,Morning (6AM-12PM),UDR,Non-Heinous,Economic Offences,Forgery,Charge Sheeted,14.84977,75.27407
356,100020003202500356,Bengaluru Rural,3,2025-12-05,2025,12,23,Evening (6PM-12AM),FIR,Non-Heinous,Crimes Against Women,Dowry Harassment,Under Investigation,13.1263,77.57665
357,100080004202300357,Ballari,4,2023-10-07,2023,10,1,Night (12AM-6AM),FIR,Non-Heinous,Crimes Against Property,Dacoity,Under Investigation,15.12765,76.86291
358,700080004202200358,Ballari,4,2022-05-15,2022,5,12,Afternoon (12PM-6PM),Zero FIR,Non-Heinous,Crimes Against Property,Robbery,Closed,15.23122,76.89273
359,100250004202300359,Ramanagara,4,2023-09-08,2023,9,7,Morning (6AM-12PM),FIR,Non-Heinous,Cyber Crime,Online Fraud,Undetected,12.76172,77.174
360,100070004202300360,Hubballi-Dharwad,4,2023-09-18,2023,9,4,Night (12AM-6AM),FIR,Non-Heinous,Cyber Crime,Online Fraud,Charge Sheeted,15.28663,75.12317
361,100210004202400361,Koppal,4,2024-09-14,2024,9,17,Afternoon (12PM-6PM),FIR,Non-Heinous,Cyber Crime,Cyberstalking,Undetected,15.33675,76.17456
362,100050003202500362,Belagavi,3,2025-01-10,2025,1,23,Evening (6PM-12AM),FIR,Non-Heinous,Crimes Against Property,Robbery,Under Investigation,15.84709,74.60547
363,100180003202400363,Mandya,3,2024-04-11,2024,4,6,Morning (6AM-12PM),FIR,Heinous,Crimes Against Body,Attempt to Murder,Charge Sheeted,12.53805,76.84845
364,100230002202600364,Chamarajanagar,2,2026-10-17,2026,10,16,Afternoon (12PM-6PM),FIR,Non-Heinous,Crimes Against Property,Theft,Charge Sheeted,11.88603,76.92143
365,100280003202600365,Haveri,3,2026-10-13,2026,10,0,Night (12AM-6AM),FIR,Non-Heinous,Crimes Against Property,Robbery,Charge Sheeted,14.7571,75.47516
366,100270003202300366,Bagalkot,3,2023-05-17,2023,5,0,Night (12AM-6AM),PAR,Non-Heinous,Crimes Against Property,Robbery,Under Investigation,16.04513,75.64432
367,100110001202200367,Davanagere,1,2022-04-07,2022,4,14,Afternoon (12PM-6PM),FIR,Non-Heinous,Crimes Against Property,Theft,Under Investigation,14.39422,75.88048
368,100140002202500368,Bidar,2,2025-04-24,2025,4,14,Afternoon (12PM-6PM),FIR,Heinous,Crimes Against Women,Sexual Assault,Under Investigation,17.92513,77.51631
369,100230004202600369,Chamarajanagar,4,2026-11-11,2026,11,10,Morning (6AM-12PM),PAR,Non-Heinous,Crimes Against Property,Theft,Undetected,11.91396,76.92118
370,100260004202200370,Chikkaballapur,4,2022-05-24,2022,5,2,Night (12AM-6AM),FIR,Heinous,Crimes Against Body,Attempt to Murder,Undetected,13.45862,77.73836
371,100110003202600371,Davanagere,3,2026-07-05,2026,7,14,Afternoon (12PM-6PM),FIR,Heinous,Narcotics,NDPS Trafficking,Under Investigation,14.52415,75.93103
372,100060002202500372,Kalaburagi,2,2025-04-26,2025,4,0,Night (12AM-6AM),FIR,Non-Heinous,Crimes Against Property,Robbery,Under Investigation,17.18654,76.82287
373,700170004202600373,Kolar,4,2026-03-14,2026,3,16,Afternoon (12PM-6PM),Zero FIR,Non-Heinous,Crimes Against Property,Burglary,Closed,13.07012,78.06733
374,100090004202200374,Tumakuru,4,2022-10-07,2022,10,15,Afternoon (12PM-6PM),FIR,Heinous,Crimes Against Body,Assault,Charge Sheeted,13.30912,77.09408
375,100010001202600375,Bengaluru City,1,2026-06-03,2026,6,8,Morning (6AM-12PM),FIR,Heinous,Narcotics,NDPS Possession,Closed,13.00732,77.57889
376,100060004202500376,Kalaburagi,4,2025-05-11,2025,5,22,Evening (6PM-12AM),PAR,Heinous,Crimes Against Body,Grievous Hurt,Charge Sheeted,17.39511,76.7903
377,100130001202500377,Raichur,1,2025-05-27,2025,5,4,Night (12AM-6AM),FIR,Non-Heinous,Economic Offences,Forgery,Charge Sheeted,16.24817,77.33442
378,100030001202400378,Mysuru,1,2024-05-19,2024,5,13,Afternoon (12PM-6PM),FIR,Non-Heinous,Crimes Against Body,Assault,Closed,12.32515,76.57529
379,100050004202400379,Belagavi,4,2024-12-12,2024,12,19,Evening (6PM-12AM),FIR,Non-Heinous,Crimes Against Women,Sexual Assault,False Case,15.86972,74.57188
380,100230004202500380,Chamarajanagar,4,2025-01-22,2025,1,19,Evening (6PM-12AM),FIR,Non-Heinous,Crimes Against Property,Dacoity,Undetected,11.93649,76.95352
381,100140002202300381,Bidar,2,2023-07-06,2023,7,7,Morning (6AM-12PM),FIR,Non-Heinous,Economic Offences,Criminal Breach of Trust,Undetected,17.95579,77.39584
382,100050002202600382,Belagavi,2,2026-07-14,2026,7,3,Night (12AM-6AM),FIR,Heinous,Crimes Against Body,Attempt to Murder,Under Investigation,15.81176,74.57351
383,100250002202500383,Ramanagara,2,2025-07-27,2025,7,23,Evening (6PM-12AM),FIR,Non-Heinous,Cyber Crime,Online Fraud,Charge Sheeted,12.85008,77.22908
384,100050001202300384,Belagavi,1,2023-11-26,2023,11,22,Evening (6PM-12AM),FIR,Non-Heinous,Crimes Against Property,Robbery,Charge Sheeted,15.83688,74.46562
385,100150002202400385,Chikkamagaluru,2,2024-02-27,2024,2,7,Morning (6AM-12PM),FIR,Heinous,Crimes Against Body,Attempt to Murder,Charge Sheeted,13.24941,75.69086
386,100210003202400386,Koppal,3,2024-07-03,2024,7,15,Afternoon (12PM-6PM),FIR,Non-Heinous,Crimes Against Body,Grievous Hurt,False Case,15.38727,76.18206
387,700210001202300387,Koppal,1,2023-11-18,2023,11,19,Evening (6PM-12AM),Zero FIR,Heinous,Crimes Against Women,Sexual Assault,Under Investigation,15.31223,76.24988
388,100030003202400388,Mysuru,3,2024-04-18,2024,4,5,Night (12AM-6AM),FIR,Non-Heinous,Economic Offences,Forgery,Charge Sheeted,12.30973,76.54258
389,400210004202400389,Koppal,4,2024-07-19,2024,7,14,Afternoon (12PM-6PM),UDR,Non-Heinous,Economic Offences,Forgery,Under Investigation,15.27928,76.15935
390,100140001202600390,Bidar,1,2026-04-09,2026,4,13,Afternoon (12PM-6PM),PAR,Non-Heinous,Cyber Crime,Cyberstalking,Charge Sheeted,17.91669,77.54703
391,100020002202600391,Bengaluru Rural,2,2026-12-26,2026,12,23,Evening (6PM-12AM),FIR,Non-Heinous,Public Order,Rioting,Under Investigation,13.27247,77.56332
392,400010002202300392,Bengaluru City,2,2023-05-14,2023,5,19,Evening (6PM-12AM),UDR,Non-Heinous,Crimes Against Property,Theft,Under Investigation,13.01432,77.61901
393,100190003202300393,Hassan,3,2023-01-11,2023,1,16,Afternoon (12PM-6PM),FIR,Non-Heinous,Crimes Against Property,Burglary,Undetected,12.92109,76.14019
394,100060002202500394,Kalaburagi,2,2025-08-26,2025,8,23,Evening (6PM-12AM),FIR,Heinous,Crimes Against Body,Grievous Hurt,Undetected,17.32109,76.72298
395,100140001202200395,Bidar,1,2022-05-27,2022,5,22,Evening (6PM-12AM),FIR,Non-Heinous,Cyber Crime,Cyberstalking,Undetected,17.98693,77.51483
396,100280002202400396,Haveri,2,2024-07-14,2024,7,21,Evening (6PM-12AM),FIR,Non-Heinous,Cyber Crime,Cyberstalking,Charge Sheeted,14.74298,75.3188
397,100080001202500397,Ballari,1,2025-03-22,2025,3,17,Afternoon (12PM-6PM),FIR,Non-Heinous,Economic Offences,Forgery,Undetected,15.11111,76.92904
398,100050001202500398,Belagavi,1,2025-07-15,2025,7,20,Evening (6PM-12AM),FIR,Non-Heinous,Crimes Against Property,Burglary,Charge Sheeted,15.83693,74.5176
399,100110003202200399,Davanagere,3,2022-03-09,2022,3,11,Morning (6AM-12PM),FIR,Non-Heinous,Crimes Against Property,Robbery,Closed,14.50231,75.93257
400,100030003202500400,Mysuru,3,2025-02-26,2025,2,3,Night (12AM-6AM),FIR,Heinous,Crimes Against Women,Domestic Violence,Under Investigation,12.30975,76.71097
401,100010002202400401,Bengaluru City,2,2024-03-09,2024,3,15,Afternoon (12PM-6PM),FIR,Non-Heinous,Crimes Against Property,Robbery,Closed,13.01765,77.67835
402,100290003202600402,Gadag,3,2026-04-14,2026,4,15,Afternoon (12PM-6PM),FIR,Non-Heinous,Crimes Against Property,Burglary,False Case,15.4739,75.66606
403,100040001202200403,Mangaluru (Dakshina Kannada),1,2022-10-22,2022,10,12,Afternoon (12PM-6PM),FIR,Non-Heinous,Crimes Against Property,Theft,Closed,12.80507,74.87255
404,400020003202200404,Bengaluru Rural,3,2022-08-01,2022,8,14,Afternoon (12PM-6PM),UDR,Non-Heinous,Crimes Against Body,Grievous Hurt,Under Investigation,13.21423,77.53179
405,100050002202200405,Belagavi,2,2022-12-03,2022,12,5,Night (12AM-6AM),FIR,Non-Heinous,Crimes Against Women,Dowry Harassment,Under Investigation,15.88848,74.54158
406,100110001202500406,Davanagere,1,2025-06-12,2025,6,4,Night (12AM-6AM),FIR,Heinous,Crimes Against Body,Assault,Under Investigation,14.52095,76.00327
407,100110003202200407,Davanagere,3,2022-12-03,2022,12,13,Afternoon (12PM-6PM),FIR,Non-Heinous,Cyber Crime,Cyberstalking,Under Investigation,14.4917,75.80374
408,100120001202400408,Vijayapura,1,2024-07-09,2024,7,3,Night (12AM-6AM),FIR,Non-Heinous,Crimes Against Property,Theft,Under Investigation,16.86261,75.71896
409,100060004202400409,Kalaburagi,4,2024-11-21,2024,11,17,Afternoon (12PM-6PM),FIR,Non-Heinous,Economic Offences,Criminal Breach of Trust,Undetected,17.31844,76.88327
410,100110002202400410,Davanagere,2,2024-05-03,2024,5,6,Morning (6AM-12PM),FIR,Heinous,Crimes Against Body,Grievous Hurt,Under Investigation,14.50409,75.93684
411,100270003202300411,Bagalkot,3,2023-04-06,2023,4,18,Evening (6PM-12AM),FIR,Non-Heinous,Economic Offences,Criminal Breach of Trust,Under Investigation,16.14701,75.68122
412,100170003202600412,Kolar,3,2026-10-18,2026,10,3,Night (12AM-6AM),FIR,Non-Heinous,Crimes Against Body,Attempt to Murder,Closed,13.17795,78.2136
413,400240002202600413,Kodagu,2,2026-03-10,2026,3,22,Evening (6PM-12AM),UDR,Non-Heinous,Crimes Against Property,Dacoity,Charge Sheeted,12.2542,75.73407
414,100180002202400414,Mandya,2,2024-03-08,2024,3,0,Night (12AM-6AM),FIR,Non-Heinous,Crimes Against Property,Robbery,Closed,12.60842,76.89916
415,400070004202600415,Hubballi-Dharwad,4,2026-08-04,2026,8,7,Morning (6AM-12PM),UDR,Non-Heinous,Cyber Crime,Online Fraud,Closed,15.45408,75.0906
416,100010003202500416,Bengaluru City,3,2025-08-27,2025,8,9,Morning (6AM-12PM),FIR,Non-Heinous,Cyber Crime,Identity Theft,Under Investigation,12.97491,77.66748
417,100170004202500417,Kolar,4,2025-01-24,2025,1,13,Afternoon (12PM-6PM),FIR,Non-Heinous,Crimes Against Women,Sexual Assault,Under Investigation,13.06711,78.14781
418,100080002202600418,Ballari,2,2026-12-20,2026,12,20,Evening (6PM-12AM),FIR,Non-Heinous,Crimes Against Property,Theft,Under Investigation,15.22224,76.99408
419,100230002202500419,Chamarajanagar,2,2025-04-17,2025,4,17,Afternoon (12PM-6PM),PAR,Non-Heinous,Economic Offences,Criminal Breach of Trust,False Case,11.95548,77.05113
420,100080003202300420,Ballari,3,2023-07-25,2023,7,21,Evening (6PM-12AM),FIR,Heinous,Crimes Against Body,Attempt to Murder,Charge Sheeted,15.06997,76.82239
421,400190002202600421,Hassan,2,2026-05-26,2026,5,4,Night (12AM-6AM),UDR,Non-Heinous,Crimes Against Body,Assault,False Case,12.97438,76.21853
422,100160003202200422,Udupi,3,2022-12-10,2022,12,13,Afternoon (12PM-6PM),FIR,Heinous,Crimes Against Body,Attempt to Murder,Under Investigation,13.25992,74.71411
423,100280003202400423,Haveri,3,2024-07-05,2024,7,11,Morning (6AM-12PM),FIR,Non-Heinous,Cyber Crime,Cyberstalking,Under Investigation,14.847,75.4824
424,700130003202600424,Raichur,3,2026-08-17,2026,8,18,Evening (6PM-12AM),Zero FIR,Non-Heinous,Crimes Against Property,Dacoity,Undetected,16.24181,77.37857
425,100070003202500425,Hubballi-Dharwad,3,2025-04-12,2025,4,16,Afternoon (12PM-6PM),FIR,Non-Heinous,Crimes Against Property,Dacoity,Under Investigation,15.32328,75.17733
426,100080002202200426,Ballari,2,2022-04-07,2022,4,1,Night (12AM-6AM),FIR,Non-Heinous,Economic Offences,Cheating,Charge Sheeted,15.16994,76.82113
427,100090001202400427,Tumakuru,1,2024-12-10,2024,12,0,Night (12AM-6AM),FIR,Non-Heinous,Crimes Against Property,Robbery,Undetected,13.33367,77.04719
428,100140002202400428,Bidar,2,2024-02-08,2024,2,15,Afternoon (12PM-6PM),FIR,Non-Heinous,Crimes Against Property,Burglary,Charge Sheeted,17.87109,77.38538
429,100070004202300429,Hubballi-Dharwad,4,2023-03-21,2023,3,18,Evening (6PM-12AM),FIR,Heinous,Crimes Against Body,Attempt to Murder,Closed,15.52837,75.15304
430,100300004202600430,Uttara Kannada,4,2026-10-22,2026,10,22,Evening (6PM-12AM),FIR,Non-Heinous,Cyber Crime,Online Fraud,False Case,14.82033,74.76707
431,100050003202500431,Belagavi,3,2025-06-07,2025,6,5,Night (12AM-6AM),FIR,Non-Heinous,Crimes Against Property,Robbery,False Case,15.78049,74.46695
432,700010004202600432,Bengaluru City,4,2026-12-25,2026,12,16,Afternoon (12PM-6PM),Zero FIR,Heinous,Crimes Against Body,Grievous Hurt,Under Investigation,13.06237,77.49449
433,100230001202500433,Chamarajanagar,1,2025-05-06,2025,5,3,Night (12AM-6AM),PAR,Non-Heinous,Crimes Against Property,Dacoity,Closed,11.88899,76.91022
434,700040001202500434,Mangaluru (Dakshina Kannada),1,2025-02-07,2025,2,18,Evening (6PM-12AM),Zero FIR,Heinous,Narcotics,NDPS Possession,Closed,12.83207,74.86651
435,100010002202400435,Bengaluru City,2,2024-08-11,2024,8,15,Afternoon (12PM-6PM),FIR,Non-Heinous,Economic Offences,Criminal Breach of Trust,Charge Sheeted,12.99616,77.56118
436,100160001202400436,Udupi,1,2024-09-02,2024,9,15,Afternoon (12PM-6PM),FIR,Heinous,Crimes Against Women,Sexual Assault,Closed,13.35577,74.74785
437,100030002202400437,Mysuru,2,2024-05-12,2024,5,11,Morning (6AM-12PM),FIR,Non-Heinous,Crimes Against Property,Dacoity,False Case,12.43727,76.65342
438,100150003202500438,Chikkamagaluru,3,2025-10-12,2025,10,12,Afternoon (12PM-6PM),FIR,Non-Heinous,Crimes Against Property,Dacoity,Charge Sheeted,13.3167,75.66019
439,100100001202600439,Shivamogga,1,2026-01-02,2026,1,8,Morning (6AM-12PM),FIR,Non-Heinous,Crimes Against Body,Grievous Hurt,Under Investigation,13.98171,75.64022
440,100030003202500440,Mysuru,3,2025-07-15,2025,7,16,Afternoon (12PM-6PM),FIR,Non-Heinous,Crimes Against Property,Burglary,Charge Sheeted,12.30304,76.75786
441,100020001202600441,Bengaluru Rural,1,2026-03-07,2026,3,19,Evening (6PM-12AM),FIR,Non-Heinous,Crimes Against Women,Dowry Harassment,Under Investigation,13.33306,77.45729
442,100120004202200442,Vijayapura,4,2022-11-22,2022,11,1,Night (12AM-6AM),FIR,Non-Heinous,Crimes Against Body,Assault,Closed,16.82757,75.64791
443,100210004202300443,Koppal,4,2023-07-26,2023,7,9,Morning (6AM-12PM),FIR,Non-Heinous,Crimes Against Property,Burglary,False Case,15.33893,76.14558
444,100090003202600444,Tumakuru,3,2026-12-13,2026,12,20,Evening (6PM-12AM),FIR,Non-Heinous,Crimes Against Property,Theft,Undetected,13.43855,77.15969
445,100150001202500445,Chikkamagaluru,1,2025-06-15,2025,6,22,Evening (6PM-12AM),FIR,Heinous,Crimes Against Body,Assault,Under Investigation,13.24906,75.78185
446,100110003202300446,Davanagere,3,2023-09-22,2023,9,0,Night (12AM-6AM),FIR,Heinous,Crimes Against Body,Grievous Hurt,Closed,14.43406,75.90047
447,100020004202500447,Bengaluru Rural,4,2025-06-03,2025,6,7,Morning (6AM-12PM),FIR,Non-Heinous,Crimes Against Property,Robbery,Under Investigation,13.31699,77.5704
448,100050001202600448,Belagavi,1,2026-12-24,2026,12,15,Afternoon (12PM-6PM),FIR,Non-Heinous,Crimes Against Property,Burglary,Under Investigation,15.94707,74.44687
449,100010004202500449,Bengaluru City,4,2025-09-22,2025,9,19,Evening (6PM-12AM),FIR,Non-Heinous,Cyber Crime,Identity Theft,False Case,12.9015,77.71569
450,100220002202400450,Yadgir,2,2024-11-20,2024,11,22,Evening (6PM-12AM),FIR,Non-Heinous,Crimes Against Property,Robbery,Under Investigation,16.67622,77.06904
451,700110001202200451,Davanagere,1,2022-12-26,2022,12,14,Afternoon (12PM-6PM),Zero FIR,Non-Heinous,Crimes Against Body,Murder,Under Investigation,14.38003,75.87667
452,100020004202600452,Bengaluru Rural,4,2026-01-14,2026,1,7,Morning (6AM-12PM),PAR,Non-Heinous,Crimes Against Body,Attempt to Murder,Charge Sheeted,13.2271,77.57621
453,100090002202400453,Tumakuru,2,2024-09-25,2024,9,19,Evening (6PM-12AM),FIR,Non-Heinous,Crimes Against Property,Burglary,Undetected,13.32712,77.11534
454,100030001202500454,Mysuru,1,2025-04-18,2025,4,11,Morning (6AM-12PM),FIR,Non-Heinous,Crimes Against Women,Molestation,Closed,12.28194,76.69634
455,100020002202300455,Bengaluru Rural,2,2023-07-14,2023,7,0,Night (12AM-6AM),FIR,Non-Heinous,Cyber Crime,Phishing,Charge Sheeted,13.28464,77.51603
456,100220002202300456,Yadgir,2,2023-10-14,2023,10,17,Afternoon (12PM-6PM),FIR,Heinous,Crimes Against Women,Domestic Violence,Charge Sheeted,16.74671,77.01214
457,100010004202500457,Bengaluru City,4,2025-05-02,2025,5,17,Afternoon (12PM-6PM),FIR,Non-Heinous,Crimes Against Property,Theft,Under Investigation,13.00597,77.60068
458,100240002202600458,Kodagu,2,2026-12-25,2026,12,16,Afternoon (12PM-6PM),FIR,Non-Heinous,Crimes Against Property,Burglary,False Case,12.43016,75.81339
459,100030004202500459,Mysuru,4,2025-07-06,2025,7,23,Evening (6PM-12AM),FIR,Non-Heinous,Crimes Against Property,Dacoity,Under Investigation,12.3519,76.47601
460,100190003202300460,Hassan,3,2023-01-22,2023,1,1,Night (12AM-6AM),FIR,Non-Heinous,Economic Offences,Criminal Breach of Trust,Under Investigation,12.92864,76.15977
461,100110002202400461,Davanagere,2,2024-01-01,2024,1,8,Morning (6AM-12PM),FIR,Non-Heinous,Economic Offences,Criminal Breach of Trust,Closed,14.50359,75.98776
462,100050002202600462,Belagavi,2,2026-05-03,2026,5,22,Evening (6PM-12AM),FIR,Non-Heinous,Crimes Against Property,Dacoity,Under Investigation,15.86908,74.37508
463,100020002202500463,Bengaluru Rural,2,2025-07-03,2025,7,4,Night (12AM-6AM),FIR,Non-Heinous,Economic Offences,Cheating,Under Investigation,13.27219,77.5119
464,100290001202600464,Gadag,1,2026-10-14,2026,10,14,Afternoon (12PM-6PM),FIR,Non-Heinous,Cyber Crime,Identity Theft,Charge Sheeted,15.57116,75.57943
465,700020003202600465,Bengaluru Rural,3,2026-09-18,2026,9,15,Afternoon (12PM-6PM),Zero FIR,Heinous,Crimes Against Body,Grievous Hurt,Under Investigation,13.3113,77.53834
466,100050001202400466,Belagavi,1,2024-01-20,2024,1,13,Afternoon (12PM-6PM),FIR,Heinous,Crimes Against Body,Murder,Charge Sheeted,15.88705,74.39923
467,100200001202300467,Chitradurga,1,2023-07-20,2023,7,22,Evening (6PM-12AM),PAR,Non-Heinous,Crimes Against Property,Burglary,Under Investigation,14.21774,76.43329
468,100130003202500468,Raichur,3,2025-04-15,2025,4,4,Night (12AM-6AM),FIR,Heinous,Crimes Against Women,Molestation,Charge Sheeted,16.24122,77.37274
469,100240004202400469,Kodagu,4,2024-05-13,2024,5,1,Night (12AM-6AM),FIR,Non-Heinous,Crimes Against Women,Dowry Harassment,Under Investigation,12.29837,75.78398
470,100020003202600470,Bengaluru Rural,3,2026-02-18,2026,2,13,Afternoon (12PM-6PM),FIR,Non-Heinous,Economic Offences,Forgery,Charge Sheeted,13.23856,77.56686
471,700250004202600471,Ramanagara,4,2026-10-03,2026,10,6,Morning (6AM-12PM),Zero FIR,Non-Heinous,Crimes Against Property,Theft,Charge Sheeted,12.59784,77.22736
472,100040004202200472,Mangaluru (Dakshina Kannada),4,2022-01-04,2022,1,5,Night (12AM-6AM),PAR,Heinous,Crimes Against Body,Attempt to Murder,Charge Sheeted,13.00575,74.82305
473,100010001202400473,Bengaluru City,1,2024-01-01,2024,1,11,Morning (6AM-12PM),FIR,Non-Heinous,Economic Offences,Cheating,Charge Sheeted,13.09104,77.53819
474,700240001202600474,Kodagu,1,2026-11-25,2026,11,9,Morning (6AM-12PM),Zero FIR,Non-Heinous,Crimes Against Property,Robbery,Under Investigation,12.28896,75.72744
475,100020001202300475,Bengaluru Rural,1,2023-12-22,2023,12,0,Night (12AM-6AM),FIR,Non-Heinous,Narcotics,NDPS Possession,Closed,13.31596,77.53862
476,100070002202200476,Hubballi-Dharwad,2,2022-01-16,2022,1,6,Morning (6AM-12PM),FIR,Heinous,Crimes Against Women,Dowry Harassment,Closed,15.38287,75.16744
477,100040004202600477,Mangaluru (Dakshina Kannada),4,2026-01-05,2026,1,17,Afternoon (12PM-6PM),FIR,Non-Heinous,Crimes Against Property,Burglary,Under Investigation,12.8127,74.90218
478,400010002202300478,Bengaluru City,2,2023-11-22,2023,11,10,Morning (6AM-12PM),UDR,Non-Heinous,Crimes Against Property,Theft,Under Investigation,12.92673,77.49743
479,700150001202600479,Chikkamagaluru,1,2026-01-20,2026,1,22,Evening (6PM-12AM),Zero FIR,Non-Heinous,Crimes Against Body,Attempt to Murder,Charge Sheeted,13.31545,75.83222
480,100040003202500480,Mangaluru (Dakshina Kannada),3,2025-07-25,2025,7,13,Afternoon (12PM-6PM),FIR,Non-Heinous,Economic Offences,Criminal Breach of Trust,Under Investigation,12.95904,74.86417
481,100240001202400481,Kodagu,1,2024-01-23,2024,1,14,Afternoon (12PM-6PM),PAR,Non-Heinous,Crimes Against Body,Murder,Undetected,12.27592,75.79424
482,100110002202500482,Davanagere,2,2025-04-09,2025,4,19,Evening (6PM-12AM),FIR,Non-Heinous,Crimes Against Property,Burglary,Closed,14.51384,75.89252
483,100040004202200483,Mangaluru (Dakshina Kannada),4,2022-07-04,2022,7,7,Morning (6AM-12PM),FIR,Non-Heinous,Cyber Crime,Cyberstalking,Under Investigation,12.92899,74.91227
484,700110002202500484,Davanagere,2,2025-03-16,2025,3,10,Morning (6AM-12PM),Zero FIR,Non-Heinous,Crimes Against Body,Attempt to Murder,Undetected,14.42132,75.9186
485,100140003202300485,Bidar,3,2023-10-14,2023,10,3,Night (12AM-6AM),FIR,Non-Heinous,Crimes Against Women,Domestic Violence,Charge Sheeted,17.89806,77.49177
486,100130002202200486,Raichur,2,2022-06-17,2022,6,6,Morning (6AM-12PM),PAR,Non-Heinous,Crimes Against Property,Dacoity,Under Investigation,16.16162,77.37796
487,100190003202500487,Hassan,3,2025-05-05,2025,5,18,Evening (6PM-12AM),FIR,Non-Heinous,Public Order,Unlawful Assembly,Under Investigation,13.00635,76.04594
488,700230002202400488,Chamarajanagar,2,2024-11-02,2024,11,10,Morning (6AM-12PM),Zero FIR,Non-Heinous,Crimes Against Body,Attempt to Murder,Under Investigation,11.89585,76.93346
489,100030002202500489,Mysuru,2,2025-11-21,2025,11,8,Morning (6AM-12PM),FIR,Non-Heinous,Crimes Against Body,Grievous Hurt,Charge Sheeted,12.33377,76.60953
490,100020004202400490,Bengaluru Rural,4,2024-03-19,2024,3,1,Night (12AM-6AM),PAR,Non-Heinous,Narcotics,NDPS Trafficking,Under Investigation,13.32433,77.62954
491,700010004202600491,Bengaluru City,4,2026-07-25,2026,7,13,Afternoon (12PM-6PM),Zero FIR,Non-Heinous,Economic Offences,Cheating,Charge Sheeted,13.01179,77.61871
492,100190001202400492,Hassan,1,2024-01-08,2024,1,5,Night (12AM-6AM),FIR,Non-Heinous,Crimes Against Property,Dacoity,Charge Sheeted,12.97708,76.19803
493,100190004202600493,Hassan,4,2026-05-22,2026,5,16,Afternoon (12PM-6PM),PAR,Non-Heinous,Crimes Against Property,Theft,Undetected,12.93271,76.20344
494,100150004202600494,Chikkamagaluru,4,2026-10-25,2026,10,11,Morning (6AM-12PM),FIR,Non-Heinous,Crimes Against Property,Robbery,Charge Sheeted,13.23464,75.67798
495,400020003202600495,Bengaluru Rural,3,2026-08-23,2026,8,13,Afternoon (12PM-6PM),UDR,Non-Heinous,Crimes Against Property,Robbery,Closed,13.30731,77.55813
496,100020002202400496,Bengaluru Rural,2,2024-06-24,2024,6,16,Afternoon (12PM-6PM),FIR,Non-Heinous,Cyber Crime,Cyberstalking,Under Investigation,13.18575,77.45093
497,100050003202600497,Belagavi,3,2026-06-26,2026,6,2,Night (12AM-6AM),FIR,Non-Heinous,Cyber Crime,Identity Theft,Charge Sheeted,15.80943,74.44932
498,100130003202600498,Raichur,3,2026-02-23,2026,2,18,Evening (6PM-12AM),FIR,Heinous,Crimes Against Body,Attempt to Murder,Charge Sheeted,16.28778,77.37384
499,100010001202500499,Bengaluru City,1,2025-10-12,2025,10,6,Morning (6AM-12PM),PAR,Non-Heinous,Crimes Against Body,Assault,Closed,13.02965,77.61119
500,100050004202600500,Belagavi,4,2026-05-16,2026,5,0,Night (12AM-6AM),FIR,Non-Heinous,Economic Offences,Forgery,Charge Sheeted,15.73966,74.5278
501,100030003202500501,Mysuru,3,2025-05-06,2025,5,1,Night (12AM-6AM),FIR,Non-Heinous,Crimes Against Property,Robbery,Charge Sheeted,12.37677,76.66163
502,100080004202500502,Ballari,4,2025-06-27,2025,6,5,Night (12AM-6AM),FIR,Non-Heinous,Public Order,Unlawful Assembly,Under Investigation,15.11522,76.88037
503,100020003202300503,Bengaluru Rural,3,2023-12-04,2023,12,1,Night (12AM-6AM),FIR,Heinous,Crimes Against Women,Dowry Harassment,Under Investigation,13.25139,77.56519
504,100270004202200504,Bagalkot,4,2022-03-05,2022,3,17,Afternoon (12PM-6PM),FIR,Non-Heinous,Crimes Against Women,Molestation,Charge Sheeted,16.15969,75.67038
505,100140003202300505,Bidar,3,2023-10-01,2023,10,5,Night (12AM-6AM),FIR,Non-Heinous,Economic Offences,Forgery,Closed,17.9012,77.54648
506,100280004202400506,Haveri,4,2024-01-18,2024,1,19,Evening (6PM-12AM),FIR,Non-Heinous,Crimes Against Property,Robbery,Under Investigation,14.89166,75.46237
507,100020001202300507,Bengaluru Rural,1,2023-01-19,2023,1,9,Morning (6AM-12PM),FIR,Non-Heinous,Crimes Against Property,Dacoity,Closed,13.26891,77.60386
508,100050002202300508,Belagavi,2,2023-12-17,2023,12,17,Afternoon (12PM-6PM),FIR,Non-Heinous,Crimes Against Women,Sexual Assault,Charge Sheeted,15.8501,74.54087
509,100080004202300509,Ballari,4,2023-12-27,2023,12,22,Evening (6PM-12AM),PAR,Non-Heinous,Crimes Against Property,Robbery,Undetected,15.10116,76.86385
510,100030001202600510,Mysuru,1,2026-04-19,2026,4,16,Afternoon (12PM-6PM),PAR,Non-Heinous,Crimes Against Women,Domestic Violence,Charge Sheeted,12.30534,76.67086
511,100020004202200511,Bengaluru Rural,4,2022-04-25,2022,4,5,Night (12AM-6AM),FIR,Non-Heinous,Crimes Against Body,Attempt to Murder,Charge Sheeted,13.39241,77.49531
512,100010004202600512,Bengaluru City,4,2026-11-22,2026,11,17,Afternoon (12PM-6PM),FIR,Heinous,Crimes Against Body,Attempt to Murder,False Case,12.89667,77.69422
513,100070003202600513,Hubballi-Dharwad,3,2026-02-22,2026,2,18,Evening (6PM-12AM),FIR,Non-Heinous,Crimes Against Property,Robbery,False Case,15.406,75.21373
514,400230001202600514,Chamarajanagar,1,2026-04-09,2026,4,1,Night (12AM-6AM),UDR,Non-Heinous,Crimes Against Women,Molestation,Charge Sheeted,11.92793,76.94945
515,700070002202500515,Hubballi-Dharwad,2,2025-01-16,2025,1,6,Morning (6AM-12PM),Zero FIR,Non-Heinous,Crimes Against Property,Theft,Charge Sheeted,15.3313,75.11535
516,100140004202500516,Bidar,4,2025-03-18,2025,3,17,Afternoon (12PM-6PM),FIR,Non-Heinous,Crimes Against Property,Dacoity,Charge Sheeted,17.84509,77.46444
517,700020003202400517,Bengaluru Rural,3,2024-01-15,2024,1,2,Night (12AM-6AM),Zero FIR,Heinous,Crimes Against Women,Sexual Assault,Closed,13.36157,77.61648
518,100080001202500518,Ballari,1,2025-08-25,2025,8,7,Morning (6AM-12PM),PAR,Heinous,Crimes Against Body,Grievous Hurt,Charge Sheeted,15.02719,76.8899
519,100160001202200519,Udupi,1,2022-02-10,2022,2,5,Night (12AM-6AM),FIR,Non-Heinous,Cyber Crime,Phishing,False Case,13.34165,74.69565
520,100170004202600520,Kolar,4,2026-08-02,2026,8,22,Evening (6PM-12AM),FIR,Non-Heinous,Narcotics,NDPS Trafficking,Charge Sheeted,13.19411,78.1738
521,100140001202500521,Bidar,1,2025-08-07,2025,8,4,Night (12AM-6AM),FIR,Heinous,Crimes Against Body,Murder,Closed,17.93127,77.43501
522,100190001202400522,Hassan,1,2024-05-18,2024,5,18,Evening (6PM-12AM),FIR,Heinous,Crimes Against Body,Attempt to Murder,Closed,13.12246,76.06097
523,100090002202500523,Tumakuru,2,2025-01-05,2025,1,11,Morning (6AM-12PM),FIR,Non-Heinous,Crimes Against Property,Dacoity,Charge Sheeted,13.27905,77.15585
524,100240002202500524,Kodagu,2,2025-01-08,2025,1,8,Morning (6AM-12PM),FIR,Heinous,Crimes Against Women,Domestic Violence,Under Investigation,12.36259,75.86567
525,100090004202200525,Tumakuru,4,2022-08-21,2022,8,6,Morning (6AM-12PM),FIR,Heinous,Narcotics,NDPS Trafficking,False Case,13.28261,77.15221
526,100190004202500526,Hassan,4,2025-06-08,2025,6,13,Afternoon (12PM-6PM),FIR,Non-Heinous,Crimes Against Property,Theft,Charge Sheeted,13.01586,76.16995
527,100010003202600527,Bengaluru City,3,2026-11-26,2026,11,22,Evening (6PM-12AM),FIR,Non-Heinous,Crimes Against Property,Dacoity,Under Investigation,12.78663,77.73986
528,100100001202500528,Shivamogga,1,2025-02-02,2025,2,7,Morning (6AM-12PM),FIR,Heinous,Crimes Against Body,Assault,Under Investigation,13.89754,75.58192
529,100240004202300529,Kodagu,4,2023-02-17,2023,2,7,Morning (6AM-12PM),FIR,Non-Heinous,Crimes Against Body,Grievous Hurt,Charge Sheeted,12.36104,75.75599
530,100160002202600530,Udupi,2,2026-04-20,2026,4,8,Morning (6AM-12PM),FIR,Non-Heinous,Cyber Crime,Phishing,Under Investigation,13.44265,74.71025
531,100110004202600531,Davanagere,4,2026-03-21,2026,3,15,Afternoon (12PM-6PM),PAR,Non-Heinous,Economic Offences,Criminal Breach of Trust,Closed,14.4567,76.11374
532,700230004202500532,Chamarajanagar,4,2025-09-13,2025,9,8,Morning (6AM-12PM),Zero FIR,Non-Heinous,Crimes Against Property,Burglary,Charge Sheeted,11.91065,76.92661
533,100010004202600533,Bengaluru City,4,2026-09-01,2026,9,16,Afternoon (12PM-6PM),FIR,Non-Heinous,Crimes Against Women,Molestation,Closed,12.91099,77.52537
534,100210003202600534,Koppal,3,2026-11-13,2026,11,14,Afternoon (12PM-6PM),FIR,Non-Heinous,Crimes Against Body,Assault,Undetected,15.26946,76.0368
535,100010004202300535,Bengaluru City,4,2023-05-19,2023,5,23,Evening (6PM-12AM),FIR,Non-Heinous,Public Order,Rioting,Charge Sheeted,12.93854,77.53485
536,100020001202300536,Bengaluru Rural,1,2023-08-14,2023,8,23,Evening (6PM-12AM),FIR,Non-Heinous,Crimes Against Property,Burglary,Charge Sheeted,13.30837,77.44713
537,400010003202500537,Bengaluru City,3,2025-01-03,2025,1,12,Afternoon (12PM-6PM),UDR,Non-Heinous,Crimes Against Body,Attempt to Murder,False Case,12.96434,77.68122
538,100020003202500538,Bengaluru Rural,3,2025-07-20,2025,7,4,Night (12AM-6AM),FIR,Non-Heinous,Narcotics,NDPS Possession,Charge Sheeted,13.36306,77.56753
539,100010004202400539,Bengaluru City,4,2024-11-06,2024,11,13,Afternoon (12PM-6PM),FIR,Non-Heinous,Crimes Against Property,Robbery,Charge Sheeted,12.81992,77.50051
540,100150004202400540,Chikkamagaluru,4,2024-11-08,2024,11,8,Morning (6AM-12PM),FIR,Non-Heinous,Cyber Crime,Identity Theft,False Case,13.30322,75.67342
541,100190002202600541,Hassan,2,2026-03-25,2026,3,8,Morning (6AM-12PM),FIR,Non-Heinous,Crimes Against Body,Assault,Charge Sheeted,12.93662,76.14179
542,100280003202500542,Haveri,3,2025-07-03,2025,7,9,Morning (6AM-12PM),FIR,Non-Heinous,Crimes Against Women,Domestic Violence,Charge Sheeted,14.7422,75.4346
543,100020002202600543,Bengaluru Rural,2,2026-05-01,2026,5,10,Morning (6AM-12PM),FIR,Non-Heinous,Crimes Against Property,Dacoity,Closed,13.22879,77.56496
544,700090002202400544,Tumakuru,2,2024-12-11,2024,12,0,Night (12AM-6AM),Zero FIR,Non-Heinous,Narcotics,NDPS Trafficking,Under Investigation,13.4326,77.15053
545,100110001202600545,Davanagere,1,2026-04-22,2026,4,15,Afternoon (12PM-6PM),FIR,Heinous,Crimes Against Body,Assault,Charge Sheeted,14.51166,75.96944
546,100050004202500546,Belagavi,4,2025-03-16,2025,3,1,Night (12AM-6AM),FIR,Heinous,Crimes Against Women,Domestic Violence,Under Investigation,15.93451,74.53247
547,100240004202600547,Kodagu,4,2026-02-22,2026,2,4,Night (12AM-6AM),FIR,Non-Heinous,Crimes Against Women,Dowry Harassment,Under Investigation,12.36806,75.79266
548,100110003202400548,Davanagere,3,2024-12-13,2024,12,21,Evening (6PM-12AM),FIR,Non-Heinous,Narcotics,NDPS Possession,Closed,14.55988,75.92057
549,100010001202500549,Bengaluru City,1,2025-12-01,2025,12,16,Afternoon (12PM-6PM),FIR,Heinous,Crimes Against Women,Molestation,Closed,12.99668,77.67171
550,100150004202500550,Chikkamagaluru,4,2025-09-03,2025,9,12,Afternoon (12PM-6PM),PAR,Non-Heinous,Crimes Against Body,Assault,Undetected,13.39526,75.845
551,100010003202400551,Bengaluru City,3,2024-01-22,2024,1,5,Night (12AM-6AM),FIR,Heinous,Crimes Against Women,Sexual Assault,Charge Sheeted,12.94454,77.59571
552,100140002202200552,Bidar,2,2022-08-25,2022,8,22,Evening (6PM-12AM),FIR,Non-Heinous,Crimes Against Women,Dowry Harassment,Closed,17.94439,77.49525
553,100050002202500553,Belagavi,2,2025-10-10,2025,10,20,Evening (6PM-12AM),FIR,Non-Heinous,Crimes Against Body,Murder,Closed,15.85575,74.49678
554,100090001202300554,Tumakuru,1,2023-01-15,2023,1,19,Evening (6PM-12AM),FIR,Heinous,Crimes Against Body,Grievous Hurt,Charge Sheeted,13.25875,77.19189
555,400240004202600555,Kodagu,4,2026-05-25,2026,5,8,Morning (6AM-12PM),UDR,Non-Heinous,Economic Offences,Forgery,Closed,12.28801,75.63441
556,700170004202600556,Kolar,4,2026-05-22,2026,5,14,Afternoon (12PM-6PM),Zero FIR,Non-Heinous,Crimes Against Women,Domestic Violence,False Case,13.05749,78.06781
557,100080004202600557,Ballari,4,2026-07-10,2026,7,1,Night (12AM-6AM),FIR,Non-Heinous,Public Order,Rioting,Closed,15.1422,76.93022
558,700050001202200558,Belagavi,1,2022-12-07,2022,12,23,Evening (6PM-12AM),Zero FIR,Non-Heinous,Crimes Against Property,Burglary,Charge Sheeted,15.94695,74.43171
559,100040004202600559,Mangaluru (Dakshina Kannada),4,2026-09-10,2026,9,9,Morning (6AM-12PM),FIR,Non-Heinous,Crimes Against Body,Assault,Charge Sheeted,12.84141,74.8317
560,100250003202500560,Ramanagara,3,2025-12-06,2025,12,8,Morning (6AM-12PM),FIR,Non-Heinous,Crimes Against Property,Burglary,Closed,12.73923,77.18858
561,100250002202200561,Ramanagara,2,2022-10-03,2022,10,16,Afternoon (12PM-6PM),FIR,Non-Heinous,Crimes Against Women,Dowry Harassment,Charge Sheeted,12.70847,77.34451
562,100160003202600562,Udupi,3,2026-02-09,2026,2,13,Afternoon (12PM-6PM),FIR,Non-Heinous,Narcotics,NDPS Possession,Closed,13.23871,74.72326
563,100090002202300563,Tumakuru,2,2023-08-08,2023,8,9,Morning (6AM-12PM),FIR,Non-Heinous,Crimes Against Property,Theft,Under Investigation,13.4296,77.04775
564,100030001202500564,Mysuru,1,2025-06-04,2025,6,9,Morning (6AM-12PM),FIR,Non-Heinous,Cyber Crime,Cyberstalking,Charge Sheeted,12.30518,76.70384
565,100190002202400565,Hassan,2,2024-10-25,2024,10,20,Evening (6PM-12AM),FIR,Heinous,Crimes Against Body,Assault,Closed,13.06784,76.08494
566,100020003202600566,Bengaluru Rural,3,2026-11-01,2026,11,15,Afternoon (12PM-6PM),FIR,Heinous,Crimes Against Body,Assault,Charge Sheeted,13.34973,77.56757
567,100050002202400567,Belagavi,2,2024-03-09,2024,3,15,Afternoon (12PM-6PM),FIR,Heinous,Crimes Against Women,Sexual Assault,Under Investigation,15.82947,74.38998
568,100190003202600568,Hassan,3,2026-07-10,2026,7,15,Afternoon (12PM-6PM),FIR,Non-Heinous,Economic Offences,Cheating,Charge Sheeted,13.15116,76.09406
569,100100001202500569,Shivamogga,1,2025-01-20,2025,1,12,Afternoon (12PM-6PM),FIR,Non-Heinous,Crimes Against Body,Murder,Charge Sheeted,13.891,75.60336
570,100110001202500570,Davanagere,1,2025-07-19,2025,7,15,Afternoon (12PM-6PM),FIR,Non-Heinous,Crimes Against Body,Attempt to Murder,Under Investigation,14.48989,75.98747
571,100090001202300571,Tumakuru,1,2023-02-02,2023,2,3,Night (12AM-6AM),FIR,Non-Heinous,Economic Offences,Criminal Breach of Trust,Under Investigation,13.27034,77.16468
572,100140003202600572,Bidar,3,2026-06-27,2026,6,9,Morning (6AM-12PM),FIR,Non-Heinous,Crimes Against Body,Murder,False Case,17.92448,77.51874
573,100230002202500573,Chamarajanagar,2,2025-05-17,2025,5,20,Evening (6PM-12AM),FIR,Non-Heinous,Crimes Against Property,Burglary,Charge Sheeted,11.93899,76.91179
574,100090003202200574,Tumakuru,3,2022-11-14,2022,11,2,Night (12AM-6AM),PAR,Non-Heinous,Crimes Against Property,Robbery,Under Investigation,13.39383,77.10636
575,100070001202600575,Hubballi-Dharwad,1,2026-03-25,2026,3,22,Evening (6PM-12AM),FIR,Non-Heinous,Public Order,Rioting,Under Investigation,15.50129,75.20841
576,100030001202500576,Mysuru,1,2025-09-21,2025,9,14,Afternoon (12PM-6PM),FIR,Heinous,Crimes Against Women,Molestation,Under Investigation,12.3787,76.76405
577,100190003202600577,Hassan,3,2026-12-26,2026,12,22,Evening (6PM-12AM),FIR,Non-Heinous,Economic Offences,Forgery,Closed,12.97978,76.11502
578,100080004202300578,Ballari,4,2023-01-24,2023,1,2,Night (12AM-6AM),FIR,Non-Heinous,Cyber Crime,Phishing,Under Investigation,15.11503,76.88799
579,100130001202600579,Raichur,1,2026-11-13,2026,11,10,Morning (6AM-12PM),FIR,Non-Heinous,Crimes Against Women,Sexual Assault,False Case,16.23955,77.29916
580,100050002202200580,Belagavi,2,2022-04-07,2022,4,3,Night (12AM-6AM),FIR,Heinous,Crimes Against Body,Grievous Hurt,Charge Sheeted,15.86767,74.43639
581,100140001202600581,Bidar,1,2026-10-11,2026,10,9,Morning (6AM-12PM),FIR,Non-Heinous,Crimes Against Property,Robbery,Under Investigation,17.85104,77.52698
582,100160003202400582,Udupi,3,2024-06-21,2024,6,3,Night (12AM-6AM),FIR,Heinous,Crimes Against Body,Attempt to Murder,Charge Sheeted,13.28521,74.71102
583,100150002202400583,Chikkamagaluru,2,2024-11-01,2024,11,1,Night (12AM-6AM),FIR,Non-Heinous,Crimes Against Women,Molestation,Under Investigation,13.42937,75.74976
584,100040004202300584,Mangaluru (Dakshina Kannada),4,2023-06-10,2023,6,4,Night (12AM-6AM),FIR,Non-Heinous,Crimes Against Property,Dacoity,Charge Sheeted,12.99293,74.96737
585,100090003202300585,Tumakuru,3,2023-04-03,2023,4,14,Afternoon (12PM-6PM),FIR,Non-Heinous,Cyber Crime,Identity Theft,Under Investigation,13.39232,77.12094
586,100250004202300586,Ramanagara,4,2023-11-26,2023,11,18,Evening (6PM-12AM),FIR,Non-Heinous,Crimes Against Women,Molestation,Closed,12.80726,77.28196
587,100190003202600587,Hassan,3,2026-12-09,2026,12,22,Evening (6PM-12AM),FIR,Heinous,Crimes Against Women,Molestation,Closed,12.96191,76.01881
588,100030001202400588,Mysuru,1,2024-03-04,2024,3,8,Morning (6AM-12PM),FIR,Non-Heinous,Crimes Against Women,Domestic Violence,Under Investigation,12.23031,76.68408
589,100250001202300589,Ramanagara,1,2023-04-27,2023,4,7,Morning (6AM-12PM),FIR,Heinous,Crimes Against Body,Attempt to Murder,Charge Sheeted,12.61142,77.32408
590,100050004202500590,Belagavi,4,2025-02-06,2025,2,6,Morning (6AM-12PM),FIR,Non-Heinous,Crimes Against Women,Domestic Violence,Closed,15.80819,74.48676
591,100140002202300591,Bidar,2,2023-11-18,2023,11,15,Afternoon (12PM-6PM),FIR,Non-Heinous,Crimes Against Property,Theft,Closed,17.98223,77.50622
592,400070003202500592,Hubballi-Dharwad,3,2025-04-26,2025,4,9,Morning (6AM-12PM),UDR,Non-Heinous,Economic Offences,Cheating,Undetected,15.28483,75.04711
593,100030002202500593,Mysuru,2,2025-04-22,2025,4,1,Night (12AM-6AM),FIR,Non-Heinous,Economic Offences,Forgery,Charge Sheeted,12.33393,76.63692
594,100020002202400594,Bengaluru Rural,2,2024-04-17,2024,4,13,Afternoon (12PM-6PM),FIR,Non-Heinous,Crimes Against Property,Robbery,Under Investigation,13.21964,77.6008
595,100160001202600595,Udupi,1,2026-05-01,2026,5,6,Morning (6AM-12PM),FIR,Heinous,Crimes Against Women,Sexual Assault,Under Investigation,13.34435,74.80753
596,100050004202500596,Belagavi,4,2025-01-18,2025,1,20,Evening (6PM-12AM),FIR,Non-Heinous,Crimes Against Body,Attempt to Murder,False Case,15.83337,74.49075
597,100250002202300597,Ramanagara,2,2023-02-07,2023,2,23,Evening (6PM-12AM),PAR,Heinous,Crimes Against Women,Domestic Violence,Under Investigation,12.68794,77.23698
598,100240002202300598,Kodagu,2,2023-03-05,2023,3,15,Afternoon (12PM-6PM),FIR,Non-Heinous,Crimes Against Property,Dacoity,Under Investigation,12.35291,75.73481
599,700050002202200599,Belagavi,2,2022-06-19,2022,6,11,Morning (6AM-12PM),Zero FIR,Non-Heinous,Economic Offences,Forgery,Charge Sheeted,15.8305,74.54837
600,700050001202300600,Belagavi,1,2023-10-14,2023,10,18,Evening (6PM-12AM),Zero FIR,Non-Heinous,Narcotics,NDPS Trafficking,Closed,15.78782,74.50804
601,100020003202500601,Bengaluru Rural,3,2025-01-11,2025,1,13,Afternoon (12PM-6PM),PAR,Non-Heinous,Crimes Against Property,Robbery,Under Investigation,13.25861,77.5004
602,100100004202300602,Shivamogga,4,2023-06-23,2023,6,9,Morning (6AM-12PM),FIR,Non-Heinous,Crimes Against Property,Theft,False Case,13.9161,75.60871
603,400230002202200603,Chamarajanagar,2,2022-11-02,2022,11,19,Evening (6PM-12AM),UDR,Heinous,Crimes Against Body,Attempt to Murder,Under Investigation,11.84671,76.93076
604,100050004202600604,Belagavi,4,2026-09-15,2026,9,0,Night (12AM-6AM),FIR,Non-Heinous,Cyber Crime,Cyberstalking,Charge Sheeted,15.89201,74.49248
605,100050003202400605,Belagavi,3,2024-03-07,2024,3,9,Morning (6AM-12PM),FIR,Non-Heinous,Crimes Against Property,Theft,Under Investigation,15.81478,74.48062
606,100050003202300606,Belagavi,3,2023-10-01,2023,10,20,Evening (6PM-12AM),FIR,Non-Heinous,Crimes Against Women,Molestation,Charge Sheeted,15.89295,74.50052
607,100170001202600607,Kolar,1,2026-12-12,2026,12,22,Evening (6PM-12AM),FIR,Non-Heinous,Crimes Against Women,Molestation,Charge Sheeted,13.28521,78.1079
608,100050001202600608,Belagavi,1,2026-09-14,2026,9,8,Morning (6AM-12PM),FIR,Non-Heinous,Economic Offences,Criminal Breach of Trust,Under Investigation,15.81437,74.57727
609,100140003202600609,Bidar,3,2026-02-10,2026,2,4,Night (12AM-6AM),FIR,Heinous,Narcotics,NDPS Possession,Under Investigation,17.869,77.51672
610,100190002202400610,Hassan,2,2024-09-08,2024,9,21,Evening (6PM-12AM),FIR,Non-Heinous,Economic Offences,Criminal Breach of Trust,False Case,13.03636,76.12672
611,100290004202300611,Gadag,4,2023-04-23,2023,4,12,Afternoon (12PM-6PM),FIR,Heinous,Crimes Against Body,Murder,Under Investigation,15.36208,75.57227
612,400280004202300612,Haveri,4,2023-04-18,2023,4,8,Morning (6AM-12PM),UDR,Heinous,Crimes Against Women,Sexual Assault,Charge Sheeted,14.75761,75.4045
613,100170001202400613,Kolar,1,2024-07-18,2024,7,9,Morning (6AM-12PM),PAR,Non-Heinous,Economic Offences,Cheating,Charge Sheeted,13.07426,78.11498
614,100170002202400614,Kolar,2,2024-09-15,2024,9,10,Morning (6AM-12PM),FIR,Non-Heinous,Cyber Crime,Cyberstalking,Under Investigation,13.05835,78.09197
615,100040001202600615,Mangaluru (Dakshina Kannada),1,2026-07-04,2026,7,13,Afternoon (12PM-6PM),FIR,Non-Heinous,Crimes Against Property,Theft,Closed,12.82504,74.88439
616,100070004202400616,Hubballi-Dharwad,4,2024-08-19,2024,8,7,Morning (6AM-12PM),FIR,Non-Heinous,Crimes Against Women,Dowry Harassment,Undetected,15.38957,75.02758
617,100010004202600617,Bengaluru City,4,2026-04-07,2026,4,15,Afternoon (12PM-6PM),PAR,Non-Heinous,Economic Offences,Criminal Breach of Trust,Charge Sheeted,12.96194,77.60661
618,100240004202600618,Kodagu,4,2026-08-06,2026,8,14,Afternoon (12PM-6PM),FIR,Heinous,Crimes Against Body,Murder,Under Investigation,12.37028,75.85444
619,100010004202600619,Bengaluru City,4,2026-08-27,2026,8,3,Night (12AM-6AM),FIR,Non-Heinous,Economic Offences,Criminal Breach of Trust,Under Investigation,12.97559,77.54539
620,700010001202200620,Bengaluru City,1,2022-04-03,2022,4,20,Evening (6PM-12AM),Zero FIR,Non-Heinous,Crimes Against Body,Murder,Closed,12.86812,77.54552
621,100050002202600621,Belagavi,2,2026-01-23,2026,1,5,Night (12AM-6AM),FIR,Non-Heinous,Crimes Against Property,Burglary,Closed,15.86297,74.48451
622,100090002202600622,Tumakuru,2,2026-09-22,2026,9,12,Afternoon (12PM-6PM),FIR,Non-Heinous,Crimes Against Body,Assault,Under Investigation,13.45221,77.02646
623,100040003202300623,Mangaluru (Dakshina Kannada),3,2023-04-26,2023,4,9,Morning (6AM-12PM),FIR,Non-Heinous,Crimes Against Property,Burglary,Closed,13.01171,74.86714
624,100160001202600624,Udupi,1,2026-02-14,2026,2,20,Evening (6PM-12AM),FIR,Non-Heinous,Crimes Against Property,Burglary,Closed,13.34978,74.75088
625,100150001202200625,Chikkamagaluru,1,2022-04-04,2022,4,17,Afternoon (12PM-6PM),FIR,Non-Heinous,Crimes Against Body,Assault,Under Investigation,13.31723,75.82028
626,100290002202300626,Gadag,2,2023-03-22,2023,3,23,Evening (6PM-12AM),FIR,Heinous,Crimes Against Women,Molestation,Charge Sheeted,15.37087,75.58261
627,100040003202600627,Mangaluru (Dakshina Kannada),3,2026-06-10,2026,6,8,Morning (6AM-12PM),FIR,Non-Heinous,Crimes Against Women,Sexual Assault,Charge Sheeted,12.94936,74.79832
628,700020001202500628,Bengaluru Rural,1,2025-11-17,2025,11,11,Morning (6AM-12PM),Zero FIR,Non-Heinous,Crimes Against Body,Murder,Charge Sheeted,13.25989,77.54815
629,100020001202600629,Bengaluru Rural,1,2026-04-09,2026,4,23,Evening (6PM-12AM),FIR,Non-Heinous,Narcotics,NDPS Trafficking,False Case,13.20045,77.53321
630,100110002202600630,Davanagere,2,2026-12-02,2026,12,23,Evening (6PM-12AM),FIR,Non-Heinous,Economic Offences,Criminal Breach of Trust,Under Investigation,14.43161,75.93139
631,100050003202500631,Belagavi,3,2025-12-17,2025,12,23,Evening (6PM-12AM),FIR,Non-Heinous,Crimes Against Property,Burglary,Closed,15.8912,74.50289
632,700190004202600632,Hassan,4,2026-12-02,2026,12,21,Evening (6PM-12AM),Zero FIR,Non-Heinous,Crimes Against Property,Robbery,Charge Sheeted,13.05618,76.15146
633,100070004202300633,Hubballi-Dharwad,4,2023-09-05,2023,9,19,Evening (6PM-12AM),FIR,Non-Heinous,Crimes Against Women,Sexual Assault,Closed,15.34456,75.06082
634,100160001202600634,Udupi,1,2026-04-25,2026,4,3,Night (12AM-6AM),PAR,Non-Heinous,Crimes Against Women,Domestic Violence,Charge Sheeted,13.32657,74.66958
635,100010002202500635,Bengaluru City,2,2025-04-15,2025,4,5,Night (12AM-6AM),FIR,Heinous,Crimes Against Body,Murder,Under Investigation,13.01934,77.65846
636,100020003202300636,Bengaluru Rural,3,2023-06-10,2023,6,23,Evening (6PM-12AM),FIR,Non-Heinous,Crimes Against Property,Theft,Closed,13.2868,77.49005
637,100190003202600637,Hassan,3,2026-02-22,2026,2,9,Morning (6AM-12PM),FIR,Non-Heinous,Narcotics,NDPS Possession,Charge Sheeted,13.15172,76.07321
638,100070004202400638,Hubballi-Dharwad,4,2024-03-15,2024,3,9,Morning (6AM-12PM),FIR,Non-Heinous,Crimes Against Women,Molestation,Charge Sheeted,15.49926,75.1789
639,100010003202600639,Bengaluru City,3,2026-07-19,2026,7,13,Afternoon (12PM-6PM),FIR,Heinous,Crimes Against Body,Murder,False Case,12.96106,77.50694
640,100020002202500640,Bengaluru Rural,2,2025-09-17,2025,9,5,Night (12AM-6AM),FIR,Non-Heinous,Crimes Against Property,Theft,Undetected,13.23053,77.62745
641,100090004202600641,Tumakuru,4,2026-02-01,2026,2,19,Evening (6PM-12AM),FIR,Non-Heinous,Public Order,Rioting,False Case,13.3668,77.09644
642,100180003202600642,Mandya,3,2026-06-20,2026,6,8,Morning (6AM-12PM),FIR,Non-Heinous,Crimes Against Women,Domestic Violence,Closed,12.39739,76.94705
643,100230003202400643,Chamarajanagar,3,2024-03-23,2024,3,20,Evening (6PM-12AM),FIR,Non-Heinous,Crimes Against Body,Attempt to Murder,False Case,11.94388,76.84744
644,100160003202300644,Udupi,3,2023-04-19,2023,4,8,Morning (6AM-12PM),PAR,Non-Heinous,Crimes Against Women,Domestic Violence,Closed,13.3532,74.7643
645,100140002202400645,Bidar,2,2024-12-02,2024,12,21,Evening (6PM-12AM),FIR,Non-Heinous,Crimes Against Property,Burglary,Charge Sheeted,17.92502,77.4056
646,100190002202400646,Hassan,2,2024-06-12,2024,6,18,Evening (6PM-12AM),FIR,Heinous,Crimes Against Women,Dowry Harassment,Closed,12.96016,76.16855
647,400240004202600647,Kodagu,4,2026-06-10,2026,6,12,Afternoon (12PM-6PM),UDR,Non-Heinous,Crimes Against Body,Murder,Under Investigation,12.40978,75.77041
648,100040001202600648,Mangaluru (Dakshina Kannada),1,2026-10-23,2026,10,7,Morning (6AM-12PM),FIR,Non-Heinous,Crimes Against Property,Theft,Closed,12.98089,74.76521
649,100160004202500649,Udupi,4,2025-07-07,2025,7,0,Night (12AM-6AM),PAR,Non-Heinous,Economic Offences,Criminal Breach of Trust,Undetected,13.34691,74.73217
650,100210001202400650,Koppal,1,2024-11-11,2024,11,11,Morning (6AM-12PM),FIR,Non-Heinous,Economic Offences,Criminal Breach of Trust,Under Investigation,15.34318,76.12789
651,700050002202600651,Belagavi,2,2026-05-09,2026,5,12,Afternoon (12PM-6PM),Zero FIR,Non-Heinous,Cyber Crime,Phishing,Closed,15.96544,74.45201
652,100190004202400652,Hassan,4,2024-03-08,2024,3,14,Afternoon (12PM-6PM),FIR,Non-Heinous,Narcotics,NDPS Possession,Closed,13.06964,76.20691
653,100050002202400653,Belagavi,2,2024-11-20,2024,11,17,Afternoon (12PM-6PM),FIR,Heinous,Crimes Against Body,Murder,Charge Sheeted,15.82295,74.52411
654,100290002202600654,Gadag,2,2026-11-08,2026,11,18,Evening (6PM-12AM),FIR,Non-Heinous,Crimes Against Property,Theft,Undetected,15.39346,75.76954
655,100230002202200655,Chamarajanagar,2,2022-11-19,2022,11,21,Evening (6PM-12AM),FIR,Non-Heinous,Crimes Against Property,Burglary,Charge Sheeted,11.94707,76.88582
656,700030002202500656,Mysuru,2,2025-07-11,2025,7,13,Afternoon (12PM-6PM),Zero FIR,Non-Heinous,Economic Offences,Cheating,Closed,12.33001,76.62747
657,100260001202400657,Chikkaballapur,1,2024-11-18,2024,11,20,Evening (6PM-12AM),FIR,Non-Heinous,Cyber Crime,Phishing,Charge Sheeted,13.43099,77.68289
658,100110002202400658,Davanagere,2,2024-06-15,2024,6,3,Night (12AM-6AM),FIR,Non-Heinous,Crimes Against Property,Theft,False Case,14.39663,75.94926
659,100170004202600659,Kolar,4,2026-03-04,2026,3,3,Night (12AM-6AM),FIR,Non-Heinous,Crimes Against Body,Assault,Charge Sheeted,13.14652,78.08724
660,100050001202600660,Belagavi,1,2026-10-11,2026,10,19,Evening (6PM-12AM),FIR,Non-Heinous,Crimes Against Body,Attempt to Murder,Charge Sheeted,15.84627,74.48828
661,100080004202500661,Ballari,4,2025-01-07,2025,1,13,Afternoon (12PM-6PM),PAR,Non-Heinous,Economic Offences,Cheating,Under Investigation,15.08298,76.88504
662,100230004202500662,Chamarajanagar,4,2025-03-15,2025,3,22,Evening (6PM-12AM),PAR,Non-Heinous,Economic Offences,Forgery,Charge Sheeted,11.98301,76.98559
663,100050004202400663,Belagavi,4,2024-02-14,2024,2,9,Morning (6AM-12PM),FIR,Non-Heinous,Crimes Against Women,Molestation,Under Investigation,15.92063,74.61848
664,100090004202600664,Tumakuru,4,2026-06-03,2026,6,8,Morning (6AM-12PM),FIR,Non-Heinous,Crimes Against Women,Dowry Harassment,Closed,13.35483,77.19395
665,100050004202400665,Belagavi,4,2024-05-09,2024,5,21,Evening (6PM-12AM),FIR,Non-Heinous,Public Order,Rioting,Closed,15.86505,74.45822
666,100190001202600666,Hassan,1,2026-03-25,2026,3,15,Afternoon (12PM-6PM),FIR,Non-Heinous,Crimes Against Women,Sexual Assault,Under Investigation,12.93825,76.11361
667,100110002202400667,Davanagere,2,2024-08-24,2024,8,1,Night (12AM-6AM),FIR,Non-Heinous,Crimes Against Women,Dowry Harassment,Closed,14.34503,75.94385
668,100240002202400668,Kodagu,2,2024-09-19,2024,9,9,Morning (6AM-12PM),FIR,Heinous,Crimes Against Women,Domestic Violence,Closed,12.31536,75.70453
669,700020004202400669,Bengaluru Rural,4,2024-04-19,2024,4,17,Afternoon (12PM-6PM),Zero FIR,Non-Heinous,Economic Offences,Forgery,Under Investigation,13.2596,77.62623
670,100170003202600670,Kolar,3,2026-09-12,2026,9,1,Night (12AM-6AM),FIR,Heinous,Crimes Against Women,Molestation,Under Investigation,13.10492,78.21769
671,400250002202400671,Ramanagara,2,2024-12-01,2024,12,10,Morning (6AM-12PM),UDR,Non-Heinous,Crimes Against Property,Theft,Charge Sheeted,12.69126,77.24562
672,100020002202600672,Bengaluru Rural,2,2026-04-14,2026,4,21,Evening (6PM-12AM),FIR,Non-Heinous,Economic Offences,Forgery,Undetected,13.11474,77.49547
673,100130003202500673,Raichur,3,2025-08-21,2025,8,15,Afternoon (12PM-6PM),PAR,Non-Heinous,Narcotics,NDPS Trafficking,Closed,16.18684,77.40133
674,100240003202300674,Kodagu,3,2023-12-04,2023,12,5,Night (12AM-6AM),FIR,Non-Heinous,Crimes Against Body,Grievous Hurt,Charge Sheeted,12.38631,75.76937
675,100020004202300675,Bengaluru Rural,4,2023-01-19,2023,1,22,Evening (6PM-12AM),FIR,Non-Heinous,Public Order,Rioting,Charge Sheeted,13.26504,77.5466
676,100020002202200676,Bengaluru Rural,2,2022-12-08,2022,12,7,Morning (6AM-12PM),FIR,Non-Heinous,Crimes Against Property,Burglary,Closed,13.23077,77.53426
677,100110002202600677,Davanagere,2,2026-12-24,2026,12,19,Evening (6PM-12AM),FIR,Non-Heinous,Crimes Against Women,Domestic Violence,Under Investigation,14.44501,75.93813
678,100030001202600678,Mysuru,1,2026-12-05,2026,12,17,Afternoon (12PM-6PM),FIR,Non-Heinous,Crimes Against Property,Robbery,False Case,12.22219,76.60846
679,100170004202300679,Kolar,4,2023-09-03,2023,9,6,Morning (6AM-12PM),FIR,Non-Heinous,Economic Offences,Criminal Breach of Trust,Charge Sheeted,13.25258,78.17734
680,100030003202500680,Mysuru,3,2025-06-16,2025,6,22,Evening (6PM-12AM),FIR,Heinous,Crimes Against Body,Assault,Closed,12.37939,76.68156
681,100030001202600681,Mysuru,1,2026-04-19,2026,4,15,Afternoon (12PM-6PM),FIR,Non-Heinous,Crimes Against Property,Dacoity,Undetected,12.26347,76.63484
682,100050004202500682,Belagavi,4,2025-08-27,2025,8,4,Night (12AM-6AM),FIR,Non-Heinous,Crimes Against Women,Molestation,Under Investigation,15.82245,74.41295
683,100110001202200683,Davanagere,1,2022-02-02,2022,2,11,Morning (6AM-12PM),FIR,Non-Heinous,Cyber Crime,Phishing,Closed,14.42,75.93886
684,400240004202300684,Kodagu,4,2023-12-18,2023,12,8,Morning (6AM-12PM),UDR,Non-Heinous,Economic Offences,Criminal Breach of Trust,Under Investigation,12.32849,75.83542
685,100050002202300685,Belagavi,2,2023-12-20,2023,12,0,Night (12AM-6AM),FIR,Non-Heinous,Economic Offences,Cheating,Closed,15.79207,74.49513
686,400240001202600686,Kodagu,1,2026-06-12,2026,6,18,Evening (6PM-12AM),UDR,Non-Heinous,Crimes Against Body,Attempt to Murder,Under Investigation,12.29265,75.75698
687,100040001202600687,Mangaluru (Dakshina Kannada),1,2026-08-01,2026,8,9,Morning (6AM-12PM),PAR,Non-Heinous,Cyber Crime,Identity Theft,Charge Sheeted,12.95552,74.79239
688,100120002202400688,Vijayapura,2,2024-05-04,2024,5,1,Night (12AM-6AM),FIR,Non-Heinous,Crimes Against Body,Attempt to Murder,Under Investigation,16.79749,75.80383
689,100130001202500689,Raichur,1,2025-04-22,2025,4,5,Night (12AM-6AM),FIR,Non-Heinous,Crimes Against Property,Robbery,Under Investigation,16.23545,77.32312
690,100110001202400690,Davanagere,1,2024-12-08,2024,12,22,Evening (6PM-12AM),FIR,Non-Heinous,Crimes Against Property,Theft,Under Investigation,14.45788,75.89431
691,100050001202300691,Belagavi,1,2023-06-25,2023,6,9,Morning (6AM-12PM),FIR,Non-Heinous,Economic Offences,Cheating,Under Investigation,15.80884,74.52845
692,100040002202400692,Mangaluru (Dakshina Kannada),2,2024-02-17,2024,2,14,Afternoon (12PM-6PM),FIR,Non-Heinous,Crimes Against Property,Theft,Under Investigation,12.8393,74.748
693,700080004202400693,Ballari,4,2024-06-09,2024,6,15,Afternoon (12PM-6PM),Zero FIR,Heinous,Crimes Against Body,Assault,Charge Sheeted,15.11777,76.96028
694,100070003202600694,Hubballi-Dharwad,3,2026-10-03,2026,10,10,Morning (6AM-12PM),FIR,Non-Heinous,Crimes Against Property,Dacoity,Under Investigation,15.31225,75.12343
695,700050002202600695,Belagavi,2,2026-09-06,2026,9,17,Afternoon (12PM-6PM),Zero FIR,Non-Heinous,Cyber Crime,Cyberstalking,Under Investigation,15.93075,74.43172
696,100020001202300696,Bengaluru Rural,1,2023-07-10,2023,7,0,Night (12AM-6AM),FIR,Heinous,Crimes Against Women,Sexual Assault,False Case,13.39045,77.57383
697,100220004202600697,Yadgir,4,2026-04-26,2026,4,21,Evening (6PM-12AM),FIR,Non-Heinous,Crimes Against Property,Burglary,Charge Sheeted,16.84591,77.16456
698,400010002202600698,Bengaluru City,2,2026-03-18,2026,3,9,Morning (6AM-12PM),UDR,Non-Heinous,Economic Offences,Forgery,Under Investigation,12.98645,77.62332
699,100240004202200699,Kodagu,4,2022-04-08,2022,4,16,Afternoon (12PM-6PM),FIR,Non-Heinous,Crimes Against Body,Grievous Hurt,False Case,12.35002,75.75157
700,100050003202600700,Belagavi,3,2026-10-11,2026,10,18,Evening (6PM-12AM),FIR,Non-Heinous,Crimes Against Body,Murder,Under Investigation,15.87209,74.52054
701,100030003202400701,Mysuru,3,2024-06-17,2024,6,21,Evening (6PM-12AM),FIR,Non-Heinous,Crimes Against Body,Assault,Charge Sheeted,12.26925,76.64636
702,100190002202200702,Hassan,2,2022-06-22,2022,6,14,Afternoon (12PM-6PM),FIR,Heinous,Crimes Against Women,Dowry Harassment,Closed,13.0719,76.11717
703,100280002202600703,Haveri,2,2026-01-16,2026,1,14,Afternoon (12PM-6PM),FIR,Non-Heinous,Cyber Crime,Online Fraud,Closed,14.78542,75.36676
704,100060001202600704,Kalaburagi,1,2026-11-02,2026,11,22,Evening (6PM-12AM),FIR,Heinous,Crimes Against Body,Attempt to Murder,Charge Sheeted,17.29758,76.85885
705,100190001202600705,Hassan,1,2026-08-13,2026,8,3,Night (12AM-6AM),FIR,Non-Heinous,Crimes Against Women,Molestation,Closed,13.08938,76.0778
706,100030004202500706,Mysuru,4,2025-09-19,2025,9,10,Morning (6AM-12PM),FIR,Non-Heinous,Crimes Against Property,Robbery,Closed,12.28632,76.62813
707,100270004202600707,Bagalkot,4,2026-11-08,2026,11,17,Afternoon (12PM-6PM),FIR,Non-Heinous,Cyber Crime,Online Fraud,False Case,16.21829,75.71448
708,100010002202400708,Bengaluru City,2,2024-03-27,2024,3,0,Night (12AM-6AM),FIR,Heinous,Crimes Against Body,Assault,Closed,13.0384,77.5891
709,100240004202300709,Kodagu,4,2023-07-22,2023,7,4,Night (12AM-6AM),FIR,Heinous,Crimes Against Body,Murder,Closed,12.44447,75.90466
710,100020002202500710,Bengaluru Rural,2,2025-04-17,2025,4,7,Morning (6AM-12PM),FIR,Heinous,Narcotics,NDPS Possession,Under Investigation,13.27534,77.61704
711,100030004202600711,Mysuru,4,2026-07-19,2026,7,3,Night (12AM-6AM),FIR,Heinous,Crimes Against Women,Dowry Harassment,Charge Sheeted,12.27449,76.65697
712,700050003202600712,Belagavi,3,2026-04-25,2026,4,16,Afternoon (12PM-6PM),Zero FIR,Non-Heinous,Economic Offences,Cheating,Closed,15.89652,74.46396
713,100030004202500713,Mysuru,4,2025-03-18,2025,3,11,Morning (6AM-12PM),FIR,Non-Heinous,Crimes Against Property,Theft,Under Investigation,12.30838,76.55759
714,400040002202300714,Mangaluru (Dakshina Kannada),2,2023-02-10,2023,2,1,Night (12AM-6AM),UDR,Non-Heinous,Cyber Crime,Phishing,Closed,12.92211,74.90751
715,100010004202600715,Bengaluru City,4,2026-05-26,2026,5,15,Afternoon (12PM-6PM),FIR,Heinous,Narcotics,NDPS Trafficking,Charge Sheeted,12.97739,77.54015
716,100240002202200716,Kodagu,2,2022-08-21,2022,8,22,Evening (6PM-12AM),FIR,Non-Heinous,Cyber Crime,Identity Theft,Charge Sheeted,12.30405,75.86122
717,400060003202500717,Kalaburagi,3,2025-08-25,2025,8,9,Morning (6AM-12PM),UDR,Non-Heinous,Crimes Against Property,Robbery,Under Investigation,17.42532,76.78518
718,100170004202300718,Kolar,4,2023-09-19,2023,9,3,Night (12AM-6AM),FIR,Non-Heinous,Crimes Against Women,Molestation,Under Investigation,13.16095,78.10322
719,100110003202500719,Davanagere,3,2025-05-07,2025,5,14,Afternoon (12PM-6PM),FIR,Heinous,Crimes Against Women,Domestic Violence,Closed,14.50854,75.94357
720,100030004202500720,Mysuru,4,2025-12-10,2025,12,15,Afternoon (12PM-6PM),FIR,Non-Heinous,Crimes Against Women,Dowry Harassment,Closed,12.28225,76.49647
721,100110003202600721,Davanagere,3,2026-07-20,2026,7,17,Afternoon (12PM-6PM),FIR,Non-Heinous,Crimes Against Body,Attempt to Murder,Under Investigation,14.46881,75.94579
722,100130003202200722,Raichur,3,2022-07-08,2022,7,16,Afternoon (12PM-6PM),FIR,Non-Heinous,Crimes Against Women,Sexual Assault,Charge Sheeted,16.18517,77.3138
723,100040002202500723,Mangaluru (Dakshina Kannada),2,2025-06-08,2025,6,13,Afternoon (12PM-6PM),FIR,Heinous,Crimes Against Body,Grievous Hurt,Charge Sheeted,12.91388,74.78687
724,100250002202500724,Ramanagara,2,2025-01-07,2025,1,3,Night (12AM-6AM),FIR,Heinous,Crimes Against Body,Attempt to Murder,Under Investigation,12.71239,77.28066
725,400190002202600725,Hassan,2,2026-02-16,2026,2,5,Night (12AM-6AM),UDR,Non-Heinous,Crimes Against Body,Grievous Hurt,Undetected,13.07831,76.09098
726,100030003202300726,Mysuru,3,2023-03-14,2023,3,0,Night (12AM-6AM),FIR,Non-Heinous,Cyber Crime,Phishing,Charge Sheeted,12.32439,76.67239
727,100200004202600727,Chitradurga,4,2026-08-21,2026,8,13,Afternoon (12PM-6PM),FIR,Non-Heinous,Crimes Against Women,Domestic Violence,Undetected,14.30379,76.39569
728,100050003202200728,Belagavi,3,2022-04-01,2022,4,9,Morning (6AM-12PM),FIR,Non-Heinous,Crimes Against Property,Robbery,Under Investigation,15.73003,74.47663
729,100140004202600729,Bidar,4,2026-02-27,2026,2,6,Morning (6AM-12PM),FIR,Non-Heinous,Crimes Against Body,Grievous Hurt,Closed,17.87724,77.39213
730,100110003202400730,Davanagere,3,2024-06-16,2024,6,6,Morning (6AM-12PM),FIR,Heinous,Crimes Against Body,Attempt to Murder,Undetected,14.47132,75.91199
731,100230001202400731,Chamarajanagar,1,2024-02-20,2024,2,12,Afternoon (12PM-6PM),FIR,Non-Heinous,Crimes Against Women,Domestic Violence,False Case,12.04103,76.91322
732,100090001202600732,Tumakuru,1,2026-04-11,2026,4,21,Evening (6PM-12AM),FIR,Non-Heinous,Narcotics,NDPS Possession,Under Investigation,13.27843,77.11871
733,100050001202600733,Belagavi,1,2026-12-03,2026,12,10,Morning (6AM-12PM),FIR,Non-Heinous,Crimes Against Property,Burglary,Closed,15.88098,74.48542
734,100250004202500734,Ramanagara,4,2025-05-22,2025,5,17,Afternoon (12PM-6PM),PAR,Non-Heinous,Crimes Against Body,Murder,Charge Sheeted,12.68676,77.30856
735,100210002202400735,Koppal,2,2024-08-27,2024,8,21,Evening (6PM-12AM),FIR,Non-Heinous,Crimes Against Body,Assault,Charge Sheeted,15.36973,76.09688
736,400150003202600736,Chikkamagaluru,3,2026-02-10,2026,2,21,Evening (6PM-12AM),UDR,Non-Heinous,Public Order,Unlawful Assembly,Under Investigation,13.33895,75.75256
737,100050003202600737,Belagavi,3,2026-02-19,2026,2,19,Evening (6PM-12AM),FIR,Heinous,Crimes Against Body,Assault,Charge Sheeted,15.93794,74.50657
738,400010004202600738,Bengaluru City,4,2026-02-08,2026,2,14,Afternoon (12PM-6PM),UDR,Non-Heinous,Crimes Against Women,Molestation,Charge Sheeted,12.91673,77.58779
739,100020001202400739,Bengaluru Rural,1,2024-07-01,2024,7,6,Morning (6AM-12PM),FIR,Non-Heinous,Cyber Crime,Cyberstalking,Under Investigation,13.29854,77.46704
740,100140003202300740,Bidar,3,2023-11-04,2023,11,18,Evening (6PM-12AM),PAR,Heinous,Crimes Against Women,Dowry Harassment,Closed,17.89057,77.60551
741,100030003202500741,Mysuru,3,2025-01-19,2025,1,6,Morning (6AM-12PM),FIR,Heinous,Crimes Against Body,Assault,Charge Sheeted,12.24532,76.59773
742,100050004202300742,Belagavi,4,2023-12-03,2023,12,21,Evening (6PM-12AM),FIR,Non-Heinous,Cyber Crime,Phishing,Charge Sheeted,15.77076,74.53699
743,100300004202300743,Uttara Kannada,4,2023-12-20,2023,12,5,Night (12AM-6AM),PAR,Non-Heinous,Narcotics,NDPS Trafficking,Undetected,14.75697,74.65688
744,100230004202300744,Chamarajanagar,4,2023-08-20,2023,8,12,Afternoon (12PM-6PM),FIR,Heinous,Crimes Against Body,Murder,Under Investigation,11.98075,76.95375
745,100180002202600745,Mandya,2,2026-11-12,2026,11,19,Evening (6PM-12AM),FIR,Heinous,Crimes Against Women,Domestic Violence,Undetected,12.57927,76.86492
746,100080002202400746,Ballari,2,2024-02-27,2024,2,11,Morning (6AM-12PM),FIR,Heinous,Crimes Against Body,Assault,Under Investigation,15.15527,76.88084
747,100060002202600747,Kalaburagi,2,2026-01-16,2026,1,11,Morning (6AM-12PM),FIR,Non-Heinous,Crimes Against Property,Theft,Under Investigation,17.35717,76.88335
748,100080003202200748,Ballari,3,2022-08-24,2022,8,16,Afternoon (12PM-6PM),FIR,Non-Heinous,Crimes Against Property,Theft,False Case,15.17295,76.95399
749,100270001202300749,Bagalkot,1,2023-11-12,2023,11,14,Afternoon (12PM-6PM),FIR,Non-Heinous,Crimes Against Body,Grievous Hurt,Closed,16.15868,75.62555
750,100050001202600750,Belagavi,1,2026-09-01,2026,9,17,Afternoon (12PM-6PM),FIR,Non-Heinous,Crimes Against Property,Dacoity,Under Investigation,15.91164,74.44239
751,100110002202500751,Davanagere,2,2025-07-26,2025,7,17,Afternoon (12PM-6PM),FIR,Non-Heinous,Crimes Against Body,Grievous Hurt,Under Investigation,14.54057,75.94958
752,700070001202600752,Hubballi-Dharwad,1,2026-06-14,2026,6,5,Night (12AM-6AM),Zero FIR,Non-Heinous,Economic Offences,Forgery,Under Investigation,15.41092,75.2319
753,400010002202300753,Bengaluru City,2,2023-11-11,2023,11,12,Afternoon (12PM-6PM),UDR,Heinous,Crimes Against Body,Grievous Hurt,Closed,13.05495,77.66813
754,400270001202200754,Bagalkot,1,2022-01-27,2022,1,6,Morning (6AM-12PM),UDR,Non-Heinous,Crimes Against Women,Sexual Assault,Undetected,16.33714,75.67582
755,100020003202600755,Bengaluru Rural,3,2026-08-19,2026,8,9,Morning (6AM-12PM),FIR,Non-Heinous,Economic Offences,Forgery,Charge Sheeted,13.22733,77.48619
756,100070004202400756,Hubballi-Dharwad,4,2024-10-05,2024,10,5,Night (12AM-6AM),FIR,Non-Heinous,Crimes Against Property,Theft,Closed,15.40617,75.12396
757,100140003202300757,Bidar,3,2023-05-06,2023,5,3,Night (12AM-6AM),FIR,Non-Heinous,Crimes Against Property,Theft,Under Investigation,17.98853,77.51513
758,100010003202400758,Bengaluru City,3,2024-05-23,2024,5,4,Night (12AM-6AM),FIR,Heinous,Crimes Against Body,Attempt to Murder,False Case,12.99417,77.60053
759,700070003202400759,Hubballi-Dharwad,3,2024-01-01,2024,1,6,Morning (6AM-12PM),Zero FIR,Non-Heinous,Crimes Against Property,Burglary,Closed,15.37832,75.16265
760,700050004202300760,Belagavi,4,2023-08-11,2023,8,14,Afternoon (12PM-6PM),Zero FIR,Non-Heinous,Economic Offences,Criminal Breach of Trust,Charge Sheeted,15.93305,74.47681
761,100110001202400761,Davanagere,1,2024-01-09,2024,1,0,Night (12AM-6AM),FIR,Non-Heinous,Cyber Crime,Identity Theft,Under Investigation,14.43561,75.9792
762,100020004202200762,Bengaluru Rural,4,2022-02-24,2022,2,5,Night (12AM-6AM),FIR,Non-Heinous,Economic Offences,Forgery,Closed,13.31752,77.51538
763,100020004202500763,Bengaluru Rural,4,2025-03-22,2025,3,5,Night (12AM-6AM),FIR,Non-Heinous,Crimes Against Property,Dacoity,False Case,13.31127,77.50624
764,100030003202600764,Mysuru,3,2026-10-14,2026,10,9,Morning (6AM-12PM),FIR,Non-Heinous,Crimes Against Property,Dacoity,Charge Sheeted,12.33676,76.68776
765,100200001202600765,Chitradurga,1,2026-09-10,2026,9,20,Evening (6PM-12AM),FIR,Heinous,Crimes Against Body,Assault,Closed,14.24864,76.44232
766,100110002202400766,Davanagere,2,2024-02-18,2024,2,11,Morning (6AM-12PM),FIR,Non-Heinous,Economic Offences,Cheating,Charge Sheeted,14.43751,75.83845
767,700240002202400767,Kodagu,2,2024-05-23,2024,5,23,Evening (6PM-12AM),Zero FIR,Non-Heinous,Crimes Against Property,Dacoity,Undetected,12.25128,75.74362
768,100040003202500768,Mangaluru (Dakshina Kannada),3,2025-04-21,2025,4,5,Night (12AM-6AM),FIR,Non-Heinous,Crimes Against Body,Assault,Under Investigation,12.91069,74.78873
769,100020002202600769,Bengaluru Rural,2,2026-08-08,2026,8,1,Night (12AM-6AM),FIR,Non-Heinous,Crimes Against Body,Murder,False Case,13.27522,77.59048
770,100050003202400770,Belagavi,3,2024-12-05,2024,12,11,Morning (6AM-12PM),FIR,Non-Heinous,Crimes Against Property,Robbery,Under Investigation,15.8499,74.37485
771,100240003202500771,Kodagu,3,2025-08-02,2025,8,16,Afternoon (12PM-6PM),FIR,Non-Heinous,Crimes Against Property,Theft,Under Investigation,12.42627,75.7889
772,100280001202600772,Haveri,1,2026-05-04,2026,5,18,Evening (6PM-12AM),FIR,Non-Heinous,Crimes Against Property,Burglary,Closed,14.72089,75.33347
773,100070004202300773,Hubballi-Dharwad,4,2023-10-08,2023,10,10,Morning (6AM-12PM),FIR,Non-Heinous,Crimes Against Body,Grievous Hurt,Closed,15.43654,75.02174
774,100270003202300774,Bagalkot,3,2023-06-14,2023,6,16,Afternoon (12PM-6PM),FIR,Non-Heinous,Cyber Crime,Online Fraud,Under Investigation,16.12861,75.63464
775,100050003202400775,Belagavi,3,2024-05-10,2024,5,11,Morning (6AM-12PM),FIR,Non-Heinous,Crimes Against Women,Dowry Harassment,Charge Sheeted,15.95831,74.52244
776,100070001202600776,Hubballi-Dharwad,1,2026-10-13,2026,10,21,Evening (6PM-12AM),FIR,Non-Heinous,Economic Offences,Forgery,Closed,15.55671,75.13642
777,100100004202400777,Shivamogga,4,2024-10-19,2024,10,5,Night (12AM-6AM),FIR,Non-Heinous,Crimes Against Property,Burglary,Charge Sheeted,13.94297,75.56488
778,100010003202500778,Bengaluru City,3,2025-02-24,2025,2,0,Night (12AM-6AM),FIR,Heinous,Crimes Against Women,Domestic Violence,Under Investigation,12.83045,77.60637
779,100240004202500779,Kodagu,4,2025-02-15,2025,2,15,Afternoon (12PM-6PM),PAR,Non-Heinous,Crimes Against Property,Robbery,False Case,12.38291,75.87365
780,700220002202600780,Yadgir,2,2026-02-26,2026,2,12,Afternoon (12PM-6PM),Zero FIR,Non-Heinous,Crimes Against Property,Robbery,Under Investigation,16.73855,77.10307
781,100110001202200781,Davanagere,1,2022-05-21,2022,5,19,Evening (6PM-12AM),FIR,Non-Heinous,Crimes Against Property,Theft,Under Investigation,14.40206,75.88776
782,100150003202400782,Chikkamagaluru,3,2024-08-13,2024,8,16,Afternoon (12PM-6PM),FIR,Heinous,Crimes Against Body,Assault,Charge Sheeted,13.38024,75.82579
783,400020004202400783,Bengaluru Rural,4,2024-02-19,2024,2,4,Night (12AM-6AM),UDR,Non-Heinous,Crimes Against Body,Murder,Undetected,13.34759,77.56419
784,100040002202300784,Mangaluru (Dakshina Kannada),2,2023-03-12,2023,3,21,Evening (6PM-12AM),FIR,Non-Heinous,Cyber Crime,Identity Theft,Charge Sheeted,12.89677,74.85268
785,100220004202500785,Yadgir,4,2025-07-20,2025,7,14,Afternoon (12PM-6PM),FIR,Non-Heinous,Crimes Against Property,Dacoity,Under Investigation,16.84133,77.01546
786,400230003202600786,Chamarajanagar,3,2026-04-11,2026,4,3,Night (12AM-6AM),UDR,Non-Heinous,Economic Offences,Cheating,Undetected,11.92461,76.96961
787,100030003202600787,Mysuru,3,2026-11-20,2026,11,7,Morning (6AM-12PM),FIR,Non-Heinous,Economic Offences,Forgery,Charge Sheeted,12.3121,76.62571
788,100070002202400788,Hubballi-Dharwad,2,2024-09-18,2024,9,19,Evening (6PM-12AM),PAR,Non-Heinous,Crimes Against Body,Attempt to Murder,Under Investigation,15.41431,75.12256
789,100050004202200789,Belagavi,4,2022-11-05,2022,11,1,Night (12AM-6AM),FIR,Non-Heinous,Economic Offences,Criminal Breach of Trust,Closed,15.87176,74.36094
790,100010004202500790,Bengaluru City,4,2025-07-11,2025,7,8,Morning (6AM-12PM),FIR,Non-Heinous,Cyber Crime,Online Fraud,Under Investigation,12.85258,77.51878
791,100030004202600791,Mysuru,4,2026-05-25,2026,5,16,Afternoon (12PM-6PM),FIR,Non-Heinous,Public Order,Rioting,Closed,12.29365,76.6193
792,100110004202200792,Davanagere,4,2022-05-20,2022,5,19,Evening (6PM-12AM),FIR,Heinous,Crimes Against Body,Murder,Undetected,14.45178,75.9219
793,100160002202200793,Udupi,2,2022-06-25,2022,6,23,Evening (6PM-12AM),FIR,Non-Heinous,Economic Offences,Cheating,Under Investigation,13.25612,74.81472
794,100070002202200794,Hubballi-Dharwad,2,2022-04-17,2022,4,18,Evening (6PM-12AM),FIR,Non-Heinous,Crimes Against Property,Robbery,Undetected,15.39404,75.16461
795,100020001202600795,Bengaluru Rural,1,2026-03-05,2026,3,19,Evening (6PM-12AM),PAR,Non-Heinous,Crimes Against Property,Theft,Closed,13.34417,77.49834
796,100120004202600796,Vijayapura,4,2026-01-18,2026,1,1,Night (12AM-6AM),FIR,Non-Heinous,Cyber Crime,Online Fraud,Under Investigation,16.8726,75.68243
797,100010003202500797,Bengaluru City,3,2025-11-02,2025,11,20,Evening (6PM-12AM),FIR,Heinous,Crimes Against Body,Grievous Hurt,Undetected,13.0511,77.59943
798,700050002202300798,Belagavi,2,2023-04-24,2023,4,12,Afternoon (12PM-6PM),Zero FIR,Non-Heinous,Crimes Against Property,Theft,False Case,15.86796,74.51368
799,400200002202400799,Chitradurga,2,2024-12-26,2024,12,9,Morning (6AM-12PM),UDR,Non-Heinous,Crimes Against Property,Robbery,Under Investigation,14.21627,76.37792
800,100200003202300800,Chitradurga,3,2023-05-24,2023,5,15,Afternoon (12PM-6PM),FIR,Non-Heinous,Crimes Against Women,Dowry Harassment,Charge Sheeted,14.22437,76.32752
801,100290002202300801,Gadag,2,2023-10-22,2023,10,11,Morning (6AM-12PM),FIR,Non-Heinous,Crimes Against Property,Burglary,Closed,15.3757,75.53014
802,100010003202400802,Bengaluru City,3,2024-10-26,2024,10,15,Afternoon (12PM-6PM),PAR,Heinous,Crimes Against Body,Attempt to Murder,Charge Sheeted,12.99823,77.63897
803,100030002202600803,Mysuru,2,2026-07-20,2026,7,0,Night (12AM-6AM),FIR,Heinous,Narcotics,NDPS Possession,Under Investigation,12.27769,76.65429
804,700010003202500804,Bengaluru City,3,2025-12-20,2025,12,2,Night (12AM-6AM),Zero FIR,Non-Heinous,Crimes Against Property,Dacoity,Charge Sheeted,13.0222,77.59729
805,100010001202300805,Bengaluru City,1,2023-02-18,2023,2,10,Morning (6AM-12PM),FIR,Non-Heinous,Crimes Against Body,Murder,Charge Sheeted,13.06574,77.61995
806,100010004202600806,Bengaluru City,4,2026-01-01,2026,1,16,Afternoon (12PM-6PM),FIR,Non-Heinous,Crimes Against Property,Burglary,Closed,12.91811,77.6392
807,100160003202500807,Udupi,3,2025-09-09,2025,9,13,Afternoon (12PM-6PM),FIR,Non-Heinous,Crimes Against Property,Robbery,Charge Sheeted,13.35523,74.74028
808,100170002202600808,Kolar,2,2026-12-17,2026,12,5,Night (12AM-6AM),FIR,Non-Heinous,Crimes Against Women,Domestic Violence,Under Investigation,13.16442,78.17422
809,100010002202300809,Bengaluru City,2,2023-02-24,2023,2,16,Afternoon (12PM-6PM),FIR,Non-Heinous,Economic Offences,Criminal Breach of Trust,Under Investigation,13.03812,77.66601
810,100020001202600810,Bengaluru Rural,1,2026-05-07,2026,5,10,Morning (6AM-12PM),FIR,Heinous,Crimes Against Women,Domestic Violence,Charge Sheeted,13.31657,77.52613
811,100060001202200811,Kalaburagi,1,2022-08-06,2022,8,14,Afternoon (12PM-6PM),FIR,Heinous,Narcotics,NDPS Possession,Charge Sheeted,17.38608,76.80422
812,100020002202600812,Bengaluru Rural,2,2026-06-06,2026,6,15,Afternoon (12PM-6PM),FIR,Non-Heinous,Crimes Against Women,Molestation,Under Investigation,13.30883,77.5308
813,100030001202300813,Mysuru,1,2023-05-05,2023,5,18,Evening (6PM-12AM),FIR,Non-Heinous,Cyber Crime,Cyberstalking,Closed,12.21681,76.65834
814,100240004202200814,Kodagu,4,2022-01-19,2022,1,2,Night (12AM-6AM),FIR,Non-Heinous,Economic Offences,Cheating,Charge Sheeted,12.46715,75.81712
815,100010002202500815,Bengaluru City,2,2025-07-03,2025,7,4,Night (12AM-6AM),FIR,Non-Heinous,Public Order,Unlawful Assembly,Under Investigation,12.81644,77.65906
816,100040003202300816,Mangaluru (Dakshina Kannada),3,2023-02-04,2023,2,12,Afternoon (12PM-6PM),FIR,Non-Heinous,Economic Offences,Criminal Breach of Trust,Closed,12.89507,74.80667
817,100280003202500817,Haveri,3,2025-08-12,2025,8,1,Night (12AM-6AM),FIR,Non-Heinous,Cyber Crime,Phishing,False Case,14.81769,75.5062
818,100010003202500818,Bengaluru City,3,2025-10-08,2025,10,20,Evening (6PM-12AM),FIR,Heinous,Crimes Against Body,Attempt to Murder,Under Investigation,13.03989,77.69375
819,700120004202400819,Vijayapura,4,2024-06-11,2024,6,19,Evening (6PM-12AM),Zero FIR,Non-Heinous,Crimes Against Property,Robbery,Charge Sheeted,16.83912,75.76068
820,100110004202400820,Davanagere,4,2024-08-25,2024,8,2,Night (12AM-6AM),FIR,Non-Heinous,Cyber Crime,Phishing,Closed,14.51501,75.90437
821,100090004202600821,Tumakuru,4,2026-10-14,2026,10,8,Morning (6AM-12PM),FIR,Non-Heinous,Crimes Against Property,Robbery,Under Investigation,13.41718,77.10636
822,100020003202500822,Bengaluru Rural,3,2025-12-06,2025,12,12,Afternoon (12PM-6PM),FIR,Non-Heinous,Crimes Against Body,Murder,Charge Sheeted,13.27784,77.57811
823,100050002202600823,Belagavi,2,2026-12-07,2026,12,10,Morning (6AM-12PM),PAR,Heinous,Crimes Against Women,Dowry Harassment,Under Investigation,15.82323,74.46033
824,700040003202500824,Mangaluru (Dakshina Kannada),3,2025-03-09,2025,3,11,Morning (6AM-12PM),Zero FIR,Heinous,Crimes Against Body,Attempt to Murder,Undetected,12.99959,74.84353
825,100230003202200825,Chamarajanagar,3,2022-06-16,2022,6,3,Night (12AM-6AM),PAR,Heinous,Crimes Against Women,Dowry Harassment,Under Investigation,11.91036,76.98263
826,100230004202600826,Chamarajanagar,4,2026-08-13,2026,8,14,Afternoon (12PM-6PM),FIR,Heinous,Crimes Against Women,Sexual Assault,Charge Sheeted,11.94968,77.04136
827,100070004202600827,Hubballi-Dharwad,4,2026-01-27,2026,1,17,Afternoon (12PM-6PM),FIR,Non-Heinous,Crimes Against Property,Theft,Under Investigation,15.39095,74.99701
828,100010003202500828,Bengaluru City,3,2025-10-25,2025,10,15,Afternoon (12PM-6PM),FIR,Non-Heinous,Crimes Against Body,Attempt to Murder,False Case,13.01247,77.55558
829,100060004202600829,Kalaburagi,4,2026-02-06,2026,2,11,Morning (6AM-12PM),FIR,Non-Heinous,Narcotics,NDPS Trafficking,Charge Sheeted,17.274,76.85092
830,100050004202300830,Belagavi,4,2023-08-21,2023,8,22,Evening (6PM-12AM),FIR,Non-Heinous,Crimes Against Property,Theft,Charge Sheeted,15.88196,74.49688
831,100050003202500831,Belagavi,3,2025-02-07,2025,2,13,Afternoon (12PM-6PM),FIR,Non-Heinous,Cyber Crime,Phishing,Charge Sheeted,15.9199,74.47477
832,100250003202500832,Ramanagara,3,2025-04-09,2025,4,5,Night (12AM-6AM),FIR,Non-Heinous,Crimes Against Women,Sexual Assault,Undetected,12.77619,77.35245
833,700190003202500833,Hassan,3,2025-11-09,2025,11,0,Night (12AM-6AM),Zero FIR,Non-Heinous,Crimes Against Property,Robbery,Under Investigation,13.06895,76.0677
834,100240004202400834,Kodagu,4,2024-10-17,2024,10,2,Night (12AM-6AM),FIR,Non-Heinous,Cyber Crime,Online Fraud,Under Investigation,12.30436,75.8815
835,700040003202600835,Mangaluru (Dakshina Kannada),3,2026-06-12,2026,6,7,Morning (6AM-12PM),Zero FIR,Non-Heinous,Crimes Against Women,Dowry Harassment,Under Investigation,12.96936,74.86702
836,100080004202600836,Ballari,4,2026-01-06,2026,1,17,Afternoon (12PM-6PM),FIR,Non-Heinous,Crimes Against Body,Assault,Closed,15.17914,76.9105
837,100290002202600837,Gadag,2,2026-09-17,2026,9,14,Afternoon (12PM-6PM),FIR,Heinous,Narcotics,NDPS Trafficking,False Case,15.34446,75.63338
838,100060003202500838,Kalaburagi,3,2025-06-09,2025,6,9,Morning (6AM-12PM),FIR,Heinous,Crimes Against Body,Assault,Charge Sheeted,17.41182,76.92808
839,100050002202400839,Belagavi,2,2024-09-21,2024,9,12,Afternoon (12PM-6PM),FIR,Non-Heinous,Crimes Against Women,Dowry Harassment,Charge Sheeted,15.79897,74.49206
840,700090002202600840,Tumakuru,2,2026-04-03,2026,4,6,Morning (6AM-12PM),Zero FIR,Non-Heinous,Economic Offences,Cheating,False Case,13.26114,77.13018
841,100060004202600841,Kalaburagi,4,2026-02-21,2026,2,15,Afternoon (12PM-6PM),FIR,Non-Heinous,Crimes Against Property,Dacoity,Undetected,17.28171,76.79663
842,700250004202400842,Ramanagara,4,2024-09-01,2024,9,0,Night (12AM-6AM),Zero FIR,Non-Heinous,Crimes Against Property,Dacoity,Charge Sheeted,12.74213,77.27668
843,100020001202300843,Bengaluru Rural,1,2023-10-12,2023,10,7,Morning (6AM-12PM),FIR,Non-Heinous,Crimes Against Property,Theft,False Case,13.21232,77.61301
844,100020002202600844,Bengaluru Rural,2,2026-08-06,2026,8,11,Morning (6AM-12PM),FIR,Non-Heinous,Economic Offences,Forgery,Under Investigation,13.39075,77.49373
845,100020003202400845,Bengaluru Rural,3,2024-09-19,2024,9,17,Afternoon (12PM-6PM),FIR,Non-Heinous,Crimes Against Women,Dowry Harassment,Charge Sheeted,13.30582,77.60679
846,100050004202300846,Belagavi,4,2023-07-05,2023,7,13,Afternoon (12PM-6PM),FIR,Non-Heinous,Crimes Against Body,Assault,Charge Sheeted,15.91599,74.54575
847,100160002202200847,Udupi,2,2022-04-27,2022,4,9,Morning (6AM-12PM),FIR,Non-Heinous,Crimes Against Property,Burglary,Charge Sheeted,13.40004,74.75079
848,100230004202400848,Chamarajanagar,4,2024-01-07,2024,1,21,Evening (6PM-12AM),PAR,Non-Heinous,Crimes Against Property,Burglary,Under Investigation,11.87339,76.98359
849,100070001202300849,Hubballi-Dharwad,1,2023-12-08,2023,12,4,Night (12AM-6AM),FIR,Non-Heinous,Crimes Against Body,Grievous Hurt,Under Investigation,15.3008,75.12983
850,100040004202400850,Mangaluru (Dakshina Kannada),4,2024-03-09,2024,3,23,Evening (6PM-12AM),FIR,Non-Heinous,Crimes Against Property,Dacoity,Closed,12.93737,74.82642
851,100110002202400851,Davanagere,2,2024-11-09,2024,11,9,Morning (6AM-12PM),FIR,Non-Heinous,Crimes Against Property,Theft,Under Investigation,14.39551,75.96574
852,100020003202200852,Bengaluru Rural,3,2022-03-09,2022,3,9,Morning (6AM-12PM),PAR,Non-Heinous,Crimes Against Property,Robbery,Under Investigation,13.1926,77.67538
853,100180003202400853,Mandya,3,2024-06-26,2024,6,1,Night (12AM-6AM),FIR,Non-Heinous,Crimes Against Body,Grievous Hurt,Under Investigation,12.66569,76.91531
854,100020003202600854,Bengaluru Rural,3,2026-09-09,2026,9,16,Afternoon (12PM-6PM),FIR,Non-Heinous,Crimes Against Property,Theft,Undetected,13.35423,77.56636
855,100110001202500855,Davanagere,1,2025-11-24,2025,11,6,Morning (6AM-12PM),FIR,Non-Heinous,Economic Offences,Cheating,Under Investigation,14.37722,75.88076
856,400140002202600856,Bidar,2,2026-12-22,2026,12,22,Evening (6PM-12AM),UDR,Non-Heinous,Cyber Crime,Identity Theft,Charge Sheeted,17.92787,77.52572
857,100190003202600857,Hassan,3,2026-04-14,2026,4,10,Morning (6AM-12PM),FIR,Non-Heinous,Narcotics,NDPS Possession,Under Investigation,12.94122,76.05274
858,100140003202600858,Bidar,3,2026-02-09,2026,2,8,Morning (6AM-12PM),FIR,Non-Heinous,Cyber Crime,Cyberstalking,Closed,17.92421,77.51789
859,100160001202600859,Udupi,1,2026-07-18,2026,7,16,Afternoon (12PM-6PM),PAR,Heinous,Crimes Against Body,Attempt to Murder,Charge Sheeted,13.34971,74.78979
860,100140001202200860,Bidar,1,2022-10-22,2022,10,4,Night (12AM-6AM),FIR,Heinous,Crimes Against Women,Dowry Harassment,Closed,18.02192,77.5183
861,100130003202300861,Raichur,3,2023-08-18,2023,8,11,Morning (6AM-12PM),FIR,Non-Heinous,Cyber Crime,Identity Theft,Closed,16.23903,77.33647
862,100070001202300862,Hubballi-Dharwad,1,2023-03-17,2023,3,1,Night (12AM-6AM),FIR,Heinous,Crimes Against Body,Murder,Charge Sheeted,15.2271,75.05441
863,100090003202200863,Tumakuru,3,2022-11-22,2022,11,2,Night (12AM-6AM),FIR,Non-Heinous,Narcotics,NDPS Trafficking,Charge Sheeted,13.39255,77.06892
864,400040004202500864,Mangaluru (Dakshina Kannada),4,2025-10-04,2025,10,0,Night (12AM-6AM),UDR,Non-Heinous,Economic Offences,Forgery,Closed,12.96455,74.8141
865,700020001202300865,Bengaluru Rural,1,2023-05-18,2023,5,18,Evening (6PM-12AM),Zero FIR,Non-Heinous,Economic Offences,Cheating,Charge Sheeted,13.25598,77.63488
866,100230004202500866,Chamarajanagar,4,2025-01-15,2025,1,4,Night (12AM-6AM),FIR,Non-Heinous,Crimes Against Property,Robbery,Undetected,11.92413,76.91811
867,100150001202200867,Chikkamagaluru,1,2022-01-19,2022,1,21,Evening (6PM-12AM),FIR,Non-Heinous,Crimes Against Property,Dacoity,Charge Sheeted,13.26204,75.74223
868,100110002202500868,Davanagere,2,2025-11-26,2025,11,11,Morning (6AM-12PM),FIR,Non-Heinous,Crimes Against Property,Theft,Under Investigation,14.44958,76.03259
869,100250003202600869,Ramanagara,3,2026-02-21,2026,2,20,Evening (6PM-12AM),FIR,Heinous,Crimes Against Body,Attempt to Murder,Charge Sheeted,12.6915,77.27531
870,100050001202400870,Belagavi,1,2024-02-10,2024,2,22,Evening (6PM-12AM),FIR,Non-Heinous,Crimes Against Body,Assault,Under Investigation,15.84323,74.40381
871,100160003202600871,Udupi,3,2026-03-24,2026,3,10,Morning (6AM-12PM),FIR,Non-Heinous,Crimes Against Property,Dacoity,Charge Sheeted,13.33293,74.72072
872,100040001202600872,Mangaluru (Dakshina Kannada),1,2026-11-05,2026,11,5,Night (12AM-6AM),FIR,Non-Heinous,Crimes Against Property,Dacoity,Under Investigation,12.94884,74.86571
873,100020003202500873,Bengaluru Rural,3,2025-09-22,2025,9,8,Morning (6AM-12PM),FIR,Non-Heinous,Economic Offences,Criminal Breach of Trust,Under Investigation,13.34974,77.53247
874,100070004202200874,Hubballi-Dharwad,4,2022-06-11,2022,6,10,Morning (6AM-12PM),PAR,Non-Heinous,Economic Offences,Cheating,Under Investigation,15.33571,75.21319
875,100160001202300875,Udupi,1,2023-03-27,2023,3,20,Evening (6PM-12AM),FIR,Non-Heinous,Cyber Crime,Online Fraud,Closed,13.39338,74.76981
876,100090003202400876,Tumakuru,3,2024-01-17,2024,1,21,Evening (6PM-12AM),FIR,Non-Heinous,Crimes Against Property,Robbery,Charge Sheeted,13.2829,77.13657
877,700240002202600877,Kodagu,2,2026-04-16,2026,4,17,Afternoon (12PM-6PM),Zero FIR,Non-Heinous,Crimes Against Property,Burglary,Charge Sheeted,12.28785,75.8648
878,100020003202400878,Bengaluru Rural,3,2024-09-19,2024,9,23,Evening (6PM-12AM),FIR,Non-Heinous,Narcotics,NDPS Possession,Under Investigation,13.32788,77.58479
879,100020003202400879,Bengaluru Rural,3,2024-05-06,2024,5,9,Morning (6AM-12PM),FIR,Non-Heinous,Economic Offences,Forgery,Charge Sheeted,13.24827,77.56248
880,100280001202600880,Haveri,1,2026-10-15,2026,10,3,Night (12AM-6AM),FIR,Non-Heinous,Crimes Against Property,Theft,Under Investigation,14.76648,75.34011
881,100020003202400881,Bengaluru Rural,3,2024-06-24,2024,6,3,Night (12AM-6AM),FIR,Non-Heinous,Crimes Against Women,Molestation,Charge Sheeted,13.27802,77.64194
882,100250004202500882,Ramanagara,4,2025-07-01,2025,7,21,Evening (6PM-12AM),FIR,Non-Heinous,Crimes Against Women,Domestic Violence,Under Investigation,12.8533,77.32093
883,100090001202200883,Tumakuru,1,2022-11-06,2022,11,13,Afternoon (12PM-6PM),FIR,Non-Heinous,Crimes Against Women,Sexual Assault,False Case,13.35247,77.11883
884,100110001202300884,Davanagere,1,2023-11-23,2023,11,13,Afternoon (12PM-6PM),FIR,Non-Heinous,Crimes Against Property,Dacoity,Closed,14.46433,75.93118
885,100050003202500885,Belagavi,3,2025-06-23,2025,6,18,Evening (6PM-12AM),FIR,Non-Heinous,Economic Offences,Forgery,Undetected,15.80761,74.40175
886,100170002202200886,Kolar,2,2022-12-11,2022,12,10,Morning (6AM-12PM),FIR,Non-Heinous,Cyber Crime,Online Fraud,False Case,13.0164,78.15174
887,100090003202200887,Tumakuru,3,2022-06-03,2022,6,1,Night (12AM-6AM),FIR,Non-Heinous,Crimes Against Property,Burglary,Under Investigation,13.4046,77.07033
888,100150001202300888,Chikkamagaluru,1,2023-04-19,2023,4,20,Evening (6PM-12AM),PAR,Heinous,Crimes Against Body,Attempt to Murder,Under Investigation,13.32036,75.7858
889,100160004202600889,Udupi,4,2026-04-08,2026,4,23,Evening (6PM-12AM),FIR,Non-Heinous,Economic Offences,Forgery,False Case,13.37096,74.81395
890,100190001202500890,Hassan,1,2025-07-19,2025,7,7,Morning (6AM-12PM),FIR,Non-Heinous,Economic Offences,Cheating,Under Investigation,13.00934,76.01652
891,100140004202500891,Bidar,4,2025-12-27,2025,12,12,Afternoon (12PM-6PM),PAR,Non-Heinous,Crimes Against Property,Theft,Charge Sheeted,17.9142,77.6096
892,100010001202600892,Bengaluru City,1,2026-05-15,2026,5,23,Evening (6PM-12AM),PAR,Non-Heinous,Cyber Crime,Online Fraud,Charge Sheeted,12.99764,77.56104
893,700050003202600893,Belagavi,3,2026-08-03,2026,8,1,Night (12AM-6AM),Zero FIR,Non-Heinous,Crimes Against Women,Sexual Assault,Under Investigation,15.79975,74.52023
894,100040003202500894,Mangaluru (Dakshina Kannada),3,2025-08-11,2025,8,20,Evening (6PM-12AM),FIR,Non-Heinous,Crimes Against Property,Theft,Undetected,12.90523,74.80025
895,100250001202600895,Ramanagara,1,2026-03-09,2026,3,13,Afternoon (12PM-6PM),FIR,Non-Heinous,Crimes Against Body,Attempt to Murder,Under Investigation,12.7737,77.27467
896,700230003202500896,Chamarajanagar,3,2025-05-13,2025,5,7,Morning (6AM-12PM),Zero FIR,Non-Heinous,Crimes Against Body,Murder,Under Investigation,11.91081,76.95456
897,100160004202200897,Udupi,4,2022-08-23,2022,8,12,Afternoon (12PM-6PM),FIR,Non-Heinous,Crimes Against Property,Robbery,Charge Sheeted,13.43595,74.67776
898,100010003202300898,Bengaluru City,3,2023-01-27,2023,1,20,Evening (6PM-12AM),FIR,Non-Heinous,Cyber Crime,Cyberstalking,Closed,12.9902,77.57413
899,400160003202300899,Udupi,3,2023-04-27,2023,4,8,Morning (6AM-12PM),UDR,Non-Heinous,Crimes Against Body,Murder,False Case,13.43806,74.64154
900,100010004202600900,Bengaluru City,4,2026-12-21,2026,12,17,Afternoon (12PM-6PM),FIR,Non-Heinous,Crimes Against Body,Assault,Under Investigation,13.0026,77.61493
901,700070003202500901,Hubballi-Dharwad,3,2025-02-08,2025,2,18,Evening (6PM-12AM),Zero FIR,Non-Heinous,Crimes Against Women,Domestic Violence,Under Investigation,15.36576,75.18192
902,100230003202600902,Chamarajanagar,3,2026-08-22,2026,8,13,Afternoon (12PM-6PM),FIR,Non-Heinous,Crimes Against Property,Dacoity,Closed,11.91843,77.024
903,100130002202300903,Raichur,2,2023-05-06,2023,5,21,Evening (6PM-12AM),FIR,Non-Heinous,Crimes Against Property,Theft,Under Investigation,16.21656,77.34432
904,100050001202200904,Belagavi,1,2022-09-03,2022,9,10,Morning (6AM-12PM),PAR,Heinous,Crimes Against Body,Attempt to Murder,Undetected,15.79796,74.59248
905,100020004202300905,Bengaluru Rural,4,2023-04-24,2023,4,6,Morning (6AM-12PM),FIR,Non-Heinous,Crimes Against Property,Robbery,Closed,13.1928,77.4673
906,100040004202600906,Mangaluru (Dakshina Kannada),4,2026-11-04,2026,11,1,Night (12AM-6AM),PAR,Non-Heinous,Crimes Against Women,Dowry Harassment,Closed,13.07548,74.93038
907,400280001202400907,Haveri,1,2024-10-06,2024,10,8,Morning (6AM-12PM),UDR,Non-Heinous,Crimes Against Property,Theft,Closed,14.6923,75.28326
908,100190001202300908,Hassan,1,2023-02-02,2023,2,20,Evening (6PM-12AM),FIR,Non-Heinous,Cyber Crime,Online Fraud,Charge Sheeted,13.00552,76.04201
909,100010001202200909,Bengaluru City,1,2022-09-22,2022,9,5,Night (12AM-6AM),FIR,Non-Heinous,Crimes Against Body,Attempt to Murder,Under Investigation,13.09969,77.71291
910,100130001202200910,Raichur,1,2022-04-25,2022,4,7,Morning (6AM-12PM),PAR,Non-Heinous,Crimes Against Property,Burglary,Under Investigation,16.18117,77.38144
911,100270003202600911,Bagalkot,3,2026-07-06,2026,7,21,Evening (6PM-12AM),FIR,Non-Heinous,Economic Offences,Cheating,Charge Sheeted,16.17975,75.66078
912,100050001202600912,Belagavi,1,2026-01-14,2026,1,23,Evening (6PM-12AM),FIR,Non-Heinous,Crimes Against Property,Theft,Closed,15.93573,74.57054
913,100230002202400913,Chamarajanagar,2,2024-01-26,2024,1,0,Night (12AM-6AM),FIR,Non-Heinous,Crimes Against Property,Dacoity,False Case,11.92015,76.89331
914,100050004202600914,Belagavi,4,2026-07-09,2026,7,14,Afternoon (12PM-6PM),FIR,Non-Heinous,Crimes Against Body,Murder,Under Investigation,15.82857,74.57468
915,100090004202400915,Tumakuru,4,2024-01-24,2024,1,10,Morning (6AM-12PM),FIR,Non-Heinous,Crimes Against Women,Sexual Assault,Closed,13.35136,77.05563
916,100160003202600916,Udupi,3,2026-11-09,2026,11,3,Night (12AM-6AM),FIR,Heinous,Crimes Against Body,Attempt to Murder,Under Investigation,13.25015,74.76464
917,100050001202200917,Belagavi,1,2022-04-20,2022,4,0,Night (12AM-6AM),PAR,Non-Heinous,Crimes Against Property,Theft,Closed,15.84072,74.4407
918,100010002202500918,Bengaluru City,2,2025-01-06,2025,1,22,Evening (6PM-12AM),FIR,Heinous,Crimes Against Women,Molestation,Closed,12.98951,77.63355
919,100030004202600919,Mysuru,4,2026-06-19,2026,6,18,Evening (6PM-12AM),FIR,Heinous,Crimes Against Body,Attempt to Murder,False Case,12.38575,76.65146
920,100160002202300920,Udupi,2,2023-01-17,2023,1,2,Night (12AM-6AM),PAR,Non-Heinous,Crimes Against Property,Robbery,Closed,13.37581,74.68593
921,100230002202500921,Chamarajanagar,2,2025-04-26,2025,4,18,Evening (6PM-12AM),FIR,Non-Heinous,Economic Offences,Cheating,Undetected,11.92501,77.01839
922,100100003202600922,Shivamogga,3,2026-06-19,2026,6,20,Evening (6PM-12AM),FIR,Non-Heinous,Crimes Against Women,Molestation,False Case,13.92126,75.71491
923,100090002202600923,Tumakuru,2,2026-04-06,2026,4,10,Morning (6AM-12PM),FIR,Non-Heinous,Crimes Against Property,Robbery,Closed,13.25428,77.23723
924,100140004202300924,Bidar,4,2023-04-07,2023,4,13,Afternoon (12PM-6PM),FIR,Non-Heinous,Cyber Crime,Phishing,Closed,17.79464,77.55457
925,100130003202300925,Raichur,3,2023-11-26,2023,11,3,Night (12AM-6AM),FIR,Non-Heinous,Crimes Against Property,Theft,Closed,16.15793,77.3337
926,100300004202500926,Uttara Kannada,4,2025-07-04,2025,7,3,Night (12AM-6AM),FIR,Non-Heinous,Cyber Crime,Phishing,Under Investigation,14.73444,74.70124
927,100270003202200927,Bagalkot,3,2022-12-02,2022,12,0,Night (12AM-6AM),FIR,Non-Heinous,Economic Offences,Criminal Breach of Trust,Undetected,16.2499,75.73506
928,100160001202300928,Udupi,1,2023-02-25,2023,2,10,Morning (6AM-12PM),FIR,Non-Heinous,Cyber Crime,Phishing,Charge Sheeted,13.29951,74.78893
929,100030003202600929,Mysuru,3,2026-09-04,2026,9,12,Afternoon (12PM-6PM),FIR,Non-Heinous,Economic Offences,Cheating,Closed,12.27212,76.5345
930,100050002202400930,Belagavi,2,2024-06-01,2024,6,5,Night (12AM-6AM),FIR,Non-Heinous,Crimes Against Property,Burglary,Charge Sheeted,15.84516,74.61325
931,100090001202600931,Tumakuru,1,2026-06-08,2026,6,14,Afternoon (12PM-6PM),FIR,Non-Heinous,Crimes Against Property,Burglary,Under Investigation,13.33343,77.03797
932,100020003202600932,Bengaluru Rural,3,2026-10-17,2026,10,21,Evening (6PM-12AM),PAR,Non-Heinous,Public Order,Rioting,False Case,13.33469,77.55628
933,100010004202200933,Bengaluru City,4,2022-05-20,2022,5,3,Night (12AM-6AM),PAR,Non-Heinous,Crimes Against Property,Robbery,Charge Sheeted,12.98748,77.62743
934,100020004202400934,Bengaluru Rural,4,2024-04-23,2024,4,23,Evening (6PM-12AM),FIR,Non-Heinous,Crimes Against Property,Robbery,Charge Sheeted,13.32533,77.51466
935,100010001202400935,Bengaluru City,1,2024-05-05,2024,5,11,Morning (6AM-12PM),FIR,Non-Heinous,Narcotics,NDPS Possession,Undetected,12.92047,77.61389
936,100220001202300936,Yadgir,1,2023-03-01,2023,3,5,Night (12AM-6AM),FIR,Non-Heinous,Crimes Against Body,Grievous Hurt,Under Investigation,16.75625,77.15188
937,100170001202600937,Kolar,1,2026-10-04,2026,10,9,Morning (6AM-12PM),FIR,Non-Heinous,Economic Offences,Cheating,Under Investigation,13.14239,78.13068
938,100140002202400938,Bidar,2,2024-09-15,2024,9,23,Evening (6PM-12AM),FIR,Non-Heinous,Economic Offences,Forgery,Closed,17.89825,77.56182
939,400170003202300939,Kolar,3,2023-07-02,2023,7,21,Evening (6PM-12AM),UDR,Non-Heinous,Economic Offences,Criminal Breach of Trust,Undetected,13.06228,78.23632
940,400010003202600940,Bengaluru City,3,2026-02-21,2026,2,19,Evening (6PM-12AM),UDR,Non-Heinous,Cyber Crime,Phishing,Undetected,12.95947,77.58513
941,100050003202400941,Belagavi,3,2024-01-20,2024,1,19,Evening (6PM-12AM),FIR,Non-Heinous,Crimes Against Women,Domestic Violence,Charge Sheeted,15.98388,74.55839
942,100010002202400942,Bengaluru City,2,2024-11-14,2024,11,3,Night (12AM-6AM),FIR,Heinous,Crimes Against Body,Attempt to Murder,Closed,13.0891,77.64472
943,100010001202300943,Bengaluru City,1,2023-04-22,2023,4,4,Night (12AM-6AM),FIR,Non-Heinous,Crimes Against Body,Attempt to Murder,Under Investigation,12.91792,77.6298
944,100300004202300944,Uttara Kannada,4,2023-12-14,2023,12,16,Afternoon (12PM-6PM),FIR,Non-Heinous,Crimes Against Property,Dacoity,Charge Sheeted,14.81964,74.76542
945,400020003202300945,Bengaluru Rural,3,2023-08-24,2023,8,18,Evening (6PM-12AM),UDR,Non-Heinous,Economic Offences,Criminal Breach of Trust,Under Investigation,13.30977,77.6046
946,700010004202400946,Bengaluru City,4,2024-08-24,2024,8,21,Evening (6PM-12AM),Zero FIR,Non-Heinous,Crimes Against Property,Burglary,Charge Sheeted,12.92211,77.74403
947,100050001202600947,Belagavi,1,2026-11-01,2026,11,13,Afternoon (12PM-6PM),FIR,Non-Heinous,Crimes Against Body,Assault,Under Investigation,15.89691,74.52205
948,700190002202500948,Hassan,2,2025-10-13,2025,10,13,Afternoon (12PM-6PM),Zero FIR,Non-Heinous,Crimes Against Body,Grievous Hurt,Undetected,13.02587,76.09875
949,100020004202500949,Bengaluru Rural,4,2025-12-17,2025,12,23,Evening (6PM-12AM),FIR,Non-Heinous,Crimes Against Body,Murder,Under Investigation,13.22637,77.54304
950,100080003202600950,Ballari,3,2026-07-07,2026,7,3,Night (12AM-6AM),FIR,Non-Heinous,Economic Offences,Forgery,Undetected,15.13273,76.90677
951,100210004202600951,Koppal,4,2026-08-14,2026,8,0,Night (12AM-6AM),FIR,Non-Heinous,Crimes Against Property,Dacoity,False Case,15.35388,76.15236
952,100090004202200952,Tumakuru,4,2022-05-11,2022,5,3,Night (12AM-6AM),FIR,Non-Heinous,Crimes Against Women,Sexual Assault,False Case,13.35489,77.04034
953,100180002202600953,Mandya,2,2026-10-10,2026,10,11,Morning (6AM-12PM),FIR,Heinous,Crimes Against Women,Sexual Assault,Charge Sheeted,12.55601,76.85161
954,100240001202500954,Kodagu,1,2025-04-15,2025,4,6,Morning (6AM-12PM),FIR,Non-Heinous,Public Order,Rioting,Undetected,12.33041,75.96776
955,100050003202300955,Belagavi,3,2023-11-01,2023,11,21,Evening (6PM-12AM),FIR,Non-Heinous,Economic Offences,Cheating,Under Investigation,15.91762,74.53013
956,700090002202400956,Tumakuru,2,2024-06-08,2024,6,0,Night (12AM-6AM),Zero FIR,Non-Heinous,Crimes Against Body,Murder,Under Investigation,13.42621,77.0907
957,100010003202600957,Bengaluru City,3,2026-08-18,2026,8,0,Night (12AM-6AM),FIR,Non-Heinous,Economic Offences,Forgery,Undetected,12.9802,77.52049
958,100090001202200958,Tumakuru,1,2022-10-21,2022,10,18,Evening (6PM-12AM),FIR,Non-Heinous,Crimes Against Property,Burglary,Closed,13.38031,77.11774
959,100010003202400959,Bengaluru City,3,2024-05-10,2024,5,8,Morning (6AM-12PM),FIR,Non-Heinous,Crimes Against Property,Dacoity,False Case,13.00118,77.56063
960,100250004202600960,Ramanagara,4,2026-01-14,2026,1,5,Night (12AM-6AM),FIR,Non-Heinous,Crimes Against Women,Dowry Harassment,Under Investigation,12.62385,77.32342
961,400230001202600961,Chamarajanagar,1,2026-07-09,2026,7,12,Afternoon (12PM-6PM),UDR,Non-Heinous,Cyber Crime,Identity Theft,Closed,11.89697,76.91949
962,100040002202600962,Mangaluru (Dakshina Kannada),2,2026-06-27,2026,6,23,Evening (6PM-12AM),FIR,Non-Heinous,Narcotics,NDPS Trafficking,Under Investigation,13.00444,74.85198
963,700050002202500963,Belagavi,2,2025-12-24,2025,12,22,Evening (6PM-12AM),Zero FIR,Non-Heinous,Crimes Against Body,Murder,Charge Sheeted,15.86529,74.48369
964,100070001202400964,Hubballi-Dharwad,1,2024-08-19,2024,8,11,Morning (6AM-12PM),FIR,Non-Heinous,Crimes Against Property,Theft,Undetected,15.3759,75.02434
965,100140004202400965,Bidar,4,2024-01-16,2024,1,23,Evening (6PM-12AM),FIR,Non-Heinous,Crimes Against Property,Robbery,False Case,17.85017,77.52876
966,100190002202500966,Hassan,2,2025-08-27,2025,8,5,Night (12AM-6AM),FIR,Non-Heinous,Crimes Against Women,Dowry Harassment,Charge Sheeted,13.03333,75.95559
967,100190004202600967,Hassan,4,2026-04-17,2026,4,18,Evening (6PM-12AM),FIR,Non-Heinous,Crimes Against Property,Robbery,Charge Sheeted,12.92249,76.03449
968,100190004202200968,Hassan,4,2022-06-10,2022,6,9,Morning (6AM-12PM),FIR,Heinous,Crimes Against Women,Domestic Violence,Undetected,12.94834,76.20325
969,400150004202600969,Chikkamagaluru,4,2026-12-22,2026,12,7,Morning (6AM-12PM),UDR,Non-Heinous,Crimes Against Women,Dowry Harassment,Closed,13.31409,75.77952
970,400050002202200970,Belagavi,2,2022-04-05,2022,4,14,Afternoon (12PM-6PM),UDR,Non-Heinous,Cyber Crime,Online Fraud,Charge Sheeted,15.77366,74.51747
971,100050003202600971,Belagavi,3,2026-04-15,2026,4,15,Afternoon (12PM-6PM),FIR,Heinous,Crimes Against Women,Domestic Violence,Under Investigation,15.75498,74.56403
972,700050002202300972,Belagavi,2,2023-05-14,2023,5,0,Night (12AM-6AM),Zero FIR,Non-Heinous,Crimes Against Property,Robbery,Undetected,15.90648,74.47094
973,100090001202400973,Tumakuru,1,2024-09-08,2024,9,16,Afternoon (12PM-6PM),FIR,Non-Heinous,Crimes Against Women,Dowry Harassment,Charge Sheeted,13.42579,77.17017
974,100210004202600974,Koppal,4,2026-09-07,2026,9,4,Night (12AM-6AM),FIR,Non-Heinous,Cyber Crime,Online Fraud,Closed,15.30388,76.09696
975,400080004202500975,Ballari,4,2025-11-18,2025,11,2,Night (12AM-6AM),UDR,Non-Heinous,Cyber Crime,Identity Theft,Undetected,15.09533,76.90188
976,100040001202600976,Mangaluru (Dakshina Kannada),1,2026-10-16,2026,10,16,Afternoon (12PM-6PM),FIR,Non-Heinous,Economic Offences,Forgery,Charge Sheeted,12.88642,74.91894
977,100070001202400977,Hubballi-Dharwad,1,2024-12-17,2024,12,23,Evening (6PM-12AM),FIR,Non-Heinous,Cyber Crime,Cyberstalking,Charge Sheeted,15.38751,75.1628
978,700030002202600978,Mysuru,2,2026-02-04,2026,2,21,Evening (6PM-12AM),Zero FIR,Non-Heinous,Crimes Against Women,Molestation,False Case,12.17598,76.73916
979,700250002202600979,Ramanagara,2,2026-08-14,2026,8,21,Evening (6PM-12AM),Zero FIR,Non-Heinous,Crimes Against Property,Theft,Charge Sheeted,12.65672,77.2446
980,100190002202300980,Hassan,2,2023-09-12,2023,9,14,Afternoon (12PM-6PM),FIR,Non-Heinous,Economic Offences,Criminal Breach of Trust,Closed,12.93554,76.11733
981,100040002202500981,Mangaluru (Dakshina Kannada),2,2025-11-15,2025,11,22,Evening (6PM-12AM),FIR,Non-Heinous,Crimes Against Property,Robbery,Charge Sheeted,12.94721,74.84957
982,100050004202500982,Belagavi,4,2025-08-21,2025,8,23,Evening (6PM-12AM),PAR,Non-Heinous,Crimes Against Property,Robbery,Charge Sheeted,15.94155,74.56063
983,100110003202300983,Davanagere,3,2023-10-13,2023,10,22,Evening (6PM-12AM),FIR,Non-Heinous,Cyber Crime,Online Fraud,Under Investigation,14.43774,75.88751
984,100190004202500984,Hassan,4,2025-08-04,2025,8,22,Evening (6PM-12AM),FIR,Non-Heinous,Crimes Against Body,Attempt to Murder,False Case,13.03616,76.13437
985,100300001202300985,Uttara Kannada,1,2023-04-09,2023,4,9,Morning (6AM-12PM),FIR,Non-Heinous,Crimes Against Property,Robbery,Charge Sheeted,14.83661,74.7305
986,700010004202600986,Bengaluru City,4,2026-08-06,2026,8,12,Afternoon (12PM-6PM),Zero FIR,Non-Heinous,Crimes Against Property,Burglary,Charge Sheeted,12.96608,77.56029
987,100020003202200987,Bengaluru Rural,3,2022-04-22,2022,4,10,Morning (6AM-12PM),FIR,Non-Heinous,Crimes Against Women,Sexual Assault,Closed,13.25024,77.61061
988,100220004202200988,Yadgir,4,2022-05-14,2022,5,17,Afternoon (12PM-6PM),FIR,Non-Heinous,Crimes Against Property,Theft,Under Investigation,16.72394,77.00945
989,100110004202600989,Davanagere,4,2026-05-23,2026,5,11,Morning (6AM-12PM),FIR,Non-Heinous,Crimes Against Property,Theft,Charge Sheeted,14.39688,75.96236
990,100230002202400990,Chamarajanagar,2,2024-12-06,2024,12,20,Evening (6PM-12AM),FIR,Non-Heinous,Crimes Against Body,Assault,Charge Sheeted,11.88363,77.01412
991,100060002202300991,Kalaburagi,2,2023-08-10,2023,8,7,Morning (6AM-12PM),FIR,Non-Heinous,Crimes Against Body,Attempt to Murder,Charge Sheeted,17.27988,76.87985
992,100030003202400992,Mysuru,3,2024-10-22,2024,10,20,Evening (6PM-12AM),FIR,Non-Heinous,Crimes Against Women,Sexual Assault,Under Investigation,12.33361,76.64082
993,100120004202500993,Vijayapura,4,2025-02-05,2025,2,0,Night (12AM-6AM),FIR,Heinous,Crimes Against Body,Attempt to Murder,Under Investigation,16.80636,75.74938
994,100290004202300994,Gadag,4,2023-12-13,2023,12,23,Evening (6PM-12AM),FIR,Heinous,Crimes Against Women,Dowry Harassment,Charge Sheeted,15.48464,75.69744
995,100110004202400995,Davanagere,4,2024-07-11,2024,7,1,Night (12AM-6AM),FIR,Non-Heinous,Crimes Against Women,Dowry Harassment,Undetected,14.47875,75.89593
996,100140003202600996,Bidar,3,2026-02-11,2026,2,7,Morning (6AM-12PM),FIR,Non-Heinous,Crimes Against Women,Sexual Assault,Charge Sheeted,17.84308,77.48371
997,700080003202200997,Ballari,3,2022-04-27,2022,4,0,Night (12AM-6AM),Zero FIR,Non-Heinous,Cyber Crime,Cyberstalking,Under Investigation,15.06009,76.90733
998,700050004202600998,Belagavi,4,2026-10-04,2026,10,4,Night (12AM-6AM),Zero FIR,Non-Heinous,Cyber Crime,Identity Theft,Under Investigation,15.85186,74.47511
999,100040003202300999,Mangaluru (Dakshina Kannada),3,2023-09-01,2023,9,15,Afternoon (12PM-6PM),FIR,Non-Heinous,Cyber Crime,Online Fraud,Undetected,12.95227,74.88393
1000,400050003202501000,Belagavi,3,2025-09-15,2025,9,13,Afternoon (12PM-6PM),UDR,Heinous,Crimes Against Women,Molestation,Under Investigation,15.85348,74.50992
1001,400050004202601001,Belagavi,4,2026-01-25,2026,1,18,Evening (6PM-12AM),UDR,Non-Heinous,Public Order,Rioting,Closed,15.90281,74.48901
1002,100050003202201002,Belagavi,3,2022-09-03,2022,9,20,Evening (6PM-12AM),FIR,Heinous,Narcotics,NDPS Possession,Charge Sheeted,15.81581,74.52176
1003,100020003202401003,Bengaluru Rural,3,2024-10-23,2024,10,14,Afternoon (12PM-6PM),FIR,Non-Heinous,Crimes Against Women,Sexual Assault,Charge Sheeted,13.27987,77.57831
1004,700300004202401004,Uttara Kannada,4,2024-04-03,2024,4,10,Morning (6AM-12PM),Zero FIR,Non-Heinous,Crimes Against Body,Attempt to Murder,Charge Sheeted,14.83077,74.6878
1005,100050002202401005,Belagavi,2,2024-11-10,2024,11,14,Afternoon (12PM-6PM),FIR,Heinous,Narcotics,NDPS Possession,Under Investigation,15.80632,74.44758
1006,100250002202601006,Ramanagara,2,2026-09-11,2026,9,23,Evening (6PM-12AM),FIR,Heinous,Crimes Against Women,Sexual Assault,Under Investigation,12.62397,77.21775
1007,100090001202301007,Tumakuru,1,2023-11-03,2023,11,3,Night (12AM-6AM),FIR,Non-Heinous,Crimes Against Property,Dacoity,Closed,13.2659,76.95523
1008,100030002202301008,Mysuru,2,2023-02-09,2023,2,23,Evening (6PM-12AM),FIR,Non-Heinous,Crimes Against Body,Assault,Under Investigation,12.22532,76.53417
1009,100040004202301009,Mangaluru (Dakshina Kannada),4,2023-06-16,2023,6,9,Morning (6AM-12PM),FIR,Non-Heinous,Cyber Crime,Online Fraud,Charge Sheeted,13.04522,74.77553
1010,100080004202401010,Ballari,4,2024-05-08,2024,5,9,Morning (6AM-12PM),FIR,Non-Heinous,Crimes Against Property,Robbery,Under Investigation,15.07548,76.95506
1011,100010004202601011,Bengaluru City,4,2026-01-14,2026,1,12,Afternoon (12PM-6PM),FIR,Non-Heinous,Cyber Crime,Cyberstalking,Charge Sheeted,12.91689,77.59095
1012,100110002202601012,Davanagere,2,2026-04-17,2026,4,9,Morning (6AM-12PM),FIR,Heinous,Crimes Against Body,Murder,Charge Sheeted,14.41894,75.87727
1013,100290001202401013,Gadag,1,2024-10-14,2024,10,20,Evening (6PM-12AM),FIR,Non-Heinous,Cyber Crime,Online Fraud,Charge Sheeted,15.49396,75.61998
1014,400010001202601014,Bengaluru City,1,2026-05-13,2026,5,12,Afternoon (12PM-6PM),UDR,Non-Heinous,Economic Offences,Cheating,Under Investigation,12.82165,77.57383
1015,100080002202201015,Ballari,2,2022-01-18,2022,1,15,Afternoon (12PM-6PM),FIR,Non-Heinous,Crimes Against Property,Dacoity,Charge Sheeted,15.21028,77.01396
1016,700220003202601016,Yadgir,3,2026-03-02,2026,3,9,Morning (6AM-12PM),Zero FIR,Heinous,Narcotics,NDPS Trafficking,Under Investigation,16.79144,77.12349
1017,100030003202601017,Mysuru,3,2026-05-14,2026,5,3,Night (12AM-6AM),FIR,Non-Heinous,Cyber Crime,Cyberstalking,Charge Sheeted,12.41768,76.69533
1018,100250002202601018,Ramanagara,2,2026-05-04,2026,5,12,Afternoon (12PM-6PM),FIR,Non-Heinous,Economic Offences,Forgery,Charge Sheeted,12.60172,77.26907
1019,100040004202601019,Mangaluru (Dakshina Kannada),4,2026-07-01,2026,7,6,Morning (6AM-12PM),FIR,Non-Heinous,Economic Offences,Criminal Breach of Trust,Under Investigation,12.87864,74.8043
1020,100010003202301020,Bengaluru City,3,2023-03-16,2023,3,13,Afternoon (12PM-6PM),FIR,Non-Heinous,Crimes Against Women,Molestation,Under Investigation,12.9283,77.48832
1021,100120001202501021,Vijayapura,1,2025-08-05,2025,8,21,Evening (6PM-12AM),FIR,Heinous,Narcotics,NDPS Possession,Charge Sheeted,16.83416,75.66979
1022,100170002202301022,Kolar,2,2023-10-03,2023,10,7,Morning (6AM-12PM),FIR,Non-Heinous,Crimes Against Property,Theft,Undetected,13.08867,78.17041
1023,100020004202201023,Bengaluru Rural,4,2022-10-03,2022,10,16,Afternoon (12PM-6PM),FIR,Heinous,Crimes Against Body,Grievous Hurt,Charge Sheeted,13.27703,77.51905
1024,100090001202601024,Tumakuru,1,2026-09-02,2026,9,11,Morning (6AM-12PM),FIR,Non-Heinous,Crimes Against Women,Dowry Harassment,Under Investigation,13.42165,77.13735
1025,700080003202601025,Ballari,3,2026-11-11,2026,11,6,Morning (6AM-12PM),Zero FIR,Heinous,Crimes Against Body,Attempt to Murder,Charge Sheeted,14.97757,76.90622
1026,100220001202501026,Yadgir,1,2025-08-21,2025,8,15,Afternoon (12PM-6PM),FIR,Non-Heinous,Crimes Against Property,Burglary,Closed,16.76008,77.13501
1027,100090004202601027,Tumakuru,4,2026-08-17,2026,8,16,Afternoon (12PM-6PM),FIR,Non-Heinous,Cyber Crime,Phishing,False Case,13.36969,77.04886
1028,100250001202201028,Ramanagara,1,2022-04-23,2022,4,3,Night (12AM-6AM),FIR,Non-Heinous,Crimes Against Women,Sexual Assault,Charge Sheeted,12.70667,77.26304
1029,100110002202501029,Davanagere,2,2025-10-02,2025,10,20,Evening (6PM-12AM),FIR,Heinous,Crimes Against Body,Assault,Under Investigation,14.57248,75.95178
1030,100230001202601030,Chamarajanagar,1,2026-01-07,2026,1,14,Afternoon (12PM-6PM),FIR,Non-Heinous,Economic Offences,Cheating,Charge Sheeted,12.00241,76.98694
1031,100120003202201031,Vijayapura,3,2022-02-03,2022,2,6,Morning (6AM-12PM),PAR,Non-Heinous,Crimes Against Property,Burglary,Undetected,16.88389,75.67854
1032,100010001202201032,Bengaluru City,1,2022-06-22,2022,6,22,Evening (6PM-12AM),PAR,Non-Heinous,Crimes Against Women,Domestic Violence,Closed,12.94779,77.67449
1033,100020001202201033,Bengaluru Rural,1,2022-01-17,2022,1,19,Evening (6PM-12AM),FIR,Heinous,Narcotics,NDPS Possession,Closed,13.33283,77.52431
1034,100010004202201034,Bengaluru City,4,2022-02-08,2022,2,1,Night (12AM-6AM),FIR,Non-Heinous,Cyber Crime,Online Fraud,Undetected,12.98767,77.46328
1035,100140003202201035,Bidar,3,2022-10-17,2022,10,2,Night (12AM-6AM),FIR,Non-Heinous,Crimes Against Property,Theft,Under Investigation,17.86928,77.52503
1036,100040001202201036,Mangaluru (Dakshina Kannada),1,2022-02-03,2022,2,22,Evening (6PM-12AM),FIR,Non-Heinous,Cyber Crime,Phishing,Closed,12.84123,74.86384
1037,100220003202201037,Yadgir,3,2022-05-03,2022,5,18,Evening (6PM-12AM),FIR,Non-Heinous,Economic Offences,Criminal Breach of Trust,Charge Sheeted,16.81765,77.13829
1038,100230001202301038,Chamarajanagar,1,2023-06-19,2023,6,20,Evening (6PM-12AM),FIR,Non-Heinous,Crimes Against Body,Grievous Hurt,Charge Sheeted,11.97477,76.96186
1039,700040002202601039,Mangaluru (Dakshina Kannada),2,2026-10-02,2026,10,3,Night (12AM-6AM),Zero FIR,Non-Heinous,Economic Offences,Forgery,Closed,12.96511,74.79425
1040,100240003202201040,Kodagu,3,2022-02-04,2022,2,5,Night (12AM-6AM),PAR,Non-Heinous,Economic Offences,Forgery,False Case,12.28241,75.82347
1041,100160004202301041,Udupi,4,2023-03-10,2023,3,1,Night (12AM-6AM),FIR,Heinous,Crimes Against Women,Molestation,Charge Sheeted,13.38037,74.72055
1042,100270002202201042,Bagalkot,2,2022-06-15,2022,6,22,Evening (6PM-12AM),FIR,Non-Heinous,Economic Offences,Cheating,False Case,16.18354,75.59342
1043,100060002202601043,Kalaburagi,2,2026-08-07,2026,8,16,Afternoon (12PM-6PM),FIR,Non-Heinous,Crimes Against Property,Burglary,Closed,17.40036,76.68759
1044,400100002202601044,Shivamogga,2,2026-12-24,2026,12,21,Evening (6PM-12AM),UDR,Heinous,Crimes Against Women,Sexual Assault,False Case,13.96286,75.59531
1045,100140004202601045,Bidar,4,2026-09-12,2026,9,23,Evening (6PM-12AM),FIR,Non-Heinous,Economic Offences,Cheating,Closed,17.81859,77.5183
1046,400140004202501046,Bidar,4,2025-09-15,2025,9,21,Evening (6PM-12AM),UDR,Non-Heinous,Cyber Crime,Online Fraud,Under Investigation,17.90553,77.49886
1047,100060001202501047,Kalaburagi,1,2025-11-19,2025,11,14,Afternoon (12PM-6PM),FIR,Non-Heinous,Crimes Against Property,Dacoity,Closed,17.31874,76.90377
1048,100190002202401048,Hassan,2,2024-09-01,2024,9,9,Morning (6AM-12PM),FIR,Non-Heinous,Cyber Crime,Cyberstalking,Closed,12.90211,76.09844
1049,100190002202201049,Hassan,2,2022-10-10,2022,10,10,Morning (6AM-12PM),FIR,Non-Heinous,Crimes Against Women,Domestic Violence,Under Investigation,12.97425,75.99049
1050,100130003202501050,Raichur,3,2025-08-04,2025,8,0,Night (12AM-6AM),PAR,Non-Heinous,Crimes Against Property,Burglary,Charge Sheeted,16.13661,77.35303
1051,700130004202401051,Raichur,4,2024-06-23,2024,6,4,Night (12AM-6AM),Zero FIR,Non-Heinous,Crimes Against Body,Assault,Closed,16.18913,77.29892
1052,100060002202301052,Kalaburagi,2,2023-09-01,2023,9,11,Morning (6AM-12PM),FIR,Non-Heinous,Crimes Against Women,Dowry Harassment,Charge Sheeted,17.32753,76.78748
1053,100160003202401053,Udupi,3,2024-10-15,2024,10,0,Night (12AM-6AM),FIR,Heinous,Crimes Against Women,Molestation,Under Investigation,13.34403,74.73948
1054,100040004202401054,Mangaluru (Dakshina Kannada),4,2024-05-13,2024,5,6,Morning (6AM-12PM),FIR,Non-Heinous,Economic Offences,Forgery,Charge Sheeted,12.91197,74.76709
1055,400110002202601055,Davanagere,2,2026-10-21,2026,10,11,Morning (6AM-12PM),UDR,Non-Heinous,Crimes Against Women,Molestation,Charge Sheeted,14.45474,75.9486
1056,100050003202301056,Belagavi,3,2023-10-10,2023,10,6,Morning (6AM-12PM),FIR,Heinous,Crimes Against Women,Dowry Harassment,Charge Sheeted,15.86416,74.49638
1057,100050004202401057,Belagavi,4,2024-11-04,2024,11,15,Afternoon (12PM-6PM),FIR,Non-Heinous,Cyber Crime,Online Fraud,Under Investigation,15.97417,74.50848
1058,100090003202401058,Tumakuru,3,2024-08-20,2024,8,2,Night (12AM-6AM),FIR,Heinous,Narcotics,NDPS Possession,Undetected,13.33751,76.99978
1059,100040002202201059,Mangaluru (Dakshina Kannada),2,2022-03-16,2022,3,6,Morning (6AM-12PM),PAR,Non-Heinous,Crimes Against Women,Sexual Assault,Undetected,12.92925,74.92836
1060,100230003202501060,Chamarajanagar,3,2025-10-09,2025,10,7,Morning (6AM-12PM),FIR,Non-Heinous,Crimes Against Women,Domestic Violence,Charge Sheeted,11.97777,76.9151
1061,100010003202401061,Bengaluru City,3,2024-12-10,2024,12,8,Morning (6AM-12PM),FIR,Non-Heinous,Crimes Against Property,Theft,Charge Sheeted,12.97718,77.69207
1062,100150001202501062,Chikkamagaluru,1,2025-11-20,2025,11,22,Evening (6PM-12AM),FIR,Non-Heinous,Crimes Against Women,Domestic Violence,Charge Sheeted,13.37997,75.7919
1063,700050001202601063,Belagavi,1,2026-12-02,2026,12,0,Night (12AM-6AM),Zero FIR,Non-Heinous,Crimes Against Women,Molestation,Closed,15.89069,74.53852
1064,100060003202201064,Kalaburagi,3,2022-09-23,2022,9,15,Afternoon (12PM-6PM),PAR,Non-Heinous,Narcotics,NDPS Possession,Under Investigation,17.28521,76.94647
1065,100020002202501065,Bengaluru Rural,2,2025-09-06,2025,9,17,Afternoon (12PM-6PM),FIR,Non-Heinous,Crimes Against Property,Dacoity,Under Investigation,13.28962,77.62034
1066,100080002202501066,Ballari,2,2025-10-11,2025,10,9,Morning (6AM-12PM),FIR,Non-Heinous,Crimes Against Property,Robbery,Charge Sheeted,15.15496,76.9112
1067,100140004202501067,Bidar,4,2025-03-10,2025,3,9,Morning (6AM-12PM),FIR,Non-Heinous,Crimes Against Property,Robbery,Under Investigation,17.94651,77.53583
1068,700110003202501068,Davanagere,3,2025-03-09,2025,3,9,Morning (6AM-12PM),Zero FIR,Non-Heinous,Crimes Against Women,Sexual Assault,False Case,14.55391,75.92791
1069,100020004202401069,Bengaluru Rural,4,2024-07-15,2024,7,7,Morning (6AM-12PM),FIR,Heinous,Crimes Against Body,Attempt to Murder,Charge Sheeted,13.28478,77.58438
1070,100190003202501070,Hassan,3,2025-03-25,2025,3,0,Night (12AM-6AM),FIR,Heinous,Crimes Against Body,Murder,Charge Sheeted,12.95679,76.09541
1071,400210004202401071,Koppal,4,2024-08-19,2024,8,16,Afternoon (12PM-6PM),UDR,Non-Heinous,Crimes Against Body,Murder,Under Investigation,15.32598,76.08612
1072,100180001202501072,Mandya,1,2025-03-05,2025,3,23,Evening (6PM-12AM),FIR,Non-Heinous,Economic Offences,Forgery,Charge Sheeted,12.47818,76.97133
1073,100240002202301073,Kodagu,2,2023-10-13,2023,10,19,Evening (6PM-12AM),PAR,Non-Heinous,Crimes Against Property,Dacoity,Closed,12.16089,75.82506
1074,100190001202301074,Hassan,1,2023-07-01,2023,7,11,Morning (6AM-12PM),FIR,Non-Heinous,Crimes Against Property,Burglary,Closed,13.05771,76.13435
1075,100170004202601075,Kolar,4,2026-02-07,2026,2,14,Afternoon (12PM-6PM),FIR,Heinous,Crimes Against Body,Attempt to Murder,False Case,13.15066,78.10133
1076,100050002202301076,Belagavi,2,2023-09-15,2023,9,21,Evening (6PM-12AM),FIR,Non-Heinous,Crimes Against Body,Murder,Charge Sheeted,15.72226,74.62533
1077,100160001202501077,Udupi,1,2025-10-09,2025,10,8,Morning (6AM-12PM),FIR,Non-Heinous,Cyber Crime,Online Fraud,Under Investigation,13.38409,74.72387
1078,100230001202201078,Chamarajanagar,1,2022-07-13,2022,7,2,Night (12AM-6AM),FIR,Non-Heinous,Crimes Against Property,Burglary,Charge Sheeted,11.87594,76.93228
1079,100250002202601079,Ramanagara,2,2026-02-17,2026,2,3,Night (12AM-6AM),FIR,Non-Heinous,Economic Offences,Cheating,Under Investigation,12.74968,77.26397
1080,100080003202501080,Ballari,3,2025-03-16,2025,3,12,Afternoon (12PM-6PM),FIR,Non-Heinous,Economic Offences,Cheating,False Case,15.17001,76.81823
1081,100290004202301081,Gadag,4,2023-04-25,2023,4,22,Evening (6PM-12AM),FIR,Heinous,Crimes Against Body,Attempt to Murder,Under Investigation,15.46307,75.65154
1082,100230001202401082,Chamarajanagar,1,2024-10-12,2024,10,7,Morning (6AM-12PM),FIR,Heinous,Narcotics,NDPS Trafficking,Closed,11.84495,77.07171
1083,100270001202201083,Bagalkot,1,2022-09-23,2022,9,1,Night (12AM-6AM),FIR,Non-Heinous,Crimes Against Women,Sexual Assault,Closed,16.27488,75.62156
1084,100050004202501084,Belagavi,4,2025-01-11,2025,1,8,Morning (6AM-12PM),FIR,Heinous,Crimes Against Body,Attempt to Murder,Charge Sheeted,15.76742,74.59708
1085,100030004202501085,Mysuru,4,2025-01-24,2025,1,23,Evening (6PM-12AM),FIR,Heinous,Crimes Against Women,Molestation,Charge Sheeted,12.33311,76.5427
1086,400100004202301086,Shivamogga,4,2023-09-21,2023,9,19,Evening (6PM-12AM),UDR,Non-Heinous,Crimes Against Body,Attempt to Murder,Under Investigation,13.98656,75.49286
1087,700190002202601087,Hassan,2,2026-12-17,2026,12,19,Evening (6PM-12AM),Zero FIR,Heinous,Narcotics,NDPS Trafficking,Under Investigation,13.08015,76.03741
1088,100050004202401088,Belagavi,4,2024-12-23,2024,12,16,Afternoon (12PM-6PM),FIR,Non-Heinous,Cyber Crime,Online Fraud,Under Investigation,15.81997,74.45956
1089,100190003202301089,Hassan,3,2023-05-26,2023,5,12,Afternoon (12PM-6PM),FIR,Heinous,Crimes Against Body,Attempt to Murder,Closed,13.00508,76.02727
1090,100110003202501090,Davanagere,3,2025-01-02,2025,1,2,Night (12AM-6AM),FIR,Non-Heinous,Crimes Against Property,Dacoity,Charge Sheeted,14.44596,75.83483
1091,100020002202201091,Bengaluru Rural,2,2022-08-10,2022,8,5,Night (12AM-6AM),FIR,Non-Heinous,Crimes Against Property,Dacoity,Under Investigation,13.26582,77.48281
1092,100290001202601092,Gadag,1,2026-03-04,2026,3,15,Afternoon (12PM-6PM),FIR,Non-Heinous,Crimes Against Body,Murder,Under Investigation,15.35893,75.64794
1093,100040001202401093,Mangaluru (Dakshina Kannada),1,2024-01-12,2024,1,23,Evening (6PM-12AM),FIR,Heinous,Crimes Against Women,Molestation,Undetected,12.87815,74.87758
1094,100160002202401094,Udupi,2,2024-10-25,2024,10,2,Night (12AM-6AM),FIR,Heinous,Crimes Against Body,Grievous Hurt,Charge Sheeted,13.44665,74.77217
1095,100240002202401095,Kodagu,2,2024-03-21,2024,3,16,Afternoon (12PM-6PM),FIR,Non-Heinous,Crimes Against Body,Assault,Closed,12.36964,75.81943
1096,100020002202401096,Bengaluru Rural,2,2024-11-09,2024,11,23,Evening (6PM-12AM),FIR,Heinous,Crimes Against Women,Dowry Harassment,Under Investigation,13.31356,77.5556
1097,100230002202601097,Chamarajanagar,2,2026-03-22,2026,3,1,Night (12AM-6AM),FIR,Non-Heinous,Economic Offences,Cheating,Under Investigation,11.92102,76.95328
1098,100130002202501098,Raichur,2,2025-05-01,2025,5,7,Morning (6AM-12PM),FIR,Heinous,Crimes Against Body,Assault,False Case,16.13941,77.36862
1099,100250004202301099,Ramanagara,4,2023-03-24,2023,3,11,Morning (6AM-12PM),FIR,Non-Heinous,Cyber Crime,Phishing,False Case,12.8054,77.22465
1100,100070004202501100,Hubballi-Dharwad,4,2025-03-19,2025,3,4,Night (12AM-6AM),FIR,Non-Heinous,Crimes Against Property,Dacoity,Closed,15.41843,75.22065
1101,100030003202301101,Mysuru,3,2023-04-20,2023,4,13,Afternoon (12PM-6PM),FIR,Non-Heinous,Economic Offences,Criminal Breach of Trust,Under Investigation,12.33,76.5948
1102,100020003202501102,Bengaluru Rural,3,2025-03-01,2025,3,12,Afternoon (12PM-6PM),FIR,Heinous,Crimes Against Women,Dowry Harassment,Under Investigation,13.32913,77.55561
1103,400050003202401103,Belagavi,3,2024-08-07,2024,8,23,Evening (6PM-12AM),UDR,Heinous,Crimes Against Body,Attempt to Murder,Under Investigation,15.80181,74.51583
1104,100050004202401104,Belagavi,4,2024-04-15,2024,4,3,Night (12AM-6AM),PAR,Heinous,Crimes Against Women,Molestation,Charge Sheeted,15.84122,74.45887
1105,100050002202201105,Belagavi,2,2022-02-03,2022,2,14,Afternoon (12PM-6PM),FIR,Non-Heinous,Crimes Against Property,Dacoity,Charge Sheeted,15.81414,74.55905
1106,100230004202501106,Chamarajanagar,4,2025-05-02,2025,5,0,Night (12AM-6AM),FIR,Non-Heinous,Crimes Against Women,Sexual Assault,Under Investigation,12.00683,76.92688
1107,100020001202501107,Bengaluru Rural,1,2025-01-08,2025,1,9,Morning (6AM-12PM),FIR,Non-Heinous,Cyber Crime,Online Fraud,Undetected,13.32436,77.5112
1108,100010002202601108,Bengaluru City,2,2026-02-01,2026,2,13,Afternoon (12PM-6PM),FIR,Non-Heinous,Crimes Against Property,Theft,Charge Sheeted,13.00364,77.62105
1109,100060001202201109,Kalaburagi,1,2022-10-26,2022,10,5,Night (12AM-6AM),FIR,Non-Heinous,Crimes Against Body,Assault,Under Investigation,17.31332,76.86531
1110,100050001202201110,Belagavi,1,2022-06-07,2022,6,10,Morning (6AM-12PM),FIR,Non-Heinous,Crimes Against Property,Burglary,Charge Sheeted,15.87291,74.48162
1111,100010002202401111,Bengaluru City,2,2024-09-08,2024,9,19,Evening (6PM-12AM),FIR,Non-Heinous,Crimes Against Property,Burglary,Under Investigation,13.05158,77.70514
1112,100160003202501112,Udupi,3,2025-09-03,2025,9,21,Evening (6PM-12AM),FIR,Non-Heinous,Crimes Against Women,Dowry Harassment,Under Investigation,13.38159,74.80138
1113,100080004202501113,Ballari,4,2025-12-10,2025,12,14,Afternoon (12PM-6PM),FIR,Non-Heinous,Crimes Against Women,Domestic Violence,Charge Sheeted,15.13408,76.96027
1114,100050002202601114,Belagavi,2,2026-11-09,2026,11,23,Evening (6PM-12AM),FIR,Non-Heinous,Cyber Crime,Cyberstalking,Undetected,15.86509,74.42857
1115,700210002202401115,Koppal,2,2024-04-12,2024,4,4,Night (12AM-6AM),Zero FIR,Non-Heinous,Cyber Crime,Cyberstalking,False Case,15.41192,76.1417
1116,100050003202501116,Belagavi,3,2025-10-23,2025,10,23,Evening (6PM-12AM),FIR,Heinous,Crimes Against Women,Domestic Violence,Closed,15.92476,74.46637
1117,100030003202401117,Mysuru,3,2024-04-04,2024,4,19,Evening (6PM-12AM),FIR,Non-Heinous,Crimes Against Women,Dowry Harassment,Closed,12.40821,76.601
1118,100190004202401118,Hassan,4,2024-06-06,2024,6,5,Night (12AM-6AM),FIR,Non-Heinous,Crimes Against Women,Sexual Assault,False Case,12.99613,76.21357
1119,400280004202401119,Haveri,4,2024-04-23,2024,4,4,Night (12AM-6AM),UDR,Heinous,Crimes Against Women,Domestic Violence,Under Investigation,14.78667,75.3534
1120,100090004202401120,Tumakuru,4,2024-08-21,2024,8,12,Afternoon (12PM-6PM),FIR,Non-Heinous,Crimes Against Body,Grievous Hurt,False Case,13.4579,77.18046
1121,100290001202401121,Gadag,1,2024-04-02,2024,4,23,Evening (6PM-12AM),FIR,Non-Heinous,Crimes Against Property,Burglary,Charge Sheeted,15.47879,75.62421
1122,100020003202501122,Bengaluru Rural,3,2025-03-18,2025,3,5,Night (12AM-6AM),FIR,Non-Heinous,Crimes Against Property,Dacoity,False Case,13.32626,77.51067
1123,100060003202601123,Kalaburagi,3,2026-12-14,2026,12,7,Morning (6AM-12PM),FIR,Non-Heinous,Crimes Against Property,Burglary,Closed,17.30786,76.92418
1124,100020001202501124,Bengaluru Rural,1,2025-10-11,2025,10,1,Night (12AM-6AM),FIR,Non-Heinous,Crimes Against Body,Murder,False Case,13.34385,77.5672
1125,100070002202201125,Hubballi-Dharwad,2,2022-03-22,2022,3,23,Evening (6PM-12AM),PAR,Non-Heinous,Cyber Crime,Phishing,False Case,15.33836,75.17102
1126,100040001202301126,Mangaluru (Dakshina Kannada),1,2023-10-08,2023,10,7,Morning (6AM-12PM),PAR,Non-Heinous,Crimes Against Women,Sexual Assault,Under Investigation,12.93341,74.86996
1127,100140001202601127,Bidar,1,2026-08-22,2026,8,6,Morning (6AM-12PM),FIR,Non-Heinous,Economic Offences,Criminal Breach of Trust,Undetected,17.89534,77.47167
1128,100050002202601128,Belagavi,2,2026-06-12,2026,6,11,Morning (6AM-12PM),FIR,Non-Heinous,Economic Offences,Forgery,Under Investigation,15.89308,74.51215
1129,100010004202501129,Bengaluru City,4,2025-07-20,2025,7,17,Afternoon (12PM-6PM),FIR,Non-Heinous,Economic Offences,Forgery,Charge Sheeted,12.91017,77.55507
1130,100250001202501130,Ramanagara,1,2025-01-07,2025,1,13,Afternoon (12PM-6PM),FIR,Non-Heinous,Crimes Against Property,Theft,Charge Sheeted,12.69364,77.32003
1131,100180003202601131,Mandya,3,2026-05-18,2026,5,11,Morning (6AM-12PM),FIR,Non-Heinous,Crimes Against Property,Dacoity,Charge Sheeted,12.44738,76.93771
1132,100290002202301132,Gadag,2,2023-05-06,2023,5,11,Morning (6AM-12PM),FIR,Heinous,Crimes Against Body,Assault,Under Investigation,15.44561,75.6417
1133,100220002202301133,Yadgir,2,2023-02-21,2023,2,3,Night (12AM-6AM),FIR,Non-Heinous,Crimes Against Property,Theft,Under Investigation,16.70671,77.15307
1134,100010004202501134,Bengaluru City,4,2025-02-07,2025,2,14,Afternoon (12PM-6PM),FIR,Heinous,Crimes Against Women,Dowry Harassment,Closed,13.10517,77.67451
1135,100130002202601135,Raichur,2,2026-06-05,2026,6,18,Evening (6PM-12AM),FIR,Non-Heinous,Crimes Against Property,Dacoity,Charge Sheeted,16.22398,77.32511
1136,100140001202201136,Bidar,1,2022-05-07,2022,5,14,Afternoon (12PM-6PM),FIR,Non-Heinous,Economic Offences,Cheating,Under Investigation,17.91205,77.54399
1137,100020002202301137,Bengaluru Rural,2,2023-01-05,2023,1,0,Night (12AM-6AM),FIR,Non-Heinous,Public Order,Rioting,Under Investigation,13.29029,77.55461
1138,400230003202601138,Chamarajanagar,3,2026-02-18,2026,2,22,Evening (6PM-12AM),UDR,Non-Heinous,Crimes Against Women,Sexual Assault,Undetected,12.05892,76.90749
1139,100140002202301139,Bidar,2,2023-04-17,2023,4,22,Evening (6PM-12AM),FIR,Non-Heinous,Economic Offences,Criminal Breach of Trust,Charge Sheeted,17.89531,77.58778
1140,400090004202601140,Tumakuru,4,2026-07-25,2026,7,19,Evening (6PM-12AM),UDR,Heinous,Narcotics,NDPS Possession,Under Investigation,13.37876,77.08295
1141,100020003202601141,Bengaluru Rural,3,2026-12-13,2026,12,11,Morning (6AM-12PM),FIR,Non-Heinous,Crimes Against Women,Dowry Harassment,Closed,13.24916,77.65144
1142,100020001202501142,Bengaluru Rural,1,2025-08-03,2025,8,19,Evening (6PM-12AM),FIR,Heinous,Crimes Against Women,Molestation,Under Investigation,13.45186,77.60715
1143,100160002202501143,Udupi,2,2025-06-06,2025,6,18,Evening (6PM-12AM),PAR,Non-Heinous,Economic Offences,Criminal Breach of Trust,Closed,13.33119,74.84069
1144,100180002202301144,Mandya,2,2023-01-14,2023,1,13,Afternoon (12PM-6PM),FIR,Heinous,Crimes Against Women,Molestation,Under Investigation,12.50017,76.91369
1145,100030002202601145,Mysuru,2,2026-08-17,2026,8,16,Afternoon (12PM-6PM),FIR,Non-Heinous,Crimes Against Property,Dacoity,Under Investigation,12.2626,76.59541
1146,100240002202601146,Kodagu,2,2026-07-22,2026,7,15,Afternoon (12PM-6PM),FIR,Non-Heinous,Cyber Crime,Phishing,Under Investigation,12.23061,75.75134
1147,100140001202301147,Bidar,1,2023-08-10,2023,8,14,Afternoon (12PM-6PM),FIR,Non-Heinous,Crimes Against Property,Theft,Under Investigation,17.85049,77.53447
1148,100040003202501148,Mangaluru (Dakshina Kannada),3,2025-11-22,2025,11,22,Evening (6PM-12AM),FIR,Non-Heinous,Crimes Against Body,Grievous Hurt,Undetected,12.96933,74.79414
1149,100240003202601149,Kodagu,3,2026-04-09,2026,4,13,Afternoon (12PM-6PM),FIR,Heinous,Crimes Against Women,Molestation,Closed,12.30286,75.87066
1150,100120003202601150,Vijayapura,3,2026-09-12,2026,9,3,Night (12AM-6AM),FIR,Heinous,Crimes Against Women,Molestation,False Case,16.7211,75.80054
1151,100050002202301151,Belagavi,2,2023-04-23,2023,4,21,Evening (6PM-12AM),FIR,Non-Heinous,Crimes Against Body,Assault,Under Investigation,15.81274,74.54673
1152,700020002202301152,Bengaluru Rural,2,2023-01-13,2023,1,22,Evening (6PM-12AM),Zero FIR,Non-Heinous,Crimes Against Body,Murder,Charge Sheeted,13.32625,77.47765
1153,100190002202201153,Hassan,2,2022-09-17,2022,9,23,Evening (6PM-12AM),FIR,Non-Heinous,Crimes Against Property,Theft,Closed,13.0532,75.98776
1154,100020002202301154,Bengaluru Rural,2,2023-03-26,2023,3,3,Night (12AM-6AM),FIR,Non-Heinous,Crimes Against Women,Molestation,Charge Sheeted,13.28972,77.61644
1155,100050003202501155,Belagavi,3,2025-04-05,2025,4,0,Night (12AM-6AM),FIR,Non-Heinous,Economic Offences,Cheating,Under Investigation,15.78047,74.5363
1156,100250004202401156,Ramanagara,4,2024-02-03,2024,2,6,Morning (6AM-12PM),FIR,Heinous,Crimes Against Body,Murder,Closed,12.6701,77.3353
1157,400190003202401157,Hassan,3,2024-02-22,2024,2,12,Afternoon (12PM-6PM),UDR,Non-Heinous,Crimes Against Body,Assault,Under Investigation,12.98716,76.16687
1158,100160002202401158,Udupi,2,2024-04-18,2024,4,0,Night (12AM-6AM),FIR,Non-Heinous,Crimes Against Property,Theft,Under Investigation,13.28984,74.79337
1159,100220001202601159,Yadgir,1,2026-11-05,2026,11,5,Night (12AM-6AM),FIR,Non-Heinous,Crimes Against Property,Dacoity,Under Investigation,16.727,77.15409
1160,100050001202401160,Belagavi,1,2024-03-17,2024,3,20,Evening (6PM-12AM),FIR,Heinous,Crimes Against Women,Dowry Harassment,Under Investigation,15.82368,74.56357
1161,100010004202601161,Bengaluru City,4,2026-06-18,2026,6,13,Afternoon (12PM-6PM),FIR,Non-Heinous,Cyber Crime,Phishing,Charge Sheeted,12.92134,77.61342
1162,100220004202401162,Yadgir,4,2024-09-21,2024,9,17,Afternoon (12PM-6PM),FIR,Non-Heinous,Crimes Against Body,Grievous Hurt,Under Investigation,16.76963,77.18098
1163,100240001202401163,Kodagu,1,2024-04-22,2024,4,21,Evening (6PM-12AM),FIR,Non-Heinous,Crimes Against Women,Sexual Assault,Charge Sheeted,12.32992,75.80855
1164,100110001202301164,Davanagere,1,2023-04-18,2023,4,12,Afternoon (12PM-6PM),FIR,Non-Heinous,Economic Offences,Forgery,Charge Sheeted,14.43577,75.86762
1165,100020004202301165,Bengaluru Rural,4,2023-09-20,2023,9,22,Evening (6PM-12AM),FIR,Non-Heinous,Crimes Against Property,Robbery,Closed,13.24299,77.72897
1166,100040003202501166,Mangaluru (Dakshina Kannada),3,2025-04-10,2025,4,22,Evening (6PM-12AM),FIR,Non-Heinous,Crimes Against Body,Assault,Closed,12.80953,74.85533
1167,100010001202301167,Bengaluru City,1,2023-12-11,2023,12,12,Afternoon (12PM-6PM),PAR,Non-Heinous,Crimes Against Property,Robbery,Under Investigation,12.95506,77.65204
1168,100200003202301168,Chitradurga,3,2023-10-22,2023,10,5,Night (12AM-6AM),FIR,Non-Heinous,Crimes Against Property,Dacoity,Charge Sheeted,14.19752,76.4903
1169,100050004202501169,Belagavi,4,2025-06-23,2025,6,23,Evening (6PM-12AM),FIR,Non-Heinous,Crimes Against Property,Burglary,Charge Sheeted,15.7711,74.47767
1170,100240004202601170,Kodagu,4,2026-07-23,2026,7,0,Night (12AM-6AM),FIR,Non-Heinous,Crimes Against Property,Theft,Closed,12.37133,75.76544
1171,100070002202301171,Hubballi-Dharwad,2,2023-06-13,2023,6,20,Evening (6PM-12AM),FIR,Non-Heinous,Crimes Against Property,Burglary,Charge Sheeted,15.34678,75.13703
1172,100020003202401172,Bengaluru Rural,3,2024-04-27,2024,4,23,Evening (6PM-12AM),FIR,Heinous,Crimes Against Body,Attempt to Murder,Charge Sheeted,13.29843,77.6012
1173,100220001202501173,Yadgir,1,2025-03-19,2025,3,19,Evening (6PM-12AM),FIR,Non-Heinous,Crimes Against Body,Grievous Hurt,Closed,16.86061,77.1508
1174,100010002202501174,Bengaluru City,2,2025-02-17,2025,2,0,Night (12AM-6AM),FIR,Heinous,Crimes Against Women,Domestic Violence,Under Investigation,13.04059,77.68816
1175,100020003202601175,Bengaluru Rural,3,2026-08-22,2026,8,2,Night (12AM-6AM),PAR,Non-Heinous,Narcotics,NDPS Possession,False Case,13.3001,77.56548
1176,100250003202401176,Ramanagara,3,2024-11-21,2024,11,12,Afternoon (12PM-6PM),FIR,Non-Heinous,Cyber Crime,Cyberstalking,Undetected,12.73917,77.30396
1177,100230001202601177,Chamarajanagar,1,2026-04-03,2026,4,12,Afternoon (12PM-6PM),FIR,Heinous,Narcotics,NDPS Possession,Charge Sheeted,11.94209,76.91818
1178,100190003202501178,Hassan,3,2025-10-05,2025,10,23,Evening (6PM-12AM),FIR,Heinous,Narcotics,NDPS Possession,Closed,13.04575,76.08238
1179,100240004202501179,Kodagu,4,2025-02-09,2025,2,10,Morning (6AM-12PM),FIR,Non-Heinous,Economic Offences,Forgery,False Case,12.31608,75.92503
1180,100090002202601180,Tumakuru,2,2026-02-22,2026,2,2,Night (12AM-6AM),FIR,Non-Heinous,Cyber Crime,Cyberstalking,Undetected,13.28044,77.00966
1181,100080004202301181,Ballari,4,2023-12-12,2023,12,13,Afternoon (12PM-6PM),FIR,Heinous,Narcotics,NDPS Trafficking,Undetected,15.1057,76.87948
1182,100050003202601182,Belagavi,3,2026-10-04,2026,10,5,Night (12AM-6AM),FIR,Non-Heinous,Public Order,Rioting,Under Investigation,15.81148,74.36164
1183,400060004202601183,Kalaburagi,4,2026-06-11,2026,6,3,Night (12AM-6AM),UDR,Non-Heinous,Crimes Against Property,Robbery,Undetected,17.25646,76.89806
1184,100100003202501184,Shivamogga,3,2025-10-01,2025,10,15,Afternoon (12PM-6PM),FIR,Non-Heinous,Crimes Against Property,Dacoity,Charge Sheeted,13.91743,75.56052
1185,100180003202601185,Mandya,3,2026-04-03,2026,4,7,Morning (6AM-12PM),FIR,Heinous,Crimes Against Body,Grievous Hurt,Charge Sheeted,12.3509,76.91593
1186,100010002202501186,Bengaluru City,2,2025-10-23,2025,10,20,Evening (6PM-12AM),FIR,Non-Heinous,Public Order,Unlawful Assembly,Closed,12.98612,77.59418
1187,100260003202301187,Chikkaballapur,3,2023-04-23,2023,4,3,Night (12AM-6AM),FIR,Heinous,Crimes Against Body,Attempt to Murder,Under Investigation,13.40471,77.71208
1188,400040003202201188,Mangaluru (Dakshina Kannada),3,2022-09-01,2022,9,2,Night (12AM-6AM),UDR,Non-Heinous,Public Order,Rioting,Undetected,12.96403,74.83249
1189,100190004202401189,Hassan,4,2024-12-24,2024,12,18,Evening (6PM-12AM),FIR,Non-Heinous,Crimes Against Property,Robbery,Under Investigation,13.0671,76.11629
1190,100030003202301190,Mysuru,3,2023-07-14,2023,7,1,Night (12AM-6AM),FIR,Heinous,Crimes Against Body,Murder,Charge Sheeted,12.32284,76.68383
1191,100010003202301191,Bengaluru City,3,2023-12-17,2023,12,18,Evening (6PM-12AM),FIR,Non-Heinous,Crimes Against Women,Molestation,Under Investigation,12.97045,77.50698
1192,100040004202301192,Mangaluru (Dakshina Kannada),4,2023-10-13,2023,10,9,Morning (6AM-12PM),FIR,Non-Heinous,Crimes Against Body,Grievous Hurt,False Case,12.83114,74.88592
1193,100160001202601193,Udupi,1,2026-03-23,2026,3,22,Evening (6PM-12AM),FIR,Non-Heinous,Cyber Crime,Phishing,Charge Sheeted,13.30206,74.81252
1194,400160003202301194,Udupi,3,2023-05-07,2023,5,6,Morning (6AM-12PM),UDR,Non-Heinous,Crimes Against Property,Theft,Under Investigation,13.31531,74.66621
1195,100140004202401195,Bidar,4,2024-08-17,2024,8,9,Morning (6AM-12PM),FIR,Non-Heinous,Cyber Crime,Cyberstalking,Under Investigation,17.8502,77.53698
1196,100100002202201196,Shivamogga,2,2022-09-04,2022,9,1,Night (12AM-6AM),FIR,Non-Heinous,Narcotics,NDPS Possession,Closed,14.00255,75.51584
1197,100070004202601197,Hubballi-Dharwad,4,2026-12-17,2026,12,8,Morning (6AM-12PM),FIR,Non-Heinous,Crimes Against Property,Theft,Under Investigation,15.25749,75.07443
1198,100050002202601198,Belagavi,2,2026-06-27,2026,6,21,Evening (6PM-12AM),FIR,Non-Heinous,Cyber Crime,Identity Theft,Under Investigation,15.91711,74.48776
1199,100060004202601199,Kalaburagi,4,2026-07-13,2026,7,1,Night (12AM-6AM),FIR,Non-Heinous,Crimes Against Property,Theft,Charge Sheeted,17.3876,76.83892
1200,100230003202201200,Chamarajanagar,3,2022-06-24,2022,6,1,Night (12AM-6AM),FIR,Non-Heinous,Public Order,Rioting,Charge Sheeted,11.91886,76.99637
1201,100010001202201201,Bengaluru City,1,2022-08-27,2022,8,20,Evening (6PM-12AM),FIR,Non-Heinous,Economic Offences,Criminal Breach of Trust,Closed,13.01616,77.61211
1202,100230002202401202,Chamarajanagar,2,2024-03-16,2024,3,21,Evening (6PM-12AM),FIR,Non-Heinous,Crimes Against Body,Murder,Charge Sheeted,11.93497,76.9565
1203,100170002202601203,Kolar,2,2026-01-01,2026,1,23,Evening (6PM-12AM),FIR,Non-Heinous,Cyber Crime,Identity Theft,Closed,13.09842,78.14117
1204,100020001202301204,Bengaluru Rural,1,2023-12-21,2023,12,19,Evening (6PM-12AM),FIR,Heinous,Crimes Against Women,Domestic Violence,Under Investigation,13.30531,77.54444
1205,100270003202201205,Bagalkot,3,2022-04-08,2022,4,5,Night (12AM-6AM),PAR,Non-Heinous,Crimes Against Property,Burglary,Under Investigation,16.15441,75.675
1206,100210003202501206,Koppal,3,2025-06-27,2025,6,17,Afternoon (12PM-6PM),FIR,Non-Heinous,Crimes Against Body,Assault,Under Investigation,15.29364,76.06647
1207,100040001202201207,Mangaluru (Dakshina Kannada),1,2022-08-02,2022,8,6,Morning (6AM-12PM),FIR,Non-Heinous,Economic Offences,Forgery,Charge Sheeted,13.05837,74.81324
1208,100080003202601208,Ballari,3,2026-02-08,2026,2,10,Morning (6AM-12PM),FIR,Non-Heinous,Economic Offences,Forgery,Closed,15.19138,77.05452
1209,100050001202301209,Belagavi,1,2023-10-25,2023,10,15,Afternoon (12PM-6PM),FIR,Heinous,Crimes Against Women,Sexual Assault,False Case,15.80919,74.48863
1210,700110003202201210,Davanagere,3,2022-05-16,2022,5,20,Evening (6PM-12AM),Zero FIR,Non-Heinous,Narcotics,NDPS Trafficking,Charge Sheeted,14.51528,75.97787
1211,100030002202301211,Mysuru,2,2023-08-27,2023,8,16,Afternoon (12PM-6PM),FIR,Non-Heinous,Crimes Against Women,Sexual Assault,Under Investigation,12.33951,76.65254
1212,100160003202301212,Udupi,3,2023-03-05,2023,3,10,Morning (6AM-12PM),FIR,Heinous,Crimes Against Body,Grievous Hurt,Under Investigation,13.32066,74.81791
1213,100030002202301213,Mysuru,2,2023-03-23,2023,3,20,Evening (6PM-12AM),FIR,Non-Heinous,Crimes Against Women,Molestation,Charge Sheeted,12.24322,76.59116
1214,100090002202401214,Tumakuru,2,2024-11-10,2024,11,17,Afternoon (12PM-6PM),FIR,Non-Heinous,Crimes Against Property,Burglary,Charge Sheeted,13.51331,77.20031
1215,100140001202401215,Bidar,1,2024-03-06,2024,3,22,Evening (6PM-12AM),FIR,Non-Heinous,Crimes Against Property,Robbery,Under Investigation,17.88395,77.62255
1216,100130002202301216,Raichur,2,2023-10-08,2023,10,17,Afternoon (12PM-6PM),FIR,Non-Heinous,Cyber Crime,Phishing,Under Investigation,16.23098,77.28742
1217,100050003202301217,Belagavi,3,2023-06-15,2023,6,18,Evening (6PM-12AM),FIR,Non-Heinous,Crimes Against Body,Murder,Under Investigation,15.973,74.59077
1218,700250001202201218,Ramanagara,1,2022-07-14,2022,7,9,Morning (6AM-12PM),Zero FIR,Non-Heinous,Crimes Against Property,Robbery,Closed,12.69621,77.25718
1219,100030003202601219,Mysuru,3,2026-10-10,2026,10,14,Afternoon (12PM-6PM),FIR,Non-Heinous,Crimes Against Women,Domestic Violence,Under Investigation,12.30554,76.64133
1220,100210004202301220,Koppal,4,2023-02-05,2023,2,15,Afternoon (12PM-6PM),FIR,Non-Heinous,Crimes Against Property,Robbery,Under Investigation,15.32021,76.17326
1221,100030003202201221,Mysuru,3,2022-02-27,2022,2,4,Night (12AM-6AM),PAR,Heinous,Crimes Against Body,Assault,Charge Sheeted,12.36324,76.61509
1222,100010003202601222,Bengaluru City,3,2026-04-14,2026,4,15,Afternoon (12PM-6PM),FIR,Non-Heinous,Crimes Against Property,Robbery,Charge Sheeted,13.08583,77.59715
1223,100240002202501223,Kodagu,2,2025-09-11,2025,9,21,Evening (6PM-12AM),FIR,Non-Heinous,Economic Offences,Cheating,Closed,12.30381,75.78627
1224,100170002202601224,Kolar,2,2026-11-23,2026,11,5,Night (12AM-6AM),FIR,Heinous,Crimes Against Body,Attempt to Murder,Charge Sheeted,13.10554,78.15927
1225,100040001202201225,Mangaluru (Dakshina Kannada),1,2022-10-06,2022,10,12,Afternoon (12PM-6PM),FIR,Non-Heinous,Crimes Against Property,Burglary,Closed,12.83497,74.99835
1226,100050001202501226,Belagavi,1,2025-12-13,2025,12,21,Evening (6PM-12AM),FIR,Non-Heinous,Crimes Against Property,Robbery,Under Investigation,15.91744,74.42982
1227,100050002202401227,Belagavi,2,2024-09-09,2024,9,10,Morning (6AM-12PM),FIR,Non-Heinous,Crimes Against Women,Sexual Assault,Under Investigation,15.84347,74.48545
1228,700140004202601228,Bidar,4,2026-05-25,2026,5,23,Evening (6PM-12AM),Zero FIR,Non-Heinous,Crimes Against Women,Molestation,Undetected,17.9185,77.35831
1229,700190004202401229,Hassan,4,2024-06-22,2024,6,13,Afternoon (12PM-6PM),Zero FIR,Non-Heinous,Crimes Against Property,Robbery,Closed,13.1129,76.05172
1230,100060004202501230,Kalaburagi,4,2025-05-12,2025,5,22,Evening (6PM-12AM),PAR,Non-Heinous,Crimes Against Property,Robbery,Charge Sheeted,17.35388,76.86741
1231,100090001202601231,Tumakuru,1,2026-12-25,2026,12,21,Evening (6PM-12AM),FIR,Non-Heinous,Crimes Against Property,Theft,Under Investigation,13.39001,77.08825
1232,100190004202401232,Hassan,4,2024-08-27,2024,8,16,Afternoon (12PM-6PM),FIR,Heinous,Crimes Against Body,Assault,Charge Sheeted,13.00779,76.06906
1233,100180002202501233,Mandya,2,2025-02-08,2025,2,17,Afternoon (12PM-6PM),FIR,Non-Heinous,Crimes Against Property,Theft,Closed,12.49784,76.98982
1234,100160004202401234,Udupi,4,2024-05-17,2024,5,18,Evening (6PM-12AM),FIR,Non-Heinous,Crimes Against Property,Dacoity,Charge Sheeted,13.3221,74.59931
1235,100050004202601235,Belagavi,4,2026-10-09,2026,10,14,Afternoon (12PM-6PM),FIR,Non-Heinous,Cyber Crime,Identity Theft,False Case,15.77197,74.56891
1236,100220001202401236,Yadgir,1,2024-05-24,2024,5,22,Evening (6PM-12AM),FIR,Non-Heinous,Crimes Against Property,Robbery,Charge Sheeted,16.80746,77.21917
1237,100050001202301237,Belagavi,1,2023-01-10,2023,1,17,Afternoon (12PM-6PM),FIR,Non-Heinous,Crimes Against Property,Theft,Closed,15.76771,74.41503
1238,700110001202301238,Davanagere,1,2023-03-04,2023,3,22,Evening (6PM-12AM),Zero FIR,Non-Heinous,Crimes Against Body,Grievous Hurt,Charge Sheeted,14.49538,76.0344
1239,100050002202301239,Belagavi,2,2023-07-01,2023,7,4,Night (12AM-6AM),FIR,Non-Heinous,Crimes Against Body,Assault,Undetected,15.92157,74.43026
1240,700220003202301240,Yadgir,3,2023-08-04,2023,8,8,Morning (6AM-12PM),Zero FIR,Heinous,Crimes Against Body,Attempt to Murder,Under Investigation,16.68947,77.22013
1241,100020002202601241,Bengaluru Rural,2,2026-06-11,2026,6,6,Morning (6AM-12PM),PAR,Non-Heinous,Crimes Against Property,Burglary,Under Investigation,13.32465,77.53261
1242,100190004202201242,Hassan,4,2022-03-10,2022,3,19,Evening (6PM-12AM),FIR,Non-Heinous,Economic Offences,Criminal Breach of Trust,Closed,13.00252,76.13664
1243,100290003202301243,Gadag,3,2023-08-14,2023,8,8,Morning (6AM-12PM),FIR,Non-Heinous,Crimes Against Property,Theft,Closed,15.39845,75.55853
1244,400300001202401244,Uttara Kannada,1,2024-05-10,2024,5,23,Evening (6PM-12AM),UDR,Non-Heinous,Cyber Crime,Identity Theft,Charge Sheeted,14.85184,74.64686
1245,100040001202501245,Mangaluru (Dakshina Kannada),1,2025-12-20,2025,12,18,Evening (6PM-12AM),PAR,Non-Heinous,Economic Offences,Forgery,Under Investigation,12.8731,74.85596
1246,100120004202401246,Vijayapura,4,2024-10-23,2024,10,19,Evening (6PM-12AM),FIR,Non-Heinous,Crimes Against Property,Burglary,Under Investigation,16.8414,75.73051
1247,100050003202401247,Belagavi,3,2024-05-07,2024,5,4,Night (12AM-6AM),FIR,Non-Heinous,Crimes Against Property,Theft,Charge Sheeted,15.88003,74.57526
1248,100050001202301248,Belagavi,1,2023-07-16,2023,7,4,Night (12AM-6AM),PAR,Non-Heinous,Crimes Against Body,Attempt to Murder,Charge Sheeted,15.84799,74.50922
1249,100010002202601249,Bengaluru City,2,2026-03-06,2026,3,23,Evening (6PM-12AM),FIR,Non-Heinous,Crimes Against Property,Theft,Under Investigation,12.89991,77.61297
1250,100220002202401250,Yadgir,2,2024-10-24,2024,10,4,Night (12AM-6AM),FIR,Non-Heinous,Public Order,Rioting,Charge Sheeted,16.7168,77.21728
1251,100110002202501251,Davanagere,2,2025-07-17,2025,7,18,Evening (6PM-12AM),FIR,Non-Heinous,Crimes Against Property,Dacoity,Under Investigation,14.47799,75.91007
1252,100040002202501252,Mangaluru (Dakshina Kannada),2,2025-10-25,2025,10,7,Morning (6AM-12PM),FIR,Non-Heinous,Crimes Against Body,Assault,Charge Sheeted,12.87378,74.88535
1253,100030003202601253,Mysuru,3,2026-11-01,2026,11,3,Night (12AM-6AM),PAR,Heinous,Crimes Against Body,Grievous Hurt,Charge Sheeted,12.25128,76.69489
1254,100230003202201254,Chamarajanagar,3,2022-06-09,2022,6,16,Afternoon (12PM-6PM),FIR,Non-Heinous,Crimes Against Women,Domestic Violence,Under Investigation,11.87757,76.84504
1255,100040004202601255,Mangaluru (Dakshina Kannada),4,2026-06-21,2026,6,8,Morning (6AM-12PM),FIR,Non-Heinous,Crimes Against Women,Sexual Assault,False Case,12.98859,74.89073
1256,100190002202601256,Hassan,2,2026-02-19,2026,2,19,Evening (6PM-12AM),FIR,Non-Heinous,Economic Offences,Forgery,Charge Sheeted,13.03469,76.09571
1257,700110004202401257,Davanagere,4,2024-12-12,2024,12,5,Night (12AM-6AM),Zero FIR,Non-Heinous,Crimes Against Body,Assault,Closed,14.43103,75.94094
1258,100120002202201258,Vijayapura,2,2022-09-17,2022,9,16,Afternoon (12PM-6PM),PAR,Non-Heinous,Cyber Crime,Phishing,Closed,16.90683,75.67033
1259,100080004202201259,Ballari,4,2022-01-20,2022,1,23,Evening (6PM-12AM),PAR,Heinous,Crimes Against Women,Domestic Violence,Charge Sheeted,15.2437,76.91924
1260,400050001202201260,Belagavi,1,2022-07-01,2022,7,10,Morning (6AM-12PM),UDR,Non-Heinous,Crimes Against Women,Sexual Assault,Charge Sheeted,15.84819,74.56479
1261,100240003202301261,Kodagu,3,2023-04-27,2023,4,9,Morning (6AM-12PM),FIR,Non-Heinous,Crimes Against Property,Robbery,Charge Sheeted,12.29869,75.74616
1262,100090002202601262,Tumakuru,2,2026-03-19,2026,3,13,Afternoon (12PM-6PM),FIR,Heinous,Narcotics,NDPS Trafficking,False Case,13.21079,77.15033
1263,100150002202501263,Chikkamagaluru,2,2025-10-04,2025,10,17,Afternoon (12PM-6PM),FIR,Non-Heinous,Cyber Crime,Identity Theft,Charge Sheeted,13.45792,75.88131
1264,100100003202601264,Shivamogga,3,2026-03-02,2026,3,22,Evening (6PM-12AM),FIR,Non-Heinous,Narcotics,NDPS Possession,Charge Sheeted,13.92623,75.46841
1265,100020001202301265,Bengaluru Rural,1,2023-06-02,2023,6,16,Afternoon (12PM-6PM),FIR,Non-Heinous,Crimes Against Property,Robbery,False Case,13.28167,77.45628
1266,700060004202201266,Kalaburagi,4,2022-02-18,2022,2,11,Morning (6AM-12PM),Zero FIR,Non-Heinous,Crimes Against Body,Assault,Charge Sheeted,17.28407,76.79049
1267,100130001202601267,Raichur,1,2026-03-04,2026,3,7,Morning (6AM-12PM),FIR,Non-Heinous,Economic Offences,Criminal Breach of Trust,Charge Sheeted,16.27045,77.29637
1268,100050003202201268,Belagavi,3,2022-02-06,2022,2,8,Morning (6AM-12PM),FIR,Non-Heinous,Crimes Against Property,Theft,Under Investigation,15.85772,74.38979
1269,100050003202501269,Belagavi,3,2025-03-09,2025,3,10,Morning (6AM-12PM),FIR,Non-Heinous,Crimes Against Body,Attempt to Murder,Charge Sheeted,15.93833,74.41211
1270,100250001202201270,Ramanagara,1,2022-01-16,2022,1,4,Night (12AM-6AM),FIR,Non-Heinous,Crimes Against Property,Robbery,Under Investigation,12.67773,77.3193
1271,100040003202401271,Mangaluru (Dakshina Kannada),3,2024-04-16,2024,4,14,Afternoon (12PM-6PM),FIR,Non-Heinous,Crimes Against Body,Grievous Hurt,Charge Sheeted,12.85414,74.92038
1272,100260003202601272,Chikkaballapur,3,2026-11-26,2026,11,11,Morning (6AM-12PM),FIR,Non-Heinous,Economic Offences,Criminal Breach of Trust,False Case,13.32338,77.82179
1273,100100004202201273,Shivamogga,4,2022-07-11,2022,7,17,Afternoon (12PM-6PM),PAR,Non-Heinous,Crimes Against Property,Robbery,Closed,13.95809,75.52643
1274,100030004202201274,Mysuru,4,2022-10-25,2022,10,7,Morning (6AM-12PM),FIR,Non-Heinous,Narcotics,NDPS Possession,False Case,12.36997,76.69213
1275,100080002202601275,Ballari,2,2026-05-06,2026,5,1,Night (12AM-6AM),PAR,Heinous,Crimes Against Body,Attempt to Murder,Under Investigation,15.20416,76.98944
1276,100050004202301276,Belagavi,4,2023-11-03,2023,11,9,Morning (6AM-12PM),FIR,Heinous,Narcotics,NDPS Trafficking,Under Investigation,15.80241,74.39323
1277,100160002202401277,Udupi,2,2024-04-27,2024,4,11,Morning (6AM-12PM),FIR,Non-Heinous,Economic Offences,Criminal Breach of Trust,Under Investigation,13.36513,74.72699
1278,400020002202501278,Bengaluru Rural,2,2025-12-21,2025,12,15,Afternoon (12PM-6PM),UDR,Non-Heinous,Crimes Against Body,Attempt to Murder,Charge Sheeted,13.30001,77.54445
1279,100170003202301279,Kolar,3,2023-01-12,2023,1,8,Morning (6AM-12PM),FIR,Non-Heinous,Crimes Against Property,Theft,Charge Sheeted,13.15231,78.14421
1280,400150002202501280,Chikkamagaluru,2,2025-03-16,2025,3,11,Morning (6AM-12PM),UDR,Non-Heinous,Crimes Against Body,Grievous Hurt,Undetected,13.37022,75.80358
1281,100140003202601281,Bidar,3,2026-01-17,2026,1,2,Night (12AM-6AM),FIR,Non-Heinous,Crimes Against Property,Theft,Undetected,17.90321,77.46075
1282,100180003202501282,Mandya,3,2025-10-02,2025,10,0,Night (12AM-6AM),FIR,Non-Heinous,Narcotics,NDPS Trafficking,Under Investigation,12.50924,76.94551
1283,100300001202401283,Uttara Kannada,1,2024-08-06,2024,8,2,Night (12AM-6AM),FIR,Non-Heinous,Crimes Against Body,Grievous Hurt,Closed,14.82607,74.79288
1284,100140004202201284,Bidar,4,2022-10-10,2022,10,10,Morning (6AM-12PM),FIR,Non-Heinous,Crimes Against Property,Dacoity,Charge Sheeted,17.86959,77.50911
1285,100270004202301285,Bagalkot,4,2023-01-12,2023,1,7,Morning (6AM-12PM),FIR,Non-Heinous,Narcotics,NDPS Possession,Charge Sheeted,16.23478,75.67535
1286,100020002202501286,Bengaluru Rural,2,2025-10-17,2025,10,0,Night (12AM-6AM),FIR,Non-Heinous,Crimes Against Property,Dacoity,Closed,13.31775,77.5042
1287,100050004202601287,Belagavi,4,2026-07-06,2026,7,8,Morning (6AM-12PM),FIR,Non-Heinous,Public Order,Unlawful Assembly,Closed,15.7989,74.4285
1288,100050003202601288,Belagavi,3,2026-11-24,2026,11,8,Morning (6AM-12PM),PAR,Non-Heinous,Narcotics,NDPS Trafficking,Under Investigation,15.82998,74.41566
1289,100020001202601289,Bengaluru Rural,1,2026-09-13,2026,9,11,Morning (6AM-12PM),FIR,Non-Heinous,Cyber Crime,Phishing,False Case,13.29208,77.57355
1290,100210004202601290,Koppal,4,2026-12-10,2026,12,0,Night (12AM-6AM),FIR,Non-Heinous,Crimes Against Property,Dacoity,Undetected,15.35715,76.13154
1291,100020004202601291,Bengaluru Rural,4,2026-09-09,2026,9,22,Evening (6PM-12AM),FIR,Non-Heinous,Crimes Against Property,Theft,False Case,13.37642,77.46698
1292,100020002202601292,Bengaluru Rural,2,2026-08-23,2026,8,6,Morning (6AM-12PM),FIR,Non-Heinous,Crimes Against Property,Burglary,Undetected,13.31204,77.52138
1293,700050002202601293,Belagavi,2,2026-10-15,2026,10,19,Evening (6PM-12AM),Zero FIR,Non-Heinous,Crimes Against Body,Murder,Closed,15.90539,74.51448
1294,100260004202301294,Chikkaballapur,4,2023-09-07,2023,9,1,Night (12AM-6AM),FIR,Non-Heinous,Cyber Crime,Online Fraud,Closed,13.3678,77.76653
1295,100020002202501295,Bengaluru Rural,2,2025-11-02,2025,11,6,Morning (6AM-12PM),FIR,Non-Heinous,Crimes Against Women,Molestation,Charge Sheeted,13.35303,77.60358
1296,100010001202401296,Bengaluru City,1,2024-01-11,2024,1,20,Evening (6PM-12AM),PAR,Non-Heinous,Economic Offences,Forgery,Undetected,12.98952,77.55367
1297,100130004202601297,Raichur,4,2026-01-26,2026,1,10,Morning (6AM-12PM),FIR,Heinous,Crimes Against Body,Assault,Under Investigation,16.17071,77.39084
1298,100190002202301298,Hassan,2,2023-03-07,2023,3,13,Afternoon (12PM-6PM),FIR,Non-Heinous,Crimes Against Property,Burglary,False Case,13.06673,76.09208
1299,100070001202401299,Hubballi-Dharwad,1,2024-04-01,2024,4,8,Morning (6AM-12PM),FIR,Non-Heinous,Crimes Against Body,Grievous Hurt,Charge Sheeted,15.44263,75.10932
1300,100130001202301300,Raichur,1,2023-10-20,2023,10,13,Afternoon (12PM-6PM),FIR,Non-Heinous,Economic Offences,Criminal Breach of Trust,Under Investigation,16.17113,77.33674
1301,100240002202401301,Kodagu,2,2024-10-17,2024,10,3,Night (12AM-6AM),FIR,Non-Heinous,Crimes Against Property,Burglary,Closed,12.3791,75.75212
1302,100050003202301302,Belagavi,3,2023-05-01,2023,5,0,Night (12AM-6AM),FIR,Non-Heinous,Economic Offences,Cheating,Charge Sheeted,15.85265,74.50066
1303,100010001202301303,Bengaluru City,1,2023-02-16,2023,2,8,Morning (6AM-12PM),FIR,Non-Heinous,Crimes Against Body,Murder,Under Investigation,13.03071,77.62785
1304,100010001202601304,Bengaluru City,1,2026-10-23,2026,10,19,Evening (6PM-12AM),FIR,Non-Heinous,Crimes Against Property,Theft,Under Investigation,12.97095,77.6279
1305,100050001202601305,Belagavi,1,2026-09-25,2026,9,13,Afternoon (12PM-6PM),FIR,Non-Heinous,Crimes Against Body,Attempt to Murder,Charge Sheeted,15.83867,74.50916
1306,100250004202201306,Ramanagara,4,2022-05-05,2022,5,18,Evening (6PM-12AM),FIR,Non-Heinous,Economic Offences,Criminal Breach of Trust,Under Investigation,12.71068,77.31449
1307,100160003202501307,Udupi,3,2025-02-01,2025,2,5,Night (12AM-6AM),FIR,Non-Heinous,Crimes Against Women,Molestation,Charge Sheeted,13.31547,74.77761
1308,100210001202501308,Koppal,1,2025-07-26,2025,7,19,Evening (6PM-12AM),FIR,Non-Heinous,Crimes Against Property,Burglary,Under Investigation,15.45912,76.05517
1309,100100004202501309,Shivamogga,4,2025-08-26,2025,8,6,Morning (6AM-12PM),FIR,Heinous,Crimes Against Body,Murder,Charge Sheeted,13.8588,75.55575
1310,100090004202201310,Tumakuru,4,2022-10-12,2022,10,1,Night (12AM-6AM),FIR,Non-Heinous,Economic Offences,Criminal Breach of Trust,Under Investigation,13.35447,76.99941
1311,700110002202501311,Davanagere,2,2025-03-04,2025,3,23,Evening (6PM-12AM),Zero FIR,Heinous,Crimes Against Body,Attempt to Murder,Undetected,14.43321,75.96209
1312,100250002202501312,Ramanagara,2,2025-06-04,2025,6,18,Evening (6PM-12AM),FIR,Non-Heinous,Crimes Against Property,Burglary,Charge Sheeted,12.86996,77.26876
1313,100100003202301313,Shivamogga,3,2023-04-22,2023,4,17,Afternoon (12PM-6PM),FIR,Heinous,Crimes Against Women,Sexual Assault,False Case,13.93337,75.53077
1314,100280003202601314,Haveri,3,2026-12-22,2026,12,15,Afternoon (12PM-6PM),FIR,Non-Heinous,Crimes Against Property,Theft,Closed,14.80974,75.35717
1315,100220004202601315,Yadgir,4,2026-04-11,2026,4,18,Evening (6PM-12AM),FIR,Non-Heinous,Public Order,Unlawful Assembly,Under Investigation,16.64722,77.12677
1316,100220004202301316,Yadgir,4,2023-12-03,2023,12,5,Night (12AM-6AM),FIR,Non-Heinous,Crimes Against Body,Murder,Under Investigation,16.79349,77.19958
1317,100270004202601317,Bagalkot,4,2026-10-14,2026,10,7,Morning (6AM-12PM),FIR,Heinous,Crimes Against Body,Murder,Closed,16.14447,75.59723
1318,100080003202501318,Ballari,3,2025-12-23,2025,12,8,Morning (6AM-12PM),FIR,Non-Heinous,Crimes Against Body,Assault,Closed,15.13549,76.94939
1319,100130004202301319,Raichur,4,2023-02-26,2023,2,3,Night (12AM-6AM),FIR,Heinous,Crimes Against Women,Sexual Assault,Undetected,16.30357,77.32786
1320,100100001202501320,Shivamogga,1,2025-11-07,2025,11,10,Morning (6AM-12PM),FIR,Non-Heinous,Cyber Crime,Identity Theft,Under Investigation,13.98539,75.52385
1321,700130002202601321,Raichur,2,2026-12-09,2026,12,6,Morning (6AM-12PM),Zero FIR,Non-Heinous,Crimes Against Body,Murder,Closed,16.16899,77.37205
1322,100130002202501322,Raichur,2,2025-10-08,2025,10,8,Morning (6AM-12PM),FIR,Non-Heinous,Crimes Against Property,Theft,Under Investigation,16.17678,77.37343
1323,100190004202401323,Hassan,4,2024-04-20,2024,4,6,Morning (6AM-12PM),PAR,Non-Heinous,Cyber Crime,Cyberstalking,Closed,12.95378,76.08217
1324,700040001202301324,Mangaluru (Dakshina Kannada),1,2023-04-15,2023,4,19,Evening (6PM-12AM),Zero FIR,Non-Heinous,Crimes Against Women,Domestic Violence,Under Investigation,12.93381,74.80025
1325,100020001202301325,Bengaluru Rural,1,2023-03-15,2023,3,6,Morning (6AM-12PM),FIR,Non-Heinous,Economic Offences,Cheating,Under Investigation,13.30536,77.55449
1326,100020003202601326,Bengaluru Rural,3,2026-06-09,2026,6,7,Morning (6AM-12PM),FIR,Non-Heinous,Cyber Crime,Cyberstalking,Under Investigation,13.35523,77.59597
1327,100150002202601327,Chikkamagaluru,2,2026-04-02,2026,4,17,Afternoon (12PM-6PM),FIR,Non-Heinous,Cyber Crime,Online Fraud,Closed,13.26996,75.63878
1328,100280002202601328,Haveri,2,2026-08-12,2026,8,4,Night (12AM-6AM),FIR,Non-Heinous,Public Order,Unlawful Assembly,Charge Sheeted,14.65243,75.41624
1329,100230001202401329,Chamarajanagar,1,2024-04-11,2024,4,23,Evening (6PM-12AM),FIR,Non-Heinous,Crimes Against Property,Burglary,Under Investigation,11.87937,76.91165
1330,400160003202301330,Udupi,3,2023-01-09,2023,1,9,Morning (6AM-12PM),UDR,Non-Heinous,Economic Offences,Criminal Breach of Trust,Charge Sheeted,13.35163,74.71289
1331,100070004202301331,Hubballi-Dharwad,4,2023-05-12,2023,5,3,Night (12AM-6AM),FIR,Non-Heinous,Cyber Crime,Identity Theft,Charge Sheeted,15.33685,75.13051
1332,100040001202501332,Mangaluru (Dakshina Kannada),1,2025-02-14,2025,2,7,Morning (6AM-12PM),FIR,Non-Heinous,Economic Offences,Criminal Breach of Trust,Charge Sheeted,12.87091,74.93816
1333,100190004202601333,Hassan,4,2026-08-25,2026,8,21,Evening (6PM-12AM),FIR,Heinous,Crimes Against Body,Murder,Closed,13.03339,76.07651
1334,100010004202601334,Bengaluru City,4,2026-10-07,2026,10,22,Evening (6PM-12AM),FIR,Non-Heinous,Cyber Crime,Cyberstalking,Charge Sheeted,12.93804,77.53986
1335,700100001202601335,Shivamogga,1,2026-10-27,2026,10,0,Night (12AM-6AM),Zero FIR,Non-Heinous,Crimes Against Property,Robbery,Charge Sheeted,14.00009,75.53616
1336,100020003202201336,Bengaluru Rural,3,2022-04-06,2022,4,15,Afternoon (12PM-6PM),FIR,Non-Heinous,Crimes Against Women,Molestation,Closed,13.17169,77.55098
1337,100070001202401337,Hubballi-Dharwad,1,2024-09-26,2024,9,11,Morning (6AM-12PM),FIR,Heinous,Narcotics,NDPS Possession,Charge Sheeted,15.3566,75.08121
1338,100020002202501338,Bengaluru Rural,2,2025-03-01,2025,3,11,Morning (6AM-12PM),FIR,Non-Heinous,Cyber Crime,Online Fraud,Undetected,13.26598,77.48605
1339,100090003202601339,Tumakuru,3,2026-06-14,2026,6,20,Evening (6PM-12AM),FIR,Non-Heinous,Crimes Against Body,Grievous Hurt,Charge Sheeted,13.21504,77.0639
1340,100240002202501340,Kodagu,2,2025-05-21,2025,5,6,Morning (6AM-12PM),FIR,Non-Heinous,Crimes Against Property,Theft,Closed,12.26817,75.91872
1341,100210001202401341,Koppal,1,2024-11-23,2024,11,1,Night (12AM-6AM),FIR,Non-Heinous,Crimes Against Women,Domestic Violence,Undetected,15.27521,76.15765
1342,100050001202301342,Belagavi,1,2023-05-10,2023,5,3,Night (12AM-6AM),FIR,Non-Heinous,Crimes Against Body,Grievous Hurt,Under Investigation,15.82526,74.47664
1343,100020002202301343,Bengaluru Rural,2,2023-11-21,2023,11,20,Evening (6PM-12AM),FIR,Heinous,Crimes Against Body,Grievous Hurt,Undetected,13.2221,77.64744
1344,100010002202601344,Bengaluru City,2,2026-06-10,2026,6,7,Morning (6AM-12PM),FIR,Non-Heinous,Crimes Against Property,Dacoity,Charge Sheeted,12.96524,77.57352
1345,100120001202401345,Vijayapura,1,2024-12-23,2024,12,14,Afternoon (12PM-6PM),FIR,Non-Heinous,Cyber Crime,Identity Theft,False Case,16.86155,75.75499
1346,100110001202501346,Davanagere,1,2025-11-02,2025,11,16,Afternoon (12PM-6PM),FIR,Non-Heinous,Cyber Crime,Online Fraud,Under Investigation,14.50219,75.94906
1347,100110002202201347,Davanagere,2,2022-05-23,2022,5,10,Morning (6AM-12PM),FIR,Non-Heinous,Crimes Against Body,Grievous Hurt,Closed,14.53223,75.95937
1348,400060004202501348,Kalaburagi,4,2025-01-17,2025,1,2,Night (12AM-6AM),UDR,Non-Heinous,Crimes Against Property,Theft,Closed,17.2873,76.78907
1349,400160002202601349,Udupi,2,2026-05-07,2026,5,10,Morning (6AM-12PM),UDR,Non-Heinous,Crimes Against Property,Dacoity,Undetected,13.37354,74.746
1350,100050003202301350,Belagavi,3,2023-08-20,2023,8,18,Evening (6PM-12AM),FIR,Non-Heinous,Crimes Against Women,Domestic Violence,Closed,15.76333,74.52203
1351,700170002202601351,Kolar,2,2026-01-10,2026,1,12,Afternoon (12PM-6PM),Zero FIR,Non-Heinous,Economic Offences,Forgery,Undetected,13.12265,78.09691
1352,100110002202401352,Davanagere,2,2024-08-17,2024,8,21,Evening (6PM-12AM),FIR,Non-Heinous,Crimes Against Body,Grievous Hurt,Closed,14.63493,76.0148
1353,100080001202501353,Ballari,1,2025-05-27,2025,5,20,Evening (6PM-12AM),FIR,Non-Heinous,Crimes Against Body,Murder,Closed,15.04026,76.9299
1354,100060004202601354,Kalaburagi,4,2026-10-05,2026,10,18,Evening (6PM-12AM),FIR,Non-Heinous,Economic Offences,Cheating,Under Investigation,17.3112,77.00534
1355,400010004202601355,Bengaluru City,4,2026-07-16,2026,7,21,Evening (6PM-12AM),UDR,Non-Heinous,Crimes Against Property,Dacoity,Closed,12.98551,77.59847
1356,100020002202301356,Bengaluru Rural,2,2023-10-05,2023,10,22,Evening (6PM-12AM),FIR,Non-Heinous,Crimes Against Body,Murder,Under Investigation,13.277,77.48116
1357,700230001202201357,Chamarajanagar,1,2022-06-24,2022,6,21,Evening (6PM-12AM),Zero FIR,Non-Heinous,Crimes Against Women,Dowry Harassment,Under Investigation,11.98908,76.93625
1358,100080003202501358,Ballari,3,2025-03-18,2025,3,12,Afternoon (12PM-6PM),FIR,Non-Heinous,Economic Offences,Criminal Breach of Trust,Charge Sheeted,15.07921,76.8784
1359,700020004202301359,Bengaluru Rural,4,2023-09-04,2023,9,10,Morning (6AM-12PM),Zero FIR,Non-Heinous,Crimes Against Body,Grievous Hurt,Charge Sheeted,13.2304,77.45255
1360,100240003202301360,Kodagu,3,2023-05-06,2023,5,10,Morning (6AM-12PM),FIR,Non-Heinous,Crimes Against Women,Sexual Assault,Under Investigation,12.25698,75.88385
1361,400120001202601361,Vijayapura,1,2026-05-13,2026,5,13,Afternoon (12PM-6PM),UDR,Non-Heinous,Crimes Against Property,Robbery,Under Investigation,16.76886,75.76866
1362,100230001202201362,Chamarajanagar,1,2022-11-22,2022,11,5,Night (12AM-6AM),FIR,Non-Heinous,Public Order,Rioting,False Case,11.94191,76.87807
1363,100230004202201363,Chamarajanagar,4,2022-02-09,2022,2,19,Evening (6PM-12AM),FIR,Non-Heinous,Crimes Against Body,Attempt to Murder,Under Investigation,11.96267,76.8815
1364,700290001202601364,Gadag,1,2026-04-25,2026,4,20,Evening (6PM-12AM),Zero FIR,Heinous,Narcotics,NDPS Trafficking,Charge Sheeted,15.50665,75.695
1365,700190001202501365,Hassan,1,2025-07-13,2025,7,12,Afternoon (12PM-6PM),Zero FIR,Non-Heinous,Crimes Against Property,Theft,Under Investigation,13.03808,76.13425
1366,100010001202401366,Bengaluru City,1,2024-09-05,2024,9,10,Morning (6AM-12PM),FIR,Non-Heinous,Crimes Against Property,Theft,Undetected,13.02897,77.53164
1367,700270004202301367,Bagalkot,4,2023-01-13,2023,1,23,Evening (6PM-12AM),Zero FIR,Non-Heinous,Crimes Against Property,Robbery,Under Investigation,16.1242,75.73251
1368,100050002202601368,Belagavi,2,2026-03-11,2026,3,7,Morning (6AM-12PM),FIR,Non-Heinous,Cyber Crime,Cyberstalking,Under Investigation,15.77561,74.60618
1369,100150001202601369,Chikkamagaluru,1,2026-11-12,2026,11,22,Evening (6PM-12AM),FIR,Non-Heinous,Cyber Crime,Phishing,Under Investigation,13.29398,75.8416
1370,100050003202401370,Belagavi,3,2024-12-09,2024,12,10,Morning (6AM-12PM),FIR,Non-Heinous,Crimes Against Property,Robbery,Charge Sheeted,15.77023,74.56474
1371,100140001202201371,Bidar,1,2022-09-22,2022,9,1,Night (12AM-6AM),FIR,Non-Heinous,Crimes Against Women,Domestic Violence,False Case,17.84434,77.45339
1372,100050001202301372,Belagavi,1,2023-06-09,2023,6,14,Afternoon (12PM-6PM),FIR,Non-Heinous,Crimes Against Body,Murder,False Case,15.86711,74.4617
1373,100290001202601373,Gadag,1,2026-04-04,2026,4,11,Morning (6AM-12PM),FIR,Non-Heinous,Crimes Against Women,Molestation,Under Investigation,15.37619,75.54863
1374,100030001202601374,Mysuru,1,2026-08-22,2026,8,3,Night (12AM-6AM),FIR,Non-Heinous,Cyber Crime,Phishing,False Case,12.18191,76.7256
1375,100130002202401375,Raichur,2,2024-07-04,2024,7,15,Afternoon (12PM-6PM),FIR,Non-Heinous,Crimes Against Property,Theft,Charge Sheeted,16.19004,77.39028
1376,100050003202501376,Belagavi,3,2025-01-18,2025,1,20,Evening (6PM-12AM),FIR,Non-Heinous,Narcotics,NDPS Possession,Under Investigation,15.8863,74.54355
1377,700290003202501377,Gadag,3,2025-10-08,2025,10,14,Afternoon (12PM-6PM),Zero FIR,Heinous,Crimes Against Body,Attempt to Murder,Under Investigation,15.37121,75.68545
1378,100040004202201378,Mangaluru (Dakshina Kannada),4,2022-08-24,2022,8,13,Afternoon (12PM-6PM),FIR,Non-Heinous,Narcotics,NDPS Trafficking,Charge Sheeted,12.87166,74.76508
1379,100230001202301379,Chamarajanagar,1,2023-08-17,2023,8,22,Evening (6PM-12AM),FIR,Heinous,Crimes Against Body,Assault,Under Investigation,11.9578,76.85338
1380,100020001202301380,Bengaluru Rural,1,2023-06-14,2023,6,5,Night (12AM-6AM),FIR,Non-Heinous,Crimes Against Body,Assault,Charge Sheeted,13.28701,77.56552
1381,100070002202401381,Hubballi-Dharwad,2,2024-07-10,2024,7,8,Morning (6AM-12PM),FIR,Non-Heinous,Crimes Against Property,Burglary,Charge Sheeted,15.29673,75.20035
1382,100180003202401382,Mandya,3,2024-09-16,2024,9,19,Evening (6PM-12AM),FIR,Heinous,Crimes Against Body,Assault,Closed,12.52631,76.91506
1383,100110001202501383,Davanagere,1,2025-10-03,2025,10,16,Afternoon (12PM-6PM),FIR,Non-Heinous,Crimes Against Women,Molestation,Under Investigation,14.39611,75.93392
1384,100230003202401384,Chamarajanagar,3,2024-10-10,2024,10,19,Evening (6PM-12AM),PAR,Heinous,Crimes Against Women,Dowry Harassment,Charge Sheeted,11.93714,76.98036
1385,100250001202201385,Ramanagara,1,2022-09-10,2022,9,9,Morning (6AM-12PM),FIR,Non-Heinous,Crimes Against Women,Domestic Violence,Under Investigation,12.74514,77.27241
1386,100130004202501386,Raichur,4,2025-12-26,2025,12,10,Morning (6AM-12PM),FIR,Non-Heinous,Narcotics,NDPS Possession,Undetected,16.1662,77.38116
1387,100040001202201387,Mangaluru (Dakshina Kannada),1,2022-12-19,2022,12,23,Evening (6PM-12AM),FIR,Heinous,Crimes Against Body,Murder,Closed,13.00391,74.89922
1388,100160004202401388,Udupi,4,2024-01-20,2024,1,2,Night (12AM-6AM),FIR,Non-Heinous,Cyber Crime,Identity Theft,Closed,13.27308,74.7209
1389,100050001202301389,Belagavi,1,2023-10-06,2023,10,18,Evening (6PM-12AM),FIR,Non-Heinous,Cyber Crime,Online Fraud,Under Investigation,15.86473,74.48623
1390,400210001202501390,Koppal,1,2025-04-01,2025,4,13,Afternoon (12PM-6PM),UDR,Non-Heinous,Cyber Crime,Phishing,Under Investigation,15.29012,76.07551
1391,100250001202401391,Ramanagara,1,2024-11-11,2024,11,9,Morning (6AM-12PM),FIR,Non-Heinous,Crimes Against Property,Burglary,Under Investigation,12.71107,77.24372
1392,100070002202201392,Hubballi-Dharwad,2,2022-06-24,2022,6,12,Afternoon (12PM-6PM),FIR,Non-Heinous,Cyber Crime,Cyberstalking,Under Investigation,15.30449,75.09933
1393,100170002202601393,Kolar,2,2026-05-07,2026,5,17,Afternoon (12PM-6PM),FIR,Non-Heinous,Crimes Against Property,Theft,Closed,13.1676,78.14879
1394,100150002202301394,Chikkamagaluru,2,2023-09-16,2023,9,23,Evening (6PM-12AM),FIR,Non-Heinous,Cyber Crime,Online Fraud,Charge Sheeted,13.37676,75.80279
1395,400040003202201395,Mangaluru (Dakshina Kannada),3,2022-11-02,2022,11,21,Evening (6PM-12AM),UDR,Non-Heinous,Crimes Against Body,Attempt to Murder,Under Investigation,12.9206,74.74144
1396,100010001202401396,Bengaluru City,1,2024-04-10,2024,4,11,Morning (6AM-12PM),FIR,Non-Heinous,Crimes Against Women,Dowry Harassment,Charge Sheeted,12.9393,77.54479
1397,100140004202201397,Bidar,4,2022-02-01,2022,2,8,Morning (6AM-12PM),FIR,Non-Heinous,Public Order,Rioting,Undetected,17.99395,77.51731
1398,100020003202401398,Bengaluru Rural,3,2024-09-12,2024,9,4,Night (12AM-6AM),FIR,Heinous,Crimes Against Body,Murder,Closed,13.34961,77.65632
1399,100140004202301399,Bidar,4,2023-07-01,2023,7,23,Evening (6PM-12AM),FIR,Non-Heinous,Crimes Against Body,Attempt to Murder,Charge Sheeted,17.74675,77.48325
1400,100170003202501400,Kolar,3,2025-04-03,2025,4,18,Evening (6PM-12AM),FIR,Non-Heinous,Public Order,Rioting,Undetected,12.99555,78.16545
1401,100170002202301401,Kolar,2,2023-02-23,2023,2,15,Afternoon (12PM-6PM),FIR,Non-Heinous,Crimes Against Body,Attempt to Murder,Closed,13.11093,78.09923
1402,100090003202601402,Tumakuru,3,2026-11-03,2026,11,3,Night (12AM-6AM),FIR,Heinous,Crimes Against Body,Grievous Hurt,Closed,13.38449,77.15244
1403,100230003202401403,Chamarajanagar,3,2024-06-01,2024,6,2,Night (12AM-6AM),FIR,Non-Heinous,Crimes Against Women,Sexual Assault,False Case,11.92637,76.89806
1404,100290002202601404,Gadag,2,2026-01-26,2026,1,17,Afternoon (12PM-6PM),FIR,Non-Heinous,Economic Offences,Cheating,Closed,15.51967,75.66237
1405,100240003202601405,Kodagu,3,2026-07-17,2026,7,2,Night (12AM-6AM),FIR,Heinous,Crimes Against Body,Grievous Hurt,Closed,12.3138,75.80115
1406,100050003202601406,Belagavi,3,2026-05-14,2026,5,13,Afternoon (12PM-6PM),FIR,Non-Heinous,Crimes Against Property,Theft,Charge Sheeted,15.86606,74.56747
1407,100020002202401407,Bengaluru Rural,2,2024-04-20,2024,4,21,Evening (6PM-12AM),FIR,Non-Heinous,Cyber Crime,Identity Theft,Charge Sheeted,13.36065,77.52212
1408,100130002202501408,Raichur,2,2025-12-08,2025,12,10,Morning (6AM-12PM),FIR,Non-Heinous,Crimes Against Women,Molestation,Charge Sheeted,16.26597,77.35906
1409,100260003202301409,Chikkaballapur,3,2023-05-15,2023,5,12,Afternoon (12PM-6PM),PAR,Non-Heinous,Crimes Against Property,Dacoity,Charge Sheeted,13.42957,77.75779
1410,100040001202501410,Mangaluru (Dakshina Kannada),1,2025-08-04,2025,8,2,Night (12AM-6AM),FIR,Non-Heinous,Cyber Crime,Phishing,Under Investigation,12.96572,74.84323
1411,100110001202601411,Davanagere,1,2026-01-02,2026,1,12,Afternoon (12PM-6PM),FIR,Heinous,Crimes Against Body,Murder,Under Investigation,14.46008,75.97096
1412,100110004202501412,Davanagere,4,2025-09-21,2025,9,0,Night (12AM-6AM),FIR,Non-Heinous,Economic Offences,Cheating,Under Investigation,14.4584,75.92352
1413,100010001202201413,Bengaluru City,1,2022-01-05,2022,1,17,Afternoon (12PM-6PM),FIR,Non-Heinous,Crimes Against Women,Dowry Harassment,Under Investigation,12.96209,77.60611
1414,100060002202401414,Kalaburagi,2,2024-12-27,2024,12,11,Morning (6AM-12PM),FIR,Non-Heinous,Crimes Against Women,Dowry Harassment,Under Investigation,17.31199,76.9557
1415,100240001202501415,Kodagu,1,2025-10-19,2025,10,4,Night (12AM-6AM),FIR,Non-Heinous,Economic Offences,Criminal Breach of Trust,Under Investigation,12.32679,75.85877
1416,100050001202601416,Belagavi,1,2026-08-10,2026,8,17,Afternoon (12PM-6PM),FIR,Non-Heinous,Cyber Crime,Cyberstalking,False Case,15.92555,74.52417
1417,100040004202401417,Mangaluru (Dakshina Kannada),4,2024-06-23,2024,6,21,Evening (6PM-12AM),FIR,Non-Heinous,Crimes Against Body,Murder,Charge Sheeted,12.96025,74.87499
1418,100110004202401418,Davanagere,4,2024-12-08,2024,12,18,Evening (6PM-12AM),FIR,Non-Heinous,Economic Offences,Forgery,Undetected,14.36443,75.78478
1419,100090003202601419,Tumakuru,3,2026-10-08,2026,10,9,Morning (6AM-12PM),FIR,Non-Heinous,Crimes Against Body,Attempt to Murder,False Case,13.36452,76.99869
1420,400110004202301420,Davanagere,4,2023-05-22,2023,5,13,Afternoon (12PM-6PM),UDR,Non-Heinous,Crimes Against Body,Attempt to Murder,Under Investigation,14.45381,75.87254
1421,100030003202501421,Mysuru,3,2025-05-07,2025,5,7,Morning (6AM-12PM),FIR,Non-Heinous,Crimes Against Body,Murder,Closed,12.28424,76.62551
1422,700140003202601422,Bidar,3,2026-10-04,2026,10,19,Evening (6PM-12AM),Zero FIR,Non-Heinous,Economic Offences,Forgery,Under Investigation,17.8668,77.44204
1423,100140001202401423,Bidar,1,2024-12-22,2024,12,15,Afternoon (12PM-6PM),FIR,Non-Heinous,Crimes Against Women,Molestation,Closed,17.88934,77.56086
1424,100110004202401424,Davanagere,4,2024-08-10,2024,8,21,Evening (6PM-12AM),FIR,Non-Heinous,Narcotics,NDPS Possession,Closed,14.41521,75.73755
1425,100030004202501425,Mysuru,4,2025-10-11,2025,10,1,Night (12AM-6AM),FIR,Heinous,Narcotics,NDPS Trafficking,Under Investigation,12.27483,76.68678
1426,700110003202501426,Davanagere,3,2025-08-16,2025,8,0,Night (12AM-6AM),Zero FIR,Non-Heinous,Crimes Against Property,Robbery,Charge Sheeted,14.45522,75.9281
1427,100130004202401427,Raichur,4,2024-05-19,2024,5,15,Afternoon (12PM-6PM),FIR,Heinous,Crimes Against Women,Sexual Assault,Charge Sheeted,16.21627,77.28282
1428,100200004202401428,Chitradurga,4,2024-02-16,2024,2,19,Evening (6PM-12AM),FIR,Non-Heinous,Crimes Against Property,Robbery,False Case,14.22715,76.4875
1429,100220002202601429,Yadgir,2,2026-12-18,2026,12,15,Afternoon (12PM-6PM),PAR,Non-Heinous,Crimes Against Property,Theft,Charge Sheeted,16.614,77.03645
1430,100280003202601430,Haveri,3,2026-03-21,2026,3,12,Afternoon (12PM-6PM),FIR,Heinous,Crimes Against Women,Domestic Violence,Under Investigation,14.78023,75.38398
1431,100160002202501431,Udupi,2,2025-10-03,2025,10,7,Morning (6AM-12PM),FIR,Non-Heinous,Crimes Against Body,Attempt to Murder,Closed,13.37255,74.79899
1432,100150004202201432,Chikkamagaluru,4,2022-06-06,2022,6,4,Night (12AM-6AM),FIR,Heinous,Crimes Against Body,Attempt to Murder,Charge Sheeted,13.34748,75.80786
1433,100240003202301433,Kodagu,3,2023-12-21,2023,12,8,Morning (6AM-12PM),FIR,Non-Heinous,Crimes Against Women,Domestic Violence,Undetected,12.41354,75.89711
1434,100030002202601434,Mysuru,2,2026-02-17,2026,2,0,Night (12AM-6AM),FIR,Non-Heinous,Crimes Against Property,Theft,False Case,12.30712,76.66355
1435,100210003202601435,Koppal,3,2026-11-04,2026,11,21,Evening (6PM-12AM),FIR,Non-Heinous,Cyber Crime,Identity Theft,Closed,15.32865,76.13713
1436,100230003202201436,Chamarajanagar,3,2022-05-24,2022,5,11,Morning (6AM-12PM),FIR,Non-Heinous,Crimes Against Body,Grievous Hurt,Closed,11.98795,76.99675
1437,100140003202501437,Bidar,3,2025-02-10,2025,2,23,Evening (6PM-12AM),FIR,Non-Heinous,Crimes Against Body,Attempt to Murder,Charge Sheeted,18.00776,77.53069
1438,100050003202401438,Belagavi,3,2024-09-16,2024,9,9,Morning (6AM-12PM),FIR,Non-Heinous,Cyber Crime,Cyberstalking,Charge Sheeted,15.75695,74.55758
1439,100170001202601439,Kolar,1,2026-07-11,2026,7,18,Evening (6PM-12AM),FIR,Non-Heinous,Cyber Crime,Online Fraud,Under Investigation,13.21822,78.08869
1440,100290004202601440,Gadag,4,2026-01-01,2026,1,9,Morning (6AM-12PM),FIR,Heinous,Narcotics,NDPS Trafficking,Undetected,15.43495,75.67631
1441,100090002202601441,Tumakuru,2,2026-04-11,2026,4,14,Afternoon (12PM-6PM),PAR,Non-Heinous,Crimes Against Women,Dowry Harassment,Charge Sheeted,13.35153,77.06884
1442,100100001202601442,Shivamogga,1,2026-11-18,2026,11,21,Evening (6PM-12AM),FIR,Non-Heinous,Economic Offences,Cheating,Closed,13.90436,75.54841
1443,100230001202401443,Chamarajanagar,1,2024-10-19,2024,10,12,Afternoon (12PM-6PM),FIR,Heinous,Crimes Against Body,Assault,Under Investigation,11.98896,76.95986
1444,100090002202401444,Tumakuru,2,2024-12-05,2024,12,2,Night (12AM-6AM),FIR,Non-Heinous,Crimes Against Property,Theft,Closed,13.37084,77.09761
1445,100050004202501445,Belagavi,4,2025-02-26,2025,2,13,Afternoon (12PM-6PM),FIR,Heinous,Crimes Against Women,Sexual Assault,Undetected,15.83781,74.68434
1446,100240003202601446,Kodagu,3,2026-01-20,2026,1,0,Night (12AM-6AM),FIR,Heinous,Crimes Against Body,Murder,Charge Sheeted,12.33355,75.78886
1447,100030003202601447,Mysuru,3,2026-04-19,2026,4,8,Morning (6AM-12PM),FIR,Heinous,Crimes Against Body,Grievous Hurt,False Case,12.26579,76.69767
1448,100050003202501448,Belagavi,3,2025-07-15,2025,7,17,Afternoon (12PM-6PM),FIR,Non-Heinous,Crimes Against Property,Theft,Charge Sheeted,15.87024,74.50778
1449,100050004202301449,Belagavi,4,2023-04-15,2023,4,23,Evening (6PM-12AM),FIR,Non-Heinous,Crimes Against Property,Theft,Under Investigation,15.86793,74.44149
1450,100020004202201450,Bengaluru Rural,4,2022-07-14,2022,7,11,Morning (6AM-12PM),FIR,Non-Heinous,Crimes Against Property,Robbery,Undetected,13.24986,77.55613
1451,100110002202401451,Davanagere,2,2024-03-06,2024,3,2,Night (12AM-6AM),FIR,Non-Heinous,Crimes Against Property,Theft,Under Investigation,14.47074,75.93752
1452,100010003202201452,Bengaluru City,3,2022-11-23,2022,11,17,Afternoon (12PM-6PM),FIR,Non-Heinous,Economic Offences,Cheating,Charge Sheeted,12.96751,77.59685
1453,100120004202401453,Vijayapura,4,2024-08-25,2024,8,23,Evening (6PM-12AM),FIR,Non-Heinous,Crimes Against Property,Burglary,Charge Sheeted,16.81773,75.75203
1454,100110004202501454,Davanagere,4,2025-08-24,2025,8,6,Morning (6AM-12PM),PAR,Heinous,Crimes Against Women,Sexual Assault,False Case,14.46671,75.93486
1455,100110002202601455,Davanagere,2,2026-11-22,2026,11,11,Morning (6AM-12PM),FIR,Non-Heinous,Crimes Against Property,Dacoity,Charge Sheeted,14.58125,75.86671
1456,100050004202401456,Belagavi,4,2024-06-10,2024,6,11,Morning (6AM-12PM),FIR,Non-Heinous,Crimes Against Property,Burglary,Closed,15.89458,74.54663
1457,700180002202301457,Mandya,2,2023-11-07,2023,11,17,Afternoon (12PM-6PM),Zero FIR,Non-Heinous,Economic Offences,Criminal Breach of Trust,Charge Sheeted,12.51673,76.86484
1458,100250003202501458,Ramanagara,3,2025-08-19,2025,8,12,Afternoon (12PM-6PM),FIR,Non-Heinous,Economic Offences,Cheating,Closed,12.65587,77.28143
1459,400230002202501459,Chamarajanagar,2,2025-04-16,2025,4,17,Afternoon (12PM-6PM),UDR,Non-Heinous,Crimes Against Property,Robbery,False Case,11.89153,76.85994
1460,100240002202201460,Kodagu,2,2022-07-22,2022,7,2,Night (12AM-6AM),PAR,Non-Heinous,Cyber Crime,Identity Theft,Charge Sheeted,12.34372,75.75334
1461,100050003202201461,Belagavi,3,2022-06-12,2022,6,1,Night (12AM-6AM),FIR,Heinous,Crimes Against Women,Molestation,Under Investigation,15.91163,74.51283
1462,100030002202501462,Mysuru,2,2025-02-05,2025,2,1,Night (12AM-6AM),FIR,Non-Heinous,Economic Offences,Criminal Breach of Trust,Charge Sheeted,12.14141,76.63953
1463,700010002202601463,Bengaluru City,2,2026-07-27,2026,7,15,Afternoon (12PM-6PM),Zero FIR,Non-Heinous,Crimes Against Property,Dacoity,Closed,12.95015,77.59263
1464,100250004202501464,Ramanagara,4,2025-10-26,2025,10,10,Morning (6AM-12PM),FIR,Non-Heinous,Crimes Against Body,Murder,Under Investigation,12.70286,77.28948
1465,100220001202401465,Yadgir,1,2024-07-03,2024,7,18,Evening (6PM-12AM),PAR,Non-Heinous,Economic Offences,Criminal Breach of Trust,Under Investigation,16.84159,77.16023
1466,400230002202601466,Chamarajanagar,2,2026-11-09,2026,11,23,Evening (6PM-12AM),UDR,Heinous,Crimes Against Body,Grievous Hurt,Closed,11.9805,76.93608
1467,100110002202301467,Davanagere,2,2023-04-22,2023,4,5,Night (12AM-6AM),FIR,Non-Heinous,Crimes Against Property,Burglary,Charge Sheeted,14.38269,75.85722
1468,100050003202301468,Belagavi,3,2023-12-12,2023,12,14,Afternoon (12PM-6PM),PAR,Heinous,Crimes Against Women,Domestic Violence,Under Investigation,15.98186,74.52238
1469,100160004202401469,Udupi,4,2024-07-04,2024,7,2,Night (12AM-6AM),FIR,Non-Heinous,Crimes Against Property,Dacoity,Charge Sheeted,13.32389,74.69674
1470,400050002202301470,Belagavi,2,2023-07-24,2023,7,7,Morning (6AM-12PM),UDR,Non-Heinous,Crimes Against Property,Theft,Under Investigation,15.84772,74.49302
1471,100090001202401471,Tumakuru,1,2024-04-16,2024,4,1,Night (12AM-6AM),FIR,Non-Heinous,Crimes Against Property,Burglary,Charge Sheeted,13.26276,77.16056
1472,100280004202401472,Haveri,4,2024-01-02,2024,1,7,Morning (6AM-12PM),FIR,Non-Heinous,Crimes Against Body,Grievous Hurt,Charge Sheeted,14.73179,75.30484
1473,100190004202301473,Hassan,4,2023-06-20,2023,6,14,Afternoon (12PM-6PM),FIR,Heinous,Crimes Against Body,Attempt to Murder,False Case,12.99193,76.02514
1474,100190003202601474,Hassan,3,2026-04-21,2026,4,7,Morning (6AM-12PM),FIR,Non-Heinous,Crimes Against Body,Attempt to Murder,Under Investigation,13.0716,76.12928
1475,100230003202501475,Chamarajanagar,3,2025-07-22,2025,7,6,Morning (6AM-12PM),FIR,Non-Heinous,Narcotics,NDPS Possession,Charge Sheeted,11.95599,77.03009
1476,100080001202201476,Ballari,1,2022-11-07,2022,11,10,Morning (6AM-12PM),FIR,Non-Heinous,Economic Offences,Criminal Breach of Trust,Under Investigation,15.23928,77.00213
1477,100190001202201477,Hassan,1,2022-04-03,2022,4,14,Afternoon (12PM-6PM),FIR,Non-Heinous,Economic Offences,Forgery,Under Investigation,12.96286,76.12919
1478,100130002202401478,Raichur,2,2024-10-25,2024,10,16,Afternoon (12PM-6PM),FIR,Non-Heinous,Crimes Against Women,Domestic Violence,Charge Sheeted,16.16703,77.352
1479,400040004202601479,Mangaluru (Dakshina Kannada),4,2026-07-10,2026,7,16,Afternoon (12PM-6PM),UDR,Non-Heinous,Cyber Crime,Online Fraud,Closed,12.97757,75.00129
1480,100240003202201480,Kodagu,3,2022-07-05,2022,7,5,Night (12AM-6AM),FIR,Non-Heinous,Crimes Against Property,Robbery,False Case,12.27428,75.78287
1481,100090001202401481,Tumakuru,1,2024-01-25,2024,1,9,Morning (6AM-12PM),PAR,Non-Heinous,Crimes Against Body,Murder,Closed,13.35736,77.09989
1482,100020002202501482,Bengaluru Rural,2,2025-03-21,2025,3,7,Morning (6AM-12PM),FIR,Non-Heinous,Crimes Against Body,Grievous Hurt,Closed,13.41966,77.50362
1483,100020002202401483,Bengaluru Rural,2,2024-09-09,2024,9,9,Morning (6AM-12PM),FIR,Non-Heinous,Crimes Against Body,Murder,Closed,13.26909,77.56832
1484,100130004202501484,Raichur,4,2025-12-16,2025,12,15,Afternoon (12PM-6PM),FIR,Heinous,Crimes Against Body,Assault,Charge Sheeted,16.18669,77.40393
1485,100100001202401485,Shivamogga,1,2024-08-13,2024,8,21,Evening (6PM-12AM),FIR,Heinous,Crimes Against Women,Molestation,Undetected,13.85862,75.60453
1486,100230004202301486,Chamarajanagar,4,2023-04-26,2023,4,23,Evening (6PM-12AM),FIR,Non-Heinous,Crimes Against Property,Burglary,Under Investigation,11.82629,76.8761
1487,700160001202401487,Udupi,1,2024-06-16,2024,6,21,Evening (6PM-12AM),Zero FIR,Heinous,Narcotics,NDPS Trafficking,Closed,13.32817,74.63516
1488,100070004202301488,Hubballi-Dharwad,4,2023-06-15,2023,6,11,Morning (6AM-12PM),FIR,Non-Heinous,Crimes Against Property,Robbery,False Case,15.3389,75.06007
1489,100190002202601489,Hassan,2,2026-09-15,2026,9,18,Evening (6PM-12AM),FIR,Heinous,Crimes Against Body,Attempt to Murder,Closed,13.00083,76.13161
1490,100040004202301490,Mangaluru (Dakshina Kannada),4,2023-03-19,2023,3,6,Morning (6AM-12PM),PAR,Non-Heinous,Crimes Against Property,Burglary,Closed,12.93784,74.8364
1491,100050001202301491,Belagavi,1,2023-11-17,2023,11,23,Evening (6PM-12AM),FIR,Non-Heinous,Crimes Against Property,Burglary,False Case,15.95781,74.54823
1492,100010002202201492,Bengaluru City,2,2022-12-08,2022,12,5,Night (12AM-6AM),FIR,Non-Heinous,Crimes Against Property,Dacoity,Under Investigation,12.94812,77.51409
1493,700010001202501493,Bengaluru City,1,2025-04-14,2025,4,9,Morning (6AM-12PM),Zero FIR,Non-Heinous,Economic Offences,Forgery,Closed,12.98058,77.59
1494,100110001202301494,Davanagere,1,2023-10-13,2023,10,15,Afternoon (12PM-6PM),PAR,Non-Heinous,Crimes Against Property,Dacoity,Under Investigation,14.48364,75.95167
1495,100260001202501495,Chikkaballapur,1,2025-12-26,2025,12,12,Afternoon (12PM-6PM),FIR,Non-Heinous,Crimes Against Property,Theft,Under Investigation,13.50446,77.69964
1496,100100001202601496,Shivamogga,1,2026-04-25,2026,4,13,Afternoon (12PM-6PM),FIR,Non-Heinous,Crimes Against Women,Dowry Harassment,Under Investigation,13.86633,75.54324
1497,100190002202601497,Hassan,2,2026-12-01,2026,12,23,Evening (6PM-12AM),FIR,Non-Heinous,Crimes Against Property,Dacoity,Closed,12.91801,76.13071
1498,100020002202601498,Bengaluru Rural,2,2026-02-01,2026,2,12,Afternoon (12PM-6PM),FIR,Non-Heinous,Crimes Against Property,Robbery,Closed,13.33923,77.55907
1499,100220004202501499,Yadgir,4,2025-02-03,2025,2,13,Afternoon (12PM-6PM),FIR,Non-Heinous,Cyber Crime,Identity Theft,Closed,16.84425,77.15471
1500,100030003202401500,Mysuru,3,2024-02-15,2024,2,12,Afternoon (12PM-6PM),PAR,Heinous,Crimes Against Women,Sexual Assault,Under Investigation,12.31139,76.67396
1501,100100002202601501,Shivamogga,2,2026-11-22,2026,11,15,Afternoon (12PM-6PM),FIR,Heinous,Crimes Against Body,Murder,Under Investigation,13.9779,75.5982
1502,100010004202301502,Bengaluru City,4,2023-03-20,2023,3,13,Afternoon (12PM-6PM),FIR,Non-Heinous,Crimes Against Body,Assault,Under Investigation,13.00457,77.56663
1503,100080001202501503,Ballari,1,2025-05-24,2025,5,12,Afternoon (12PM-6PM),FIR,Non-Heinous,Cyber Crime,Phishing,False Case,15.16978,76.99195
1504,100190001202601504,Hassan,1,2026-06-08,2026,6,13,Afternoon (12PM-6PM),FIR,Non-Heinous,Economic Offences,Criminal Breach of Trust,Under Investigation,12.88279,76.03088
1505,100230002202301505,Chamarajanagar,2,2023-03-24,2023,3,7,Morning (6AM-12PM),FIR,Non-Heinous,Crimes Against Body,Attempt to Murder,Closed,11.81007,77.06591
1506,100080001202301506,Ballari,1,2023-02-03,2023,2,15,Afternoon (12PM-6PM),FIR,Non-Heinous,Crimes Against Property,Burglary,Undetected,15.20102,76.97682
1507,100110003202601507,Davanagere,3,2026-04-16,2026,4,21,Evening (6PM-12AM),FIR,Non-Heinous,Crimes Against Women,Domestic Violence,Under Investigation,14.53077,75.90197
1508,100290002202601508,Gadag,2,2026-01-08,2026,1,10,Morning (6AM-12PM),FIR,Heinous,Crimes Against Women,Sexual Assault,Under Investigation,15.39926,75.59105
1509,100170001202601509,Kolar,1,2026-01-21,2026,1,3,Night (12AM-6AM),FIR,Heinous,Crimes Against Body,Murder,Under Investigation,13.09483,78.07699
1510,400210001202501510,Koppal,1,2025-09-19,2025,9,11,Morning (6AM-12PM),UDR,Heinous,Crimes Against Women,Domestic Violence,Undetected,15.31267,76.05117
1511,100050002202201511,Belagavi,2,2022-10-04,2022,10,19,Evening (6PM-12AM),FIR,Non-Heinous,Crimes Against Body,Assault,Undetected,15.77812,74.56131
1512,100120003202601512,Vijayapura,3,2026-12-04,2026,12,0,Night (12AM-6AM),PAR,Non-Heinous,Cyber Crime,Phishing,False Case,16.74462,75.64676
1513,100230004202401513,Chamarajanagar,4,2024-11-01,2024,11,12,Afternoon (12PM-6PM),FIR,Non-Heinous,Crimes Against Property,Theft,Under Investigation,11.90791,77.00095
1514,700250002202501514,Ramanagara,2,2025-07-05,2025,7,8,Morning (6AM-12PM),Zero FIR,Non-Heinous,Crimes Against Property,Robbery,Charge Sheeted,12.79282,77.20233
1515,100270001202301515,Bagalkot,1,2023-05-19,2023,5,23,Evening (6PM-12AM),FIR,Non-Heinous,Crimes Against Body,Murder,Charge Sheeted,16.15405,75.62344
1516,100280004202601516,Haveri,4,2026-10-18,2026,10,12,Afternoon (12PM-6PM),FIR,Heinous,Crimes Against Body,Grievous Hurt,Closed,14.8757,75.27907
1517,100050001202301517,Belagavi,1,2023-07-11,2023,7,0,Night (12AM-6AM),FIR,Heinous,Crimes Against Women,Dowry Harassment,Charge Sheeted,15.92835,74.45006
1518,100110004202301518,Davanagere,4,2023-11-05,2023,11,0,Night (12AM-6AM),FIR,Non-Heinous,Economic Offences,Forgery,Under Investigation,14.48137,76.03278
1519,100100004202501519,Shivamogga,4,2025-01-20,2025,1,14,Afternoon (12PM-6PM),FIR,Non-Heinous,Crimes Against Body,Murder,Closed,14.07063,75.63976
1520,100020004202201520,Bengaluru Rural,4,2022-08-06,2022,8,22,Evening (6PM-12AM),FIR,Non-Heinous,Crimes Against Property,Dacoity,Under Investigation,13.29531,77.60751
1521,100050003202401521,Belagavi,3,2024-10-18,2024,10,14,Afternoon (12PM-6PM),FIR,Heinous,Crimes Against Women,Sexual Assault,Charge Sheeted,15.81532,74.55147
1522,100090003202601522,Tumakuru,3,2026-11-23,2026,11,5,Night (12AM-6AM),FIR,Heinous,Crimes Against Women,Dowry Harassment,Under Investigation,13.24078,77.07503
1523,100230003202201523,Chamarajanagar,3,2022-05-07,2022,5,5,Night (12AM-6AM),FIR,Heinous,Narcotics,NDPS Possession,Charge Sheeted,11.9646,76.99786
1524,100230001202301524,Chamarajanagar,1,2023-12-11,2023,12,20,Evening (6PM-12AM),FIR,Non-Heinous,Crimes Against Property,Theft,Under Investigation,11.84447,76.83032
1525,700100001202601525,Shivamogga,1,2026-10-26,2026,10,0,Night (12AM-6AM),Zero FIR,Non-Heinous,Cyber Crime,Online Fraud,Charge Sheeted,13.86165,75.56637
1526,100010003202601526,Bengaluru City,3,2026-02-15,2026,2,16,Afternoon (12PM-6PM),FIR,Non-Heinous,Cyber Crime,Cyberstalking,Charge Sheeted,12.88051,77.62053
1527,100020003202301527,Bengaluru Rural,3,2023-04-06,2023,4,14,Afternoon (12PM-6PM),FIR,Non-Heinous,Crimes Against Property,Theft,Under Investigation,13.16494,77.52275
1528,100040004202401528,Mangaluru (Dakshina Kannada),4,2024-10-14,2024,10,19,Evening (6PM-12AM),FIR,Non-Heinous,Cyber Crime,Cyberstalking,Charge Sheeted,12.86047,74.79664
1529,100190002202601529,Hassan,2,2026-11-20,2026,11,21,Evening (6PM-12AM),FIR,Non-Heinous,Economic Offences,Criminal Breach of Trust,Under Investigation,12.97738,76.03277
1530,100240003202401530,Kodagu,3,2024-10-17,2024,10,14,Afternoon (12PM-6PM),FIR,Non-Heinous,Crimes Against Property,Robbery,Charge Sheeted,12.2333,75.77803
1531,100020001202301531,Bengaluru Rural,1,2023-05-04,2023,5,14,Afternoon (12PM-6PM),FIR,Non-Heinous,Crimes Against Property,Dacoity,Under Investigation,13.38019,77.50798
1532,100240001202501532,Kodagu,1,2025-09-23,2025,9,4,Night (12AM-6AM),FIR,Non-Heinous,Crimes Against Women,Molestation,Under Investigation,12.31989,75.70811
1533,100220004202501533,Yadgir,4,2025-10-04,2025,10,22,Evening (6PM-12AM),PAR,Non-Heinous,Crimes Against Property,Burglary,Under Investigation,16.74212,77.06231
1534,100010004202201534,Bengaluru City,4,2022-01-06,2022,1,6,Morning (6AM-12PM),FIR,Non-Heinous,Crimes Against Property,Dacoity,Charge Sheeted,13.05073,77.62893
1535,100010003202201535,Bengaluru City,3,2022-04-27,2022,4,9,Morning (6AM-12PM),FIR,Non-Heinous,Crimes Against Women,Molestation,Under Investigation,12.96147,77.68214
1536,100250002202501536,Ramanagara,2,2025-03-13,2025,3,10,Morning (6AM-12PM),FIR,Non-Heinous,Crimes Against Body,Grievous Hurt,False Case,12.69973,77.27622
1537,100020003202601537,Bengaluru Rural,3,2026-10-22,2026,10,18,Evening (6PM-12AM),FIR,Non-Heinous,Crimes Against Property,Theft,Charge Sheeted,13.33192,77.54957
1538,100050001202501538,Belagavi,1,2025-02-20,2025,2,1,Night (12AM-6AM),FIR,Heinous,Crimes Against Women,Sexual Assault,Under Investigation,15.82296,74.49799
1539,100070004202301539,Hubballi-Dharwad,4,2023-02-14,2023,2,2,Night (12AM-6AM),FIR,Non-Heinous,Public Order,Unlawful Assembly,Closed,15.33002,75.18248
1540,100010001202601540,Bengaluru City,1,2026-02-24,2026,2,8,Morning (6AM-12PM),FIR,Heinous,Crimes Against Body,Attempt to Murder,Closed,13.10795,77.64316
1541,100240002202301541,Kodagu,2,2023-04-19,2023,4,15,Afternoon (12PM-6PM),FIR,Non-Heinous,Crimes Against Body,Grievous Hurt,Charge Sheeted,12.38233,75.88061
1542,100190004202301542,Hassan,4,2023-10-19,2023,10,3,Night (12AM-6AM),FIR,Non-Heinous,Crimes Against Property,Theft,Under Investigation,13.06398,76.12714
1543,100010003202301543,Bengaluru City,3,2023-10-16,2023,10,7,Morning (6AM-12PM),FIR,Non-Heinous,Crimes Against Property,Dacoity,Under Investigation,12.99235,77.56642
1544,100110003202301544,Davanagere,3,2023-07-06,2023,7,19,Evening (6PM-12AM),FIR,Non-Heinous,Crimes Against Women,Sexual Assault,Charge Sheeted,14.52029,75.99607
1545,100090003202201545,Tumakuru,3,2022-08-17,2022,8,0,Night (12AM-6AM),FIR,Non-Heinous,Crimes Against Property,Burglary,Under Investigation,13.34387,77.16743
1546,100010001202301546,Bengaluru City,1,2023-02-25,2023,2,8,Morning (6AM-12PM),FIR,Non-Heinous,Crimes Against Property,Burglary,Under Investigation,12.92685,77.57557
1547,100270002202501547,Bagalkot,2,2025-02-20,2025,2,1,Night (12AM-6AM),PAR,Non-Heinous,Crimes Against Property,Theft,Closed,16.21281,75.72228
1548,100220002202401548,Yadgir,2,2024-01-27,2024,1,10,Morning (6AM-12PM),FIR,Non-Heinous,Crimes Against Body,Attempt to Murder,Charge Sheeted,16.77896,77.15051
1549,100030003202501549,Mysuru,3,2025-08-25,2025,8,10,Morning (6AM-12PM),FIR,Non-Heinous,Crimes Against Property,Robbery,Under Investigation,12.1892,76.66227
1550,100070004202601550,Hubballi-Dharwad,4,2026-12-23,2026,12,10,Morning (6AM-12PM),PAR,Non-Heinous,Crimes Against Body,Assault,Charge Sheeted,15.41885,75.0903
1551,100230001202401551,Chamarajanagar,1,2024-02-18,2024,2,3,Night (12AM-6AM),FIR,Non-Heinous,Economic Offences,Forgery,Undetected,11.8911,76.86518
1552,400040001202401552,Mangaluru (Dakshina Kannada),1,2024-11-05,2024,11,10,Morning (6AM-12PM),UDR,Heinous,Crimes Against Body,Assault,Closed,12.9179,74.81837
1553,100250003202401553,Ramanagara,3,2024-05-02,2024,5,9,Morning (6AM-12PM),FIR,Non-Heinous,Economic Offences,Criminal Breach of Trust,Charge Sheeted,12.56498,77.24184
1554,100250001202301554,Ramanagara,1,2023-04-19,2023,4,9,Morning (6AM-12PM),FIR,Non-Heinous,Crimes Against Property,Robbery,False Case,12.78886,77.32279
1555,100010003202601555,Bengaluru City,3,2026-09-08,2026,9,12,Afternoon (12PM-6PM),FIR,Non-Heinous,Crimes Against Property,Dacoity,Undetected,12.98753,77.56811
1556,100240002202401556,Kodagu,2,2024-05-10,2024,5,23,Evening (6PM-12AM),FIR,Non-Heinous,Economic Offences,Criminal Breach of Trust,Closed,12.37792,75.87274
1557,100110001202601557,Davanagere,1,2026-11-01,2026,11,16,Afternoon (12PM-6PM),FIR,Non-Heinous,Cyber Crime,Identity Theft,Charge Sheeted,14.56053,76.01749
1558,100250003202601558,Ramanagara,3,2026-09-06,2026,9,5,Night (12AM-6AM),FIR,Non-Heinous,Crimes Against Body,Attempt to Murder,Charge Sheeted,12.7593,77.23196
1559,100060002202601559,Kalaburagi,2,2026-09-07,2026,9,22,Evening (6PM-12AM),FIR,Heinous,Crimes Against Body,Grievous Hurt,Under Investigation,17.3981,76.81924
1560,100090001202501560,Tumakuru,1,2025-05-21,2025,5,5,Night (12AM-6AM),FIR,Non-Heinous,Crimes Against Property,Robbery,Closed,13.30993,77.08257
1561,400120001202601561,Vijayapura,1,2026-04-02,2026,4,2,Night (12AM-6AM),UDR,Heinous,Crimes Against Women,Dowry Harassment,Under Investigation,16.92403,75.78596
1562,100130004202601562,Raichur,4,2026-10-03,2026,10,5,Night (12AM-6AM),FIR,Non-Heinous,Economic Offences,Criminal Breach of Trust,Charge Sheeted,16.12207,77.34968
1563,100120002202401563,Vijayapura,2,2024-11-05,2024,11,1,Night (12AM-6AM),FIR,Non-Heinous,Crimes Against Property,Dacoity,Charge Sheeted,16.82725,75.64374
1564,100090001202601564,Tumakuru,1,2026-08-26,2026,8,6,Morning (6AM-12PM),FIR,Non-Heinous,Cyber Crime,Identity Theft,False Case,13.26068,77.09906
1565,100140001202601565,Bidar,1,2026-05-06,2026,5,2,Night (12AM-6AM),FIR,Non-Heinous,Economic Offences,Forgery,Charge Sheeted,17.87709,77.56223
1566,100230003202401566,Chamarajanagar,3,2024-12-15,2024,12,13,Afternoon (12PM-6PM),PAR,Heinous,Crimes Against Women,Dowry Harassment,Under Investigation,11.91494,77.03625
1567,100150003202501567,Chikkamagaluru,3,2025-08-24,2025,8,0,Night (12AM-6AM),FIR,Non-Heinous,Crimes Against Body,Assault,Under Investigation,13.27968,75.83552
1568,100090002202401568,Tumakuru,2,2024-06-21,2024,6,3,Night (12AM-6AM),FIR,Non-Heinous,Crimes Against Property,Theft,Closed,13.28075,77.0271
1569,700050004202301569,Belagavi,4,2023-11-01,2023,11,20,Evening (6PM-12AM),Zero FIR,Heinous,Narcotics,NDPS Possession,Charge Sheeted,15.90765,74.52046
1570,100180003202601570,Mandya,3,2026-03-11,2026,3,0,Night (12AM-6AM),PAR,Non-Heinous,Crimes Against Property,Theft,Charge Sheeted,12.5514,76.99115
1571,400190003202601571,Hassan,3,2026-08-17,2026,8,11,Morning (6AM-12PM),UDR,Heinous,Crimes Against Body,Assault,Closed,13.03004,76.12797
1572,100030002202501572,Mysuru,2,2025-03-20,2025,3,17,Afternoon (12PM-6PM),FIR,Non-Heinous,Crimes Against Body,Murder,Under Investigation,12.21754,76.75405
1573,100130002202601573,Raichur,2,2026-02-01,2026,2,15,Afternoon (12PM-6PM),FIR,Non-Heinous,Crimes Against Property,Burglary,Charge Sheeted,16.29344,77.39044
1574,700240004202501574,Kodagu,4,2025-09-15,2025,9,18,Evening (6PM-12AM),Zero FIR,Non-Heinous,Crimes Against Women,Sexual Assault,Charge Sheeted,12.25504,75.74058
1575,100050003202501575,Belagavi,3,2025-09-04,2025,9,22,Evening (6PM-12AM),FIR,Non-Heinous,Crimes Against Property,Dacoity,Under Investigation,15.71924,74.43795
1576,100130001202201576,Raichur,1,2022-01-06,2022,1,18,Evening (6PM-12AM),FIR,Non-Heinous,Crimes Against Property,Robbery,Charge Sheeted,16.27426,77.43796
1577,100110001202401577,Davanagere,1,2024-10-13,2024,10,22,Evening (6PM-12AM),FIR,Non-Heinous,Crimes Against Property,Dacoity,Under Investigation,14.39679,75.92725
1578,100010003202501578,Bengaluru City,3,2025-02-27,2025,2,7,Morning (6AM-12PM),FIR,Heinous,Crimes Against Women,Sexual Assault,Closed,12.98163,77.54828
1579,100020004202601579,Bengaluru Rural,4,2026-03-13,2026,3,1,Night (12AM-6AM),FIR,Non-Heinous,Crimes Against Women,Domestic Violence,Charge Sheeted,13.31564,77.47063
1580,100190001202201580,Hassan,1,2022-10-20,2022,10,4,Night (12AM-6AM),FIR,Heinous,Crimes Against Women,Sexual Assault,Under Investigation,13.08404,76.11053
1581,100240003202601581,Kodagu,3,2026-06-19,2026,6,7,Morning (6AM-12PM),FIR,Non-Heinous,Cyber Crime,Phishing,Charge Sheeted,12.24298,75.73835
1582,100030001202301582,Mysuru,1,2023-09-27,2023,9,22,Evening (6PM-12AM),FIR,Non-Heinous,Economic Offences,Criminal Breach of Trust,Closed,12.41322,76.61922
1583,100010002202301583,Bengaluru City,2,2023-10-05,2023,10,5,Night (12AM-6AM),FIR,Heinous,Crimes Against Women,Domestic Violence,False Case,13.098,77.56041
1584,100110001202401584,Davanagere,1,2024-11-20,2024,11,20,Evening (6PM-12AM),FIR,Heinous,Crimes Against Women,Domestic Violence,Undetected,14.51428,75.93356
1585,100100004202501585,Shivamogga,4,2025-10-25,2025,10,21,Evening (6PM-12AM),FIR,Heinous,Crimes Against Body,Murder,Under Investigation,13.945,75.60127
1586,100050002202301586,Belagavi,2,2023-04-16,2023,4,18,Evening (6PM-12AM),FIR,Heinous,Crimes Against Body,Assault,Charge Sheeted,15.83149,74.43605
1587,100020002202401587,Bengaluru Rural,2,2024-12-02,2024,12,0,Night (12AM-6AM),FIR,Heinous,Crimes Against Body,Grievous Hurt,Charge Sheeted,13.2311,77.53827
1588,100060004202501588,Kalaburagi,4,2025-01-15,2025,1,16,Afternoon (12PM-6PM),FIR,Heinous,Crimes Against Body,Grievous Hurt,Charge Sheeted,17.28155,76.89622
1589,100180002202601589,Mandya,2,2026-07-16,2026,7,17,Afternoon (12PM-6PM),PAR,Non-Heinous,Crimes Against Property,Dacoity,Under Investigation,12.49118,77.00491
1590,100010001202201590,Bengaluru City,1,2022-05-24,2022,5,12,Afternoon (12PM-6PM),PAR,Non-Heinous,Crimes Against Property,Robbery,False Case,12.92411,77.71778
1591,100020001202301591,Bengaluru Rural,1,2023-08-12,2023,8,7,Morning (6AM-12PM),FIR,Non-Heinous,Economic Offences,Forgery,Charge Sheeted,13.34552,77.56037
1592,100250003202301592,Ramanagara,3,2023-04-08,2023,4,0,Night (12AM-6AM),FIR,Non-Heinous,Crimes Against Women,Domestic Violence,Closed,12.72176,77.43533
1593,100050002202401593,Belagavi,2,2024-06-09,2024,6,3,Night (12AM-6AM),FIR,Non-Heinous,Crimes Against Body,Grievous Hurt,Under Investigation,15.90376,74.58612
1594,100020003202601594,Bengaluru Rural,3,2026-03-12,2026,3,16,Afternoon (12PM-6PM),FIR,Non-Heinous,Economic Offences,Forgery,Charge Sheeted,13.24313,77.58667
1595,100180002202401595,Mandya,2,2024-01-18,2024,1,20,Evening (6PM-12AM),FIR,Heinous,Crimes Against Body,Attempt to Murder,Undetected,12.44103,76.84626
1596,100290001202601596,Gadag,1,2026-03-26,2026,3,17,Afternoon (12PM-6PM),FIR,Non-Heinous,Cyber Crime,Identity Theft,False Case,15.44711,75.64631
1597,400050003202601597,Belagavi,3,2026-06-10,2026,6,18,Evening (6PM-12AM),UDR,Non-Heinous,Economic Offences,Criminal Breach of Trust,Under Investigation,15.87179,74.46926
1598,100160004202501598,Udupi,4,2025-04-13,2025,4,18,Evening (6PM-12AM),FIR,Non-Heinous,Crimes Against Property,Dacoity,Undetected,13.41411,74.68156
1599,100090004202601599,Tumakuru,4,2026-10-20,2026,10,3,Night (12AM-6AM),FIR,Non-Heinous,Cyber Crime,Phishing,Under Investigation,13.39104,77.03764
1600,100020001202301600,Bengaluru Rural,1,2023-01-22,2023,1,21,Evening (6PM-12AM),FIR,Non-Heinous,Crimes Against Body,Attempt to Murder,Charge Sheeted,13.26983,77.6288
1601,400190003202501601,Hassan,3,2025-10-09,2025,10,5,Night (12AM-6AM),UDR,Non-Heinous,Crimes Against Property,Robbery,False Case,13.06611,76.11496
1602,100030004202501602,Mysuru,4,2025-09-12,2025,9,7,Morning (6AM-12PM),FIR,Non-Heinous,Economic Offences,Forgery,Under Investigation,12.25125,76.5614
1603,100050001202501603,Belagavi,1,2025-09-07,2025,9,6,Morning (6AM-12PM),FIR,Heinous,Crimes Against Women,Sexual Assault,Under Investigation,15.85517,74.60257
1604,100210004202601604,Koppal,4,2026-03-07,2026,3,6,Morning (6AM-12PM),PAR,Heinous,Crimes Against Women,Dowry Harassment,Under Investigation,15.34064,76.1712
1605,100250001202201605,Ramanagara,1,2022-12-08,2022,12,22,Evening (6PM-12AM),FIR,Non-Heinous,Crimes Against Property,Robbery,Under Investigation,12.62163,77.29508
1606,100010004202301606,Bengaluru City,4,2023-11-26,2023,11,19,Evening (6PM-12AM),FIR,Non-Heinous,Cyber Crime,Phishing,False Case,12.91532,77.57671
1607,100260001202601607,Chikkaballapur,1,2026-04-17,2026,4,15,Afternoon (12PM-6PM),FIR,Non-Heinous,Crimes Against Women,Dowry Harassment,Under Investigation,13.41841,77.76984
1608,100110003202301608,Davanagere,3,2023-03-19,2023,3,9,Morning (6AM-12PM),FIR,Heinous,Crimes Against Women,Domestic Violence,Under Investigation,14.55649,75.9099
1609,100020002202201609,Bengaluru Rural,2,2022-02-07,2022,2,21,Evening (6PM-12AM),FIR,Heinous,Crimes Against Body,Assault,Under Investigation,13.25535,77.58832
1610,100090002202401610,Tumakuru,2,2024-04-05,2024,4,20,Evening (6PM-12AM),FIR,Non-Heinous,Cyber Crime,Identity Theft,Closed,13.23492,77.09112
1611,700020004202501611,Bengaluru Rural,4,2025-06-26,2025,6,18,Evening (6PM-12AM),Zero FIR,Non-Heinous,Crimes Against Property,Burglary,Under Investigation,13.35221,77.55401
1612,100090002202601612,Tumakuru,2,2026-08-23,2026,8,12,Afternoon (12PM-6PM),FIR,Non-Heinous,Crimes Against Body,Grievous Hurt,Charge Sheeted,13.35331,77.10031
1613,100230003202301613,Chamarajanagar,3,2023-08-03,2023,8,10,Morning (6AM-12PM),FIR,Non-Heinous,Crimes Against Women,Domestic Violence,Under Investigation,11.79848,76.86459
1614,700220003202601614,Yadgir,3,2026-07-18,2026,7,19,Evening (6PM-12AM),Zero FIR,Non-Heinous,Crimes Against Body,Assault,Closed,16.75784,77.10347
1615,100090002202501615,Tumakuru,2,2025-12-18,2025,12,20,Evening (6PM-12AM),FIR,Non-Heinous,Economic Offences,Cheating,Charge Sheeted,13.4431,77.08217
1616,100040004202401616,Mangaluru (Dakshina Kannada),4,2024-11-08,2024,11,1,Night (12AM-6AM),FIR,Non-Heinous,Crimes Against Property,Theft,Under Investigation,12.8971,74.91465
1617,700130001202501617,Raichur,1,2025-07-11,2025,7,5,Night (12AM-6AM),Zero FIR,Non-Heinous,Narcotics,NDPS Trafficking,Charge Sheeted,16.19783,77.30668
1618,400230001202201618,Chamarajanagar,1,2022-09-20,2022,9,20,Evening (6PM-12AM),UDR,Non-Heinous,Narcotics,NDPS Trafficking,Charge Sheeted,11.91905,76.95192
1619,100190002202501619,Hassan,2,2025-02-07,2025,2,5,Night (12AM-6AM),FIR,Non-Heinous,Cyber Crime,Online Fraud,Under Investigation,12.94844,75.97299
1620,100190003202601620,Hassan,3,2026-09-15,2026,9,15,Afternoon (12PM-6PM),FIR,Non-Heinous,Crimes Against Body,Grievous Hurt,Under Investigation,13.05417,76.12606
1621,100220003202601621,Yadgir,3,2026-01-05,2026,1,4,Night (12AM-6AM),FIR,Non-Heinous,Economic Offences,Forgery,Charge Sheeted,16.7783,77.02237
1622,100020003202501622,Bengaluru Rural,3,2025-12-21,2025,12,7,Morning (6AM-12PM),FIR,Non-Heinous,Crimes Against Body,Assault,Charge Sheeted,13.29182,77.46362
1623,100050004202301623,Belagavi,4,2023-05-12,2023,5,6,Morning (6AM-12PM),FIR,Non-Heinous,Crimes Against Property,Theft,Charge Sheeted,15.90512,74.5479
1624,100190003202601624,Hassan,3,2026-04-26,2026,4,10,Morning (6AM-12PM),FIR,Non-Heinous,Crimes Against Women,Dowry Harassment,Closed,12.98227,76.193
1625,100050001202601625,Belagavi,1,2026-08-24,2026,8,10,Morning (6AM-12PM),PAR,Non-Heinous,Crimes Against Property,Dacoity,Charge Sheeted,15.78919,74.43147
1626,100260001202301626,Chikkaballapur,1,2023-10-16,2023,10,17,Afternoon (12PM-6PM),FIR,Non-Heinous,Crimes Against Women,Molestation,Closed,13.49203,77.69308
1627,100270002202201627,Bagalkot,2,2022-05-03,2022,5,2,Night (12AM-6AM),FIR,Non-Heinous,Crimes Against Body,Grievous Hurt,Closed,16.17545,75.57694
1628,700040002202201628,Mangaluru (Dakshina Kannada),2,2022-09-03,2022,9,9,Morning (6AM-12PM),Zero FIR,Non-Heinous,Cyber Crime,Cyberstalking,Under Investigation,12.88274,74.86364
1629,100090004202201629,Tumakuru,4,2022-04-19,2022,4,7,Morning (6AM-12PM),FIR,Non-Heinous,Crimes Against Body,Murder,Closed,13.39359,77.06338
1630,400050002202301630,Belagavi,2,2023-05-21,2023,5,16,Afternoon (12PM-6PM),UDR,Heinous,Crimes Against Women,Sexual Assault,Charge Sheeted,15.76642,74.54291
1631,100020003202301631,Bengaluru Rural,3,2023-11-09,2023,11,14,Afternoon (12PM-6PM),FIR,Non-Heinous,Cyber Crime,Phishing,Charge Sheeted,13.37294,77.4697
1632,100200001202301632,Chitradurga,1,2023-05-04,2023,5,14,Afternoon (12PM-6PM),FIR,Non-Heinous,Crimes Against Property,Theft,Closed,14.38067,76.35581
1633,100070003202401633,Hubballi-Dharwad,3,2024-08-22,2024,8,20,Evening (6PM-12AM),FIR,Heinous,Crimes Against Body,Grievous Hurt,Under Investigation,15.40472,75.0866
1634,400140003202201634,Bidar,3,2022-05-04,2022,5,5,Night (12AM-6AM),UDR,Non-Heinous,Narcotics,NDPS Possession,Charge Sheeted,18.00542,77.43764
1635,100120002202301635,Vijayapura,2,2023-02-09,2023,2,15,Afternoon (12PM-6PM),FIR,Non-Heinous,Crimes Against Body,Assault,Closed,16.94853,75.60432
1636,100100002202201636,Shivamogga,2,2022-08-13,2022,8,0,Night (12AM-6AM),FIR,Non-Heinous,Economic Offences,Forgery,Under Investigation,14.00059,75.49737
1637,100040004202201637,Mangaluru (Dakshina Kannada),4,2022-05-20,2022,5,1,Night (12AM-6AM),PAR,Non-Heinous,Crimes Against Property,Dacoity,Closed,12.87792,74.83259
1638,100010003202501638,Bengaluru City,3,2025-02-10,2025,2,5,Night (12AM-6AM),FIR,Heinous,Crimes Against Body,Attempt to Murder,Charge Sheeted,13.00388,77.6142
1639,100080001202201639,Ballari,1,2022-02-16,2022,2,7,Morning (6AM-12PM),FIR,Non-Heinous,Crimes Against Property,Theft,Charge Sheeted,15.07297,76.91859
1640,100240002202401640,Kodagu,2,2024-10-22,2024,10,2,Night (12AM-6AM),PAR,Non-Heinous,Economic Offences,Forgery,False Case,12.35067,75.84944
1641,700160001202401641,Udupi,1,2024-08-27,2024,8,18,Evening (6PM-12AM),Zero FIR,Non-Heinous,Narcotics,NDPS Possession,Under Investigation,13.26861,74.7465
1642,100160004202601642,Udupi,4,2026-03-13,2026,3,15,Afternoon (12PM-6PM),FIR,Non-Heinous,Economic Offences,Cheating,Under Investigation,13.37893,74.73149
1643,100080003202401643,Ballari,3,2024-09-16,2024,9,11,Morning (6AM-12PM),FIR,Non-Heinous,Crimes Against Property,Theft,Charge Sheeted,15.11132,76.85003
1644,100030002202601644,Mysuru,2,2026-05-01,2026,5,22,Evening (6PM-12AM),FIR,Non-Heinous,Crimes Against Property,Dacoity,Under Investigation,12.19805,76.61431
1645,100160004202201645,Udupi,4,2022-05-19,2022,5,13,Afternoon (12PM-6PM),FIR,Non-Heinous,Crimes Against Property,Theft,Under Investigation,13.26331,74.81591
1646,100050003202401646,Belagavi,3,2024-12-10,2024,12,7,Morning (6AM-12PM),FIR,Heinous,Crimes Against Women,Sexual Assault,Undetected,15.71524,74.5038
1647,100090002202201647,Tumakuru,2,2022-04-07,2022,4,7,Morning (6AM-12PM),FIR,Non-Heinous,Crimes Against Women,Molestation,Charge Sheeted,13.30583,77.15489
1648,100110002202501648,Davanagere,2,2025-06-22,2025,6,10,Morning (6AM-12PM),FIR,Non-Heinous,Crimes Against Property,Robbery,Under Investigation,14.47892,75.92274
1649,100030002202501649,Mysuru,2,2025-10-25,2025,10,0,Night (12AM-6AM),FIR,Non-Heinous,Crimes Against Property,Theft,Charge Sheeted,12.26792,76.80398
1650,100090004202501650,Tumakuru,4,2025-06-01,2025,6,14,Afternoon (12PM-6PM),FIR,Non-Heinous,Economic Offences,Forgery,Under Investigation,13.38924,77.11931
1651,100020004202601651,Bengaluru Rural,4,2026-04-20,2026,4,14,Afternoon (12PM-6PM),FIR,Non-Heinous,Economic Offences,Criminal Breach of Trust,Charge Sheeted,13.35458,77.5422
1652,100220004202501652,Yadgir,4,2025-10-18,2025,10,8,Morning (6AM-12PM),FIR,Non-Heinous,Economic Offences,Forgery,Undetected,16.77682,77.18655
1653,400220004202201653,Yadgir,4,2022-01-06,2022,1,22,Evening (6PM-12AM),UDR,Non-Heinous,Cyber Crime,Cyberstalking,False Case,16.80645,77.09851
1654,100080001202601654,Ballari,1,2026-10-13,2026,10,4,Night (12AM-6AM),FIR,Non-Heinous,Narcotics,NDPS Possession,Undetected,15.20228,76.8761
1655,100010003202601655,Bengaluru City,3,2026-10-20,2026,10,16,Afternoon (12PM-6PM),FIR,Non-Heinous,Economic Offences,Criminal Breach of Trust,Closed,13.02234,77.51241
1656,100040002202601656,Mangaluru (Dakshina Kannada),2,2026-10-11,2026,10,3,Night (12AM-6AM),PAR,Non-Heinous,Crimes Against Property,Robbery,Closed,12.89809,74.86357
1657,700030003202401657,Mysuru,3,2024-05-03,2024,5,3,Night (12AM-6AM),Zero FIR,Non-Heinous,Public Order,Unlawful Assembly,Under Investigation,12.4035,76.56795
1658,100090001202501658,Tumakuru,1,2025-11-08,2025,11,17,Afternoon (12PM-6PM),FIR,Non-Heinous,Cyber Crime,Phishing,Charge Sheeted,13.2715,77.14365
1659,100170003202401659,Kolar,3,2024-06-04,2024,6,20,Evening (6PM-12AM),FIR,Non-Heinous,Crimes Against Property,Theft,Charge Sheeted,13.16849,78.09888
1660,400110001202601660,Davanagere,1,2026-07-14,2026,7,0,Night (12AM-6AM),UDR,Heinous,Narcotics,NDPS Trafficking,Under Investigation,14.36309,76.04353
1661,100010001202401661,Bengaluru City,1,2024-06-09,2024,6,16,Afternoon (12PM-6PM),FIR,Non-Heinous,Crimes Against Property,Theft,Charge Sheeted,13.09646,77.57711
1662,100110002202401662,Davanagere,2,2024-10-17,2024,10,14,Afternoon (12PM-6PM),FIR,Non-Heinous,Crimes Against Property,Theft,Closed,14.37091,75.97665
1663,100020003202401663,Bengaluru Rural,3,2024-04-11,2024,4,2,Night (12AM-6AM),FIR,Non-Heinous,Crimes Against Property,Theft,Under Investigation,13.19483,77.45193
1664,100060002202601664,Kalaburagi,2,2026-08-24,2026,8,17,Afternoon (12PM-6PM),FIR,Non-Heinous,Narcotics,NDPS Possession,Closed,17.26726,76.83132
1665,100100004202401665,Shivamogga,4,2024-03-06,2024,3,7,Morning (6AM-12PM),FIR,Non-Heinous,Crimes Against Property,Theft,Charge Sheeted,13.89031,75.50046
1666,100050002202601666,Belagavi,2,2026-09-23,2026,9,3,Night (12AM-6AM),FIR,Non-Heinous,Cyber Crime,Identity Theft,Undetected,15.91466,74.48849
1667,700050004202201667,Belagavi,4,2022-01-25,2022,1,15,Afternoon (12PM-6PM),Zero FIR,Non-Heinous,Crimes Against Women,Molestation,Under Investigation,15.78481,74.47568
1668,100290002202401668,Gadag,2,2024-07-11,2024,7,17,Afternoon (12PM-6PM),FIR,Non-Heinous,Crimes Against Body,Grievous Hurt,Charge Sheeted,15.47836,75.66839
1669,700050002202301669,Belagavi,2,2023-02-23,2023,2,17,Afternoon (12PM-6PM),Zero FIR,Non-Heinous,Crimes Against Property,Burglary,Under Investigation,15.91859,74.418
1670,100020001202301670,Bengaluru Rural,1,2023-06-16,2023,6,4,Night (12AM-6AM),FIR,Non-Heinous,Cyber Crime,Online Fraud,False Case,13.24573,77.50528
1671,400020001202601671,Bengaluru Rural,1,2026-08-09,2026,8,16,Afternoon (12PM-6PM),UDR,Non-Heinous,Crimes Against Women,Molestation,Closed,13.28564,77.54456
1672,100070003202601672,Hubballi-Dharwad,3,2026-12-17,2026,12,19,Evening (6PM-12AM),FIR,Heinous,Crimes Against Body,Attempt to Murder,Under Investigation,15.31567,75.14601
1673,100040001202201673,Mangaluru (Dakshina Kannada),1,2022-11-12,2022,11,22,Evening (6PM-12AM),FIR,Non-Heinous,Crimes Against Property,Dacoity,Charge Sheeted,12.89562,75.03039
1674,100090001202301674,Tumakuru,1,2023-01-03,2023,1,23,Evening (6PM-12AM),PAR,Non-Heinous,Crimes Against Body,Murder,Closed,13.28993,77.17807
1675,100090002202401675,Tumakuru,2,2024-02-14,2024,2,5,Night (12AM-6AM),FIR,Non-Heinous,Crimes Against Body,Grievous Hurt,Charge Sheeted,13.48927,77.03804
1676,100010004202601676,Bengaluru City,4,2026-05-13,2026,5,15,Afternoon (12PM-6PM),FIR,Heinous,Crimes Against Body,Attempt to Murder,Closed,13.00693,77.5147
1677,100080003202501677,Ballari,3,2025-03-17,2025,3,3,Night (12AM-6AM),FIR,Non-Heinous,Crimes Against Property,Burglary,Under Investigation,15.19235,76.84707
1678,100240003202601678,Kodagu,3,2026-07-03,2026,7,17,Afternoon (12PM-6PM),FIR,Non-Heinous,Economic Offences,Cheating,Charge Sheeted,12.3703,75.89142
1679,100010002202501679,Bengaluru City,2,2025-04-27,2025,4,9,Morning (6AM-12PM),FIR,Non-Heinous,Crimes Against Property,Burglary,Charge Sheeted,12.98233,77.59785
1680,100240003202501680,Kodagu,3,2025-04-14,2025,4,14,Afternoon (12PM-6PM),FIR,Non-Heinous,Economic Offences,Cheating,Charge Sheeted,12.36463,75.6728
1681,100050001202401681,Belagavi,1,2024-09-06,2024,9,4,Night (12AM-6AM),FIR,Non-Heinous,Economic Offences,Cheating,False Case,15.8661,74.4902
1682,100240002202601682,Kodagu,2,2026-11-16,2026,11,4,Night (12AM-6AM),FIR,Non-Heinous,Economic Offences,Forgery,Under Investigation,12.30034,75.78631
1683,100090002202601683,Tumakuru,2,2026-09-16,2026,9,4,Night (12AM-6AM),FIR,Heinous,Crimes Against Women,Molestation,Under Investigation,13.4385,77.09068
1684,100030002202401684,Mysuru,2,2024-11-22,2024,11,1,Night (12AM-6AM),FIR,Non-Heinous,Crimes Against Body,Assault,Under Investigation,12.27767,76.61841
1685,100100003202301685,Shivamogga,3,2023-10-16,2023,10,22,Evening (6PM-12AM),FIR,Non-Heinous,Economic Offences,Cheating,Under Investigation,13.93189,75.6515
1686,100060002202201686,Kalaburagi,2,2022-10-03,2022,10,19,Evening (6PM-12AM),PAR,Heinous,Crimes Against Body,Grievous Hurt,Under Investigation,17.32829,76.85162
1687,100220004202501687,Yadgir,4,2025-04-02,2025,4,5,Night (12AM-6AM),FIR,Heinous,Crimes Against Women,Molestation,Closed,16.77981,77.17173
1688,100010002202401688,Bengaluru City,2,2024-11-27,2024,11,10,Morning (6AM-12PM),FIR,Non-Heinous,Public Order,Rioting,Charge Sheeted,12.97957,77.50637
1689,100020002202401689,Bengaluru Rural,2,2024-10-18,2024,10,7,Morning (6AM-12PM),FIR,Non-Heinous,Crimes Against Women,Sexual Assault,False Case,13.37202,77.51413
1690,100070002202201690,Hubballi-Dharwad,2,2022-05-23,2022,5,0,Night (12AM-6AM),FIR,Non-Heinous,Economic Offences,Cheating,Charge Sheeted,15.46344,75.10401
1691,100160001202401691,Udupi,1,2024-05-16,2024,5,20,Evening (6PM-12AM),FIR,Non-Heinous,Crimes Against Property,Theft,Charge Sheeted,13.4527,74.69924
1692,100120004202501692,Vijayapura,4,2025-03-26,2025,3,14,Afternoon (12PM-6PM),FIR,Non-Heinous,Crimes Against Property,Dacoity,Charge Sheeted,16.75275,75.70236
1693,100060004202201693,Kalaburagi,4,2022-07-15,2022,7,1,Night (12AM-6AM),FIR,Non-Heinous,Crimes Against Property,Theft,Charge Sheeted,17.31417,76.83281
1694,100250002202601694,Ramanagara,2,2026-11-06,2026,11,11,Morning (6AM-12PM),FIR,Heinous,Narcotics,NDPS Possession,Charge Sheeted,12.82364,77.25492
1695,100040001202501695,Mangaluru (Dakshina Kannada),1,2025-08-08,2025,8,9,Morning (6AM-12PM),FIR,Heinous,Crimes Against Women,Sexual Assault,False Case,12.92713,74.79634
1696,100090002202501696,Tumakuru,2,2025-06-06,2025,6,17,Afternoon (12PM-6PM),FIR,Non-Heinous,Crimes Against Body,Murder,False Case,13.27781,77.17412
1697,100280003202301697,Haveri,3,2023-02-18,2023,2,23,Evening (6PM-12AM),FIR,Non-Heinous,Crimes Against Property,Dacoity,Charge Sheeted,14.87327,75.37629
1698,100300002202201698,Uttara Kannada,2,2022-06-02,2022,6,11,Morning (6AM-12PM),FIR,Non-Heinous,Economic Offences,Forgery,Charge Sheeted,14.71614,74.73003
1699,100110001202501699,Davanagere,1,2025-06-12,2025,6,23,Evening (6PM-12AM),FIR,Non-Heinous,Crimes Against Body,Murder,Charge Sheeted,14.4868,75.86642
1700,100300002202501700,Uttara Kannada,2,2025-05-08,2025,5,7,Morning (6AM-12PM),FIR,Non-Heinous,Crimes Against Women,Sexual Assault,Charge Sheeted,14.81524,74.68679
1701,100140001202301701,Bidar,1,2023-05-01,2023,5,6,Morning (6AM-12PM),FIR,Non-Heinous,Crimes Against Property,Robbery,Closed,17.81233,77.48312
1702,100080001202301702,Ballari,1,2023-05-18,2023,5,9,Morning (6AM-12PM),FIR,Non-Heinous,Crimes Against Body,Attempt to Murder,Closed,15.29039,76.90209
1703,100110004202201703,Davanagere,4,2022-01-20,2022,1,21,Evening (6PM-12AM),PAR,Non-Heinous,Crimes Against Property,Theft,Undetected,14.42024,75.93744
1704,100160003202301704,Udupi,3,2023-06-08,2023,6,23,Evening (6PM-12AM),FIR,Non-Heinous,Public Order,Rioting,Undetected,13.37853,74.78238
1705,100250004202601705,Ramanagara,4,2026-03-16,2026,3,20,Evening (6PM-12AM),FIR,Non-Heinous,Crimes Against Body,Murder,False Case,12.79467,77.24208
1706,700050001202401706,Belagavi,1,2024-10-08,2024,10,10,Morning (6AM-12PM),Zero FIR,Non-Heinous,Crimes Against Property,Burglary,Charge Sheeted,15.93252,74.53428
1707,100050002202601707,Belagavi,2,2026-02-18,2026,2,2,Night (12AM-6AM),PAR,Non-Heinous,Economic Offences,Criminal Breach of Trust,Under Investigation,15.87449,74.53827
1708,100270003202201708,Bagalkot,3,2022-12-22,2022,12,6,Morning (6AM-12PM),FIR,Non-Heinous,Economic Offences,Criminal Breach of Trust,Charge Sheeted,16.20491,75.68636
1709,700030001202401709,Mysuru,1,2024-04-21,2024,4,13,Afternoon (12PM-6PM),Zero FIR,Non-Heinous,Crimes Against Body,Grievous Hurt,Closed,12.30186,76.66988
1710,100070002202401710,Hubballi-Dharwad,2,2024-02-04,2024,2,8,Morning (6AM-12PM),FIR,Heinous,Crimes Against Women,Dowry Harassment,Closed,15.42297,74.98702
1711,700160002202401711,Udupi,2,2024-09-03,2024,9,9,Morning (6AM-12PM),Zero FIR,Non-Heinous,Crimes Against Property,Theft,Under Investigation,13.36322,74.64172
1712,100010004202501712,Bengaluru City,4,2025-05-14,2025,5,9,Morning (6AM-12PM),FIR,Heinous,Crimes Against Women,Domestic Violence,Undetected,12.94241,77.48612
1713,100250003202601713,Ramanagara,3,2026-07-20,2026,7,7,Morning (6AM-12PM),FIR,Non-Heinous,Crimes Against Property,Dacoity,Under Investigation,12.72021,77.27231
1714,100170001202301714,Kolar,1,2023-09-05,2023,9,9,Morning (6AM-12PM),FIR,Heinous,Crimes Against Body,Murder,Charge Sheeted,13.14891,78.13165
1715,100010001202601715,Bengaluru City,1,2026-07-24,2026,7,12,Afternoon (12PM-6PM),PAR,Non-Heinous,Crimes Against Women,Molestation,Under Investigation,13.02592,77.59116
1716,100010001202201716,Bengaluru City,1,2022-01-23,2022,1,23,Evening (6PM-12AM),FIR,Non-Heinous,Economic Offences,Criminal Breach of Trust,Closed,12.99047,77.66835
1717,100160002202301717,Udupi,2,2023-11-26,2023,11,4,Night (12AM-6AM),FIR,Heinous,Crimes Against Body,Attempt to Murder,Under Investigation,13.21698,74.87174
1718,700110004202401718,Davanagere,4,2024-06-11,2024,6,11,Morning (6AM-12PM),Zero FIR,Non-Heinous,Crimes Against Property,Burglary,Charge Sheeted,14.56769,75.76729
1719,700100004202501719,Shivamogga,4,2025-01-03,2025,1,23,Evening (6PM-12AM),Zero FIR,Heinous,Crimes Against Body,Attempt to Murder,Charge Sheeted,13.93219,75.61873
1720,100100003202301720,Shivamogga,3,2023-07-19,2023,7,10,Morning (6AM-12PM),FIR,Non-Heinous,Crimes Against Property,Robbery,Closed,14.02907,75.62514
1721,700050003202201721,Belagavi,3,2022-09-12,2022,9,11,Morning (6AM-12PM),Zero FIR,Non-Heinous,Economic Offences,Criminal Breach of Trust,False Case,15.81255,74.48986
1722,100050004202501722,Belagavi,4,2025-04-11,2025,4,22,Evening (6PM-12AM),FIR,Heinous,Crimes Against Body,Assault,Under Investigation,15.87889,74.474
1723,100080002202601723,Ballari,2,2026-08-24,2026,8,18,Evening (6PM-12AM),FIR,Heinous,Crimes Against Women,Molestation,Charge Sheeted,15.21336,76.97114
1724,100100002202601724,Shivamogga,2,2026-12-22,2026,12,23,Evening (6PM-12AM),FIR,Non-Heinous,Economic Offences,Forgery,Undetected,13.92537,75.58507
1725,100040004202501725,Mangaluru (Dakshina Kannada),4,2025-08-27,2025,8,20,Evening (6PM-12AM),FIR,Non-Heinous,Economic Offences,Cheating,Charge Sheeted,12.86339,74.81098
1726,100010003202301726,Bengaluru City,3,2023-06-27,2023,6,5,Night (12AM-6AM),FIR,Non-Heinous,Crimes Against Women,Domestic Violence,Closed,13.06714,77.64905
1727,400020004202601727,Bengaluru Rural,4,2026-03-13,2026,3,17,Afternoon (12PM-6PM),UDR,Non-Heinous,Crimes Against Body,Grievous Hurt,Charge Sheeted,13.35442,77.59044
1728,100010002202201728,Bengaluru City,2,2022-02-21,2022,2,0,Night (12AM-6AM),FIR,Heinous,Narcotics,NDPS Possession,Undetected,12.99364,77.55303
1729,100240001202401729,Kodagu,1,2024-01-18,2024,1,2,Night (12AM-6AM),FIR,Non-Heinous,Crimes Against Women,Molestation,Charge Sheeted,12.40043,75.84419
1730,100050002202301730,Belagavi,2,2023-11-27,2023,11,4,Night (12AM-6AM),FIR,Non-Heinous,Crimes Against Property,Theft,Charge Sheeted,15.89126,74.41154
1731,100020002202601731,Bengaluru Rural,2,2026-08-24,2026,8,11,Morning (6AM-12PM),FIR,Heinous,Crimes Against Women,Domestic Violence,Under Investigation,13.35746,77.54522
1732,100030003202401732,Mysuru,3,2024-08-15,2024,8,8,Morning (6AM-12PM),FIR,Non-Heinous,Economic Offences,Forgery,Under Investigation,12.2741,76.61281
1733,100070004202301733,Hubballi-Dharwad,4,2023-08-17,2023,8,3,Night (12AM-6AM),FIR,Non-Heinous,Crimes Against Property,Theft,Under Investigation,15.3988,75.07088
1734,100030004202401734,Mysuru,4,2024-02-19,2024,2,2,Night (12AM-6AM),FIR,Non-Heinous,Crimes Against Property,Robbery,Under Investigation,12.31862,76.65786
1735,100030004202601735,Mysuru,4,2026-09-20,2026,9,18,Evening (6PM-12AM),FIR,Non-Heinous,Narcotics,NDPS Possession,False Case,12.2183,76.57914
1736,100130003202501736,Raichur,3,2025-09-10,2025,9,4,Night (12AM-6AM),FIR,Non-Heinous,Cyber Crime,Phishing,Charge Sheeted,16.2034,77.26639
1737,100010001202301737,Bengaluru City,1,2023-02-04,2023,2,1,Night (12AM-6AM),FIR,Non-Heinous,Crimes Against Women,Domestic Violence,Undetected,12.99838,77.72675
1738,100130003202301738,Raichur,3,2023-12-03,2023,12,20,Evening (6PM-12AM),FIR,Non-Heinous,Crimes Against Women,Sexual Assault,Under Investigation,16.29715,77.275
1739,100230001202601739,Chamarajanagar,1,2026-04-09,2026,4,9,Morning (6AM-12PM),FIR,Non-Heinous,Economic Offences,Cheating,Closed,11.97026,76.95042
1740,100140003202401740,Bidar,3,2024-05-19,2024,5,3,Night (12AM-6AM),FIR,Non-Heinous,Crimes Against Body,Attempt to Murder,Under Investigation,17.89698,77.6155
1741,100190002202301741,Hassan,2,2023-05-21,2023,5,1,Night (12AM-6AM),FIR,Non-Heinous,Cyber Crime,Phishing,Closed,13.09718,76.16002
1742,100200004202401742,Chitradurga,4,2024-06-25,2024,6,0,Night (12AM-6AM),FIR,Non-Heinous,Crimes Against Body,Murder,Under Investigation,14.2348,76.46356
1743,100190003202401743,Hassan,3,2024-12-01,2024,12,13,Afternoon (12PM-6PM),FIR,Non-Heinous,Crimes Against Women,Sexual Assault,Under Investigation,12.9664,76.15051
1744,100070003202501744,Hubballi-Dharwad,3,2025-10-19,2025,10,1,Night (12AM-6AM),FIR,Non-Heinous,Crimes Against Property,Theft,Charge Sheeted,15.33206,75.13209
1745,100140001202501745,Bidar,1,2025-05-24,2025,5,7,Morning (6AM-12PM),FIR,Non-Heinous,Crimes Against Property,Theft,False Case,17.83738,77.43549
1746,100010003202501746,Bengaluru City,3,2025-04-20,2025,4,9,Morning (6AM-12PM),FIR,Heinous,Crimes Against Body,Attempt to Murder,Charge Sheeted,13.03633,77.60532
1747,100040004202501747,Mangaluru (Dakshina Kannada),4,2025-04-06,2025,4,18,Evening (6PM-12AM),FIR,Non-Heinous,Economic Offences,Cheating,Undetected,12.96486,74.79727
1748,100020003202501748,Bengaluru Rural,3,2025-06-18,2025,6,23,Evening (6PM-12AM),FIR,Non-Heinous,Economic Offences,Criminal Breach of Trust,Under Investigation,13.20948,77.49137
1749,100070001202301749,Hubballi-Dharwad,1,2023-07-01,2023,7,8,Morning (6AM-12PM),FIR,Non-Heinous,Crimes Against Body,Grievous Hurt,Under Investigation,15.3783,75.08358
1750,100060004202601750,Kalaburagi,4,2026-07-22,2026,7,1,Night (12AM-6AM),FIR,Non-Heinous,Crimes Against Body,Attempt to Murder,Undetected,17.26868,76.91114
1751,700050004202401751,Belagavi,4,2024-12-19,2024,12,2,Night (12AM-6AM),Zero FIR,Non-Heinous,Cyber Crime,Cyberstalking,Under Investigation,15.824,74.58182
1752,100010003202401752,Bengaluru City,3,2024-09-27,2024,9,2,Night (12AM-6AM),FIR,Non-Heinous,Cyber Crime,Phishing,Closed,13.03866,77.48867
1753,100210004202301753,Koppal,4,2023-04-20,2023,4,19,Evening (6PM-12AM),FIR,Non-Heinous,Crimes Against Property,Robbery,Under Investigation,15.25753,76.21679
1754,100050004202401754,Belagavi,4,2024-04-01,2024,4,14,Afternoon (12PM-6PM),FIR,Heinous,Crimes Against Body,Attempt to Murder,False Case,15.83479,74.57828
1755,400190003202201755,Hassan,3,2022-09-19,2022,9,11,Morning (6AM-12PM),UDR,Non-Heinous,Crimes Against Property,Robbery,Under Investigation,12.99558,76.15054
1756,100190002202601756,Hassan,2,2026-11-01,2026,11,18,Evening (6PM-12AM),FIR,Non-Heinous,Crimes Against Property,Burglary,Charge Sheeted,13.07695,76.15812
1757,100050001202501757,Belagavi,1,2025-11-24,2025,11,15,Afternoon (12PM-6PM),FIR,Non-Heinous,Narcotics,NDPS Possession,Closed,15.87222,74.38343
1758,100110004202301758,Davanagere,4,2023-07-04,2023,7,10,Morning (6AM-12PM),FIR,Non-Heinous,Crimes Against Women,Domestic Violence,Closed,14.43197,75.88391
1759,100270003202201759,Bagalkot,3,2022-09-08,2022,9,9,Morning (6AM-12PM),FIR,Non-Heinous,Crimes Against Property,Dacoity,Under Investigation,16.19004,75.67759
1760,100210001202501760,Koppal,1,2025-05-15,2025,5,3,Night (12AM-6AM),FIR,Non-Heinous,Crimes Against Body,Grievous Hurt,Charge Sheeted,15.30973,76.12128
1761,100010003202301761,Bengaluru City,3,2023-02-07,2023,2,2,Night (12AM-6AM),FIR,Non-Heinous,Economic Offences,Criminal Breach of Trust,Closed,13.03827,77.57359
1762,100220002202301762,Yadgir,2,2023-04-04,2023,4,5,Night (12AM-6AM),FIR,Non-Heinous,Crimes Against Property,Burglary,Under Investigation,16.81331,77.0932
1763,100040004202401763,Mangaluru (Dakshina Kannada),4,2024-09-15,2024,9,8,Morning (6AM-12PM),FIR,Heinous,Crimes Against Women,Domestic Violence,Under Investigation,12.86478,74.83059
1764,100050004202401764,Belagavi,4,2024-03-01,2024,3,2,Night (12AM-6AM),FIR,Heinous,Crimes Against Body,Assault,Closed,15.95208,74.44889
1765,100280003202201765,Haveri,3,2022-12-06,2022,12,12,Afternoon (12PM-6PM),FIR,Non-Heinous,Crimes Against Women,Molestation,Charge Sheeted,14.68617,75.4026
1766,700210002202501766,Koppal,2,2025-03-17,2025,3,8,Morning (6AM-12PM),Zero FIR,Non-Heinous,Economic Offences,Criminal Breach of Trust,False Case,15.22751,76.11813
1767,100010001202601767,Bengaluru City,1,2026-02-12,2026,2,19,Evening (6PM-12AM),PAR,Non-Heinous,Crimes Against Property,Theft,Charge Sheeted,12.8345,77.68808
1768,100090001202601768,Tumakuru,1,2026-03-23,2026,3,21,Evening (6PM-12AM),FIR,Non-Heinous,Economic Offences,Criminal Breach of Trust,Closed,13.35199,77.15613
1769,100250004202301769,Ramanagara,4,2023-08-19,2023,8,12,Afternoon (12PM-6PM),FIR,Non-Heinous,Crimes Against Body,Grievous Hurt,Under Investigation,12.68328,77.23879
1770,100010004202201770,Bengaluru City,4,2022-07-27,2022,7,14,Afternoon (12PM-6PM),FIR,Non-Heinous,Crimes Against Property,Robbery,Under Investigation,12.89016,77.59618
1771,700080002202601771,Ballari,2,2026-01-18,2026,1,3,Night (12AM-6AM),Zero FIR,Heinous,Crimes Against Women,Molestation,Closed,15.16856,76.98688
1772,100230003202401772,Chamarajanagar,3,2024-02-20,2024,2,22,Evening (6PM-12AM),FIR,Heinous,Narcotics,NDPS Possession,Charge Sheeted,11.99965,76.83557
1773,100270002202601773,Bagalkot,2,2026-07-12,2026,7,13,Afternoon (12PM-6PM),FIR,Non-Heinous,Crimes Against Women,Sexual Assault,Charge Sheeted,16.14704,75.69064
1774,700180001202401774,Mandya,1,2024-04-24,2024,4,23,Evening (6PM-12AM),Zero FIR,Non-Heinous,Crimes Against Property,Dacoity,Charge Sheeted,12.51765,76.93309
1775,100230002202601775,Chamarajanagar,2,2026-01-20,2026,1,15,Afternoon (12PM-6PM),FIR,Non-Heinous,Crimes Against Property,Robbery,False Case,11.96563,76.9647
1776,100180001202501776,Mandya,1,2025-04-23,2025,4,7,Morning (6AM-12PM),FIR,Heinous,Crimes Against Body,Attempt to Murder,Charge Sheeted,12.51414,76.944
1777,100230002202301777,Chamarajanagar,2,2023-11-03,2023,11,12,Afternoon (12PM-6PM),FIR,Non-Heinous,Crimes Against Women,Sexual Assault,Charge Sheeted,11.88612,76.92787
1778,100020004202401778,Bengaluru Rural,4,2024-04-26,2024,4,9,Morning (6AM-12PM),FIR,Non-Heinous,Crimes Against Women,Domestic Violence,Charge Sheeted,13.35521,77.52006
1779,400040002202501779,Mangaluru (Dakshina Kannada),2,2025-10-06,2025,10,2,Night (12AM-6AM),UDR,Heinous,Crimes Against Women,Molestation,Closed,12.95135,74.89426
1780,100240003202401780,Kodagu,3,2024-06-03,2024,6,2,Night (12AM-6AM),FIR,Non-Heinous,Crimes Against Property,Burglary,Charge Sheeted,12.3303,75.8097
1781,100100002202601781,Shivamogga,2,2026-10-26,2026,10,5,Night (12AM-6AM),FIR,Heinous,Crimes Against Body,Attempt to Murder,Closed,13.90602,75.50514
1782,400190003202301782,Hassan,3,2023-06-08,2023,6,19,Evening (6PM-12AM),UDR,Non-Heinous,Crimes Against Body,Murder,Charge Sheeted,13.09473,76.02715
1783,100220002202601783,Yadgir,2,2026-02-04,2026,2,0,Night (12AM-6AM),FIR,Non-Heinous,Crimes Against Property,Dacoity,Charge Sheeted,16.80664,77.1547
1784,400110003202401784,Davanagere,3,2024-05-18,2024,5,14,Afternoon (12PM-6PM),UDR,Non-Heinous,Crimes Against Property,Theft,Closed,14.46091,75.92322
1785,400020004202601785,Bengaluru Rural,4,2026-03-17,2026,3,9,Morning (6AM-12PM),UDR,Non-Heinous,Cyber Crime,Identity Theft,Charge Sheeted,13.37583,77.57166
1786,100230003202401786,Chamarajanagar,3,2024-05-24,2024,5,2,Night (12AM-6AM),FIR,Non-Heinous,Crimes Against Property,Burglary,Charge Sheeted,12.02197,76.94437
1787,100190002202501787,Hassan,2,2025-11-11,2025,11,6,Morning (6AM-12PM),FIR,Heinous,Crimes Against Body,Grievous Hurt,Closed,13.05394,76.16664
1788,100210001202401788,Koppal,1,2024-07-03,2024,7,3,Night (12AM-6AM),FIR,Non-Heinous,Crimes Against Property,Burglary,Closed,15.27053,76.20491
1789,100050004202601789,Belagavi,4,2026-12-21,2026,12,4,Night (12AM-6AM),FIR,Heinous,Crimes Against Body,Assault,Charge Sheeted,15.87231,74.49707
1790,100280004202601790,Haveri,4,2026-11-21,2026,11,8,Morning (6AM-12PM),FIR,Heinous,Crimes Against Body,Murder,Closed,14.83412,75.37729
1791,100230001202301791,Chamarajanagar,1,2023-04-13,2023,4,2,Night (12AM-6AM),FIR,Non-Heinous,Economic Offences,Criminal Breach of Trust,False Case,11.88851,76.86065
1792,100160004202501792,Udupi,4,2025-01-24,2025,1,12,Afternoon (12PM-6PM),PAR,Non-Heinous,Crimes Against Property,Dacoity,Under Investigation,13.26657,74.60659
1793,100240002202601793,Kodagu,2,2026-12-22,2026,12,1,Night (12AM-6AM),FIR,Non-Heinous,Crimes Against Women,Molestation,Charge Sheeted,12.25397,75.84618
1794,100210001202301794,Koppal,1,2023-11-17,2023,11,6,Morning (6AM-12PM),FIR,Heinous,Crimes Against Women,Domestic Violence,Charge Sheeted,15.26578,76.10453
1795,100080004202401795,Ballari,4,2024-10-04,2024,10,11,Morning (6AM-12PM),FIR,Non-Heinous,Cyber Crime,Cyberstalking,Under Investigation,15.17332,76.88761
1796,400230004202501796,Chamarajanagar,4,2025-01-23,2025,1,14,Afternoon (12PM-6PM),UDR,Non-Heinous,Crimes Against Property,Burglary,Charge Sheeted,11.80058,76.88872
1797,100020004202501797,Bengaluru Rural,4,2025-02-06,2025,2,13,Afternoon (12PM-6PM),FIR,Non-Heinous,Economic Offences,Cheating,Charge Sheeted,13.26235,77.69353
1798,100220004202401798,Yadgir,4,2024-01-07,2024,1,0,Night (12AM-6AM),FIR,Non-Heinous,Cyber Crime,Online Fraud,Undetected,16.74212,77.06177
1799,400030002202501799,Mysuru,2,2025-10-20,2025,10,13,Afternoon (12PM-6PM),UDR,Non-Heinous,Crimes Against Women,Domestic Violence,Charge Sheeted,12.2654,76.65235
1800,100130003202301800,Raichur,3,2023-11-20,2023,11,18,Evening (6PM-12AM),FIR,Non-Heinous,Crimes Against Property,Theft,Charge Sheeted,16.21864,77.39792
1801,100190002202601801,Hassan,2,2026-09-27,2026,9,2,Night (12AM-6AM),FIR,Non-Heinous,Crimes Against Body,Assault,Charge Sheeted,13.0866,76.09555
1802,100110002202601802,Davanagere,2,2026-08-09,2026,8,17,Afternoon (12PM-6PM),FIR,Heinous,Crimes Against Body,Attempt to Murder,Charge Sheeted,14.42326,75.91649
1803,400220003202601803,Yadgir,3,2026-10-04,2026,10,17,Afternoon (12PM-6PM),UDR,Heinous,Crimes Against Women,Sexual Assault,Charge Sheeted,16.76626,77.13185
1804,100240001202401804,Kodagu,1,2024-08-06,2024,8,1,Night (12AM-6AM),FIR,Non-Heinous,Crimes Against Women,Domestic Violence,Charge Sheeted,12.27078,75.7775
1805,100050003202501805,Belagavi,3,2025-12-23,2025,12,16,Afternoon (12PM-6PM),FIR,Non-Heinous,Crimes Against Body,Assault,Undetected,15.82813,74.58849
1806,700230004202201806,Chamarajanagar,4,2022-09-24,2022,9,17,Afternoon (12PM-6PM),Zero FIR,Non-Heinous,Crimes Against Property,Dacoity,Under Investigation,11.86776,76.83851
1807,400050002202401807,Belagavi,2,2024-08-01,2024,8,3,Night (12AM-6AM),UDR,Non-Heinous,Narcotics,NDPS Possession,Charge Sheeted,15.83016,74.47649
1808,100050002202201808,Belagavi,2,2022-04-26,2022,4,7,Morning (6AM-12PM),FIR,Non-Heinous,Crimes Against Property,Dacoity,Closed,15.87821,74.47191
1809,100090002202401809,Tumakuru,2,2024-05-03,2024,5,4,Night (12AM-6AM),FIR,Heinous,Narcotics,NDPS Possession,Charge Sheeted,13.28321,77.19881
1810,700080002202201810,Ballari,2,2022-02-16,2022,2,22,Evening (6PM-12AM),Zero FIR,Non-Heinous,Crimes Against Body,Attempt to Murder,Charge Sheeted,15.09034,76.96542
1811,400160004202501811,Udupi,4,2025-06-06,2025,6,6,Morning (6AM-12PM),UDR,Non-Heinous,Crimes Against Body,Assault,Charge Sheeted,13.33585,74.81153
1812,100220001202301812,Yadgir,1,2023-11-23,2023,11,14,Afternoon (12PM-6PM),FIR,Heinous,Crimes Against Women,Dowry Harassment,Under Investigation,16.71501,77.21858
1813,100090001202601813,Tumakuru,1,2026-02-19,2026,2,1,Night (12AM-6AM),FIR,Heinous,Crimes Against Women,Domestic Violence,Charge Sheeted,13.31093,77.05473
1814,100010001202501814,Bengaluru City,1,2025-07-06,2025,7,23,Evening (6PM-12AM),FIR,Non-Heinous,Crimes Against Property,Theft,Under Investigation,12.91461,77.70946
1815,100040002202501815,Mangaluru (Dakshina Kannada),2,2025-02-13,2025,2,11,Morning (6AM-12PM),FIR,Non-Heinous,Economic Offences,Cheating,Under Investigation,12.99117,74.91439
1816,100050001202301816,Belagavi,1,2023-12-06,2023,12,11,Morning (6AM-12PM),FIR,Non-Heinous,Narcotics,NDPS Possession,Charge Sheeted,15.74132,74.44609
1817,100170001202501817,Kolar,1,2025-09-24,2025,9,0,Night (12AM-6AM),FIR,Non-Heinous,Crimes Against Body,Assault,Charge Sheeted,13.05733,78.10608
1818,100020003202301818,Bengaluru Rural,3,2023-06-09,2023,6,9,Morning (6AM-12PM),FIR,Non-Heinous,Economic Offences,Forgery,Charge Sheeted,13.18465,77.58201
1819,100140003202601819,Bidar,3,2026-01-26,2026,1,22,Evening (6PM-12AM),FIR,Non-Heinous,Economic Offences,Forgery,Under Investigation,18.01559,77.50274
1820,100070004202301820,Hubballi-Dharwad,4,2023-09-07,2023,9,4,Night (12AM-6AM),FIR,Non-Heinous,Crimes Against Property,Dacoity,Charge Sheeted,15.37058,75.2102
1821,100270004202501821,Bagalkot,4,2025-08-23,2025,8,2,Night (12AM-6AM),FIR,Non-Heinous,Public Order,Unlawful Assembly,Charge Sheeted,15.98363,75.73277
1822,100140004202501822,Bidar,4,2025-08-11,2025,8,19,Evening (6PM-12AM),FIR,Non-Heinous,Public Order,Unlawful Assembly,Closed,17.94802,77.50306
1823,100200002202401823,Chitradurga,2,2024-07-08,2024,7,23,Evening (6PM-12AM),FIR,Non-Heinous,Crimes Against Property,Burglary,Charge Sheeted,14.20206,76.32177
1824,100090004202601824,Tumakuru,4,2026-03-18,2026,3,6,Morning (6AM-12PM),PAR,Non-Heinous,Crimes Against Property,Burglary,False Case,13.22725,77.18179
1825,100010004202501825,Bengaluru City,4,2025-04-07,2025,4,2,Night (12AM-6AM),FIR,Non-Heinous,Public Order,Rioting,Closed,13.05585,77.59763
1826,100020002202601826,Bengaluru Rural,2,2026-03-23,2026,3,4,Night (12AM-6AM),FIR,Non-Heinous,Crimes Against Property,Robbery,Charge Sheeted,13.29583,77.51163
1827,100160001202201827,Udupi,1,2022-09-27,2022,9,12,Afternoon (12PM-6PM),FIR,Non-Heinous,Cyber Crime,Phishing,Undetected,13.24086,74.75014
1828,700160002202601828,Udupi,2,2026-07-27,2026,7,17,Afternoon (12PM-6PM),Zero FIR,Non-Heinous,Economic Offences,Cheating,Closed,13.32002,74.67742
1829,100020002202401829,Bengaluru Rural,2,2024-04-14,2024,4,20,Evening (6PM-12AM),FIR,Non-Heinous,Cyber Crime,Identity Theft,Under Investigation,13.26236,77.45288
1830,700130001202501830,Raichur,1,2025-08-08,2025,8,8,Morning (6AM-12PM),Zero FIR,Non-Heinous,Economic Offences,Cheating,Under Investigation,16.227,77.33559
1831,700060001202601831,Kalaburagi,1,2026-10-02,2026,10,23,Evening (6PM-12AM),Zero FIR,Non-Heinous,Crimes Against Property,Robbery,Charge Sheeted,17.31711,76.97669
1832,100080003202201832,Ballari,3,2022-11-24,2022,11,16,Afternoon (12PM-6PM),FIR,Non-Heinous,Cyber Crime,Online Fraud,Charge Sheeted,15.11695,76.92337
1833,100250004202501833,Ramanagara,4,2025-05-20,2025,5,22,Evening (6PM-12AM),PAR,Non-Heinous,Crimes Against Body,Assault,Closed,12.61644,77.23182
1834,100240002202401834,Kodagu,2,2024-10-09,2024,10,20,Evening (6PM-12AM),FIR,Non-Heinous,Economic Offences,Criminal Breach of Trust,Charge Sheeted,12.42413,75.86558
1835,100040004202201835,Mangaluru (Dakshina Kannada),4,2022-06-22,2022,6,8,Morning (6AM-12PM),FIR,Heinous,Crimes Against Women,Dowry Harassment,Charge Sheeted,13.0041,74.80972
1836,100020003202201836,Bengaluru Rural,3,2022-03-25,2022,3,5,Night (12AM-6AM),FIR,Non-Heinous,Public Order,Unlawful Assembly,Under Investigation,13.17443,77.41257
1837,100280003202601837,Haveri,3,2026-07-22,2026,7,5,Night (12AM-6AM),FIR,Non-Heinous,Crimes Against Women,Molestation,False Case,14.78621,75.39031
1838,100060003202501838,Kalaburagi,3,2025-09-15,2025,9,20,Evening (6PM-12AM),FIR,Non-Heinous,Crimes Against Property,Burglary,Closed,17.34062,76.78626
1839,100090002202501839,Tumakuru,2,2025-03-20,2025,3,15,Afternoon (12PM-6PM),FIR,Non-Heinous,Crimes Against Women,Dowry Harassment,Under Investigation,13.3037,77.09578
1840,100010001202601840,Bengaluru City,1,2026-08-24,2026,8,16,Afternoon (12PM-6PM),FIR,Non-Heinous,Economic Offences,Cheating,Under Investigation,12.93292,77.60549
1841,100190003202601841,Hassan,3,2026-03-27,2026,3,4,Night (12AM-6AM),FIR,Heinous,Crimes Against Women,Dowry Harassment,Charge Sheeted,13.0804,76.12769
1842,100170002202501842,Kolar,2,2025-04-18,2025,4,18,Evening (6PM-12AM),FIR,Non-Heinous,Crimes Against Body,Grievous Hurt,Charge Sheeted,13.09381,78.01063
1843,100280003202401843,Haveri,3,2024-05-09,2024,5,22,Evening (6PM-12AM),FIR,Non-Heinous,Crimes Against Property,Theft,Closed,14.96035,75.39162
1844,100170004202501844,Kolar,4,2025-03-08,2025,3,9,Morning (6AM-12PM),FIR,Non-Heinous,Crimes Against Property,Dacoity,Charge Sheeted,13.07053,78.14463
1845,100170002202601845,Kolar,2,2026-11-18,2026,11,3,Night (12AM-6AM),FIR,Non-Heinous,Crimes Against Property,Dacoity,Charge Sheeted,13.13254,78.17488
1846,700070003202501846,Hubballi-Dharwad,3,2025-02-13,2025,2,21,Evening (6PM-12AM),Zero FIR,Non-Heinous,Crimes Against Property,Dacoity,Charge Sheeted,15.46481,75.22546
1847,100050002202501847,Belagavi,2,2025-01-22,2025,1,11,Morning (6AM-12PM),PAR,Non-Heinous,Crimes Against Body,Attempt to Murder,Under Investigation,15.83477,74.58944
1848,100050004202601848,Belagavi,4,2026-02-01,2026,2,16,Afternoon (12PM-6PM),FIR,Non-Heinous,Crimes Against Property,Dacoity,Undetected,15.8237,74.52761
1849,100210003202301849,Koppal,3,2023-12-19,2023,12,15,Afternoon (12PM-6PM),FIR,Non-Heinous,Cyber Crime,Identity Theft,Undetected,15.33369,76.03197
1850,100100004202601850,Shivamogga,4,2026-10-09,2026,10,12,Afternoon (12PM-6PM),FIR,Non-Heinous,Cyber Crime,Online Fraud,Charge Sheeted,13.95106,75.54858
1851,100040001202401851,Mangaluru (Dakshina Kannada),1,2024-05-21,2024,5,16,Afternoon (12PM-6PM),FIR,Non-Heinous,Crimes Against Property,Robbery,Under Investigation,12.89739,74.97127
1852,100270002202501852,Bagalkot,2,2025-02-15,2025,2,12,Afternoon (12PM-6PM),FIR,Non-Heinous,Crimes Against Property,Theft,False Case,16.15969,75.57956
1853,100080004202401853,Ballari,4,2024-11-22,2024,11,14,Afternoon (12PM-6PM),FIR,Non-Heinous,Crimes Against Body,Assault,Under Investigation,15.13739,76.90743
1854,100190002202401854,Hassan,2,2024-06-04,2024,6,21,Evening (6PM-12AM),FIR,Non-Heinous,Crimes Against Body,Attempt to Murder,Undetected,12.94154,76.12279
1855,100110002202401855,Davanagere,2,2024-01-24,2024,1,9,Morning (6AM-12PM),PAR,Heinous,Crimes Against Body,Attempt to Murder,Under Investigation,14.34269,75.91057
1856,100030004202501856,Mysuru,4,2025-05-23,2025,5,6,Morning (6AM-12PM),FIR,Non-Heinous,Economic Offences,Forgery,Charge Sheeted,12.36356,76.60299
1857,100190003202501857,Hassan,3,2025-04-08,2025,4,15,Afternoon (12PM-6PM),FIR,Heinous,Crimes Against Women,Dowry Harassment,Charge Sheeted,12.98457,76.11401
1858,100170002202301858,Kolar,2,2023-03-09,2023,3,17,Afternoon (12PM-6PM),FIR,Non-Heinous,Crimes Against Body,Assault,False Case,13.15172,78.19147
1859,100270002202201859,Bagalkot,2,2022-08-20,2022,8,5,Night (12AM-6AM),FIR,Non-Heinous,Economic Offences,Forgery,Under Investigation,16.18282,75.57055
1860,100110004202401860,Davanagere,4,2024-07-14,2024,7,19,Evening (6PM-12AM),FIR,Non-Heinous,Crimes Against Property,Theft,Undetected,14.47257,75.94898
1861,100010003202401861,Bengaluru City,3,2024-06-16,2024,6,18,Evening (6PM-12AM),FIR,Non-Heinous,Economic Offences,Cheating,Charge Sheeted,12.95965,77.58522
1862,100140002202401862,Bidar,2,2024-12-21,2024,12,14,Afternoon (12PM-6PM),FIR,Non-Heinous,Crimes Against Body,Grievous Hurt,Under Investigation,17.81683,77.56027
1863,100030003202601863,Mysuru,3,2026-04-07,2026,4,19,Evening (6PM-12AM),FIR,Non-Heinous,Crimes Against Body,Grievous Hurt,False Case,12.34369,76.67096
1864,100230002202301864,Chamarajanagar,2,2023-02-02,2023,2,14,Afternoon (12PM-6PM),FIR,Non-Heinous,Crimes Against Property,Theft,Closed,11.844,77.04072
1865,100060004202401865,Kalaburagi,4,2024-12-06,2024,12,14,Afternoon (12PM-6PM),FIR,Non-Heinous,Cyber Crime,Online Fraud,Undetected,17.36106,76.82785
1866,100020002202501866,Bengaluru Rural,2,2025-03-02,2025,3,5,Night (12AM-6AM),FIR,Non-Heinous,Crimes Against Property,Burglary,Undetected,13.29543,77.51741
1867,100250004202201867,Ramanagara,4,2022-08-24,2022,8,0,Night (12AM-6AM),FIR,Non-Heinous,Crimes Against Property,Robbery,False Case,12.74513,77.22869
1868,100080003202601868,Ballari,3,2026-08-20,2026,8,22,Evening (6PM-12AM),FIR,Heinous,Crimes Against Body,Murder,Charge Sheeted,15.11156,76.92202
1869,100190001202601869,Hassan,1,2026-06-16,2026,6,10,Morning (6AM-12PM),FIR,Non-Heinous,Crimes Against Women,Molestation,False Case,13.05466,76.0647
1870,100050004202201870,Belagavi,4,2022-08-14,2022,8,23,Evening (6PM-12AM),FIR,Non-Heinous,Public Order,Unlawful Assembly,Charge Sheeted,15.81312,74.54358
1871,100210002202301871,Koppal,2,2023-06-19,2023,6,19,Evening (6PM-12AM),PAR,Heinous,Crimes Against Women,Molestation,Under Investigation,15.34453,76.13618
1872,100020001202401872,Bengaluru Rural,1,2024-09-04,2024,9,17,Afternoon (12PM-6PM),FIR,Non-Heinous,Crimes Against Property,Theft,Charge Sheeted,13.32809,77.49539
1873,100160004202401873,Udupi,4,2024-05-27,2024,5,20,Evening (6PM-12AM),FIR,Non-Heinous,Crimes Against Property,Dacoity,Under Investigation,13.47532,74.80436
1874,100190003202601874,Hassan,3,2026-12-21,2026,12,7,Morning (6AM-12PM),FIR,Non-Heinous,Economic Offences,Criminal Breach of Trust,Under Investigation,13.0204,76.20985
1875,400030003202601875,Mysuru,3,2026-11-15,2026,11,22,Evening (6PM-12AM),UDR,Non-Heinous,Cyber Crime,Identity Theft,Under Investigation,12.27602,76.61724
1876,100290004202501876,Gadag,4,2025-03-12,2025,3,16,Afternoon (12PM-6PM),FIR,Non-Heinous,Cyber Crime,Online Fraud,Charge Sheeted,15.47196,75.7512
1877,100060001202601877,Kalaburagi,1,2026-01-13,2026,1,7,Morning (6AM-12PM),FIR,Non-Heinous,Crimes Against Property,Theft,Closed,17.3753,76.68417
1878,100240001202501878,Kodagu,1,2025-09-26,2025,9,15,Afternoon (12PM-6PM),FIR,Non-Heinous,Economic Offences,Criminal Breach of Trust,Closed,12.35324,75.91528
1879,100160001202601879,Udupi,1,2026-12-03,2026,12,20,Evening (6PM-12AM),FIR,Heinous,Crimes Against Body,Attempt to Murder,Under Investigation,13.42602,74.7506
1880,100020004202201880,Bengaluru Rural,4,2022-02-09,2022,2,14,Afternoon (12PM-6PM),FIR,Non-Heinous,Economic Offences,Forgery,False Case,13.24427,77.55094
1881,100020001202301881,Bengaluru Rural,1,2023-09-11,2023,9,14,Afternoon (12PM-6PM),FIR,Non-Heinous,Cyber Crime,Online Fraud,Under Investigation,13.33719,77.59235
1882,100050001202401882,Belagavi,1,2024-11-02,2024,11,10,Morning (6AM-12PM),FIR,Non-Heinous,Economic Offences,Criminal Breach of Trust,Closed,15.87116,74.39125
1883,400020004202601883,Bengaluru Rural,4,2026-04-01,2026,4,22,Evening (6PM-12AM),UDR,Heinous,Crimes Against Body,Murder,Under Investigation,13.28273,77.53013
1884,100250001202401884,Ramanagara,1,2024-02-17,2024,2,11,Morning (6AM-12PM),FIR,Non-Heinous,Crimes Against Body,Attempt to Murder,Closed,12.78126,77.34455
1885,100140002202501885,Bidar,2,2025-12-21,2025,12,22,Evening (6PM-12AM),FIR,Non-Heinous,Cyber Crime,Online Fraud,Charge Sheeted,17.95199,77.59617
1886,100230003202401886,Chamarajanagar,3,2024-07-02,2024,7,10,Morning (6AM-12PM),PAR,Non-Heinous,Cyber Crime,Identity Theft,Charge Sheeted,11.96258,77.06473
1887,100010003202501887,Bengaluru City,3,2025-08-04,2025,8,15,Afternoon (12PM-6PM),FIR,Non-Heinous,Crimes Against Body,Grievous Hurt,Charge Sheeted,12.97888,77.61525
1888,100270004202201888,Bagalkot,4,2022-02-21,2022,2,15,Afternoon (12PM-6PM),PAR,Heinous,Narcotics,NDPS Trafficking,Undetected,16.15725,75.72137
1889,100220002202401889,Yadgir,2,2024-07-08,2024,7,18,Evening (6PM-12AM),FIR,Non-Heinous,Crimes Against Body,Attempt to Murder,Undetected,16.64005,77.1949
1890,100260003202201890,Chikkaballapur,3,2022-10-14,2022,10,17,Afternoon (12PM-6PM),FIR,Non-Heinous,Crimes Against Body,Murder,Charge Sheeted,13.40304,77.80436
1891,100070001202301891,Hubballi-Dharwad,1,2023-12-14,2023,12,1,Night (12AM-6AM),FIR,Non-Heinous,Crimes Against Body,Grievous Hurt,Undetected,15.40171,75.04426
1892,100220004202601892,Yadgir,4,2026-06-06,2026,6,6,Morning (6AM-12PM),FIR,Non-Heinous,Economic Offences,Forgery,Under Investigation,16.84802,77.06828
1893,100180002202201893,Mandya,2,2022-05-19,2022,5,7,Morning (6AM-12PM),PAR,Non-Heinous,Crimes Against Property,Burglary,Under Investigation,12.58174,76.84653
1894,100050003202401894,Belagavi,3,2024-04-12,2024,4,5,Night (12AM-6AM),FIR,Non-Heinous,Crimes Against Property,Dacoity,Under Investigation,15.82037,74.47308
1895,100050001202501895,Belagavi,1,2025-04-23,2025,4,22,Evening (6PM-12AM),FIR,Non-Heinous,Cyber Crime,Identity Theft,Under Investigation,15.89385,74.55772
1896,100090003202501896,Tumakuru,3,2025-04-14,2025,4,17,Afternoon (12PM-6PM),FIR,Heinous,Crimes Against Women,Sexual Assault,Charge Sheeted,13.32558,77.04133
1897,100230001202501897,Chamarajanagar,1,2025-10-09,2025,10,13,Afternoon (12PM-6PM),FIR,Non-Heinous,Crimes Against Women,Domestic Violence,Under Investigation,11.99064,77.08248
1898,700040001202501898,Mangaluru (Dakshina Kannada),1,2025-01-17,2025,1,5,Night (12AM-6AM),Zero FIR,Non-Heinous,Crimes Against Property,Dacoity,Under Investigation,12.89231,74.88302
1899,700190002202501899,Hassan,2,2025-06-02,2025,6,12,Afternoon (12PM-6PM),Zero FIR,Non-Heinous,Crimes Against Property,Burglary,Under Investigation,13.0673,76.07644
1900,100220002202501900,Yadgir,2,2025-07-04,2025,7,12,Afternoon (12PM-6PM),FIR,Heinous,Crimes Against Women,Molestation,Under Investigation,16.73353,77.16786
1901,400190001202601901,Hassan,1,2026-07-25,2026,7,13,Afternoon (12PM-6PM),UDR,Non-Heinous,Crimes Against Property,Theft,Under Investigation,12.87409,76.13695
1902,700030002202501902,Mysuru,2,2025-11-16,2025,11,0,Night (12AM-6AM),Zero FIR,Non-Heinous,Economic Offences,Forgery,Closed,12.35902,76.64466
1903,100220003202501903,Yadgir,3,2025-08-24,2025,8,12,Afternoon (12PM-6PM),FIR,Non-Heinous,Crimes Against Women,Dowry Harassment,Charge Sheeted,16.75671,77.13143
1904,100030001202601904,Mysuru,1,2026-05-26,2026,5,0,Night (12AM-6AM),FIR,Heinous,Crimes Against Women,Sexual Assault,False Case,12.27174,76.67574
1905,100090001202601905,Tumakuru,1,2026-04-05,2026,4,13,Afternoon (12PM-6PM),FIR,Non-Heinous,Crimes Against Women,Molestation,False Case,13.29291,77.07819
1906,100050001202601906,Belagavi,1,2026-04-10,2026,4,20,Evening (6PM-12AM),FIR,Non-Heinous,Crimes Against Women,Domestic Violence,Closed,15.98498,74.45288
1907,400050003202401907,Belagavi,3,2024-01-14,2024,1,8,Morning (6AM-12PM),UDR,Heinous,Crimes Against Women,Dowry Harassment,False Case,15.93339,74.54851
1908,100060002202601908,Kalaburagi,2,2026-07-08,2026,7,22,Evening (6PM-12AM),FIR,Non-Heinous,Crimes Against Property,Dacoity,False Case,17.29126,76.88179
1909,100020003202601909,Bengaluru Rural,3,2026-12-07,2026,12,12,Afternoon (12PM-6PM),FIR,Non-Heinous,Crimes Against Property,Robbery,Charge Sheeted,13.29653,77.44339
1910,100160001202301910,Udupi,1,2023-07-24,2023,7,14,Afternoon (12PM-6PM),FIR,Non-Heinous,Crimes Against Body,Murder,Closed,13.41113,74.77364
1911,700110004202501911,Davanagere,4,2025-09-16,2025,9,7,Morning (6AM-12PM),Zero FIR,Non-Heinous,Cyber Crime,Online Fraud,Under Investigation,14.50624,75.87575
1912,100010003202201912,Bengaluru City,3,2022-03-22,2022,3,6,Morning (6AM-12PM),FIR,Non-Heinous,Narcotics,NDPS Possession,Closed,12.86466,77.62836
1913,100120003202401913,Vijayapura,3,2024-09-24,2024,9,15,Afternoon (12PM-6PM),FIR,Non-Heinous,Crimes Against Body,Assault,Under Investigation,16.86894,75.77232
1914,100200004202401914,Chitradurga,4,2024-03-24,2024,3,10,Morning (6AM-12PM),FIR,Non-Heinous,Cyber Crime,Phishing,Undetected,14.18084,76.40209
1915,100150003202501915,Chikkamagaluru,3,2025-09-08,2025,9,7,Morning (6AM-12PM),FIR,Non-Heinous,Crimes Against Women,Domestic Violence,Closed,13.25164,75.87989
1916,100010003202201916,Bengaluru City,3,2022-02-17,2022,2,9,Morning (6AM-12PM),FIR,Non-Heinous,Crimes Against Body,Assault,Charge Sheeted,13.0813,77.57989
1917,100010001202201917,Bengaluru City,1,2022-01-16,2022,1,22,Evening (6PM-12AM),FIR,Non-Heinous,Crimes Against Property,Dacoity,Closed,12.91489,77.51887
1918,100030001202601918,Mysuru,1,2026-09-27,2026,9,7,Morning (6AM-12PM),FIR,Non-Heinous,Crimes Against Body,Assault,False Case,12.22668,76.63627
1919,100020004202501919,Bengaluru Rural,4,2025-07-15,2025,7,10,Morning (6AM-12PM),FIR,Heinous,Crimes Against Body,Murder,Undetected,13.259,77.45568
1920,100050002202501920,Belagavi,2,2025-10-23,2025,10,6,Morning (6AM-12PM),FIR,Non-Heinous,Crimes Against Property,Dacoity,Undetected,15.92757,74.58283
1921,100150003202601921,Chikkamagaluru,3,2026-09-15,2026,9,12,Afternoon (12PM-6PM),FIR,Non-Heinous,Crimes Against Body,Assault,False Case,13.30306,75.76521
1922,100190004202501922,Hassan,4,2025-12-08,2025,12,17,Afternoon (12PM-6PM),FIR,Non-Heinous,Crimes Against Women,Dowry Harassment,Under Investigation,13.0188,75.97786
1923,700250004202601923,Ramanagara,4,2026-12-07,2026,12,0,Night (12AM-6AM),Zero FIR,Heinous,Crimes Against Women,Dowry Harassment,Charge Sheeted,12.67466,77.25739
1924,100060003202301924,Kalaburagi,3,2023-07-01,2023,7,0,Night (12AM-6AM),FIR,Non-Heinous,Crimes Against Property,Dacoity,False Case,17.37314,76.80243
1925,100010001202501925,Bengaluru City,1,2025-07-27,2025,7,20,Evening (6PM-12AM),FIR,Non-Heinous,Crimes Against Body,Grievous Hurt,Under Investigation,13.02337,77.50178
1926,100180004202301926,Mandya,4,2023-05-25,2023,5,19,Evening (6PM-12AM),FIR,Non-Heinous,Economic Offences,Criminal Breach of Trust,False Case,12.57879,76.8629
1927,100230002202601927,Chamarajanagar,2,2026-11-20,2026,11,2,Night (12AM-6AM),FIR,Non-Heinous,Crimes Against Property,Burglary,Charge Sheeted,11.80101,76.86129
1928,100160002202601928,Udupi,2,2026-11-18,2026,11,5,Night (12AM-6AM),FIR,Non-Heinous,Crimes Against Property,Burglary,Charge Sheeted,13.41496,74.74776
1929,700080003202601929,Ballari,3,2026-06-23,2026,6,9,Morning (6AM-12PM),Zero FIR,Non-Heinous,Economic Offences,Forgery,Closed,15.19228,76.95635
1930,100130002202601930,Raichur,2,2026-06-10,2026,6,22,Evening (6PM-12AM),FIR,Non-Heinous,Cyber Crime,Online Fraud,Undetected,16.31693,77.35114
1931,100100001202601931,Shivamogga,1,2026-12-03,2026,12,17,Afternoon (12PM-6PM),FIR,Non-Heinous,Crimes Against Property,Theft,Closed,14.0217,75.55848
1932,100010003202301932,Bengaluru City,3,2023-09-05,2023,9,21,Evening (6PM-12AM),PAR,Heinous,Crimes Against Body,Murder,Charge Sheeted,12.98545,77.56337
1933,400150003202301933,Chikkamagaluru,3,2023-11-15,2023,11,21,Evening (6PM-12AM),UDR,Non-Heinous,Crimes Against Women,Dowry Harassment,Charge Sheeted,13.33189,75.78018
1934,100010004202201934,Bengaluru City,4,2022-05-15,2022,5,0,Night (12AM-6AM),FIR,Non-Heinous,Crimes Against Body,Assault,False Case,12.8737,77.54175
1935,100070004202601935,Hubballi-Dharwad,4,2026-08-25,2026,8,14,Afternoon (12PM-6PM),FIR,Non-Heinous,Cyber Crime,Online Fraud,Under Investigation,15.43357,75.15266
1936,400160004202301936,Udupi,4,2023-10-08,2023,10,15,Afternoon (12PM-6PM),UDR,Non-Heinous,Crimes Against Body,Murder,Under Investigation,13.3523,74.80408
1937,100050003202401937,Belagavi,3,2024-10-12,2024,10,7,Morning (6AM-12PM),FIR,Non-Heinous,Crimes Against Property,Burglary,Undetected,15.8235,74.45348
1938,100070004202201938,Hubballi-Dharwad,4,2022-10-27,2022,10,5,Night (12AM-6AM),FIR,Non-Heinous,Crimes Against Property,Dacoity,Charge Sheeted,15.40021,75.10181
1939,100260002202301939,Chikkaballapur,2,2023-08-14,2023,8,9,Morning (6AM-12PM),FIR,Non-Heinous,Crimes Against Property,Robbery,Charge Sheeted,13.40066,77.73549
1940,100020003202601940,Bengaluru Rural,3,2026-08-23,2026,8,6,Morning (6AM-12PM),FIR,Non-Heinous,Crimes Against Body,Murder,Under Investigation,13.30583,77.62351
1941,100130004202301941,Raichur,4,2023-09-26,2023,9,21,Evening (6PM-12AM),FIR,Non-Heinous,Crimes Against Body,Assault,Closed,16.18244,77.32992
1942,700290001202601942,Gadag,1,2026-06-21,2026,6,19,Evening (6PM-12AM),Zero FIR,Non-Heinous,Crimes Against Women,Sexual Assault,Under Investigation,15.43838,75.62353
1943,100250004202401943,Ramanagara,4,2024-03-04,2024,3,5,Night (12AM-6AM),FIR,Heinous,Crimes Against Women,Molestation,False Case,12.71409,77.25803
1944,100010001202401944,Bengaluru City,1,2024-02-27,2024,2,21,Evening (6PM-12AM),FIR,Non-Heinous,Economic Offences,Forgery,Charge Sheeted,13.0007,77.68202
1945,100150002202501945,Chikkamagaluru,2,2025-09-09,2025,9,11,Morning (6AM-12PM),FIR,Non-Heinous,Crimes Against Property,Dacoity,Under Investigation,13.39311,75.804
1946,100150002202601946,Chikkamagaluru,2,2026-05-02,2026,5,15,Afternoon (12PM-6PM),FIR,Non-Heinous,Crimes Against Property,Theft,Under Investigation,13.26114,75.75573
1947,100170001202501947,Kolar,1,2025-04-10,2025,4,16,Afternoon (12PM-6PM),FIR,Non-Heinous,Crimes Against Property,Theft,Under Investigation,13.16016,78.03722
1948,100190004202601948,Hassan,4,2026-02-13,2026,2,6,Morning (6AM-12PM),FIR,Non-Heinous,Crimes Against Property,Theft,Under Investigation,13.00936,76.08768
1949,100230002202301949,Chamarajanagar,2,2023-04-01,2023,4,10,Morning (6AM-12PM),FIR,Non-Heinous,Crimes Against Property,Robbery,Under Investigation,11.94477,76.94392
1950,100080001202301950,Ballari,1,2023-05-17,2023,5,14,Afternoon (12PM-6PM),FIR,Non-Heinous,Cyber Crime,Cyberstalking,Charge Sheeted,15.1779,76.96126
1951,400150002202301951,Chikkamagaluru,2,2023-12-01,2023,12,7,Morning (6AM-12PM),UDR,Non-Heinous,Crimes Against Body,Grievous Hurt,Closed,13.34275,75.764
1952,100010002202501952,Bengaluru City,2,2025-11-25,2025,11,17,Afternoon (12PM-6PM),PAR,Non-Heinous,Public Order,Unlawful Assembly,Closed,12.99394,77.62357
1953,100110002202601953,Davanagere,2,2026-10-22,2026,10,8,Morning (6AM-12PM),FIR,Non-Heinous,Crimes Against Women,Sexual Assault,Closed,14.42289,75.99975
1954,700120004202501954,Vijayapura,4,2025-06-27,2025,6,14,Afternoon (12PM-6PM),Zero FIR,Non-Heinous,Cyber Crime,Phishing,Closed,16.83162,75.68032
1955,100170001202501955,Kolar,1,2025-06-26,2025,6,0,Night (12AM-6AM),FIR,Non-Heinous,Crimes Against Body,Assault,Under Investigation,13.14974,78.05662
1956,100050001202501956,Belagavi,1,2025-04-22,2025,4,14,Afternoon (12PM-6PM),FIR,Non-Heinous,Crimes Against Property,Burglary,Closed,15.88454,74.48596
1957,100010001202601957,Bengaluru City,1,2026-09-14,2026,9,3,Night (12AM-6AM),PAR,Non-Heinous,Crimes Against Property,Burglary,Charge Sheeted,12.90939,77.56843
1958,100030004202501958,Mysuru,4,2025-12-02,2025,12,13,Afternoon (12PM-6PM),FIR,Non-Heinous,Economic Offences,Cheating,Charge Sheeted,12.10593,76.50457
1959,100190002202501959,Hassan,2,2025-11-15,2025,11,14,Afternoon (12PM-6PM),PAR,Non-Heinous,Crimes Against Property,Burglary,Undetected,12.9102,76.01139
1960,100080003202301960,Ballari,3,2023-06-03,2023,6,7,Morning (6AM-12PM),FIR,Non-Heinous,Cyber Crime,Identity Theft,Under Investigation,15.07346,76.86789
1961,100050004202301961,Belagavi,4,2023-05-16,2023,5,19,Evening (6PM-12AM),FIR,Non-Heinous,Crimes Against Women,Dowry Harassment,False Case,15.70977,74.45755
1962,100140003202401962,Bidar,3,2024-07-03,2024,7,8,Morning (6AM-12PM),FIR,Non-Heinous,Cyber Crime,Phishing,Charge Sheeted,17.89797,77.52668
1963,100070002202401963,Hubballi-Dharwad,2,2024-01-27,2024,1,1,Night (12AM-6AM),FIR,Non-Heinous,Cyber Crime,Identity Theft,False Case,15.25067,74.91299
1964,100010001202501964,Bengaluru City,1,2025-11-10,2025,11,19,Evening (6PM-12AM),FIR,Heinous,Crimes Against Body,Murder,Charge Sheeted,12.91991,77.5241
1965,100020001202401965,Bengaluru Rural,1,2024-08-05,2024,8,20,Evening (6PM-12AM),FIR,Non-Heinous,Crimes Against Property,Burglary,Under Investigation,13.29389,77.58136
1966,100090004202301966,Tumakuru,4,2023-03-10,2023,3,7,Morning (6AM-12PM),FIR,Non-Heinous,Crimes Against Property,Theft,Under Investigation,13.46097,77.08628
1967,100010004202401967,Bengaluru City,4,2024-02-13,2024,2,19,Evening (6PM-12AM),FIR,Non-Heinous,Economic Offences,Cheating,Undetected,12.97965,77.56039
1968,100250002202401968,Ramanagara,2,2024-10-08,2024,10,17,Afternoon (12PM-6PM),PAR,Non-Heinous,Crimes Against Women,Sexual Assault,Under Investigation,12.74414,77.22922
1969,100110004202501969,Davanagere,4,2025-11-03,2025,11,4,Night (12AM-6AM),FIR,Non-Heinous,Economic Offences,Forgery,Under Investigation,14.43264,75.93753
1970,100250002202601970,Ramanagara,2,2026-08-26,2026,8,21,Evening (6PM-12AM),FIR,Non-Heinous,Crimes Against Women,Dowry Harassment,Under Investigation,12.75556,77.26684
1971,700030003202501971,Mysuru,3,2025-08-03,2025,8,14,Afternoon (12PM-6PM),Zero FIR,Non-Heinous,Crimes Against Property,Robbery,Charge Sheeted,12.35508,76.61336
1972,100140002202301972,Bidar,2,2023-10-06,2023,10,20,Evening (6PM-12AM),FIR,Non-Heinous,Cyber Crime,Online Fraud,Charge Sheeted,17.82917,77.54733
1973,100030002202301973,Mysuru,2,2023-11-25,2023,11,8,Morning (6AM-12PM),FIR,Non-Heinous,Crimes Against Property,Burglary,Under Investigation,12.23224,76.74693
1974,100050003202301974,Belagavi,3,2023-10-21,2023,10,3,Night (12AM-6AM),FIR,Heinous,Crimes Against Body,Murder,Closed,15.84195,74.54072
1975,400050004202401975,Belagavi,4,2024-12-08,2024,12,23,Evening (6PM-12AM),UDR,Heinous,Narcotics,NDPS Trafficking,Closed,15.92177,74.40491
1976,100070002202201976,Hubballi-Dharwad,2,2022-06-25,2022,6,11,Morning (6AM-12PM),FIR,Heinous,Narcotics,NDPS Possession,Under Investigation,15.38004,75.12416
1977,100110002202601977,Davanagere,2,2026-04-05,2026,4,23,Evening (6PM-12AM),FIR,Non-Heinous,Crimes Against Property,Dacoity,Closed,14.36547,75.88362
1978,700240003202501978,Kodagu,3,2025-07-05,2025,7,5,Night (12AM-6AM),Zero FIR,Non-Heinous,Crimes Against Property,Theft,False Case,12.29049,75.75332
1979,100010004202601979,Bengaluru City,4,2026-07-10,2026,7,20,Evening (6PM-12AM),FIR,Non-Heinous,Public Order,Unlawful Assembly,Closed,13.01124,77.5345
1980,100170003202201980,Kolar,3,2022-07-23,2022,7,10,Morning (6AM-12PM),FIR,Non-Heinous,Crimes Against Property,Robbery,Under Investigation,13.12659,78.03908
1981,100070003202601981,Hubballi-Dharwad,3,2026-02-03,2026,2,13,Afternoon (12PM-6PM),FIR,Non-Heinous,Crimes Against Body,Attempt to Murder,False Case,15.27858,75.07502
1982,100230003202601982,Chamarajanagar,3,2026-06-13,2026,6,6,Morning (6AM-12PM),FIR,Non-Heinous,Economic Offences,Cheating,Charge Sheeted,11.94021,76.9285
1983,100250001202501983,Ramanagara,1,2025-01-26,2025,1,4,Night (12AM-6AM),FIR,Non-Heinous,Narcotics,NDPS Trafficking,False Case,12.71436,77.15818
1984,100030003202501984,Mysuru,3,2025-07-14,2025,7,16,Afternoon (12PM-6PM),FIR,Non-Heinous,Economic Offences,Cheating,Charge Sheeted,12.28722,76.62616
1985,100070002202301985,Hubballi-Dharwad,2,2023-04-24,2023,4,2,Night (12AM-6AM),FIR,Non-Heinous,Crimes Against Property,Robbery,Under Investigation,15.38741,75.10597
1986,700050001202301986,Belagavi,1,2023-03-27,2023,3,20,Evening (6PM-12AM),Zero FIR,Non-Heinous,Crimes Against Body,Murder,Under Investigation,15.73464,74.53815
1987,700020004202301987,Bengaluru Rural,4,2023-03-06,2023,3,18,Evening (6PM-12AM),Zero FIR,Non-Heinous,Crimes Against Property,Theft,Under Investigation,13.28741,77.46891
1988,100050004202501988,Belagavi,4,2025-06-26,2025,6,1,Night (12AM-6AM),FIR,Non-Heinous,Crimes Against Women,Dowry Harassment,Closed,15.87134,74.58735
1989,100170004202201989,Kolar,4,2022-11-01,2022,11,2,Night (12AM-6AM),FIR,Non-Heinous,Crimes Against Property,Robbery,Closed,13.09768,78.20959
1990,400180003202401990,Mandya,3,2024-10-24,2024,10,15,Afternoon (12PM-6PM),UDR,Non-Heinous,Crimes Against Property,Burglary,Under Investigation,12.47531,76.92692
1991,400020001202401991,Bengaluru Rural,1,2024-12-15,2024,12,4,Night (12AM-6AM),UDR,Non-Heinous,Crimes Against Property,Burglary,Charge Sheeted,13.19932,77.58341
1992,100050002202201992,Belagavi,2,2022-09-25,2022,9,18,Evening (6PM-12AM),FIR,Non-Heinous,Economic Offences,Criminal Breach of Trust,Charge Sheeted,15.90582,74.4344
1993,100190004202601993,Hassan,4,2026-10-27,2026,10,17,Afternoon (12PM-6PM),FIR,Heinous,Crimes Against Body,Assault,Undetected,13.00207,76.07539
1994,100240002202601994,Kodagu,2,2026-03-24,2026,3,9,Morning (6AM-12PM),FIR,Non-Heinous,Economic Offences,Criminal Breach of Trust,Charge Sheeted,12.38882,75.8616
1995,100070002202201995,Hubballi-Dharwad,2,2022-02-13,2022,2,1,Night (12AM-6AM),FIR,Non-Heinous,Cyber Crime,Online Fraud,Under Investigation,15.4292,75.16475
1996,100100004202201996,Shivamogga,4,2022-07-19,2022,7,7,Morning (6AM-12PM),FIR,Non-Heinous,Narcotics,NDPS Possession,Charge Sheeted,13.96354,75.6138
1997,100050002202201997,Belagavi,2,2022-06-18,2022,6,0,Night (12AM-6AM),FIR,Heinous,Crimes Against Body,Grievous Hurt,Under Investigation,15.82949,74.40519
1998,100130002202501998,Raichur,2,2025-05-08,2025,5,6,Morning (6AM-12PM),PAR,Heinous,Narcotics,NDPS Possession,Charge Sheeted,16.24296,77.32476
1999,400300004202201999,Uttara Kannada,4,2022-05-13,2022,5,19,Evening (6PM-12AM),UDR,Heinous,Crimes Against Body,Assault,Closed,14.80772,74.6544
2000,100090003202202000,Tumakuru,3,2022-07-17,2022,7,19,Evening (6PM-12AM),FIR,Non-Heinous,Crimes Against Property,Burglary,Under Investigation,13.37523,77.10261
2001,100020004202602001,Bengaluru Rural,4,2026-06-02,2026,6,11,Morning (6AM-12PM),FIR,Non-Heinous,Crimes Against Women,Molestation,Under Investigation,13.35464,77.62236
2002,100180002202202002,Mandya,2,2022-01-02,2022,1,8,Morning (6AM-12PM),FIR,Non-Heinous,Crimes Against Property,Dacoity,Closed,12.5622,76.85342
2003,100080004202502003,Ballari,4,2025-12-09,2025,12,13,Afternoon (12PM-6PM),PAR,Non-Heinous,Cyber Crime,Identity Theft,Undetected,15.13402,76.98077
2004,400280002202602004,Haveri,2,2026-02-14,2026,2,20,Evening (6PM-12AM),UDR,Heinous,Crimes Against Body,Murder,Charge Sheeted,14.63726,75.41334
2005,100010004202202005,Bengaluru City,4,2022-01-24,2022,1,22,Evening (6PM-12AM),FIR,Non-Heinous,Cyber Crime,Online Fraud,Under Investigation,12.89932,77.6069
2006,100040001202402006,Mangaluru (Dakshina Kannada),1,2024-04-10,2024,4,17,Afternoon (12PM-6PM),FIR,Non-Heinous,Cyber Crime,Identity Theft,Under Investigation,12.89595,74.91385
2007,100010002202502007,Bengaluru City,2,2025-01-21,2025,1,7,Morning (6AM-12PM),FIR,Non-Heinous,Crimes Against Body,Attempt to Murder,Under Investigation,12.98462,77.62704
2008,100020001202402008,Bengaluru Rural,1,2024-02-21,2024,2,5,Night (12AM-6AM),FIR,Non-Heinous,Crimes Against Property,Robbery,Charge Sheeted,13.20255,77.51175
2009,100190001202402009,Hassan,1,2024-07-16,2024,7,10,Morning (6AM-12PM),FIR,Heinous,Crimes Against Women,Domestic Violence,Under Investigation,13.11915,76.11521
2010,400010003202302010,Bengaluru City,3,2023-11-06,2023,11,0,Night (12AM-6AM),UDR,Non-Heinous,Crimes Against Women,Dowry Harassment,Under Investigation,13.03298,77.63093
2011,100100004202202011,Shivamogga,4,2022-12-12,2022,12,10,Morning (6AM-12PM),FIR,Non-Heinous,Crimes Against Property,Theft,Charge Sheeted,13.98791,75.52831
2012,400010001202402012,Bengaluru City,1,2024-02-11,2024,2,5,Night (12AM-6AM),UDR,Non-Heinous,Crimes Against Body,Grievous Hurt,Closed,12.91972,77.66842
2013,100250002202502013,Ramanagara,2,2025-08-06,2025,8,11,Morning (6AM-12PM),PAR,Non-Heinous,Crimes Against Property,Robbery,Closed,12.72633,77.31276
2014,100050002202602014,Belagavi,2,2026-04-10,2026,4,9,Morning (6AM-12PM),PAR,Non-Heinous,Public Order,Unlawful Assembly,Undetected,15.80418,74.51386
2015,100030003202302015,Mysuru,3,2023-02-04,2023,2,20,Evening (6PM-12AM),FIR,Non-Heinous,Crimes Against Property,Theft,Charge Sheeted,12.3289,76.64795
2016,100190003202402016,Hassan,3,2024-04-02,2024,4,20,Evening (6PM-12AM),FIR,Non-Heinous,Narcotics,NDPS Trafficking,Under Investigation,12.9926,76.07493
2017,100100004202502017,Shivamogga,4,2025-02-26,2025,2,23,Evening (6PM-12AM),FIR,Non-Heinous,Crimes Against Property,Theft,Under Investigation,13.85571,75.50677
2018,100110001202502018,Davanagere,1,2025-06-11,2025,6,4,Night (12AM-6AM),FIR,Non-Heinous,Crimes Against Property,Burglary,Charge Sheeted,14.49045,75.86997
2019,100050001202202019,Belagavi,1,2022-12-21,2022,12,16,Afternoon (12PM-6PM),FIR,Non-Heinous,Economic Offences,Forgery,Under Investigation,15.90171,74.45813
2020,400020003202602020,Bengaluru Rural,3,2026-02-10,2026,2,11,Morning (6AM-12PM),UDR,Non-Heinous,Crimes Against Body,Grievous Hurt,Under Investigation,13.33992,77.45215
2021,100030001202402021,Mysuru,1,2024-12-12,2024,12,5,Night (12AM-6AM),FIR,Non-Heinous,Crimes Against Property,Robbery,Closed,12.34579,76.56636
2022,100110001202202022,Davanagere,1,2022-12-12,2022,12,21,Evening (6PM-12AM),FIR,Non-Heinous,Crimes Against Women,Dowry Harassment,Undetected,14.36114,75.85281
2023,700160003202602023,Udupi,3,2026-05-07,2026,5,22,Evening (6PM-12AM),Zero FIR,Non-Heinous,Crimes Against Property,Robbery,Charge Sheeted,13.37696,74.7331
2024,100240003202202024,Kodagu,3,2022-07-14,2022,7,3,Night (12AM-6AM),FIR,Heinous,Crimes Against Women,Sexual Assault,Under Investigation,12.31403,75.86882
2025,100110001202302025,Davanagere,1,2023-09-23,2023,9,9,Morning (6AM-12PM),PAR,Non-Heinous,Crimes Against Property,Dacoity,Charge Sheeted,14.39985,75.99352
2026,100280002202402026,Haveri,2,2024-09-17,2024,9,2,Night (12AM-6AM),FIR,Non-Heinous,Cyber Crime,Cyberstalking,Under Investigation,14.75612,75.37898
2027,100050002202502027,Belagavi,2,2025-12-05,2025,12,20,Evening (6PM-12AM),FIR,Non-Heinous,Narcotics,NDPS Possession,Under Investigation,15.92098,74.43585
2028,100010003202302028,Bengaluru City,3,2023-06-26,2023,6,3,Night (12AM-6AM),FIR,Non-Heinous,Crimes Against Property,Theft,Under Investigation,12.98293,77.52654
2029,400230002202602029,Chamarajanagar,2,2026-04-16,2026,4,16,Afternoon (12PM-6PM),UDR,Non-Heinous,Crimes Against Property,Dacoity,Under Investigation,11.88968,76.95821
2030,100130003202402030,Raichur,3,2024-03-19,2024,3,13,Afternoon (12PM-6PM),FIR,Non-Heinous,Crimes Against Women,Domestic Violence,Charge Sheeted,16.17737,77.30273
2031,100090001202502031,Tumakuru,1,2025-03-02,2025,3,9,Morning (6AM-12PM),FIR,Non-Heinous,Crimes Against Property,Theft,Charge Sheeted,13.41245,77.05386
2032,700050004202202032,Belagavi,4,2022-09-06,2022,9,22,Evening (6PM-12AM),Zero FIR,Non-Heinous,Crimes Against Property,Burglary,Charge Sheeted,15.92955,74.48272
2033,100230004202202033,Chamarajanagar,4,2022-08-18,2022,8,6,Morning (6AM-12PM),FIR,Non-Heinous,Crimes Against Property,Dacoity,Closed,11.98541,77.00159
2034,100230001202502034,Chamarajanagar,1,2025-03-06,2025,3,11,Morning (6AM-12PM),FIR,Non-Heinous,Public Order,Unlawful Assembly,False Case,11.95293,77.00834
2035,100050003202202035,Belagavi,3,2022-03-08,2022,3,10,Morning (6AM-12PM),FIR,Non-Heinous,Crimes Against Property,Robbery,Closed,15.84795,74.37264
2036,100280002202202036,Haveri,2,2022-07-03,2022,7,22,Evening (6PM-12AM),FIR,Non-Heinous,Crimes Against Property,Dacoity,False Case,14.86485,75.3813
2037,100060004202202037,Kalaburagi,4,2022-12-20,2022,12,21,Evening (6PM-12AM),FIR,Non-Heinous,Crimes Against Property,Burglary,Charge Sheeted,17.33134,76.90311
2038,400110001202402038,Davanagere,1,2024-07-25,2024,7,23,Evening (6PM-12AM),UDR,Non-Heinous,Crimes Against Property,Theft,False Case,14.41437,75.9937
2039,100250003202502039,Ramanagara,3,2025-10-09,2025,10,0,Night (12AM-6AM),FIR,Heinous,Crimes Against Women,Molestation,Closed,12.71062,77.39298
2040,100190004202602040,Hassan,4,2026-08-03,2026,8,22,Evening (6PM-12AM),FIR,Heinous,Crimes Against Women,Dowry Harassment,Under Investigation,12.85219,76.27054
2041,100130001202402041,Raichur,1,2024-09-15,2024,9,11,Morning (6AM-12PM),FIR,Non-Heinous,Economic Offences,Forgery,Charge Sheeted,16.29389,77.41225
2042,100090002202402042,Tumakuru,2,2024-11-04,2024,11,6,Morning (6AM-12PM),FIR,Non-Heinous,Crimes Against Property,Theft,Charge Sheeted,13.34196,77.09277
2043,100020002202402043,Bengaluru Rural,2,2024-07-09,2024,7,4,Night (12AM-6AM),FIR,Non-Heinous,Public Order,Rioting,False Case,13.23719,77.55153
2044,100270002202602044,Bagalkot,2,2026-11-13,2026,11,23,Evening (6PM-12AM),PAR,Non-Heinous,Crimes Against Body,Attempt to Murder,Under Investigation,16.29454,75.663
2045,100090004202602045,Tumakuru,4,2026-06-24,2026,6,10,Morning (6AM-12PM),FIR,Heinous,Crimes Against Women,Domestic Violence,Charge Sheeted,13.38199,77.16952
2046,100010004202602046,Bengaluru City,4,2026-08-07,2026,8,19,Evening (6PM-12AM),PAR,Non-Heinous,Crimes Against Body,Murder,Charge Sheeted,12.93891,77.52946
2047,100170001202602047,Kolar,1,2026-02-10,2026,2,7,Morning (6AM-12PM),FIR,Non-Heinous,Crimes Against Women,Domestic Violence,Charge Sheeted,13.13597,78.09558
2048,100290002202402048,Gadag,2,2024-07-12,2024,7,23,Evening (6PM-12AM),FIR,Non-Heinous,Crimes Against Property,Dacoity,Charge Sheeted,15.4202,75.60631
2049,400090002202402049,Tumakuru,2,2024-02-05,2024,2,20,Evening (6PM-12AM),UDR,Non-Heinous,Cyber Crime,Identity Theft,False Case,13.33947,77.13799
2050,100200003202602050,Chitradurga,3,2026-07-01,2026,7,15,Afternoon (12PM-6PM),PAR,Non-Heinous,Economic Offences,Criminal Breach of Trust,Under Investigation,14.23214,76.42607
2051,700190002202302051,Hassan,2,2023-07-27,2023,7,18,Evening (6PM-12AM),Zero FIR,Non-Heinous,Crimes Against Property,Theft,Closed,12.98774,76.16409
2052,100080001202402052,Ballari,1,2024-08-15,2024,8,19,Evening (6PM-12AM),FIR,Non-Heinous,Crimes Against Property,Dacoity,False Case,15.18589,76.87874
2053,100280003202302053,Haveri,3,2023-03-18,2023,3,13,Afternoon (12PM-6PM),PAR,Non-Heinous,Crimes Against Body,Murder,Under Investigation,14.89395,75.39266
2054,100030002202602054,Mysuru,2,2026-05-20,2026,5,22,Evening (6PM-12AM),FIR,Non-Heinous,Crimes Against Women,Sexual Assault,Under Investigation,12.24214,76.64452
2055,100100004202402055,Shivamogga,4,2024-09-04,2024,9,5,Night (12AM-6AM),FIR,Heinous,Crimes Against Women,Dowry Harassment,Under Investigation,13.85834,75.62037
2056,100070004202502056,Hubballi-Dharwad,4,2025-10-01,2025,10,21,Evening (6PM-12AM),FIR,Heinous,Crimes Against Body,Grievous Hurt,False Case,15.34428,75.17736
2057,100220003202202057,Yadgir,3,2022-11-21,2022,11,17,Afternoon (12PM-6PM),FIR,Non-Heinous,Narcotics,NDPS Trafficking,Under Investigation,16.76019,77.18978
2058,100130004202302058,Raichur,4,2023-10-02,2023,10,4,Night (12AM-6AM),PAR,Heinous,Narcotics,NDPS Possession,Under Investigation,16.20352,77.31536
2059,400210002202602059,Koppal,2,2026-01-26,2026,1,12,Afternoon (12PM-6PM),UDR,Non-Heinous,Economic Offences,Criminal Breach of Trust,Under Investigation,15.27094,76.18683
2060,100090004202602060,Tumakuru,4,2026-09-27,2026,9,2,Night (12AM-6AM),FIR,Non-Heinous,Crimes Against Property,Dacoity,Charge Sheeted,13.29198,77.17264
2061,100070003202302061,Hubballi-Dharwad,3,2023-09-23,2023,9,20,Evening (6PM-12AM),FIR,Non-Heinous,Cyber Crime,Phishing,Charge Sheeted,15.38776,75.0625
2062,100150004202402062,Chikkamagaluru,4,2024-07-26,2024,7,13,Afternoon (12PM-6PM),FIR,Non-Heinous,Crimes Against Property,Robbery,Under Investigation,13.30762,75.86626
2063,100130003202402063,Raichur,3,2024-03-26,2024,3,20,Evening (6PM-12AM),FIR,Heinous,Crimes Against Body,Murder,Charge Sheeted,16.15008,77.44772
2064,100110002202202064,Davanagere,2,2022-06-06,2022,6,20,Evening (6PM-12AM),FIR,Non-Heinous,Economic Offences,Criminal Breach of Trust,False Case,14.33866,75.96628
2065,700230001202502065,Chamarajanagar,1,2025-07-27,2025,7,14,Afternoon (12PM-6PM),Zero FIR,Non-Heinous,Crimes Against Property,Theft,Closed,11.91446,76.9632
2066,100120004202302066,Vijayapura,4,2023-10-12,2023,10,2,Night (12AM-6AM),PAR,Non-Heinous,Crimes Against Body,Attempt to Murder,Undetected,16.82492,75.73306
2067,100030001202302067,Mysuru,1,2023-03-21,2023,3,17,Afternoon (12PM-6PM),FIR,Heinous,Crimes Against Women,Domestic Violence,Charge Sheeted,12.36422,76.60681
2068,100250001202402068,Ramanagara,1,2024-11-04,2024,11,13,Afternoon (12PM-6PM),FIR,Heinous,Crimes Against Body,Assault,Closed,12.81426,77.22
2069,100090003202602069,Tumakuru,3,2026-08-25,2026,8,0,Night (12AM-6AM),PAR,Heinous,Crimes Against Body,Attempt to Murder,Charge Sheeted,13.27033,77.1938
2070,100020003202402070,Bengaluru Rural,3,2024-05-12,2024,5,2,Night (12AM-6AM),FIR,Non-Heinous,Crimes Against Property,Dacoity,Closed,13.40874,77.54107
2071,100040001202202071,Mangaluru (Dakshina Kannada),1,2022-08-03,2022,8,13,Afternoon (12PM-6PM),FIR,Heinous,Narcotics,NDPS Possession,Under Investigation,12.96046,74.86705
2072,100050003202602072,Belagavi,3,2026-02-09,2026,2,7,Morning (6AM-12PM),FIR,Non-Heinous,Cyber Crime,Online Fraud,Charge Sheeted,15.80506,74.51526
2073,100130002202502073,Raichur,2,2025-07-24,2025,7,23,Evening (6PM-12AM),FIR,Non-Heinous,Crimes Against Body,Assault,Charge Sheeted,16.29969,77.3689
2074,100040004202502074,Mangaluru (Dakshina Kannada),4,2025-11-19,2025,11,7,Morning (6AM-12PM),FIR,Non-Heinous,Crimes Against Property,Dacoity,Charge Sheeted,12.85568,74.84048
2075,100040004202602075,Mangaluru (Dakshina Kannada),4,2026-02-02,2026,2,23,Evening (6PM-12AM),FIR,Non-Heinous,Crimes Against Body,Attempt to Murder,Charge Sheeted,12.89054,74.88855
2076,100060003202402076,Kalaburagi,3,2024-08-18,2024,8,22,Evening (6PM-12AM),FIR,Heinous,Crimes Against Body,Assault,Closed,17.32678,76.86835
2077,100030004202402077,Mysuru,4,2024-01-04,2024,1,10,Morning (6AM-12PM),PAR,Non-Heinous,Crimes Against Property,Dacoity,Closed,12.30966,76.58319
2078,100250003202402078,Ramanagara,3,2024-06-26,2024,6,18,Evening (6PM-12AM),FIR,Non-Heinous,Crimes Against Women,Dowry Harassment,False Case,12.75253,77.33428
2079,100030003202202079,Mysuru,3,2022-05-07,2022,5,15,Afternoon (12PM-6PM),FIR,Non-Heinous,Crimes Against Property,Robbery,Charge Sheeted,12.26578,76.62767
2080,100240003202502080,Kodagu,3,2025-04-16,2025,4,10,Morning (6AM-12PM),FIR,Non-Heinous,Crimes Against Property,Burglary,Closed,12.35677,75.81391
2081,100240002202402081,Kodagu,2,2024-08-27,2024,8,4,Night (12AM-6AM),PAR,Non-Heinous,Crimes Against Property,Theft,Under Investigation,12.42902,75.79246
2082,100020004202602082,Bengaluru Rural,4,2026-09-10,2026,9,12,Afternoon (12PM-6PM),FIR,Non-Heinous,Crimes Against Body,Murder,Under Investigation,13.26652,77.452
2083,100050004202502083,Belagavi,4,2025-03-19,2025,3,20,Evening (6PM-12AM),FIR,Non-Heinous,Crimes Against Women,Molestation,Closed,15.93393,74.54672
2084,100020004202402084,Bengaluru Rural,4,2024-01-01,2024,1,6,Morning (6AM-12PM),FIR,Non-Heinous,Crimes Against Body,Attempt to Murder,False Case,13.17397,77.55709
2085,100170003202602085,Kolar,3,2026-02-11,2026,2,8,Morning (6AM-12PM),FIR,Non-Heinous,Crimes Against Body,Assault,Under Investigation,13.0999,78.14399
2086,100110002202302086,Davanagere,2,2023-07-22,2023,7,21,Evening (6PM-12AM),FIR,Non-Heinous,Economic Offences,Cheating,Charge Sheeted,14.51283,75.95288
2087,100020001202502087,Bengaluru Rural,1,2025-12-21,2025,12,1,Night (12AM-6AM),FIR,Heinous,Crimes Against Body,Assault,Charge Sheeted,13.35071,77.49865
2088,100050002202402088,Belagavi,2,2024-10-22,2024,10,2,Night (12AM-6AM),FIR,Non-Heinous,Crimes Against Property,Dacoity,Charge Sheeted,15.81374,74.4119
2089,100280002202202089,Haveri,2,2022-01-22,2022,1,20,Evening (6PM-12AM),FIR,Non-Heinous,Cyber Crime,Cyberstalking,False Case,14.88523,75.48381
2090,100120003202402090,Vijayapura,3,2024-07-19,2024,7,8,Morning (6AM-12PM),PAR,Non-Heinous,Crimes Against Property,Theft,Undetected,16.76803,75.71896
2091,100010003202602091,Bengaluru City,3,2026-08-26,2026,8,16,Afternoon (12PM-6PM),FIR,Non-Heinous,Economic Offences,Cheating,Closed,12.97149,77.54742
2092,100250003202602092,Ramanagara,3,2026-10-17,2026,10,11,Morning (6AM-12PM),FIR,Non-Heinous,Crimes Against Body,Assault,Under Investigation,12.85514,77.27511
2093,100060001202502093,Kalaburagi,1,2025-10-12,2025,10,17,Afternoon (12PM-6PM),FIR,Heinous,Crimes Against Women,Sexual Assault,Charge Sheeted,17.3697,76.83359
2094,100190001202402094,Hassan,1,2024-07-20,2024,7,8,Morning (6AM-12PM),FIR,Non-Heinous,Crimes Against Property,Theft,Charge Sheeted,13.0027,76.16739
2095,100190001202302095,Hassan,1,2023-03-16,2023,3,3,Night (12AM-6AM),FIR,Non-Heinous,Public Order,Unlawful Assembly,Under Investigation,12.91255,76.12484
2096,100040003202602096,Mangaluru (Dakshina Kannada),3,2026-09-17,2026,9,10,Morning (6AM-12PM),FIR,Non-Heinous,Economic Offences,Cheating,Charge Sheeted,12.85518,74.88038
2097,400050004202302097,Belagavi,4,2023-07-06,2023,7,11,Morning (6AM-12PM),UDR,Heinous,Crimes Against Body,Grievous Hurt,Closed,15.82399,74.51893
2098,100070001202402098,Hubballi-Dharwad,1,2024-03-02,2024,3,10,Morning (6AM-12PM),FIR,Heinous,Crimes Against Women,Domestic Violence,Closed,15.30442,75.13475
2099,400030002202602099,Mysuru,2,2026-06-03,2026,6,9,Morning (6AM-12PM),UDR,Non-Heinous,Crimes Against Property,Dacoity,Closed,12.39246,76.72096
2100,100010002202402100,Bengaluru City,2,2024-05-04,2024,5,6,Morning (6AM-12PM),FIR,Non-Heinous,Economic Offences,Cheating,Undetected,13.03319,77.60268
2101,700120003202502101,Vijayapura,3,2025-01-12,2025,1,2,Night (12AM-6AM),Zero FIR,Non-Heinous,Narcotics,NDPS Trafficking,Closed,16.91525,75.71204
2102,100050004202402102,Belagavi,4,2024-04-08,2024,4,18,Evening (6PM-12AM),FIR,Non-Heinous,Crimes Against Property,Burglary,Charge Sheeted,15.81738,74.45497
2103,100130003202302103,Raichur,3,2023-02-07,2023,2,4,Night (12AM-6AM),FIR,Non-Heinous,Crimes Against Women,Molestation,False Case,16.23055,77.3822
2104,100050004202302104,Belagavi,4,2023-11-15,2023,11,6,Morning (6AM-12PM),FIR,Non-Heinous,Economic Offences,Criminal Breach of Trust,Charge Sheeted,15.83729,74.44356
2105,100040001202402105,Mangaluru (Dakshina Kannada),1,2024-10-25,2024,10,19,Evening (6PM-12AM),PAR,Heinous,Crimes Against Body,Assault,Undetected,12.86606,74.96401
2106,100060002202202106,Kalaburagi,2,2022-10-01,2022,10,8,Morning (6AM-12PM),FIR,Non-Heinous,Crimes Against Women,Domestic Violence,Closed,17.39661,76.75978
2107,100020001202602107,Bengaluru Rural,1,2026-12-17,2026,12,17,Afternoon (12PM-6PM),FIR,Non-Heinous,Crimes Against Body,Grievous Hurt,Closed,13.22457,77.47544
2108,100190002202502108,Hassan,2,2025-12-15,2025,12,7,Morning (6AM-12PM),FIR,Non-Heinous,Crimes Against Women,Domestic Violence,Charge Sheeted,12.955,76.0867
2109,100020003202602109,Bengaluru Rural,3,2026-02-16,2026,2,15,Afternoon (12PM-6PM),FIR,Non-Heinous,Cyber Crime,Cyberstalking,Under Investigation,13.09467,77.6371
2110,100090004202302110,Tumakuru,4,2023-06-02,2023,6,9,Morning (6AM-12PM),FIR,Non-Heinous,Crimes Against Women,Molestation,Under Investigation,13.2683,77.10657
2111,100170003202402111,Kolar,3,2024-03-05,2024,3,11,Morning (6AM-12PM),FIR,Non-Heinous,Narcotics,NDPS Trafficking,Charge Sheeted,13.22644,78.21031
2112,700190004202602112,Hassan,4,2026-04-09,2026,4,4,Night (12AM-6AM),Zero FIR,Non-Heinous,Economic Offences,Cheating,Under Investigation,13.03851,76.12734
2113,100030002202202113,Mysuru,2,2022-08-13,2022,8,3,Night (12AM-6AM),PAR,Non-Heinous,Crimes Against Body,Grievous Hurt,Closed,12.30104,76.5196
2114,100030003202502114,Mysuru,3,2025-12-11,2025,12,2,Night (12AM-6AM),PAR,Non-Heinous,Economic Offences,Cheating,Charge Sheeted,12.29481,76.53857
2115,100120003202202115,Vijayapura,3,2022-06-17,2022,6,12,Afternoon (12PM-6PM),FIR,Non-Heinous,Crimes Against Body,Murder,Charge Sheeted,16.80887,75.74128
2116,100170001202602116,Kolar,1,2026-07-17,2026,7,7,Morning (6AM-12PM),FIR,Non-Heinous,Crimes Against Property,Theft,False Case,13.24564,78.04928
2117,100170002202402117,Kolar,2,2024-11-08,2024,11,16,Afternoon (12PM-6PM),FIR,Non-Heinous,Crimes Against Body,Attempt to Murder,Charge Sheeted,13.156,78.18396
2118,100030002202402118,Mysuru,2,2024-07-21,2024,7,23,Evening (6PM-12AM),FIR,Non-Heinous,Public Order,Rioting,False Case,12.23225,76.60998
2119,100130002202502119,Raichur,2,2025-03-18,2025,3,5,Night (12AM-6AM),FIR,Heinous,Crimes Against Body,Murder,Closed,16.20771,77.41528
2120,100050001202502120,Belagavi,1,2025-11-02,2025,11,22,Evening (6PM-12AM),FIR,Non-Heinous,Crimes Against Property,Robbery,Charge Sheeted,15.81126,74.51617
2121,100010002202302121,Bengaluru City,2,2023-01-16,2023,1,4,Night (12AM-6AM),FIR,Non-Heinous,Economic Offences,Cheating,Undetected,12.97498,77.72871
2122,700200003202302122,Chitradurga,3,2023-04-09,2023,4,2,Night (12AM-6AM),Zero FIR,Non-Heinous,Economic Offences,Cheating,False Case,14.19683,76.42186
2123,100110003202502123,Davanagere,3,2025-06-11,2025,6,14,Afternoon (12PM-6PM),FIR,Non-Heinous,Crimes Against Property,Robbery,Closed,14.41018,75.93933
2124,100060002202402124,Kalaburagi,2,2024-09-01,2024,9,12,Afternoon (12PM-6PM),FIR,Heinous,Crimes Against Women,Molestation,Charge Sheeted,17.40413,76.89663
2125,100010001202602125,Bengaluru City,1,2026-12-24,2026,12,9,Morning (6AM-12PM),FIR,Non-Heinous,Economic Offences,Cheating,Charge Sheeted,12.95639,77.56525
2126,100110002202502126,Davanagere,2,2025-09-18,2025,9,5,Night (12AM-6AM),FIR,Non-Heinous,Crimes Against Body,Murder,Charge Sheeted,14.42808,75.89282
2127,400290002202202127,Gadag,2,2022-09-23,2022,9,16,Afternoon (12PM-6PM),UDR,Heinous,Crimes Against Body,Attempt to Murder,Closed,15.45725,75.53789
2128,100210002202402128,Koppal,2,2024-07-20,2024,7,1,Night (12AM-6AM),FIR,Non-Heinous,Cyber Crime,Cyberstalking,Closed,15.35783,76.18816
2129,100170001202202129,Kolar,1,2022-11-23,2022,11,16,Afternoon (12PM-6PM),FIR,Non-Heinous,Economic Offences,Cheating,Charge Sheeted,13.09361,78.1044
2130,100220002202602130,Yadgir,2,2026-04-26,2026,4,7,Morning (6AM-12PM),FIR,Non-Heinous,Crimes Against Body,Assault,Undetected,16.7531,77.1094
2131,100030001202302131,Mysuru,1,2023-09-26,2023,9,19,Evening (6PM-12AM),FIR,Non-Heinous,Crimes Against Property,Robbery,Under Investigation,12.33265,76.74213
2132,100030002202602132,Mysuru,2,2026-11-15,2026,11,14,Afternoon (12PM-6PM),PAR,Non-Heinous,Economic Offences,Forgery,Under Investigation,12.27129,76.6462
2133,100050001202502133,Belagavi,1,2025-03-20,2025,3,7,Morning (6AM-12PM),FIR,Heinous,Crimes Against Body,Grievous Hurt,Closed,15.82368,74.57799
2134,400230002202602134,Chamarajanagar,2,2026-03-18,2026,3,12,Afternoon (12PM-6PM),UDR,Non-Heinous,Crimes Against Women,Domestic Violence,Under Investigation,11.92873,76.91839
2135,100210001202602135,Koppal,1,2026-12-03,2026,12,7,Morning (6AM-12PM),PAR,Non-Heinous,Public Order,Rioting,Under Investigation,15.29838,76.16774
2136,100230002202602136,Chamarajanagar,2,2026-01-26,2026,1,3,Night (12AM-6AM),FIR,Non-Heinous,Crimes Against Property,Robbery,False Case,11.92351,76.89437
2137,100140004202602137,Bidar,4,2026-05-09,2026,5,18,Evening (6PM-12AM),FIR,Heinous,Narcotics,NDPS Trafficking,Under Investigation,17.86687,77.54858
2138,400240003202602138,Kodagu,3,2026-04-08,2026,4,19,Evening (6PM-12AM),UDR,Heinous,Crimes Against Women,Molestation,Charge Sheeted,12.35774,75.88048
2139,100130004202602139,Raichur,4,2026-04-27,2026,4,23,Evening (6PM-12AM),FIR,Non-Heinous,Economic Offences,Cheating,Closed,16.17263,77.40578
2140,100030003202502140,Mysuru,3,2025-10-22,2025,10,3,Night (12AM-6AM),FIR,Non-Heinous,Economic Offences,Criminal Breach of Trust,Closed,12.31348,76.60745
2141,100030001202602141,Mysuru,1,2026-12-10,2026,12,2,Night (12AM-6AM),FIR,Non-Heinous,Cyber Crime,Online Fraud,Under Investigation,12.28301,76.7465
2142,100030001202202142,Mysuru,1,2022-10-24,2022,10,22,Evening (6PM-12AM),FIR,Non-Heinous,Crimes Against Women,Sexual Assault,Closed,12.24674,76.64952
2143,400020004202602143,Bengaluru Rural,4,2026-11-16,2026,11,23,Evening (6PM-12AM),UDR,Non-Heinous,Crimes Against Property,Theft,Charge Sheeted,13.33143,77.51633
2144,700100004202402144,Shivamogga,4,2024-04-14,2024,4,13,Afternoon (12PM-6PM),Zero FIR,Non-Heinous,Cyber Crime,Phishing,Closed,13.93889,75.49764
2145,100040002202402145,Mangaluru (Dakshina Kannada),2,2024-01-12,2024,1,18,Evening (6PM-12AM),FIR,Heinous,Crimes Against Women,Molestation,Charge Sheeted,12.92708,74.94229
2146,100070002202502146,Hubballi-Dharwad,2,2025-12-18,2025,12,4,Night (12AM-6AM),FIR,Non-Heinous,Crimes Against Body,Attempt to Murder,Under Investigation,15.40186,75.11346
2147,100030003202602147,Mysuru,3,2026-10-17,2026,10,11,Morning (6AM-12PM),FIR,Heinous,Crimes Against Women,Dowry Harassment,Closed,12.26171,76.67531
2148,400050002202502148,Belagavi,2,2025-11-08,2025,11,22,Evening (6PM-12AM),UDR,Heinous,Crimes Against Women,Sexual Assault,Under Investigation,15.89655,74.5358
2149,100040003202602149,Mangaluru (Dakshina Kannada),3,2026-07-26,2026,7,8,Morning (6AM-12PM),FIR,Non-Heinous,Crimes Against Property,Theft,Charge Sheeted,12.81404,74.78551
2150,100040001202502150,Mangaluru (Dakshina Kannada),1,2025-09-12,2025,9,2,Night (12AM-6AM),FIR,Non-Heinous,Crimes Against Property,Dacoity,Closed,12.94168,74.85475
2151,100220004202602151,Yadgir,4,2026-06-26,2026,6,18,Evening (6PM-12AM),FIR,Heinous,Crimes Against Women,Domestic Violence,Closed,16.75477,77.09546
2152,100050002202502152,Belagavi,2,2025-01-18,2025,1,9,Morning (6AM-12PM),FIR,Non-Heinous,Narcotics,NDPS Trafficking,Charge Sheeted,15.87018,74.50247
2153,100220002202502153,Yadgir,2,2025-04-22,2025,4,5,Night (12AM-6AM),FIR,Non-Heinous,Crimes Against Women,Sexual Assault,Charge Sheeted,16.68106,77.28203
2154,100190004202302154,Hassan,4,2023-05-05,2023,5,14,Afternoon (12PM-6PM),FIR,Non-Heinous,Crimes Against Body,Grievous Hurt,Charge Sheeted,12.94074,76.10134
2155,100160003202402155,Udupi,3,2024-02-12,2024,2,9,Morning (6AM-12PM),FIR,Non-Heinous,Crimes Against Women,Domestic Violence,Charge Sheeted,13.34009,74.75065
2156,100280003202402156,Haveri,3,2024-12-03,2024,12,19,Evening (6PM-12AM),FIR,Non-Heinous,Crimes Against Property,Dacoity,Closed,14.80453,75.3316
2157,100070002202502157,Hubballi-Dharwad,2,2025-06-11,2025,6,3,Night (12AM-6AM),FIR,Non-Heinous,Economic Offences,Forgery,Closed,15.47307,75.10752
2158,100050004202602158,Belagavi,4,2026-11-08,2026,11,1,Night (12AM-6AM),FIR,Heinous,Crimes Against Body,Grievous Hurt,Under Investigation,15.99551,74.47677
2159,100230002202402159,Chamarajanagar,2,2024-07-25,2024,7,8,Morning (6AM-12PM),FIR,Non-Heinous,Economic Offences,Cheating,Under Investigation,11.92318,76.99016
2160,100050002202502160,Belagavi,2,2025-08-07,2025,8,19,Evening (6PM-12AM),FIR,Non-Heinous,Crimes Against Property,Dacoity,Under Investigation,15.98152,74.43569
2161,100060002202302161,Kalaburagi,2,2023-06-09,2023,6,5,Night (12AM-6AM),FIR,Non-Heinous,Cyber Crime,Online Fraud,Under Investigation,17.27944,76.87821
2162,100240001202602162,Kodagu,1,2026-12-18,2026,12,13,Afternoon (12PM-6PM),FIR,Non-Heinous,Crimes Against Women,Domestic Violence,Under Investigation,12.20556,75.801
2163,100280003202602163,Haveri,3,2026-10-21,2026,10,8,Morning (6AM-12PM),FIR,Non-Heinous,Narcotics,NDPS Trafficking,Closed,14.87895,75.42191
2164,700230004202602164,Chamarajanagar,4,2026-08-08,2026,8,1,Night (12AM-6AM),Zero FIR,Non-Heinous,Crimes Against Women,Molestation,Under Investigation,11.94204,76.98781
2165,100030004202302165,Mysuru,4,2023-01-03,2023,1,9,Morning (6AM-12PM),FIR,Non-Heinous,Crimes Against Body,Grievous Hurt,Charge Sheeted,12.23513,76.61699
2166,100050002202602166,Belagavi,2,2026-07-18,2026,7,14,Afternoon (12PM-6PM),FIR,Non-Heinous,Cyber Crime,Online Fraud,Under Investigation,15.81164,74.53063
2167,100140003202502167,Bidar,3,2025-04-01,2025,4,6,Morning (6AM-12PM),FIR,Non-Heinous,Crimes Against Property,Theft,False Case,17.90013,77.43868
2168,100280001202402168,Haveri,1,2024-12-21,2024,12,9,Morning (6AM-12PM),FIR,Non-Heinous,Crimes Against Body,Assault,Charge Sheeted,14.78759,75.39482
2169,100230003202602169,Chamarajanagar,3,2026-01-16,2026,1,0,Night (12AM-6AM),FIR,Non-Heinous,Public Order,Unlawful Assembly,Closed,11.97173,77.01135
2170,700030001202502170,Mysuru,1,2025-02-23,2025,2,12,Afternoon (12PM-6PM),Zero FIR,Non-Heinous,Economic Offences,Cheating,Under Investigation,12.26764,76.643
2171,100130001202402171,Raichur,1,2024-01-20,2024,1,6,Morning (6AM-12PM),FIR,Heinous,Crimes Against Women,Domestic Violence,Closed,16.22973,77.36061
2172,100140004202502172,Bidar,4,2025-05-14,2025,5,9,Morning (6AM-12PM),FIR,Non-Heinous,Cyber Crime,Phishing,Closed,17.98682,77.63525
2173,100170004202402173,Kolar,4,2024-08-07,2024,8,17,Afternoon (12PM-6PM),FIR,Non-Heinous,Cyber Crime,Cyberstalking,Charge Sheeted,13.11556,78.25476
2174,100260002202402174,Chikkaballapur,2,2024-08-11,2024,8,8,Morning (6AM-12PM),FIR,Non-Heinous,Economic Offences,Cheating,Under Investigation,13.40697,77.77642
2175,100160002202302175,Udupi,2,2023-09-01,2023,9,17,Afternoon (12PM-6PM),FIR,Non-Heinous,Crimes Against Property,Theft,Closed,13.26338,74.61413
2176,100110002202502176,Davanagere,2,2025-12-22,2025,12,10,Morning (6AM-12PM),PAR,Non-Heinous,Crimes Against Property,Dacoity,False Case,14.46505,75.95223
2177,100060004202202177,Kalaburagi,4,2022-02-09,2022,2,0,Night (12AM-6AM),PAR,Non-Heinous,Crimes Against Property,Robbery,Charge Sheeted,17.24033,76.82912
2178,100070003202302178,Hubballi-Dharwad,3,2023-06-03,2023,6,7,Morning (6AM-12PM),FIR,Non-Heinous,Crimes Against Property,Dacoity,Closed,15.34832,75.12512
2179,700240003202402179,Kodagu,3,2024-06-02,2024,6,1,Night (12AM-6AM),Zero FIR,Non-Heinous,Crimes Against Women,Dowry Harassment,Under Investigation,12.37949,75.87734
2180,100080001202402180,Ballari,1,2024-11-09,2024,11,6,Morning (6AM-12PM),FIR,Non-Heinous,Economic Offences,Cheating,Charge Sheeted,15.0851,76.92083
2181,100270001202502181,Bagalkot,1,2025-12-27,2025,12,10,Morning (6AM-12PM),FIR,Non-Heinous,Economic Offences,Criminal Breach of Trust,Charge Sheeted,16.19644,75.69001
2182,100270002202602182,Bagalkot,2,2026-11-06,2026,11,11,Morning (6AM-12PM),FIR,Heinous,Narcotics,NDPS Possession,Under Investigation,16.10576,75.59064
2183,100170004202402183,Kolar,4,2024-05-13,2024,5,17,Afternoon (12PM-6PM),FIR,Non-Heinous,Crimes Against Property,Burglary,Charge Sheeted,13.03876,78.09269
2184,700010004202502184,Bengaluru City,4,2025-01-12,2025,1,9,Morning (6AM-12PM),Zero FIR,Non-Heinous,Crimes Against Property,Theft,Charge Sheeted,12.96683,77.62753
2185,100040003202602185,Mangaluru (Dakshina Kannada),3,2026-08-27,2026,8,4,Night (12AM-6AM),FIR,Non-Heinous,Crimes Against Property,Robbery,Closed,12.90201,74.95525
2186,100140002202302186,Bidar,2,2023-04-19,2023,4,4,Night (12AM-6AM),FIR,Non-Heinous,Economic Offences,Forgery,Under Investigation,17.93566,77.48144
2187,100030003202302187,Mysuru,3,2023-11-15,2023,11,15,Afternoon (12PM-6PM),FIR,Non-Heinous,Crimes Against Women,Dowry Harassment,Under Investigation,12.3253,76.72249
2188,100160002202302188,Udupi,2,2023-10-13,2023,10,10,Morning (6AM-12PM),FIR,Heinous,Crimes Against Body,Grievous Hurt,Charge Sheeted,13.40393,74.68846
2189,700090001202302189,Tumakuru,1,2023-06-02,2023,6,17,Afternoon (12PM-6PM),Zero FIR,Non-Heinous,Crimes Against Body,Murder,Undetected,13.35462,77.08779
2190,100110001202302190,Davanagere,1,2023-04-16,2023,4,17,Afternoon (12PM-6PM),FIR,Non-Heinous,Economic Offences,Criminal Breach of Trust,Charge Sheeted,14.58748,75.92466
2191,400010004202602191,Bengaluru City,4,2026-11-11,2026,11,16,Afternoon (12PM-6PM),UDR,Non-Heinous,Crimes Against Property,Robbery,Under Investigation,12.9872,77.57945
2192,100170002202302192,Kolar,2,2023-09-17,2023,9,5,Night (12AM-6AM),FIR,Non-Heinous,Economic Offences,Criminal Breach of Trust,Charge Sheeted,13.12741,78.20078
2193,100040004202202193,Mangaluru (Dakshina Kannada),4,2022-02-20,2022,2,17,Afternoon (12PM-6PM),PAR,Non-Heinous,Cyber Crime,Phishing,Closed,12.93115,74.88325
2194,100020002202402194,Bengaluru Rural,2,2024-03-19,2024,3,23,Evening (6PM-12AM),FIR,Non-Heinous,Crimes Against Body,Murder,Under Investigation,13.52973,77.49047
2195,100090003202602195,Tumakuru,3,2026-02-09,2026,2,0,Night (12AM-6AM),FIR,Non-Heinous,Crimes Against Property,Dacoity,Closed,13.32936,77.17314
2196,100160003202302196,Udupi,3,2023-02-13,2023,2,8,Morning (6AM-12PM),FIR,Non-Heinous,Crimes Against Body,Grievous Hurt,Closed,13.27701,74.70193
2197,100160002202302197,Udupi,2,2023-05-10,2023,5,14,Afternoon (12PM-6PM),PAR,Heinous,Crimes Against Women,Molestation,Under Investigation,13.39544,74.63313
2198,100020003202202198,Bengaluru Rural,3,2022-10-07,2022,10,19,Evening (6PM-12AM),FIR,Non-Heinous,Crimes Against Property,Robbery,Charge Sheeted,13.34528,77.53046
2199,100090001202202199,Tumakuru,1,2022-05-27,2022,5,22,Evening (6PM-12AM),FIR,Non-Heinous,Crimes Against Property,Theft,Under Investigation,13.3937,77.06169
2200,100030004202402200,Mysuru,4,2024-09-19,2024,9,14,Afternoon (12PM-6PM),FIR,Non-Heinous,Economic Offences,Forgery,Charge Sheeted,12.23599,76.58702
2201,100160003202502201,Udupi,3,2025-03-27,2025,3,8,Morning (6AM-12PM),FIR,Non-Heinous,Cyber Crime,Identity Theft,Under Investigation,13.33491,74.78283
2202,100100002202602202,Shivamogga,2,2026-03-03,2026,3,6,Morning (6AM-12PM),FIR,Non-Heinous,Narcotics,NDPS Trafficking,Charge Sheeted,13.83349,75.61151
2203,100110003202302203,Davanagere,3,2023-02-05,2023,2,11,Morning (6AM-12PM),FIR,Heinous,Crimes Against Body,Assault,Charge Sheeted,14.34002,75.87231
2204,100250003202302204,Ramanagara,3,2023-07-17,2023,7,9,Morning (6AM-12PM),FIR,Heinous,Crimes Against Women,Domestic Violence,False Case,12.72059,77.30641
2205,100110001202502205,Davanagere,1,2025-07-12,2025,7,6,Morning (6AM-12PM),FIR,Non-Heinous,Crimes Against Body,Attempt to Murder,Undetected,14.44633,75.8945
2206,100190004202602206,Hassan,4,2026-10-17,2026,10,9,Morning (6AM-12PM),FIR,Non-Heinous,Crimes Against Property,Theft,False Case,12.91458,76.09025
2207,100030004202502207,Mysuru,4,2025-02-24,2025,2,16,Afternoon (12PM-6PM),FIR,Non-Heinous,Crimes Against Property,Dacoity,Charge Sheeted,12.33555,76.62844
2208,100040002202202208,Mangaluru (Dakshina Kannada),2,2022-01-08,2022,1,15,Afternoon (12PM-6PM),FIR,Non-Heinous,Crimes Against Property,Burglary,Under Investigation,12.84151,74.88737
2209,100010003202202209,Bengaluru City,3,2022-03-16,2022,3,0,Night (12AM-6AM),FIR,Non-Heinous,Public Order,Unlawful Assembly,Under Investigation,13.02522,77.62443
2210,100020004202602210,Bengaluru Rural,4,2026-10-20,2026,10,8,Morning (6AM-12PM),FIR,Non-Heinous,Crimes Against Body,Attempt to Murder,Closed,13.27636,77.60136
2211,100040003202302211,Mangaluru (Dakshina Kannada),3,2023-02-04,2023,2,22,Evening (6PM-12AM),FIR,Non-Heinous,Crimes Against Property,Theft,Charge Sheeted,12.9346,74.79947
2212,100100001202502212,Shivamogga,1,2025-09-25,2025,9,5,Night (12AM-6AM),FIR,Non-Heinous,Crimes Against Women,Domestic Violence,Closed,13.91282,75.52154
2213,100090004202202213,Tumakuru,4,2022-06-09,2022,6,1,Night (12AM-6AM),FIR,Non-Heinous,Crimes Against Women,Domestic Violence,Undetected,13.3812,77.23709
2214,100050002202402214,Belagavi,2,2024-08-02,2024,8,16,Afternoon (12PM-6PM),FIR,Non-Heinous,Crimes Against Women,Sexual Assault,Under Investigation,15.81176,74.54698
2215,100210003202602215,Koppal,3,2026-05-20,2026,5,12,Afternoon (12PM-6PM),FIR,Non-Heinous,Crimes Against Women,Dowry Harassment,Under Investigation,15.36028,76.14592
2216,100020003202302216,Bengaluru Rural,3,2023-11-03,2023,11,18,Evening (6PM-12AM),FIR,Non-Heinous,Crimes Against Body,Grievous Hurt,Closed,13.31616,77.55715
2217,100270003202302217,Bagalkot,3,2023-07-14,2023,7,18,Evening (6PM-12AM),FIR,Non-Heinous,Crimes Against Property,Theft,Charge Sheeted,16.19929,75.67218
2218,100020001202202218,Bengaluru Rural,1,2022-01-03,2022,1,16,Afternoon (12PM-6PM),FIR,Heinous,Crimes Against Women,Domestic Violence,Charge Sheeted,13.23398,77.58443
2219,100050001202302219,Belagavi,1,2023-10-11,2023,10,1,Night (12AM-6AM),FIR,Non-Heinous,Crimes Against Property,Burglary,Charge Sheeted,15.90001,74.48947
2220,100110003202202220,Davanagere,3,2022-09-04,2022,9,13,Afternoon (12PM-6PM),FIR,Non-Heinous,Economic Offences,Cheating,Closed,14.40317,76.05639
2221,100150002202502221,Chikkamagaluru,2,2025-05-05,2025,5,18,Evening (6PM-12AM),FIR,Non-Heinous,Crimes Against Women,Dowry Harassment,Under Investigation,13.29567,75.74282
2222,100090001202402222,Tumakuru,1,2024-03-12,2024,3,0,Night (12AM-6AM),FIR,Non-Heinous,Crimes Against Women,Domestic Violence,Undetected,13.23858,77.07045
2223,100290004202502223,Gadag,4,2025-05-15,2025,5,11,Morning (6AM-12PM),PAR,Non-Heinous,Crimes Against Women,Domestic Violence,Under Investigation,15.4299,75.70674
2224,100130003202202224,Raichur,3,2022-04-01,2022,4,13,Afternoon (12PM-6PM),FIR,Non-Heinous,Crimes Against Property,Burglary,Under Investigation,16.36103,77.26513
2225,100190004202502225,Hassan,4,2025-12-22,2025,12,4,Night (12AM-6AM),FIR,Non-Heinous,Economic Offences,Criminal Breach of Trust,False Case,12.93713,76.05313
2226,100020003202602226,Bengaluru Rural,3,2026-03-13,2026,3,9,Morning (6AM-12PM),FIR,Non-Heinous,Crimes Against Property,Theft,Undetected,13.32571,77.59347
2227,100030001202302227,Mysuru,1,2023-09-02,2023,9,3,Night (12AM-6AM),FIR,Non-Heinous,Crimes Against Property,Burglary,Charge Sheeted,12.20723,76.66526
2228,100020002202502228,Bengaluru Rural,2,2025-10-10,2025,10,20,Evening (6PM-12AM),FIR,Heinous,Crimes Against Body,Murder,Under Investigation,13.20626,77.50849
2229,100240003202302229,Kodagu,3,2023-11-03,2023,11,12,Afternoon (12PM-6PM),FIR,Non-Heinous,Cyber Crime,Online Fraud,False Case,12.28659,75.84929
2230,100130003202602230,Raichur,3,2026-04-23,2026,4,5,Night (12AM-6AM),FIR,Heinous,Crimes Against Women,Sexual Assault,Closed,16.25509,77.35541
2231,700240004202602231,Kodagu,4,2026-12-22,2026,12,6,Morning (6AM-12PM),Zero FIR,Non-Heinous,Crimes Against Property,Dacoity,Charge Sheeted,12.31138,75.74805
2232,100030003202302232,Mysuru,3,2023-04-21,2023,4,12,Afternoon (12PM-6PM),FIR,Non-Heinous,Crimes Against Property,Theft,Closed,12.28329,76.70331
2233,100020004202402233,Bengaluru Rural,4,2024-08-15,2024,8,4,Night (12AM-6AM),FIR,Heinous,Crimes Against Women,Molestation,Charge Sheeted,13.28237,77.50587
2234,100050002202202234,Belagavi,2,2022-01-23,2022,1,11,Morning (6AM-12PM),FIR,Non-Heinous,Cyber Crime,Identity Theft,Charge Sheeted,15.80297,74.5332
2235,100050002202602235,Belagavi,2,2026-08-10,2026,8,19,Evening (6PM-12AM),FIR,Non-Heinous,Narcotics,NDPS Possession,Charge Sheeted,15.86208,74.45443
2236,100230001202302236,Chamarajanagar,1,2023-11-02,2023,11,11,Morning (6AM-12PM),FIR,Non-Heinous,Crimes Against Property,Dacoity,Closed,11.97981,76.91756
2237,100120004202302237,Vijayapura,4,2023-07-10,2023,7,20,Evening (6PM-12AM),FIR,Non-Heinous,Crimes Against Property,Theft,Under Investigation,16.92008,75.72702
2238,100200001202602238,Chitradurga,1,2026-07-11,2026,7,10,Morning (6AM-12PM),FIR,Non-Heinous,Crimes Against Property,Robbery,Closed,14.1771,76.36725
2239,100010001202202239,Bengaluru City,1,2022-09-15,2022,9,3,Night (12AM-6AM),FIR,Non-Heinous,Crimes Against Property,Robbery,Closed,12.86324,77.51544
2240,100090003202602240,Tumakuru,3,2026-05-24,2026,5,18,Evening (6PM-12AM),FIR,Non-Heinous,Crimes Against Property,Dacoity,Charge Sheeted,13.30016,77.08799
2241,100020002202602241,Bengaluru Rural,2,2026-11-20,2026,11,12,Afternoon (12PM-6PM),FIR,Non-Heinous,Crimes Against Body,Attempt to Murder,Charge Sheeted,13.25365,77.45876
2242,700010001202302242,Bengaluru City,1,2023-07-02,2023,7,1,Night (12AM-6AM),Zero FIR,Heinous,Crimes Against Body,Attempt to Murder,Under Investigation,13.04703,77.60438
2243,100140001202402243,Bidar,1,2024-02-06,2024,2,18,Evening (6PM-12AM),PAR,Heinous,Crimes Against Women,Dowry Harassment,Charge Sheeted,17.97557,77.54237
2244,100030003202402244,Mysuru,3,2024-03-18,2024,3,18,Evening (6PM-12AM),FIR,Non-Heinous,Crimes Against Women,Domestic Violence,Undetected,12.211,76.57818
2245,700130004202602245,Raichur,4,2026-10-27,2026,10,1,Night (12AM-6AM),Zero FIR,Non-Heinous,Crimes Against Property,Robbery,Closed,16.12105,77.49302
2246,100110001202302246,Davanagere,1,2023-07-21,2023,7,22,Evening (6PM-12AM),FIR,Non-Heinous,Crimes Against Property,Burglary,False Case,14.49516,75.86124
2247,100050001202502247,Belagavi,1,2025-09-04,2025,9,10,Morning (6AM-12PM),PAR,Heinous,Crimes Against Women,Molestation,Closed,15.77869,74.55667
2248,100030001202402248,Mysuru,1,2024-02-25,2024,2,23,Evening (6PM-12AM),FIR,Heinous,Crimes Against Women,Sexual Assault,Undetected,12.3834,76.6438
2249,100290001202602249,Gadag,1,2026-06-13,2026,6,12,Afternoon (12PM-6PM),FIR,Non-Heinous,Narcotics,NDPS Possession,Closed,15.37144,75.5623
2250,100220002202602250,Yadgir,2,2026-06-20,2026,6,23,Evening (6PM-12AM),FIR,Non-Heinous,Crimes Against Women,Dowry Harassment,Closed,16.81148,77.08561
2251,100290001202502251,Gadag,1,2025-03-26,2025,3,11,Morning (6AM-12PM),FIR,Non-Heinous,Economic Offences,Criminal Breach of Trust,Under Investigation,15.38495,75.61911
2252,700150003202502252,Chikkamagaluru,3,2025-02-25,2025,2,14,Afternoon (12PM-6PM),Zero FIR,Non-Heinous,Crimes Against Body,Murder,Charge Sheeted,13.35523,75.84958
2253,100090001202602253,Tumakuru,1,2026-03-05,2026,3,4,Night (12AM-6AM),PAR,Non-Heinous,Crimes Against Property,Theft,Charge Sheeted,13.33155,77.08613
2254,100140003202402254,Bidar,3,2024-01-12,2024,1,22,Evening (6PM-12AM),FIR,Non-Heinous,Crimes Against Property,Dacoity,Under Investigation,17.81929,77.48007
2255,100250003202302255,Ramanagara,3,2023-08-23,2023,8,9,Morning (6AM-12PM),FIR,Heinous,Crimes Against Body,Attempt to Murder,Closed,12.78846,77.31189
2256,100270003202502256,Bagalkot,3,2025-12-26,2025,12,16,Afternoon (12PM-6PM),FIR,Non-Heinous,Economic Offences,Forgery,Charge Sheeted,16.25368,75.68479
2257,100070002202302257,Hubballi-Dharwad,2,2023-12-23,2023,12,23,Evening (6PM-12AM),FIR,Non-Heinous,Crimes Against Property,Theft,Under Investigation,15.33696,75.12345
2258,100090003202302258,Tumakuru,3,2023-04-13,2023,4,11,Morning (6AM-12PM),FIR,Non-Heinous,Crimes Against Women,Domestic Violence,Undetected,13.24474,77.05069
2259,100270002202302259,Bagalkot,2,2023-10-07,2023,10,3,Night (12AM-6AM),FIR,Non-Heinous,Cyber Crime,Cyberstalking,Charge Sheeted,16.19807,75.6775
2260,100010002202202260,Bengaluru City,2,2022-07-18,2022,7,17,Afternoon (12PM-6PM),FIR,Non-Heinous,Crimes Against Property,Dacoity,Under Investigation,12.96094,77.49219
2261,400070004202602261,Hubballi-Dharwad,4,2026-11-22,2026,11,17,Afternoon (12PM-6PM),UDR,Heinous,Crimes Against Women,Domestic Violence,Under Investigation,15.27165,75.03387
2262,100220001202402262,Yadgir,1,2024-12-27,2024,12,15,Afternoon (12PM-6PM),FIR,Non-Heinous,Narcotics,NDPS Possession,Charge Sheeted,16.71294,77.12019
2263,100220004202602263,Yadgir,4,2026-05-19,2026,5,7,Morning (6AM-12PM),FIR,Non-Heinous,Crimes Against Property,Robbery,Undetected,16.73942,77.1473
2264,400050004202602264,Belagavi,4,2026-11-10,2026,11,9,Morning (6AM-12PM),UDR,Non-Heinous,Crimes Against Property,Dacoity,Closed,15.83656,74.56881
2265,700140002202602265,Bidar,2,2026-11-07,2026,11,10,Morning (6AM-12PM),Zero FIR,Non-Heinous,Crimes Against Women,Molestation,False Case,17.92945,77.53475
2266,100020004202602266,Bengaluru Rural,4,2026-12-09,2026,12,9,Morning (6AM-12PM),FIR,Non-Heinous,Crimes Against Property,Dacoity,False Case,13.31739,77.60551
2267,100050001202402267,Belagavi,1,2024-01-16,2024,1,3,Night (12AM-6AM),FIR,Non-Heinous,Crimes Against Property,Theft,Charge Sheeted,15.83791,74.47316
2268,400160001202302268,Udupi,1,2023-08-18,2023,8,17,Afternoon (12PM-6PM),UDR,Heinous,Crimes Against Women,Molestation,Charge Sheeted,13.21084,74.70476
2269,100030002202302269,Mysuru,2,2023-04-16,2023,4,8,Morning (6AM-12PM),FIR,Non-Heinous,Economic Offences,Cheating,Under Investigation,12.23729,76.67238
2270,100260004202302270,Chikkaballapur,4,2023-01-20,2023,1,13,Afternoon (12PM-6PM),FIR,Non-Heinous,Crimes Against Property,Burglary,Under Investigation,13.39376,77.80875
2271,100020004202602271,Bengaluru Rural,4,2026-10-02,2026,10,13,Afternoon (12PM-6PM),PAR,Non-Heinous,Cyber Crime,Identity Theft,Under Investigation,13.39095,77.54802
2272,100280003202602272,Haveri,3,2026-04-21,2026,4,19,Evening (6PM-12AM),FIR,Non-Heinous,Crimes Against Women,Dowry Harassment,Under Investigation,14.80249,75.36818
2273,700110004202602273,Davanagere,4,2026-07-09,2026,7,20,Evening (6PM-12AM),Zero FIR,Non-Heinous,Crimes Against Body,Assault,Charge Sheeted,14.52975,75.93066
2274,100010004202502274,Bengaluru City,4,2025-04-11,2025,4,8,Morning (6AM-12PM),FIR,Non-Heinous,Economic Offences,Criminal Breach of Trust,Undetected,12.97308,77.56381
2275,100220002202602275,Yadgir,2,2026-08-23,2026,8,18,Evening (6PM-12AM),FIR,Non-Heinous,Crimes Against Property,Burglary,Under Investigation,16.8343,77.02414
2276,100050002202602276,Belagavi,2,2026-10-22,2026,10,7,Morning (6AM-12PM),FIR,Non-Heinous,Crimes Against Body,Attempt to Murder,Closed,15.90209,74.56026
2277,100300002202202277,Uttara Kannada,2,2022-09-02,2022,9,2,Night (12AM-6AM),FIR,Heinous,Crimes Against Women,Molestation,False Case,14.72381,74.63399
2278,100280002202602278,Haveri,2,2026-08-08,2026,8,11,Morning (6AM-12PM),FIR,Non-Heinous,Economic Offences,Cheating,Undetected,14.73394,75.35584
2279,100250004202602279,Ramanagara,4,2026-10-02,2026,10,15,Afternoon (12PM-6PM),FIR,Non-Heinous,Crimes Against Body,Murder,Under Investigation,12.77292,77.24946
2280,100030001202202280,Mysuru,1,2022-07-05,2022,7,10,Morning (6AM-12PM),FIR,Non-Heinous,Crimes Against Women,Domestic Violence,Under Investigation,12.31396,76.62971
2281,100240002202602281,Kodagu,2,2026-11-14,2026,11,19,Evening (6PM-12AM),PAR,Heinous,Crimes Against Body,Grievous Hurt,Under Investigation,12.41947,75.8693
2282,100050004202402282,Belagavi,4,2024-10-21,2024,10,15,Afternoon (12PM-6PM),FIR,Non-Heinous,Economic Offences,Forgery,Under Investigation,15.87031,74.46324
2283,100050002202602283,Belagavi,2,2026-08-14,2026,8,21,Evening (6PM-12AM),FIR,Heinous,Crimes Against Women,Dowry Harassment,Closed,15.84825,74.47294
2284,100090004202502284,Tumakuru,4,2025-08-22,2025,8,3,Night (12AM-6AM),FIR,Non-Heinous,Crimes Against Women,Dowry Harassment,Undetected,13.32923,77.11436
2285,100020002202202285,Bengaluru Rural,2,2022-02-06,2022,2,4,Night (12AM-6AM),FIR,Non-Heinous,Crimes Against Property,Theft,Under Investigation,13.24567,77.57257
2286,100140004202502286,Bidar,4,2025-02-11,2025,2,17,Afternoon (12PM-6PM),FIR,Non-Heinous,Crimes Against Property,Robbery,Under Investigation,17.90655,77.51708
2287,700130002202602287,Raichur,2,2026-12-17,2026,12,3,Night (12AM-6AM),Zero FIR,Non-Heinous,Economic Offences,Criminal Breach of Trust,Charge Sheeted,16.18918,77.3373
2288,100210003202302288,Koppal,3,2023-09-16,2023,9,5,Night (12AM-6AM),FIR,Non-Heinous,Crimes Against Property,Burglary,Closed,15.34732,76.12454
2289,100050004202602289,Belagavi,4,2026-06-13,2026,6,22,Evening (6PM-12AM),FIR,Non-Heinous,Crimes Against Body,Grievous Hurt,False Case,15.84042,74.56443
2290,100110004202502290,Davanagere,4,2025-10-15,2025,10,15,Afternoon (12PM-6PM),PAR,Non-Heinous,Crimes Against Property,Dacoity,Closed,14.53902,75.87356
2291,100190001202602291,Hassan,1,2026-09-10,2026,9,0,Night (12AM-6AM),FIR,Non-Heinous,Crimes Against Women,Domestic Violence,False Case,13.05087,76.08577
2292,700110004202402292,Davanagere,4,2024-02-07,2024,2,0,Night (12AM-6AM),Zero FIR,Non-Heinous,Crimes Against Property,Dacoity,Undetected,14.55131,75.95546
2293,100160001202202293,Udupi,1,2022-10-18,2022,10,9,Morning (6AM-12PM),FIR,Non-Heinous,Public Order,Rioting,Charge Sheeted,13.24704,74.6468
2294,100110002202602294,Davanagere,2,2026-09-12,2026,9,4,Night (12AM-6AM),FIR,Non-Heinous,Cyber Crime,Phishing,Under Investigation,14.66056,75.84614
2295,100010001202402295,Bengaluru City,1,2024-09-09,2024,9,7,Morning (6AM-12PM),FIR,Heinous,Crimes Against Body,Grievous Hurt,Under Investigation,12.95494,77.5553
2296,100160004202302296,Udupi,4,2023-12-14,2023,12,1,Night (12AM-6AM),FIR,Heinous,Crimes Against Body,Grievous Hurt,Closed,13.25564,74.72138
2297,100030003202402297,Mysuru,3,2024-06-18,2024,6,2,Night (12AM-6AM),FIR,Non-Heinous,Crimes Against Property,Burglary,Charge Sheeted,12.3574,76.51954
2298,100230001202202298,Chamarajanagar,1,2022-12-08,2022,12,9,Morning (6AM-12PM),FIR,Non-Heinous,Crimes Against Property,Robbery,Under Investigation,11.93103,76.85416
2299,100150001202502299,Chikkamagaluru,1,2025-09-03,2025,9,18,Evening (6PM-12AM),FIR,Non-Heinous,Crimes Against Property,Robbery,Under Investigation,13.34716,75.71333
2300,100100003202602300,Shivamogga,3,2026-06-18,2026,6,0,Night (12AM-6AM),FIR,Non-Heinous,Crimes Against Property,Dacoity,Under Investigation,13.85517,75.60832
2301,100090004202502301,Tumakuru,4,2025-09-05,2025,9,9,Morning (6AM-12PM),FIR,Non-Heinous,Public Order,Rioting,Undetected,13.43858,77.14465
2302,700030002202202302,Mysuru,2,2022-01-09,2022,1,6,Morning (6AM-12PM),Zero FIR,Heinous,Crimes Against Body,Assault,Charge Sheeted,12.34697,76.7648
2303,100290001202602303,Gadag,1,2026-09-17,2026,9,14,Afternoon (12PM-6PM),FIR,Heinous,Narcotics,NDPS Trafficking,Undetected,15.39652,75.62457
2304,100260004202602304,Chikkaballapur,4,2026-11-11,2026,11,20,Evening (6PM-12AM),FIR,Non-Heinous,Crimes Against Women,Dowry Harassment,Closed,13.44655,77.7666
2305,100070003202602305,Hubballi-Dharwad,3,2026-04-26,2026,4,4,Night (12AM-6AM),FIR,Non-Heinous,Crimes Against Property,Robbery,Under Investigation,15.37722,75.19758
2306,100010001202402306,Bengaluru City,1,2024-08-21,2024,8,11,Morning (6AM-12PM),FIR,Non-Heinous,Public Order,Rioting,Under Investigation,12.96304,77.57381
2307,100040003202402307,Mangaluru (Dakshina Kannada),3,2024-09-16,2024,9,11,Morning (6AM-12PM),FIR,Heinous,Crimes Against Body,Grievous Hurt,Closed,12.95122,74.96117
2308,400140001202402308,Bidar,1,2024-03-15,2024,3,14,Afternoon (12PM-6PM),UDR,Non-Heinous,Crimes Against Women,Dowry Harassment,Charge Sheeted,17.80171,77.43787
2309,100090004202402309,Tumakuru,4,2024-01-04,2024,1,19,Evening (6PM-12AM),FIR,Non-Heinous,Cyber Crime,Phishing,Closed,13.39404,77.13913
2310,100140002202302310,Bidar,2,2023-07-19,2023,7,0,Night (12AM-6AM),FIR,Non-Heinous,Crimes Against Women,Domestic Violence,Undetected,17.8831,77.57985
2311,100020003202602311,Bengaluru Rural,3,2026-08-17,2026,8,19,Evening (6PM-12AM),FIR,Non-Heinous,Cyber Crime,Cyberstalking,Charge Sheeted,13.23172,77.48545
2312,100190002202502312,Hassan,2,2025-11-16,2025,11,2,Night (12AM-6AM),FIR,Non-Heinous,Economic Offences,Criminal Breach of Trust,Under Investigation,12.88773,76.09501
2313,400190001202602313,Hassan,1,2026-02-14,2026,2,17,Afternoon (12PM-6PM),UDR,Non-Heinous,Crimes Against Women,Dowry Harassment,Closed,12.93038,76.16792
2314,100110001202302314,Davanagere,1,2023-10-22,2023,10,14,Afternoon (12PM-6PM),FIR,Non-Heinous,Crimes Against Body,Murder,Under Investigation,14.47838,76.00404
2315,100230004202302315,Chamarajanagar,4,2023-05-01,2023,5,7,Morning (6AM-12PM),FIR,Non-Heinous,Crimes Against Women,Sexual Assault,Charge Sheeted,11.97162,76.8668
2316,100110003202502316,Davanagere,3,2025-09-01,2025,9,21,Evening (6PM-12AM),PAR,Non-Heinous,Crimes Against Women,Sexual Assault,Closed,14.51382,75.81402
2317,100020001202602317,Bengaluru Rural,1,2026-07-16,2026,7,8,Morning (6AM-12PM),FIR,Non-Heinous,Crimes Against Body,Murder,Closed,13.29059,77.52079
2318,100040001202402318,Mangaluru (Dakshina Kannada),1,2024-01-11,2024,1,19,Evening (6PM-12AM),FIR,Non-Heinous,Economic Offences,Forgery,Charge Sheeted,12.91604,74.86235
2319,100050001202202319,Belagavi,1,2022-02-26,2022,2,3,Night (12AM-6AM),FIR,Non-Heinous,Crimes Against Body,Grievous Hurt,False Case,15.93187,74.53536
2320,100050002202402320,Belagavi,2,2024-09-09,2024,9,6,Morning (6AM-12PM),FIR,Non-Heinous,Crimes Against Body,Assault,Under Investigation,15.89376,74.61969
2321,100020002202502321,Bengaluru Rural,2,2025-11-16,2025,11,9,Morning (6AM-12PM),FIR,Heinous,Crimes Against Women,Molestation,Closed,13.24801,77.58896
2322,100230004202402322,Chamarajanagar,4,2024-03-12,2024,3,7,Morning (6AM-12PM),FIR,Heinous,Crimes Against Women,Dowry Harassment,Under Investigation,11.90909,76.90403
2323,100180004202602323,Mandya,4,2026-12-20,2026,12,2,Night (12AM-6AM),FIR,Heinous,Narcotics,NDPS Possession,Closed,12.5043,76.8708
2324,100160004202302324,Udupi,4,2023-10-06,2023,10,15,Afternoon (12PM-6PM),FIR,Non-Heinous,Crimes Against Property,Dacoity,Charge Sheeted,13.3485,74.78869
2325,100190003202602325,Hassan,3,2026-08-25,2026,8,13,Afternoon (12PM-6PM),FIR,Heinous,Crimes Against Women,Molestation,False Case,12.96642,76.19797
2326,100010001202502326,Bengaluru City,1,2025-04-04,2025,4,11,Morning (6AM-12PM),FIR,Non-Heinous,Crimes Against Women,Sexual Assault,Under Investigation,13.12191,77.64265
2327,100020001202502327,Bengaluru Rural,1,2025-12-27,2025,12,16,Afternoon (12PM-6PM),FIR,Non-Heinous,Economic Offences,Cheating,Charge Sheeted,13.31109,77.54156
2328,100020001202602328,Bengaluru Rural,1,2026-02-18,2026,2,0,Night (12AM-6AM),FIR,Non-Heinous,Economic Offences,Forgery,False Case,13.26742,77.37864
2329,100220004202402329,Yadgir,4,2024-08-27,2024,8,0,Night (12AM-6AM),FIR,Non-Heinous,Economic Offences,Forgery,Charge Sheeted,16.74908,77.17022
2330,100290002202602330,Gadag,2,2026-08-06,2026,8,23,Evening (6PM-12AM),FIR,Non-Heinous,Crimes Against Property,Theft,Closed,15.41605,75.51334
2331,100080001202402331,Ballari,1,2024-09-25,2024,9,22,Evening (6PM-12AM),FIR,Non-Heinous,Crimes Against Property,Burglary,Charge Sheeted,15.11743,76.87424
2332,100050001202602332,Belagavi,1,2026-10-20,2026,10,3,Night (12AM-6AM),FIR,Non-Heinous,Crimes Against Body,Murder,Under Investigation,15.98967,74.43724
2333,100070003202402333,Hubballi-Dharwad,3,2024-08-11,2024,8,14,Afternoon (12PM-6PM),FIR,Heinous,Crimes Against Women,Dowry Harassment,Charge Sheeted,15.30793,75.25163
2334,100170001202402334,Kolar,1,2024-04-13,2024,4,8,Morning (6AM-12PM),FIR,Non-Heinous,Crimes Against Women,Sexual Assault,Under Investigation,13.04143,78.12101
2335,100260003202602335,Chikkaballapur,3,2026-12-13,2026,12,14,Afternoon (12PM-6PM),FIR,Non-Heinous,Crimes Against Property,Burglary,Under Investigation,13.46541,77.71266
2336,100090001202602336,Tumakuru,1,2026-01-11,2026,1,13,Afternoon (12PM-6PM),PAR,Heinous,Crimes Against Women,Domestic Violence,Under Investigation,13.35903,77.07397
2337,100080003202502337,Ballari,3,2025-11-25,2025,11,16,Afternoon (12PM-6PM),PAR,Non-Heinous,Crimes Against Body,Attempt to Murder,Under Investigation,15.10687,76.85512
2338,100050002202602338,Belagavi,2,2026-05-03,2026,5,2,Night (12AM-6AM),FIR,Non-Heinous,Crimes Against Women,Molestation,Charge Sheeted,15.79008,74.4521
2339,100120003202502339,Vijayapura,3,2025-03-24,2025,3,2,Night (12AM-6AM),FIR,Non-Heinous,Cyber Crime,Cyberstalking,Under Investigation,16.83692,75.76065
2340,100110004202402340,Davanagere,4,2024-11-16,2024,11,9,Morning (6AM-12PM),FIR,Non-Heinous,Economic Offences,Criminal Breach of Trust,Closed,14.35639,75.85683
2341,100230001202602341,Chamarajanagar,1,2026-11-08,2026,11,3,Night (12AM-6AM),FIR,Non-Heinous,Cyber Crime,Online Fraud,Undetected,11.92198,76.9476
2342,100240001202502342,Kodagu,1,2025-11-07,2025,11,3,Night (12AM-6AM),FIR,Non-Heinous,Crimes Against Women,Sexual Assault,Charge Sheeted,12.33957,75.76791
2343,100110001202302343,Davanagere,1,2023-04-01,2023,4,12,Afternoon (12PM-6PM),FIR,Non-Heinous,Economic Offences,Forgery,Under Investigation,14.51431,75.92997
2344,100020004202402344,Bengaluru Rural,4,2024-11-19,2024,11,13,Afternoon (12PM-6PM),PAR,Non-Heinous,Crimes Against Property,Theft,Charge Sheeted,13.32103,77.52615
2345,100020001202602345,Bengaluru Rural,1,2026-07-11,2026,7,17,Afternoon (12PM-6PM),FIR,Non-Heinous,Economic Offences,Cheating,False Case,13.32375,77.53804
2346,100090001202502346,Tumakuru,1,2025-12-12,2025,12,14,Afternoon (12PM-6PM),FIR,Non-Heinous,Cyber Crime,Phishing,Under Investigation,13.3151,77.15294
2347,100040003202402347,Mangaluru (Dakshina Kannada),3,2024-05-14,2024,5,15,Afternoon (12PM-6PM),FIR,Non-Heinous,Cyber Crime,Phishing,Under Investigation,13.01754,74.96955
2348,100030002202602348,Mysuru,2,2026-05-08,2026,5,5,Night (12AM-6AM),FIR,Non-Heinous,Economic Offences,Forgery,Closed,12.3873,76.7255
2349,100220002202402349,Yadgir,2,2024-10-16,2024,10,4,Night (12AM-6AM),FIR,Non-Heinous,Crimes Against Women,Domestic Violence,Closed,16.76742,77.17524
2350,100060003202502350,Kalaburagi,3,2025-03-04,2025,3,3,Night (12AM-6AM),FIR,Non-Heinous,Crimes Against Women,Dowry Harassment,Charge Sheeted,17.35049,76.86761
2351,100020003202302351,Bengaluru Rural,3,2023-06-19,2023,6,14,Afternoon (12PM-6PM),FIR,Non-Heinous,Cyber Crime,Phishing,Charge Sheeted,13.27952,77.46721
2352,100190003202302352,Hassan,3,2023-02-08,2023,2,11,Morning (6AM-12PM),PAR,Non-Heinous,Crimes Against Property,Burglary,Closed,13.05582,76.13606
2353,100250001202302353,Ramanagara,1,2023-02-12,2023,2,3,Night (12AM-6AM),FIR,Non-Heinous,Crimes Against Property,Burglary,Under Investigation,12.68824,77.31317
2354,100070003202602354,Hubballi-Dharwad,3,2026-04-09,2026,4,18,Evening (6PM-12AM),FIR,Non-Heinous,Crimes Against Property,Theft,Under Investigation,15.30111,75.15818
2355,100070003202502355,Hubballi-Dharwad,3,2025-06-11,2025,6,18,Evening (6PM-12AM),FIR,Heinous,Crimes Against Body,Grievous Hurt,Closed,15.35893,75.17004
2356,100100003202302356,Shivamogga,3,2023-07-04,2023,7,0,Night (12AM-6AM),FIR,Non-Heinous,Cyber Crime,Identity Theft,Under Investigation,13.96846,75.65681
2357,100170001202302357,Kolar,1,2023-04-10,2023,4,23,Evening (6PM-12AM),FIR,Non-Heinous,Crimes Against Property,Theft,Closed,13.18643,78.10957
2358,100140001202602358,Bidar,1,2026-04-02,2026,4,6,Morning (6AM-12PM),FIR,Non-Heinous,Crimes Against Property,Theft,Charge Sheeted,17.9814,77.52178
2359,100230003202602359,Chamarajanagar,3,2026-04-12,2026,4,2,Night (12AM-6AM),FIR,Heinous,Crimes Against Body,Assault,Closed,11.99885,77.00821
2360,100050001202502360,Belagavi,1,2025-06-25,2025,6,21,Evening (6PM-12AM),FIR,Non-Heinous,Public Order,Unlawful Assembly,Closed,15.82913,74.57638
2361,100090002202302361,Tumakuru,2,2023-02-08,2023,2,5,Night (12AM-6AM),PAR,Non-Heinous,Economic Offences,Criminal Breach of Trust,Charge Sheeted,13.32146,77.16854
2362,100050001202602362,Belagavi,1,2026-06-12,2026,6,1,Night (12AM-6AM),FIR,Non-Heinous,Cyber Crime,Phishing,Undetected,15.77548,74.40081
2363,400250003202302363,Ramanagara,3,2023-08-03,2023,8,19,Evening (6PM-12AM),UDR,Non-Heinous,Crimes Against Body,Grievous Hurt,Under Investigation,12.66379,77.30475
2364,100170003202302364,Kolar,3,2023-11-18,2023,11,20,Evening (6PM-12AM),FIR,Non-Heinous,Narcotics,NDPS Trafficking,Charge Sheeted,13.10226,78.1824
2365,100040003202502365,Mangaluru (Dakshina Kannada),3,2025-11-27,2025,11,4,Night (12AM-6AM),FIR,Non-Heinous,Crimes Against Women,Molestation,Closed,12.95334,74.95389
2366,100060003202402366,Kalaburagi,3,2024-08-04,2024,8,19,Evening (6PM-12AM),PAR,Non-Heinous,Crimes Against Property,Theft,Under Investigation,17.27809,76.79679
2367,100020003202502367,Bengaluru Rural,3,2025-03-24,2025,3,12,Afternoon (12PM-6PM),FIR,Non-Heinous,Crimes Against Property,Robbery,Under Investigation,13.23786,77.53496
2368,100010003202402368,Bengaluru City,3,2024-06-22,2024,6,20,Evening (6PM-12AM),PAR,Heinous,Crimes Against Women,Dowry Harassment,False Case,12.93291,77.67733
2369,100130003202402369,Raichur,3,2024-01-12,2024,1,21,Evening (6PM-12AM),FIR,Non-Heinous,Economic Offences,Forgery,Charge Sheeted,16.19616,77.39076
2370,100240004202502370,Kodagu,4,2025-10-22,2025,10,12,Afternoon (12PM-6PM),FIR,Non-Heinous,Economic Offences,Cheating,Closed,12.27597,75.64006
2371,100220003202502371,Yadgir,3,2025-06-09,2025,6,10,Morning (6AM-12PM),FIR,Non-Heinous,Cyber Crime,Identity Theft,Closed,16.81089,77.08247
2372,100050002202602372,Belagavi,2,2026-06-13,2026,6,7,Morning (6AM-12PM),FIR,Non-Heinous,Crimes Against Body,Assault,Closed,15.83196,74.58564
2373,100230002202602373,Chamarajanagar,2,2026-02-02,2026,2,21,Evening (6PM-12AM),FIR,Heinous,Crimes Against Women,Dowry Harassment,Under Investigation,11.89763,76.86251
2374,100010002202402374,Bengaluru City,2,2024-06-23,2024,6,12,Afternoon (12PM-6PM),PAR,Heinous,Crimes Against Women,Molestation,False Case,12.94164,77.55116
2375,100080003202602375,Ballari,3,2026-12-10,2026,12,1,Night (12AM-6AM),PAR,Heinous,Crimes Against Body,Grievous Hurt,Charge Sheeted,15.08716,76.78593
2376,100220001202202376,Yadgir,1,2022-09-20,2022,9,15,Afternoon (12PM-6PM),FIR,Non-Heinous,Crimes Against Property,Burglary,Undetected,16.82269,77.12004
2377,100050003202302377,Belagavi,3,2023-03-27,2023,3,14,Afternoon (12PM-6PM),FIR,Non-Heinous,Economic Offences,Criminal Breach of Trust,Charge Sheeted,15.81039,74.35938
2378,100190001202302378,Hassan,1,2023-05-02,2023,5,1,Night (12AM-6AM),FIR,Heinous,Crimes Against Women,Molestation,Undetected,12.95824,76.08777
2379,100070003202502379,Hubballi-Dharwad,3,2025-06-21,2025,6,15,Afternoon (12PM-6PM),FIR,Non-Heinous,Crimes Against Property,Theft,Under Investigation,15.25518,75.1024
2380,100110001202302380,Davanagere,1,2023-02-05,2023,2,17,Afternoon (12PM-6PM),FIR,Non-Heinous,Crimes Against Property,Robbery,False Case,14.41503,75.90498
2381,100190001202302381,Hassan,1,2023-05-14,2023,5,14,Afternoon (12PM-6PM),FIR,Non-Heinous,Economic Offences,Cheating,Charge Sheeted,13.09008,76.13694
2382,100020002202402382,Bengaluru Rural,2,2024-02-16,2024,2,12,Afternoon (12PM-6PM),FIR,Non-Heinous,Crimes Against Property,Theft,Under Investigation,13.30166,77.66341
2383,100020004202502383,Bengaluru Rural,4,2025-01-19,2025,1,0,Night (12AM-6AM),PAR,Non-Heinous,Crimes Against Body,Grievous Hurt,Charge Sheeted,13.25548,77.56437
2384,100030002202602384,Mysuru,2,2026-06-17,2026,6,14,Afternoon (12PM-6PM),FIR,Non-Heinous,Crimes Against Property,Burglary,Charge Sheeted,12.19337,76.64884
2385,700020003202402385,Bengaluru Rural,3,2024-02-13,2024,2,22,Evening (6PM-12AM),Zero FIR,Non-Heinous,Economic Offences,Forgery,Charge Sheeted,13.23847,77.47745
2386,100020002202402386,Bengaluru Rural,2,2024-01-03,2024,1,16,Afternoon (12PM-6PM),FIR,Non-Heinous,Economic Offences,Cheating,Under Investigation,13.31167,77.5493
2387,100060004202602387,Kalaburagi,4,2026-08-12,2026,8,16,Afternoon (12PM-6PM),FIR,Heinous,Crimes Against Women,Sexual Assault,Charge Sheeted,17.38237,76.85737
2388,100170004202202388,Kolar,4,2022-08-05,2022,8,21,Evening (6PM-12AM),PAR,Heinous,Crimes Against Women,Sexual Assault,Closed,13.15209,78.15527
2389,100090001202402389,Tumakuru,1,2024-02-05,2024,2,11,Morning (6AM-12PM),FIR,Non-Heinous,Economic Offences,Criminal Breach of Trust,False Case,13.3064,77.10002
2390,100100002202502390,Shivamogga,2,2025-01-23,2025,1,20,Evening (6PM-12AM),FIR,Heinous,Crimes Against Women,Sexual Assault,Closed,13.89358,75.60452
2391,100280004202202391,Haveri,4,2022-11-22,2022,11,5,Night (12AM-6AM),FIR,Non-Heinous,Cyber Crime,Online Fraud,Charge Sheeted,14.73185,75.4011
2392,100010004202202392,Bengaluru City,4,2022-10-24,2022,10,8,Morning (6AM-12PM),FIR,Non-Heinous,Crimes Against Property,Dacoity,Closed,12.98296,77.5573
2393,400010002202602393,Bengaluru City,2,2026-08-12,2026,8,5,Night (12AM-6AM),UDR,Non-Heinous,Cyber Crime,Phishing,Charge Sheeted,12.95144,77.57956
2394,100110002202402394,Davanagere,2,2024-12-04,2024,12,14,Afternoon (12PM-6PM),FIR,Non-Heinous,Crimes Against Body,Attempt to Murder,Under Investigation,14.60035,75.9493
2395,700140004202402395,Bidar,4,2024-07-23,2024,7,12,Afternoon (12PM-6PM),Zero FIR,Non-Heinous,Crimes Against Property,Theft,Under Investigation,17.89965,77.48769
2396,100050004202502396,Belagavi,4,2025-09-19,2025,9,16,Afternoon (12PM-6PM),FIR,Non-Heinous,Crimes Against Property,Dacoity,Charge Sheeted,15.82728,74.48686
2397,100160001202302397,Udupi,1,2023-12-20,2023,12,20,Evening (6PM-12AM),FIR,Non-Heinous,Crimes Against Body,Assault,Charge Sheeted,13.3201,74.81018
2398,100050004202402398,Belagavi,4,2024-10-04,2024,10,4,Night (12AM-6AM),FIR,Heinous,Crimes Against Body,Murder,Closed,15.87332,74.4266
2399,100240003202602399,Kodagu,3,2026-03-24,2026,3,5,Night (12AM-6AM),FIR,Non-Heinous,Crimes Against Property,Theft,Under Investigation,12.36407,75.87561
2400,100230002202502400,Chamarajanagar,2,2025-02-13,2025,2,5,Night (12AM-6AM),FIR,Non-Heinous,Crimes Against Body,Murder,Charge Sheeted,11.86493,76.86284
2401,400080003202502401,Ballari,3,2025-07-25,2025,7,17,Afternoon (12PM-6PM),UDR,Heinous,Crimes Against Body,Grievous Hurt,Under Investigation,15.12963,76.89204
2402,100090002202402402,Tumakuru,2,2024-04-26,2024,4,8,Morning (6AM-12PM),FIR,Non-Heinous,Crimes Against Women,Sexual Assault,Closed,13.33039,77.27239
2403,100070004202202403,Hubballi-Dharwad,4,2022-07-23,2022,7,4,Night (12AM-6AM),FIR,Non-Heinous,Crimes Against Body,Grievous Hurt,Charge Sheeted,15.32718,75.16648
2404,100160003202402404,Udupi,3,2024-08-08,2024,8,0,Night (12AM-6AM),FIR,Non-Heinous,Crimes Against Property,Theft,Under Investigation,13.3601,74.9199
2405,100120003202602405,Vijayapura,3,2026-11-08,2026,11,9,Morning (6AM-12PM),FIR,Non-Heinous,Crimes Against Women,Domestic Violence,Charge Sheeted,16.76781,75.66097
2406,100010004202502406,Bengaluru City,4,2025-05-16,2025,5,7,Morning (6AM-12PM),FIR,Non-Heinous,Narcotics,NDPS Possession,Charge Sheeted,12.98018,77.54796
2407,700090004202202407,Tumakuru,4,2022-08-16,2022,8,17,Afternoon (12PM-6PM),Zero FIR,Non-Heinous,Crimes Against Property,Robbery,Undetected,13.29825,77.06382
2408,100230003202602408,Chamarajanagar,3,2026-11-19,2026,11,20,Evening (6PM-12AM),FIR,Heinous,Crimes Against Women,Dowry Harassment,Closed,11.94133,76.96204
2409,100290001202502409,Gadag,1,2025-07-07,2025,7,15,Afternoon (12PM-6PM),FIR,Non-Heinous,Crimes Against Body,Murder,Under Investigation,15.43973,75.63971
2410,100140001202602410,Bidar,1,2026-11-22,2026,11,18,Evening (6PM-12AM),FIR,Non-Heinous,Crimes Against Property,Theft,Charge Sheeted,17.82037,77.49889
2411,100010002202502411,Bengaluru City,2,2025-02-27,2025,2,0,Night (12AM-6AM),FIR,Heinous,Crimes Against Body,Grievous Hurt,Undetected,12.92985,77.5986
2412,100090004202602412,Tumakuru,4,2026-10-20,2026,10,6,Morning (6AM-12PM),FIR,Heinous,Crimes Against Body,Attempt to Murder,Closed,13.30248,77.11286
2413,100070003202602413,Hubballi-Dharwad,3,2026-12-25,2026,12,15,Afternoon (12PM-6PM),FIR,Non-Heinous,Economic Offences,Cheating,False Case,15.36338,75.1798
2414,100250001202602414,Ramanagara,1,2026-03-16,2026,3,22,Evening (6PM-12AM),FIR,Non-Heinous,Crimes Against Property,Robbery,Closed,12.60171,77.29593
2415,100130003202402415,Raichur,3,2024-12-05,2024,12,8,Morning (6AM-12PM),FIR,Non-Heinous,Crimes Against Property,Robbery,False Case,16.14423,77.37432
2416,100050002202302416,Belagavi,2,2023-12-25,2023,12,1,Night (12AM-6AM),FIR,Non-Heinous,Cyber Crime,Online Fraud,Closed,15.836,74.53016
2417,100050001202402417,Belagavi,1,2024-12-24,2024,12,1,Night (12AM-6AM),FIR,Non-Heinous,Crimes Against Property,Burglary,Under Investigation,15.75311,74.46869
2418,700240001202202418,Kodagu,1,2022-09-13,2022,9,0,Night (12AM-6AM),Zero FIR,Non-Heinous,Crimes Against Property,Dacoity,Charge Sheeted,12.32568,75.85135
2419,700220004202502419,Yadgir,4,2025-09-20,2025,9,18,Evening (6PM-12AM),Zero FIR,Non-Heinous,Economic Offences,Criminal Breach of Trust,Under Investigation,16.68614,77.18345
2420,100090001202602420,Tumakuru,1,2026-07-21,2026,7,13,Afternoon (12PM-6PM),FIR,Non-Heinous,Cyber Crime,Phishing,Charge Sheeted,13.41748,76.98813
2421,100110002202502421,Davanagere,2,2025-06-26,2025,6,15,Afternoon (12PM-6PM),FIR,Non-Heinous,Crimes Against Property,Robbery,Charge Sheeted,14.50225,75.85098
2422,100080002202402422,Ballari,2,2024-12-10,2024,12,8,Morning (6AM-12PM),FIR,Heinous,Crimes Against Women,Domestic Violence,Closed,15.24078,76.85988
2423,700040004202402423,Mangaluru (Dakshina Kannada),4,2024-03-20,2024,3,16,Afternoon (12PM-6PM),Zero FIR,Non-Heinous,Crimes Against Property,Burglary,Under Investigation,12.88193,74.83708
2424,100170004202602424,Kolar,4,2026-08-24,2026,8,0,Night (12AM-6AM),FIR,Non-Heinous,Economic Offences,Forgery,Charge Sheeted,13.06262,78.15611
2425,100050003202302425,Belagavi,3,2023-12-22,2023,12,2,Night (12AM-6AM),FIR,Non-Heinous,Cyber Crime,Phishing,Charge Sheeted,15.88467,74.42923
2426,700110001202402426,Davanagere,1,2024-09-20,2024,9,11,Morning (6AM-12PM),Zero FIR,Non-Heinous,Economic Offences,Forgery,Charge Sheeted,14.46809,75.92571
2427,100090004202302427,Tumakuru,4,2023-11-01,2023,11,22,Evening (6PM-12AM),FIR,Non-Heinous,Cyber Crime,Identity Theft,Closed,13.31148,77.04339
2428,100010002202202428,Bengaluru City,2,2022-04-25,2022,4,17,Afternoon (12PM-6PM),FIR,Heinous,Narcotics,NDPS Trafficking,Under Investigation,12.9606,77.65567
2429,100160004202402429,Udupi,4,2024-03-15,2024,3,9,Morning (6AM-12PM),FIR,Non-Heinous,Crimes Against Body,Attempt to Murder,Closed,13.47263,74.71376
2430,100030003202402430,Mysuru,3,2024-11-27,2024,11,16,Afternoon (12PM-6PM),FIR,Heinous,Crimes Against Body,Assault,Under Investigation,12.32111,76.61854
2431,100170001202402431,Kolar,1,2024-04-02,2024,4,17,Afternoon (12PM-6PM),FIR,Non-Heinous,Crimes Against Property,Dacoity,Charge Sheeted,13.05928,78.132
2432,100040004202502432,Mangaluru (Dakshina Kannada),4,2025-02-10,2025,2,14,Afternoon (12PM-6PM),FIR,Non-Heinous,Narcotics,NDPS Possession,Closed,12.78199,74.82965
2433,100040002202602433,Mangaluru (Dakshina Kannada),2,2026-12-24,2026,12,9,Morning (6AM-12PM),FIR,Non-Heinous,Narcotics,NDPS Possession,Under Investigation,13.01452,74.87902
2434,100050004202602434,Belagavi,4,2026-06-05,2026,6,20,Evening (6PM-12AM),FIR,Heinous,Crimes Against Women,Sexual Assault,Charge Sheeted,15.84489,74.5028
2435,100170003202402435,Kolar,3,2024-06-01,2024,6,15,Afternoon (12PM-6PM),FIR,Non-Heinous,Economic Offences,Criminal Breach of Trust,Closed,13.14406,78.11746
2436,100020003202502436,Bengaluru Rural,3,2025-02-02,2025,2,2,Night (12AM-6AM),FIR,Non-Heinous,Crimes Against Property,Dacoity,Under Investigation,13.27914,77.53184
2437,100050002202602437,Belagavi,2,2026-03-12,2026,3,15,Afternoon (12PM-6PM),FIR,Heinous,Crimes Against Body,Grievous Hurt,Under Investigation,15.88258,74.31713
2438,100050003202402438,Belagavi,3,2024-05-22,2024,5,12,Afternoon (12PM-6PM),FIR,Non-Heinous,Economic Offences,Cheating,Charge Sheeted,15.8681,74.50182
2439,100050003202602439,Belagavi,3,2026-09-27,2026,9,7,Morning (6AM-12PM),FIR,Non-Heinous,Crimes Against Property,Burglary,Undetected,15.85122,74.50548
2440,100050004202202440,Belagavi,4,2022-04-19,2022,4,5,Night (12AM-6AM),FIR,Non-Heinous,Crimes Against Women,Molestation,Under Investigation,15.85285,74.52146
2441,100110001202402441,Davanagere,1,2024-05-12,2024,5,18,Evening (6PM-12AM),FIR,Non-Heinous,Economic Offences,Criminal Breach of Trust,Under Investigation,14.48822,75.86369
2442,100110004202202442,Davanagere,4,2022-07-06,2022,7,5,Night (12AM-6AM),FIR,Non-Heinous,Cyber Crime,Identity Theft,Closed,14.43217,75.9283
2443,100090003202402443,Tumakuru,3,2024-02-06,2024,2,10,Morning (6AM-12PM),FIR,Non-Heinous,Public Order,Rioting,Under Investigation,13.41174,77.07246
2444,100290001202502444,Gadag,1,2025-04-08,2025,4,9,Morning (6AM-12PM),FIR,Non-Heinous,Crimes Against Property,Dacoity,Charge Sheeted,15.50248,75.60124
2445,100230002202502445,Chamarajanagar,2,2025-02-23,2025,2,16,Afternoon (12PM-6PM),FIR,Non-Heinous,Crimes Against Body,Murder,Charge Sheeted,12.00546,77.00768
2446,400250004202302446,Ramanagara,4,2023-03-02,2023,3,5,Night (12AM-6AM),UDR,Non-Heinous,Crimes Against Property,Dacoity,Under Investigation,12.78267,77.38719
2447,100140003202302447,Bidar,3,2023-11-16,2023,11,11,Morning (6AM-12PM),FIR,Non-Heinous,Crimes Against Property,Dacoity,Charge Sheeted,17.90055,77.46765
2448,100280004202502448,Haveri,4,2025-09-21,2025,9,20,Evening (6PM-12AM),FIR,Non-Heinous,Crimes Against Property,Burglary,Charge Sheeted,14.75854,75.43881
2449,100170001202302449,Kolar,1,2023-10-08,2023,10,12,Afternoon (12PM-6PM),FIR,Non-Heinous,Cyber Crime,Phishing,Under Investigation,13.26833,78.04479
2450,100100003202402450,Shivamogga,3,2024-08-25,2024,8,14,Afternoon (12PM-6PM),FIR,Heinous,Crimes Against Women,Domestic Violence,Under Investigation,13.9233,75.64817
2451,100250003202602451,Ramanagara,3,2026-04-09,2026,4,12,Afternoon (12PM-6PM),FIR,Heinous,Crimes Against Body,Grievous Hurt,Under Investigation,12.64407,77.32724
2452,100020003202502452,Bengaluru Rural,3,2025-09-24,2025,9,8,Morning (6AM-12PM),FIR,Non-Heinous,Crimes Against Women,Domestic Violence,Charge Sheeted,13.33538,77.77782
2453,400030003202602453,Mysuru,3,2026-11-22,2026,11,8,Morning (6AM-12PM),UDR,Non-Heinous,Economic Offences,Forgery,Closed,12.21273,76.57415
2454,100050003202502454,Belagavi,3,2025-06-11,2025,6,21,Evening (6PM-12AM),FIR,Non-Heinous,Crimes Against Property,Burglary,Undetected,15.90759,74.51824
2455,100040002202302455,Mangaluru (Dakshina Kannada),2,2023-09-13,2023,9,2,Night (12AM-6AM),FIR,Non-Heinous,Crimes Against Property,Robbery,Under Investigation,12.93237,74.85037
2456,700240004202402456,Kodagu,4,2024-08-05,2024,8,5,Night (12AM-6AM),Zero FIR,Non-Heinous,Crimes Against Body,Grievous Hurt,Closed,12.33952,75.73092
2457,100020001202402457,Bengaluru Rural,1,2024-05-27,2024,5,22,Evening (6PM-12AM),FIR,Non-Heinous,Crimes Against Property,Dacoity,Under Investigation,13.36661,77.56932
2458,100240004202502458,Kodagu,4,2025-11-07,2025,11,6,Morning (6AM-12PM),FIR,Non-Heinous,Crimes Against Body,Assault,Under Investigation,12.34345,75.85574
2459,100290004202502459,Gadag,4,2025-07-01,2025,7,7,Morning (6AM-12PM),FIR,Heinous,Crimes Against Women,Molestation,Under Investigation,15.42813,75.61555
2460,100170004202202460,Kolar,4,2022-01-27,2022,1,9,Morning (6AM-12PM),FIR,Non-Heinous,Crimes Against Property,Theft,Closed,13.19198,78.15031
2461,100240002202302461,Kodagu,2,2023-04-16,2023,4,11,Morning (6AM-12PM),FIR,Heinous,Narcotics,NDPS Possession,Under Investigation,12.2562,75.87714
2462,100060002202202462,Kalaburagi,2,2022-10-22,2022,10,14,Afternoon (12PM-6PM),FIR,Non-Heinous,Crimes Against Property,Robbery,Closed,17.34274,76.83782
2463,100240002202502463,Kodagu,2,2025-06-07,2025,6,1,Night (12AM-6AM),FIR,Non-Heinous,Crimes Against Property,Robbery,Charge Sheeted,12.33779,75.70601
2464,100070004202402464,Hubballi-Dharwad,4,2024-10-21,2024,10,20,Evening (6PM-12AM),FIR,Heinous,Crimes Against Women,Domestic Violence,Closed,15.36205,75.13383
2465,100140003202502465,Bidar,3,2025-11-21,2025,11,0,Night (12AM-6AM),FIR,Non-Heinous,Crimes Against Property,Robbery,Closed,17.92582,77.64507
2466,100150002202402466,Chikkamagaluru,2,2024-05-01,2024,5,3,Night (12AM-6AM),FIR,Heinous,Crimes Against Body,Attempt to Murder,Charge Sheeted,13.22084,75.77918
2467,100220002202502467,Yadgir,2,2025-01-24,2025,1,9,Morning (6AM-12PM),FIR,Non-Heinous,Crimes Against Body,Assault,Under Investigation,16.85084,77.21141
2468,100160003202502468,Udupi,3,2025-03-04,2025,3,14,Afternoon (12PM-6PM),FIR,Non-Heinous,Crimes Against Body,Attempt to Murder,Closed,13.37456,74.86133
2469,100050002202202469,Belagavi,2,2022-07-19,2022,7,0,Night (12AM-6AM),FIR,Non-Heinous,Economic Offences,Cheating,Closed,15.84403,74.49033
2470,100160003202602470,Udupi,3,2026-11-13,2026,11,17,Afternoon (12PM-6PM),FIR,Heinous,Narcotics,NDPS Possession,Closed,13.36189,74.83789
2471,100040002202302471,Mangaluru (Dakshina Kannada),2,2023-09-18,2023,9,0,Night (12AM-6AM),FIR,Non-Heinous,Crimes Against Property,Dacoity,Closed,12.91836,74.81238
2472,100030001202402472,Mysuru,1,2024-06-23,2024,6,3,Night (12AM-6AM),FIR,Heinous,Crimes Against Body,Murder,Charge Sheeted,12.29853,76.58438
2473,100130003202602473,Raichur,3,2026-02-25,2026,2,23,Evening (6PM-12AM),FIR,Non-Heinous,Crimes Against Property,Dacoity,Under Investigation,16.24967,77.30439
2474,100250003202602474,Ramanagara,3,2026-11-16,2026,11,3,Night (12AM-6AM),FIR,Non-Heinous,Crimes Against Property,Burglary,Under Investigation,12.69275,77.29103
2475,100140003202502475,Bidar,3,2025-06-13,2025,6,20,Evening (6PM-12AM),FIR,Heinous,Crimes Against Women,Domestic Violence,Charge Sheeted,17.92548,77.50161
2476,100110002202402476,Davanagere,2,2024-10-02,2024,10,14,Afternoon (12PM-6PM),FIR,Non-Heinous,Crimes Against Body,Attempt to Murder,Under Investigation,14.4947,75.91313
2477,700110004202502477,Davanagere,4,2025-04-16,2025,4,12,Afternoon (12PM-6PM),Zero FIR,Non-Heinous,Crimes Against Property,Dacoity,Charge Sheeted,14.52125,75.9056
2478,400030003202202478,Mysuru,3,2022-01-22,2022,1,3,Night (12AM-6AM),UDR,Non-Heinous,Economic Offences,Criminal Breach of Trust,Under Investigation,12.17287,76.7788
2479,100010003202402479,Bengaluru City,3,2024-05-19,2024,5,23,Evening (6PM-12AM),FIR,Non-Heinous,Crimes Against Body,Murder,Charge Sheeted,13.05513,77.7251
2480,400110004202602480,Davanagere,4,2026-09-08,2026,9,14,Afternoon (12PM-6PM),UDR,Non-Heinous,Crimes Against Body,Grievous Hurt,Under Investigation,14.47545,75.75802
2481,100300002202402481,Uttara Kannada,2,2024-12-15,2024,12,23,Evening (6PM-12AM),FIR,Heinous,Crimes Against Women,Domestic Violence,False Case,14.77711,74.70754
2482,100020002202302482,Bengaluru Rural,2,2023-08-08,2023,8,20,Evening (6PM-12AM),FIR,Heinous,Crimes Against Body,Murder,Under Investigation,13.26617,77.55148
2483,100040004202202483,Mangaluru (Dakshina Kannada),4,2022-04-08,2022,4,17,Afternoon (12PM-6PM),FIR,Heinous,Crimes Against Body,Assault,False Case,12.9208,74.95
2484,100190001202602484,Hassan,1,2026-09-09,2026,9,23,Evening (6PM-12AM),FIR,Non-Heinous,Cyber Crime,Identity Theft,Undetected,13.00189,76.01904
2485,100090001202602485,Tumakuru,1,2026-10-12,2026,10,3,Night (12AM-6AM),FIR,Non-Heinous,Crimes Against Property,Burglary,Closed,13.31028,77.10135
2486,100020001202502486,Bengaluru Rural,1,2025-11-11,2025,11,18,Evening (6PM-12AM),FIR,Non-Heinous,Crimes Against Property,Robbery,Charge Sheeted,13.25404,77.50163
2487,100110001202202487,Davanagere,1,2022-01-17,2022,1,13,Afternoon (12PM-6PM),FIR,Heinous,Crimes Against Body,Murder,Under Investigation,14.40942,75.8806
2488,100020002202302488,Bengaluru Rural,2,2023-11-17,2023,11,19,Evening (6PM-12AM),FIR,Non-Heinous,Economic Offences,Criminal Breach of Trust,Under Investigation,13.31602,77.61121
2489,100240004202302489,Kodagu,4,2023-11-24,2023,11,21,Evening (6PM-12AM),FIR,Heinous,Crimes Against Women,Sexual Assault,Under Investigation,12.25456,75.7112
2490,100030002202602490,Mysuru,2,2026-04-08,2026,4,6,Morning (6AM-12PM),FIR,Heinous,Crimes Against Women,Molestation,False Case,12.36074,76.66563
2491,100040002202302491,Mangaluru (Dakshina Kannada),2,2023-04-25,2023,4,16,Afternoon (12PM-6PM),FIR,Non-Heinous,Crimes Against Property,Robbery,Under Investigation,12.98631,74.8733
2492,100020003202602492,Bengaluru Rural,3,2026-09-24,2026,9,20,Evening (6PM-12AM),FIR,Non-Heinous,Crimes Against Property,Theft,Under Investigation,13.27009,77.46498
2493,100110002202502493,Davanagere,2,2025-08-17,2025,8,20,Evening (6PM-12AM),FIR,Non-Heinous,Crimes Against Property,Robbery,False Case,14.51658,75.92201
2494,100050004202302494,Belagavi,4,2023-01-27,2023,1,20,Evening (6PM-12AM),PAR,Non-Heinous,Crimes Against Body,Assault,Under Investigation,15.8254,74.4651
2495,700090002202602495,Tumakuru,2,2026-10-06,2026,10,13,Afternoon (12PM-6PM),Zero FIR,Non-Heinous,Cyber Crime,Phishing,Closed,13.31291,77.07842
2496,100060003202502496,Kalaburagi,3,2025-03-06,2025,3,21,Evening (6PM-12AM),FIR,Non-Heinous,Crimes Against Women,Molestation,Under Investigation,17.37024,76.88978
2497,100050001202302497,Belagavi,1,2023-12-04,2023,12,14,Afternoon (12PM-6PM),FIR,Non-Heinous,Crimes Against Body,Murder,Closed,15.92323,74.47495
2498,100150004202602498,Chikkamagaluru,4,2026-03-22,2026,3,4,Night (12AM-6AM),FIR,Non-Heinous,Crimes Against Women,Dowry Harassment,Under Investigation,13.28029,75.87835
2499,100170001202402499,Kolar,1,2024-05-06,2024,5,21,Evening (6PM-12AM),PAR,Non-Heinous,Economic Offences,Cheating,Charge Sheeted,13.15568,78.21128
2500,100040003202302500,Mangaluru (Dakshina Kannada),3,2023-10-08,2023,10,14,Afternoon (12PM-6PM),FIR,Non-Heinous,Crimes Against Property,Theft,Charge Sheeted,12.89739,74.86315
2501,100030003202202501,Mysuru,3,2022-01-09,2022,1,2,Night (12AM-6AM),FIR,Non-Heinous,Economic Offences,Criminal Breach of Trust,Closed,12.29059,76.63746
2502,100050001202402502,Belagavi,1,2024-04-12,2024,4,23,Evening (6PM-12AM),FIR,Heinous,Crimes Against Body,Attempt to Murder,Closed,15.8135,74.38401
2503,100240003202602503,Kodagu,3,2026-09-14,2026,9,18,Evening (6PM-12AM),FIR,Non-Heinous,Crimes Against Property,Robbery,Charge Sheeted,12.34409,75.81621
2504,100130002202302504,Raichur,2,2023-06-11,2023,6,5,Night (12AM-6AM),FIR,Non-Heinous,Economic Offences,Forgery,Under Investigation,16.08825,77.25118
2505,100050002202302505,Belagavi,2,2023-10-14,2023,10,3,Night (12AM-6AM),FIR,Non-Heinous,Crimes Against Body,Grievous Hurt,Under Investigation,15.9363,74.48609
2506,100050001202402506,Belagavi,1,2024-06-06,2024,6,0,Night (12AM-6AM),FIR,Heinous,Crimes Against Women,Sexual Assault,Closed,15.87495,74.49613
2507,100210003202602507,Koppal,3,2026-11-25,2026,11,12,Afternoon (12PM-6PM),PAR,Heinous,Crimes Against Body,Grievous Hurt,Charge Sheeted,15.35491,76.18732
2508,700240004202502508,Kodagu,4,2025-11-27,2025,11,10,Morning (6AM-12PM),Zero FIR,Non-Heinous,Cyber Crime,Phishing,Under Investigation,12.34618,75.7551
2509,100190002202202509,Hassan,2,2022-06-11,2022,6,11,Morning (6AM-12PM),FIR,Non-Heinous,Crimes Against Body,Murder,Undetected,12.91808,76.09069
2510,100280004202402510,Haveri,4,2024-12-23,2024,12,23,Evening (6PM-12AM),PAR,Non-Heinous,Crimes Against Women,Dowry Harassment,Under Investigation,14.72058,75.45812
2511,100050001202402511,Belagavi,1,2024-08-13,2024,8,9,Morning (6AM-12PM),FIR,Non-Heinous,Crimes Against Body,Murder,Under Investigation,15.80941,74.50161
2512,100050001202602512,Belagavi,1,2026-05-25,2026,5,10,Morning (6AM-12PM),FIR,Heinous,Crimes Against Women,Domestic Violence,Under Investigation,15.97569,74.51264
2513,100230002202302513,Chamarajanagar,2,2023-05-23,2023,5,2,Night (12AM-6AM),FIR,Non-Heinous,Crimes Against Body,Assault,Charge Sheeted,11.98029,76.91662
2514,100060001202302514,Kalaburagi,1,2023-04-20,2023,4,16,Afternoon (12PM-6PM),FIR,Heinous,Crimes Against Body,Assault,Undetected,17.22833,76.98481
2515,100240003202502515,Kodagu,3,2025-01-02,2025,1,20,Evening (6PM-12AM),FIR,Non-Heinous,Crimes Against Property,Robbery,Under Investigation,12.30097,75.72247
2516,100110001202602516,Davanagere,1,2026-01-19,2026,1,17,Afternoon (12PM-6PM),FIR,Non-Heinous,Crimes Against Women,Molestation,False Case,14.47112,76.00065
2517,100060004202402517,Kalaburagi,4,2024-10-12,2024,10,23,Evening (6PM-12AM),FIR,Non-Heinous,Crimes Against Property,Theft,Charge Sheeted,17.33514,76.83574
2518,100100003202602518,Shivamogga,3,2026-07-03,2026,7,23,Evening (6PM-12AM),FIR,Heinous,Crimes Against Women,Molestation,Under Investigation,13.84608,75.57371
2519,100010002202602519,Bengaluru City,2,2026-06-24,2026,6,16,Afternoon (12PM-6PM),FIR,Heinous,Crimes Against Body,Murder,Closed,12.8755,77.58013
2520,100240002202602520,Kodagu,2,2026-12-01,2026,12,1,Night (12AM-6AM),FIR,Non-Heinous,Crimes Against Property,Theft,Under Investigation,12.37172,75.76233
2521,100010004202502521,Bengaluru City,4,2025-11-21,2025,11,4,Night (12AM-6AM),FIR,Heinous,Crimes Against Body,Grievous Hurt,Under Investigation,12.91862,77.56161
2522,100130002202202522,Raichur,2,2022-09-06,2022,9,15,Afternoon (12PM-6PM),FIR,Heinous,Crimes Against Body,Attempt to Murder,False Case,16.32623,77.37455
2523,100070004202602523,Hubballi-Dharwad,4,2026-04-18,2026,4,13,Afternoon (12PM-6PM),PAR,Non-Heinous,Cyber Crime,Phishing,False Case,15.24677,75.15962
2524,100020002202202524,Bengaluru Rural,2,2022-01-12,2022,1,15,Afternoon (12PM-6PM),FIR,Heinous,Crimes Against Body,Murder,Under Investigation,13.19315,77.575
2525,100190003202402525,Hassan,3,2024-06-15,2024,6,13,Afternoon (12PM-6PM),FIR,Non-Heinous,Crimes Against Women,Dowry Harassment,Under Investigation,12.95576,76.00031
2526,100040002202502526,Mangaluru (Dakshina Kannada),2,2025-07-04,2025,7,2,Night (12AM-6AM),FIR,Non-Heinous,Crimes Against Women,Dowry Harassment,Charge Sheeted,12.90352,74.77592
2527,100140001202302527,Bidar,1,2023-03-24,2023,3,9,Morning (6AM-12PM),FIR,Heinous,Crimes Against Women,Molestation,Under Investigation,17.86982,77.60995
2528,100270002202502528,Bagalkot,2,2025-07-03,2025,7,3,Night (12AM-6AM),FIR,Non-Heinous,Economic Offences,Forgery,Under Investigation,16.24418,75.67574
2529,400080001202302529,Ballari,1,2023-09-10,2023,9,10,Morning (6AM-12PM),UDR,Non-Heinous,Economic Offences,Forgery,Under Investigation,15.12915,76.80037
2530,100200003202302530,Chitradurga,3,2023-12-26,2023,12,4,Night (12AM-6AM),FIR,Heinous,Crimes Against Women,Domestic Violence,Charge Sheeted,14.26845,76.34603
2531,100100004202502531,Shivamogga,4,2025-03-23,2025,3,20,Evening (6PM-12AM),FIR,Non-Heinous,Crimes Against Property,Burglary,Under Investigation,13.92503,75.49883
2532,100090001202602532,Tumakuru,1,2026-04-04,2026,4,1,Night (12AM-6AM),FIR,Non-Heinous,Economic Offences,Criminal Breach of Trust,Undetected,13.36734,77.04021
2533,100110001202402533,Davanagere,1,2024-11-23,2024,11,7,Morning (6AM-12PM),FIR,Heinous,Crimes Against Body,Murder,False Case,14.37956,75.88351
2534,700050001202402534,Belagavi,1,2024-12-09,2024,12,17,Afternoon (12PM-6PM),Zero FIR,Non-Heinous,Crimes Against Women,Molestation,Undetected,15.85735,74.39177
2535,100140003202602535,Bidar,3,2026-08-27,2026,8,13,Afternoon (12PM-6PM),FIR,Non-Heinous,Crimes Against Body,Grievous Hurt,Undetected,17.84649,77.56635
2536,100020004202602536,Bengaluru Rural,4,2026-12-26,2026,12,21,Evening (6PM-12AM),PAR,Heinous,Crimes Against Body,Assault,Charge Sheeted,13.29062,77.53027
2537,100190001202402537,Hassan,1,2024-04-11,2024,4,6,Morning (6AM-12PM),FIR,Non-Heinous,Economic Offences,Forgery,Charge Sheeted,12.99384,76.15251
2538,700010001202502538,Bengaluru City,1,2025-07-26,2025,7,22,Evening (6PM-12AM),Zero FIR,Heinous,Crimes Against Women,Domestic Violence,Under Investigation,12.95636,77.56502
2539,100040004202302539,Mangaluru (Dakshina Kannada),4,2023-02-09,2023,2,14,Afternoon (12PM-6PM),FIR,Non-Heinous,Narcotics,NDPS Possession,Undetected,12.87907,74.8904
2540,100050004202602540,Belagavi,4,2026-04-15,2026,4,2,Night (12AM-6AM),FIR,Non-Heinous,Crimes Against Property,Dacoity,Closed,15.94426,74.51932
2541,100150002202202541,Chikkamagaluru,2,2022-11-21,2022,11,1,Night (12AM-6AM),FIR,Non-Heinous,Economic Offences,Forgery,Charge Sheeted,13.28345,75.7823
2542,100060003202302542,Kalaburagi,3,2023-05-24,2023,5,20,Evening (6PM-12AM),FIR,Non-Heinous,Crimes Against Body,Murder,Charge Sheeted,17.35029,76.81769
2543,100190004202402543,Hassan,4,2024-10-25,2024,10,21,Evening (6PM-12AM),PAR,Non-Heinous,Cyber Crime,Identity Theft,Under Investigation,12.96091,76.05154
2544,100040002202502544,Mangaluru (Dakshina Kannada),2,2025-10-06,2025,10,10,Morning (6AM-12PM),FIR,Heinous,Crimes Against Body,Grievous Hurt,Undetected,12.95185,74.74496
2545,100070004202402545,Hubballi-Dharwad,4,2024-11-25,2024,11,8,Morning (6AM-12PM),FIR,Non-Heinous,Public Order,Rioting,Under Investigation,15.31424,75.07301
2546,100240002202302546,Kodagu,2,2023-08-19,2023,8,0,Night (12AM-6AM),FIR,Non-Heinous,Cyber Crime,Identity Theft,Under Investigation,12.3131,75.8762
2547,100040001202602547,Mangaluru (Dakshina Kannada),1,2026-03-03,2026,3,22,Evening (6PM-12AM),FIR,Non-Heinous,Crimes Against Women,Molestation,Under Investigation,13.0162,74.86645
2548,100030001202302548,Mysuru,1,2023-07-19,2023,7,21,Evening (6PM-12AM),PAR,Non-Heinous,Economic Offences,Cheating,Charge Sheeted,12.31227,76.57646
2549,100230001202602549,Chamarajanagar,1,2026-07-12,2026,7,3,Night (12AM-6AM),FIR,Non-Heinous,Economic Offences,Criminal Breach of Trust,Under Investigation,11.90845,76.94335
2550,400010004202502550,Bengaluru City,4,2025-01-27,2025,1,0,Night (12AM-6AM),UDR,Heinous,Narcotics,NDPS Possession,Charge Sheeted,12.98982,77.6262
2551,100040003202302551,Mangaluru (Dakshina Kannada),3,2023-12-06,2023,12,7,Morning (6AM-12PM),FIR,Heinous,Crimes Against Women,Dowry Harassment,Charge Sheeted,12.8925,74.85647
2552,700020001202602552,Bengaluru Rural,1,2026-01-27,2026,1,4,Night (12AM-6AM),Zero FIR,Non-Heinous,Crimes Against Body,Murder,Charge Sheeted,13.2015,77.56699
2553,700020003202402553,Bengaluru Rural,3,2024-03-14,2024,3,5,Night (12AM-6AM),Zero FIR,Non-Heinous,Crimes Against Body,Murder,Under Investigation,13.19631,77.58056
2554,100020001202302554,Bengaluru Rural,1,2023-10-01,2023,10,13,Afternoon (12PM-6PM),FIR,Non-Heinous,Crimes Against Property,Robbery,Under Investigation,13.20536,77.56275
2555,100140002202402555,Bidar,2,2024-01-14,2024,1,18,Evening (6PM-12AM),FIR,Non-Heinous,Economic Offences,Cheating,Closed,17.96709,77.47954
2556,100110002202302556,Davanagere,2,2023-06-22,2023,6,4,Night (12AM-6AM),FIR,Heinous,Crimes Against Women,Domestic Violence,Closed,14.46998,75.88944
2557,100050003202302557,Belagavi,3,2023-11-10,2023,11,17,Afternoon (12PM-6PM),FIR,Non-Heinous,Economic Offences,Cheating,Undetected,15.82804,74.51824
2558,700030004202502558,Mysuru,4,2025-05-05,2025,5,13,Afternoon (12PM-6PM),Zero FIR,Non-Heinous,Crimes Against Property,Dacoity,Under Investigation,12.23949,76.61046
2559,100130003202202559,Raichur,3,2022-10-07,2022,10,21,Evening (6PM-12AM),FIR,Non-Heinous,Crimes Against Property,Dacoity,False Case,16.28848,77.30518
2560,100080002202202560,Ballari,2,2022-02-01,2022,2,18,Evening (6PM-12AM),FIR,Non-Heinous,Cyber Crime,Cyberstalking,Charge Sheeted,15.12006,76.91451
2561,100060003202502561,Kalaburagi,3,2025-12-13,2025,12,17,Afternoon (12PM-6PM),FIR,Non-Heinous,Crimes Against Body,Assault,Closed,17.373,76.80389
2562,100110001202302562,Davanagere,1,2023-03-03,2023,3,3,Night (12AM-6AM),FIR,Heinous,Crimes Against Body,Murder,Charge Sheeted,14.52525,75.92837
2563,100230003202502563,Chamarajanagar,3,2025-08-05,2025,8,3,Night (12AM-6AM),FIR,Non-Heinous,Crimes Against Women,Sexual Assault,Charge Sheeted,11.88569,77.02286
2564,100110004202302564,Davanagere,4,2023-08-07,2023,8,8,Morning (6AM-12PM),FIR,Non-Heinous,Economic Offences,Forgery,Under Investigation,14.62796,75.93085
2565,100130004202202565,Raichur,4,2022-09-14,2022,9,18,Evening (6PM-12AM),FIR,Non-Heinous,Narcotics,NDPS Possession,Closed,16.21089,77.29185
2566,100110001202402566,Davanagere,1,2024-01-12,2024,1,4,Night (12AM-6AM),FIR,Non-Heinous,Crimes Against Body,Murder,Under Investigation,14.4229,75.9178
2567,400080002202402567,Ballari,2,2024-07-14,2024,7,9,Morning (6AM-12PM),UDR,Heinous,Narcotics,NDPS Possession,Under Investigation,15.26452,76.9109
2568,100020004202402568,Bengaluru Rural,4,2024-09-24,2024,9,14,Afternoon (12PM-6PM),FIR,Non-Heinous,Economic Offences,Criminal Breach of Trust,Under Investigation,13.22492,77.55478
2569,100130002202602569,Raichur,2,2026-04-04,2026,4,19,Evening (6PM-12AM),PAR,Non-Heinous,Crimes Against Property,Robbery,Closed,16.12306,77.28978
2570,100130003202502570,Raichur,3,2025-08-10,2025,8,4,Night (12AM-6AM),FIR,Non-Heinous,Cyber Crime,Identity Theft,Closed,16.17197,77.35522
2571,100040003202502571,Mangaluru (Dakshina Kannada),3,2025-10-01,2025,10,0,Night (12AM-6AM),FIR,Non-Heinous,Crimes Against Property,Robbery,Closed,12.92325,74.93982
2572,100180002202602572,Mandya,2,2026-03-18,2026,3,9,Morning (6AM-12PM),FIR,Non-Heinous,Crimes Against Property,Theft,Closed,12.46624,76.86742
2573,100010004202502573,Bengaluru City,4,2025-06-11,2025,6,12,Afternoon (12PM-6PM),FIR,Heinous,Crimes Against Body,Attempt to Murder,Charge Sheeted,12.95169,77.50047
2574,100050004202302574,Belagavi,4,2023-02-24,2023,2,21,Evening (6PM-12AM),FIR,Non-Heinous,Public Order,Unlawful Assembly,Undetected,15.91934,74.5182
2575,100280002202502575,Haveri,2,2025-03-24,2025,3,14,Afternoon (12PM-6PM),FIR,Non-Heinous,Crimes Against Property,Dacoity,Charge Sheeted,14.84018,75.50273
2576,100100003202402576,Shivamogga,3,2024-12-27,2024,12,17,Afternoon (12PM-6PM),FIR,Non-Heinous,Crimes Against Property,Robbery,Closed,13.92509,75.65723
2577,100160002202302577,Udupi,2,2023-12-27,2023,12,19,Evening (6PM-12AM),FIR,Non-Heinous,Crimes Against Women,Sexual Assault,Under Investigation,13.41354,74.83865
2578,100050003202402578,Belagavi,3,2024-12-22,2024,12,18,Evening (6PM-12AM),FIR,Heinous,Crimes Against Women,Dowry Harassment,Under Investigation,15.9473,74.56304
2579,100050003202402579,Belagavi,3,2024-12-27,2024,12,4,Night (12AM-6AM),FIR,Non-Heinous,Crimes Against Property,Robbery,Charge Sheeted,15.75787,74.47331
2580,100280001202502580,Haveri,1,2025-04-22,2025,4,0,Night (12AM-6AM),FIR,Non-Heinous,Crimes Against Property,Robbery,Charge Sheeted,14.78756,75.36083
2581,100160002202202581,Udupi,2,2022-08-08,2022,8,22,Evening (6PM-12AM),FIR,Heinous,Crimes Against Women,Molestation,Undetected,13.33015,74.79111
2582,100160002202502582,Udupi,2,2025-05-09,2025,5,12,Afternoon (12PM-6PM),FIR,Heinous,Crimes Against Women,Sexual Assault,False Case,13.36307,74.67749
2583,100190004202202583,Hassan,4,2022-11-12,2022,11,15,Afternoon (12PM-6PM),FIR,Non-Heinous,Crimes Against Property,Robbery,Under Investigation,12.98613,76.10589
2584,100240004202502584,Kodagu,4,2025-09-01,2025,9,5,Night (12AM-6AM),FIR,Non-Heinous,Crimes Against Women,Domestic Violence,Under Investigation,12.32225,75.77785
2585,100020003202202585,Bengaluru Rural,3,2022-12-25,2022,12,23,Evening (6PM-12AM),FIR,Non-Heinous,Cyber Crime,Online Fraud,Undetected,13.37502,77.49606
2586,100240001202502586,Kodagu,1,2025-09-18,2025,9,16,Afternoon (12PM-6PM),PAR,Non-Heinous,Crimes Against Property,Burglary,Charge Sheeted,12.31067,75.75735
2587,100010001202602587,Bengaluru City,1,2026-02-24,2026,2,0,Night (12AM-6AM),FIR,Non-Heinous,Crimes Against Women,Dowry Harassment,False Case,12.87057,77.51847
2588,100090002202302588,Tumakuru,2,2023-03-25,2023,3,9,Morning (6AM-12PM),FIR,Non-Heinous,Economic Offences,Cheating,Under Investigation,13.32745,77.11757
2589,100140001202402589,Bidar,1,2024-07-26,2024,7,20,Evening (6PM-12AM),FIR,Non-Heinous,Crimes Against Property,Theft,Charge Sheeted,17.81672,77.4155
2590,100250003202402590,Ramanagara,3,2024-12-25,2024,12,13,Afternoon (12PM-6PM),FIR,Non-Heinous,Crimes Against Property,Robbery,Undetected,12.74573,77.23708
2591,100140002202402591,Bidar,2,2024-05-17,2024,5,5,Night (12AM-6AM),PAR,Non-Heinous,Crimes Against Property,Dacoity,False Case,17.92689,77.52216
2592,100030001202602592,Mysuru,1,2026-03-05,2026,3,13,Afternoon (12PM-6PM),FIR,Heinous,Crimes Against Women,Molestation,Charge Sheeted,12.34166,76.43775
2593,100050003202402593,Belagavi,3,2024-05-26,2024,5,0,Night (12AM-6AM),FIR,Non-Heinous,Crimes Against Body,Murder,Undetected,15.8008,74.49021
2594,100020003202402594,Bengaluru Rural,3,2024-05-06,2024,5,13,Afternoon (12PM-6PM),FIR,Non-Heinous,Cyber Crime,Phishing,Under Investigation,13.23561,77.61281
2595,100210002202402595,Koppal,2,2024-06-24,2024,6,19,Evening (6PM-12AM),FIR,Non-Heinous,Crimes Against Property,Burglary,Under Investigation,15.38198,76.26264
2596,100040001202402596,Mangaluru (Dakshina Kannada),1,2024-12-27,2024,12,9,Morning (6AM-12PM),FIR,Heinous,Crimes Against Women,Molestation,False Case,12.87502,74.87848
2597,100010001202502597,Bengaluru City,1,2025-05-05,2025,5,3,Night (12AM-6AM),PAR,Non-Heinous,Crimes Against Property,Robbery,False Case,13.01531,77.63939
2598,100040004202402598,Mangaluru (Dakshina Kannada),4,2024-09-19,2024,9,9,Morning (6AM-12PM),FIR,Non-Heinous,Crimes Against Body,Grievous Hurt,Charge Sheeted,12.91579,74.88498
2599,100040004202502599,Mangaluru (Dakshina Kannada),4,2025-03-11,2025,3,8,Morning (6AM-12PM),FIR,Non-Heinous,Economic Offences,Criminal Breach of Trust,Charge Sheeted,12.89002,74.89247
2600,100100004202502600,Shivamogga,4,2025-10-12,2025,10,16,Afternoon (12PM-6PM),FIR,Non-Heinous,Crimes Against Women,Sexual Assault,Charge Sheeted,13.92291,75.5751
2601,100210004202402601,Koppal,4,2024-11-24,2024,11,15,Afternoon (12PM-6PM),FIR,Non-Heinous,Narcotics,NDPS Trafficking,Under Investigation,15.30666,76.30157
2602,100220002202402602,Yadgir,2,2024-05-05,2024,5,2,Night (12AM-6AM),FIR,Non-Heinous,Crimes Against Women,Domestic Violence,Closed,16.77407,77.05978
2603,100050001202302603,Belagavi,1,2023-01-12,2023,1,3,Night (12AM-6AM),FIR,Non-Heinous,Crimes Against Women,Sexual Assault,Undetected,15.87684,74.52103
2604,100060001202402604,Kalaburagi,1,2024-01-11,2024,1,1,Night (12AM-6AM),FIR,Non-Heinous,Crimes Against Property,Dacoity,Closed,17.27291,76.86721
2605,100090002202602605,Tumakuru,2,2026-12-10,2026,12,8,Morning (6AM-12PM),FIR,Non-Heinous,Crimes Against Property,Theft,Closed,13.29684,77.13162
2606,100170004202502606,Kolar,4,2025-09-07,2025,9,11,Morning (6AM-12PM),FIR,Non-Heinous,Crimes Against Body,Attempt to Murder,Under Investigation,13.04183,78.02228
2607,100030004202402607,Mysuru,4,2024-10-07,2024,10,7,Morning (6AM-12PM),FIR,Non-Heinous,Crimes Against Property,Burglary,Under Investigation,12.27743,76.62353
2608,100230003202602608,Chamarajanagar,3,2026-08-18,2026,8,3,Night (12AM-6AM),FIR,Non-Heinous,Public Order,Unlawful Assembly,Charge Sheeted,11.88198,76.84716
2609,100170003202602609,Kolar,3,2026-11-09,2026,11,10,Morning (6AM-12PM),PAR,Non-Heinous,Crimes Against Property,Dacoity,Under Investigation,13.06968,78.00836
2610,100080004202602610,Ballari,4,2026-04-11,2026,4,15,Afternoon (12PM-6PM),FIR,Non-Heinous,Crimes Against Body,Murder,Under Investigation,15.1936,77.02369
2611,100170003202202611,Kolar,3,2022-11-19,2022,11,3,Night (12AM-6AM),FIR,Non-Heinous,Crimes Against Property,Dacoity,Under Investigation,13.11339,78.03275
2612,400170003202502612,Kolar,3,2025-07-05,2025,7,8,Morning (6AM-12PM),UDR,Non-Heinous,Cyber Crime,Online Fraud,Under Investigation,13.26684,78.10775
2613,100270003202402613,Bagalkot,3,2024-08-06,2024,8,23,Evening (6PM-12AM),FIR,Heinous,Crimes Against Body,Attempt to Murder,Under Investigation,16.07429,75.6225
2614,100060002202402614,Kalaburagi,2,2024-08-26,2024,8,5,Night (12AM-6AM),FIR,Non-Heinous,Cyber Crime,Identity Theft,Under Investigation,17.30796,76.72634
2615,100010004202202615,Bengaluru City,4,2022-05-19,2022,5,17,Afternoon (12PM-6PM),FIR,Heinous,Crimes Against Body,Assault,Charge Sheeted,12.91961,77.64083
2616,100020004202602616,Bengaluru Rural,4,2026-02-24,2026,2,3,Night (12AM-6AM),FIR,Non-Heinous,Crimes Against Property,Burglary,Under Investigation,13.25053,77.60821
2617,100230004202402617,Chamarajanagar,4,2024-03-16,2024,3,15,Afternoon (12PM-6PM),FIR,Non-Heinous,Crimes Against Property,Burglary,Under Investigation,11.82345,76.85335
2618,100030004202202618,Mysuru,4,2022-09-11,2022,9,7,Morning (6AM-12PM),FIR,Non-Heinous,Crimes Against Women,Molestation,Undetected,12.24905,76.61174
2619,100160004202502619,Udupi,4,2025-01-21,2025,1,6,Morning (6AM-12PM),FIR,Non-Heinous,Crimes Against Women,Sexual Assault,Under Investigation,13.26596,74.75679
2620,100270003202302620,Bagalkot,3,2023-08-02,2023,8,16,Afternoon (12PM-6PM),FIR,Non-Heinous,Crimes Against Property,Dacoity,False Case,16.1968,75.72435
2621,100200002202602621,Chitradurga,2,2026-05-22,2026,5,4,Night (12AM-6AM),FIR,Non-Heinous,Crimes Against Property,Theft,Under Investigation,14.27249,76.46823
2622,100190002202602622,Hassan,2,2026-12-18,2026,12,12,Afternoon (12PM-6PM),FIR,Non-Heinous,Crimes Against Property,Robbery,Charge Sheeted,12.98688,76.14141
2623,100130002202502623,Raichur,2,2025-09-10,2025,9,1,Night (12AM-6AM),FIR,Non-Heinous,Crimes Against Property,Dacoity,Closed,16.21772,77.29896
2624,100020002202202624,Bengaluru Rural,2,2022-10-25,2022,10,8,Morning (6AM-12PM),FIR,Non-Heinous,Crimes Against Women,Molestation,Closed,13.30747,77.5341
2625,100010003202302625,Bengaluru City,3,2023-04-03,2023,4,18,Evening (6PM-12AM),FIR,Non-Heinous,Crimes Against Property,Theft,Charge Sheeted,13.0083,77.67186
2626,100160001202402626,Udupi,1,2024-10-18,2024,10,0,Night (12AM-6AM),FIR,Non-Heinous,Economic Offences,Cheating,Charge Sheeted,13.36721,74.86486
2627,100180001202402627,Mandya,1,2024-09-27,2024,9,17,Afternoon (12PM-6PM),FIR,Non-Heinous,Economic Offences,Criminal Breach of Trust,Undetected,12.56262,76.89246
2628,100270001202502628,Bagalkot,1,2025-09-14,2025,9,3,Night (12AM-6AM),FIR,Non-Heinous,Cyber Crime,Phishing,Under Investigation,16.22254,75.68244
2629,100170002202202629,Kolar,2,2022-11-06,2022,11,11,Morning (6AM-12PM),FIR,Non-Heinous,Crimes Against Property,Theft,Charge Sheeted,13.18652,78.17683
2630,700230001202202630,Chamarajanagar,1,2022-05-02,2022,5,14,Afternoon (12PM-6PM),Zero FIR,Heinous,Crimes Against Body,Assault,Under Investigation,11.85266,76.9928
2631,100040001202402631,Mangaluru (Dakshina Kannada),1,2024-01-18,2024,1,7,Morning (6AM-12PM),FIR,Non-Heinous,Crimes Against Body,Assault,False Case,12.93225,74.76175
2632,100060002202402632,Kalaburagi,2,2024-02-22,2024,2,20,Evening (6PM-12AM),PAR,Non-Heinous,Crimes Against Property,Dacoity,Charge Sheeted,17.32531,76.83072
2633,100080002202202633,Ballari,2,2022-06-04,2022,6,0,Night (12AM-6AM),FIR,Non-Heinous,Crimes Against Property,Dacoity,Charge Sheeted,15.03814,76.86434
2634,100020003202502634,Bengaluru Rural,3,2025-04-06,2025,4,16,Afternoon (12PM-6PM),FIR,Non-Heinous,Cyber Crime,Identity Theft,Charge Sheeted,13.33203,77.48699
2635,700080004202302635,Ballari,4,2023-09-18,2023,9,22,Evening (6PM-12AM),Zero FIR,Non-Heinous,Crimes Against Body,Grievous Hurt,Under Investigation,15.185,76.95178
2636,100140004202402636,Bidar,4,2024-01-05,2024,1,4,Night (12AM-6AM),FIR,Non-Heinous,Economic Offences,Cheating,Charge Sheeted,17.87293,77.52541
2637,100030002202202637,Mysuru,2,2022-04-13,2022,4,5,Night (12AM-6AM),FIR,Non-Heinous,Crimes Against Property,Dacoity,Charge Sheeted,12.3111,76.74988
2638,100040001202602638,Mangaluru (Dakshina Kannada),1,2026-05-01,2026,5,20,Evening (6PM-12AM),FIR,Non-Heinous,Public Order,Unlawful Assembly,Closed,12.88828,74.89205
2639,700070002202202639,Hubballi-Dharwad,2,2022-10-09,2022,10,1,Night (12AM-6AM),Zero FIR,Heinous,Crimes Against Women,Dowry Harassment,Under Investigation,15.31024,75.15189
2640,100190001202402640,Hassan,1,2024-02-06,2024,2,16,Afternoon (12PM-6PM),FIR,Non-Heinous,Crimes Against Property,Theft,Under Investigation,12.97971,76.14695
2641,100010003202302641,Bengaluru City,3,2023-02-13,2023,2,8,Morning (6AM-12PM),FIR,Non-Heinous,Crimes Against Body,Murder,Undetected,12.98367,77.53335
2642,100230003202502642,Chamarajanagar,3,2025-12-26,2025,12,5,Night (12AM-6AM),FIR,Non-Heinous,Economic Offences,Criminal Breach of Trust,False Case,12.02439,77.00907
2643,100250004202502643,Ramanagara,4,2025-11-02,2025,11,19,Evening (6PM-12AM),FIR,Non-Heinous,Crimes Against Women,Sexual Assault,False Case,12.73323,77.26482
2644,100110004202602644,Davanagere,4,2026-07-20,2026,7,5,Night (12AM-6AM),FIR,Non-Heinous,Economic Offences,Cheating,Under Investigation,14.37115,75.94732
2645,700020004202502645,Bengaluru Rural,4,2025-11-01,2025,11,7,Morning (6AM-12PM),Zero FIR,Non-Heinous,Crimes Against Body,Assault,Closed,13.37952,77.6087
2646,100050004202402646,Belagavi,4,2024-06-23,2024,6,4,Night (12AM-6AM),FIR,Non-Heinous,Crimes Against Women,Molestation,Closed,15.96281,74.51404
2647,100020004202202647,Bengaluru Rural,4,2022-01-02,2022,1,17,Afternoon (12PM-6PM),FIR,Non-Heinous,Crimes Against Women,Domestic Violence,Charge Sheeted,13.27117,77.56372
2648,100080003202302648,Ballari,3,2023-12-21,2023,12,18,Evening (6PM-12AM),FIR,Non-Heinous,Narcotics,NDPS Trafficking,Under Investigation,15.1732,76.97121
2649,100070003202602649,Hubballi-Dharwad,3,2026-09-08,2026,9,18,Evening (6PM-12AM),FIR,Non-Heinous,Crimes Against Property,Dacoity,Under Investigation,15.42232,75.15188
2650,400050004202602650,Belagavi,4,2026-10-22,2026,10,4,Night (12AM-6AM),UDR,Non-Heinous,Public Order,Rioting,Under Investigation,15.77978,74.51749
2651,100020001202602651,Bengaluru Rural,1,2026-06-21,2026,6,13,Afternoon (12PM-6PM),FIR,Non-Heinous,Crimes Against Property,Theft,Under Investigation,13.28334,77.50711
2652,100050001202202652,Belagavi,1,2022-10-19,2022,10,16,Afternoon (12PM-6PM),FIR,Heinous,Narcotics,NDPS Possession,Undetected,15.83273,74.4844
2653,100130003202302653,Raichur,3,2023-10-01,2023,10,15,Afternoon (12PM-6PM),FIR,Non-Heinous,Crimes Against Women,Sexual Assault,False Case,16.09966,77.21802
2654,100230004202602654,Chamarajanagar,4,2026-03-20,2026,3,9,Morning (6AM-12PM),FIR,Non-Heinous,Crimes Against Property,Burglary,Closed,11.88116,76.94012
2655,100280004202402655,Haveri,4,2024-09-20,2024,9,18,Evening (6PM-12AM),FIR,Non-Heinous,Economic Offences,Criminal Breach of Trust,False Case,14.81723,75.48766
2656,100050003202602656,Belagavi,3,2026-03-13,2026,3,7,Morning (6AM-12PM),FIR,Non-Heinous,Crimes Against Women,Domestic Violence,Closed,15.84847,74.44502
2657,100060002202502657,Kalaburagi,2,2025-01-26,2025,1,21,Evening (6PM-12AM),FIR,Heinous,Crimes Against Body,Grievous Hurt,Undetected,17.28542,76.82058
2658,100080002202402658,Ballari,2,2024-04-27,2024,4,4,Night (12AM-6AM),FIR,Non-Heinous,Crimes Against Women,Domestic Violence,Charge Sheeted,15.17073,76.95133
2659,100160004202602659,Udupi,4,2026-05-02,2026,5,19,Evening (6PM-12AM),FIR,Non-Heinous,Crimes Against Body,Murder,Closed,13.38571,74.74607
2660,100160001202302660,Udupi,1,2023-03-27,2023,3,1,Night (12AM-6AM),FIR,Non-Heinous,Economic Offences,Criminal Breach of Trust,Closed,13.33723,74.74104
2661,100020002202402661,Bengaluru Rural,2,2024-06-07,2024,6,15,Afternoon (12PM-6PM),FIR,Non-Heinous,Public Order,Unlawful Assembly,Charge Sheeted,13.26873,77.55109
2662,100010004202202662,Bengaluru City,4,2022-09-11,2022,9,6,Morning (6AM-12PM),FIR,Non-Heinous,Crimes Against Property,Robbery,Charge Sheeted,12.98231,77.67263
2663,400050003202602663,Belagavi,3,2026-04-08,2026,4,8,Morning (6AM-12PM),UDR,Non-Heinous,Crimes Against Property,Burglary,Undetected,15.82243,74.43297
2664,100090003202202664,Tumakuru,3,2022-04-24,2022,4,22,Evening (6PM-12AM),FIR,Non-Heinous,Economic Offences,Criminal Breach of Trust,Undetected,13.2947,77.11609
2665,100110003202302665,Davanagere,3,2023-01-11,2023,1,3,Night (12AM-6AM),FIR,Non-Heinous,Crimes Against Property,Theft,Closed,14.40703,75.92608
2666,100160001202402666,Udupi,1,2024-07-27,2024,7,21,Evening (6PM-12AM),FIR,Non-Heinous,Crimes Against Property,Dacoity,Charge Sheeted,13.30504,74.74773
2667,100020001202302667,Bengaluru Rural,1,2023-12-10,2023,12,20,Evening (6PM-12AM),FIR,Non-Heinous,Economic Offences,Cheating,Closed,13.26623,77.60714
2668,100130004202202668,Raichur,4,2022-07-05,2022,7,7,Morning (6AM-12PM),FIR,Heinous,Crimes Against Body,Assault,Under Investigation,16.17335,77.3405
2669,100090002202602669,Tumakuru,2,2026-06-24,2026,6,18,Evening (6PM-12AM),FIR,Non-Heinous,Crimes Against Property,Burglary,Under Investigation,13.42699,77.18807
2670,100090001202502670,Tumakuru,1,2025-12-04,2025,12,19,Evening (6PM-12AM),FIR,Heinous,Crimes Against Body,Assault,Charge Sheeted,13.36795,77.05472
2671,400010004202602671,Bengaluru City,4,2026-11-10,2026,11,18,Evening (6PM-12AM),UDR,Non-Heinous,Crimes Against Body,Murder,Closed,13.03225,77.6534
2672,100240003202202672,Kodagu,3,2022-12-22,2022,12,13,Afternoon (12PM-6PM),FIR,Non-Heinous,Narcotics,NDPS Trafficking,Undetected,12.30911,75.82213
2673,100230002202302673,Chamarajanagar,2,2023-11-01,2023,11,4,Night (12AM-6AM),FIR,Non-Heinous,Cyber Crime,Phishing,False Case,11.9469,76.94426
2674,100220001202602674,Yadgir,1,2026-06-09,2026,6,4,Night (12AM-6AM),FIR,Non-Heinous,Economic Offences,Forgery,Closed,16.55694,77.17448
2675,100140002202502675,Bidar,2,2025-10-13,2025,10,15,Afternoon (12PM-6PM),FIR,Non-Heinous,Crimes Against Women,Molestation,Charge Sheeted,17.9269,77.46408
2676,100190004202302676,Hassan,4,2023-03-21,2023,3,21,Evening (6PM-12AM),FIR,Heinous,Narcotics,NDPS Trafficking,Undetected,13.01234,76.05593
2677,400090004202602677,Tumakuru,4,2026-11-09,2026,11,20,Evening (6PM-12AM),UDR,Heinous,Crimes Against Body,Murder,Undetected,13.28582,77.04026
2678,100110004202602678,Davanagere,4,2026-01-02,2026,1,12,Afternoon (12PM-6PM),FIR,Non-Heinous,Crimes Against Women,Dowry Harassment,Undetected,14.38499,75.93091
2679,100050003202402679,Belagavi,3,2024-06-26,2024,6,7,Morning (6AM-12PM),FIR,Non-Heinous,Crimes Against Property,Theft,Under Investigation,15.74771,74.4801
2680,100300002202402680,Uttara Kannada,2,2024-07-22,2024,7,6,Morning (6AM-12PM),FIR,Non-Heinous,Crimes Against Property,Dacoity,False Case,14.65297,74.70686
2681,100270002202602681,Bagalkot,2,2026-03-06,2026,3,11,Morning (6AM-12PM),PAR,Non-Heinous,Economic Offences,Forgery,False Case,16.1014,75.6606
2682,700130001202202682,Raichur,1,2022-01-07,2022,1,7,Morning (6AM-12PM),Zero FIR,Non-Heinous,Crimes Against Property,Burglary,Undetected,16.16837,77.29289
2683,100010002202602683,Bengaluru City,2,2026-05-09,2026,5,6,Morning (6AM-12PM),FIR,Heinous,Crimes Against Women,Sexual Assault,Charge Sheeted,13.0131,77.6771
2684,100280002202202684,Haveri,2,2022-08-10,2022,8,16,Afternoon (12PM-6PM),FIR,Non-Heinous,Crimes Against Property,Burglary,Closed,14.81821,75.39999
2685,100040003202502685,Mangaluru (Dakshina Kannada),3,2025-10-20,2025,10,14,Afternoon (12PM-6PM),FIR,Non-Heinous,Crimes Against Body,Attempt to Murder,Closed,12.95725,74.76496
2686,100050001202402686,Belagavi,1,2024-10-14,2024,10,22,Evening (6PM-12AM),PAR,Non-Heinous,Crimes Against Property,Dacoity,Under Investigation,15.90954,74.53708
2687,100240004202302687,Kodagu,4,2023-05-01,2023,5,0,Night (12AM-6AM),FIR,Non-Heinous,Economic Offences,Forgery,Under Investigation,12.30461,75.90435
2688,100130002202602688,Raichur,2,2026-05-22,2026,5,19,Evening (6PM-12AM),FIR,Non-Heinous,Crimes Against Women,Sexual Assault,Closed,16.16185,77.26873
2689,100240003202202689,Kodagu,3,2022-03-13,2022,3,6,Morning (6AM-12PM),FIR,Non-Heinous,Crimes Against Women,Domestic Violence,Charge Sheeted,12.44322,75.8332
2690,100050002202602690,Belagavi,2,2026-08-11,2026,8,5,Night (12AM-6AM),FIR,Non-Heinous,Crimes Against Property,Robbery,Under Investigation,15.74231,74.50915
2691,100020003202602691,Bengaluru Rural,3,2026-05-02,2026,5,8,Morning (6AM-12PM),FIR,Non-Heinous,Economic Offences,Cheating,Undetected,13.32652,77.51643
2692,100270001202602692,Bagalkot,1,2026-12-19,2026,12,3,Night (12AM-6AM),FIR,Non-Heinous,Economic Offences,Cheating,Under Investigation,16.2969,75.68679
2693,100100001202202693,Shivamogga,1,2022-11-19,2022,11,8,Morning (6AM-12PM),FIR,Non-Heinous,Cyber Crime,Online Fraud,Charge Sheeted,13.89737,75.65316
2694,100050002202302694,Belagavi,2,2023-11-23,2023,11,6,Morning (6AM-12PM),FIR,Non-Heinous,Narcotics,NDPS Trafficking,Closed,15.83605,74.40323
2695,100170004202502695,Kolar,4,2025-02-01,2025,2,13,Afternoon (12PM-6PM),FIR,Non-Heinous,Economic Offences,Cheating,Under Investigation,13.10017,78.09785
2696,100270002202502696,Bagalkot,2,2025-05-20,2025,5,16,Afternoon (12PM-6PM),PAR,Non-Heinous,Crimes Against Women,Sexual Assault,Closed,16.16419,75.60276
2697,100050002202402697,Belagavi,2,2024-12-25,2024,12,18,Evening (6PM-12AM),FIR,Heinous,Crimes Against Women,Molestation,Charge Sheeted,15.81947,74.51207
2698,100110003202602698,Davanagere,3,2026-04-11,2026,4,5,Night (12AM-6AM),FIR,Non-Heinous,Crimes Against Property,Theft,Undetected,14.4025,75.99191
2699,100220002202502699,Yadgir,2,2025-05-06,2025,5,12,Afternoon (12PM-6PM),FIR,Non-Heinous,Public Order,Rioting,Closed,16.80783,77.10955
2700,100030001202202700,Mysuru,1,2022-03-23,2022,3,15,Afternoon (12PM-6PM),FIR,Heinous,Narcotics,NDPS Trafficking,Under Investigation,12.26672,76.73175
2701,400050002202402701,Belagavi,2,2024-10-20,2024,10,7,Morning (6AM-12PM),UDR,Non-Heinous,Crimes Against Body,Grievous Hurt,Undetected,15.74838,74.58389
2702,700100001202602702,Shivamogga,1,2026-10-05,2026,10,0,Night (12AM-6AM),Zero FIR,Heinous,Crimes Against Body,Grievous Hurt,False Case,13.87343,75.55991
2703,100090001202502703,Tumakuru,1,2025-03-27,2025,3,18,Evening (6PM-12AM),FIR,Non-Heinous,Crimes Against Property,Dacoity,Charge Sheeted,13.35318,77.08332
2704,100020003202202704,Bengaluru Rural,3,2022-10-13,2022,10,16,Afternoon (12PM-6PM),FIR,Heinous,Crimes Against Women,Molestation,Charge Sheeted,13.36375,77.59143
2705,100270001202502705,Bagalkot,1,2025-07-06,2025,7,15,Afternoon (12PM-6PM),FIR,Heinous,Crimes Against Body,Murder,Charge Sheeted,16.18232,75.70233
2706,100290004202302706,Gadag,4,2023-07-15,2023,7,17,Afternoon (12PM-6PM),FIR,Non-Heinous,Crimes Against Property,Burglary,Charge Sheeted,15.49934,75.72197
2707,100190002202302707,Hassan,2,2023-05-09,2023,5,9,Morning (6AM-12PM),FIR,Non-Heinous,Crimes Against Women,Dowry Harassment,Under Investigation,12.93017,76.05182
2708,100140003202502708,Bidar,3,2025-07-12,2025,7,11,Morning (6AM-12PM),FIR,Heinous,Crimes Against Body,Attempt to Murder,False Case,17.93766,77.4931
2709,100020003202502709,Bengaluru Rural,3,2025-10-23,2025,10,17,Afternoon (12PM-6PM),FIR,Non-Heinous,Crimes Against Property,Robbery,False Case,13.27264,77.58979
2710,100090004202302710,Tumakuru,4,2023-12-10,2023,12,17,Afternoon (12PM-6PM),FIR,Non-Heinous,Crimes Against Body,Grievous Hurt,Closed,13.29524,77.11242
2711,100070002202502711,Hubballi-Dharwad,2,2025-02-02,2025,2,2,Night (12AM-6AM),FIR,Heinous,Crimes Against Body,Murder,False Case,15.36654,75.05742
2712,100190001202302712,Hassan,1,2023-05-11,2023,5,14,Afternoon (12PM-6PM),PAR,Non-Heinous,Cyber Crime,Online Fraud,Charge Sheeted,12.96001,76.02099
2713,100130003202302713,Raichur,3,2023-04-25,2023,4,16,Afternoon (12PM-6PM),FIR,Non-Heinous,Cyber Crime,Cyberstalking,Charge Sheeted,16.26049,77.33771
2714,700020004202402714,Bengaluru Rural,4,2024-08-08,2024,8,16,Afternoon (12PM-6PM),Zero FIR,Heinous,Crimes Against Women,Domestic Violence,Under Investigation,13.36188,77.42461
2715,100230001202502715,Chamarajanagar,1,2025-05-18,2025,5,18,Evening (6PM-12AM),FIR,Non-Heinous,Public Order,Unlawful Assembly,Charge Sheeted,11.89388,77.04038
2716,100040002202502716,Mangaluru (Dakshina Kannada),2,2025-08-22,2025,8,17,Afternoon (12PM-6PM),FIR,Non-Heinous,Crimes Against Body,Assault,Closed,13.00829,74.85754
2717,100020002202502717,Bengaluru Rural,2,2025-11-13,2025,11,10,Morning (6AM-12PM),FIR,Non-Heinous,Crimes Against Body,Attempt to Murder,Under Investigation,13.29371,77.50181
2718,400050001202202718,Belagavi,1,2022-12-07,2022,12,13,Afternoon (12PM-6PM),UDR,Non-Heinous,Economic Offences,Forgery,Charge Sheeted,15.82877,74.44588
2719,100260002202602719,Chikkaballapur,2,2026-05-03,2026,5,6,Morning (6AM-12PM),FIR,Non-Heinous,Crimes Against Women,Molestation,Charge Sheeted,13.4681,77.76853
2720,100020004202602720,Bengaluru Rural,4,2026-02-08,2026,2,2,Night (12AM-6AM),FIR,Heinous,Crimes Against Women,Molestation,Charge Sheeted,13.33428,77.62491
2721,100200004202302721,Chitradurga,4,2023-02-22,2023,2,18,Evening (6PM-12AM),FIR,Heinous,Crimes Against Body,Attempt to Murder,Under Investigation,14.22116,76.3266
2722,100090004202502722,Tumakuru,4,2025-03-03,2025,3,12,Afternoon (12PM-6PM),FIR,Non-Heinous,Crimes Against Property,Burglary,Under Investigation,13.28999,77.18226
2723,100170001202602723,Kolar,1,2026-08-04,2026,8,7,Morning (6AM-12PM),FIR,Heinous,Crimes Against Women,Molestation,Charge Sheeted,13.10722,78.05739
2724,100080003202402724,Ballari,3,2024-12-24,2024,12,19,Evening (6PM-12AM),FIR,Non-Heinous,Crimes Against Women,Sexual Assault,Charge Sheeted,15.18471,76.89739
2725,100080003202302725,Ballari,3,2023-07-11,2023,7,5,Night (12AM-6AM),PAR,Non-Heinous,Crimes Against Property,Dacoity,Closed,15.20584,76.88693
2726,100080003202402726,Ballari,3,2024-12-26,2024,12,17,Afternoon (12PM-6PM),FIR,Non-Heinous,Crimes Against Body,Murder,Undetected,15.12373,76.98885
2727,100050001202602727,Belagavi,1,2026-01-05,2026,1,22,Evening (6PM-12AM),FIR,Non-Heinous,Crimes Against Women,Domestic Violence,Charge Sheeted,15.93541,74.55626
2728,100230004202502728,Chamarajanagar,4,2025-11-25,2025,11,7,Morning (6AM-12PM),PAR,Non-Heinous,Cyber Crime,Identity Theft,Undetected,12.01615,76.88743
2729,100040004202502729,Mangaluru (Dakshina Kannada),4,2025-05-21,2025,5,18,Evening (6PM-12AM),FIR,Non-Heinous,Crimes Against Property,Robbery,Under Investigation,12.86683,74.85147
2730,100230003202602730,Chamarajanagar,3,2026-06-02,2026,6,19,Evening (6PM-12AM),FIR,Non-Heinous,Economic Offences,Forgery,Under Investigation,11.88057,76.9774
2731,100050001202502731,Belagavi,1,2025-04-17,2025,4,21,Evening (6PM-12AM),FIR,Non-Heinous,Crimes Against Property,Burglary,Charge Sheeted,15.80041,74.35424
2732,100260001202402732,Chikkaballapur,1,2024-04-16,2024,4,9,Morning (6AM-12PM),FIR,Non-Heinous,Crimes Against Property,Robbery,Charge Sheeted,13.37216,77.80406
2733,100030004202502733,Mysuru,4,2025-05-09,2025,5,1,Night (12AM-6AM),FIR,Heinous,Crimes Against Women,Domestic Violence,Under Investigation,12.22775,76.66109
2734,100040003202602734,Mangaluru (Dakshina Kannada),3,2026-08-01,2026,8,13,Afternoon (12PM-6PM),FIR,Heinous,Crimes Against Body,Assault,False Case,12.86528,74.90886
2735,100050001202502735,Belagavi,1,2025-10-01,2025,10,21,Evening (6PM-12AM),FIR,Non-Heinous,Crimes Against Property,Dacoity,Under Investigation,15.85749,74.50118
2736,400190004202602736,Hassan,4,2026-04-05,2026,4,10,Morning (6AM-12PM),UDR,Non-Heinous,Crimes Against Property,Robbery,False Case,13.05028,75.97906
2737,100010002202402737,Bengaluru City,2,2024-03-06,2024,3,13,Afternoon (12PM-6PM),FIR,Heinous,Crimes Against Body,Attempt to Murder,Charge Sheeted,13.0283,77.61621
2738,700020001202302738,Bengaluru Rural,1,2023-07-22,2023,7,14,Afternoon (12PM-6PM),Zero FIR,Non-Heinous,Crimes Against Property,Burglary,False Case,13.26763,77.70277
2739,400280002202502739,Haveri,2,2025-12-24,2025,12,7,Morning (6AM-12PM),UDR,Non-Heinous,Crimes Against Body,Attempt to Murder,False Case,14.73104,75.46285
2740,100050003202302740,Belagavi,3,2023-07-25,2023,7,6,Morning (6AM-12PM),FIR,Non-Heinous,Crimes Against Women,Domestic Violence,Charge Sheeted,15.91026,74.51467
2741,100020003202602741,Bengaluru Rural,3,2026-05-01,2026,5,11,Morning (6AM-12PM),FIR,Heinous,Crimes Against Body,Attempt to Murder,Charge Sheeted,13.27717,77.43946
2742,400110002202502742,Davanagere,2,2025-09-22,2025,9,21,Evening (6PM-12AM),UDR,Non-Heinous,Crimes Against Property,Robbery,Charge Sheeted,14.45902,75.96028
2743,100230001202602743,Chamarajanagar,1,2026-08-08,2026,8,2,Night (12AM-6AM),FIR,Non-Heinous,Public Order,Unlawful Assembly,Closed,11.97936,76.94961
2744,100110003202602744,Davanagere,3,2026-01-08,2026,1,16,Afternoon (12PM-6PM),FIR,Non-Heinous,Crimes Against Women,Sexual Assault,Charge Sheeted,14.37026,75.96886
2745,700210003202602745,Koppal,3,2026-04-14,2026,4,13,Afternoon (12PM-6PM),Zero FIR,Non-Heinous,Crimes Against Property,Robbery,False Case,15.36034,76.17601
2746,700160002202502746,Udupi,2,2025-11-07,2025,11,2,Night (12AM-6AM),Zero FIR,Non-Heinous,Crimes Against Body,Grievous Hurt,Closed,13.45026,74.69247
2747,100160004202202747,Udupi,4,2022-09-06,2022,9,4,Night (12AM-6AM),FIR,Non-Heinous,Crimes Against Property,Dacoity,Charge Sheeted,13.27843,74.6987
2748,100220004202202748,Yadgir,4,2022-04-12,2022,4,7,Morning (6AM-12PM),FIR,Non-Heinous,Crimes Against Property,Robbery,Closed,16.73085,77.12336
2749,100240003202202749,Kodagu,3,2022-07-22,2022,7,23,Evening (6PM-12AM),FIR,Non-Heinous,Crimes Against Property,Robbery,Charge Sheeted,12.41005,75.84148
2750,100220003202302750,Yadgir,3,2023-01-26,2023,1,10,Morning (6AM-12PM),FIR,Non-Heinous,Cyber Crime,Online Fraud,Charge Sheeted,16.77477,77.12651
2751,100030002202502751,Mysuru,2,2025-06-21,2025,6,21,Evening (6PM-12AM),FIR,Non-Heinous,Crimes Against Women,Sexual Assault,Undetected,12.37402,76.74743
2752,700030003202402752,Mysuru,3,2024-04-06,2024,4,17,Afternoon (12PM-6PM),Zero FIR,Heinous,Crimes Against Women,Dowry Harassment,Undetected,12.27216,76.59942
2753,100050004202302753,Belagavi,4,2023-06-21,2023,6,12,Afternoon (12PM-6PM),FIR,Non-Heinous,Crimes Against Property,Dacoity,Charge Sheeted,15.89447,74.54862
2754,700070003202202754,Hubballi-Dharwad,3,2022-07-21,2022,7,15,Afternoon (12PM-6PM),Zero FIR,Non-Heinous,Economic Offences,Forgery,Undetected,15.3406,75.02382
2755,100230004202202755,Chamarajanagar,4,2022-05-06,2022,5,13,Afternoon (12PM-6PM),FIR,Non-Heinous,Crimes Against Property,Theft,Charge Sheeted,12.00033,76.92283
2756,100210003202602756,Koppal,3,2026-08-05,2026,8,12,Afternoon (12PM-6PM),FIR,Non-Heinous,Cyber Crime,Phishing,Undetected,15.4185,76.27497
2757,100150004202402757,Chikkamagaluru,4,2024-04-08,2024,4,14,Afternoon (12PM-6PM),FIR,Non-Heinous,Economic Offences,Forgery,Under Investigation,13.26588,75.74438
2758,100280003202402758,Haveri,3,2024-11-25,2024,11,9,Morning (6AM-12PM),FIR,Non-Heinous,Crimes Against Property,Burglary,Charge Sheeted,14.81804,75.45605
2759,100090001202502759,Tumakuru,1,2025-05-17,2025,5,17,Afternoon (12PM-6PM),FIR,Non-Heinous,Crimes Against Property,Dacoity,False Case,13.40022,77.07445
2760,100110003202402760,Davanagere,3,2024-10-27,2024,10,7,Morning (6AM-12PM),FIR,Heinous,Crimes Against Body,Assault,False Case,14.45845,75.87139
2761,400090003202502761,Tumakuru,3,2025-09-25,2025,9,19,Evening (6PM-12AM),UDR,Non-Heinous,Crimes Against Property,Dacoity,Charge Sheeted,13.3269,77.11296
2762,100020003202302762,Bengaluru Rural,3,2023-11-22,2023,11,23,Evening (6PM-12AM),PAR,Non-Heinous,Crimes Against Body,Murder,Under Investigation,13.31328,77.63922
2763,100300004202202763,Uttara Kannada,4,2022-09-22,2022,9,1,Night (12AM-6AM),FIR,Non-Heinous,Crimes Against Body,Grievous Hurt,Under Investigation,14.8379,74.73908
2764,400050004202302764,Belagavi,4,2023-05-19,2023,5,8,Morning (6AM-12PM),UDR,Non-Heinous,Cyber Crime,Cyberstalking,Under Investigation,15.85814,74.48712
2765,100010003202302765,Bengaluru City,3,2023-09-22,2023,9,8,Morning (6AM-12PM),FIR,Non-Heinous,Economic Offences,Cheating,Under Investigation,12.9603,77.61909
2766,100280001202502766,Haveri,1,2025-10-13,2025,10,7,Morning (6AM-12PM),FIR,Non-Heinous,Crimes Against Body,Grievous Hurt,Undetected,14.8138,75.39501
2767,100090002202202767,Tumakuru,2,2022-07-06,2022,7,17,Afternoon (12PM-6PM),FIR,Heinous,Narcotics,NDPS Trafficking,Charge Sheeted,13.18439,77.13175
2768,100080002202602768,Ballari,2,2026-12-07,2026,12,17,Afternoon (12PM-6PM),FIR,Heinous,Crimes Against Body,Grievous Hurt,Under Investigation,15.19811,76.95129
2769,100030003202302769,Mysuru,3,2023-02-18,2023,2,13,Afternoon (12PM-6PM),FIR,Heinous,Crimes Against Women,Sexual Assault,Under Investigation,12.29756,76.57844
2770,100230003202502770,Chamarajanagar,3,2025-05-13,2025,5,0,Night (12AM-6AM),FIR,Non-Heinous,Cyber Crime,Online Fraud,Under Investigation,11.82757,76.94587
2771,700050004202302771,Belagavi,4,2023-11-10,2023,11,17,Afternoon (12PM-6PM),Zero FIR,Heinous,Crimes Against Body,Attempt to Murder,False Case,15.82585,74.49737
2772,100020002202602772,Bengaluru Rural,2,2026-03-23,2026,3,11,Morning (6AM-12PM),FIR,Non-Heinous,Economic Offences,Criminal Breach of Trust,Under Investigation,13.35732,77.44611
2773,100030003202202773,Mysuru,3,2022-11-05,2022,11,7,Morning (6AM-12PM),FIR,Non-Heinous,Crimes Against Women,Domestic Violence,Charge Sheeted,12.30326,76.74574
2774,700110002202602774,Davanagere,2,2026-02-25,2026,2,6,Morning (6AM-12PM),Zero FIR,Non-Heinous,Narcotics,NDPS Possession,Closed,14.53543,76.01692
2775,100110004202602775,Davanagere,4,2026-06-06,2026,6,10,Morning (6AM-12PM),FIR,Heinous,Crimes Against Women,Sexual Assault,Closed,14.4847,75.97999
2776,100080004202602776,Ballari,4,2026-07-04,2026,7,21,Evening (6PM-12AM),FIR,Non-Heinous,Economic Offences,Cheating,Charge Sheeted,15.09294,77.01293
2777,100090002202402777,Tumakuru,2,2024-09-01,2024,9,17,Afternoon (12PM-6PM),FIR,Non-Heinous,Crimes Against Body,Grievous Hurt,Under Investigation,13.34122,77.03753
2778,100280003202602778,Haveri,3,2026-11-23,2026,11,4,Night (12AM-6AM),FIR,Heinous,Narcotics,NDPS Trafficking,Charge Sheeted,15.00895,75.37133
2779,100090004202302779,Tumakuru,4,2023-11-16,2023,11,13,Afternoon (12PM-6PM),FIR,Non-Heinous,Crimes Against Property,Burglary,False Case,13.38944,77.19266
2780,100250001202402780,Ramanagara,1,2024-06-01,2024,6,16,Afternoon (12PM-6PM),FIR,Non-Heinous,Crimes Against Women,Domestic Violence,Under Investigation,12.70921,77.37036
2781,700040003202202781,Mangaluru (Dakshina Kannada),3,2022-03-18,2022,3,18,Evening (6PM-12AM),Zero FIR,Non-Heinous,Crimes Against Body,Assault,Closed,12.83569,74.89733
2782,100050003202202782,Belagavi,3,2022-03-21,2022,3,7,Morning (6AM-12PM),FIR,Non-Heinous,Crimes Against Property,Burglary,Charge Sheeted,15.87795,74.61769
2783,100240001202402783,Kodagu,1,2024-01-05,2024,1,0,Night (12AM-6AM),FIR,Non-Heinous,Crimes Against Property,Robbery,Charge Sheeted,12.37667,75.78137
2784,400290003202202784,Gadag,3,2022-02-26,2022,2,0,Night (12AM-6AM),UDR,Heinous,Crimes Against Body,Murder,Under Investigation,15.31861,75.62316
2785,100020004202602785,Bengaluru Rural,4,2026-08-23,2026,8,2,Night (12AM-6AM),FIR,Non-Heinous,Narcotics,NDPS Trafficking,Closed,13.28252,77.47129
2786,100010002202602786,Bengaluru City,2,2026-08-18,2026,8,18,Evening (6PM-12AM),FIR,Non-Heinous,Public Order,Rioting,Closed,13.06177,77.60278
2787,100040002202302787,Mangaluru (Dakshina Kannada),2,2023-01-07,2023,1,1,Night (12AM-6AM),FIR,Non-Heinous,Crimes Against Property,Burglary,Closed,12.91138,74.74995
2788,100240002202402788,Kodagu,2,2024-01-01,2024,1,11,Morning (6AM-12PM),FIR,Non-Heinous,Cyber Crime,Identity Theft,Charge Sheeted,12.4533,75.81108
2789,100030004202202789,Mysuru,4,2022-09-16,2022,9,12,Afternoon (12PM-6PM),FIR,Non-Heinous,Crimes Against Property,Robbery,Undetected,12.23349,76.53899
2790,100090003202602790,Tumakuru,3,2026-01-15,2026,1,0,Night (12AM-6AM),FIR,Non-Heinous,Crimes Against Property,Dacoity,Charge Sheeted,13.28429,77.21037
2791,100190002202202791,Hassan,2,2022-10-12,2022,10,3,Night (12AM-6AM),FIR,Heinous,Crimes Against Women,Domestic Violence,Charge Sheeted,12.99755,76.10054
2792,100020002202302792,Bengaluru Rural,2,2023-10-25,2023,10,23,Evening (6PM-12AM),FIR,Non-Heinous,Cyber Crime,Identity Theft,Under Investigation,13.3488,77.55965
2793,100190003202502793,Hassan,3,2025-01-12,2025,1,22,Evening (6PM-12AM),FIR,Non-Heinous,Crimes Against Property,Dacoity,Under Investigation,13.04572,75.96723
2794,100280002202302794,Haveri,2,2023-08-24,2023,8,18,Evening (6PM-12AM),FIR,Heinous,Crimes Against Body,Murder,Closed,14.78127,75.35551
2795,100020002202202795,Bengaluru Rural,2,2022-03-10,2022,3,3,Night (12AM-6AM),FIR,Non-Heinous,Crimes Against Property,Robbery,Undetected,13.27791,77.61447
2796,400010003202602796,Bengaluru City,3,2026-05-13,2026,5,8,Morning (6AM-12PM),UDR,Non-Heinous,Crimes Against Property,Theft,Under Investigation,12.91627,77.61276
2797,100170003202402797,Kolar,3,2024-02-07,2024,2,4,Night (12AM-6AM),FIR,Non-Heinous,Crimes Against Women,Domestic Violence,Under Investigation,13.12827,78.08032
2798,100160003202502798,Udupi,3,2025-04-22,2025,4,16,Afternoon (12PM-6PM),FIR,Non-Heinous,Crimes Against Property,Theft,Closed,13.30723,74.70033
2799,100050001202302799,Belagavi,1,2023-12-24,2023,12,7,Morning (6AM-12PM),FIR,Non-Heinous,Cyber Crime,Identity Theft,Charge Sheeted,15.88801,74.44155
2800,100190001202602800,Hassan,1,2026-03-10,2026,3,2,Night (12AM-6AM),FIR,Heinous,Narcotics,NDPS Trafficking,Charge Sheeted,12.95455,76.18377
2801,700140002202402801,Bidar,2,2024-03-24,2024,3,5,Night (12AM-6AM),Zero FIR,Non-Heinous,Crimes Against Property,Dacoity,Charge Sheeted,18.00322,77.62748
2802,100230001202202802,Chamarajanagar,1,2022-05-24,2022,5,15,Afternoon (12PM-6PM),FIR,Non-Heinous,Crimes Against Property,Robbery,Under Investigation,11.90689,76.94699
2803,100050003202302803,Belagavi,3,2023-12-26,2023,12,20,Evening (6PM-12AM),FIR,Non-Heinous,Crimes Against Property,Robbery,Under Investigation,15.89749,74.52093
2804,100180001202602804,Mandya,1,2026-11-11,2026,11,16,Afternoon (12PM-6PM),FIR,Non-Heinous,Crimes Against Body,Attempt to Murder,Under Investigation,12.49105,76.87894
2805,100220003202602805,Yadgir,3,2026-04-22,2026,4,1,Night (12AM-6AM),FIR,Non-Heinous,Crimes Against Women,Sexual Assault,Charge Sheeted,16.97211,77.1431
2806,100050001202302806,Belagavi,1,2023-09-12,2023,9,0,Night (12AM-6AM),FIR,Non-Heinous,Crimes Against Property,Dacoity,Closed,15.79878,74.50013
2807,100200001202502807,Chitradurga,1,2025-06-09,2025,6,19,Evening (6PM-12AM),FIR,Non-Heinous,Economic Offences,Cheating,Charge Sheeted,14.21175,76.3129
2808,100170002202502808,Kolar,2,2025-03-25,2025,3,2,Night (12AM-6AM),FIR,Non-Heinous,Crimes Against Property,Burglary,Closed,13.18368,78.20078
2809,100120004202202809,Vijayapura,4,2022-12-05,2022,12,6,Morning (6AM-12PM),FIR,Non-Heinous,Crimes Against Property,Robbery,Under Investigation,16.83113,75.68392
2810,100050001202302810,Belagavi,1,2023-08-15,2023,8,8,Morning (6AM-12PM),FIR,Heinous,Crimes Against Women,Dowry Harassment,Charge Sheeted,15.82447,74.42622
2811,100190001202502811,Hassan,1,2025-01-16,2025,1,2,Night (12AM-6AM),FIR,Non-Heinous,Crimes Against Property,Burglary,False Case,12.96801,76.16083
2812,100190004202302812,Hassan,4,2023-10-14,2023,10,17,Afternoon (12PM-6PM),FIR,Non-Heinous,Crimes Against Property,Theft,Charge Sheeted,12.92527,76.06762
2813,100030004202602813,Mysuru,4,2026-04-15,2026,4,22,Evening (6PM-12AM),FIR,Non-Heinous,Economic Offences,Forgery,Charge Sheeted,12.30802,76.66282
2814,100300003202602814,Uttara Kannada,3,2026-03-16,2026,3,11,Morning (6AM-12PM),FIR,Heinous,Crimes Against Women,Domestic Violence,Charge Sheeted,14.84094,74.62551
2815,100090002202502815,Tumakuru,2,2025-01-15,2025,1,0,Night (12AM-6AM),FIR,Non-Heinous,Cyber Crime,Identity Theft,Closed,13.23549,77.12693
2816,100050001202502816,Belagavi,1,2025-02-15,2025,2,4,Night (12AM-6AM),PAR,Non-Heinous,Crimes Against Property,Burglary,Closed,15.87542,74.50672
2817,100070001202402817,Hubballi-Dharwad,1,2024-01-12,2024,1,23,Evening (6PM-12AM),FIR,Heinous,Crimes Against Women,Dowry Harassment,Charge Sheeted,15.4804,75.07722
2818,100060003202402818,Kalaburagi,3,2024-11-15,2024,11,13,Afternoon (12PM-6PM),FIR,Heinous,Narcotics,NDPS Possession,Undetected,17.27004,76.98244
2819,100030001202402819,Mysuru,1,2024-03-07,2024,3,9,Morning (6AM-12PM),FIR,Heinous,Crimes Against Body,Grievous Hurt,Closed,12.25618,76.70503
2820,700050001202402820,Belagavi,1,2024-04-08,2024,4,16,Afternoon (12PM-6PM),Zero FIR,Heinous,Crimes Against Body,Assault,False Case,15.92071,74.5665
2821,100110001202502821,Davanagere,1,2025-12-20,2025,12,23,Evening (6PM-12AM),FIR,Heinous,Crimes Against Body,Grievous Hurt,Undetected,14.46326,75.93
2822,100210003202302822,Koppal,3,2023-11-24,2023,11,10,Morning (6AM-12PM),FIR,Heinous,Crimes Against Body,Attempt to Murder,Closed,15.4007,76.11932
2823,100050001202602823,Belagavi,1,2026-06-04,2026,6,16,Afternoon (12PM-6PM),FIR,Non-Heinous,Crimes Against Women,Dowry Harassment,Under Investigation,15.89361,74.45737
2824,100190003202402824,Hassan,3,2024-02-15,2024,2,23,Evening (6PM-12AM),FIR,Heinous,Crimes Against Women,Domestic Violence,Undetected,12.87818,76.15023
2825,100170002202502825,Kolar,2,2025-02-08,2025,2,8,Morning (6AM-12PM),FIR,Non-Heinous,Economic Offences,Criminal Breach of Trust,Charge Sheeted,13.14299,78.15591
2826,100080003202602826,Ballari,3,2026-12-03,2026,12,18,Evening (6PM-12AM),PAR,Non-Heinous,Crimes Against Property,Dacoity,False Case,15.19362,76.92206
2827,700150002202602827,Chikkamagaluru,2,2026-07-12,2026,7,1,Night (12AM-6AM),Zero FIR,Non-Heinous,Crimes Against Women,Molestation,Charge Sheeted,13.38271,75.84178
2828,100020001202602828,Bengaluru Rural,1,2026-04-13,2026,4,10,Morning (6AM-12PM),FIR,Non-Heinous,Cyber Crime,Identity Theft,False Case,13.29668,77.49632
2829,100240002202602829,Kodagu,2,2026-07-26,2026,7,3,Night (12AM-6AM),PAR,Non-Heinous,Crimes Against Property,Robbery,Closed,12.28543,75.78938
2830,700240001202602830,Kodagu,1,2026-01-23,2026,1,4,Night (12AM-6AM),Zero FIR,Non-Heinous,Cyber Crime,Identity Theft,False Case,12.25826,75.83401
2831,100190001202302831,Hassan,1,2023-12-16,2023,12,21,Evening (6PM-12AM),FIR,Non-Heinous,Crimes Against Property,Theft,Under Investigation,13.00721,76.17604
2832,100010001202402832,Bengaluru City,1,2024-10-12,2024,10,20,Evening (6PM-12AM),FIR,Heinous,Crimes Against Women,Sexual Assault,Charge Sheeted,12.97751,77.68438
2833,100290002202602833,Gadag,2,2026-12-10,2026,12,8,Morning (6AM-12PM),FIR,Non-Heinous,Narcotics,NDPS Trafficking,False Case,15.37767,75.58464
2834,100010004202502834,Bengaluru City,4,2025-12-21,2025,12,15,Afternoon (12PM-6PM),PAR,Non-Heinous,Crimes Against Property,Robbery,Under Investigation,12.96675,77.52407
2835,100050004202602835,Belagavi,4,2026-07-06,2026,7,3,Night (12AM-6AM),FIR,Non-Heinous,Crimes Against Property,Robbery,Closed,15.86437,74.56528
2836,100050001202502836,Belagavi,1,2025-09-01,2025,9,15,Afternoon (12PM-6PM),FIR,Non-Heinous,Crimes Against Women,Molestation,Under Investigation,15.95697,74.55592
2837,100190002202402837,Hassan,2,2024-04-18,2024,4,16,Afternoon (12PM-6PM),FIR,Non-Heinous,Crimes Against Women,Molestation,False Case,12.92307,76.18614
2838,700010002202502838,Bengaluru City,2,2025-04-10,2025,4,23,Evening (6PM-12AM),Zero FIR,Heinous,Crimes Against Women,Sexual Assault,Charge Sheeted,12.90427,77.55626
2839,100050003202402839,Belagavi,3,2024-06-14,2024,6,18,Evening (6PM-12AM),FIR,Non-Heinous,Cyber Crime,Online Fraud,Charge Sheeted,15.82717,74.4697
2840,100010002202302840,Bengaluru City,2,2023-11-19,2023,11,14,Afternoon (12PM-6PM),FIR,Heinous,Crimes Against Women,Dowry Harassment,Charge Sheeted,12.93513,77.54521
2841,100040002202402841,Mangaluru (Dakshina Kannada),2,2024-06-22,2024,6,19,Evening (6PM-12AM),FIR,Non-Heinous,Cyber Crime,Identity Theft,Closed,12.86484,74.8512
2842,100130003202302842,Raichur,3,2023-09-15,2023,9,11,Morning (6AM-12PM),FIR,Non-Heinous,Crimes Against Body,Grievous Hurt,Under Investigation,16.17497,77.34857
2843,100030002202602843,Mysuru,2,2026-01-15,2026,1,13,Afternoon (12PM-6PM),FIR,Non-Heinous,Crimes Against Body,Murder,Under Investigation,12.24011,76.60007
2844,100020003202302844,Bengaluru Rural,3,2023-10-03,2023,10,1,Night (12AM-6AM),FIR,Non-Heinous,Economic Offences,Forgery,Charge Sheeted,13.27724,77.54681
2845,100230002202502845,Chamarajanagar,2,2025-08-06,2025,8,20,Evening (6PM-12AM),FIR,Non-Heinous,Crimes Against Property,Theft,Charge Sheeted,11.90638,76.86018
2846,400240001202602846,Kodagu,1,2026-12-11,2026,12,16,Afternoon (12PM-6PM),UDR,Non-Heinous,Crimes Against Women,Sexual Assault,False Case,12.29283,75.80264
2847,100020003202502847,Bengaluru Rural,3,2025-04-26,2025,4,22,Evening (6PM-12AM),FIR,Non-Heinous,Cyber Crime,Online Fraud,Under Investigation,13.30284,77.58874
2848,100160002202502848,Udupi,2,2025-07-15,2025,7,3,Night (12AM-6AM),FIR,Non-Heinous,Economic Offences,Cheating,Under Investigation,13.25437,74.75382
2849,100130001202302849,Raichur,1,2023-02-08,2023,2,3,Night (12AM-6AM),FIR,Heinous,Narcotics,NDPS Possession,Charge Sheeted,16.2979,77.24323
2850,700190001202502850,Hassan,1,2025-05-24,2025,5,22,Evening (6PM-12AM),Zero FIR,Non-Heinous,Economic Offences,Cheating,Charge Sheeted,13.06898,76.12477
2851,100170003202602851,Kolar,3,2026-08-01,2026,8,11,Morning (6AM-12PM),FIR,Non-Heinous,Public Order,Rioting,Under Investigation,13.29456,78.11769
2852,100230002202202852,Chamarajanagar,2,2022-06-22,2022,6,10,Morning (6AM-12PM),FIR,Non-Heinous,Crimes Against Property,Burglary,Closed,11.97903,76.93406
2853,100130001202402853,Raichur,1,2024-05-16,2024,5,16,Afternoon (12PM-6PM),FIR,Heinous,Crimes Against Women,Molestation,Charge Sheeted,16.14749,77.299
2854,100020001202302854,Bengaluru Rural,1,2023-04-19,2023,4,21,Evening (6PM-12AM),FIR,Non-Heinous,Crimes Against Property,Theft,Charge Sheeted,13.19139,77.59289
2855,100010002202402855,Bengaluru City,2,2024-01-24,2024,1,16,Afternoon (12PM-6PM),FIR,Non-Heinous,Crimes Against Body,Grievous Hurt,Closed,12.98058,77.52718
2856,100060004202502856,Kalaburagi,4,2025-08-14,2025,8,10,Morning (6AM-12PM),FIR,Non-Heinous,Crimes Against Property,Burglary,Under Investigation,17.29872,76.93043
2857,100030004202602857,Mysuru,4,2026-07-20,2026,7,13,Afternoon (12PM-6PM),FIR,Non-Heinous,Economic Offences,Forgery,False Case,12.29043,76.58162
2858,700190004202402858,Hassan,4,2024-05-24,2024,5,11,Morning (6AM-12PM),Zero FIR,Non-Heinous,Crimes Against Property,Dacoity,Charge Sheeted,12.97408,76.13881
2859,100280003202502859,Haveri,3,2025-05-23,2025,5,20,Evening (6PM-12AM),FIR,Non-Heinous,Cyber Crime,Cyberstalking,Charge Sheeted,14.75184,75.39598
2860,400070004202402860,Hubballi-Dharwad,4,2024-06-17,2024,6,15,Afternoon (12PM-6PM),UDR,Heinous,Crimes Against Body,Assault,Under Investigation,15.47398,75.12443
2861,100060004202302861,Kalaburagi,4,2023-10-14,2023,10,10,Morning (6AM-12PM),FIR,Non-Heinous,Crimes Against Body,Murder,Charge Sheeted,17.17715,76.92262
2862,100050001202402862,Belagavi,1,2024-05-11,2024,5,10,Morning (6AM-12PM),FIR,Heinous,Narcotics,NDPS Possession,Closed,15.83818,74.45244
2863,100140003202202863,Bidar,3,2022-05-05,2022,5,17,Afternoon (12PM-6PM),FIR,Non-Heinous,Crimes Against Body,Murder,Charge Sheeted,17.98492,77.45106
2864,100230002202202864,Chamarajanagar,2,2022-11-19,2022,11,6,Morning (6AM-12PM),FIR,Non-Heinous,Crimes Against Property,Robbery,Under Investigation,11.93047,77.00403
2865,100070001202602865,Hubballi-Dharwad,1,2026-12-12,2026,12,14,Afternoon (12PM-6PM),FIR,Non-Heinous,Crimes Against Body,Attempt to Murder,Charge Sheeted,15.46486,75.17754
2866,100210002202602866,Koppal,2,2026-07-17,2026,7,6,Morning (6AM-12PM),PAR,Non-Heinous,Crimes Against Women,Sexual Assault,Under Investigation,15.39141,76.08422
2867,700160003202202867,Udupi,3,2022-09-13,2022,9,5,Night (12AM-6AM),Zero FIR,Non-Heinous,Crimes Against Body,Assault,Charge Sheeted,13.27276,74.79772
2868,100250004202602868,Ramanagara,4,2026-11-19,2026,11,8,Morning (6AM-12PM),FIR,Non-Heinous,Crimes Against Women,Sexual Assault,Charge Sheeted,12.6696,77.20587
2869,100250002202302869,Ramanagara,2,2023-07-07,2023,7,11,Morning (6AM-12PM),FIR,Non-Heinous,Crimes Against Body,Grievous Hurt,Charge Sheeted,12.68772,77.23063
2870,100120004202602870,Vijayapura,4,2026-12-16,2026,12,11,Morning (6AM-12PM),FIR,Non-Heinous,Crimes Against Property,Dacoity,Under Investigation,16.89262,75.7199
2871,100240001202302871,Kodagu,1,2023-03-02,2023,3,0,Night (12AM-6AM),FIR,Non-Heinous,Cyber Crime,Online Fraud,Under Investigation,12.30196,75.81277
2872,700220002202202872,Yadgir,2,2022-03-21,2022,3,14,Afternoon (12PM-6PM),Zero FIR,Non-Heinous,Crimes Against Property,Dacoity,Closed,16.74541,77.16371
2873,100020002202602873,Bengaluru Rural,2,2026-06-10,2026,6,10,Morning (6AM-12PM),FIR,Non-Heinous,Economic Offences,Cheating,Under Investigation,13.33115,77.54595
2874,100050003202302874,Belagavi,3,2023-08-12,2023,8,19,Evening (6PM-12AM),FIR,Non-Heinous,Cyber Crime,Identity Theft,False Case,15.86092,74.53059
2875,100160003202402875,Udupi,3,2024-10-14,2024,10,22,Evening (6PM-12AM),PAR,Non-Heinous,Cyber Crime,Online Fraud,Closed,13.20207,74.89796
2876,100180001202502876,Mandya,1,2025-03-23,2025,3,4,Night (12AM-6AM),PAR,Non-Heinous,Crimes Against Women,Sexual Assault,Charge Sheeted,12.53605,76.91609
2877,100010004202302877,Bengaluru City,4,2023-04-22,2023,4,12,Afternoon (12PM-6PM),FIR,Heinous,Crimes Against Body,Murder,False Case,13.02966,77.68562
2878,100050002202602878,Belagavi,2,2026-03-01,2026,3,8,Morning (6AM-12PM),FIR,Non-Heinous,Narcotics,NDPS Possession,Under Investigation,15.80006,74.51022
2879,100250001202302879,Ramanagara,1,2023-07-15,2023,7,11,Morning (6AM-12PM),FIR,Non-Heinous,Cyber Crime,Phishing,Closed,12.74015,77.33682
2880,100020004202302880,Bengaluru Rural,4,2023-01-18,2023,1,13,Afternoon (12PM-6PM),FIR,Non-Heinous,Cyber Crime,Cyberstalking,Charge Sheeted,13.33471,77.38428
2881,100080001202402881,Ballari,1,2024-05-01,2024,5,16,Afternoon (12PM-6PM),FIR,Non-Heinous,Crimes Against Property,Dacoity,Closed,15.08979,76.90103
2882,100050003202602882,Belagavi,3,2026-04-17,2026,4,6,Morning (6AM-12PM),FIR,Heinous,Crimes Against Body,Assault,Closed,15.82613,74.45763
2883,100230003202502883,Chamarajanagar,3,2025-05-08,2025,5,2,Night (12AM-6AM),FIR,Non-Heinous,Crimes Against Body,Attempt to Murder,Charge Sheeted,12.02639,76.86149
2884,100050002202302884,Belagavi,2,2023-08-22,2023,8,11,Morning (6AM-12PM),FIR,Non-Heinous,Cyber Crime,Online Fraud,Under Investigation,15.94959,74.46903
2885,100170001202602885,Kolar,1,2026-03-05,2026,3,10,Morning (6AM-12PM),FIR,Heinous,Crimes Against Women,Sexual Assault,Charge Sheeted,13.11171,78.05616
2886,100020003202502886,Bengaluru Rural,3,2025-01-09,2025,1,13,Afternoon (12PM-6PM),PAR,Non-Heinous,Crimes Against Body,Grievous Hurt,Under Investigation,13.21337,77.58234
2887,100090002202302887,Tumakuru,2,2023-10-05,2023,10,22,Evening (6PM-12AM),FIR,Non-Heinous,Public Order,Rioting,Under Investigation,13.36179,77.20577
2888,100190003202302888,Hassan,3,2023-09-07,2023,9,0,Night (12AM-6AM),PAR,Non-Heinous,Cyber Crime,Identity Theft,Charge Sheeted,13.05531,76.06169
2889,100050001202302889,Belagavi,1,2023-09-23,2023,9,3,Night (12AM-6AM),PAR,Non-Heinous,Crimes Against Property,Burglary,Charge Sheeted,15.795,74.49794
2890,100140002202502890,Bidar,2,2025-02-24,2025,2,14,Afternoon (12PM-6PM),FIR,Heinous,Crimes Against Women,Molestation,Charge Sheeted,17.91165,77.44488
2891,100090003202402891,Tumakuru,3,2024-04-23,2024,4,10,Morning (6AM-12PM),FIR,Non-Heinous,Crimes Against Women,Molestation,False Case,13.32564,77.13706
2892,100040003202602892,Mangaluru (Dakshina Kannada),3,2026-06-03,2026,6,22,Evening (6PM-12AM),PAR,Non-Heinous,Crimes Against Women,Dowry Harassment,Closed,12.82701,74.83473
2893,100080004202402893,Ballari,4,2024-08-14,2024,8,23,Evening (6PM-12AM),FIR,Non-Heinous,Crimes Against Body,Assault,Closed,15.17706,76.91962
2894,100060002202402894,Kalaburagi,2,2024-11-14,2024,11,6,Morning (6AM-12PM),FIR,Non-Heinous,Crimes Against Property,Robbery,Closed,17.28529,76.83451
2895,100220001202602895,Yadgir,1,2026-10-16,2026,10,23,Evening (6PM-12AM),FIR,Non-Heinous,Crimes Against Body,Murder,Charge Sheeted,16.6927,77.12117
2896,100160003202302896,Udupi,3,2023-08-19,2023,8,4,Night (12AM-6AM),FIR,Heinous,Narcotics,NDPS Trafficking,Under Investigation,13.3241,74.67793
2897,100010002202202897,Bengaluru City,2,2022-05-25,2022,5,15,Afternoon (12PM-6PM),FIR,Non-Heinous,Crimes Against Property,Dacoity,Under Investigation,12.94818,77.55412
2898,100040002202602898,Mangaluru (Dakshina Kannada),2,2026-05-24,2026,5,16,Afternoon (12PM-6PM),FIR,Heinous,Crimes Against Women,Sexual Assault,False Case,13.0529,74.89929
2899,100190001202502899,Hassan,1,2025-11-27,2025,11,12,Afternoon (12PM-6PM),FIR,Heinous,Crimes Against Women,Domestic Violence,Closed,12.94361,76.13016
2900,100030002202202900,Mysuru,2,2022-01-18,2022,1,17,Afternoon (12PM-6PM),FIR,Non-Heinous,Crimes Against Property,Dacoity,Charge Sheeted,12.34349,76.63716
2901,100040001202602901,Mangaluru (Dakshina Kannada),1,2026-06-05,2026,6,0,Night (12AM-6AM),FIR,Non-Heinous,Crimes Against Women,Domestic Violence,Under Investigation,12.91217,74.81864
2902,700200003202602902,Chitradurga,3,2026-05-25,2026,5,10,Morning (6AM-12PM),Zero FIR,Non-Heinous,Economic Offences,Cheating,Charge Sheeted,14.26844,76.45668
2903,100190001202602903,Hassan,1,2026-06-04,2026,6,8,Morning (6AM-12PM),PAR,Non-Heinous,Crimes Against Body,Grievous Hurt,Charge Sheeted,13.05892,76.17898
2904,100090003202402904,Tumakuru,3,2024-07-19,2024,7,6,Morning (6AM-12PM),FIR,Non-Heinous,Crimes Against Women,Sexual Assault,Under Investigation,13.2461,77.0812
2905,100140003202502905,Bidar,3,2025-07-05,2025,7,14,Afternoon (12PM-6PM),FIR,Non-Heinous,Crimes Against Property,Dacoity,False Case,17.86863,77.54154
2906,100100003202302906,Shivamogga,3,2023-06-06,2023,6,0,Night (12AM-6AM),FIR,Non-Heinous,Crimes Against Women,Dowry Harassment,Under Investigation,13.92483,75.61103
2907,100140002202502907,Bidar,2,2025-09-24,2025,9,8,Morning (6AM-12PM),FIR,Non-Heinous,Crimes Against Property,Burglary,False Case,17.86641,77.51144
2908,100050003202602908,Belagavi,3,2026-11-10,2026,11,5,Night (12AM-6AM),FIR,Non-Heinous,Crimes Against Body,Murder,Closed,15.90537,74.54337
2909,100020001202402909,Bengaluru Rural,1,2024-09-24,2024,9,15,Afternoon (12PM-6PM),FIR,Non-Heinous,Public Order,Rioting,Charge Sheeted,13.17243,77.5506
2910,100140004202602910,Bidar,4,2026-02-15,2026,2,1,Night (12AM-6AM),FIR,Non-Heinous,Crimes Against Women,Sexual Assault,Charge Sheeted,17.95165,77.45427
2911,100140001202402911,Bidar,1,2024-02-12,2024,2,11,Morning (6AM-12PM),PAR,Non-Heinous,Narcotics,NDPS Possession,Undetected,17.81944,77.57998
2912,700120002202402912,Vijayapura,2,2024-07-23,2024,7,16,Afternoon (12PM-6PM),Zero FIR,Non-Heinous,Public Order,Unlawful Assembly,Undetected,16.83452,75.72392
2913,100110002202302913,Davanagere,2,2023-03-12,2023,3,0,Night (12AM-6AM),FIR,Heinous,Crimes Against Body,Grievous Hurt,Closed,14.41099,75.92591
2914,100220003202502914,Yadgir,3,2025-11-24,2025,11,8,Morning (6AM-12PM),PAR,Non-Heinous,Crimes Against Property,Robbery,Charge Sheeted,16.70357,77.20772
2915,100230004202402915,Chamarajanagar,4,2024-01-09,2024,1,3,Night (12AM-6AM),FIR,Non-Heinous,Economic Offences,Criminal Breach of Trust,Undetected,11.88624,76.87346
2916,100230004202202916,Chamarajanagar,4,2022-11-10,2022,11,22,Evening (6PM-12AM),FIR,Non-Heinous,Crimes Against Body,Assault,Under Investigation,11.97061,76.96915
2917,100080002202402917,Ballari,2,2024-08-11,2024,8,0,Night (12AM-6AM),FIR,Non-Heinous,Economic Offences,Forgery,Charge Sheeted,15.17402,76.89503
2918,100090002202302918,Tumakuru,2,2023-08-14,2023,8,2,Night (12AM-6AM),FIR,Non-Heinous,Crimes Against Body,Attempt to Murder,Charge Sheeted,13.35168,77.02376
2919,100040002202202919,Mangaluru (Dakshina Kannada),2,2022-06-03,2022,6,1,Night (12AM-6AM),FIR,Non-Heinous,Cyber Crime,Identity Theft,Undetected,12.91367,74.89095
2920,100070003202202920,Hubballi-Dharwad,3,2022-12-10,2022,12,0,Night (12AM-6AM),PAR,Non-Heinous,Cyber Crime,Cyberstalking,Undetected,15.38146,75.14209
2921,100020002202302921,Bengaluru Rural,2,2023-06-03,2023,6,3,Night (12AM-6AM),FIR,Non-Heinous,Crimes Against Property,Burglary,Undetected,13.23804,77.50645
2922,100050004202602922,Belagavi,4,2026-08-23,2026,8,5,Night (12AM-6AM),FIR,Non-Heinous,Crimes Against Women,Sexual Assault,Under Investigation,15.79755,74.58487
2923,100250002202502923,Ramanagara,2,2025-12-14,2025,12,22,Evening (6PM-12AM),FIR,Non-Heinous,Crimes Against Property,Robbery,Closed,12.79472,77.29933
2924,400090002202502924,Tumakuru,2,2025-04-10,2025,4,13,Afternoon (12PM-6PM),UDR,Non-Heinous,Crimes Against Body,Grievous Hurt,False Case,13.44681,77.0543
2925,100190001202202925,Hassan,1,2022-07-24,2022,7,22,Evening (6PM-12AM),FIR,Non-Heinous,Public Order,Unlawful Assembly,Under Investigation,13.05591,76.11339
2926,100010003202502926,Bengaluru City,3,2025-05-11,2025,5,3,Night (12AM-6AM),FIR,Non-Heinous,Cyber Crime,Online Fraud,Under Investigation,13.04454,77.67067
2927,100040002202602927,Mangaluru (Dakshina Kannada),2,2026-03-02,2026,3,3,Night (12AM-6AM),FIR,Heinous,Narcotics,NDPS Possession,Under Investigation,12.9556,74.74942
2928,100230003202302928,Chamarajanagar,3,2023-12-09,2023,12,22,Evening (6PM-12AM),FIR,Non-Heinous,Economic Offences,Cheating,Charge Sheeted,11.89324,76.94424
2929,700060002202602929,Kalaburagi,2,2026-10-18,2026,10,8,Morning (6AM-12PM),Zero FIR,Non-Heinous,Crimes Against Body,Assault,Charge Sheeted,17.38012,76.84945
2930,100090002202602930,Tumakuru,2,2026-11-17,2026,11,21,Evening (6PM-12AM),FIR,Non-Heinous,Crimes Against Property,Theft,Charge Sheeted,13.34849,77.10092
2931,100040001202402931,Mangaluru (Dakshina Kannada),1,2024-02-08,2024,2,4,Night (12AM-6AM),FIR,Non-Heinous,Crimes Against Property,Theft,Undetected,12.85813,74.79589
2932,400040002202402932,Mangaluru (Dakshina Kannada),2,2024-03-07,2024,3,20,Evening (6PM-12AM),UDR,Non-Heinous,Crimes Against Property,Theft,Closed,12.89654,74.83972
2933,100030002202402933,Mysuru,2,2024-02-13,2024,2,18,Evening (6PM-12AM),FIR,Non-Heinous,Crimes Against Body,Attempt to Murder,Undetected,12.35482,76.53856
2934,100070004202502934,Hubballi-Dharwad,4,2025-12-12,2025,12,1,Night (12AM-6AM),FIR,Non-Heinous,Crimes Against Property,Theft,False Case,15.31526,75.08945
2935,100190003202202935,Hassan,3,2022-12-06,2022,12,6,Morning (6AM-12PM),FIR,Heinous,Crimes Against Women,Molestation,Charge Sheeted,13.00711,76.1469
2936,100010003202202936,Bengaluru City,3,2022-04-18,2022,4,3,Night (12AM-6AM),PAR,Non-Heinous,Crimes Against Property,Burglary,Charge Sheeted,12.979,77.55413
2937,100030003202602937,Mysuru,3,2026-07-22,2026,7,7,Morning (6AM-12PM),FIR,Non-Heinous,Cyber Crime,Online Fraud,Charge Sheeted,12.18453,76.67485
2938,100110004202302938,Davanagere,4,2023-06-14,2023,6,15,Afternoon (12PM-6PM),FIR,Heinous,Crimes Against Women,Molestation,Charge Sheeted,14.47309,76.00178
2939,100190003202502939,Hassan,3,2025-05-10,2025,5,21,Evening (6PM-12AM),FIR,Heinous,Crimes Against Body,Murder,Charge Sheeted,13.06522,76.08491
2940,100240004202202940,Kodagu,4,2022-04-20,2022,4,16,Afternoon (12PM-6PM),FIR,Non-Heinous,Crimes Against Property,Burglary,Closed,12.31223,75.70853
2941,100130004202402941,Raichur,4,2024-08-19,2024,8,1,Night (12AM-6AM),FIR,Non-Heinous,Cyber Crime,Phishing,Under Investigation,16.2302,77.38552
2942,700110004202402942,Davanagere,4,2024-09-04,2024,9,19,Evening (6PM-12AM),Zero FIR,Non-Heinous,Crimes Against Body,Murder,False Case,14.35652,75.96945
2943,100020001202302943,Bengaluru Rural,1,2023-08-10,2023,8,8,Morning (6AM-12PM),FIR,Heinous,Crimes Against Women,Domestic Violence,False Case,13.2546,77.56765
2944,700080003202602944,Ballari,3,2026-04-07,2026,4,14,Afternoon (12PM-6PM),Zero FIR,Non-Heinous,Crimes Against Body,Murder,Under Investigation,15.23688,76.97187
2945,100130001202602945,Raichur,1,2026-12-27,2026,12,19,Evening (6PM-12AM),FIR,Non-Heinous,Crimes Against Women,Sexual Assault,Under Investigation,16.16906,77.33427
2946,100050001202502946,Belagavi,1,2025-01-08,2025,1,6,Morning (6AM-12PM),FIR,Heinous,Crimes Against Body,Grievous Hurt,Closed,15.96061,74.54761
2947,100100003202402947,Shivamogga,3,2024-11-24,2024,11,3,Night (12AM-6AM),FIR,Non-Heinous,Crimes Against Property,Dacoity,False Case,13.96748,75.55673
2948,100090004202502948,Tumakuru,4,2025-07-04,2025,7,21,Evening (6PM-12AM),PAR,Non-Heinous,Public Order,Unlawful Assembly,Under Investigation,13.33609,77.12478
2949,100070004202202949,Hubballi-Dharwad,4,2022-08-22,2022,8,6,Morning (6AM-12PM),FIR,Heinous,Crimes Against Women,Dowry Harassment,Closed,15.34152,75.06697
2950,100160004202602950,Udupi,4,2026-05-19,2026,5,14,Afternoon (12PM-6PM),FIR,Non-Heinous,Crimes Against Property,Dacoity,Under Investigation,13.35639,74.64976
2951,100020004202602951,Bengaluru Rural,4,2026-11-09,2026,11,21,Evening (6PM-12AM),FIR,Non-Heinous,Crimes Against Property,Theft,Charge Sheeted,13.25622,77.52238
2952,100050004202202952,Belagavi,4,2022-04-20,2022,4,1,Night (12AM-6AM),FIR,Non-Heinous,Crimes Against Body,Assault,Charge Sheeted,15.81621,74.64432
2953,100170004202502953,Kolar,4,2025-12-20,2025,12,7,Morning (6AM-12PM),FIR,Non-Heinous,Crimes Against Women,Molestation,Under Investigation,13.19795,78.16429
2954,700050004202202954,Belagavi,4,2022-11-01,2022,11,13,Afternoon (12PM-6PM),Zero FIR,Heinous,Crimes Against Women,Domestic Violence,False Case,15.80697,74.42936
2955,100050002202402955,Belagavi,2,2024-07-15,2024,7,13,Afternoon (12PM-6PM),FIR,Non-Heinous,Economic Offences,Cheating,False Case,15.95114,74.48607
2956,100280001202602956,Haveri,1,2026-06-23,2026,6,6,Morning (6AM-12PM),FIR,Non-Heinous,Crimes Against Body,Grievous Hurt,Closed,14.71938,75.42614
2957,400030001202502957,Mysuru,1,2025-09-17,2025,9,15,Afternoon (12PM-6PM),UDR,Non-Heinous,Crimes Against Property,Dacoity,Charge Sheeted,12.23139,76.7256
2958,400230004202402958,Chamarajanagar,4,2024-04-10,2024,4,15,Afternoon (12PM-6PM),UDR,Non-Heinous,Crimes Against Women,Domestic Violence,Charge Sheeted,11.97411,76.91907
2959,100270004202202959,Bagalkot,4,2022-12-18,2022,12,0,Night (12AM-6AM),FIR,Non-Heinous,Crimes Against Property,Burglary,False Case,16.19041,75.6185
2960,100040004202402960,Mangaluru (Dakshina Kannada),4,2024-03-03,2024,3,1,Night (12AM-6AM),FIR,Non-Heinous,Cyber Crime,Cyberstalking,Charge Sheeted,12.891,74.90049
2961,700020003202202961,Bengaluru Rural,3,2022-02-23,2022,2,19,Evening (6PM-12AM),Zero FIR,Non-Heinous,Narcotics,NDPS Trafficking,Under Investigation,13.33235,77.6228
2962,100020001202202962,Bengaluru Rural,1,2022-05-20,2022,5,10,Morning (6AM-12PM),PAR,Non-Heinous,Crimes Against Body,Grievous Hurt,False Case,13.31767,77.49387
2963,400080001202402963,Ballari,1,2024-11-20,2024,11,7,Morning (6AM-12PM),UDR,Heinous,Crimes Against Body,Grievous Hurt,Under Investigation,15.03286,76.95906
2964,700030002202502964,Mysuru,2,2025-01-15,2025,1,10,Morning (6AM-12PM),Zero FIR,Non-Heinous,Crimes Against Property,Burglary,Charge Sheeted,12.27895,76.58845
2965,100110003202502965,Davanagere,3,2025-04-27,2025,4,16,Afternoon (12PM-6PM),FIR,Heinous,Crimes Against Body,Murder,False Case,14.49738,75.92475
2966,100080002202602966,Ballari,2,2026-07-27,2026,7,15,Afternoon (12PM-6PM),FIR,Non-Heinous,Cyber Crime,Online Fraud,Under Investigation,15.08899,76.96053
2967,100140002202502967,Bidar,2,2025-08-08,2025,8,12,Afternoon (12PM-6PM),FIR,Non-Heinous,Crimes Against Property,Theft,False Case,17.9076,77.51405
2968,700090001202402968,Tumakuru,1,2024-04-05,2024,4,10,Morning (6AM-12PM),Zero FIR,Non-Heinous,Crimes Against Property,Robbery,Charge Sheeted,13.27602,77.0138
2969,100140002202202969,Bidar,2,2022-07-23,2022,7,2,Night (12AM-6AM),FIR,Non-Heinous,Crimes Against Body,Attempt to Murder,Charge Sheeted,17.88375,77.51028
2970,100090004202202970,Tumakuru,4,2022-08-09,2022,8,13,Afternoon (12PM-6PM),FIR,Heinous,Crimes Against Body,Attempt to Murder,Under Investigation,13.29011,77.11771
2971,100050004202202971,Belagavi,4,2022-06-01,2022,6,14,Afternoon (12PM-6PM),FIR,Non-Heinous,Cyber Crime,Phishing,Under Investigation,15.7076,74.43984
2972,100020002202502972,Bengaluru Rural,2,2025-05-26,2025,5,17,Afternoon (12PM-6PM),FIR,Heinous,Crimes Against Women,Molestation,Undetected,13.28431,77.53262
2973,700060003202402973,Kalaburagi,3,2024-12-12,2024,12,21,Evening (6PM-12AM),Zero FIR,Non-Heinous,Crimes Against Property,Dacoity,Undetected,17.47211,76.93755
2974,100240003202502974,Kodagu,3,2025-04-25,2025,4,8,Morning (6AM-12PM),FIR,Non-Heinous,Crimes Against Women,Sexual Assault,Closed,12.23413,75.74844
2975,100210004202602975,Koppal,4,2026-11-22,2026,11,17,Afternoon (12PM-6PM),FIR,Non-Heinous,Cyber Crime,Cyberstalking,Charge Sheeted,15.31718,76.19443
2976,100270004202402976,Bagalkot,4,2024-12-02,2024,12,4,Night (12AM-6AM),FIR,Non-Heinous,Economic Offences,Criminal Breach of Trust,Under Investigation,16.14436,75.72474
2977,100160003202202977,Udupi,3,2022-10-15,2022,10,21,Evening (6PM-12AM),FIR,Heinous,Crimes Against Women,Domestic Violence,Closed,13.19847,74.66808
2978,700220001202402978,Yadgir,1,2024-01-25,2024,1,4,Night (12AM-6AM),Zero FIR,Heinous,Crimes Against Body,Murder,Closed,16.83486,77.1026
2979,400030004202402979,Mysuru,4,2024-09-21,2024,9,18,Evening (6PM-12AM),UDR,Non-Heinous,Narcotics,NDPS Trafficking,Undetected,12.18762,76.67858
2980,100250004202602980,Ramanagara,4,2026-08-13,2026,8,10,Morning (6AM-12PM),FIR,Heinous,Crimes Against Body,Attempt to Murder,False Case,12.64981,77.25211
2981,100130004202402981,Raichur,4,2024-05-14,2024,5,7,Morning (6AM-12PM),FIR,Heinous,Crimes Against Body,Assault,Charge Sheeted,16.22158,77.37047
2982,100150003202302982,Chikkamagaluru,3,2023-08-19,2023,8,2,Night (12AM-6AM),FIR,Non-Heinous,Narcotics,NDPS Possession,False Case,13.29251,75.8429
2983,100010003202202983,Bengaluru City,3,2022-05-26,2022,5,19,Evening (6PM-12AM),FIR,Heinous,Crimes Against Women,Sexual Assault,Charge Sheeted,12.90237,77.61259
2984,100020003202602984,Bengaluru Rural,3,2026-10-18,2026,10,13,Afternoon (12PM-6PM),FIR,Heinous,Crimes Against Body,Assault,Charge Sheeted,13.27455,77.43583
2985,100040001202302985,Mangaluru (Dakshina Kannada),1,2023-05-07,2023,5,15,Afternoon (12PM-6PM),FIR,Non-Heinous,Cyber Crime,Cyberstalking,False Case,12.9663,74.89563
2986,100050002202302986,Belagavi,2,2023-10-25,2023,10,8,Morning (6AM-12PM),FIR,Non-Heinous,Crimes Against Property,Dacoity,Closed,15.8873,74.5459
2987,100020004202302987,Bengaluru Rural,4,2023-12-14,2023,12,14,Afternoon (12PM-6PM),PAR,Heinous,Crimes Against Women,Molestation,Under Investigation,13.29581,77.59252
2988,100130004202602988,Raichur,4,2026-09-22,2026,9,2,Night (12AM-6AM),FIR,Non-Heinous,Crimes Against Property,Robbery,Charge Sheeted,16.19032,77.34949
2989,100050004202502989,Belagavi,4,2025-07-06,2025,7,13,Afternoon (12PM-6PM),FIR,Non-Heinous,Crimes Against Property,Robbery,Undetected,15.82657,74.57621
2990,100020002202302990,Bengaluru Rural,2,2023-02-04,2023,2,17,Afternoon (12PM-6PM),FIR,Non-Heinous,Economic Offences,Criminal Breach of Trust,Closed,13.27289,77.49481
2991,100010004202602991,Bengaluru City,4,2026-07-07,2026,7,14,Afternoon (12PM-6PM),PAR,Heinous,Crimes Against Body,Attempt to Murder,False Case,12.95166,77.59897
2992,100090003202202992,Tumakuru,3,2022-12-04,2022,12,5,Night (12AM-6AM),PAR,Non-Heinous,Crimes Against Women,Sexual Assault,Closed,13.42528,77.17365
2993,100080003202402993,Ballari,3,2024-05-06,2024,5,5,Night (12AM-6AM),FIR,Non-Heinous,Public Order,Unlawful Assembly,Charge Sheeted,15.09627,77.04075
2994,100140003202302994,Bidar,3,2023-07-16,2023,7,12,Afternoon (12PM-6PM),FIR,Non-Heinous,Crimes Against Property,Theft,Charge Sheeted,17.94378,77.58675
2995,100160003202502995,Udupi,3,2025-11-19,2025,11,20,Evening (6PM-12AM),FIR,Non-Heinous,Crimes Against Women,Dowry Harassment,Charge Sheeted,13.417,74.7316
2996,100050001202202996,Belagavi,1,2022-05-07,2022,5,8,Morning (6AM-12PM),PAR,Non-Heinous,Crimes Against Property,Burglary,Charge Sheeted,15.81661,74.47692
2997,100040003202502997,Mangaluru (Dakshina Kannada),3,2025-01-11,2025,1,7,Morning (6AM-12PM),FIR,Non-Heinous,Cyber Crime,Online Fraud,Under Investigation,12.95901,74.80174
2998,100220003202202998,Yadgir,3,2022-01-09,2022,1,2,Night (12AM-6AM),FIR,Non-Heinous,Crimes Against Property,Robbery,Under Investigation,16.80201,77.04887
2999,100050001202402999,Belagavi,1,2024-10-03,2024,10,12,Afternoon (12PM-6PM),FIR,Heinous,Crimes Against Body,Grievous Hurt,Closed,15.86337,74.51261
3000,100170001202503000,Kolar,1,2025-05-10,2025,5,15,Afternoon (12PM-6PM),FIR,Non-Heinous,Economic Offences,Criminal Breach of Trust,False Case,13.10085,78.08686
3001,100250004202603001,Ramanagara,4,2026-03-27,2026,3,18,Evening (6PM-12AM),FIR,Heinous,Narcotics,NDPS Trafficking,Closed,12.70306,77.29308
3002,100030003202503002,Mysuru,3,2025-06-05,2025,6,8,Morning (6AM-12PM),FIR,Non-Heinous,Crimes Against Body,Murder,Charge Sheeted,12.2011,76.71217
3003,400270004202503003,Bagalkot,4,2025-03-11,2025,3,7,Morning (6AM-12PM),UDR,Non-Heinous,Crimes Against Property,Robbery,Charge Sheeted,16.16517,75.63368
3004,700020003202303004,Bengaluru Rural,3,2023-03-15,2023,3,18,Evening (6PM-12AM),Zero FIR,Non-Heinous,Crimes Against Property,Theft,Closed,13.19543,77.55647
3005,100110001202503005,Davanagere,1,2025-01-12,2025,1,7,Morning (6AM-12PM),PAR,Non-Heinous,Crimes Against Property,Dacoity,False Case,14.46454,75.84879
3006,700230002202603006,Chamarajanagar,2,2026-07-01,2026,7,7,Morning (6AM-12PM),Zero FIR,Heinous,Crimes Against Body,Murder,False Case,11.94721,76.94259
3007,100090001202603007,Tumakuru,1,2026-09-18,2026,9,19,Evening (6PM-12AM),FIR,Non-Heinous,Crimes Against Property,Theft,False Case,13.38453,77.18655
3008,100230001202503008,Chamarajanagar,1,2025-06-22,2025,6,19,Evening (6PM-12AM),FIR,Non-Heinous,Public Order,Rioting,Under Investigation,11.96153,76.9603
3009,100280004202603009,Haveri,4,2026-01-27,2026,1,3,Night (12AM-6AM),FIR,Non-Heinous,Cyber Crime,Online Fraud,Under Investigation,14.82957,75.45353
3010,100070003202503010,Hubballi-Dharwad,3,2025-11-19,2025,11,16,Afternoon (12PM-6PM),FIR,Non-Heinous,Cyber Crime,Identity Theft,Charge Sheeted,15.30594,74.97998
3011,100240001202603011,Kodagu,1,2026-09-14,2026,9,22,Evening (6PM-12AM),FIR,Non-Heinous,Crimes Against Women,Dowry Harassment,Closed,12.36085,75.96661
3012,100220003202503012,Yadgir,3,2025-08-19,2025,8,6,Morning (6AM-12PM),FIR,Non-Heinous,Crimes Against Body,Assault,Closed,16.76252,77.12135
3013,700170003202303013,Kolar,3,2023-07-16,2023,7,10,Morning (6AM-12PM),Zero FIR,Non-Heinous,Crimes Against Women,Dowry Harassment,Under Investigation,13.20413,78.15323
3014,100280002202303014,Haveri,2,2023-03-27,2023,3,12,Afternoon (12PM-6PM),FIR,Non-Heinous,Crimes Against Body,Attempt to Murder,Closed,14.86792,75.33379
3015,100110001202503015,Davanagere,1,2025-10-18,2025,10,11,Morning (6AM-12PM),FIR,Non-Heinous,Crimes Against Body,Assault,Undetected,14.44997,76.07351
3016,100080001202403016,Ballari,1,2024-04-23,2024,4,19,Evening (6PM-12AM),FIR,Non-Heinous,Crimes Against Body,Assault,Under Investigation,15.10129,77.07692
3017,100180002202503017,Mandya,2,2025-06-07,2025,6,22,Evening (6PM-12AM),FIR,Heinous,Crimes Against Women,Dowry Harassment,Charge Sheeted,12.42474,76.84329
3018,100020004202603018,Bengaluru Rural,4,2026-01-19,2026,1,0,Night (12AM-6AM),FIR,Non-Heinous,Crimes Against Property,Dacoity,Closed,13.37458,77.47176
3019,100150003202203019,Chikkamagaluru,3,2022-03-10,2022,3,17,Afternoon (12PM-6PM),FIR,Heinous,Crimes Against Body,Murder,Charge Sheeted,13.24247,75.81235
3020,400050004202303020,Belagavi,4,2023-02-26,2023,2,0,Night (12AM-6AM),UDR,Non-Heinous,Crimes Against Property,Robbery,Undetected,15.84808,74.44558
3021,100020003202603021,Bengaluru Rural,3,2026-08-01,2026,8,13,Afternoon (12PM-6PM),FIR,Non-Heinous,Crimes Against Property,Robbery,Closed,13.24157,77.46209
3022,100040001202503022,Mangaluru (Dakshina Kannada),1,2025-09-07,2025,9,22,Evening (6PM-12AM),FIR,Non-Heinous,Crimes Against Property,Burglary,Charge Sheeted,12.98993,74.86117
3023,100160003202603023,Udupi,3,2026-11-03,2026,11,23,Evening (6PM-12AM),PAR,Non-Heinous,Economic Offences,Criminal Breach of Trust,Charge Sheeted,13.34239,74.82759
3024,100270003202603024,Bagalkot,3,2026-10-04,2026,10,0,Night (12AM-6AM),FIR,Heinous,Crimes Against Women,Molestation,False Case,16.18891,75.71825
3025,100250002202603025,Ramanagara,2,2026-03-22,2026,3,13,Afternoon (12PM-6PM),FIR,Heinous,Crimes Against Body,Assault,Under Investigation,12.73598,77.29616
3026,100030002202603026,Mysuru,2,2026-03-01,2026,3,4,Night (12AM-6AM),FIR,Heinous,Crimes Against Women,Dowry Harassment,Charge Sheeted,12.34115,76.65629
3027,700070003202603027,Hubballi-Dharwad,3,2026-08-20,2026,8,2,Night (12AM-6AM),Zero FIR,Heinous,Narcotics,NDPS Trafficking,Closed,15.28168,75.14427
3028,100040004202603028,Mangaluru (Dakshina Kannada),4,2026-05-02,2026,5,23,Evening (6PM-12AM),FIR,Non-Heinous,Economic Offences,Forgery,Under Investigation,12.82264,74.81205
3029,700240001202603029,Kodagu,1,2026-11-25,2026,11,11,Morning (6AM-12PM),Zero FIR,Non-Heinous,Economic Offences,Criminal Breach of Trust,Under Investigation,12.39622,75.87528
3030,100030004202503030,Mysuru,4,2025-04-07,2025,4,15,Afternoon (12PM-6PM),FIR,Heinous,Narcotics,NDPS Trafficking,Under Investigation,12.31941,76.63863
3031,100230003202603031,Chamarajanagar,3,2026-04-21,2026,4,23,Evening (6PM-12AM),FIR,Heinous,Crimes Against Body,Assault,Charge Sheeted,11.9286,76.95228
3032,400030002202203032,Mysuru,2,2022-01-07,2022,1,18,Evening (6PM-12AM),UDR,Heinous,Narcotics,NDPS Possession,Under Investigation,12.23911,76.65075
3033,400020002202303033,Bengaluru Rural,2,2023-05-05,2023,5,0,Night (12AM-6AM),UDR,Non-Heinous,Crimes Against Property,Robbery,Under Investigation,13.16429,77.64115
3034,400240003202203034,Kodagu,3,2022-12-05,2022,12,16,Afternoon (12PM-6PM),UDR,Non-Heinous,Economic Offences,Criminal Breach of Trust,Charge Sheeted,12.30352,75.82255
3035,100050002202603035,Belagavi,2,2026-03-17,2026,3,20,Evening (6PM-12AM),FIR,Heinous,Crimes Against Body,Attempt to Murder,Undetected,15.84076,74.54217
3036,100130002202503036,Raichur,2,2025-09-07,2025,9,21,Evening (6PM-12AM),FIR,Non-Heinous,Crimes Against Women,Molestation,Charge Sheeted,16.19423,77.28263
3037,100250002202603037,Ramanagara,2,2026-11-18,2026,11,19,Evening (6PM-12AM),PAR,Non-Heinous,Crimes Against Property,Dacoity,Charge Sheeted,12.7729,77.34201
3038,100010001202403038,Bengaluru City,1,2024-09-02,2024,9,6,Morning (6AM-12PM),FIR,Non-Heinous,Economic Offences,Forgery,Charge Sheeted,12.97343,77.57106
3039,100140003202403039,Bidar,3,2024-01-24,2024,1,16,Afternoon (12PM-6PM),FIR,Non-Heinous,Crimes Against Women,Domestic Violence,Charge Sheeted,17.85275,77.51893
3040,400110002202303040,Davanagere,2,2023-01-04,2023,1,8,Morning (6AM-12PM),UDR,Non-Heinous,Crimes Against Property,Dacoity,Under Investigation,14.42922,75.95949
3041,100230004202303041,Chamarajanagar,4,2023-10-10,2023,10,18,Evening (6PM-12AM),FIR,Non-Heinous,Cyber Crime,Cyberstalking,Under Investigation,11.89442,76.98436
3042,700090002202403042,Tumakuru,2,2024-10-02,2024,10,3,Night (12AM-6AM),Zero FIR,Non-Heinous,Crimes Against Body,Attempt to Murder,Undetected,13.24214,77.20182
3043,100120002202603043,Vijayapura,2,2026-06-16,2026,6,9,Morning (6AM-12PM),FIR,Non-Heinous,Crimes Against Women,Dowry Harassment,Under Investigation,16.73504,75.66056
3044,100170003202603044,Kolar,3,2026-02-10,2026,2,6,Morning (6AM-12PM),FIR,Non-Heinous,Crimes Against Property,Robbery,Charge Sheeted,13.05189,78.02636
3045,100070003202603045,Hubballi-Dharwad,3,2026-12-13,2026,12,16,Afternoon (12PM-6PM),FIR,Heinous,Crimes Against Body,Murder,False Case,15.44082,75.13698
3046,100240003202403046,Kodagu,3,2024-04-09,2024,4,3,Night (12AM-6AM),FIR,Non-Heinous,Cyber Crime,Phishing,Charge Sheeted,12.23743,75.84566
3047,100050003202503047,Belagavi,3,2025-03-22,2025,3,18,Evening (6PM-12AM),FIR,Non-Heinous,Crimes Against Body,Attempt to Murder,Charge Sheeted,15.72838,74.59209
3048,700070003202203048,Hubballi-Dharwad,3,2022-04-25,2022,4,12,Afternoon (12PM-6PM),Zero FIR,Non-Heinous,Economic Offences,Cheating,Under Investigation,15.43863,75.15951
3049,100210001202303049,Koppal,1,2023-06-16,2023,6,13,Afternoon (12PM-6PM),FIR,Non-Heinous,Crimes Against Women,Molestation,Charge Sheeted,15.35777,76.20628
3050,100060003202303050,Kalaburagi,3,2023-03-05,2023,3,21,Evening (6PM-12AM),FIR,Heinous,Crimes Against Women,Sexual Assault,Undetected,17.26077,76.65117
3051,100020003202503051,Bengaluru Rural,3,2025-04-25,2025,4,12,Afternoon (12PM-6PM),FIR,Non-Heinous,Crimes Against Body,Attempt to Murder,Under Investigation,13.20989,77.3621
3052,100040001202303052,Mangaluru (Dakshina Kannada),1,2023-12-03,2023,12,5,Night (12AM-6AM),FIR,Heinous,Crimes Against Women,Molestation,Charge Sheeted,12.86687,74.81377
3053,100250004202503053,Ramanagara,4,2025-03-26,2025,3,8,Morning (6AM-12PM),FIR,Heinous,Crimes Against Women,Sexual Assault,Closed,12.74656,77.31113
3054,100260004202303054,Chikkaballapur,4,2023-12-12,2023,12,17,Afternoon (12PM-6PM),FIR,Non-Heinous,Crimes Against Property,Theft,Charge Sheeted,13.39081,77.72919
3055,100200004202403055,Chitradurga,4,2024-06-09,2024,6,9,Morning (6AM-12PM),PAR,Non-Heinous,Crimes Against Women,Molestation,Undetected,14.3113,76.3432
3056,100060002202303056,Kalaburagi,2,2023-08-07,2023,8,10,Morning (6AM-12PM),FIR,Non-Heinous,Economic Offences,Criminal Breach of Trust,Under Investigation,17.29303,76.83289
3057,100020003202503057,Bengaluru Rural,3,2025-10-24,2025,10,19,Evening (6PM-12AM),FIR,Non-Heinous,Crimes Against Property,Dacoity,Under Investigation,13.3683,77.56737
3058,100160001202603058,Udupi,1,2026-11-13,2026,11,18,Evening (6PM-12AM),FIR,Non-Heinous,Crimes Against Women,Domestic Violence,Closed,13.39917,74.77188
3059,100110001202503059,Davanagere,1,2025-12-05,2025,12,1,Night (12AM-6AM),FIR,Non-Heinous,Crimes Against Women,Sexual Assault,Under Investigation,14.5314,76.01531
3060,100020002202403060,Bengaluru Rural,2,2024-12-19,2024,12,8,Morning (6AM-12PM),FIR,Non-Heinous,Public Order,Unlawful Assembly,Closed,13.18759,77.46681
3061,100240001202203061,Kodagu,1,2022-04-10,2022,4,11,Morning (6AM-12PM),FIR,Non-Heinous,Crimes Against Women,Molestation,Charge Sheeted,12.38687,75.71307
3062,700100003202503062,Shivamogga,3,2025-06-16,2025,6,16,Afternoon (12PM-6PM),Zero FIR,Non-Heinous,Crimes Against Property,Theft,Under Investigation,13.94107,75.42632
3063,100090002202503063,Tumakuru,2,2025-05-14,2025,5,14,Afternoon (12PM-6PM),PAR,Heinous,Crimes Against Women,Domestic Violence,Closed,13.43923,77.07708
3064,100140002202503064,Bidar,2,2025-12-11,2025,12,15,Afternoon (12PM-6PM),PAR,Non-Heinous,Crimes Against Body,Attempt to Murder,Charge Sheeted,17.85227,77.51861
3065,400040004202403065,Mangaluru (Dakshina Kannada),4,2024-07-19,2024,7,10,Morning (6AM-12PM),UDR,Non-Heinous,Crimes Against Property,Burglary,Under Investigation,13.01298,74.855
3066,100050001202503066,Belagavi,1,2025-07-20,2025,7,19,Evening (6PM-12AM),FIR,Non-Heinous,Cyber Crime,Identity Theft,Under Investigation,15.85363,74.52182
3067,100040002202303067,Mangaluru (Dakshina Kannada),2,2023-02-10,2023,2,17,Afternoon (12PM-6PM),FIR,Non-Heinous,Crimes Against Property,Robbery,Charge Sheeted,12.97209,74.81514
3068,100070002202603068,Hubballi-Dharwad,2,2026-06-09,2026,6,14,Afternoon (12PM-6PM),FIR,Non-Heinous,Economic Offences,Criminal Breach of Trust,Charge Sheeted,15.28961,75.10657
3069,100030003202503069,Mysuru,3,2025-05-27,2025,5,4,Night (12AM-6AM),FIR,Non-Heinous,Narcotics,NDPS Possession,Charge Sheeted,12.35332,76.62671
3070,100230001202303070,Chamarajanagar,1,2023-02-09,2023,2,5,Night (12AM-6AM),FIR,Non-Heinous,Crimes Against Property,Theft,Closed,11.95004,76.99919
3071,100090002202203071,Tumakuru,2,2022-05-25,2022,5,9,Morning (6AM-12PM),FIR,Heinous,Crimes Against Body,Murder,Closed,13.31442,77.12292
3072,100240002202303072,Kodagu,2,2023-04-13,2023,4,15,Afternoon (12PM-6PM),FIR,Non-Heinous,Economic Offences,Cheating,Charge Sheeted,12.2898,75.6536
3073,100080004202503073,Ballari,4,2025-12-06,2025,12,13,Afternoon (12PM-6PM),FIR,Non-Heinous,Crimes Against Property,Burglary,Under Investigation,15.13448,76.88955
3074,100120003202203074,Vijayapura,3,2022-10-09,2022,10,15,Afternoon (12PM-6PM),FIR,Non-Heinous,Crimes Against Property,Dacoity,Closed,16.86848,75.65073
3075,100190002202403075,Hassan,2,2024-03-01,2024,3,6,Morning (6AM-12PM),FIR,Non-Heinous,Crimes Against Women,Molestation,Under Investigation,13.00439,76.02793
3076,700240001202603076,Kodagu,1,2026-11-27,2026,11,9,Morning (6AM-12PM),Zero FIR,Heinous,Crimes Against Women,Molestation,Closed,12.3681,75.85183
3077,100190003202403077,Hassan,3,2024-05-07,2024,5,2,Night (12AM-6AM),PAR,Non-Heinous,Crimes Against Property,Burglary,Charge Sheeted,12.92344,76.1957
3078,100050003202603078,Belagavi,3,2026-09-25,2026,9,10,Morning (6AM-12PM),FIR,Non-Heinous,Crimes Against Women,Dowry Harassment,Under Investigation,15.75584,74.49024
3079,700050004202303079,Belagavi,4,2023-06-02,2023,6,2,Night (12AM-6AM),Zero FIR,Non-Heinous,Crimes Against Body,Attempt to Murder,Charge Sheeted,15.73738,74.41717
3080,100030001202303080,Mysuru,1,2023-01-23,2023,1,9,Morning (6AM-12PM),FIR,Non-Heinous,Crimes Against Body,Attempt to Murder,Charge Sheeted,12.3494,76.6593
3081,100040002202403081,Mangaluru (Dakshina Kannada),2,2024-01-12,2024,1,22,Evening (6PM-12AM),FIR,Heinous,Crimes Against Body,Attempt to Murder,Charge Sheeted,12.93656,74.82137
3082,100030003202603082,Mysuru,3,2026-05-14,2026,5,11,Morning (6AM-12PM),FIR,Heinous,Crimes Against Body,Attempt to Murder,Charge Sheeted,12.25883,76.67868
3083,100050002202403083,Belagavi,2,2024-12-17,2024,12,21,Evening (6PM-12AM),FIR,Non-Heinous,Cyber Crime,Online Fraud,False Case,15.87732,74.47102
3084,100120003202203084,Vijayapura,3,2022-03-08,2022,3,10,Morning (6AM-12PM),FIR,Non-Heinous,Crimes Against Property,Theft,Charge Sheeted,16.88061,75.74908
3085,100240001202603085,Kodagu,1,2026-06-23,2026,6,5,Night (12AM-6AM),FIR,Non-Heinous,Crimes Against Property,Theft,Charge Sheeted,12.41635,75.77279
3086,100220001202503086,Yadgir,1,2025-12-26,2025,12,9,Morning (6AM-12PM),PAR,Non-Heinous,Crimes Against Body,Assault,Under Investigation,16.77868,77.16302
3087,100110004202303087,Davanagere,4,2023-09-24,2023,9,1,Night (12AM-6AM),PAR,Non-Heinous,Crimes Against Body,Attempt to Murder,Undetected,14.53648,76.01347
3088,100140004202403088,Bidar,4,2024-06-25,2024,6,17,Afternoon (12PM-6PM),FIR,Non-Heinous,Crimes Against Women,Dowry Harassment,Under Investigation,18.01243,77.57045
3089,100040001202303089,Mangaluru (Dakshina Kannada),1,2023-10-17,2023,10,15,Afternoon (12PM-6PM),PAR,Non-Heinous,Crimes Against Property,Theft,Undetected,12.87398,74.90153
3090,100020002202503090,Bengaluru Rural,2,2025-10-20,2025,10,5,Night (12AM-6AM),FIR,Non-Heinous,Economic Offences,Forgery,Charge Sheeted,13.27671,77.58206
3091,100230004202303091,Chamarajanagar,4,2023-07-01,2023,7,20,Evening (6PM-12AM),FIR,Non-Heinous,Economic Offences,Forgery,Closed,11.92577,76.81805
3092,100280004202503092,Haveri,4,2025-12-12,2025,12,14,Afternoon (12PM-6PM),FIR,Heinous,Crimes Against Body,Attempt to Murder,Under Investigation,14.79543,75.47846
3093,400010004202503093,Bengaluru City,4,2025-07-11,2025,7,9,Morning (6AM-12PM),UDR,Non-Heinous,Crimes Against Property,Burglary,Under Investigation,12.98183,77.55739
3094,100050001202603094,Belagavi,1,2026-06-10,2026,6,18,Evening (6PM-12AM),FIR,Non-Heinous,Crimes Against Women,Domestic Violence,False Case,15.86429,74.5636
3095,100190003202503095,Hassan,3,2025-06-10,2025,6,10,Morning (6AM-12PM),FIR,Non-Heinous,Crimes Against Body,Murder,Under Investigation,13.02086,76.08794
3096,100230002202403096,Chamarajanagar,2,2024-05-01,2024,5,22,Evening (6PM-12AM),FIR,Non-Heinous,Crimes Against Property,Theft,Under Investigation,11.97188,77.04727
3097,100010003202603097,Bengaluru City,3,2026-09-10,2026,9,8,Morning (6AM-12PM),FIR,Heinous,Crimes Against Body,Murder,Charge Sheeted,12.92283,77.59133
3098,100190001202403098,Hassan,1,2024-08-24,2024,8,23,Evening (6PM-12AM),FIR,Non-Heinous,Crimes Against Women,Dowry Harassment,Undetected,13.04548,75.99537
3099,100220002202503099,Yadgir,2,2025-04-19,2025,4,19,Evening (6PM-12AM),FIR,Non-Heinous,Crimes Against Body,Murder,False Case,16.82263,77.14683
3100,100050001202303100,Belagavi,1,2023-10-21,2023,10,12,Afternoon (12PM-6PM),FIR,Heinous,Crimes Against Women,Molestation,Charge Sheeted,15.86753,74.5942
3101,700230004202503101,Chamarajanagar,4,2025-08-25,2025,8,8,Morning (6AM-12PM),Zero FIR,Non-Heinous,Crimes Against Body,Assault,False Case,11.89224,76.9334
3102,100190001202603102,Hassan,1,2026-06-01,2026,6,5,Night (12AM-6AM),FIR,Non-Heinous,Crimes Against Body,Grievous Hurt,Charge Sheeted,12.96532,75.96795
3103,400170004202203103,Kolar,4,2022-03-26,2022,3,2,Night (12AM-6AM),UDR,Non-Heinous,Crimes Against Women,Molestation,Charge Sheeted,13.05515,78.02924
3104,100010001202403104,Bengaluru City,1,2024-05-27,2024,5,20,Evening (6PM-12AM),FIR,Non-Heinous,Crimes Against Property,Dacoity,Under Investigation,12.94783,77.61156
3105,100190002202603105,Hassan,2,2026-08-14,2026,8,8,Morning (6AM-12PM),PAR,Non-Heinous,Crimes Against Body,Attempt to Murder,Charge Sheeted,12.92058,76.1027
3106,100050001202503106,Belagavi,1,2025-04-16,2025,4,22,Evening (6PM-12AM),FIR,Non-Heinous,Economic Offences,Criminal Breach of Trust,Charge Sheeted,15.83069,74.42316
3107,100090002202303107,Tumakuru,2,2023-01-13,2023,1,10,Morning (6AM-12PM),FIR,Non-Heinous,Crimes Against Women,Sexual Assault,Under Investigation,13.38549,77.02645
3108,100280002202203108,Haveri,2,2022-03-26,2022,3,18,Evening (6PM-12AM),FIR,Non-Heinous,Public Order,Rioting,Charge Sheeted,14.79685,75.46638
3109,100030002202603109,Mysuru,2,2026-09-27,2026,9,21,Evening (6PM-12AM),FIR,Non-Heinous,Cyber Crime,Cyberstalking,Charge Sheeted,12.22349,76.69291
3110,100010002202403110,Bengaluru City,2,2024-01-03,2024,1,0,Night (12AM-6AM),FIR,Non-Heinous,Crimes Against Property,Theft,Charge Sheeted,12.84984,77.52709
3111,400220002202203111,Yadgir,2,2022-08-16,2022,8,19,Evening (6PM-12AM),UDR,Non-Heinous,Crimes Against Property,Burglary,Under Investigation,16.85979,77.12934
3112,100200001202603112,Chitradurga,1,2026-01-27,2026,1,7,Morning (6AM-12PM),FIR,Non-Heinous,Crimes Against Body,Attempt to Murder,Closed,14.2005,76.34144
3113,100020002202503113,Bengaluru Rural,2,2025-02-12,2025,2,1,Night (12AM-6AM),PAR,Non-Heinous,Narcotics,NDPS Possession,Closed,13.25833,77.5751
3114,100210001202603114,Koppal,1,2026-10-07,2026,10,18,Evening (6PM-12AM),PAR,Non-Heinous,Economic Offences,Criminal Breach of Trust,Closed,15.38014,76.16952
3115,100090004202503115,Tumakuru,4,2025-01-20,2025,1,1,Night (12AM-6AM),FIR,Non-Heinous,Crimes Against Women,Dowry Harassment,False Case,13.46047,77.07479
3116,700240004202203116,Kodagu,4,2022-07-17,2022,7,8,Morning (6AM-12PM),Zero FIR,Non-Heinous,Crimes Against Women,Dowry Harassment,Closed,12.32394,75.76026
3117,100040002202203117,Mangaluru (Dakshina Kannada),2,2022-03-23,2022,3,21,Evening (6PM-12AM),FIR,Heinous,Crimes Against Women,Molestation,Under Investigation,12.85888,74.96952
3118,100050001202503118,Belagavi,1,2025-07-03,2025,7,22,Evening (6PM-12AM),FIR,Heinous,Crimes Against Body,Murder,Closed,15.92062,74.55586
3119,100050002202303119,Belagavi,2,2023-09-11,2023,9,2,Night (12AM-6AM),FIR,Heinous,Narcotics,NDPS Trafficking,Charge Sheeted,15.82217,74.51344
3120,100130004202503120,Raichur,4,2025-11-14,2025,11,2,Night (12AM-6AM),FIR,Non-Heinous,Crimes Against Property,Robbery,Closed,16.20858,77.38756
3121,700040001202403121,Mangaluru (Dakshina Kannada),1,2024-12-12,2024,12,6,Morning (6AM-12PM),Zero FIR,Heinous,Crimes Against Body,Murder,Under Investigation,12.92862,74.91867
3122,100080004202503122,Ballari,4,2025-02-05,2025,2,17,Afternoon (12PM-6PM),FIR,Heinous,Crimes Against Body,Grievous Hurt,Under Investigation,15.03325,76.96489
3123,100130001202403123,Raichur,1,2024-04-17,2024,4,18,Evening (6PM-12AM),FIR,Non-Heinous,Crimes Against Property,Burglary,Charge Sheeted,16.18483,77.3095
3124,100200003202403124,Chitradurga,3,2024-03-02,2024,3,8,Morning (6AM-12PM),FIR,Non-Heinous,Crimes Against Women,Sexual Assault,Undetected,14.24019,76.36759
3125,100080002202303125,Ballari,2,2023-07-09,2023,7,9,Morning (6AM-12PM),FIR,Non-Heinous,Crimes Against Women,Molestation,Charge Sheeted,15.17044,76.9279
3126,100020001202503126,Bengaluru Rural,1,2025-06-07,2025,6,10,Morning (6AM-12PM),FIR,Non-Heinous,Cyber Crime,Identity Theft,Under Investigation,13.33758,77.50332
3127,100220004202503127,Yadgir,4,2025-12-26,2025,12,8,Morning (6AM-12PM),FIR,Non-Heinous,Crimes Against Property,Burglary,Under Investigation,16.80311,77.12046
3128,700090004202403128,Tumakuru,4,2024-06-21,2024,6,5,Night (12AM-6AM),Zero FIR,Heinous,Crimes Against Women,Domestic Violence,Under Investigation,13.31988,77.09615
3129,100090003202503129,Tumakuru,3,2025-01-04,2025,1,6,Morning (6AM-12PM),FIR,Non-Heinous,Crimes Against Property,Robbery,Under Investigation,13.42736,77.19344
3130,400050001202603130,Belagavi,1,2026-03-13,2026,3,23,Evening (6PM-12AM),UDR,Heinous,Narcotics,NDPS Trafficking,Charge Sheeted,15.90133,74.49322
3131,700050002202603131,Belagavi,2,2026-01-11,2026,1,4,Night (12AM-6AM),Zero FIR,Non-Heinous,Economic Offences,Forgery,Closed,15.86236,74.53523
3132,100070001202203132,Hubballi-Dharwad,1,2022-06-12,2022,6,10,Morning (6AM-12PM),PAR,Non-Heinous,Crimes Against Body,Grievous Hurt,False Case,15.3712,75.07909
3133,100200003202303133,Chitradurga,3,2023-02-18,2023,2,11,Morning (6AM-12PM),FIR,Non-Heinous,Crimes Against Property,Robbery,Charge Sheeted,14.25853,76.28671
3134,100280004202503134,Haveri,4,2025-05-13,2025,5,12,Afternoon (12PM-6PM),FIR,Non-Heinous,Crimes Against Women,Molestation,Charge Sheeted,14.75984,75.41358
3135,400010001202503135,Bengaluru City,1,2025-06-16,2025,6,17,Afternoon (12PM-6PM),UDR,Heinous,Crimes Against Women,Domestic Violence,Charge Sheeted,12.94996,77.6235
3136,400060004202603136,Kalaburagi,4,2026-07-09,2026,7,3,Night (12AM-6AM),UDR,Heinous,Crimes Against Women,Molestation,Closed,17.37376,76.7968
3137,100030001202603137,Mysuru,1,2026-10-10,2026,10,3,Night (12AM-6AM),FIR,Non-Heinous,Cyber Crime,Online Fraud,Closed,12.29451,76.69462
3138,400230004202303138,Chamarajanagar,4,2023-03-19,2023,3,8,Morning (6AM-12PM),UDR,Non-Heinous,Cyber Crime,Phishing,Charge Sheeted,11.9683,76.97998
3139,100190001202503139,Hassan,1,2025-12-12,2025,12,21,Evening (6PM-12AM),PAR,Non-Heinous,Crimes Against Property,Theft,Closed,13.08579,76.1688
3140,100090003202503140,Tumakuru,3,2025-03-08,2025,3,7,Morning (6AM-12PM),FIR,Non-Heinous,Cyber Crime,Online Fraud,Charge Sheeted,13.26241,77.21438
3141,100130002202603141,Raichur,2,2026-05-13,2026,5,4,Night (12AM-6AM),FIR,Heinous,Crimes Against Body,Attempt to Murder,Under Investigation,16.17771,77.38853
3142,100090003202303142,Tumakuru,3,2023-10-19,2023,10,20,Evening (6PM-12AM),FIR,Heinous,Narcotics,NDPS Trafficking,Under Investigation,13.37578,77.16541
3143,700100003202303143,Shivamogga,3,2023-01-14,2023,1,13,Afternoon (12PM-6PM),Zero FIR,Non-Heinous,Cyber Crime,Phishing,Undetected,14.08763,75.57077
3144,100040001202303144,Mangaluru (Dakshina Kannada),1,2023-02-21,2023,2,21,Evening (6PM-12AM),FIR,Non-Heinous,Economic Offences,Forgery,Charge Sheeted,12.84946,74.86391
3145,100080004202603145,Ballari,4,2026-06-25,2026,6,22,Evening (6PM-12AM),FIR,Non-Heinous,Cyber Crime,Phishing,Closed,15.21537,76.85755
3146,100050003202503146,Belagavi,3,2025-12-02,2025,12,8,Morning (6AM-12PM),FIR,Non-Heinous,Crimes Against Property,Burglary,Under Investigation,15.81558,74.47035
3147,100270003202603147,Bagalkot,3,2026-12-27,2026,12,15,Afternoon (12PM-6PM),FIR,Heinous,Crimes Against Women,Dowry Harassment,Under Investigation,16.17151,75.73259
3148,400240001202503148,Kodagu,1,2025-08-08,2025,8,19,Evening (6PM-12AM),UDR,Non-Heinous,Crimes Against Women,Dowry Harassment,Undetected,12.26471,75.79656
3149,100080003202303149,Ballari,3,2023-12-09,2023,12,3,Night (12AM-6AM),FIR,Non-Heinous,Economic Offences,Cheating,Charge Sheeted,15.22117,76.89497
3150,100170002202503150,Kolar,2,2025-04-24,2025,4,20,Evening (6PM-12AM),FIR,Non-Heinous,Crimes Against Women,Dowry Harassment,Closed,13.17814,78.09132
3151,100230004202403151,Chamarajanagar,4,2024-08-13,2024,8,11,Morning (6AM-12PM),FIR,Non-Heinous,Crimes Against Property,Theft,Charge Sheeted,11.88395,76.85092
3152,100020003202403152,Bengaluru Rural,3,2024-09-09,2024,9,0,Night (12AM-6AM),FIR,Non-Heinous,Economic Offences,Forgery,Under Investigation,13.23159,77.6734
3153,100090004202303153,Tumakuru,4,2023-03-04,2023,3,17,Afternoon (12PM-6PM),FIR,Non-Heinous,Crimes Against Property,Theft,Charge Sheeted,13.37238,77.27744
3154,100050001202203154,Belagavi,1,2022-08-02,2022,8,22,Evening (6PM-12AM),PAR,Non-Heinous,Crimes Against Women,Sexual Assault,Charge Sheeted,15.73858,74.45743
3155,100080003202503155,Ballari,3,2025-05-20,2025,5,2,Night (12AM-6AM),FIR,Non-Heinous,Economic Offences,Forgery,Under Investigation,15.08921,76.96726
3156,100130002202503156,Raichur,2,2025-04-02,2025,4,1,Night (12AM-6AM),FIR,Non-Heinous,Crimes Against Women,Domestic Violence,Charge Sheeted,16.26444,77.36137
3157,100050004202303157,Belagavi,4,2023-04-15,2023,4,21,Evening (6PM-12AM),FIR,Non-Heinous,Economic Offences,Criminal Breach of Trust,Under Investigation,15.76953,74.60417
3158,100170003202403158,Kolar,3,2024-01-15,2024,1,21,Evening (6PM-12AM),PAR,Non-Heinous,Economic Offences,Forgery,Closed,13.16872,78.13368
3159,100290002202503159,Gadag,2,2025-03-19,2025,3,16,Afternoon (12PM-6PM),FIR,Non-Heinous,Crimes Against Property,Robbery,Under Investigation,15.37299,75.61391
3160,100090003202403160,Tumakuru,3,2024-10-23,2024,10,23,Evening (6PM-12AM),FIR,Non-Heinous,Crimes Against Body,Attempt to Murder,Closed,13.26573,77.2945
3161,100020004202503161,Bengaluru Rural,4,2025-01-17,2025,1,13,Afternoon (12PM-6PM),FIR,Non-Heinous,Public Order,Rioting,False Case,13.32338,77.47204
3162,100080001202603162,Ballari,1,2026-09-04,2026,9,3,Night (12AM-6AM),PAR,Heinous,Narcotics,NDPS Possession,Charge Sheeted,15.1426,76.90177
3163,100020004202303163,Bengaluru Rural,4,2023-03-15,2023,3,10,Morning (6AM-12PM),FIR,Non-Heinous,Economic Offences,Forgery,False Case,13.31004,77.54216
3164,100230002202503164,Chamarajanagar,2,2025-09-06,2025,9,3,Night (12AM-6AM),FIR,Non-Heinous,Crimes Against Body,Assault,Charge Sheeted,11.87596,76.87808
3165,100010004202303165,Bengaluru City,4,2023-04-12,2023,4,1,Night (12AM-6AM),FIR,Heinous,Crimes Against Body,Murder,Under Investigation,13.04733,77.62285
3166,100270002202603166,Bagalkot,2,2026-09-02,2026,9,21,Evening (6PM-12AM),FIR,Heinous,Crimes Against Body,Attempt to Murder,Under Investigation,16.14773,75.80158
3167,100180004202203167,Mandya,4,2022-04-16,2022,4,8,Morning (6AM-12PM),FIR,Non-Heinous,Crimes Against Property,Robbery,Closed,12.55912,76.9339
3168,100240002202503168,Kodagu,2,2025-01-25,2025,1,8,Morning (6AM-12PM),FIR,Heinous,Crimes Against Body,Murder,Closed,12.30041,75.87304
3169,100010003202503169,Bengaluru City,3,2025-03-24,2025,3,22,Evening (6PM-12AM),FIR,Non-Heinous,Narcotics,NDPS Trafficking,Under Investigation,12.96364,77.52052
3170,400020001202403170,Bengaluru Rural,1,2024-10-27,2024,10,4,Night (12AM-6AM),UDR,Non-Heinous,Crimes Against Property,Burglary,Charge Sheeted,13.23838,77.51607
3171,100230004202403171,Chamarajanagar,4,2024-11-07,2024,11,19,Evening (6PM-12AM),FIR,Heinous,Crimes Against Body,Murder,Closed,11.89336,77.01853
3172,100130002202603172,Raichur,2,2026-12-17,2026,12,13,Afternoon (12PM-6PM),FIR,Heinous,Crimes Against Women,Domestic Violence,Charge Sheeted,16.15427,77.39139
3173,100020002202403173,Bengaluru Rural,2,2024-10-08,2024,10,13,Afternoon (12PM-6PM),FIR,Non-Heinous,Narcotics,NDPS Possession,Closed,13.30757,77.54148
3174,400200004202503174,Chitradurga,4,2025-12-18,2025,12,21,Evening (6PM-12AM),UDR,Non-Heinous,Crimes Against Body,Assault,Under Investigation,14.11035,76.35189
3175,100240003202603175,Kodagu,3,2026-07-04,2026,7,19,Evening (6PM-12AM),FIR,Heinous,Crimes Against Body,Murder,Under Investigation,12.38738,75.74996
3176,100090004202503176,Tumakuru,4,2025-08-03,2025,8,3,Night (12AM-6AM),FIR,Heinous,Crimes Against Women,Domestic Violence,Charge Sheeted,13.37414,77.141
3177,100080001202403177,Ballari,1,2024-06-25,2024,6,9,Morning (6AM-12PM),FIR,Non-Heinous,Crimes Against Property,Burglary,Charge Sheeted,15.17069,76.9179
3178,100230001202203178,Chamarajanagar,1,2022-07-22,2022,7,11,Morning (6AM-12PM),FIR,Non-Heinous,Crimes Against Property,Dacoity,Charge Sheeted,11.90594,76.96138
3179,700070003202603179,Hubballi-Dharwad,3,2026-11-10,2026,11,6,Morning (6AM-12PM),Zero FIR,Non-Heinous,Crimes Against Property,Robbery,Closed,15.41018,75.14853
3180,100230001202303180,Chamarajanagar,1,2023-08-10,2023,8,14,Afternoon (12PM-6PM),FIR,Non-Heinous,Crimes Against Women,Domestic Violence,Charge Sheeted,11.97742,77.00052
3181,400040004202403181,Mangaluru (Dakshina Kannada),4,2024-08-01,2024,8,0,Night (12AM-6AM),UDR,Non-Heinous,Crimes Against Property,Burglary,Closed,12.90395,74.84671
3182,400020004202603182,Bengaluru Rural,4,2026-02-27,2026,2,19,Evening (6PM-12AM),UDR,Heinous,Crimes Against Body,Attempt to Murder,Undetected,13.22508,77.62077
3183,100250003202603183,Ramanagara,3,2026-06-13,2026,6,4,Night (12AM-6AM),FIR,Heinous,Crimes Against Body,Murder,Under Investigation,12.71366,77.44504
3184,100270003202503184,Bagalkot,3,2025-03-16,2025,3,13,Afternoon (12PM-6PM),FIR,Non-Heinous,Crimes Against Property,Dacoity,Undetected,16.17982,75.70121
3185,100210004202603185,Koppal,4,2026-10-03,2026,10,1,Night (12AM-6AM),FIR,Non-Heinous,Crimes Against Property,Robbery,Under Investigation,15.30745,76.19074
3186,100090002202503186,Tumakuru,2,2025-02-19,2025,2,23,Evening (6PM-12AM),FIR,Non-Heinous,Crimes Against Property,Theft,Under Investigation,13.33307,77.169
3187,100210001202503187,Koppal,1,2025-06-13,2025,6,17,Afternoon (12PM-6PM),FIR,Non-Heinous,Economic Offences,Criminal Breach of Trust,Charge Sheeted,15.38451,76.14874
3188,100270002202603188,Bagalkot,2,2026-07-09,2026,7,18,Evening (6PM-12AM),FIR,Heinous,Narcotics,NDPS Trafficking,False Case,16.20534,75.68737
3189,100140002202503189,Bidar,2,2025-06-24,2025,6,12,Afternoon (12PM-6PM),FIR,Non-Heinous,Crimes Against Property,Robbery,Closed,17.87798,77.4655
3190,100050003202403190,Belagavi,3,2024-06-25,2024,6,11,Morning (6AM-12PM),FIR,Heinous,Crimes Against Body,Assault,Charge Sheeted,15.73303,74.4362
3191,100010002202303191,Bengaluru City,2,2023-09-13,2023,9,16,Afternoon (12PM-6PM),PAR,Non-Heinous,Crimes Against Women,Dowry Harassment,Under Investigation,13.0881,77.62038
3192,100050001202403192,Belagavi,1,2024-12-14,2024,12,4,Night (12AM-6AM),FIR,Heinous,Crimes Against Women,Molestation,Charge Sheeted,15.82386,74.40958
3193,100090003202403193,Tumakuru,3,2024-09-18,2024,9,19,Evening (6PM-12AM),FIR,Non-Heinous,Crimes Against Property,Dacoity,Under Investigation,13.28997,77.11753
3194,100050002202403194,Belagavi,2,2024-06-26,2024,6,13,Afternoon (12PM-6PM),PAR,Heinous,Crimes Against Body,Attempt to Murder,Closed,15.84574,74.50264
3195,100010001202503195,Bengaluru City,1,2025-12-21,2025,12,10,Morning (6AM-12PM),FIR,Non-Heinous,Crimes Against Property,Robbery,Undetected,12.98728,77.57975
3196,700020001202303196,Bengaluru Rural,1,2023-09-20,2023,9,4,Night (12AM-6AM),Zero FIR,Heinous,Crimes Against Body,Grievous Hurt,Closed,13.40804,77.54546
3197,100050003202203197,Belagavi,3,2022-02-17,2022,2,4,Night (12AM-6AM),FIR,Non-Heinous,Cyber Crime,Phishing,Under Investigation,15.86478,74.34056
3198,100250002202403198,Ramanagara,2,2024-09-04,2024,9,9,Morning (6AM-12PM),FIR,Non-Heinous,Crimes Against Property,Burglary,False Case,12.71574,77.30442
3199,100240002202303199,Kodagu,2,2023-08-24,2023,8,6,Morning (6AM-12PM),FIR,Non-Heinous,Crimes Against Property,Robbery,Closed,12.38053,75.82646
3200,100010003202303200,Bengaluru City,3,2023-10-01,2023,10,21,Evening (6PM-12AM),FIR,Heinous,Narcotics,NDPS Possession,Under Investigation,12.88716,77.6678
3201,100080003202603201,Ballari,3,2026-08-05,2026,8,3,Night (12AM-6AM),FIR,Non-Heinous,Crimes Against Women,Dowry Harassment,False Case,15.19808,76.88307
3202,100090003202203202,Tumakuru,3,2022-04-14,2022,4,12,Afternoon (12PM-6PM),FIR,Non-Heinous,Crimes Against Body,Murder,Under Investigation,13.31443,76.96249
3203,100080003202303203,Ballari,3,2023-02-03,2023,2,16,Afternoon (12PM-6PM),PAR,Heinous,Crimes Against Body,Attempt to Murder,Closed,15.17732,76.90353
3204,100010002202403204,Bengaluru City,2,2024-09-09,2024,9,15,Afternoon (12PM-6PM),FIR,Heinous,Crimes Against Women,Dowry Harassment,Under Investigation,12.9247,77.81222
3205,100210002202403205,Koppal,2,2024-04-19,2024,4,19,Evening (6PM-12AM),FIR,Non-Heinous,Crimes Against Body,Attempt to Murder,Charge Sheeted,15.30236,76.06403
3206,100040002202503206,Mangaluru (Dakshina Kannada),2,2025-08-19,2025,8,9,Morning (6AM-12PM),PAR,Non-Heinous,Crimes Against Property,Dacoity,Closed,12.86567,74.97317
3207,100220001202503207,Yadgir,1,2025-09-04,2025,9,4,Night (12AM-6AM),FIR,Heinous,Crimes Against Women,Domestic Violence,Closed,16.74895,77.14058
3208,100060001202203208,Kalaburagi,1,2022-01-19,2022,1,16,Afternoon (12PM-6PM),FIR,Non-Heinous,Crimes Against Property,Theft,Closed,17.32856,76.9318
3209,100010004202503209,Bengaluru City,4,2025-06-08,2025,6,17,Afternoon (12PM-6PM),FIR,Non-Heinous,Crimes Against Property,Robbery,Charge Sheeted,12.88407,77.6617
3210,100160002202303210,Udupi,2,2023-10-21,2023,10,10,Morning (6AM-12PM),FIR,Non-Heinous,Crimes Against Body,Murder,Undetected,13.44699,74.84452
3211,100260002202403211,Chikkaballapur,2,2024-08-04,2024,8,3,Night (12AM-6AM),FIR,Non-Heinous,Crimes Against Body,Murder,Charge Sheeted,13.4519,77.67288
3212,100060003202503212,Kalaburagi,3,2025-02-26,2025,2,3,Night (12AM-6AM),FIR,Non-Heinous,Crimes Against Women,Sexual Assault,Closed,17.27336,76.89078
3213,100060002202403213,Kalaburagi,2,2024-04-03,2024,4,1,Night (12AM-6AM),FIR,Non-Heinous,Economic Offences,Forgery,Closed,17.22867,76.89518
3214,100190002202503214,Hassan,2,2025-10-10,2025,10,4,Night (12AM-6AM),FIR,Non-Heinous,Crimes Against Body,Murder,Under Investigation,13.00491,76.14248
3215,100250004202303215,Ramanagara,4,2023-10-13,2023,10,8,Morning (6AM-12PM),FIR,Non-Heinous,Cyber Crime,Cyberstalking,Charge Sheeted,12.64758,77.32227
3216,100140004202503216,Bidar,4,2025-06-02,2025,6,16,Afternoon (12PM-6PM),FIR,Non-Heinous,Economic Offences,Criminal Breach of Trust,Undetected,17.9554,77.46689
3217,100220001202603217,Yadgir,1,2026-09-03,2026,9,0,Night (12AM-6AM),FIR,Non-Heinous,Economic Offences,Cheating,Charge Sheeted,16.72777,77.14806
3218,100210004202603218,Koppal,4,2026-10-10,2026,10,22,Evening (6PM-12AM),FIR,Non-Heinous,Cyber Crime,Phishing,Under Investigation,15.3925,76.11763
3219,100190004202203219,Hassan,4,2022-10-22,2022,10,15,Afternoon (12PM-6PM),FIR,Non-Heinous,Crimes Against Property,Robbery,Under Investigation,13.06417,76.08389
3220,100250004202503220,Ramanagara,4,2025-11-27,2025,11,8,Morning (6AM-12PM),FIR,Non-Heinous,Crimes Against Property,Theft,Charge Sheeted,12.68243,77.1455
3221,100240003202603221,Kodagu,3,2026-12-25,2026,12,6,Morning (6AM-12PM),PAR,Heinous,Crimes Against Women,Dowry Harassment,Closed,12.25587,75.90182
3222,100190003202603222,Hassan,3,2026-02-01,2026,2,19,Evening (6PM-12AM),FIR,Non-Heinous,Crimes Against Property,Burglary,Charge Sheeted,12.99753,76.07281
3223,100190003202403223,Hassan,3,2024-11-20,2024,11,2,Night (12AM-6AM),FIR,Non-Heinous,Crimes Against Body,Attempt to Murder,Under Investigation,12.99468,76.13758
3224,100190003202403224,Hassan,3,2024-04-12,2024,4,8,Morning (6AM-12PM),FIR,Non-Heinous,Crimes Against Women,Sexual Assault,Charge Sheeted,12.9954,76.17339
3225,100100001202503225,Shivamogga,1,2025-07-01,2025,7,19,Evening (6PM-12AM),FIR,Non-Heinous,Crimes Against Property,Robbery,Under Investigation,13.98803,75.56309
3226,100050004202603226,Belagavi,4,2026-12-05,2026,12,6,Morning (6AM-12PM),FIR,Non-Heinous,Crimes Against Property,Robbery,Under Investigation,15.7321,74.54808
3227,100110001202503227,Davanagere,1,2025-01-25,2025,1,3,Night (12AM-6AM),FIR,Non-Heinous,Crimes Against Body,Attempt to Murder,Under Investigation,14.45809,75.82619
3228,100190004202403228,Hassan,4,2024-07-09,2024,7,6,Morning (6AM-12PM),FIR,Heinous,Crimes Against Women,Molestation,Undetected,13.07008,76.14394
3229,100020002202603229,Bengaluru Rural,2,2026-10-13,2026,10,1,Night (12AM-6AM),FIR,Heinous,Crimes Against Women,Molestation,Charge Sheeted,13.24029,77.51926
3230,100050004202403230,Belagavi,4,2024-03-06,2024,3,15,Afternoon (12PM-6PM),FIR,Non-Heinous,Cyber Crime,Phishing,Charge Sheeted,15.89524,74.57143
3231,100130001202403231,Raichur,1,2024-05-21,2024,5,17,Afternoon (12PM-6PM),FIR,Non-Heinous,Economic Offences,Forgery,Undetected,16.20855,77.30195
3232,100030003202403232,Mysuru,3,2024-01-20,2024,1,0,Night (12AM-6AM),FIR,Heinous,Crimes Against Women,Molestation,Closed,12.29688,76.58028
3233,100090003202303233,Tumakuru,3,2023-08-15,2023,8,6,Morning (6AM-12PM),FIR,Non-Heinous,Crimes Against Property,Robbery,Closed,13.33154,77.09536
3234,100240001202603234,Kodagu,1,2026-02-08,2026,2,20,Evening (6PM-12AM),FIR,Heinous,Crimes Against Women,Domestic Violence,Charge Sheeted,12.2722,75.80895
3235,100230001202403235,Chamarajanagar,1,2024-07-12,2024,7,23,Evening (6PM-12AM),FIR,Non-Heinous,Crimes Against Women,Molestation,Charge Sheeted,12.03031,76.90073
3236,100030003202403236,Mysuru,3,2024-10-16,2024,10,21,Evening (6PM-12AM),FIR,Non-Heinous,Crimes Against Property,Burglary,Undetected,12.2955,76.6748
3237,100160001202503237,Udupi,1,2025-07-12,2025,7,16,Afternoon (12PM-6PM),FIR,Non-Heinous,Cyber Crime,Phishing,Closed,13.37524,74.76761
3238,700240003202403238,Kodagu,3,2024-10-09,2024,10,3,Night (12AM-6AM),Zero FIR,Non-Heinous,Economic Offences,Criminal Breach of Trust,Closed,12.34489,75.84622
3239,100090003202403239,Tumakuru,3,2024-07-05,2024,7,21,Evening (6PM-12AM),FIR,Non-Heinous,Public Order,Rioting,False Case,13.32062,77.03421
3240,100220001202203240,Yadgir,1,2022-04-27,2022,4,8,Morning (6AM-12PM),FIR,Non-Heinous,Crimes Against Women,Dowry Harassment,Closed,16.75894,77.01052
3241,100120001202603241,Vijayapura,1,2026-04-07,2026,4,0,Night (12AM-6AM),FIR,Non-Heinous,Crimes Against Property,Robbery,Closed,16.96305,75.7997
3242,100170003202303242,Kolar,3,2023-02-24,2023,2,9,Morning (6AM-12PM),FIR,Non-Heinous,Crimes Against Property,Dacoity,Undetected,13.12928,78.15801
3243,100230002202303243,Chamarajanagar,2,2023-10-11,2023,10,9,Morning (6AM-12PM),FIR,Non-Heinous,Crimes Against Women,Domestic Violence,Under Investigation,11.99421,76.94732
3244,400090002202603244,Tumakuru,2,2026-08-27,2026,8,5,Night (12AM-6AM),UDR,Non-Heinous,Cyber Crime,Phishing,Charge Sheeted,13.32108,77.04887
3245,100240001202503245,Kodagu,1,2025-03-04,2025,3,13,Afternoon (12PM-6PM),FIR,Non-Heinous,Economic Offences,Forgery,Charge Sheeted,12.43535,75.81259
3246,100060001202503246,Kalaburagi,1,2025-07-15,2025,7,10,Morning (6AM-12PM),FIR,Non-Heinous,Cyber Crime,Phishing,Under Investigation,17.24479,76.92698
3247,100270002202603247,Bagalkot,2,2026-08-16,2026,8,8,Morning (6AM-12PM),FIR,Non-Heinous,Crimes Against Body,Assault,Charge Sheeted,16.12558,75.6349
3248,100010004202403248,Bengaluru City,4,2024-02-23,2024,2,13,Afternoon (12PM-6PM),FIR,Non-Heinous,Economic Offences,Criminal Breach of Trust,Undetected,12.96835,77.62502
3249,100020004202503249,Bengaluru Rural,4,2025-04-11,2025,4,8,Morning (6AM-12PM),PAR,Non-Heinous,Crimes Against Property,Robbery,Charge Sheeted,13.20817,77.4134
3250,100010002202603250,Bengaluru City,2,2026-05-04,2026,5,19,Evening (6PM-12AM),FIR,Non-Heinous,Cyber Crime,Cyberstalking,Undetected,12.99493,77.63067
3251,100110001202603251,Davanagere,1,2026-03-02,2026,3,1,Night (12AM-6AM),PAR,Non-Heinous,Crimes Against Women,Domestic Violence,Charge Sheeted,14.51739,75.92077
3252,100150003202503252,Chikkamagaluru,3,2025-08-26,2025,8,14,Afternoon (12PM-6PM),FIR,Non-Heinous,Crimes Against Body,Assault,False Case,13.24262,75.71521
3253,100170001202403253,Kolar,1,2024-01-12,2024,1,2,Night (12AM-6AM),FIR,Non-Heinous,Crimes Against Body,Murder,Undetected,13.01613,78.137
3254,100010003202203254,Bengaluru City,3,2022-04-04,2022,4,6,Morning (6AM-12PM),FIR,Non-Heinous,Crimes Against Body,Attempt to Murder,False Case,13.07359,77.56386
3255,100040003202203255,Mangaluru (Dakshina Kannada),3,2022-07-24,2022,7,8,Morning (6AM-12PM),FIR,Non-Heinous,Crimes Against Body,Attempt to Murder,Under Investigation,12.87781,74.85497
3256,100120003202603256,Vijayapura,3,2026-04-14,2026,4,5,Night (12AM-6AM),FIR,Non-Heinous,Cyber Crime,Online Fraud,Charge Sheeted,16.81911,75.68577
3257,100160004202203257,Udupi,4,2022-12-05,2022,12,17,Afternoon (12PM-6PM),FIR,Non-Heinous,Cyber Crime,Online Fraud,Closed,13.42194,74.69991
3258,100250002202403258,Ramanagara,2,2024-05-25,2024,5,11,Morning (6AM-12PM),FIR,Non-Heinous,Crimes Against Women,Sexual Assault,Closed,12.73647,77.3614
3259,400060002202503259,Kalaburagi,2,2025-04-22,2025,4,8,Morning (6AM-12PM),UDR,Non-Heinous,Crimes Against Property,Robbery,Under Investigation,17.23149,76.83456
3260,100090002202503260,Tumakuru,2,2025-07-04,2025,7,8,Morning (6AM-12PM),FIR,Non-Heinous,Cyber Crime,Phishing,Closed,13.21587,77.18395
3261,100160001202503261,Udupi,1,2025-02-23,2025,2,0,Night (12AM-6AM),FIR,Non-Heinous,Cyber Crime,Cyberstalking,Charge Sheeted,13.48456,74.69983
3262,100160001202303262,Udupi,1,2023-07-10,2023,7,17,Afternoon (12PM-6PM),FIR,Non-Heinous,Cyber Crime,Identity Theft,False Case,13.28918,74.83262
3263,100090001202603263,Tumakuru,1,2026-10-24,2026,10,3,Night (12AM-6AM),FIR,Non-Heinous,Economic Offences,Cheating,Charge Sheeted,13.38597,76.99968
3264,100160002202503264,Udupi,2,2025-11-02,2025,11,12,Afternoon (12PM-6PM),FIR,Heinous,Crimes Against Body,Assault,Under Investigation,13.19788,74.71981
3265,100190002202403265,Hassan,2,2024-03-03,2024,3,14,Afternoon (12PM-6PM),FIR,Non-Heinous,Crimes Against Women,Domestic Violence,Charge Sheeted,12.96367,76.21606
3266,100150003202303266,Chikkamagaluru,3,2023-10-15,2023,10,19,Evening (6PM-12AM),FIR,Heinous,Crimes Against Body,Murder,Charge Sheeted,13.37168,75.7269
3267,400100003202603267,Shivamogga,3,2026-08-18,2026,8,23,Evening (6PM-12AM),UDR,Non-Heinous,Crimes Against Body,Murder,Charge Sheeted,13.89383,75.63865
3268,100250002202403268,Ramanagara,2,2024-04-23,2024,4,16,Afternoon (12PM-6PM),FIR,Non-Heinous,Cyber Crime,Identity Theft,False Case,12.75647,77.35216
3269,100130004202303269,Raichur,4,2023-09-20,2023,9,7,Morning (6AM-12PM),FIR,Non-Heinous,Crimes Against Property,Robbery,Charge Sheeted,16.24198,77.36027
3270,100020004202303270,Bengaluru Rural,4,2023-09-19,2023,9,6,Morning (6AM-12PM),FIR,Non-Heinous,Crimes Against Property,Robbery,Under Investigation,13.15668,77.49464
3271,100010001202303271,Bengaluru City,1,2023-03-23,2023,3,13,Afternoon (12PM-6PM),FIR,Heinous,Crimes Against Body,Assault,Under Investigation,12.98723,77.59883
3272,100140002202403272,Bidar,2,2024-01-06,2024,1,11,Morning (6AM-12PM),FIR,Non-Heinous,Crimes Against Property,Dacoity,Under Investigation,17.90912,77.52992
3273,100050002202203273,Belagavi,2,2022-09-15,2022,9,20,Evening (6PM-12AM),FIR,Heinous,Crimes Against Women,Domestic Violence,Charge Sheeted,15.89376,74.40412
3274,100050002202503274,Belagavi,2,2025-10-26,2025,10,10,Morning (6AM-12PM),FIR,Heinous,Crimes Against Women,Domestic Violence,Charge Sheeted,15.78205,74.47037
3275,100210003202203275,Koppal,3,2022-08-25,2022,8,22,Evening (6PM-12AM),FIR,Non-Heinous,Narcotics,NDPS Possession,False Case,15.38469,76.06213
3276,100100003202303276,Shivamogga,3,2023-06-24,2023,6,19,Evening (6PM-12AM),FIR,Non-Heinous,Crimes Against Property,Dacoity,False Case,13.94292,75.55051
3277,100020003202603277,Bengaluru Rural,3,2026-12-01,2026,12,23,Evening (6PM-12AM),FIR,Non-Heinous,Economic Offences,Criminal Breach of Trust,Under Investigation,13.27092,77.50093
3278,100030002202203278,Mysuru,2,2022-11-03,2022,11,20,Evening (6PM-12AM),FIR,Non-Heinous,Crimes Against Women,Dowry Harassment,Under Investigation,12.37807,76.58274
3279,400010004202303279,Bengaluru City,4,2023-09-15,2023,9,18,Evening (6PM-12AM),UDR,Heinous,Crimes Against Women,Sexual Assault,Under Investigation,13.05088,77.58286
3280,100120001202403280,Vijayapura,1,2024-01-24,2024,1,16,Afternoon (12PM-6PM),FIR,Non-Heinous,Narcotics,NDPS Possession,Charge Sheeted,16.73037,75.73938
3281,100050003202603281,Belagavi,3,2026-12-27,2026,12,3,Night (12AM-6AM),FIR,Non-Heinous,Economic Offences,Criminal Breach of Trust,False Case,15.73696,74.51572
3282,100070003202203282,Hubballi-Dharwad,3,2022-11-19,2022,11,7,Morning (6AM-12PM),FIR,Non-Heinous,Crimes Against Women,Domestic Violence,Under Investigation,15.37632,75.04912
3283,100020002202603283,Bengaluru Rural,2,2026-12-27,2026,12,2,Night (12AM-6AM),FIR,Non-Heinous,Cyber Crime,Cyberstalking,Under Investigation,13.43084,77.50749
3284,700210003202503284,Koppal,3,2025-09-08,2025,9,12,Afternoon (12PM-6PM),Zero FIR,Non-Heinous,Crimes Against Body,Grievous Hurt,Charge Sheeted,15.36193,76.16025
3285,100110003202203285,Davanagere,3,2022-06-02,2022,6,8,Morning (6AM-12PM),FIR,Non-Heinous,Crimes Against Women,Domestic Violence,Closed,14.54155,75.93299
3286,100040004202503286,Mangaluru (Dakshina Kannada),4,2025-04-19,2025,4,4,Night (12AM-6AM),FIR,Non-Heinous,Cyber Crime,Online Fraud,Charge Sheeted,12.86542,74.82476
3287,100090001202403287,Tumakuru,1,2024-10-19,2024,10,5,Night (12AM-6AM),FIR,Heinous,Crimes Against Women,Molestation,Under Investigation,13.34294,77.08605
3288,100220003202203288,Yadgir,3,2022-06-22,2022,6,9,Morning (6AM-12PM),FIR,Non-Heinous,Crimes Against Women,Molestation,Under Investigation,16.84476,77.20778
3289,100190001202403289,Hassan,1,2024-10-14,2024,10,14,Afternoon (12PM-6PM),PAR,Non-Heinous,Cyber Crime,Cyberstalking,Closed,12.93752,76.01449
3290,100060002202303290,Kalaburagi,2,2023-05-23,2023,5,3,Night (12AM-6AM),FIR,Non-Heinous,Economic Offences,Criminal Breach of Trust,Under Investigation,17.20024,76.83378
3291,100060002202403291,Kalaburagi,2,2024-03-23,2024,3,14,Afternoon (12PM-6PM),FIR,Non-Heinous,Cyber Crime,Phishing,False Case,17.38303,76.76728
3292,100150001202203292,Chikkamagaluru,1,2022-08-22,2022,8,11,Morning (6AM-12PM),PAR,Non-Heinous,Economic Offences,Forgery,Undetected,13.4206,75.71443
3293,100020003202603293,Bengaluru Rural,3,2026-10-26,2026,10,13,Afternoon (12PM-6PM),FIR,Heinous,Crimes Against Body,Murder,False Case,13.34146,77.52281
3294,100020002202503294,Bengaluru Rural,2,2025-08-06,2025,8,7,Morning (6AM-12PM),FIR,Non-Heinous,Cyber Crime,Phishing,Charge Sheeted,13.28259,77.53541
3295,100130004202603295,Raichur,4,2026-11-07,2026,11,21,Evening (6PM-12AM),FIR,Non-Heinous,Cyber Crime,Identity Theft,Under Investigation,16.26269,77.32604
3296,100080003202203296,Ballari,3,2022-11-25,2022,11,0,Night (12AM-6AM),FIR,Non-Heinous,Cyber Crime,Phishing,Closed,15.1656,76.8485
3297,100140003202603297,Bidar,3,2026-01-26,2026,1,6,Morning (6AM-12PM),FIR,Heinous,Crimes Against Women,Domestic Violence,Undetected,17.92536,77.38961
3298,100230003202203298,Chamarajanagar,3,2022-10-07,2022,10,8,Morning (6AM-12PM),FIR,Non-Heinous,Economic Offences,Forgery,Closed,11.85476,76.92999
3299,100050003202603299,Belagavi,3,2026-09-13,2026,9,22,Evening (6PM-12AM),PAR,Non-Heinous,Economic Offences,Forgery,Closed,15.82043,74.47158
3300,100280002202203300,Haveri,2,2022-09-18,2022,9,22,Evening (6PM-12AM),FIR,Non-Heinous,Economic Offences,Criminal Breach of Trust,Charge Sheeted,14.77401,75.39901
3301,100030003202503301,Mysuru,3,2025-10-22,2025,10,9,Morning (6AM-12PM),FIR,Non-Heinous,Crimes Against Property,Dacoity,Charge Sheeted,12.36643,76.70413
3302,100090003202303302,Tumakuru,3,2023-03-17,2023,3,11,Morning (6AM-12PM),FIR,Non-Heinous,Crimes Against Property,Robbery,Closed,13.24681,77.19113
3303,100040003202303303,Mangaluru (Dakshina Kannada),3,2023-01-03,2023,1,1,Night (12AM-6AM),FIR,Non-Heinous,Crimes Against Property,Robbery,Closed,12.90953,74.9021
3304,100130001202403304,Raichur,1,2024-07-17,2024,7,13,Afternoon (12PM-6PM),FIR,Non-Heinous,Crimes Against Property,Dacoity,Undetected,16.17213,77.34232
3305,100020002202603305,Bengaluru Rural,2,2026-10-15,2026,10,13,Afternoon (12PM-6PM),FIR,Heinous,Narcotics,NDPS Trafficking,Charge Sheeted,13.26668,77.63694
3306,100020003202503306,Bengaluru Rural,3,2025-09-27,2025,9,1,Night (12AM-6AM),FIR,Non-Heinous,Crimes Against Body,Murder,Closed,13.36864,77.51945
3307,100030004202603307,Mysuru,4,2026-06-01,2026,6,18,Evening (6PM-12AM),FIR,Non-Heinous,Crimes Against Property,Theft,Closed,12.26627,76.62743
3308,100120001202503308,Vijayapura,1,2025-10-11,2025,10,16,Afternoon (12PM-6PM),FIR,Heinous,Narcotics,NDPS Possession,Closed,16.82535,75.71814
3309,100220003202403309,Yadgir,3,2024-05-26,2024,5,19,Evening (6PM-12AM),FIR,Non-Heinous,Crimes Against Women,Sexual Assault,Closed,16.79947,77.06734
3310,100180004202303310,Mandya,4,2023-01-02,2023,1,16,Afternoon (12PM-6PM),FIR,Non-Heinous,Crimes Against Women,Sexual Assault,Under Investigation,12.51529,76.82683
3311,100300002202503311,Uttara Kannada,2,2025-01-01,2025,1,7,Morning (6AM-12PM),FIR,Heinous,Crimes Against Body,Grievous Hurt,Under Investigation,14.90164,74.54551
3312,100140003202403312,Bidar,3,2024-02-21,2024,2,12,Afternoon (12PM-6PM),FIR,Non-Heinous,Crimes Against Women,Domestic Violence,Charge Sheeted,17.86472,77.60593
3313,100250001202603313,Ramanagara,1,2026-10-23,2026,10,16,Afternoon (12PM-6PM),FIR,Non-Heinous,Crimes Against Body,Attempt to Murder,Charge Sheeted,12.80222,77.25751
3314,100050001202303314,Belagavi,1,2023-02-12,2023,2,9,Morning (6AM-12PM),FIR,Heinous,Crimes Against Body,Grievous Hurt,Under Investigation,15.94053,74.55236
3315,100190001202303315,Hassan,1,2023-03-13,2023,3,1,Night (12AM-6AM),FIR,Heinous,Crimes Against Body,Grievous Hurt,Charge Sheeted,13.0174,76.00294
3316,100200001202303316,Chitradurga,1,2023-03-27,2023,3,2,Night (12AM-6AM),FIR,Heinous,Crimes Against Women,Dowry Harassment,False Case,14.27677,76.37192
3317,100110002202503317,Davanagere,2,2025-07-25,2025,7,14,Afternoon (12PM-6PM),PAR,Non-Heinous,Crimes Against Body,Assault,Closed,14.61719,75.9414
3318,100160004202403318,Udupi,4,2024-11-27,2024,11,19,Evening (6PM-12AM),FIR,Non-Heinous,Crimes Against Property,Theft,Closed,13.44133,74.71354
3319,100110003202403319,Davanagere,3,2024-09-22,2024,9,19,Evening (6PM-12AM),PAR,Non-Heinous,Cyber Crime,Cyberstalking,Under Investigation,14.37246,75.90874
3320,100150001202503320,Chikkamagaluru,1,2025-06-26,2025,6,13,Afternoon (12PM-6PM),FIR,Non-Heinous,Crimes Against Body,Attempt to Murder,Closed,13.36289,75.79696
3321,100210004202603321,Koppal,4,2026-07-19,2026,7,4,Night (12AM-6AM),FIR,Non-Heinous,Economic Offences,Criminal Breach of Trust,Charge Sheeted,15.42639,76.22712
3322,100180001202603322,Mandya,1,2026-03-23,2026,3,15,Afternoon (12PM-6PM),FIR,Non-Heinous,Crimes Against Property,Theft,Charge Sheeted,12.53319,76.94906
3323,100210004202403323,Koppal,4,2024-04-20,2024,4,20,Evening (6PM-12AM),FIR,Non-Heinous,Crimes Against Body,Murder,Under Investigation,15.33449,76.16351
3324,700150001202603324,Chikkamagaluru,1,2026-06-15,2026,6,8,Morning (6AM-12PM),Zero FIR,Non-Heinous,Crimes Against Property,Theft,Undetected,13.31742,75.73824
3325,700050003202503325,Belagavi,3,2025-01-14,2025,1,0,Night (12AM-6AM),Zero FIR,Non-Heinous,Cyber Crime,Identity Theft,Undetected,15.90868,74.58092
3326,100240003202203326,Kodagu,3,2022-06-24,2022,6,11,Morning (6AM-12PM),FIR,Non-Heinous,Crimes Against Property,Dacoity,Undetected,12.26119,75.84016
3327,100090004202503327,Tumakuru,4,2025-08-06,2025,8,1,Night (12AM-6AM),FIR,Non-Heinous,Crimes Against Property,Robbery,Closed,13.30509,77.06805
3328,100030004202303328,Mysuru,4,2023-07-03,2023,7,23,Evening (6PM-12AM),FIR,Non-Heinous,Crimes Against Women,Domestic Violence,Charge Sheeted,12.32847,76.62086
3329,100090003202603329,Tumakuru,3,2026-06-16,2026,6,7,Morning (6AM-12PM),FIR,Heinous,Crimes Against Women,Dowry Harassment,Charge Sheeted,13.37934,76.96194
3330,100090001202503330,Tumakuru,1,2025-12-23,2025,12,5,Night (12AM-6AM),PAR,Non-Heinous,Economic Offences,Cheating,Closed,13.3904,77.23002
3331,100240001202303331,Kodagu,1,2023-08-02,2023,8,21,Evening (6PM-12AM),FIR,Heinous,Crimes Against Women,Dowry Harassment,Under Investigation,12.34973,75.77545
3332,100200004202603332,Chitradurga,4,2026-11-26,2026,11,12,Afternoon (12PM-6PM),FIR,Non-Heinous,Economic Offences,Criminal Breach of Trust,Under Investigation,14.25864,76.40211
3333,100190001202403333,Hassan,1,2024-03-11,2024,3,3,Night (12AM-6AM),FIR,Non-Heinous,Crimes Against Property,Dacoity,Closed,13.00997,76.25427
3334,100030002202203334,Mysuru,2,2022-05-05,2022,5,4,Night (12AM-6AM),FIR,Non-Heinous,Crimes Against Women,Molestation,Under Investigation,12.26957,76.57271
3335,700040003202203335,Mangaluru (Dakshina Kannada),3,2022-12-22,2022,12,10,Morning (6AM-12PM),Zero FIR,Non-Heinous,Crimes Against Body,Assault,False Case,12.98315,74.93196
3336,100230004202603336,Chamarajanagar,4,2026-11-17,2026,11,13,Afternoon (12PM-6PM),FIR,Non-Heinous,Crimes Against Property,Robbery,False Case,11.88567,76.87626
3337,400250002202603337,Ramanagara,2,2026-07-25,2026,7,12,Afternoon (12PM-6PM),UDR,Non-Heinous,Crimes Against Property,Robbery,Charge Sheeted,12.6088,77.29298
3338,100120001202403338,Vijayapura,1,2024-10-21,2024,10,14,Afternoon (12PM-6PM),FIR,Non-Heinous,Cyber Crime,Online Fraud,Undetected,16.80173,75.70789
3339,100020004202503339,Bengaluru Rural,4,2025-08-23,2025,8,22,Evening (6PM-12AM),FIR,Heinous,Crimes Against Women,Sexual Assault,Closed,13.37491,77.52757
3340,700030004202503340,Mysuru,4,2025-07-15,2025,7,14,Afternoon (12PM-6PM),Zero FIR,Non-Heinous,Crimes Against Body,Murder,False Case,12.27869,76.65509
3341,100210004202503341,Koppal,4,2025-12-06,2025,12,11,Morning (6AM-12PM),FIR,Non-Heinous,Crimes Against Women,Sexual Assault,Charge Sheeted,15.46747,76.05414
3342,100020004202303342,Bengaluru Rural,4,2023-02-04,2023,2,10,Morning (6AM-12PM),FIR,Non-Heinous,Public Order,Unlawful Assembly,Under Investigation,13.27935,77.38884
3343,100120004202603343,Vijayapura,4,2026-09-08,2026,9,6,Morning (6AM-12PM),FIR,Non-Heinous,Crimes Against Property,Robbery,Under Investigation,16.8218,75.7232
3344,100160001202403344,Udupi,1,2024-06-22,2024,6,8,Morning (6AM-12PM),FIR,Heinous,Crimes Against Body,Grievous Hurt,Under Investigation,13.4982,74.74231
3345,100010002202503345,Bengaluru City,2,2025-12-12,2025,12,13,Afternoon (12PM-6PM),FIR,Non-Heinous,Crimes Against Body,Murder,Under Investigation,12.85201,77.69357
3346,100290003202303346,Gadag,3,2023-03-19,2023,3,13,Afternoon (12PM-6PM),FIR,Non-Heinous,Economic Offences,Forgery,Charge Sheeted,15.41573,75.58973
3347,100050003202203347,Belagavi,3,2022-07-24,2022,7,13,Afternoon (12PM-6PM),FIR,Non-Heinous,Crimes Against Women,Dowry Harassment,Under Investigation,15.77756,74.5503
3348,100140002202603348,Bidar,2,2026-08-05,2026,8,17,Afternoon (12PM-6PM),FIR,Non-Heinous,Crimes Against Body,Assault,Under Investigation,17.77902,77.6093
3349,700020004202603349,Bengaluru Rural,4,2026-02-02,2026,2,1,Night (12AM-6AM),Zero FIR,Non-Heinous,Economic Offences,Cheating,Under Investigation,13.31084,77.57248
3350,100190004202203350,Hassan,4,2022-07-15,2022,7,20,Evening (6PM-12AM),FIR,Non-Heinous,Crimes Against Body,Grievous Hurt,Closed,12.95415,76.01267
3351,100020001202603351,Bengaluru Rural,1,2026-02-23,2026,2,7,Morning (6AM-12PM),FIR,Non-Heinous,Crimes Against Property,Theft,Under Investigation,13.22407,77.53105
3352,100180002202603352,Mandya,2,2026-02-05,2026,2,18,Evening (6PM-12AM),FIR,Non-Heinous,Crimes Against Property,Dacoity,Under Investigation,12.5764,76.92595
3353,100170001202403353,Kolar,1,2024-12-09,2024,12,8,Morning (6AM-12PM),FIR,Non-Heinous,Crimes Against Property,Theft,Under Investigation,13.26129,78.05111
3354,100020003202303354,Bengaluru Rural,3,2023-11-22,2023,11,6,Morning (6AM-12PM),PAR,Non-Heinous,Cyber Crime,Online Fraud,Under Investigation,13.32116,77.59385
3355,100050001202503355,Belagavi,1,2025-08-09,2025,8,3,Night (12AM-6AM),FIR,Non-Heinous,Public Order,Unlawful Assembly,Undetected,15.8644,74.46245
3356,100230004202503356,Chamarajanagar,4,2025-08-21,2025,8,20,Evening (6PM-12AM),FIR,Non-Heinous,Crimes Against Property,Robbery,Closed,11.81865,76.8942
3357,100020003202303357,Bengaluru Rural,3,2023-02-07,2023,2,23,Evening (6PM-12AM),FIR,Heinous,Crimes Against Women,Domestic Violence,Closed,13.3076,77.63066
3358,100070002202603358,Hubballi-Dharwad,2,2026-01-02,2026,1,13,Afternoon (12PM-6PM),FIR,Non-Heinous,Crimes Against Body,Assault,Under Investigation,15.31721,75.12326
3359,100040001202303359,Mangaluru (Dakshina Kannada),1,2023-06-06,2023,6,3,Night (12AM-6AM),FIR,Non-Heinous,Economic Offences,Forgery,Closed,12.85744,74.77195
3360,100130002202503360,Raichur,2,2025-11-22,2025,11,6,Morning (6AM-12PM),FIR,Non-Heinous,Crimes Against Property,Theft,Under Investigation,16.24301,77.32382
3361,100130004202303361,Raichur,4,2023-06-06,2023,6,8,Morning (6AM-12PM),PAR,Non-Heinous,Crimes Against Property,Robbery,Closed,16.05723,77.35238
3362,100050002202203362,Belagavi,2,2022-03-11,2022,3,0,Night (12AM-6AM),FIR,Heinous,Crimes Against Women,Dowry Harassment,Closed,15.76461,74.53451
3363,100050001202603363,Belagavi,1,2026-07-22,2026,7,7,Morning (6AM-12PM),FIR,Non-Heinous,Crimes Against Property,Dacoity,Under Investigation,15.78896,74.49424
3364,100010001202303364,Bengaluru City,1,2023-07-09,2023,7,12,Afternoon (12PM-6PM),FIR,Non-Heinous,Crimes Against Property,Theft,Charge Sheeted,12.99918,77.64448
3365,700250001202603365,Ramanagara,1,2026-02-27,2026,2,22,Evening (6PM-12AM),Zero FIR,Non-Heinous,Narcotics,NDPS Possession,Charge Sheeted,12.74537,77.18512
3366,100260001202503366,Chikkaballapur,1,2025-04-26,2025,4,19,Evening (6PM-12AM),FIR,Non-Heinous,Narcotics,NDPS Trafficking,False Case,13.55225,77.78904
3367,100130002202203367,Raichur,2,2022-04-02,2022,4,22,Evening (6PM-12AM),PAR,Non-Heinous,Crimes Against Property,Dacoity,Under Investigation,16.32382,77.4041
3368,400170002202503368,Kolar,2,2025-11-17,2025,11,19,Evening (6PM-12AM),UDR,Non-Heinous,Crimes Against Property,Robbery,Closed,13.20784,78.12678
3369,700090004202203369,Tumakuru,4,2022-01-23,2022,1,23,Evening (6PM-12AM),Zero FIR,Non-Heinous,Crimes Against Property,Burglary,Charge Sheeted,13.2558,77.14324
3370,100250003202603370,Ramanagara,3,2026-04-02,2026,4,17,Afternoon (12PM-6PM),FIR,Non-Heinous,Economic Offences,Cheating,Under Investigation,12.65965,77.17316
3371,700110004202303371,Davanagere,4,2023-08-26,2023,8,2,Night (12AM-6AM),Zero FIR,Non-Heinous,Crimes Against Body,Attempt to Murder,Closed,14.44559,75.93747
3372,400250003202203372,Ramanagara,3,2022-11-16,2022,11,1,Night (12AM-6AM),UDR,Heinous,Crimes Against Body,Attempt to Murder,Closed,12.75061,77.35936
3373,100100002202503373,Shivamogga,2,2025-07-07,2025,7,10,Morning (6AM-12PM),FIR,Heinous,Crimes Against Body,Assault,Under Investigation,13.8111,75.47597
3374,100020001202503374,Bengaluru Rural,1,2025-10-01,2025,10,2,Night (12AM-6AM),FIR,Non-Heinous,Economic Offences,Criminal Breach of Trust,Closed,13.30953,77.54883
3375,400210001202303375,Koppal,1,2023-01-26,2023,1,20,Evening (6PM-12AM),UDR,Non-Heinous,Narcotics,NDPS Trafficking,Charge Sheeted,15.21659,76.14758
3376,100240004202303376,Kodagu,4,2023-09-24,2023,9,21,Evening (6PM-12AM),FIR,Non-Heinous,Economic Offences,Cheating,Charge Sheeted,12.37582,75.73006
3377,100220001202203377,Yadgir,1,2022-04-02,2022,4,4,Night (12AM-6AM),FIR,Non-Heinous,Crimes Against Property,Theft,Charge Sheeted,16.82861,77.10284
3378,100050002202303378,Belagavi,2,2023-08-06,2023,8,15,Afternoon (12PM-6PM),FIR,Non-Heinous,Cyber Crime,Online Fraud,False Case,15.76916,74.4895
3379,100020001202603379,Bengaluru Rural,1,2026-12-27,2026,12,20,Evening (6PM-12AM),FIR,Non-Heinous,Economic Offences,Cheating,Charge Sheeted,13.2483,77.58315
3380,100070002202303380,Hubballi-Dharwad,2,2023-01-17,2023,1,7,Morning (6AM-12PM),FIR,Non-Heinous,Crimes Against Body,Murder,Charge Sheeted,15.40967,75.10415
3381,100060003202203381,Kalaburagi,3,2022-10-06,2022,10,2,Night (12AM-6AM),FIR,Heinous,Crimes Against Women,Sexual Assault,False Case,17.40361,76.88635
3382,100080002202603382,Ballari,2,2026-07-26,2026,7,13,Afternoon (12PM-6PM),FIR,Non-Heinous,Crimes Against Property,Dacoity,Closed,15.10793,76.90745
3383,100050001202503383,Belagavi,1,2025-11-25,2025,11,0,Night (12AM-6AM),FIR,Non-Heinous,Crimes Against Property,Theft,Under Investigation,15.75563,74.58806
3384,100220001202203384,Yadgir,1,2022-06-07,2022,6,9,Morning (6AM-12PM),FIR,Non-Heinous,Crimes Against Body,Attempt to Murder,Closed,16.78382,77.06351
3385,400110002202303385,Davanagere,2,2023-03-17,2023,3,13,Afternoon (12PM-6PM),UDR,Non-Heinous,Crimes Against Body,Murder,Charge Sheeted,14.45656,75.85655
3386,100040001202403386,Mangaluru (Dakshina Kannada),1,2024-11-12,2024,11,1,Night (12AM-6AM),FIR,Non-Heinous,Crimes Against Property,Burglary,Under Investigation,12.87138,74.86486
3387,100040001202303387,Mangaluru (Dakshina Kannada),1,2023-07-16,2023,7,18,Evening (6PM-12AM),PAR,Heinous,Crimes Against Body,Assault,Undetected,12.86308,74.98338
3388,100020004202303388,Bengaluru Rural,4,2023-02-18,2023,2,18,Evening (6PM-12AM),FIR,Non-Heinous,Cyber Crime,Identity Theft,Closed,13.33157,77.54517
3389,100020003202503389,Bengaluru Rural,3,2025-08-19,2025,8,19,Evening (6PM-12AM),FIR,Non-Heinous,Crimes Against Property,Burglary,Under Investigation,13.2545,77.49642
3390,100090002202303390,Tumakuru,2,2023-04-18,2023,4,10,Morning (6AM-12PM),FIR,Heinous,Crimes Against Body,Grievous Hurt,Charge Sheeted,13.39093,77.15091
3391,100130004202203391,Raichur,4,2022-02-22,2022,2,5,Night (12AM-6AM),FIR,Non-Heinous,Crimes Against Women,Dowry Harassment,Under Investigation,16.17662,77.34382
3392,100080004202203392,Ballari,4,2022-08-02,2022,8,9,Morning (6AM-12PM),FIR,Non-Heinous,Crimes Against Women,Domestic Violence,Closed,15.20134,76.87653
3393,100070004202403393,Hubballi-Dharwad,4,2024-05-12,2024,5,22,Evening (6PM-12AM),FIR,Heinous,Crimes Against Women,Domestic Violence,Under Investigation,15.32178,75.09163
3394,100040004202503394,Mangaluru (Dakshina Kannada),4,2025-12-01,2025,12,11,Morning (6AM-12PM),FIR,Non-Heinous,Economic Offences,Cheating,Charge Sheeted,13.04337,74.89039
3395,700180004202403395,Mandya,4,2024-03-23,2024,3,22,Evening (6PM-12AM),Zero FIR,Non-Heinous,Crimes Against Body,Assault,Charge Sheeted,12.44621,76.8791
3396,100070004202603396,Hubballi-Dharwad,4,2026-01-19,2026,1,21,Evening (6PM-12AM),FIR,Non-Heinous,Cyber Crime,Phishing,Closed,15.29271,75.06649
3397,100150002202503397,Chikkamagaluru,2,2025-11-18,2025,11,17,Afternoon (12PM-6PM),PAR,Non-Heinous,Crimes Against Women,Dowry Harassment,Closed,13.35982,75.78312
3398,100160001202603398,Udupi,1,2026-03-08,2026,3,11,Morning (6AM-12PM),FIR,Non-Heinous,Crimes Against Women,Molestation,Under Investigation,13.32782,74.67987
3399,700140004202603399,Bidar,4,2026-07-02,2026,7,18,Evening (6PM-12AM),Zero FIR,Non-Heinous,Crimes Against Property,Robbery,Charge Sheeted,17.99677,77.60172
3400,100190002202403400,Hassan,2,2024-03-21,2024,3,4,Night (12AM-6AM),FIR,Heinous,Crimes Against Women,Molestation,Closed,12.96133,76.12159
3401,100110001202603401,Davanagere,1,2026-02-04,2026,2,1,Night (12AM-6AM),FIR,Non-Heinous,Economic Offences,Criminal Breach of Trust,Charge Sheeted,14.48107,76.02436
3402,100040001202403402,Mangaluru (Dakshina Kannada),1,2024-03-14,2024,3,20,Evening (6PM-12AM),FIR,Non-Heinous,Economic Offences,Cheating,Under Investigation,13.02616,74.83752
3403,100170004202503403,Kolar,4,2025-07-04,2025,7,19,Evening (6PM-12AM),FIR,Non-Heinous,Economic Offences,Forgery,Undetected,13.16506,78.20066
3404,100050002202403404,Belagavi,2,2024-02-23,2024,2,19,Evening (6PM-12AM),PAR,Heinous,Narcotics,NDPS Trafficking,Charge Sheeted,15.73726,74.4836
3405,100240004202503405,Kodagu,4,2025-03-03,2025,3,11,Morning (6AM-12PM),PAR,Heinous,Crimes Against Women,Molestation,Closed,12.22596,75.76225
3406,100020003202403406,Bengaluru Rural,3,2024-11-22,2024,11,6,Morning (6AM-12PM),FIR,Non-Heinous,Crimes Against Property,Robbery,False Case,13.16164,77.60026
3407,100110001202303407,Davanagere,1,2023-07-18,2023,7,11,Morning (6AM-12PM),FIR,Non-Heinous,Cyber Crime,Online Fraud,Charge Sheeted,14.42272,75.89547
3408,100130001202203408,Raichur,1,2022-01-14,2022,1,17,Afternoon (12PM-6PM),FIR,Non-Heinous,Public Order,Rioting,Under Investigation,16.16255,77.27699
3409,100080004202503409,Ballari,4,2025-07-04,2025,7,14,Afternoon (12PM-6PM),FIR,Non-Heinous,Crimes Against Property,Burglary,Under Investigation,15.1386,77.06616
3410,100050003202603410,Belagavi,3,2026-08-22,2026,8,3,Night (12AM-6AM),FIR,Heinous,Crimes Against Body,Attempt to Murder,Under Investigation,16.02375,74.56909
3411,700070001202503411,Hubballi-Dharwad,1,2025-06-01,2025,6,16,Afternoon (12PM-6PM),Zero FIR,Non-Heinous,Cyber Crime,Identity Theft,Under Investigation,15.3604,75.20075
3412,100190001202303412,Hassan,1,2023-01-24,2023,1,5,Night (12AM-6AM),FIR,Non-Heinous,Crimes Against Body,Attempt to Murder,Charge Sheeted,13.02925,76.18202
3413,100060004202503413,Kalaburagi,4,2025-06-06,2025,6,21,Evening (6PM-12AM),FIR,Non-Heinous,Crimes Against Body,Grievous Hurt,Undetected,17.29978,76.77921
3414,100080001202503414,Ballari,1,2025-01-07,2025,1,8,Morning (6AM-12PM),FIR,Non-Heinous,Cyber Crime,Cyberstalking,False Case,15.08567,76.8237
3415,100050001202603415,Belagavi,1,2026-12-17,2026,12,10,Morning (6AM-12PM),PAR,Non-Heinous,Economic Offences,Cheating,Closed,15.81942,74.54769
3416,100190003202503416,Hassan,3,2025-10-17,2025,10,17,Afternoon (12PM-6PM),FIR,Non-Heinous,Cyber Crime,Identity Theft,Charge Sheeted,12.96501,76.04295
3417,700240002202403417,Kodagu,2,2024-04-03,2024,4,12,Afternoon (12PM-6PM),Zero FIR,Non-Heinous,Economic Offences,Criminal Breach of Trust,Charge Sheeted,12.27326,75.79216
3418,100240001202403418,Kodagu,1,2024-01-21,2024,1,15,Afternoon (12PM-6PM),FIR,Heinous,Crimes Against Body,Attempt to Murder,Under Investigation,12.27335,75.82794
3419,100150004202503419,Chikkamagaluru,4,2025-07-09,2025,7,18,Evening (6PM-12AM),PAR,Non-Heinous,Crimes Against Property,Theft,Closed,13.26309,75.75247
3420,100140001202203420,Bidar,1,2022-11-07,2022,11,7,Morning (6AM-12PM),FIR,Non-Heinous,Crimes Against Property,Burglary,Charge Sheeted,17.96326,77.45642
3421,100050001202303421,Belagavi,1,2023-03-16,2023,3,14,Afternoon (12PM-6PM),FIR,Non-Heinous,Economic Offences,Criminal Breach of Trust,Charge Sheeted,15.80874,74.53068
3422,100110002202403422,Davanagere,2,2024-06-04,2024,6,22,Evening (6PM-12AM),FIR,Non-Heinous,Crimes Against Body,Attempt to Murder,Closed,14.37129,75.94531
3423,100090001202203423,Tumakuru,1,2022-07-18,2022,7,4,Night (12AM-6AM),FIR,Non-Heinous,Cyber Crime,Online Fraud,Closed,13.35049,77.1951
3424,100160002202403424,Udupi,2,2024-04-06,2024,4,10,Morning (6AM-12PM),FIR,Non-Heinous,Crimes Against Property,Theft,Charge Sheeted,13.33565,74.74441
3425,100040004202603425,Mangaluru (Dakshina Kannada),4,2026-08-09,2026,8,6,Morning (6AM-12PM),FIR,Non-Heinous,Cyber Crime,Online Fraud,Closed,12.95154,74.81516
3426,100040003202203426,Mangaluru (Dakshina Kannada),3,2022-11-27,2022,11,7,Morning (6AM-12PM),FIR,Non-Heinous,Crimes Against Women,Dowry Harassment,Charge Sheeted,13.00543,74.86732
3427,100270002202403427,Bagalkot,2,2024-07-17,2024,7,17,Afternoon (12PM-6PM),PAR,Non-Heinous,Crimes Against Women,Molestation,Charge Sheeted,16.25252,75.7276
3428,100080003202203428,Ballari,3,2022-02-19,2022,2,7,Morning (6AM-12PM),FIR,Heinous,Crimes Against Body,Assault,Undetected,15.18595,77.0843
3429,100020001202203429,Bengaluru Rural,1,2022-01-03,2022,1,21,Evening (6PM-12AM),FIR,Heinous,Crimes Against Women,Domestic Violence,Charge Sheeted,13.36914,77.59407
3430,400030002202303430,Mysuru,2,2023-03-21,2023,3,7,Morning (6AM-12PM),UDR,Non-Heinous,Crimes Against Property,Robbery,Closed,12.14894,76.57788
3431,100230001202503431,Chamarajanagar,1,2025-06-07,2025,6,4,Night (12AM-6AM),FIR,Heinous,Crimes Against Women,Molestation,Closed,11.92793,76.9581
3432,400080004202203432,Ballari,4,2022-02-05,2022,2,11,Morning (6AM-12PM),UDR,Heinous,Crimes Against Women,Dowry Harassment,Charge Sheeted,15.19976,76.93503
3433,100200004202203433,Chitradurga,4,2022-08-04,2022,8,12,Afternoon (12PM-6PM),FIR,Non-Heinous,Crimes Against Women,Molestation,Charge Sheeted,14.27027,76.41446
3434,100080003202503434,Ballari,3,2025-04-08,2025,4,22,Evening (6PM-12AM),FIR,Non-Heinous,Crimes Against Body,Murder,False Case,15.10554,76.88818
3435,100110004202603435,Davanagere,4,2026-02-04,2026,2,4,Night (12AM-6AM),FIR,Non-Heinous,Economic Offences,Criminal Breach of Trust,Charge Sheeted,14.4161,75.94426
3436,100090003202403436,Tumakuru,3,2024-05-13,2024,5,7,Morning (6AM-12PM),FIR,Non-Heinous,Crimes Against Women,Sexual Assault,Under Investigation,13.37432,77.08371
3437,100240001202403437,Kodagu,1,2024-05-21,2024,5,17,Afternoon (12PM-6PM),FIR,Heinous,Crimes Against Women,Dowry Harassment,Under Investigation,12.3439,75.69983
3438,100020001202603438,Bengaluru Rural,1,2026-12-21,2026,12,4,Night (12AM-6AM),FIR,Heinous,Crimes Against Women,Dowry Harassment,Charge Sheeted,13.28996,77.57071
3439,100140001202303439,Bidar,1,2023-07-26,2023,7,6,Morning (6AM-12PM),FIR,Non-Heinous,Crimes Against Property,Theft,Charge Sheeted,17.83985,77.51148
3440,400020001202203440,Bengaluru Rural,1,2022-10-16,2022,10,11,Morning (6AM-12PM),UDR,Non-Heinous,Crimes Against Women,Sexual Assault,Under Investigation,13.42038,77.46705
3441,100130003202403441,Raichur,3,2024-09-12,2024,9,2,Night (12AM-6AM),FIR,Non-Heinous,Crimes Against Property,Dacoity,Closed,16.12563,77.31326
3442,100010001202403442,Bengaluru City,1,2024-05-22,2024,5,12,Afternoon (12PM-6PM),FIR,Non-Heinous,Crimes Against Property,Dacoity,False Case,12.94288,77.62084
3443,700190003202503443,Hassan,3,2025-10-26,2025,10,7,Morning (6AM-12PM),Zero FIR,Non-Heinous,Crimes Against Property,Dacoity,Charge Sheeted,12.93051,76.17507
3444,100080002202403444,Ballari,2,2024-10-19,2024,10,16,Afternoon (12PM-6PM),FIR,Non-Heinous,Narcotics,NDPS Possession,Charge Sheeted,15.16605,76.98785
3445,100100004202603445,Shivamogga,4,2026-05-08,2026,5,9,Morning (6AM-12PM),FIR,Heinous,Crimes Against Body,Grievous Hurt,Under Investigation,13.92784,75.56096
3446,100050002202403446,Belagavi,2,2024-06-17,2024,6,19,Evening (6PM-12AM),FIR,Non-Heinous,Crimes Against Women,Sexual Assault,Charge Sheeted,15.92098,74.42509
3447,100070003202603447,Hubballi-Dharwad,3,2026-01-25,2026,1,0,Night (12AM-6AM),FIR,Non-Heinous,Crimes Against Property,Burglary,Undetected,15.2142,75.15223
3448,100130001202603448,Raichur,1,2026-12-04,2026,12,1,Night (12AM-6AM),FIR,Non-Heinous,Crimes Against Property,Robbery,Charge Sheeted,16.18039,77.42287
3449,100020001202403449,Bengaluru Rural,1,2024-08-01,2024,8,20,Evening (6PM-12AM),FIR,Non-Heinous,Crimes Against Body,Assault,Under Investigation,13.25636,77.58245
3450,100250003202303450,Ramanagara,3,2023-06-26,2023,6,20,Evening (6PM-12AM),FIR,Non-Heinous,Crimes Against Body,Assault,Under Investigation,12.66228,77.21478
3451,100230004202403451,Chamarajanagar,4,2024-01-03,2024,1,6,Morning (6AM-12PM),FIR,Non-Heinous,Crimes Against Property,Theft,False Case,11.94946,77.0082
3452,100110004202603452,Davanagere,4,2026-01-27,2026,1,0,Night (12AM-6AM),FIR,Non-Heinous,Economic Offences,Criminal Breach of Trust,Charge Sheeted,14.44582,76.04958
3453,100220001202503453,Yadgir,1,2025-03-19,2025,3,5,Night (12AM-6AM),FIR,Non-Heinous,Crimes Against Women,Domestic Violence,False Case,16.79976,77.1609
3454,100240002202403454,Kodagu,2,2024-07-16,2024,7,0,Night (12AM-6AM),FIR,Non-Heinous,Crimes Against Women,Dowry Harassment,Closed,12.25805,75.81316
3455,100050004202603455,Belagavi,4,2026-09-23,2026,9,9,Morning (6AM-12PM),FIR,Non-Heinous,Crimes Against Body,Attempt to Murder,Under Investigation,15.82269,74.48492
3456,100010001202603456,Bengaluru City,1,2026-10-15,2026,10,7,Morning (6AM-12PM),FIR,Non-Heinous,Crimes Against Property,Burglary,Closed,13.02746,77.53987
3457,700020002202303457,Bengaluru Rural,2,2023-07-26,2023,7,13,Afternoon (12PM-6PM),Zero FIR,Non-Heinous,Crimes Against Property,Theft,Charge Sheeted,13.24814,77.53543
3458,100050001202603458,Belagavi,1,2026-12-10,2026,12,7,Morning (6AM-12PM),FIR,Non-Heinous,Crimes Against Property,Dacoity,Under Investigation,15.87175,74.48661
3459,100140004202503459,Bidar,4,2025-04-24,2025,4,11,Morning (6AM-12PM),PAR,Non-Heinous,Crimes Against Property,Burglary,Under Investigation,17.80499,77.51671
3460,400040002202303460,Mangaluru (Dakshina Kannada),2,2023-06-17,2023,6,21,Evening (6PM-12AM),UDR,Non-Heinous,Public Order,Rioting,Charge Sheeted,12.91253,74.90813
3461,400050004202603461,Belagavi,4,2026-08-23,2026,8,12,Afternoon (12PM-6PM),UDR,Heinous,Narcotics,NDPS Possession,Charge Sheeted,15.84474,74.52143
3462,100020004202303462,Bengaluru Rural,4,2023-02-14,2023,2,15,Afternoon (12PM-6PM),FIR,Non-Heinous,Economic Offences,Criminal Breach of Trust,Under Investigation,13.27896,77.59253
3463,100080001202303463,Ballari,1,2023-03-19,2023,3,9,Morning (6AM-12PM),FIR,Non-Heinous,Crimes Against Body,Assault,Closed,15.12367,76.93483
3464,100190002202403464,Hassan,2,2024-03-21,2024,3,13,Afternoon (12PM-6PM),FIR,Heinous,Crimes Against Women,Dowry Harassment,Closed,12.94788,76.13803
3465,100230002202203465,Chamarajanagar,2,2022-07-06,2022,7,0,Night (12AM-6AM),FIR,Heinous,Crimes Against Women,Molestation,Charge Sheeted,11.98628,76.87884
3466,100020002202203466,Bengaluru Rural,2,2022-02-15,2022,2,4,Night (12AM-6AM),FIR,Non-Heinous,Economic Offences,Criminal Breach of Trust,Charge Sheeted,13.35019,77.59286
3467,100040003202503467,Mangaluru (Dakshina Kannada),3,2025-09-05,2025,9,0,Night (12AM-6AM),FIR,Non-Heinous,Crimes Against Property,Burglary,False Case,12.98714,74.82982
3468,100130002202403468,Raichur,2,2024-04-13,2024,4,14,Afternoon (12PM-6PM),FIR,Non-Heinous,Crimes Against Property,Burglary,False Case,16.12481,77.34911
3469,100070001202203469,Hubballi-Dharwad,1,2022-05-08,2022,5,10,Morning (6AM-12PM),FIR,Non-Heinous,Narcotics,NDPS Trafficking,False Case,15.43908,75.13171
3470,100130001202503470,Raichur,1,2025-12-09,2025,12,5,Night (12AM-6AM),FIR,Non-Heinous,Crimes Against Body,Murder,False Case,16.21174,77.36266
3471,100080003202203471,Ballari,3,2022-08-26,2022,8,15,Afternoon (12PM-6PM),FIR,Non-Heinous,Crimes Against Body,Assault,Closed,15.1483,76.80415
3472,100270001202603472,Bagalkot,1,2026-05-22,2026,5,10,Morning (6AM-12PM),FIR,Heinous,Crimes Against Body,Attempt to Murder,Charge Sheeted,16.06295,75.6796
3473,100030001202303473,Mysuru,1,2023-02-20,2023,2,19,Evening (6PM-12AM),FIR,Non-Heinous,Crimes Against Body,Murder,Charge Sheeted,12.20085,76.60511
3474,100230003202503474,Chamarajanagar,3,2025-09-08,2025,9,19,Evening (6PM-12AM),PAR,Non-Heinous,Crimes Against Property,Theft,Undetected,11.94556,76.94563
3475,700080004202203475,Ballari,4,2022-01-05,2022,1,1,Night (12AM-6AM),Zero FIR,Non-Heinous,Crimes Against Body,Attempt to Murder,Closed,15.03499,76.87544
3476,100090001202603476,Tumakuru,1,2026-06-14,2026,6,7,Morning (6AM-12PM),PAR,Non-Heinous,Economic Offences,Cheating,Closed,13.24674,77.12788
3477,100050003202503477,Belagavi,3,2025-10-11,2025,10,13,Afternoon (12PM-6PM),FIR,Non-Heinous,Crimes Against Property,Robbery,Closed,15.75164,74.44585
3478,100040003202303478,Mangaluru (Dakshina Kannada),3,2023-06-11,2023,6,22,Evening (6PM-12AM),FIR,Non-Heinous,Crimes Against Women,Molestation,Closed,12.96465,74.91349
3479,100160003202203479,Udupi,3,2022-09-26,2022,9,4,Night (12AM-6AM),FIR,Non-Heinous,Crimes Against Property,Burglary,Closed,13.33713,74.66558
3480,100050003202403480,Belagavi,3,2024-09-25,2024,9,15,Afternoon (12PM-6PM),FIR,Heinous,Crimes Against Women,Molestation,False Case,15.80741,74.5495
3481,400010001202303481,Bengaluru City,1,2023-08-04,2023,8,22,Evening (6PM-12AM),UDR,Non-Heinous,Economic Offences,Criminal Breach of Trust,Under Investigation,12.94781,77.62131
3482,100110004202603482,Davanagere,4,2026-03-10,2026,3,6,Morning (6AM-12PM),FIR,Non-Heinous,Crimes Against Property,Dacoity,Charge Sheeted,14.4615,75.88408
3483,100040004202303483,Mangaluru (Dakshina Kannada),4,2023-02-03,2023,2,16,Afternoon (12PM-6PM),FIR,Heinous,Crimes Against Women,Sexual Assault,Under Investigation,12.95355,74.83101
3484,400280003202603484,Haveri,3,2026-06-23,2026,6,21,Evening (6PM-12AM),UDR,Heinous,Crimes Against Women,Molestation,Undetected,14.8427,75.23603
3485,100020003202503485,Bengaluru Rural,3,2025-10-12,2025,10,6,Morning (6AM-12PM),FIR,Non-Heinous,Crimes Against Property,Theft,Charge Sheeted,13.22598,77.45942
3486,100060003202503486,Kalaburagi,3,2025-04-04,2025,4,23,Evening (6PM-12AM),FIR,Non-Heinous,Crimes Against Women,Molestation,Undetected,17.35156,76.83234
3487,100250002202203487,Ramanagara,2,2022-02-04,2022,2,13,Afternoon (12PM-6PM),FIR,Heinous,Narcotics,NDPS Trafficking,Charge Sheeted,12.62245,77.33419
3488,100010002202303488,Bengaluru City,2,2023-03-13,2023,3,19,Evening (6PM-12AM),FIR,Non-Heinous,Crimes Against Body,Attempt to Murder,Under Investigation,12.92514,77.57447
3489,100030003202403489,Mysuru,3,2024-07-09,2024,7,5,Night (12AM-6AM),FIR,Non-Heinous,Crimes Against Women,Sexual Assault,Undetected,12.18656,76.68754
3490,100180002202403490,Mandya,2,2024-09-16,2024,9,8,Morning (6AM-12PM),FIR,Non-Heinous,Narcotics,NDPS Possession,Charge Sheeted,12.52223,76.93639
3491,100270003202403491,Bagalkot,3,2024-09-15,2024,9,21,Evening (6PM-12AM),PAR,Non-Heinous,Crimes Against Property,Theft,Under Investigation,16.18409,75.6389
3492,100210004202603492,Koppal,4,2026-08-13,2026,8,23,Evening (6PM-12AM),FIR,Non-Heinous,Crimes Against Property,Burglary,Charge Sheeted,15.41242,76.1785
3493,100110003202503493,Davanagere,3,2025-04-04,2025,4,12,Afternoon (12PM-6PM),FIR,Non-Heinous,Crimes Against Body,Assault,Undetected,14.4614,75.96997
3494,100160004202603494,Udupi,4,2026-07-21,2026,7,0,Night (12AM-6AM),FIR,Heinous,Crimes Against Body,Assault,Closed,13.34477,74.77069
3495,100020004202503495,Bengaluru Rural,4,2025-05-14,2025,5,10,Morning (6AM-12PM),FIR,Non-Heinous,Crimes Against Women,Sexual Assault,Undetected,13.22924,77.53024
3496,100050003202303496,Belagavi,3,2023-09-16,2023,9,4,Night (12AM-6AM),FIR,Heinous,Crimes Against Body,Murder,Closed,15.76422,74.54141
3497,100050002202403497,Belagavi,2,2024-02-05,2024,2,1,Night (12AM-6AM),FIR,Non-Heinous,Economic Offences,Forgery,Under Investigation,15.88157,74.45155
3498,100010004202603498,Bengaluru City,4,2026-07-14,2026,7,4,Night (12AM-6AM),FIR,Non-Heinous,Crimes Against Women,Dowry Harassment,Under Investigation,13.11647,77.57302
3499,100020001202503499,Bengaluru Rural,1,2025-11-01,2025,11,11,Morning (6AM-12PM),FIR,Non-Heinous,Crimes Against Property,Burglary,Undetected,13.32355,77.52941
3500,400020004202603500,Bengaluru Rural,4,2026-04-07,2026,4,20,Evening (6PM-12AM),UDR,Heinous,Crimes Against Body,Attempt to Murder,Charge Sheeted,13.25818,77.61682
3501,100180003202603501,Mandya,3,2026-02-04,2026,2,11,Morning (6AM-12PM),FIR,Heinous,Crimes Against Body,Murder,Charge Sheeted,12.57063,76.81773
3502,100090001202503502,Tumakuru,1,2025-09-16,2025,9,15,Afternoon (12PM-6PM),FIR,Non-Heinous,Cyber Crime,Identity Theft,Under Investigation,13.31227,77.05929
3503,700020001202503503,Bengaluru Rural,1,2025-01-09,2025,1,7,Morning (6AM-12PM),Zero FIR,Heinous,Crimes Against Body,Murder,Closed,13.2827,77.54791
3504,100050002202303504,Belagavi,2,2023-10-02,2023,10,23,Evening (6PM-12AM),FIR,Non-Heinous,Crimes Against Body,Grievous Hurt,Under Investigation,15.89935,74.52288
3505,100240002202203505,Kodagu,2,2022-09-06,2022,9,1,Night (12AM-6AM),FIR,Non-Heinous,Economic Offences,Criminal Breach of Trust,Charge Sheeted,12.29527,75.77847
3506,100040002202403506,Mangaluru (Dakshina Kannada),2,2024-02-20,2024,2,2,Night (12AM-6AM),FIR,Non-Heinous,Crimes Against Women,Molestation,Undetected,12.85931,74.8747
3507,100110004202203507,Davanagere,4,2022-10-23,2022,10,11,Morning (6AM-12PM),FIR,Heinous,Crimes Against Body,Murder,Closed,14.38892,75.92283
3508,100070002202603508,Hubballi-Dharwad,2,2026-05-27,2026,5,4,Night (12AM-6AM),FIR,Non-Heinous,Crimes Against Property,Theft,Charge Sheeted,15.35195,75.08315
3509,100040001202503509,Mangaluru (Dakshina Kannada),1,2025-11-19,2025,11,21,Evening (6PM-12AM),FIR,Non-Heinous,Crimes Against Women,Molestation,Closed,12.94915,74.83229
3510,100230001202603510,Chamarajanagar,1,2026-11-01,2026,11,4,Night (12AM-6AM),FIR,Heinous,Crimes Against Body,Attempt to Murder,False Case,11.96668,76.9169
3511,100070001202603511,Hubballi-Dharwad,1,2026-07-07,2026,7,9,Morning (6AM-12PM),FIR,Heinous,Crimes Against Women,Dowry Harassment,Charge Sheeted,15.3653,75.15733
3512,100230004202603512,Chamarajanagar,4,2026-07-19,2026,7,15,Afternoon (12PM-6PM),PAR,Non-Heinous,Public Order,Rioting,Under Investigation,11.93027,76.99427
3513,100030003202503513,Mysuru,3,2025-01-10,2025,1,23,Evening (6PM-12AM),FIR,Non-Heinous,Public Order,Rioting,Under Investigation,12.25819,76.47529
3514,100040001202303514,Mangaluru (Dakshina Kannada),1,2023-11-21,2023,11,11,Morning (6AM-12PM),FIR,Non-Heinous,Economic Offences,Cheating,Closed,12.90011,74.82622
3515,100060003202403515,Kalaburagi,3,2024-07-27,2024,7,21,Evening (6PM-12AM),FIR,Non-Heinous,Cyber Crime,Online Fraud,Closed,17.33651,76.86592
3516,100010003202403516,Bengaluru City,3,2024-12-27,2024,12,7,Morning (6AM-12PM),FIR,Heinous,Narcotics,NDPS Possession,False Case,12.8816,77.50678
3517,100140003202203517,Bidar,3,2022-11-05,2022,11,23,Evening (6PM-12AM),FIR,Non-Heinous,Crimes Against Women,Domestic Violence,Closed,17.83527,77.48426
3518,100050003202403518,Belagavi,3,2024-01-06,2024,1,8,Morning (6AM-12PM),FIR,Non-Heinous,Crimes Against Women,Domestic Violence,Under Investigation,15.79649,74.52985
3519,100240004202403519,Kodagu,4,2024-04-23,2024,4,7,Morning (6AM-12PM),FIR,Non-Heinous,Crimes Against Property,Burglary,Closed,12.35371,75.81722
3520,100020002202403520,Bengaluru Rural,2,2024-11-22,2024,11,9,Morning (6AM-12PM),FIR,Heinous,Crimes Against Body,Murder,Under Investigation,13.26649,77.603
3521,100090004202203521,Tumakuru,4,2022-03-17,2022,3,1,Night (12AM-6AM),FIR,Non-Heinous,Crimes Against Property,Robbery,Under Investigation,13.25282,76.99749
3522,100230001202203522,Chamarajanagar,1,2022-02-21,2022,2,22,Evening (6PM-12AM),FIR,Heinous,Crimes Against Women,Dowry Harassment,Charge Sheeted,11.93567,76.9142
3523,700110001202303523,Davanagere,1,2023-11-13,2023,11,22,Evening (6PM-12AM),Zero FIR,Non-Heinous,Economic Offences,Cheating,Charge Sheeted,14.46993,75.91641
3524,100020003202203524,Bengaluru Rural,3,2022-06-23,2022,6,16,Afternoon (12PM-6PM),FIR,Heinous,Crimes Against Body,Assault,Closed,13.20215,77.54214
3525,100160004202403525,Udupi,4,2024-02-24,2024,2,0,Night (12AM-6AM),FIR,Non-Heinous,Economic Offences,Criminal Breach of Trust,Closed,13.23251,74.67898
3526,400070001202603526,Hubballi-Dharwad,1,2026-08-08,2026,8,10,Morning (6AM-12PM),UDR,Non-Heinous,Crimes Against Body,Murder,Charge Sheeted,15.36177,75.10849
3527,100160002202503527,Udupi,2,2025-09-11,2025,9,17,Afternoon (12PM-6PM),FIR,Non-Heinous,Economic Offences,Criminal Breach of Trust,Under Investigation,13.44251,74.76373
3528,400010004202403528,Bengaluru City,4,2024-02-11,2024,2,13,Afternoon (12PM-6PM),UDR,Non-Heinous,Cyber Crime,Phishing,Closed,12.96732,77.461
3529,100030003202203529,Mysuru,3,2022-09-22,2022,9,20,Evening (6PM-12AM),FIR,Non-Heinous,Crimes Against Body,Murder,Charge Sheeted,12.28402,76.65401
3530,100010002202303530,Bengaluru City,2,2023-08-08,2023,8,1,Night (12AM-6AM),FIR,Non-Heinous,Narcotics,NDPS Possession,Charge Sheeted,13.05407,77.56801
3531,100010001202403531,Bengaluru City,1,2024-05-19,2024,5,0,Night (12AM-6AM),FIR,Heinous,Crimes Against Women,Domestic Violence,False Case,12.84907,77.6345
3532,700280002202503532,Haveri,2,2025-08-02,2025,8,20,Evening (6PM-12AM),Zero FIR,Non-Heinous,Public Order,Rioting,Closed,14.85587,75.39685
3533,100140001202403533,Bidar,1,2024-11-14,2024,11,18,Evening (6PM-12AM),FIR,Heinous,Crimes Against Women,Dowry Harassment,Under Investigation,17.9312,77.55968
3534,100240002202603534,Kodagu,2,2026-04-13,2026,4,8,Morning (6AM-12PM),FIR,Non-Heinous,Crimes Against Body,Grievous Hurt,Charge Sheeted,12.45142,75.81203
3535,700250001202403535,Ramanagara,1,2024-05-04,2024,5,3,Night (12AM-6AM),Zero FIR,Non-Heinous,Crimes Against Body,Attempt to Murder,Closed,12.68935,77.24207
3536,100190003202203536,Hassan,3,2022-03-21,2022,3,22,Evening (6PM-12AM),FIR,Non-Heinous,Crimes Against Property,Dacoity,Under Investigation,12.9567,76.07335
3537,100270004202603537,Bagalkot,4,2026-11-05,2026,11,10,Morning (6AM-12PM),FIR,Non-Heinous,Crimes Against Property,Theft,Charge Sheeted,16.26011,75.73911
3538,100160002202203538,Udupi,2,2022-05-06,2022,5,12,Afternoon (12PM-6PM),FIR,Non-Heinous,Crimes Against Property,Burglary,Undetected,13.37088,74.79212
3539,100020002202503539,Bengaluru Rural,2,2025-07-05,2025,7,19,Evening (6PM-12AM),FIR,Non-Heinous,Crimes Against Property,Theft,Undetected,13.27838,77.46715
3540,100210001202603540,Koppal,1,2026-01-14,2026,1,13,Afternoon (12PM-6PM),FIR,Non-Heinous,Crimes Against Property,Dacoity,Under Investigation,15.24456,76.14244
3541,400040004202503541,Mangaluru (Dakshina Kannada),4,2025-07-14,2025,7,3,Night (12AM-6AM),UDR,Non-Heinous,Cyber Crime,Cyberstalking,Charge Sheeted,12.84937,74.83925
3542,100030004202203542,Mysuru,4,2022-12-05,2022,12,18,Evening (6PM-12AM),FIR,Non-Heinous,Cyber Crime,Phishing,Charge Sheeted,12.37458,76.60657
3543,100240003202603543,Kodagu,3,2026-01-17,2026,1,6,Morning (6AM-12PM),FIR,Non-Heinous,Crimes Against Property,Robbery,Charge Sheeted,12.33599,75.91419
3544,100040003202203544,Mangaluru (Dakshina Kannada),3,2022-09-05,2022,9,20,Evening (6PM-12AM),PAR,Non-Heinous,Crimes Against Property,Theft,Charge Sheeted,12.85505,74.78759
3545,100220004202503545,Yadgir,4,2025-11-20,2025,11,3,Night (12AM-6AM),FIR,Non-Heinous,Economic Offences,Criminal Breach of Trust,Closed,16.88819,77.23653
3546,100150002202403546,Chikkamagaluru,2,2024-11-11,2024,11,5,Night (12AM-6AM),FIR,Non-Heinous,Crimes Against Body,Attempt to Murder,Undetected,13.33651,75.78569
3547,100090002202303547,Tumakuru,2,2023-09-11,2023,9,19,Evening (6PM-12AM),FIR,Non-Heinous,Crimes Against Property,Robbery,Charge Sheeted,13.29208,77.10818
3548,100080003202603548,Ballari,3,2026-09-09,2026,9,12,Afternoon (12PM-6PM),FIR,Non-Heinous,Crimes Against Property,Burglary,Under Investigation,15.19256,76.95338
3549,100060004202503549,Kalaburagi,4,2025-10-04,2025,10,10,Morning (6AM-12PM),FIR,Non-Heinous,Crimes Against Women,Dowry Harassment,Charge Sheeted,17.33936,76.79933
3550,100130001202503550,Raichur,1,2025-05-26,2025,5,5,Night (12AM-6AM),FIR,Non-Heinous,Cyber Crime,Online Fraud,Under Investigation,16.14058,77.39007
3551,100300003202603551,Uttara Kannada,3,2026-08-01,2026,8,17,Afternoon (12PM-6PM),FIR,Non-Heinous,Crimes Against Property,Theft,Under Investigation,14.6751,74.6493
3552,100190003202403552,Hassan,3,2024-01-03,2024,1,1,Night (12AM-6AM),FIR,Non-Heinous,Narcotics,NDPS Trafficking,Closed,13.09859,76.03472
3553,100030002202403553,Mysuru,2,2024-07-23,2024,7,9,Morning (6AM-12PM),FIR,Heinous,Crimes Against Women,Molestation,Under Investigation,12.35073,76.61199
3554,100020002202603554,Bengaluru Rural,2,2026-05-14,2026,5,7,Morning (6AM-12PM),FIR,Non-Heinous,Crimes Against Property,Dacoity,Under Investigation,13.22667,77.50852
3555,100120004202203555,Vijayapura,4,2022-06-09,2022,6,23,Evening (6PM-12AM),FIR,Non-Heinous,Economic Offences,Criminal Breach of Trust,Charge Sheeted,16.91827,75.72969
3556,100130001202503556,Raichur,1,2025-12-08,2025,12,16,Afternoon (12PM-6PM),FIR,Non-Heinous,Crimes Against Body,Murder,Closed,16.14919,77.38793
3557,100010002202403557,Bengaluru City,2,2024-01-11,2024,1,23,Evening (6PM-12AM),FIR,Non-Heinous,Crimes Against Property,Dacoity,Charge Sheeted,12.98064,77.59623
3558,100040001202403558,Mangaluru (Dakshina Kannada),1,2024-09-23,2024,9,15,Afternoon (12PM-6PM),PAR,Non-Heinous,Crimes Against Women,Domestic Violence,Undetected,12.85973,74.85524
3559,100010004202503559,Bengaluru City,4,2025-09-04,2025,9,21,Evening (6PM-12AM),FIR,Non-Heinous,Cyber Crime,Phishing,Closed,12.88978,77.54687
3560,100040003202603560,Mangaluru (Dakshina Kannada),3,2026-09-01,2026,9,7,Morning (6AM-12PM),FIR,Non-Heinous,Economic Offences,Criminal Breach of Trust,Under Investigation,12.88929,74.87454
3561,100190002202603561,Hassan,2,2026-03-12,2026,3,14,Afternoon (12PM-6PM),FIR,Non-Heinous,Crimes Against Body,Grievous Hurt,Charge Sheeted,13.08227,76.07483
3562,100230003202403562,Chamarajanagar,3,2024-03-09,2024,3,6,Morning (6AM-12PM),FIR,Non-Heinous,Narcotics,NDPS Possession,Charge Sheeted,11.87463,76.92561
3563,100030002202503563,Mysuru,2,2025-10-24,2025,10,5,Night (12AM-6AM),FIR,Heinous,Crimes Against Body,Murder,Under Investigation,12.38958,76.55357
3564,100190002202403564,Hassan,2,2024-07-08,2024,7,3,Night (12AM-6AM),FIR,Heinous,Crimes Against Body,Assault,Charge Sheeted,13.02028,76.14496
3565,100270003202503565,Bagalkot,3,2025-10-02,2025,10,17,Afternoon (12PM-6PM),FIR,Non-Heinous,Crimes Against Women,Dowry Harassment,Closed,16.21148,75.77465
3566,100020001202403566,Bengaluru Rural,1,2024-02-24,2024,2,8,Morning (6AM-12PM),FIR,Non-Heinous,Crimes Against Women,Molestation,Charge Sheeted,13.28349,77.58885
3567,100220003202403567,Yadgir,3,2024-04-11,2024,4,20,Evening (6PM-12AM),FIR,Non-Heinous,Crimes Against Property,Burglary,Under Investigation,16.71503,77.12616
3568,100070003202403568,Hubballi-Dharwad,3,2024-06-08,2024,6,16,Afternoon (12PM-6PM),FIR,Non-Heinous,Economic Offences,Forgery,False Case,15.40182,75.12972
3569,700050002202603569,Belagavi,2,2026-04-12,2026,4,16,Afternoon (12PM-6PM),Zero FIR,Non-Heinous,Crimes Against Women,Domestic Violence,Charge Sheeted,15.81542,74.50732
3570,100040002202403570,Mangaluru (Dakshina Kannada),2,2024-10-08,2024,10,10,Morning (6AM-12PM),FIR,Heinous,Crimes Against Body,Grievous Hurt,Closed,12.95219,74.84344
3571,100170004202203571,Kolar,4,2022-06-13,2022,6,4,Night (12AM-6AM),FIR,Heinous,Crimes Against Women,Molestation,Under Investigation,13.14466,78.03641
3572,100280004202503572,Haveri,4,2025-03-13,2025,3,3,Night (12AM-6AM),FIR,Non-Heinous,Crimes Against Property,Dacoity,Charge Sheeted,14.73462,75.49938
3573,100110001202403573,Davanagere,1,2024-11-20,2024,11,14,Afternoon (12PM-6PM),PAR,Heinous,Crimes Against Women,Sexual Assault,Closed,14.54769,75.91789
3574,100020004202203574,Bengaluru Rural,4,2022-10-08,2022,10,3,Night (12AM-6AM),FIR,Non-Heinous,Crimes Against Women,Dowry Harassment,Charge Sheeted,13.31128,77.54148
3575,100040004202503575,Mangaluru (Dakshina Kannada),4,2025-12-15,2025,12,9,Morning (6AM-12PM),FIR,Non-Heinous,Economic Offences,Criminal Breach of Trust,Closed,12.89008,74.86643
3576,700270004202503576,Bagalkot,4,2025-04-08,2025,4,17,Afternoon (12PM-6PM),Zero FIR,Non-Heinous,Cyber Crime,Online Fraud,Undetected,16.04201,75.67973
3577,100020004202403577,Bengaluru Rural,4,2024-07-22,2024,7,20,Evening (6PM-12AM),FIR,Non-Heinous,Crimes Against Property,Burglary,Charge Sheeted,13.23546,77.58434
3578,100040001202603578,Mangaluru (Dakshina Kannada),1,2026-03-14,2026,3,5,Night (12AM-6AM),FIR,Heinous,Crimes Against Women,Dowry Harassment,Under Investigation,12.841,74.83703
3579,100150003202503579,Chikkamagaluru,3,2025-02-15,2025,2,19,Evening (6PM-12AM),FIR,Non-Heinous,Cyber Crime,Cyberstalking,Charge Sheeted,13.30355,75.74077
3580,100020001202603580,Bengaluru Rural,1,2026-04-08,2026,4,12,Afternoon (12PM-6PM),FIR,Heinous,Crimes Against Body,Grievous Hurt,Charge Sheeted,13.26006,77.55803
3581,400250002202303581,Ramanagara,2,2023-10-09,2023,10,6,Morning (6AM-12PM),UDR,Non-Heinous,Crimes Against Property,Dacoity,Undetected,12.71175,77.32276
3582,100160002202503582,Udupi,2,2025-11-24,2025,11,20,Evening (6PM-12AM),FIR,Non-Heinous,Narcotics,NDPS Possession,Under Investigation,13.31907,74.77711
3583,100050002202603583,Belagavi,2,2026-02-27,2026,2,3,Night (12AM-6AM),FIR,Non-Heinous,Crimes Against Women,Sexual Assault,Undetected,15.92616,74.40721
3584,100140002202503584,Bidar,2,2025-05-21,2025,5,15,Afternoon (12PM-6PM),FIR,Non-Heinous,Crimes Against Body,Assault,Under Investigation,17.87641,77.5132
3585,100240004202403585,Kodagu,4,2024-05-14,2024,5,10,Morning (6AM-12PM),FIR,Non-Heinous,Crimes Against Body,Attempt to Murder,Charge Sheeted,12.3618,75.8034
3586,100030004202403586,Mysuru,4,2024-02-13,2024,2,15,Afternoon (12PM-6PM),FIR,Heinous,Crimes Against Body,Murder,Undetected,12.30835,76.54714
3587,100050002202403587,Belagavi,2,2024-09-15,2024,9,10,Morning (6AM-12PM),FIR,Non-Heinous,Crimes Against Body,Attempt to Murder,Under Investigation,15.87106,74.39612
3588,400190002202303588,Hassan,2,2023-01-12,2023,1,5,Night (12AM-6AM),UDR,Heinous,Narcotics,NDPS Possession,Charge Sheeted,13.03894,76.08469
3589,100090002202303589,Tumakuru,2,2023-04-12,2023,4,4,Night (12AM-6AM),FIR,Non-Heinous,Crimes Against Body,Attempt to Murder,Under Investigation,13.3664,77.26139
3590,100110004202503590,Davanagere,4,2025-03-08,2025,3,8,Morning (6AM-12PM),FIR,Non-Heinous,Crimes Against Body,Attempt to Murder,Closed,14.44385,75.85228
3591,100130004202203591,Raichur,4,2022-11-01,2022,11,14,Afternoon (12PM-6PM),FIR,Heinous,Crimes Against Women,Domestic Violence,Under Investigation,16.30303,77.2757
3592,100050002202503592,Belagavi,2,2025-11-18,2025,11,5,Night (12AM-6AM),FIR,Heinous,Crimes Against Women,Domestic Violence,Charge Sheeted,15.97854,74.57581
3593,100050003202603593,Belagavi,3,2026-06-20,2026,6,21,Evening (6PM-12AM),FIR,Heinous,Narcotics,NDPS Possession,Charge Sheeted,15.90932,74.51956
3594,100080004202403594,Ballari,4,2024-10-14,2024,10,2,Night (12AM-6AM),FIR,Non-Heinous,Cyber Crime,Online Fraud,False Case,15.0878,76.87195
3595,100040002202403595,Mangaluru (Dakshina Kannada),2,2024-09-03,2024,9,6,Morning (6AM-12PM),FIR,Non-Heinous,Narcotics,NDPS Possession,Under Investigation,12.8941,74.83901
3596,400140002202603596,Bidar,2,2026-08-04,2026,8,22,Evening (6PM-12AM),UDR,Heinous,Crimes Against Women,Molestation,Closed,17.94339,77.52191
3597,100020003202403597,Bengaluru Rural,3,2024-02-07,2024,2,22,Evening (6PM-12AM),FIR,Non-Heinous,Crimes Against Property,Theft,Under Investigation,13.36933,77.48779
3598,700090002202303598,Tumakuru,2,2023-02-06,2023,2,16,Afternoon (12PM-6PM),Zero FIR,Non-Heinous,Crimes Against Property,Dacoity,Undetected,13.31008,77.14576
3599,100050004202403599,Belagavi,4,2024-06-06,2024,6,12,Afternoon (12PM-6PM),FIR,Non-Heinous,Crimes Against Body,Attempt to Murder,Under Investigation,15.95401,74.46553
3600,100250003202603600,Ramanagara,3,2026-06-22,2026,6,15,Afternoon (12PM-6PM),FIR,Non-Heinous,Crimes Against Property,Theft,Under Investigation,12.73738,77.32197
3601,100240002202203601,Kodagu,2,2022-06-09,2022,6,9,Morning (6AM-12PM),FIR,Non-Heinous,Economic Offences,Forgery,Charge Sheeted,12.43579,75.93182
3602,100010002202503602,Bengaluru City,2,2025-04-09,2025,4,13,Afternoon (12PM-6PM),FIR,Non-Heinous,Crimes Against Body,Grievous Hurt,Charge Sheeted,12.93351,77.64817
3603,100140004202503603,Bidar,4,2025-01-18,2025,1,14,Afternoon (12PM-6PM),FIR,Non-Heinous,Crimes Against Property,Theft,Under Investigation,17.91056,77.4588
3604,100050003202303604,Belagavi,3,2023-05-10,2023,5,14,Afternoon (12PM-6PM),FIR,Non-Heinous,Crimes Against Women,Sexual Assault,False Case,15.78206,74.48396
3605,100170002202503605,Kolar,2,2025-09-14,2025,9,17,Afternoon (12PM-6PM),FIR,Non-Heinous,Crimes Against Property,Theft,False Case,13.18052,78.12322
3606,100030003202303606,Mysuru,3,2023-05-08,2023,5,12,Afternoon (12PM-6PM),FIR,Non-Heinous,Crimes Against Women,Molestation,Under Investigation,12.29249,76.65396
3607,100240003202503607,Kodagu,3,2025-06-27,2025,6,8,Morning (6AM-12PM),FIR,Non-Heinous,Crimes Against Property,Burglary,Closed,12.29473,75.68373
3608,100150004202303608,Chikkamagaluru,4,2023-01-21,2023,1,19,Evening (6PM-12AM),FIR,Heinous,Crimes Against Body,Assault,Charge Sheeted,13.26223,75.83601
3609,100270003202203609,Bagalkot,3,2022-01-09,2022,1,20,Evening (6PM-12AM),FIR,Heinous,Crimes Against Body,Assault,Closed,16.07299,75.70574
3610,100300002202203610,Uttara Kannada,2,2022-02-05,2022,2,3,Night (12AM-6AM),FIR,Non-Heinous,Cyber Crime,Identity Theft,Charge Sheeted,14.94465,74.58125
3611,100020002202303611,Bengaluru Rural,2,2023-11-18,2023,11,5,Night (12AM-6AM),FIR,Heinous,Crimes Against Women,Domestic Violence,Under Investigation,13.29868,77.57993
3612,100130004202603612,Raichur,4,2026-07-08,2026,7,15,Afternoon (12PM-6PM),FIR,Non-Heinous,Crimes Against Body,Grievous Hurt,Undetected,16.21248,77.38595
3613,100110003202503613,Davanagere,3,2025-09-08,2025,9,13,Afternoon (12PM-6PM),FIR,Non-Heinous,Crimes Against Property,Burglary,Closed,14.50364,75.93944
3614,400050001202403614,Belagavi,1,2024-12-13,2024,12,23,Evening (6PM-12AM),UDR,Non-Heinous,Crimes Against Property,Burglary,Charge Sheeted,15.84081,74.45482
3615,100060002202403615,Kalaburagi,2,2024-08-08,2024,8,19,Evening (6PM-12AM),FIR,Heinous,Crimes Against Women,Sexual Assault,Charge Sheeted,17.27947,76.90309
3616,100140002202603616,Bidar,2,2026-11-15,2026,11,12,Afternoon (12PM-6PM),FIR,Non-Heinous,Economic Offences,Forgery,Closed,17.79623,77.49363
3617,100190004202403617,Hassan,4,2024-12-09,2024,12,8,Morning (6AM-12PM),FIR,Non-Heinous,Crimes Against Property,Dacoity,Charge Sheeted,12.95314,76.08532
3618,100240004202203618,Kodagu,4,2022-11-24,2022,11,6,Morning (6AM-12PM),FIR,Non-Heinous,Economic Offences,Criminal Breach of Trust,Closed,12.35327,75.84921
3619,100120004202503619,Vijayapura,4,2025-04-12,2025,4,17,Afternoon (12PM-6PM),FIR,Non-Heinous,Crimes Against Body,Murder,Under Investigation,16.87329,75.72114
3620,100070003202403620,Hubballi-Dharwad,3,2024-11-06,2024,11,11,Morning (6AM-12PM),FIR,Non-Heinous,Crimes Against Property,Theft,Under Investigation,15.40437,75.1779
3621,100140002202503621,Bidar,2,2025-03-18,2025,3,2,Night (12AM-6AM),FIR,Heinous,Crimes Against Body,Attempt to Murder,Undetected,17.97506,77.63268
3622,400190001202303622,Hassan,1,2023-03-06,2023,3,13,Afternoon (12PM-6PM),UDR,Non-Heinous,Crimes Against Property,Dacoity,Under Investigation,12.93491,76.11878
3623,100240004202503623,Kodagu,4,2025-04-25,2025,4,0,Night (12AM-6AM),FIR,Heinous,Crimes Against Women,Dowry Harassment,Under Investigation,12.27413,75.92451
3624,100040001202403624,Mangaluru (Dakshina Kannada),1,2024-02-23,2024,2,17,Afternoon (12PM-6PM),FIR,Heinous,Crimes Against Body,Assault,Closed,12.9198,74.83228
3625,400050002202603625,Belagavi,2,2026-03-06,2026,3,12,Afternoon (12PM-6PM),UDR,Non-Heinous,Crimes Against Property,Dacoity,Charge Sheeted,15.94462,74.48795
3626,100280003202203626,Haveri,3,2022-11-01,2022,11,22,Evening (6PM-12AM),FIR,Non-Heinous,Cyber Crime,Identity Theft,Charge Sheeted,14.79845,75.25177
3627,100230004202403627,Chamarajanagar,4,2024-08-09,2024,8,15,Afternoon (12PM-6PM),FIR,Non-Heinous,Crimes Against Women,Molestation,False Case,11.91318,76.94018
3628,100090004202403628,Tumakuru,4,2024-05-02,2024,5,8,Morning (6AM-12PM),FIR,Non-Heinous,Crimes Against Property,Robbery,Undetected,13.34681,77.11567
3629,700030002202603629,Mysuru,2,2026-12-15,2026,12,19,Evening (6PM-12AM),Zero FIR,Heinous,Narcotics,NDPS Trafficking,Under Investigation,12.18284,76.68683
3630,100160002202303630,Udupi,2,2023-11-25,2023,11,2,Night (12AM-6AM),FIR,Non-Heinous,Crimes Against Women,Domestic Violence,Under Investigation,13.4697,74.73343
3631,100010001202603631,Bengaluru City,1,2026-06-01,2026,6,20,Evening (6PM-12AM),FIR,Non-Heinous,Crimes Against Property,Dacoity,Charge Sheeted,12.90721,77.54927
3632,100120004202303632,Vijayapura,4,2023-11-09,2023,11,7,Morning (6AM-12PM),PAR,Non-Heinous,Crimes Against Property,Burglary,Closed,16.75895,75.67757
3633,100070001202603633,Hubballi-Dharwad,1,2026-04-14,2026,4,0,Night (12AM-6AM),PAR,Non-Heinous,Crimes Against Body,Assault,False Case,15.47021,75.13953
3634,100170001202303634,Kolar,1,2023-04-06,2023,4,4,Night (12AM-6AM),FIR,Non-Heinous,Crimes Against Body,Assault,Under Investigation,13.18032,78.15365
3635,100160002202603635,Udupi,2,2026-05-20,2026,5,21,Evening (6PM-12AM),FIR,Non-Heinous,Crimes Against Property,Burglary,Charge Sheeted,13.35624,74.75548
3636,400130002202603636,Raichur,2,2026-05-05,2026,5,8,Morning (6AM-12PM),UDR,Non-Heinous,Economic Offences,Cheating,Under Investigation,16.1726,77.39036
3637,400190002202603637,Hassan,2,2026-07-17,2026,7,0,Night (12AM-6AM),UDR,Heinous,Crimes Against Body,Attempt to Murder,Under Investigation,12.9105,76.05042
3638,100230002202603638,Chamarajanagar,2,2026-12-19,2026,12,2,Night (12AM-6AM),FIR,Heinous,Crimes Against Body,Assault,Charge Sheeted,11.95045,76.96246
3639,700110001202203639,Davanagere,1,2022-08-15,2022,8,0,Night (12AM-6AM),Zero FIR,Non-Heinous,Economic Offences,Forgery,Charge Sheeted,14.53763,75.93976
3640,400290004202403640,Gadag,4,2024-08-24,2024,8,16,Afternoon (12PM-6PM),UDR,Non-Heinous,Crimes Against Property,Theft,Under Investigation,15.30788,75.54451
3641,100070001202503641,Hubballi-Dharwad,1,2025-09-22,2025,9,0,Night (12AM-6AM),FIR,Non-Heinous,Crimes Against Property,Theft,False Case,15.45013,75.169
3642,100280001202603642,Haveri,1,2026-06-01,2026,6,15,Afternoon (12PM-6PM),FIR,Heinous,Narcotics,NDPS Trafficking,Charge Sheeted,14.7919,75.40982
3643,100050001202603643,Belagavi,1,2026-10-26,2026,10,5,Night (12AM-6AM),FIR,Non-Heinous,Crimes Against Body,Murder,Charge Sheeted,15.83572,74.48991
3644,100050001202603644,Belagavi,1,2026-06-15,2026,6,2,Night (12AM-6AM),FIR,Heinous,Crimes Against Women,Molestation,Under Investigation,15.89957,74.36535
3645,100240002202603645,Kodagu,2,2026-06-18,2026,6,11,Morning (6AM-12PM),FIR,Non-Heinous,Crimes Against Property,Dacoity,Charge Sheeted,12.35876,75.80289
3646,100050001202203646,Belagavi,1,2022-04-02,2022,4,21,Evening (6PM-12AM),FIR,Non-Heinous,Crimes Against Property,Burglary,Charge Sheeted,15.81683,74.50636
3647,100140002202503647,Bidar,2,2025-11-17,2025,11,10,Morning (6AM-12PM),FIR,Non-Heinous,Cyber Crime,Online Fraud,Undetected,17.95304,77.51349
3648,100110004202203648,Davanagere,4,2022-04-20,2022,4,13,Afternoon (12PM-6PM),FIR,Non-Heinous,Crimes Against Women,Molestation,Closed,14.4202,75.84094
3649,100140002202503649,Bidar,2,2025-03-09,2025,3,22,Evening (6PM-12AM),FIR,Non-Heinous,Crimes Against Body,Grievous Hurt,Under Investigation,17.90182,77.53572
3650,400010003202403650,Bengaluru City,3,2024-12-11,2024,12,6,Morning (6AM-12PM),UDR,Non-Heinous,Economic Offences,Criminal Breach of Trust,Closed,12.93042,77.67717
3651,100050003202503651,Belagavi,3,2025-05-02,2025,5,11,Morning (6AM-12PM),FIR,Non-Heinous,Economic Offences,Forgery,Charge Sheeted,15.75209,74.44804
3652,100230004202603652,Chamarajanagar,4,2026-04-08,2026,4,1,Night (12AM-6AM),FIR,Non-Heinous,Crimes Against Property,Theft,False Case,11.85795,76.96878
3653,700100002202603653,Shivamogga,2,2026-07-05,2026,7,10,Morning (6AM-12PM),Zero FIR,Non-Heinous,Crimes Against Property,Dacoity,Closed,13.92305,75.45114
3654,100070003202203654,Hubballi-Dharwad,3,2022-12-19,2022,12,23,Evening (6PM-12AM),FIR,Non-Heinous,Narcotics,NDPS Possession,Charge Sheeted,15.40194,75.14688
3655,100030004202403655,Mysuru,4,2024-11-02,2024,11,7,Morning (6AM-12PM),FIR,Non-Heinous,Crimes Against Property,Burglary,Charge Sheeted,12.32588,76.67123
3656,700120001202603656,Vijayapura,1,2026-08-17,2026,8,2,Night (12AM-6AM),Zero FIR,Non-Heinous,Crimes Against Property,Dacoity,Under Investigation,16.86732,75.71628
3657,400240002202503657,Kodagu,2,2025-07-11,2025,7,23,Evening (6PM-12AM),UDR,Heinous,Narcotics,NDPS Possession,Under Investigation,12.41096,75.80115
3658,100160001202503658,Udupi,1,2025-07-20,2025,7,1,Night (12AM-6AM),FIR,Heinous,Crimes Against Body,Murder,Under Investigation,13.31653,74.76367
3659,100050003202403659,Belagavi,3,2024-05-22,2024,5,2,Night (12AM-6AM),FIR,Non-Heinous,Cyber Crime,Cyberstalking,Charge Sheeted,15.80239,74.55091
3660,100170004202303660,Kolar,4,2023-08-14,2023,8,4,Night (12AM-6AM),FIR,Non-Heinous,Crimes Against Property,Burglary,Under Investigation,13.11341,78.06729
3661,100030004202303661,Mysuru,4,2023-10-15,2023,10,11,Morning (6AM-12PM),PAR,Non-Heinous,Crimes Against Property,Theft,Charge Sheeted,12.30833,76.72601
3662,100050003202503662,Belagavi,3,2025-01-03,2025,1,5,Night (12AM-6AM),PAR,Non-Heinous,Public Order,Unlawful Assembly,Under Investigation,15.76384,74.47678
3663,100010003202403663,Bengaluru City,3,2024-07-04,2024,7,3,Night (12AM-6AM),FIR,Non-Heinous,Crimes Against Women,Molestation,Charge Sheeted,12.9757,77.63627
3664,100050004202303664,Belagavi,4,2023-05-24,2023,5,23,Evening (6PM-12AM),FIR,Non-Heinous,Crimes Against Property,Dacoity,Closed,15.85284,74.50218
3665,700170003202203665,Kolar,3,2022-06-19,2022,6,15,Afternoon (12PM-6PM),Zero FIR,Non-Heinous,Crimes Against Property,Robbery,Charge Sheeted,13.06766,78.16724
3666,700150004202403666,Chikkamagaluru,4,2024-09-10,2024,9,2,Night (12AM-6AM),Zero FIR,Non-Heinous,Economic Offences,Cheating,Under Investigation,13.18758,75.80368
3667,100110003202503667,Davanagere,3,2025-03-21,2025,3,10,Morning (6AM-12PM),FIR,Non-Heinous,Economic Offences,Forgery,Under Investigation,14.48388,75.89262
3668,100040004202303668,Mangaluru (Dakshina Kannada),4,2023-03-01,2023,3,13,Afternoon (12PM-6PM),FIR,Non-Heinous,Crimes Against Property,Robbery,Under Investigation,12.88892,74.88381
3669,100030004202303669,Mysuru,4,2023-12-18,2023,12,14,Afternoon (12PM-6PM),PAR,Non-Heinous,Crimes Against Property,Robbery,Charge Sheeted,12.3155,76.76334
3670,100020001202403670,Bengaluru Rural,1,2024-07-17,2024,7,17,Afternoon (12PM-6PM),FIR,Non-Heinous,Narcotics,NDPS Trafficking,Under Investigation,13.32727,77.4853
3671,400020002202203671,Bengaluru Rural,2,2022-05-26,2022,5,11,Morning (6AM-12PM),UDR,Non-Heinous,Economic Offences,Criminal Breach of Trust,Closed,13.24827,77.5135
3672,100010001202403672,Bengaluru City,1,2024-12-06,2024,12,19,Evening (6PM-12AM),FIR,Non-Heinous,Crimes Against Property,Theft,Under Investigation,12.92764,77.62548
3673,100240001202603673,Kodagu,1,2026-02-01,2026,2,11,Morning (6AM-12PM),FIR,Non-Heinous,Crimes Against Property,Dacoity,Under Investigation,12.36394,75.7881
3674,400110004202603674,Davanagere,4,2026-12-03,2026,12,0,Night (12AM-6AM),UDR,Non-Heinous,Cyber Crime,Phishing,Under Investigation,14.46868,75.87884
3675,100160004202603675,Udupi,4,2026-09-01,2026,9,9,Morning (6AM-12PM),FIR,Non-Heinous,Crimes Against Women,Dowry Harassment,Under Investigation,13.3902,74.75714
3676,100230004202403676,Chamarajanagar,4,2024-03-10,2024,3,16,Afternoon (12PM-6PM),FIR,Heinous,Narcotics,NDPS Trafficking,Under Investigation,11.98439,76.90456
3677,100170002202503677,Kolar,2,2025-01-10,2025,1,8,Morning (6AM-12PM),FIR,Non-Heinous,Economic Offences,Criminal Breach of Trust,Under Investigation,13.0234,78.10523
3678,100110001202403678,Davanagere,1,2024-02-26,2024,2,6,Morning (6AM-12PM),FIR,Non-Heinous,Crimes Against Body,Grievous Hurt,Under Investigation,14.47469,75.925
3679,100280003202503679,Haveri,3,2025-03-27,2025,3,19,Evening (6PM-12AM),FIR,Non-Heinous,Crimes Against Property,Theft,Charge Sheeted,14.83793,75.48504
3680,100050001202403680,Belagavi,1,2024-08-25,2024,8,15,Afternoon (12PM-6PM),FIR,Non-Heinous,Crimes Against Property,Burglary,Under Investigation,15.9227,74.4859
3681,100050003202303681,Belagavi,3,2023-03-12,2023,3,9,Morning (6AM-12PM),FIR,Non-Heinous,Crimes Against Property,Burglary,Charge Sheeted,15.82934,74.48509
3682,100010002202403682,Bengaluru City,2,2024-08-24,2024,8,16,Afternoon (12PM-6PM),FIR,Non-Heinous,Crimes Against Property,Theft,Under Investigation,12.82119,77.6075
3683,700250004202303683,Ramanagara,4,2023-10-17,2023,10,12,Afternoon (12PM-6PM),Zero FIR,Non-Heinous,Crimes Against Property,Burglary,Under Investigation,12.72473,77.19152
3684,100030003202403684,Mysuru,3,2024-10-26,2024,10,12,Afternoon (12PM-6PM),FIR,Non-Heinous,Crimes Against Body,Murder,False Case,12.33073,76.66515
3685,100190004202503685,Hassan,4,2025-09-18,2025,9,23,Evening (6PM-12AM),PAR,Non-Heinous,Crimes Against Property,Robbery,Under Investigation,13.03262,76.00556
3686,100080003202503686,Ballari,3,2025-01-25,2025,1,22,Evening (6PM-12AM),FIR,Heinous,Crimes Against Women,Molestation,Under Investigation,15.06615,76.89575
3687,100020004202203687,Bengaluru Rural,4,2022-09-13,2022,9,12,Afternoon (12PM-6PM),FIR,Heinous,Crimes Against Body,Attempt to Murder,Undetected,13.27742,77.63172
3688,100240001202503688,Kodagu,1,2025-09-19,2025,9,15,Afternoon (12PM-6PM),FIR,Non-Heinous,Cyber Crime,Identity Theft,Under Investigation,12.36288,75.81458
3689,100160001202603689,Udupi,1,2026-01-02,2026,1,5,Night (12AM-6AM),FIR,Heinous,Crimes Against Women,Dowry Harassment,Under Investigation,13.3868,74.68626
3690,100050003202603690,Belagavi,3,2026-05-14,2026,5,4,Night (12AM-6AM),FIR,Non-Heinous,Public Order,Rioting,Under Investigation,15.88424,74.35877
3691,100050001202603691,Belagavi,1,2026-12-21,2026,12,8,Morning (6AM-12PM),FIR,Non-Heinous,Economic Offences,Forgery,Under Investigation,15.92792,74.51039
3692,100040004202503692,Mangaluru (Dakshina Kannada),4,2025-09-01,2025,9,4,Night (12AM-6AM),FIR,Non-Heinous,Crimes Against Women,Dowry Harassment,Under Investigation,12.82564,74.92099
3693,700150002202203693,Chikkamagaluru,2,2022-02-16,2022,2,6,Morning (6AM-12PM),Zero FIR,Non-Heinous,Crimes Against Body,Assault,Closed,13.35907,75.77884
3694,400140003202603694,Bidar,3,2026-01-11,2026,1,23,Evening (6PM-12AM),UDR,Non-Heinous,Crimes Against Body,Assault,Charge Sheeted,17.77517,77.41752
3695,100050003202503695,Belagavi,3,2025-07-18,2025,7,6,Morning (6AM-12PM),FIR,Non-Heinous,Crimes Against Women,Molestation,Charge Sheeted,15.87671,74.47015
3696,100270001202403696,Bagalkot,1,2024-06-27,2024,6,22,Evening (6PM-12AM),FIR,Heinous,Crimes Against Body,Murder,Closed,16.14951,75.67269
3697,100190001202303697,Hassan,1,2023-05-02,2023,5,16,Afternoon (12PM-6PM),FIR,Non-Heinous,Crimes Against Property,Burglary,Under Investigation,13.06578,76.1282
3698,100040004202503698,Mangaluru (Dakshina Kannada),4,2025-04-18,2025,4,11,Morning (6AM-12PM),FIR,Non-Heinous,Cyber Crime,Cyberstalking,Charge Sheeted,12.92964,74.82257
3699,100010002202403699,Bengaluru City,2,2024-05-07,2024,5,10,Morning (6AM-12PM),PAR,Non-Heinous,Economic Offences,Cheating,Closed,13.03647,77.59499
3700,100240003202603700,Kodagu,3,2026-09-08,2026,9,13,Afternoon (12PM-6PM),FIR,Non-Heinous,Crimes Against Body,Assault,Closed,12.32979,75.82093
3701,100120003202403701,Vijayapura,3,2024-06-02,2024,6,20,Evening (6PM-12AM),FIR,Heinous,Crimes Against Women,Molestation,Undetected,16.87932,75.66356
3702,100060001202203702,Kalaburagi,1,2022-04-07,2022,4,12,Afternoon (12PM-6PM),FIR,Non-Heinous,Crimes Against Property,Robbery,Undetected,17.31429,76.7997
3703,100230001202303703,Chamarajanagar,1,2023-09-12,2023,9,19,Evening (6PM-12AM),PAR,Heinous,Crimes Against Women,Dowry Harassment,False Case,11.86093,76.87888
3704,700010002202603704,Bengaluru City,2,2026-06-11,2026,6,5,Night (12AM-6AM),Zero FIR,Non-Heinous,Crimes Against Women,Dowry Harassment,Charge Sheeted,12.96161,77.64379
3705,100120001202603705,Vijayapura,1,2026-04-13,2026,4,22,Evening (6PM-12AM),FIR,Heinous,Crimes Against Women,Sexual Assault,Under Investigation,16.93227,75.6995
3706,100160002202403706,Udupi,2,2024-10-16,2024,10,3,Night (12AM-6AM),FIR,Non-Heinous,Crimes Against Property,Robbery,False Case,13.37132,74.77168
3707,100070003202503707,Hubballi-Dharwad,3,2025-07-08,2025,7,6,Morning (6AM-12PM),FIR,Non-Heinous,Crimes Against Property,Burglary,Charge Sheeted,15.18836,75.15327
3708,700130003202303708,Raichur,3,2023-03-05,2023,3,6,Morning (6AM-12PM),Zero FIR,Non-Heinous,Crimes Against Property,Burglary,Under Investigation,16.2813,77.22709
3709,100240003202503709,Kodagu,3,2025-07-17,2025,7,10,Morning (6AM-12PM),FIR,Non-Heinous,Cyber Crime,Phishing,False Case,12.39293,75.80665
3710,700160003202603710,Udupi,3,2026-07-25,2026,7,21,Evening (6PM-12AM),Zero FIR,Non-Heinous,Economic Offences,Cheating,Closed,13.18931,74.73645
3711,100020003202403711,Bengaluru Rural,3,2024-08-26,2024,8,11,Morning (6AM-12PM),FIR,Heinous,Crimes Against Women,Dowry Harassment,Undetected,13.22189,77.52228
3712,100050002202503712,Belagavi,2,2025-04-25,2025,4,13,Afternoon (12PM-6PM),FIR,Non-Heinous,Cyber Crime,Online Fraud,Under Investigation,15.8329,74.3319
3713,100010001202303713,Bengaluru City,1,2023-03-12,2023,3,4,Night (12AM-6AM),FIR,Heinous,Crimes Against Women,Domestic Violence,Charge Sheeted,12.93068,77.54949
3714,100030001202603714,Mysuru,1,2026-09-07,2026,9,20,Evening (6PM-12AM),FIR,Non-Heinous,Crimes Against Body,Grievous Hurt,Closed,12.32426,76.67564
3715,100110001202403715,Davanagere,1,2024-10-02,2024,10,5,Night (12AM-6AM),FIR,Non-Heinous,Economic Offences,Cheating,Under Investigation,14.43024,75.84986
3716,100030001202203716,Mysuru,1,2022-10-04,2022,10,18,Evening (6PM-12AM),FIR,Non-Heinous,Crimes Against Body,Murder,Charge Sheeted,12.30754,76.61209
3717,100190002202603717,Hassan,2,2026-09-07,2026,9,4,Night (12AM-6AM),FIR,Non-Heinous,Crimes Against Women,Sexual Assault,Charge Sheeted,12.96155,76.11332
3718,100070004202303718,Hubballi-Dharwad,4,2023-10-24,2023,10,15,Afternoon (12PM-6PM),FIR,Non-Heinous,Crimes Against Women,Molestation,Charge Sheeted,15.2548,75.12661
3719,100250004202503719,Ramanagara,4,2025-09-03,2025,9,15,Afternoon (12PM-6PM),FIR,Heinous,Crimes Against Body,Attempt to Murder,Under Investigation,12.62497,77.26818
3720,100130004202303720,Raichur,4,2023-04-06,2023,4,19,Evening (6PM-12AM),PAR,Heinous,Crimes Against Women,Domestic Violence,False Case,16.18526,77.36024
3721,100070004202503721,Hubballi-Dharwad,4,2025-08-23,2025,8,9,Morning (6AM-12PM),FIR,Non-Heinous,Narcotics,NDPS Possession,Charge Sheeted,15.46746,75.11616
3722,100280002202303722,Haveri,2,2023-10-23,2023,10,21,Evening (6PM-12AM),FIR,Non-Heinous,Crimes Against Property,Robbery,Undetected,14.70482,75.42933
3723,100020003202603723,Bengaluru Rural,3,2026-08-04,2026,8,18,Evening (6PM-12AM),FIR,Non-Heinous,Narcotics,NDPS Possession,Closed,13.23112,77.4847
3724,100030003202603724,Mysuru,3,2026-11-19,2026,11,15,Afternoon (12PM-6PM),FIR,Non-Heinous,Economic Offences,Criminal Breach of Trust,Undetected,12.33819,76.66474
3725,100010002202203725,Bengaluru City,2,2022-08-07,2022,8,22,Evening (6PM-12AM),FIR,Non-Heinous,Crimes Against Body,Murder,Closed,12.88216,77.65598
3726,100290001202603726,Gadag,1,2026-10-19,2026,10,20,Evening (6PM-12AM),FIR,Non-Heinous,Crimes Against Property,Theft,False Case,15.4405,75.56225
3727,100070003202603727,Hubballi-Dharwad,3,2026-10-02,2026,10,4,Night (12AM-6AM),FIR,Non-Heinous,Cyber Crime,Phishing,Charge Sheeted,15.32946,75.07564
3728,100090004202603728,Tumakuru,4,2026-09-26,2026,9,9,Morning (6AM-12PM),PAR,Non-Heinous,Crimes Against Body,Attempt to Murder,Charge Sheeted,13.27669,77.13014
3729,100090003202603729,Tumakuru,3,2026-09-06,2026,9,17,Afternoon (12PM-6PM),FIR,Non-Heinous,Crimes Against Women,Molestation,Charge Sheeted,13.28589,77.06688
3730,100090004202603730,Tumakuru,4,2026-08-08,2026,8,6,Morning (6AM-12PM),FIR,Non-Heinous,Crimes Against Property,Theft,Closed,13.3926,77.10892
3731,100300003202303731,Uttara Kannada,3,2023-06-20,2023,6,22,Evening (6PM-12AM),FIR,Non-Heinous,Crimes Against Property,Burglary,Charge Sheeted,14.83214,74.58661
3732,100010003202203732,Bengaluru City,3,2022-02-27,2022,2,20,Evening (6PM-12AM),FIR,Non-Heinous,Crimes Against Property,Dacoity,Closed,12.97848,77.56646
3733,100090004202603733,Tumakuru,4,2026-09-20,2026,9,1,Night (12AM-6AM),FIR,Non-Heinous,Economic Offences,Criminal Breach of Trust,Charge Sheeted,13.38257,77.09597
3734,700020003202403734,Bengaluru Rural,3,2024-02-02,2024,2,9,Morning (6AM-12PM),Zero FIR,Non-Heinous,Crimes Against Property,Robbery,Closed,13.19339,77.52163
3735,100080001202403735,Ballari,1,2024-01-11,2024,1,15,Afternoon (12PM-6PM),FIR,Non-Heinous,Crimes Against Body,Attempt to Murder,Under Investigation,15.04663,76.80555
3736,100160004202603736,Udupi,4,2026-05-08,2026,5,21,Evening (6PM-12AM),FIR,Non-Heinous,Economic Offences,Forgery,Closed,13.2225,74.69801
3737,400010004202303737,Bengaluru City,4,2023-10-17,2023,10,11,Morning (6AM-12PM),UDR,Non-Heinous,Crimes Against Body,Murder,Charge Sheeted,12.94126,77.49191
3738,100040003202503738,Mangaluru (Dakshina Kannada),3,2025-07-01,2025,7,12,Afternoon (12PM-6PM),FIR,Heinous,Crimes Against Body,Assault,Closed,12.92942,74.85458
3739,100190001202603739,Hassan,1,2026-10-24,2026,10,16,Afternoon (12PM-6PM),PAR,Non-Heinous,Crimes Against Property,Robbery,Closed,12.98834,76.09613
3740,100220001202503740,Yadgir,1,2025-06-16,2025,6,12,Afternoon (12PM-6PM),FIR,Non-Heinous,Crimes Against Property,Robbery,Under Investigation,16.79149,77.18802
3741,100230004202503741,Chamarajanagar,4,2025-03-19,2025,3,4,Night (12AM-6AM),FIR,Non-Heinous,Crimes Against Body,Attempt to Murder,Closed,12.00279,76.95188
3742,100010004202203742,Bengaluru City,4,2022-03-13,2022,3,20,Evening (6PM-12AM),FIR,Non-Heinous,Crimes Against Property,Robbery,Charge Sheeted,13.01631,77.64059
3743,700030003202303743,Mysuru,3,2023-12-19,2023,12,10,Morning (6AM-12PM),Zero FIR,Non-Heinous,Cyber Crime,Online Fraud,Closed,12.24567,76.64546
3744,100220001202303744,Yadgir,1,2023-10-21,2023,10,0,Night (12AM-6AM),FIR,Heinous,Crimes Against Body,Assault,Under Investigation,16.80548,77.12413
3745,100060004202403745,Kalaburagi,4,2024-07-20,2024,7,12,Afternoon (12PM-6PM),FIR,Non-Heinous,Public Order,Rioting,Under Investigation,17.26862,76.847
3746,100030002202403746,Mysuru,2,2024-05-20,2024,5,7,Morning (6AM-12PM),FIR,Non-Heinous,Crimes Against Women,Dowry Harassment,Under Investigation,12.27563,76.61584
3747,400020002202503747,Bengaluru Rural,2,2025-12-09,2025,12,22,Evening (6PM-12AM),UDR,Non-Heinous,Crimes Against Property,Dacoity,Charge Sheeted,13.24121,77.37157
3748,100250003202603748,Ramanagara,3,2026-08-09,2026,8,13,Afternoon (12PM-6PM),FIR,Non-Heinous,Crimes Against Women,Domestic Violence,Closed,12.63364,77.24444
3749,100290002202603749,Gadag,2,2026-06-22,2026,6,18,Evening (6PM-12AM),FIR,Non-Heinous,Cyber Crime,Phishing,False Case,15.42631,75.59593
3750,100130003202603750,Raichur,3,2026-05-25,2026,5,11,Morning (6AM-12PM),FIR,Non-Heinous,Crimes Against Property,Robbery,Charge Sheeted,16.19384,77.38373
3751,100030001202603751,Mysuru,1,2026-03-08,2026,3,3,Night (12AM-6AM),FIR,Non-Heinous,Crimes Against Body,Assault,Undetected,12.24162,76.55111
3752,100030003202403752,Mysuru,3,2024-12-03,2024,12,23,Evening (6PM-12AM),FIR,Heinous,Crimes Against Women,Dowry Harassment,Under Investigation,12.3571,76.55831
3753,100110003202203753,Davanagere,3,2022-12-19,2022,12,22,Evening (6PM-12AM),FIR,Non-Heinous,Crimes Against Body,Attempt to Murder,Under Investigation,14.49811,75.95969
3754,100190004202303754,Hassan,4,2023-02-06,2023,2,2,Night (12AM-6AM),FIR,Heinous,Crimes Against Women,Molestation,Closed,12.92268,76.10227
3755,100040001202603755,Mangaluru (Dakshina Kannada),1,2026-07-14,2026,7,7,Morning (6AM-12PM),FIR,Heinous,Crimes Against Body,Assault,Charge Sheeted,12.96721,74.7276
3756,100110004202603756,Davanagere,4,2026-07-22,2026,7,5,Night (12AM-6AM),FIR,Non-Heinous,Crimes Against Body,Assault,Undetected,14.4172,75.97579
3757,100040002202303757,Mangaluru (Dakshina Kannada),2,2023-09-11,2023,9,4,Night (12AM-6AM),FIR,Non-Heinous,Crimes Against Body,Grievous Hurt,Closed,12.89316,74.88377
3758,100100003202403758,Shivamogga,3,2024-08-13,2024,8,14,Afternoon (12PM-6PM),FIR,Non-Heinous,Crimes Against Property,Robbery,Under Investigation,14.03239,75.56347
3759,400170004202603759,Kolar,4,2026-09-15,2026,9,13,Afternoon (12PM-6PM),UDR,Non-Heinous,Crimes Against Body,Attempt to Murder,Undetected,13.28617,78.1266
3760,100140004202503760,Bidar,4,2025-01-26,2025,1,20,Evening (6PM-12AM),PAR,Non-Heinous,Crimes Against Property,Theft,Charge Sheeted,17.97142,77.50557
3761,100020001202503761,Bengaluru Rural,1,2025-10-19,2025,10,10,Morning (6AM-12PM),FIR,Non-Heinous,Crimes Against Women,Domestic Violence,Under Investigation,13.38152,77.54408
3762,100070001202403762,Hubballi-Dharwad,1,2024-06-09,2024,6,7,Morning (6AM-12PM),FIR,Heinous,Crimes Against Body,Murder,Charge Sheeted,15.33615,75.16555
3763,100020001202503763,Bengaluru Rural,1,2025-03-14,2025,3,10,Morning (6AM-12PM),FIR,Non-Heinous,Crimes Against Property,Burglary,Charge Sheeted,13.26294,77.47865
3764,100020003202603764,Bengaluru Rural,3,2026-02-18,2026,2,20,Evening (6PM-12AM),FIR,Non-Heinous,Crimes Against Property,Theft,Under Investigation,13.30539,77.55297
3765,100130004202303765,Raichur,4,2023-06-15,2023,6,5,Night (12AM-6AM),PAR,Non-Heinous,Crimes Against Women,Sexual Assault,Under Investigation,16.00112,77.28768
3766,100020003202303766,Bengaluru Rural,3,2023-01-19,2023,1,7,Morning (6AM-12PM),FIR,Non-Heinous,Crimes Against Body,Assault,Under Investigation,13.27598,77.53172
3767,100160001202503767,Udupi,1,2025-04-07,2025,4,22,Evening (6PM-12AM),FIR,Non-Heinous,Public Order,Unlawful Assembly,Charge Sheeted,13.36199,74.83999
3768,100040004202503768,Mangaluru (Dakshina Kannada),4,2025-11-05,2025,11,7,Morning (6AM-12PM),FIR,Non-Heinous,Crimes Against Property,Burglary,Undetected,12.87132,74.95302
3769,100050001202603769,Belagavi,1,2026-01-18,2026,1,21,Evening (6PM-12AM),FIR,Heinous,Crimes Against Body,Attempt to Murder,Charge Sheeted,15.85481,74.532
3770,100230001202603770,Chamarajanagar,1,2026-03-08,2026,3,5,Night (12AM-6AM),FIR,Non-Heinous,Crimes Against Women,Sexual Assault,Closed,11.92639,76.96599
3771,100120001202403771,Vijayapura,1,2024-07-21,2024,7,0,Night (12AM-6AM),FIR,Heinous,Narcotics,NDPS Possession,Charge Sheeted,16.84909,75.75633
3772,100220001202503772,Yadgir,1,2025-10-16,2025,10,12,Afternoon (12PM-6PM),FIR,Non-Heinous,Crimes Against Body,Murder,Under Investigation,16.78148,77.24652
3773,100060002202303773,Kalaburagi,2,2023-04-18,2023,4,7,Morning (6AM-12PM),FIR,Heinous,Crimes Against Body,Assault,Under Investigation,17.27759,76.83613
3774,700170004202603774,Kolar,4,2026-10-18,2026,10,18,Evening (6PM-12AM),Zero FIR,Non-Heinous,Crimes Against Property,Robbery,Under Investigation,13.03032,78.06942
3775,100250001202303775,Ramanagara,1,2023-12-04,2023,12,17,Afternoon (12PM-6PM),FIR,Non-Heinous,Narcotics,NDPS Trafficking,False Case,12.75541,77.29859
3776,100040003202503776,Mangaluru (Dakshina Kannada),3,2025-02-13,2025,2,20,Evening (6PM-12AM),FIR,Non-Heinous,Crimes Against Body,Grievous Hurt,Charge Sheeted,12.83457,74.81634
3777,100050002202503777,Belagavi,2,2025-01-13,2025,1,3,Night (12AM-6AM),FIR,Non-Heinous,Crimes Against Women,Domestic Violence,Charge Sheeted,15.9018,74.55672
3778,100270003202603778,Bagalkot,3,2026-01-12,2026,1,4,Night (12AM-6AM),FIR,Non-Heinous,Crimes Against Property,Robbery,Under Investigation,16.16493,75.69545
3779,100070003202403779,Hubballi-Dharwad,3,2024-09-16,2024,9,8,Morning (6AM-12PM),PAR,Non-Heinous,Economic Offences,Cheating,Charge Sheeted,15.30014,75.05687
3780,100020004202403780,Bengaluru Rural,4,2024-09-08,2024,9,19,Evening (6PM-12AM),FIR,Non-Heinous,Economic Offences,Cheating,False Case,13.33955,77.46985
3781,100220004202503781,Yadgir,4,2025-03-24,2025,3,7,Morning (6AM-12PM),FIR,Heinous,Crimes Against Women,Domestic Violence,Under Investigation,16.72717,77.10922
3782,100200003202203782,Chitradurga,3,2022-09-26,2022,9,14,Afternoon (12PM-6PM),FIR,Non-Heinous,Crimes Against Body,Assault,Undetected,14.2909,76.38965
3783,700050003202503783,Belagavi,3,2025-02-08,2025,2,0,Night (12AM-6AM),Zero FIR,Non-Heinous,Crimes Against Property,Burglary,Charge Sheeted,15.81827,74.55581
3784,100250002202503784,Ramanagara,2,2025-08-02,2025,8,5,Night (12AM-6AM),FIR,Heinous,Crimes Against Women,Dowry Harassment,Under Investigation,12.64986,77.27115
3785,100020004202303785,Bengaluru Rural,4,2023-03-25,2023,3,12,Afternoon (12PM-6PM),FIR,Non-Heinous,Economic Offences,Criminal Breach of Trust,Under Investigation,13.22067,77.62025
3786,100030004202503786,Mysuru,4,2025-04-07,2025,4,3,Night (12AM-6AM),FIR,Heinous,Crimes Against Women,Molestation,Closed,12.26516,76.70063
3787,100060001202603787,Kalaburagi,1,2026-12-23,2026,12,9,Morning (6AM-12PM),FIR,Heinous,Crimes Against Women,Domestic Violence,Charge Sheeted,17.40881,76.92606
3788,100250003202503788,Ramanagara,3,2025-06-02,2025,6,16,Afternoon (12PM-6PM),FIR,Non-Heinous,Economic Offences,Cheating,Charge Sheeted,12.78978,77.24871
3789,100040001202403789,Mangaluru (Dakshina Kannada),1,2024-02-24,2024,2,10,Morning (6AM-12PM),FIR,Non-Heinous,Crimes Against Property,Robbery,False Case,13.03161,74.8828
3790,400220004202203790,Yadgir,4,2022-05-19,2022,5,16,Afternoon (12PM-6PM),UDR,Non-Heinous,Crimes Against Women,Dowry Harassment,Charge Sheeted,16.84919,77.13616
3791,100290004202303791,Gadag,4,2023-12-02,2023,12,9,Morning (6AM-12PM),FIR,Non-Heinous,Economic Offences,Criminal Breach of Trust,Undetected,15.39133,75.66222
3792,100030003202403792,Mysuru,3,2024-05-12,2024,5,8,Morning (6AM-12PM),FIR,Non-Heinous,Crimes Against Property,Burglary,Undetected,12.24873,76.63812
3793,100020001202603793,Bengaluru Rural,1,2026-07-14,2026,7,2,Night (12AM-6AM),FIR,Non-Heinous,Economic Offences,Forgery,Under Investigation,13.33225,77.51592
3794,100160004202603794,Udupi,4,2026-03-14,2026,3,15,Afternoon (12PM-6PM),FIR,Non-Heinous,Crimes Against Property,Robbery,False Case,13.3272,74.82026
3795,100220002202303795,Yadgir,2,2023-05-14,2023,5,1,Night (12AM-6AM),FIR,Non-Heinous,Crimes Against Body,Murder,Charge Sheeted,16.77805,77.11824
3796,100080004202603796,Ballari,4,2026-08-10,2026,8,11,Morning (6AM-12PM),FIR,Non-Heinous,Crimes Against Body,Murder,Closed,15.14893,77.00114
3797,100060003202503797,Kalaburagi,3,2025-06-27,2025,6,10,Morning (6AM-12PM),FIR,Non-Heinous,Crimes Against Women,Dowry Harassment,Charge Sheeted,17.27752,76.91922
3798,100020004202603798,Bengaluru Rural,4,2026-08-07,2026,8,21,Evening (6PM-12AM),FIR,Non-Heinous,Cyber Crime,Cyberstalking,Closed,13.24076,77.54127
3799,100070004202303799,Hubballi-Dharwad,4,2023-07-02,2023,7,22,Evening (6PM-12AM),FIR,Non-Heinous,Crimes Against Women,Sexual Assault,Charge Sheeted,15.32239,75.1637
3800,100140002202403800,Bidar,2,2024-05-04,2024,5,13,Afternoon (12PM-6PM),FIR,Non-Heinous,Crimes Against Body,Attempt to Murder,Under Investigation,17.84705,77.65036
3801,100240003202303801,Kodagu,3,2023-02-17,2023,2,21,Evening (6PM-12AM),FIR,Non-Heinous,Narcotics,NDPS Trafficking,Undetected,12.33653,75.7548
3802,100030003202403802,Mysuru,3,2024-10-11,2024,10,16,Afternoon (12PM-6PM),FIR,Heinous,Crimes Against Body,Attempt to Murder,Charge Sheeted,12.26927,76.55286
3803,400090001202603803,Tumakuru,1,2026-10-26,2026,10,8,Morning (6AM-12PM),UDR,Non-Heinous,Crimes Against Body,Attempt to Murder,Under Investigation,13.30834,77.12906
3804,100220001202303804,Yadgir,1,2023-10-05,2023,10,5,Night (12AM-6AM),FIR,Non-Heinous,Crimes Against Property,Robbery,Charge Sheeted,16.68173,77.18428
3805,100280002202203805,Haveri,2,2022-10-26,2022,10,23,Evening (6PM-12AM),FIR,Non-Heinous,Crimes Against Body,Assault,Under Investigation,14.78152,75.33936
3806,100010001202403806,Bengaluru City,1,2024-02-18,2024,2,21,Evening (6PM-12AM),FIR,Non-Heinous,Crimes Against Body,Attempt to Murder,False Case,13.09734,77.66547
3807,100180003202403807,Mandya,3,2024-09-01,2024,9,12,Afternoon (12PM-6PM),FIR,Heinous,Crimes Against Women,Dowry Harassment,Under Investigation,12.67196,76.85386
3808,100140003202303808,Bidar,3,2023-10-24,2023,10,11,Morning (6AM-12PM),FIR,Non-Heinous,Cyber Crime,Online Fraud,Charge Sheeted,17.90654,77.53522
3809,100270004202203809,Bagalkot,4,2022-05-26,2022,5,12,Afternoon (12PM-6PM),FIR,Non-Heinous,Cyber Crime,Online Fraud,Charge Sheeted,16.25254,75.60569
3810,100230002202403810,Chamarajanagar,2,2024-01-20,2024,1,16,Afternoon (12PM-6PM),FIR,Non-Heinous,Crimes Against Property,Dacoity,Under Investigation,11.95167,76.95613
3811,100080002202603811,Ballari,2,2026-06-01,2026,6,17,Afternoon (12PM-6PM),FIR,Non-Heinous,Crimes Against Property,Burglary,Under Investigation,15.15576,76.83199
3812,100090001202203812,Tumakuru,1,2022-04-05,2022,4,2,Night (12AM-6AM),FIR,Non-Heinous,Crimes Against Property,Burglary,Closed,13.32019,77.17924
3813,700040004202603813,Mangaluru (Dakshina Kannada),4,2026-06-19,2026,6,20,Evening (6PM-12AM),Zero FIR,Non-Heinous,Crimes Against Property,Burglary,Charge Sheeted,12.86974,74.92892
3814,100250004202203814,Ramanagara,4,2022-06-22,2022,6,13,Afternoon (12PM-6PM),FIR,Heinous,Crimes Against Body,Assault,Under Investigation,12.71467,77.24487
3815,100110003202203815,Davanagere,3,2022-09-01,2022,9,3,Night (12AM-6AM),FIR,Non-Heinous,Crimes Against Body,Grievous Hurt,Under Investigation,14.50351,75.9626
3816,100090004202503816,Tumakuru,4,2025-02-02,2025,2,9,Morning (6AM-12PM),FIR,Non-Heinous,Crimes Against Property,Theft,False Case,13.34,77.10847
3817,400190003202603817,Hassan,3,2026-11-22,2026,11,21,Evening (6PM-12AM),UDR,Non-Heinous,Crimes Against Property,Robbery,Charge Sheeted,12.94868,76.09183
3818,100070001202303818,Hubballi-Dharwad,1,2023-11-17,2023,11,5,Night (12AM-6AM),PAR,Non-Heinous,Public Order,Unlawful Assembly,Closed,15.43991,75.03817
3819,100040004202603819,Mangaluru (Dakshina Kannada),4,2026-08-10,2026,8,7,Morning (6AM-12PM),FIR,Non-Heinous,Crimes Against Property,Dacoity,Charge Sheeted,12.97507,74.90552
3820,100030002202303820,Mysuru,2,2023-11-25,2023,11,23,Evening (6PM-12AM),FIR,Non-Heinous,Crimes Against Women,Domestic Violence,Under Investigation,12.24579,76.57775
3821,400270004202603821,Bagalkot,4,2026-05-24,2026,5,11,Morning (6AM-12PM),UDR,Non-Heinous,Crimes Against Body,Murder,Under Investigation,16.20279,75.62151
3822,100120002202303822,Vijayapura,2,2023-10-26,2023,10,15,Afternoon (12PM-6PM),PAR,Non-Heinous,Crimes Against Women,Molestation,Closed,16.98544,75.74303
3823,100040003202303823,Mangaluru (Dakshina Kannada),3,2023-02-19,2023,2,16,Afternoon (12PM-6PM),FIR,Non-Heinous,Crimes Against Women,Domestic Violence,Closed,12.8452,74.9438
3824,100040004202603824,Mangaluru (Dakshina Kannada),4,2026-12-08,2026,12,15,Afternoon (12PM-6PM),PAR,Non-Heinous,Crimes Against Women,Sexual Assault,Under Investigation,12.92399,74.92325
3825,100090002202303825,Tumakuru,2,2023-11-08,2023,11,9,Morning (6AM-12PM),FIR,Heinous,Narcotics,NDPS Trafficking,Charge Sheeted,13.3371,77.13611
3826,700220002202203826,Yadgir,2,2022-11-07,2022,11,20,Evening (6PM-12AM),Zero FIR,Non-Heinous,Crimes Against Women,Domestic Violence,Charge Sheeted,16.78064,77.17053
3827,700110003202503827,Davanagere,3,2025-02-08,2025,2,10,Morning (6AM-12PM),Zero FIR,Non-Heinous,Crimes Against Property,Dacoity,Under Investigation,14.36922,75.77628
3828,100010004202403828,Bengaluru City,4,2024-02-05,2024,2,10,Morning (6AM-12PM),FIR,Non-Heinous,Crimes Against Women,Dowry Harassment,False Case,12.99381,77.58917
3829,100010004202303829,Bengaluru City,4,2023-10-06,2023,10,3,Night (12AM-6AM),FIR,Heinous,Crimes Against Body,Attempt to Murder,Closed,13.11903,77.66299
3830,100020004202303830,Bengaluru Rural,4,2023-01-13,2023,1,13,Afternoon (12PM-6PM),FIR,Non-Heinous,Crimes Against Women,Sexual Assault,Under Investigation,13.32477,77.4212
3831,100130004202603831,Raichur,4,2026-04-02,2026,4,18,Evening (6PM-12AM),FIR,Non-Heinous,Crimes Against Women,Molestation,Undetected,16.29021,77.2725
3832,100200001202503832,Chitradurga,1,2025-12-21,2025,12,0,Night (12AM-6AM),FIR,Non-Heinous,Crimes Against Women,Sexual Assault,Charge Sheeted,14.23383,76.38592
3833,100190003202503833,Hassan,3,2025-05-26,2025,5,0,Night (12AM-6AM),FIR,Non-Heinous,Crimes Against Property,Burglary,Undetected,12.95871,76.11169
3834,100090004202603834,Tumakuru,4,2026-09-09,2026,9,19,Evening (6PM-12AM),FIR,Heinous,Crimes Against Body,Murder,Under Investigation,13.18031,77.04273
3835,100280004202403835,Haveri,4,2024-05-19,2024,5,7,Morning (6AM-12PM),FIR,Non-Heinous,Crimes Against Women,Sexual Assault,False Case,14.8393,75.35145
3836,100020003202503836,Bengaluru Rural,3,2025-09-13,2025,9,2,Night (12AM-6AM),FIR,Non-Heinous,Narcotics,NDPS Trafficking,Under Investigation,13.24983,77.65002
3837,100060001202403837,Kalaburagi,1,2024-12-24,2024,12,21,Evening (6PM-12AM),FIR,Non-Heinous,Crimes Against Women,Molestation,Under Investigation,17.25398,76.87986
3838,100210001202503838,Koppal,1,2025-01-02,2025,1,16,Afternoon (12PM-6PM),FIR,Non-Heinous,Crimes Against Property,Robbery,Charge Sheeted,15.26794,76.21689
3839,100140004202403839,Bidar,4,2024-02-17,2024,2,17,Afternoon (12PM-6PM),FIR,Non-Heinous,Crimes Against Body,Grievous Hurt,Undetected,17.81425,77.52381
3840,100240003202203840,Kodagu,3,2022-09-17,2022,9,14,Afternoon (12PM-6PM),FIR,Heinous,Crimes Against Women,Domestic Violence,Closed,12.30936,75.81939
3841,100230002202203841,Chamarajanagar,2,2022-07-01,2022,7,10,Morning (6AM-12PM),FIR,Heinous,Crimes Against Body,Assault,False Case,11.88242,76.86723
3842,100170001202403842,Kolar,1,2024-01-10,2024,1,6,Morning (6AM-12PM),FIR,Non-Heinous,Crimes Against Property,Dacoity,Charge Sheeted,13.16397,78.07908
3843,100110002202503843,Davanagere,2,2025-07-27,2025,7,17,Afternoon (12PM-6PM),FIR,Non-Heinous,Cyber Crime,Identity Theft,Charge Sheeted,14.37619,75.88326
3844,100020004202303844,Bengaluru Rural,4,2023-02-12,2023,2,0,Night (12AM-6AM),FIR,Non-Heinous,Crimes Against Property,Theft,Closed,13.25098,77.51511
3845,100230001202303845,Chamarajanagar,1,2023-09-19,2023,9,14,Afternoon (12PM-6PM),FIR,Non-Heinous,Crimes Against Property,Theft,Under Investigation,11.89862,76.90169
3846,100180004202503846,Mandya,4,2025-09-09,2025,9,3,Night (12AM-6AM),FIR,Heinous,Crimes Against Body,Attempt to Murder,Under Investigation,12.48322,76.8453
3847,100240001202403847,Kodagu,1,2024-07-22,2024,7,13,Afternoon (12PM-6PM),PAR,Non-Heinous,Economic Offences,Forgery,Closed,12.30067,75.72029
3848,100200001202603848,Chitradurga,1,2026-07-20,2026,7,6,Morning (6AM-12PM),FIR,Non-Heinous,Crimes Against Women,Domestic Violence,Charge Sheeted,14.26075,76.44528
3849,100190001202303849,Hassan,1,2023-02-22,2023,2,12,Afternoon (12PM-6PM),FIR,Non-Heinous,Public Order,Rioting,Under Investigation,13.00511,76.16638
3850,400050002202403850,Belagavi,2,2024-12-20,2024,12,4,Night (12AM-6AM),UDR,Non-Heinous,Crimes Against Property,Burglary,Under Investigation,15.75181,74.51029
3851,700090004202503851,Tumakuru,4,2025-08-22,2025,8,12,Afternoon (12PM-6PM),Zero FIR,Non-Heinous,Crimes Against Body,Assault,Undetected,13.35329,77.20932
3852,100160003202303852,Udupi,3,2023-02-11,2023,2,21,Evening (6PM-12AM),PAR,Non-Heinous,Crimes Against Women,Molestation,Closed,13.37935,74.78768
3853,100090003202503853,Tumakuru,3,2025-02-10,2025,2,6,Morning (6AM-12PM),FIR,Heinous,Crimes Against Women,Domestic Violence,Charge Sheeted,13.31681,77.04426
3854,100030001202303854,Mysuru,1,2023-03-08,2023,3,14,Afternoon (12PM-6PM),FIR,Heinous,Crimes Against Body,Assault,Closed,12.34363,76.6169
3855,100290003202603855,Gadag,3,2026-08-27,2026,8,1,Night (12AM-6AM),FIR,Non-Heinous,Cyber Crime,Phishing,Charge Sheeted,15.49936,75.5476
3856,100110002202203856,Davanagere,2,2022-05-24,2022,5,9,Morning (6AM-12PM),PAR,Non-Heinous,Crimes Against Property,Burglary,Charge Sheeted,14.54099,75.97577
3857,100010002202203857,Bengaluru City,2,2022-12-18,2022,12,14,Afternoon (12PM-6PM),FIR,Non-Heinous,Crimes Against Property,Burglary,Under Investigation,12.90898,77.55317
3858,100020001202303858,Bengaluru Rural,1,2023-09-11,2023,9,23,Evening (6PM-12AM),FIR,Non-Heinous,Crimes Against Property,Burglary,Closed,13.21888,77.67088
3859,100190002202203859,Hassan,2,2022-09-04,2022,9,14,Afternoon (12PM-6PM),FIR,Non-Heinous,Economic Offences,Criminal Breach of Trust,Under Investigation,13.07173,76.04278
3860,100050001202403860,Belagavi,1,2024-05-21,2024,5,15,Afternoon (12PM-6PM),FIR,Non-Heinous,Crimes Against Property,Burglary,Closed,15.93322,74.58145
3861,100050003202503861,Belagavi,3,2025-03-04,2025,3,2,Night (12AM-6AM),FIR,Heinous,Crimes Against Body,Murder,Charge Sheeted,15.93675,74.53742
3862,100190003202603862,Hassan,3,2026-12-06,2026,12,13,Afternoon (12PM-6PM),FIR,Non-Heinous,Public Order,Rioting,Undetected,12.9726,76.10216
3863,100030001202203863,Mysuru,1,2022-03-02,2022,3,16,Afternoon (12PM-6PM),FIR,Non-Heinous,Economic Offences,Criminal Breach of Trust,Closed,12.28055,76.72179
3864,100050003202303864,Belagavi,3,2023-01-20,2023,1,0,Night (12AM-6AM),FIR,Non-Heinous,Crimes Against Women,Domestic Violence,Charge Sheeted,15.85364,74.45766
3865,400190004202403865,Hassan,4,2024-06-17,2024,6,7,Morning (6AM-12PM),UDR,Heinous,Crimes Against Body,Attempt to Murder,Closed,12.92576,76.14409
3866,400130004202503866,Raichur,4,2025-12-03,2025,12,8,Morning (6AM-12PM),UDR,Non-Heinous,Crimes Against Property,Burglary,Undetected,16.25439,77.38733
3867,100230001202603867,Chamarajanagar,1,2026-04-24,2026,4,9,Morning (6AM-12PM),FIR,Non-Heinous,Economic Offences,Forgery,Under Investigation,11.93576,76.86456
3868,100110002202503868,Davanagere,2,2025-04-17,2025,4,13,Afternoon (12PM-6PM),FIR,Non-Heinous,Crimes Against Women,Molestation,Charge Sheeted,14.38482,75.94399
3869,100130003202503869,Raichur,3,2025-11-13,2025,11,19,Evening (6PM-12AM),FIR,Heinous,Crimes Against Women,Molestation,Under Investigation,16.0915,77.37091
3870,100270004202603870,Bagalkot,4,2026-09-20,2026,9,4,Night (12AM-6AM),FIR,Heinous,Crimes Against Women,Dowry Harassment,Charge Sheeted,16.14311,75.61121
3871,100110001202203871,Davanagere,1,2022-03-14,2022,3,13,Afternoon (12PM-6PM),PAR,Non-Heinous,Narcotics,NDPS Possession,Under Investigation,14.39354,75.98989
3872,700130004202403872,Raichur,4,2024-09-21,2024,9,0,Night (12AM-6AM),Zero FIR,Heinous,Narcotics,NDPS Possession,Charge Sheeted,16.21289,77.33343
3873,100050003202503873,Belagavi,3,2025-07-27,2025,7,4,Night (12AM-6AM),FIR,Non-Heinous,Crimes Against Body,Attempt to Murder,Under Investigation,15.83549,74.53651
3874,100110004202603874,Davanagere,4,2026-01-07,2026,1,3,Night (12AM-6AM),PAR,Heinous,Crimes Against Body,Assault,Under Investigation,14.37114,75.98384
3875,100140003202603875,Bidar,3,2026-10-24,2026,10,8,Morning (6AM-12PM),FIR,Non-Heinous,Economic Offences,Forgery,Charge Sheeted,18.00289,77.48039
3876,100040001202203876,Mangaluru (Dakshina Kannada),1,2022-10-06,2022,10,22,Evening (6PM-12AM),FIR,Non-Heinous,Crimes Against Property,Robbery,Charge Sheeted,12.94161,74.82646
3877,100030002202603877,Mysuru,2,2026-12-06,2026,12,8,Morning (6AM-12PM),FIR,Non-Heinous,Crimes Against Property,Burglary,Under Investigation,12.31432,76.62513
3878,100160002202403878,Udupi,2,2024-02-05,2024,2,10,Morning (6AM-12PM),FIR,Heinous,Crimes Against Women,Molestation,Under Investigation,13.37491,74.7617
3879,700020003202603879,Bengaluru Rural,3,2026-12-09,2026,12,15,Afternoon (12PM-6PM),Zero FIR,Non-Heinous,Crimes Against Property,Burglary,False Case,13.4933,77.52385
3880,100010002202603880,Bengaluru City,2,2026-05-05,2026,5,8,Morning (6AM-12PM),FIR,Non-Heinous,Crimes Against Women,Molestation,Charge Sheeted,13.04007,77.56574
3881,100290001202403881,Gadag,1,2024-12-09,2024,12,13,Afternoon (12PM-6PM),PAR,Non-Heinous,Crimes Against Property,Burglary,Under Investigation,15.3896,75.62259
3882,100090003202303882,Tumakuru,3,2023-03-08,2023,3,18,Evening (6PM-12AM),FIR,Non-Heinous,Crimes Against Property,Theft,Under Investigation,13.16996,77.08909
3883,100190002202303883,Hassan,2,2023-04-20,2023,4,12,Afternoon (12PM-6PM),FIR,Non-Heinous,Economic Offences,Cheating,Charge Sheeted,13.02398,76.04962
3884,100170004202603884,Kolar,4,2026-12-03,2026,12,15,Afternoon (12PM-6PM),FIR,Heinous,Crimes Against Women,Sexual Assault,Under Investigation,13.15775,78.09979
3885,100060003202603885,Kalaburagi,3,2026-05-06,2026,5,11,Morning (6AM-12PM),FIR,Heinous,Narcotics,NDPS Possession,Charge Sheeted,17.31298,76.83636
3886,100150002202603886,Chikkamagaluru,2,2026-08-05,2026,8,21,Evening (6PM-12AM),FIR,Non-Heinous,Crimes Against Property,Robbery,Undetected,13.32204,75.70138
3887,100120003202303887,Vijayapura,3,2023-05-10,2023,5,21,Evening (6PM-12AM),FIR,Non-Heinous,Cyber Crime,Online Fraud,Under Investigation,16.77393,75.70988
3888,100090001202203888,Tumakuru,1,2022-06-13,2022,6,15,Afternoon (12PM-6PM),FIR,Non-Heinous,Economic Offences,Cheating,Under Investigation,13.38316,77.04841
3889,100140001202303889,Bidar,1,2023-06-07,2023,6,8,Morning (6AM-12PM),FIR,Non-Heinous,Crimes Against Property,Burglary,Charge Sheeted,17.91426,77.52805
3890,100230002202203890,Chamarajanagar,2,2022-01-22,2022,1,18,Evening (6PM-12AM),FIR,Non-Heinous,Crimes Against Property,Robbery,Under Investigation,12.02308,77.02469
3891,100250004202203891,Ramanagara,4,2022-06-17,2022,6,16,Afternoon (12PM-6PM),FIR,Non-Heinous,Economic Offences,Criminal Breach of Trust,Charge Sheeted,12.74139,77.28095
3892,100060003202303892,Kalaburagi,3,2023-02-13,2023,2,4,Night (12AM-6AM),FIR,Non-Heinous,Crimes Against Body,Attempt to Murder,Under Investigation,17.27742,76.84012
3893,400190001202303893,Hassan,1,2023-01-19,2023,1,6,Morning (6AM-12PM),UDR,Non-Heinous,Economic Offences,Criminal Breach of Trust,Closed,13.05792,76.19336
3894,100040001202403894,Mangaluru (Dakshina Kannada),1,2024-05-16,2024,5,23,Evening (6PM-12AM),PAR,Non-Heinous,Narcotics,NDPS Trafficking,Under Investigation,12.90706,74.77747
3895,400050002202403895,Belagavi,2,2024-01-21,2024,1,20,Evening (6PM-12AM),UDR,Non-Heinous,Crimes Against Women,Dowry Harassment,Under Investigation,15.87124,74.42025
3896,100050004202503896,Belagavi,4,2025-11-18,2025,11,14,Afternoon (12PM-6PM),FIR,Non-Heinous,Crimes Against Property,Robbery,Under Investigation,15.78128,74.5034
3897,100070003202503897,Hubballi-Dharwad,3,2025-02-20,2025,2,10,Morning (6AM-12PM),FIR,Non-Heinous,Economic Offences,Cheating,Under Investigation,15.3626,75.10632
3898,100040004202403898,Mangaluru (Dakshina Kannada),4,2024-06-07,2024,6,8,Morning (6AM-12PM),FIR,Non-Heinous,Crimes Against Property,Burglary,Charge Sheeted,12.95884,74.9142
3899,100240003202403899,Kodagu,3,2024-03-23,2024,3,10,Morning (6AM-12PM),FIR,Non-Heinous,Public Order,Rioting,Under Investigation,12.40265,75.79717
3900,100190001202303900,Hassan,1,2023-07-11,2023,7,7,Morning (6AM-12PM),FIR,Non-Heinous,Crimes Against Body,Assault,Charge Sheeted,13.01269,76.10556
3901,100090003202303901,Tumakuru,3,2023-06-01,2023,6,13,Afternoon (12PM-6PM),PAR,Heinous,Crimes Against Women,Sexual Assault,Charge Sheeted,13.32156,77.09465
3902,700180003202203902,Mandya,3,2022-05-05,2022,5,19,Evening (6PM-12AM),Zero FIR,Non-Heinous,Crimes Against Property,Robbery,Under Investigation,12.52925,76.9259
3903,400230002202203903,Chamarajanagar,2,2022-04-20,2022,4,5,Night (12AM-6AM),UDR,Non-Heinous,Crimes Against Property,Dacoity,Under Investigation,11.93645,77.02993
3904,100070004202303904,Hubballi-Dharwad,4,2023-05-20,2023,5,20,Evening (6PM-12AM),FIR,Non-Heinous,Crimes Against Property,Robbery,Under Investigation,15.48292,75.11552
3905,100020003202303905,Bengaluru Rural,3,2023-09-24,2023,9,2,Night (12AM-6AM),FIR,Non-Heinous,Economic Offences,Cheating,Under Investigation,13.2961,77.56582
3906,400190003202503906,Hassan,3,2025-06-12,2025,6,9,Morning (6AM-12PM),UDR,Heinous,Crimes Against Body,Murder,Charge Sheeted,13.008,76.02225
3907,100040002202403907,Mangaluru (Dakshina Kannada),2,2024-03-02,2024,3,16,Afternoon (12PM-6PM),FIR,Non-Heinous,Cyber Crime,Online Fraud,False Case,13.0581,74.84195
3908,100240003202503908,Kodagu,3,2025-12-13,2025,12,10,Morning (6AM-12PM),FIR,Heinous,Narcotics,NDPS Possession,Undetected,12.33418,75.85867
3909,100270003202303909,Bagalkot,3,2023-01-03,2023,1,1,Night (12AM-6AM),PAR,Non-Heinous,Economic Offences,Criminal Breach of Trust,Under Investigation,16.12504,75.64639
3910,100020004202303910,Bengaluru Rural,4,2023-08-08,2023,8,10,Morning (6AM-12PM),FIR,Non-Heinous,Public Order,Unlawful Assembly,Charge Sheeted,13.23935,77.57417
3911,100050001202403911,Belagavi,1,2024-12-11,2024,12,6,Morning (6AM-12PM),FIR,Non-Heinous,Crimes Against Property,Theft,Under Investigation,15.80351,74.37329
3912,100120001202503912,Vijayapura,1,2025-02-09,2025,2,2,Night (12AM-6AM),FIR,Non-Heinous,Crimes Against Property,Robbery,False Case,16.72912,75.67512
3913,100010001202603913,Bengaluru City,1,2026-03-20,2026,3,13,Afternoon (12PM-6PM),FIR,Non-Heinous,Crimes Against Property,Theft,Under Investigation,12.96366,77.53438
3914,100030004202403914,Mysuru,4,2024-02-22,2024,2,22,Evening (6PM-12AM),FIR,Non-Heinous,Crimes Against Property,Theft,Charge Sheeted,12.39481,76.63195
3915,100060003202503915,Kalaburagi,3,2025-07-22,2025,7,23,Evening (6PM-12AM),FIR,Non-Heinous,Crimes Against Property,Dacoity,False Case,17.28941,76.87856
3916,100050004202203916,Belagavi,4,2022-07-09,2022,7,22,Evening (6PM-12AM),FIR,Non-Heinous,Economic Offences,Criminal Breach of Trust,Charge Sheeted,15.85509,74.40954
3917,100240004202303917,Kodagu,4,2023-06-25,2023,6,5,Night (12AM-6AM),FIR,Non-Heinous,Crimes Against Women,Dowry Harassment,Charge Sheeted,12.45073,75.81811
3918,100090002202603918,Tumakuru,2,2026-07-23,2026,7,5,Night (12AM-6AM),FIR,Non-Heinous,Public Order,Unlawful Assembly,Charge Sheeted,13.44312,77.07428
3919,100050003202203919,Belagavi,3,2022-12-26,2022,12,15,Afternoon (12PM-6PM),FIR,Non-Heinous,Economic Offences,Forgery,Under Investigation,15.81218,74.52659
3920,400020003202603920,Bengaluru Rural,3,2026-11-08,2026,11,5,Night (12AM-6AM),UDR,Non-Heinous,Economic Offences,Cheating,Charge Sheeted,13.3068,77.67196
3921,100050004202603921,Belagavi,4,2026-05-04,2026,5,20,Evening (6PM-12AM),FIR,Heinous,Crimes Against Body,Grievous Hurt,Closed,15.88363,74.59388
3922,100030002202603922,Mysuru,2,2026-10-17,2026,10,4,Night (12AM-6AM),FIR,Non-Heinous,Crimes Against Women,Dowry Harassment,Undetected,12.30943,76.66416
3923,100190001202203923,Hassan,1,2022-01-11,2022,1,16,Afternoon (12PM-6PM),PAR,Non-Heinous,Crimes Against Property,Robbery,Charge Sheeted,13.08149,76.06208
3924,400170004202603924,Kolar,4,2026-11-02,2026,11,8,Morning (6AM-12PM),UDR,Non-Heinous,Crimes Against Women,Dowry Harassment,Closed,13.15132,78.10624
3925,100020003202603925,Bengaluru Rural,3,2026-09-09,2026,9,13,Afternoon (12PM-6PM),FIR,Non-Heinous,Economic Offences,Cheating,Under Investigation,13.18806,77.546
3926,100050004202203926,Belagavi,4,2022-08-17,2022,8,16,Afternoon (12PM-6PM),FIR,Non-Heinous,Crimes Against Property,Theft,Under Investigation,15.79722,74.5811
3927,100080001202503927,Ballari,1,2025-07-22,2025,7,23,Evening (6PM-12AM),FIR,Non-Heinous,Crimes Against Women,Dowry Harassment,Under Investigation,15.02478,76.95772
3928,100190004202303928,Hassan,4,2023-06-12,2023,6,1,Night (12AM-6AM),FIR,Heinous,Crimes Against Women,Sexual Assault,Under Investigation,12.99827,76.09172
3929,700050003202603929,Belagavi,3,2026-03-03,2026,3,17,Afternoon (12PM-6PM),Zero FIR,Heinous,Crimes Against Women,Dowry Harassment,Charge Sheeted,15.82514,74.49427
3930,100120004202603930,Vijayapura,4,2026-04-04,2026,4,3,Night (12AM-6AM),FIR,Non-Heinous,Crimes Against Body,Assault,Charge Sheeted,16.82705,75.61068
3931,700270001202403931,Bagalkot,1,2024-09-19,2024,9,22,Evening (6PM-12AM),Zero FIR,Non-Heinous,Cyber Crime,Online Fraud,Charge Sheeted,16.20741,75.70452
3932,400050002202303932,Belagavi,2,2023-07-25,2023,7,14,Afternoon (12PM-6PM),UDR,Heinous,Crimes Against Women,Dowry Harassment,Charge Sheeted,15.755,74.51228
3933,100030004202203933,Mysuru,4,2022-10-01,2022,10,0,Night (12AM-6AM),FIR,Heinous,Crimes Against Body,Grievous Hurt,Closed,12.28877,76.7164
3934,100030003202503934,Mysuru,3,2025-07-03,2025,7,15,Afternoon (12PM-6PM),FIR,Heinous,Crimes Against Body,Grievous Hurt,Closed,12.22727,76.62813
3935,400080001202503935,Ballari,1,2025-08-07,2025,8,19,Evening (6PM-12AM),UDR,Heinous,Narcotics,NDPS Possession,Charge Sheeted,15.16756,76.87804
3936,100220004202503936,Yadgir,4,2025-02-08,2025,2,19,Evening (6PM-12AM),FIR,Heinous,Crimes Against Women,Sexual Assault,Charge Sheeted,16.73319,77.18924
3937,100080004202303937,Ballari,4,2023-01-01,2023,1,9,Morning (6AM-12PM),FIR,Heinous,Crimes Against Body,Grievous Hurt,Under Investigation,15.17066,76.9431
3938,100140004202403938,Bidar,4,2024-04-22,2024,4,9,Morning (6AM-12PM),PAR,Non-Heinous,Cyber Crime,Identity Theft,Under Investigation,17.82367,77.47417
3939,100020003202203939,Bengaluru Rural,3,2022-12-07,2022,12,12,Afternoon (12PM-6PM),FIR,Non-Heinous,Crimes Against Property,Burglary,Under Investigation,13.18308,77.47721
3940,700250003202603940,Ramanagara,3,2026-04-12,2026,4,1,Night (12AM-6AM),Zero FIR,Heinous,Crimes Against Body,Attempt to Murder,Under Investigation,12.68361,77.21943
3941,100130003202503941,Raichur,3,2025-02-13,2025,2,0,Night (12AM-6AM),FIR,Non-Heinous,Crimes Against Property,Theft,Charge Sheeted,16.26434,77.38022
3942,100130004202203942,Raichur,4,2022-10-11,2022,10,14,Afternoon (12PM-6PM),FIR,Heinous,Crimes Against Women,Molestation,Under Investigation,16.22582,77.3211
3943,100020001202203943,Bengaluru Rural,1,2022-02-21,2022,2,12,Afternoon (12PM-6PM),FIR,Non-Heinous,Crimes Against Property,Dacoity,Under Investigation,13.22939,77.60847
3944,700030003202203944,Mysuru,3,2022-09-16,2022,9,15,Afternoon (12PM-6PM),Zero FIR,Non-Heinous,Crimes Against Property,Dacoity,Charge Sheeted,12.32229,76.6596
3945,100190001202503945,Hassan,1,2025-03-08,2025,3,19,Evening (6PM-12AM),FIR,Non-Heinous,Crimes Against Property,Dacoity,False Case,13.00403,76.08481
3946,100190004202203946,Hassan,4,2022-12-11,2022,12,17,Afternoon (12PM-6PM),FIR,Non-Heinous,Crimes Against Property,Theft,Charge Sheeted,12.93568,76.00955
3947,100120002202603947,Vijayapura,2,2026-01-14,2026,1,1,Night (12AM-6AM),FIR,Non-Heinous,Crimes Against Property,Burglary,Under Investigation,16.78694,75.6365
3948,100170003202303948,Kolar,3,2023-12-09,2023,12,3,Night (12AM-6AM),FIR,Non-Heinous,Crimes Against Body,Attempt to Murder,Charge Sheeted,13.25497,78.08332
3949,100140002202503949,Bidar,2,2025-12-25,2025,12,23,Evening (6PM-12AM),FIR,Heinous,Crimes Against Body,Attempt to Murder,Under Investigation,17.91007,77.51018
3950,100300001202603950,Uttara Kannada,1,2026-10-17,2026,10,12,Afternoon (12PM-6PM),FIR,Non-Heinous,Economic Offences,Forgery,Charge Sheeted,14.72601,74.72424
3951,100130003202203951,Raichur,3,2022-07-06,2022,7,4,Night (12AM-6AM),FIR,Non-Heinous,Cyber Crime,Identity Theft,Undetected,16.20426,77.32822
3952,100010002202503952,Bengaluru City,2,2025-08-18,2025,8,5,Night (12AM-6AM),FIR,Non-Heinous,Crimes Against Body,Attempt to Murder,Under Investigation,13.10779,77.62427
3953,700080002202403953,Ballari,2,2024-07-26,2024,7,22,Evening (6PM-12AM),Zero FIR,Non-Heinous,Cyber Crime,Phishing,Undetected,15.17574,76.90297
3954,100050003202403954,Belagavi,3,2024-05-23,2024,5,12,Afternoon (12PM-6PM),FIR,Non-Heinous,Economic Offences,Criminal Breach of Trust,Closed,15.87292,74.4629
3955,100240004202203955,Kodagu,4,2022-02-25,2022,2,4,Night (12AM-6AM),FIR,Non-Heinous,Crimes Against Property,Robbery,Under Investigation,12.23906,75.7694
3956,100130002202403956,Raichur,2,2024-01-16,2024,1,21,Evening (6PM-12AM),FIR,Heinous,Crimes Against Women,Dowry Harassment,Under Investigation,16.19134,77.38923
3957,100280001202503957,Haveri,1,2025-12-27,2025,12,19,Evening (6PM-12AM),FIR,Non-Heinous,Crimes Against Property,Theft,Under Investigation,14.76726,75.4602
3958,100040004202303958,Mangaluru (Dakshina Kannada),4,2023-05-06,2023,5,5,Night (12AM-6AM),PAR,Non-Heinous,Economic Offences,Criminal Breach of Trust,Charge Sheeted,12.85365,74.76109
3959,100050003202603959,Belagavi,3,2026-05-17,2026,5,12,Afternoon (12PM-6PM),FIR,Non-Heinous,Crimes Against Body,Assault,Charge Sheeted,15.91569,74.43511
3960,100230003202303960,Chamarajanagar,3,2023-03-03,2023,3,5,Night (12AM-6AM),FIR,Non-Heinous,Crimes Against Property,Theft,Under Investigation,11.89183,76.93542
3961,100020002202403961,Bengaluru Rural,2,2024-02-13,2024,2,18,Evening (6PM-12AM),FIR,Non-Heinous,Crimes Against Body,Attempt to Murder,False Case,13.30618,77.53746
3962,100160001202503962,Udupi,1,2025-12-13,2025,12,16,Afternoon (12PM-6PM),FIR,Non-Heinous,Economic Offences,Forgery,Under Investigation,13.31514,74.8186
3963,100080004202603963,Ballari,4,2026-04-19,2026,4,9,Morning (6AM-12PM),FIR,Non-Heinous,Economic Offences,Cheating,Charge Sheeted,15.086,76.73991
3964,100010002202303964,Bengaluru City,2,2023-03-16,2023,3,13,Afternoon (12PM-6PM),PAR,Non-Heinous,Crimes Against Women,Dowry Harassment,Charge Sheeted,12.93218,77.57885
3965,100130004202603965,Raichur,4,2026-04-17,2026,4,21,Evening (6PM-12AM),FIR,Non-Heinous,Crimes Against Property,Robbery,False Case,16.17029,77.25395
3966,100250003202503966,Ramanagara,3,2025-07-26,2025,7,23,Evening (6PM-12AM),FIR,Non-Heinous,Economic Offences,Criminal Breach of Trust,Under Investigation,12.74269,77.35052
3967,100140004202503967,Bidar,4,2025-02-27,2025,2,9,Morning (6AM-12PM),PAR,Non-Heinous,Economic Offences,Criminal Breach of Trust,Charge Sheeted,17.90352,77.39851
3968,100040002202203968,Mangaluru (Dakshina Kannada),2,2022-06-08,2022,6,18,Evening (6PM-12AM),FIR,Non-Heinous,Crimes Against Property,Theft,False Case,12.78005,74.83562
3969,100020003202203969,Bengaluru Rural,3,2022-09-19,2022,9,9,Morning (6AM-12PM),PAR,Non-Heinous,Crimes Against Body,Attempt to Murder,Charge Sheeted,13.27604,77.50202
3970,100090004202203970,Tumakuru,4,2022-12-17,2022,12,4,Night (12AM-6AM),FIR,Non-Heinous,Cyber Crime,Online Fraud,Closed,13.51569,77.16349
3971,100180001202303971,Mandya,1,2023-08-23,2023,8,14,Afternoon (12PM-6PM),FIR,Non-Heinous,Crimes Against Property,Theft,Under Investigation,12.5439,76.85396
3972,100070004202503972,Hubballi-Dharwad,4,2025-07-21,2025,7,4,Night (12AM-6AM),FIR,Non-Heinous,Economic Offences,Forgery,Closed,15.36519,75.1929
3973,100020003202403973,Bengaluru Rural,3,2024-04-04,2024,4,10,Morning (6AM-12PM),FIR,Non-Heinous,Crimes Against Body,Grievous Hurt,Undetected,13.25793,77.42513
3974,100080002202603974,Ballari,2,2026-06-09,2026,6,18,Evening (6PM-12AM),FIR,Non-Heinous,Cyber Crime,Online Fraud,Under Investigation,15.12353,76.99916
3975,100110003202603975,Davanagere,3,2026-06-16,2026,6,7,Morning (6AM-12PM),FIR,Heinous,Crimes Against Body,Grievous Hurt,Closed,14.30292,76.02973
3976,100030003202303976,Mysuru,3,2023-01-04,2023,1,7,Morning (6AM-12PM),FIR,Heinous,Crimes Against Women,Dowry Harassment,Charge Sheeted,12.28324,76.71708
3977,100050002202403977,Belagavi,2,2024-09-15,2024,9,16,Afternoon (12PM-6PM),FIR,Non-Heinous,Crimes Against Property,Burglary,Under Investigation,15.82431,74.48836
3978,100210003202503978,Koppal,3,2025-07-08,2025,7,13,Afternoon (12PM-6PM),FIR,Heinous,Crimes Against Women,Molestation,Closed,15.21886,76.18337
3979,700050003202303979,Belagavi,3,2023-08-07,2023,8,1,Night (12AM-6AM),Zero FIR,Non-Heinous,Crimes Against Property,Robbery,Under Investigation,15.86076,74.55513
3980,100070002202203980,Hubballi-Dharwad,2,2022-01-04,2022,1,15,Afternoon (12PM-6PM),FIR,Heinous,Crimes Against Women,Domestic Violence,Under Investigation,15.45758,75.09314
3981,100050002202603981,Belagavi,2,2026-09-06,2026,9,15,Afternoon (12PM-6PM),FIR,Non-Heinous,Crimes Against Body,Attempt to Murder,Under Investigation,15.7245,74.41968
3982,100130004202403982,Raichur,4,2024-06-14,2024,6,4,Night (12AM-6AM),FIR,Non-Heinous,Crimes Against Body,Attempt to Murder,Under Investigation,16.23608,77.34735
3983,100150002202603983,Chikkamagaluru,2,2026-11-03,2026,11,6,Morning (6AM-12PM),FIR,Non-Heinous,Cyber Crime,Cyberstalking,Under Investigation,13.37201,75.75964
3984,100050002202303984,Belagavi,2,2023-12-16,2023,12,5,Night (12AM-6AM),FIR,Heinous,Crimes Against Body,Murder,Under Investigation,15.85322,74.5226
3985,100110004202503985,Davanagere,4,2025-09-19,2025,9,15,Afternoon (12PM-6PM),FIR,Non-Heinous,Crimes Against Body,Assault,Charge Sheeted,14.38934,75.92022
3986,100050001202203986,Belagavi,1,2022-10-19,2022,10,1,Night (12AM-6AM),FIR,Non-Heinous,Economic Offences,Criminal Breach of Trust,Charge Sheeted,15.87743,74.48218
3987,100020001202603987,Bengaluru Rural,1,2026-05-09,2026,5,16,Afternoon (12PM-6PM),FIR,Non-Heinous,Cyber Crime,Cyberstalking,False Case,13.26699,77.62315
3988,400030003202203988,Mysuru,3,2022-12-07,2022,12,2,Night (12AM-6AM),UDR,Non-Heinous,Crimes Against Property,Robbery,Charge Sheeted,12.41111,76.6554
3989,100250004202503989,Ramanagara,4,2025-09-08,2025,9,0,Night (12AM-6AM),FIR,Non-Heinous,Economic Offences,Criminal Breach of Trust,Closed,12.73123,77.26286
3990,100170001202503990,Kolar,1,2025-12-14,2025,12,0,Night (12AM-6AM),FIR,Non-Heinous,Cyber Crime,Online Fraud,Under Investigation,13.19883,78.06145
3991,100200004202503991,Chitradurga,4,2025-08-26,2025,8,12,Afternoon (12PM-6PM),FIR,Non-Heinous,Crimes Against Property,Robbery,Charge Sheeted,14.23919,76.47703
3992,100080003202203992,Ballari,3,2022-02-02,2022,2,4,Night (12AM-6AM),FIR,Heinous,Crimes Against Body,Murder,Closed,15.27052,77.00036
3993,100150003202303993,Chikkamagaluru,3,2023-12-27,2023,12,17,Afternoon (12PM-6PM),FIR,Non-Heinous,Cyber Crime,Cyberstalking,Closed,13.24704,75.76785
3994,100050003202203994,Belagavi,3,2022-09-07,2022,9,14,Afternoon (12PM-6PM),FIR,Non-Heinous,Crimes Against Property,Dacoity,Closed,15.86681,74.49644
3995,100010003202503995,Bengaluru City,3,2025-12-19,2025,12,15,Afternoon (12PM-6PM),FIR,Non-Heinous,Economic Offences,Cheating,Closed,12.97229,77.58259
3996,100230003202303996,Chamarajanagar,3,2023-06-19,2023,6,11,Morning (6AM-12PM),FIR,Non-Heinous,Cyber Crime,Online Fraud,False Case,11.94623,76.94725
3997,100040003202503997,Mangaluru (Dakshina Kannada),3,2025-07-17,2025,7,16,Afternoon (12PM-6PM),FIR,Non-Heinous,Cyber Crime,Phishing,Undetected,12.91598,74.85007
3998,100230004202503998,Chamarajanagar,4,2025-03-09,2025,3,18,Evening (6PM-12AM),FIR,Non-Heinous,Crimes Against Property,Dacoity,Under Investigation,11.9296,76.9971
3999,400090001202303999,Tumakuru,1,2023-10-09,2023,10,15,Afternoon (12PM-6PM),UDR,Non-Heinous,Economic Offences,Forgery,Charge Sheeted,13.35491,77.14281
4000,100250004202504000,Ramanagara,4,2025-11-10,2025,11,15,Afternoon (12PM-6PM),FIR,Non-Heinous,Economic Offences,Cheating,Charge Sheeted,12.7095,77.25278
4001,100050002202204001,Belagavi,2,2022-01-27,2022,1,2,Night (12AM-6AM),PAR,Non-Heinous,Crimes Against Property,Dacoity,Charge Sheeted,15.80548,74.45587
4002,100030002202404002,Mysuru,2,2024-06-14,2024,6,12,Afternoon (12PM-6PM),FIR,Non-Heinous,Crimes Against Property,Robbery,Closed,12.29123,76.61599
4003,100080002202604003,Ballari,2,2026-02-14,2026,2,15,Afternoon (12PM-6PM),FIR,Heinous,Crimes Against Body,Grievous Hurt,Charge Sheeted,15.21278,76.88195
4004,100200001202504004,Chitradurga,1,2025-07-04,2025,7,11,Morning (6AM-12PM),FIR,Heinous,Crimes Against Women,Dowry Harassment,Under Investigation,14.23925,76.43826
4005,100040002202604005,Mangaluru (Dakshina Kannada),2,2026-08-13,2026,8,1,Night (12AM-6AM),FIR,Non-Heinous,Cyber Crime,Identity Theft,False Case,12.86784,74.90879
4006,400100002202604006,Shivamogga,2,2026-12-26,2026,12,13,Afternoon (12PM-6PM),UDR,Non-Heinous,Economic Offences,Cheating,Closed,13.92107,75.544
4007,100070002202504007,Hubballi-Dharwad,2,2025-04-02,2025,4,10,Morning (6AM-12PM),FIR,Non-Heinous,Economic Offences,Criminal Breach of Trust,Under Investigation,15.4817,75.10061
4008,100020001202404008,Bengaluru Rural,1,2024-12-03,2024,12,11,Morning (6AM-12PM),FIR,Non-Heinous,Cyber Crime,Phishing,False Case,13.4513,77.45672
4009,100260001202604009,Chikkaballapur,1,2026-02-19,2026,2,0,Night (12AM-6AM),FIR,Non-Heinous,Crimes Against Property,Theft,Under Investigation,13.35604,77.78487
4010,100040003202404010,Mangaluru (Dakshina Kannada),3,2024-02-21,2024,2,17,Afternoon (12PM-6PM),FIR,Non-Heinous,Crimes Against Property,Burglary,Closed,12.83401,74.75267
4011,100050003202404011,Belagavi,3,2024-01-07,2024,1,1,Night (12AM-6AM),FIR,Non-Heinous,Crimes Against Property,Dacoity,Closed,15.85543,74.52153
4012,100110003202604012,Davanagere,3,2026-06-12,2026,6,8,Morning (6AM-12PM),FIR,Heinous,Crimes Against Body,Murder,Closed,14.59701,75.85649
4013,100220001202404013,Yadgir,1,2024-11-22,2024,11,17,Afternoon (12PM-6PM),FIR,Non-Heinous,Public Order,Unlawful Assembly,Under Investigation,16.7773,76.99797
4014,700080004202504014,Ballari,4,2025-12-06,2025,12,18,Evening (6PM-12AM),Zero FIR,Non-Heinous,Economic Offences,Forgery,Charge Sheeted,15.11048,76.95331
4015,100100002202304015,Shivamogga,2,2023-12-08,2023,12,8,Morning (6AM-12PM),FIR,Non-Heinous,Crimes Against Body,Attempt to Murder,Under Investigation,13.90118,75.55166
4016,100030002202504016,Mysuru,2,2025-09-09,2025,9,8,Morning (6AM-12PM),FIR,Non-Heinous,Crimes Against Body,Assault,Charge Sheeted,12.28314,76.70937
4017,100050003202504017,Belagavi,3,2025-11-15,2025,11,3,Night (12AM-6AM),PAR,Non-Heinous,Crimes Against Body,Assault,Charge Sheeted,15.87123,74.54807
4018,100060002202504018,Kalaburagi,2,2025-05-20,2025,5,19,Evening (6PM-12AM),FIR,Non-Heinous,Crimes Against Property,Dacoity,Undetected,17.314,76.84838
4019,400050001202404019,Belagavi,1,2024-03-26,2024,3,23,Evening (6PM-12AM),UDR,Heinous,Crimes Against Body,Attempt to Murder,Undetected,15.79869,74.50123
4020,100280001202404020,Haveri,1,2024-08-25,2024,8,23,Evening (6PM-12AM),FIR,Non-Heinous,Economic Offences,Cheating,Under Investigation,14.73949,75.38732
4021,100010003202604021,Bengaluru City,3,2026-04-22,2026,4,2,Night (12AM-6AM),FIR,Non-Heinous,Crimes Against Property,Robbery,Under Investigation,12.95886,77.52844
4022,100020004202404022,Bengaluru Rural,4,2024-10-14,2024,10,1,Night (12AM-6AM),FIR,Heinous,Crimes Against Women,Sexual Assault,Charge Sheeted,13.31279,77.44239
4023,100100002202204023,Shivamogga,2,2022-09-22,2022,9,16,Afternoon (12PM-6PM),FIR,Non-Heinous,Crimes Against Property,Dacoity,Under Investigation,13.88241,75.57122
4024,100030004202604024,Mysuru,4,2026-01-23,2026,1,6,Morning (6AM-12PM),PAR,Non-Heinous,Crimes Against Women,Domestic Violence,Charge Sheeted,12.2586,76.64622
4025,100050003202504025,Belagavi,3,2025-01-10,2025,1,19,Evening (6PM-12AM),PAR,Heinous,Crimes Against Body,Attempt to Murder,Undetected,15.85854,74.57649
4026,100110004202304026,Davanagere,4,2023-03-15,2023,3,23,Evening (6PM-12AM),FIR,Non-Heinous,Cyber Crime,Phishing,Charge Sheeted,14.494,75.82346
4027,100050001202204027,Belagavi,1,2022-06-14,2022,6,15,Afternoon (12PM-6PM),FIR,Heinous,Crimes Against Women,Domestic Violence,Under Investigation,15.91656,74.57592
4028,100180002202504028,Mandya,2,2025-11-03,2025,11,12,Afternoon (12PM-6PM),FIR,Non-Heinous,Crimes Against Women,Dowry Harassment,Undetected,12.61189,76.77314
4029,100140002202504029,Bidar,2,2025-02-25,2025,2,5,Night (12AM-6AM),FIR,Non-Heinous,Crimes Against Property,Dacoity,Under Investigation,17.85372,77.54046
4030,100160002202404030,Udupi,2,2024-12-02,2024,12,4,Night (12AM-6AM),FIR,Non-Heinous,Crimes Against Body,Assault,Under Investigation,13.27238,74.7737
4031,400130003202204031,Raichur,3,2022-07-06,2022,7,20,Evening (6PM-12AM),UDR,Heinous,Crimes Against Women,Dowry Harassment,Undetected,16.26396,77.39651
4032,100220002202504032,Yadgir,2,2025-04-23,2025,4,1,Night (12AM-6AM),FIR,Non-Heinous,Economic Offences,Criminal Breach of Trust,Closed,16.78705,77.14858
4033,100110004202404033,Davanagere,4,2024-06-08,2024,6,16,Afternoon (12PM-6PM),FIR,Non-Heinous,Crimes Against Body,Grievous Hurt,Closed,14.45738,75.92007
4034,100060003202504034,Kalaburagi,3,2025-07-01,2025,7,7,Morning (6AM-12PM),FIR,Non-Heinous,Crimes Against Property,Burglary,Under Investigation,17.31269,76.83367
4035,100240004202404035,Kodagu,4,2024-10-06,2024,10,22,Evening (6PM-12AM),FIR,Non-Heinous,Crimes Against Women,Molestation,Under Investigation,12.32501,75.79224
4036,100230004202204036,Chamarajanagar,4,2022-01-23,2022,1,15,Afternoon (12PM-6PM),FIR,Non-Heinous,Economic Offences,Cheating,Under Investigation,11.8979,76.93661
4037,100040001202604037,Mangaluru (Dakshina Kannada),1,2026-05-18,2026,5,15,Afternoon (12PM-6PM),FIR,Non-Heinous,Crimes Against Women,Sexual Assault,Under Investigation,12.92543,74.84462
4038,100050002202504038,Belagavi,2,2025-11-08,2025,11,6,Morning (6AM-12PM),FIR,Non-Heinous,Crimes Against Property,Dacoity,False Case,15.76705,74.46233
4039,100040003202204039,Mangaluru (Dakshina Kannada),3,2022-03-09,2022,3,21,Evening (6PM-12AM),FIR,Non-Heinous,Economic Offences,Forgery,Under Investigation,12.91313,74.77175
4040,100190002202604040,Hassan,2,2026-08-15,2026,8,19,Evening (6PM-12AM),FIR,Non-Heinous,Crimes Against Women,Molestation,Charge Sheeted,13.01038,76.00684
4041,100010004202504041,Bengaluru City,4,2025-12-06,2025,12,9,Morning (6AM-12PM),FIR,Non-Heinous,Crimes Against Property,Theft,Under Investigation,12.85934,77.57507
4042,100110003202404042,Davanagere,3,2024-07-07,2024,7,4,Night (12AM-6AM),FIR,Non-Heinous,Crimes Against Property,Dacoity,Under Investigation,14.46028,75.89088
4043,100160002202504043,Udupi,2,2025-12-08,2025,12,16,Afternoon (12PM-6PM),FIR,Heinous,Crimes Against Women,Domestic Violence,Under Investigation,13.3702,74.69177
4044,100050002202404044,Belagavi,2,2024-10-08,2024,10,2,Night (12AM-6AM),FIR,Non-Heinous,Crimes Against Women,Sexual Assault,Charge Sheeted,15.84241,74.51367
4045,100010004202304045,Bengaluru City,4,2023-06-23,2023,6,15,Afternoon (12PM-6PM),FIR,Non-Heinous,Public Order,Rioting,Under Investigation,12.94363,77.56696
4046,100230003202504046,Chamarajanagar,3,2025-07-01,2025,7,23,Evening (6PM-12AM),FIR,Non-Heinous,Crimes Against Property,Robbery,Under Investigation,11.93276,76.92253
4047,100240002202404047,Kodagu,2,2024-04-27,2024,4,11,Morning (6AM-12PM),FIR,Non-Heinous,Crimes Against Women,Domestic Violence,Under Investigation,12.31858,75.87926
4048,100130003202204048,Raichur,3,2022-08-18,2022,8,12,Afternoon (12PM-6PM),FIR,Non-Heinous,Crimes Against Property,Burglary,Under Investigation,16.10656,77.30289
4049,100010002202404049,Bengaluru City,2,2024-03-19,2024,3,1,Night (12AM-6AM),FIR,Non-Heinous,Crimes Against Women,Sexual Assault,Under Investigation,12.99613,77.58254
4050,100250002202504050,Ramanagara,2,2025-03-13,2025,3,17,Afternoon (12PM-6PM),PAR,Non-Heinous,Economic Offences,Cheating,Under Investigation,12.75343,77.28794
4051,100230002202204051,Chamarajanagar,2,2022-04-05,2022,4,6,Morning (6AM-12PM),FIR,Non-Heinous,Crimes Against Property,Robbery,Charge Sheeted,11.9211,76.97618
4052,400180004202304052,Mandya,4,2023-07-12,2023,7,17,Afternoon (12PM-6PM),UDR,Non-Heinous,Narcotics,NDPS Trafficking,Under Investigation,12.53898,76.87031
4053,700010004202504053,Bengaluru City,4,2025-07-08,2025,7,14,Afternoon (12PM-6PM),Zero FIR,Heinous,Narcotics,NDPS Possession,Under Investigation,12.96197,77.56474
4054,100050004202604054,Belagavi,4,2026-08-19,2026,8,11,Morning (6AM-12PM),FIR,Non-Heinous,Crimes Against Property,Burglary,Closed,15.88615,74.48991
4055,100110001202404055,Davanagere,1,2024-01-23,2024,1,20,Evening (6PM-12AM),PAR,Non-Heinous,Cyber Crime,Identity Theft,Closed,14.36057,75.83645
4056,100010001202604056,Bengaluru City,1,2026-03-24,2026,3,15,Afternoon (12PM-6PM),FIR,Non-Heinous,Crimes Against Property,Dacoity,Under Investigation,12.99226,77.54583
4057,100040004202604057,Mangaluru (Dakshina Kannada),4,2026-04-05,2026,4,20,Evening (6PM-12AM),FIR,Non-Heinous,Cyber Crime,Identity Theft,Under Investigation,12.93333,74.87011
4058,100240003202204058,Kodagu,3,2022-05-22,2022,5,23,Evening (6PM-12AM),FIR,Non-Heinous,Crimes Against Property,Theft,Under Investigation,12.39189,75.80195
4059,100190001202504059,Hassan,1,2025-07-06,2025,7,16,Afternoon (12PM-6PM),PAR,Non-Heinous,Crimes Against Property,Robbery,Charge Sheeted,13.07416,76.14895
4060,100240003202404060,Kodagu,3,2024-09-12,2024,9,16,Afternoon (12PM-6PM),FIR,Non-Heinous,Cyber Crime,Cyberstalking,False Case,12.32478,75.88197
4061,100110001202204061,Davanagere,1,2022-06-24,2022,6,12,Afternoon (12PM-6PM),PAR,Non-Heinous,Crimes Against Property,Theft,False Case,14.4328,75.91787
4062,100240003202604062,Kodagu,3,2026-09-02,2026,9,0,Night (12AM-6AM),FIR,Heinous,Crimes Against Women,Dowry Harassment,Closed,12.27411,75.74603
4063,100160002202404063,Udupi,2,2024-06-02,2024,6,0,Night (12AM-6AM),FIR,Non-Heinous,Crimes Against Property,Burglary,Closed,13.37855,74.80078
4064,100070001202404064,Hubballi-Dharwad,1,2024-03-24,2024,3,10,Morning (6AM-12PM),FIR,Non-Heinous,Crimes Against Women,Dowry Harassment,Undetected,15.34144,75.0087
4065,100050004202504065,Belagavi,4,2025-12-15,2025,12,2,Night (12AM-6AM),FIR,Non-Heinous,Crimes Against Property,Burglary,Under Investigation,15.82866,74.41934
4066,100060001202404066,Kalaburagi,1,2024-03-13,2024,3,1,Night (12AM-6AM),FIR,Non-Heinous,Crimes Against Property,Burglary,Charge Sheeted,17.29161,76.7854
4067,100050001202504067,Belagavi,1,2025-12-18,2025,12,10,Morning (6AM-12PM),FIR,Heinous,Crimes Against Women,Sexual Assault,False Case,15.78856,74.46845
4068,100170002202304068,Kolar,2,2023-05-27,2023,5,5,Night (12AM-6AM),FIR,Heinous,Narcotics,NDPS Possession,Charge Sheeted,13.07891,78.11687
4069,100030001202404069,Mysuru,1,2024-02-20,2024,2,8,Morning (6AM-12PM),FIR,Non-Heinous,Economic Offences,Criminal Breach of Trust,False Case,12.2897,76.63713
4070,100120004202604070,Vijayapura,4,2026-06-21,2026,6,13,Afternoon (12PM-6PM),FIR,Non-Heinous,Crimes Against Body,Murder,Closed,16.85151,75.76844
4071,100160002202604071,Udupi,2,2026-06-03,2026,6,13,Afternoon (12PM-6PM),FIR,Non-Heinous,Economic Offences,Forgery,Charge Sheeted,13.37689,74.66999
4072,100030001202204072,Mysuru,1,2022-06-18,2022,6,4,Night (12AM-6AM),FIR,Non-Heinous,Cyber Crime,Cyberstalking,Charge Sheeted,12.29927,76.63908
4073,100190002202504073,Hassan,2,2025-02-08,2025,2,6,Morning (6AM-12PM),FIR,Non-Heinous,Crimes Against Body,Assault,Closed,13.00316,76.03892
4074,100230004202404074,Chamarajanagar,4,2024-03-11,2024,3,17,Afternoon (12PM-6PM),FIR,Non-Heinous,Economic Offences,Forgery,Undetected,11.96551,76.89788
4075,100110002202604075,Davanagere,2,2026-03-26,2026,3,2,Night (12AM-6AM),FIR,Non-Heinous,Crimes Against Body,Murder,Charge Sheeted,14.41263,76.00698
4076,100240004202504076,Kodagu,4,2025-09-24,2025,9,12,Afternoon (12PM-6PM),FIR,Non-Heinous,Crimes Against Body,Grievous Hurt,Closed,12.42172,75.88421
4077,100270002202604077,Bagalkot,2,2026-02-20,2026,2,22,Evening (6PM-12AM),FIR,Non-Heinous,Crimes Against Women,Sexual Assault,Charge Sheeted,16.21249,75.65473
4078,100090003202604078,Tumakuru,3,2026-05-02,2026,5,14,Afternoon (12PM-6PM),FIR,Non-Heinous,Crimes Against Body,Assault,Under Investigation,13.34848,77.23372
4079,100050003202304079,Belagavi,3,2023-03-07,2023,3,2,Night (12AM-6AM),FIR,Non-Heinous,Crimes Against Property,Theft,Charge Sheeted,15.71484,74.45578
4080,100110002202604080,Davanagere,2,2026-07-04,2026,7,7,Morning (6AM-12PM),FIR,Heinous,Crimes Against Body,Murder,Under Investigation,14.48025,76.01151
4081,100070004202504081,Hubballi-Dharwad,4,2025-02-17,2025,2,4,Night (12AM-6AM),FIR,Heinous,Crimes Against Women,Molestation,Under Investigation,15.30654,75.16789
4082,700250001202604082,Ramanagara,1,2026-05-08,2026,5,16,Afternoon (12PM-6PM),Zero FIR,Non-Heinous,Crimes Against Property,Dacoity,Under Investigation,12.7584,77.25579
4083,400030003202304083,Mysuru,3,2023-07-17,2023,7,14,Afternoon (12PM-6PM),UDR,Non-Heinous,Crimes Against Women,Domestic Violence,Charge Sheeted,12.24793,76.65063
4084,700100003202604084,Shivamogga,3,2026-03-04,2026,3,5,Night (12AM-6AM),Zero FIR,Non-Heinous,Crimes Against Women,Sexual Assault,Under Investigation,13.84814,75.60141
4085,100230004202504085,Chamarajanagar,4,2025-05-26,2025,5,18,Evening (6PM-12AM),FIR,Non-Heinous,Crimes Against Property,Theft,Charge Sheeted,11.96394,76.9457
4086,100140002202604086,Bidar,2,2026-11-26,2026,11,2,Night (12AM-6AM),FIR,Non-Heinous,Crimes Against Body,Murder,Under Investigation,17.87064,77.49366
4087,100070001202404087,Hubballi-Dharwad,1,2024-12-18,2024,12,10,Morning (6AM-12PM),FIR,Non-Heinous,Economic Offences,Criminal Breach of Trust,Charge Sheeted,15.39069,75.12668
4088,100070002202604088,Hubballi-Dharwad,2,2026-06-06,2026,6,15,Afternoon (12PM-6PM),FIR,Non-Heinous,Public Order,Rioting,Under Investigation,15.43955,75.06988
4089,100240001202504089,Kodagu,1,2025-08-07,2025,8,16,Afternoon (12PM-6PM),FIR,Non-Heinous,Crimes Against Property,Theft,Under Investigation,12.24108,75.79109
4090,700020002202204090,Bengaluru Rural,2,2022-05-18,2022,5,14,Afternoon (12PM-6PM),Zero FIR,Non-Heinous,Crimes Against Body,Attempt to Murder,Charge Sheeted,13.24352,77.44126
4091,700040004202204091,Mangaluru (Dakshina Kannada),4,2022-01-01,2022,1,9,Morning (6AM-12PM),Zero FIR,Heinous,Narcotics,NDPS Possession,False Case,12.94375,74.81134
4092,100030002202604092,Mysuru,2,2026-09-11,2026,9,21,Evening (6PM-12AM),FIR,Non-Heinous,Crimes Against Body,Assault,Closed,12.30999,76.54195
4093,100020001202504093,Bengaluru Rural,1,2025-07-18,2025,7,0,Night (12AM-6AM),FIR,Heinous,Crimes Against Body,Assault,Closed,13.28588,77.63696
4094,100010003202304094,Bengaluru City,3,2023-01-19,2023,1,19,Evening (6PM-12AM),FIR,Non-Heinous,Cyber Crime,Cyberstalking,Charge Sheeted,12.90488,77.59622
4095,400080002202604095,Ballari,2,2026-07-14,2026,7,23,Evening (6PM-12AM),UDR,Non-Heinous,Crimes Against Property,Theft,False Case,15.17039,76.9745
4096,100170004202504096,Kolar,4,2025-02-02,2025,2,16,Afternoon (12PM-6PM),FIR,Non-Heinous,Economic Offences,Forgery,Under Investigation,13.08,78.12914
4097,100020001202204097,Bengaluru Rural,1,2022-11-19,2022,11,12,Afternoon (12PM-6PM),PAR,Non-Heinous,Crimes Against Body,Assault,Closed,13.26591,77.61952
4098,100030002202504098,Mysuru,2,2025-09-10,2025,9,15,Afternoon (12PM-6PM),FIR,Non-Heinous,Crimes Against Body,Attempt to Murder,Closed,12.26829,76.59857
4099,100240004202204099,Kodagu,4,2022-02-23,2022,2,1,Night (12AM-6AM),FIR,Non-Heinous,Crimes Against Property,Dacoity,Closed,12.31086,75.82773
4100,700230001202504100,Chamarajanagar,1,2025-01-25,2025,1,4,Night (12AM-6AM),Zero FIR,Non-Heinous,Crimes Against Property,Robbery,Under Investigation,11.89474,76.92392
4101,100240002202204101,Kodagu,2,2022-11-19,2022,11,17,Afternoon (12PM-6PM),FIR,Heinous,Crimes Against Body,Murder,Charge Sheeted,12.27813,75.86912
4102,100150004202204102,Chikkamagaluru,4,2022-07-27,2022,7,16,Afternoon (12PM-6PM),FIR,Non-Heinous,Crimes Against Women,Domestic Violence,Under Investigation,13.34916,75.81499
4103,100020002202604103,Bengaluru Rural,2,2026-06-18,2026,6,15,Afternoon (12PM-6PM),FIR,Non-Heinous,Economic Offences,Cheating,Under Investigation,13.31192,77.59881
4104,100010004202304104,Bengaluru City,4,2023-12-17,2023,12,20,Evening (6PM-12AM),FIR,Heinous,Crimes Against Women,Domestic Violence,Undetected,12.86301,77.62359
4105,700050002202204105,Belagavi,2,2022-10-05,2022,10,1,Night (12AM-6AM),Zero FIR,Non-Heinous,Crimes Against Property,Robbery,Under Investigation,15.92588,74.57875
4106,100070001202304106,Hubballi-Dharwad,1,2023-11-04,2023,11,3,Night (12AM-6AM),PAR,Non-Heinous,Crimes Against Body,Grievous Hurt,False Case,15.28641,75.07958
4107,100080002202204107,Ballari,2,2022-02-19,2022,2,13,Afternoon (12PM-6PM),FIR,Non-Heinous,Crimes Against Property,Robbery,Under Investigation,15.14043,76.76989
4108,100020002202304108,Bengaluru Rural,2,2023-12-20,2023,12,17,Afternoon (12PM-6PM),FIR,Heinous,Crimes Against Body,Murder,Undetected,13.25394,77.50336
4109,100210003202204109,Koppal,3,2022-08-17,2022,8,9,Morning (6AM-12PM),FIR,Heinous,Crimes Against Women,Sexual Assault,Under Investigation,15.4375,76.11692
4110,100020003202604110,Bengaluru Rural,3,2026-08-04,2026,8,5,Night (12AM-6AM),FIR,Non-Heinous,Crimes Against Women,Molestation,Closed,13.15467,77.59545
4111,100020004202304111,Bengaluru Rural,4,2023-05-27,2023,5,5,Night (12AM-6AM),FIR,Heinous,Crimes Against Body,Grievous Hurt,Charge Sheeted,13.30633,77.44511
4112,100170002202604112,Kolar,2,2026-10-03,2026,10,11,Morning (6AM-12PM),FIR,Non-Heinous,Economic Offences,Cheating,Charge Sheeted,13.24494,78.02936
4113,100140003202504113,Bidar,3,2025-06-27,2025,6,16,Afternoon (12PM-6PM),FIR,Non-Heinous,Crimes Against Body,Attempt to Murder,Under Investigation,17.94422,77.52321
4114,100110004202304114,Davanagere,4,2023-04-19,2023,4,10,Morning (6AM-12PM),FIR,Heinous,Crimes Against Women,Domestic Violence,Under Investigation,14.50758,75.98058
4115,100110004202604115,Davanagere,4,2026-04-26,2026,4,22,Evening (6PM-12AM),FIR,Non-Heinous,Crimes Against Property,Robbery,Charge Sheeted,14.31878,75.92441
4116,100050003202304116,Belagavi,3,2023-05-25,2023,5,14,Afternoon (12PM-6PM),FIR,Non-Heinous,Cyber Crime,Identity Theft,Closed,15.89474,74.45742
4117,100050002202404117,Belagavi,2,2024-06-24,2024,6,6,Morning (6AM-12PM),FIR,Non-Heinous,Crimes Against Property,Burglary,Charge Sheeted,15.93966,74.35149
4118,100040002202604118,Mangaluru (Dakshina Kannada),2,2026-05-04,2026,5,19,Evening (6PM-12AM),FIR,Non-Heinous,Narcotics,NDPS Possession,Under Investigation,12.91834,74.75924
4119,100130001202204119,Raichur,1,2022-07-12,2022,7,16,Afternoon (12PM-6PM),FIR,Non-Heinous,Crimes Against Body,Assault,Under Investigation,16.19194,77.31533
4120,100180001202204120,Mandya,1,2022-05-01,2022,5,21,Evening (6PM-12AM),FIR,Non-Heinous,Crimes Against Property,Theft,Closed,12.62662,76.8338
4121,100230001202604121,Chamarajanagar,1,2026-08-18,2026,8,23,Evening (6PM-12AM),PAR,Non-Heinous,Cyber Crime,Online Fraud,Charge Sheeted,11.9438,76.8594
4122,100150002202504122,Chikkamagaluru,2,2025-04-11,2025,4,13,Afternoon (12PM-6PM),FIR,Non-Heinous,Crimes Against Body,Murder,False Case,13.29037,75.6972
4123,100110004202604123,Davanagere,4,2026-07-16,2026,7,12,Afternoon (12PM-6PM),FIR,Non-Heinous,Crimes Against Property,Dacoity,Charge Sheeted,14.46589,75.94101
4124,100110001202404124,Davanagere,1,2024-09-21,2024,9,22,Evening (6PM-12AM),FIR,Non-Heinous,Crimes Against Body,Assault,Charge Sheeted,14.46119,75.87252
4125,100270003202204125,Bagalkot,3,2022-03-03,2022,3,6,Morning (6AM-12PM),FIR,Non-Heinous,Crimes Against Women,Molestation,Under Investigation,16.20093,75.67901
4126,100020004202504126,Bengaluru Rural,4,2025-03-06,2025,3,10,Morning (6AM-12PM),FIR,Heinous,Crimes Against Women,Molestation,Under Investigation,13.36308,77.368
4127,100090001202204127,Tumakuru,1,2022-01-24,2022,1,12,Afternoon (12PM-6PM),FIR,Non-Heinous,Crimes Against Body,Murder,Charge Sheeted,13.33696,77.10096
4128,400030001202504128,Mysuru,1,2025-03-13,2025,3,6,Morning (6AM-12PM),UDR,Non-Heinous,Crimes Against Women,Molestation,Charge Sheeted,12.31434,76.62681
4129,100110004202404129,Davanagere,4,2024-05-22,2024,5,12,Afternoon (12PM-6PM),FIR,Non-Heinous,Narcotics,NDPS Possession,Charge Sheeted,14.31583,76.02917
4130,100090001202404130,Tumakuru,1,2024-03-05,2024,3,5,Night (12AM-6AM),FIR,Non-Heinous,Crimes Against Property,Theft,Charge Sheeted,13.38756,77.10987
4131,100240003202204131,Kodagu,3,2022-05-07,2022,5,17,Afternoon (12PM-6PM),FIR,Non-Heinous,Crimes Against Property,Burglary,Under Investigation,12.38205,75.85472
4132,100040004202604132,Mangaluru (Dakshina Kannada),4,2026-06-17,2026,6,13,Afternoon (12PM-6PM),FIR,Non-Heinous,Economic Offences,Forgery,Charge Sheeted,12.82545,74.74014
4133,100020004202604133,Bengaluru Rural,4,2026-12-27,2026,12,4,Night (12AM-6AM),FIR,Non-Heinous,Public Order,Unlawful Assembly,Undetected,13.34057,77.50406
4134,100050002202404134,Belagavi,2,2024-07-24,2024,7,19,Evening (6PM-12AM),FIR,Non-Heinous,Economic Offences,Forgery,Undetected,15.8047,74.55714
4135,100240002202204135,Kodagu,2,2022-12-10,2022,12,7,Morning (6AM-12PM),FIR,Non-Heinous,Crimes Against Body,Attempt to Murder,Charge Sheeted,12.27338,75.69269
4136,100080004202504136,Ballari,4,2025-03-27,2025,3,14,Afternoon (12PM-6PM),FIR,Heinous,Crimes Against Body,Grievous Hurt,Charge Sheeted,15.16938,76.98303
4137,100030001202504137,Mysuru,1,2025-06-02,2025,6,20,Evening (6PM-12AM),PAR,Non-Heinous,Crimes Against Property,Dacoity,Undetected,12.30074,76.72916
4138,100020002202404138,Bengaluru Rural,2,2024-05-09,2024,5,0,Night (12AM-6AM),FIR,Heinous,Narcotics,NDPS Trafficking,Undetected,13.31757,77.59433
4139,100160001202504139,Udupi,1,2025-07-19,2025,7,15,Afternoon (12PM-6PM),FIR,Heinous,Crimes Against Body,Grievous Hurt,Under Investigation,13.42428,74.70197
4140,700050002202504140,Belagavi,2,2025-11-23,2025,11,1,Night (12AM-6AM),Zero FIR,Non-Heinous,Crimes Against Women,Sexual Assault,Under Investigation,15.83036,74.4819
4141,100230003202204141,Chamarajanagar,3,2022-05-05,2022,5,22,Evening (6PM-12AM),FIR,Heinous,Crimes Against Body,Assault,Closed,12.03174,77.00565
4142,100230001202404142,Chamarajanagar,1,2024-12-08,2024,12,11,Morning (6AM-12PM),FIR,Heinous,Crimes Against Body,Murder,Charge Sheeted,11.88493,76.93987
4143,100040001202404143,Mangaluru (Dakshina Kannada),1,2024-08-20,2024,8,17,Afternoon (12PM-6PM),FIR,Non-Heinous,Economic Offences,Criminal Breach of Trust,Under Investigation,12.98786,74.75206
4144,100280001202404144,Haveri,1,2024-08-08,2024,8,1,Night (12AM-6AM),FIR,Non-Heinous,Economic Offences,Cheating,Under Investigation,14.7624,75.40269
4145,100120004202404145,Vijayapura,4,2024-03-03,2024,3,0,Night (12AM-6AM),FIR,Non-Heinous,Economic Offences,Forgery,Under Investigation,16.85998,75.69448
4146,700280002202604146,Haveri,2,2026-01-18,2026,1,17,Afternoon (12PM-6PM),Zero FIR,Non-Heinous,Crimes Against Property,Robbery,Charge Sheeted,14.73877,75.40271
4147,100010003202204147,Bengaluru City,3,2022-04-04,2022,4,9,Morning (6AM-12PM),FIR,Non-Heinous,Cyber Crime,Online Fraud,Charge Sheeted,13.02301,77.62357
4148,100230004202404148,Chamarajanagar,4,2024-03-21,2024,3,5,Night (12AM-6AM),FIR,Non-Heinous,Crimes Against Women,Domestic Violence,Charge Sheeted,11.89756,76.97302
4149,100150004202404149,Chikkamagaluru,4,2024-10-13,2024,10,2,Night (12AM-6AM),FIR,Non-Heinous,Crimes Against Property,Robbery,Charge Sheeted,13.31177,75.70647
4150,100060002202604150,Kalaburagi,2,2026-03-21,2026,3,4,Night (12AM-6AM),FIR,Non-Heinous,Crimes Against Property,Robbery,Charge Sheeted,17.39201,76.82173
4151,100030002202604151,Mysuru,2,2026-05-08,2026,5,19,Evening (6PM-12AM),FIR,Non-Heinous,Cyber Crime,Identity Theft,Undetected,12.28928,76.65514
4152,100280003202504152,Haveri,3,2025-05-23,2025,5,10,Morning (6AM-12PM),FIR,Non-Heinous,Narcotics,NDPS Trafficking,Under Investigation,14.7999,75.34604
4153,700030003202504153,Mysuru,3,2025-02-03,2025,2,23,Evening (6PM-12AM),Zero FIR,Heinous,Crimes Against Body,Grievous Hurt,Closed,12.28886,76.57532
4154,100010004202404154,Bengaluru City,4,2024-10-17,2024,10,15,Afternoon (12PM-6PM),FIR,Non-Heinous,Crimes Against Women,Domestic Violence,Under Investigation,12.97438,77.58501
4155,100280001202204155,Haveri,1,2022-02-10,2022,2,10,Morning (6AM-12PM),PAR,Non-Heinous,Crimes Against Property,Dacoity,Charge Sheeted,14.81857,75.358
4156,100010001202404156,Bengaluru City,1,2024-12-19,2024,12,9,Morning (6AM-12PM),FIR,Non-Heinous,Crimes Against Property,Burglary,Charge Sheeted,12.98942,77.59999
4157,100250001202204157,Ramanagara,1,2022-09-26,2022,9,13,Afternoon (12PM-6PM),FIR,Non-Heinous,Crimes Against Property,Robbery,False Case,12.61777,77.23592
4158,100040002202504158,Mangaluru (Dakshina Kannada),2,2025-11-15,2025,11,5,Night (12AM-6AM),FIR,Non-Heinous,Crimes Against Body,Murder,Closed,12.98404,74.878
4159,700130004202404159,Raichur,4,2024-06-15,2024,6,3,Night (12AM-6AM),Zero FIR,Non-Heinous,Economic Offences,Cheating,Closed,16.10523,77.2903
4160,700050004202504160,Belagavi,4,2025-07-05,2025,7,15,Afternoon (12PM-6PM),Zero FIR,Non-Heinous,Crimes Against Women,Sexual Assault,Charge Sheeted,15.92417,74.49811
4161,100030004202304161,Mysuru,4,2023-04-27,2023,4,18,Evening (6PM-12AM),FIR,Non-Heinous,Cyber Crime,Cyberstalking,Under Investigation,12.35105,76.69863
4162,100040004202304162,Mangaluru (Dakshina Kannada),4,2023-09-21,2023,9,21,Evening (6PM-12AM),FIR,Heinous,Crimes Against Body,Murder,Charge Sheeted,12.89254,74.8674
4163,100050004202604163,Belagavi,4,2026-05-16,2026,5,0,Night (12AM-6AM),FIR,Non-Heinous,Crimes Against Women,Dowry Harassment,Closed,15.7729,74.53089
4164,100140003202504164,Bidar,3,2025-11-14,2025,11,10,Morning (6AM-12PM),FIR,Non-Heinous,Crimes Against Women,Domestic Violence,False Case,17.81303,77.53207
4165,700010002202304165,Bengaluru City,2,2023-02-10,2023,2,10,Morning (6AM-12PM),Zero FIR,Non-Heinous,Crimes Against Property,Dacoity,Closed,13.00823,77.6287
4166,700070003202504166,Hubballi-Dharwad,3,2025-01-27,2025,1,18,Evening (6PM-12AM),Zero FIR,Non-Heinous,Crimes Against Women,Domestic Violence,Charge Sheeted,15.34503,75.11766
4167,100020002202504167,Bengaluru Rural,2,2025-08-05,2025,8,23,Evening (6PM-12AM),FIR,Non-Heinous,Crimes Against Property,Robbery,Charge Sheeted,13.23595,77.56547
4168,100260002202504168,Chikkaballapur,2,2025-01-01,2025,1,8,Morning (6AM-12PM),FIR,Non-Heinous,Economic Offences,Forgery,Charge Sheeted,13.42026,77.74168
4169,100030003202204169,Mysuru,3,2022-04-10,2022,4,22,Evening (6PM-12AM),FIR,Non-Heinous,Cyber Crime,Phishing,Closed,12.23373,76.71894
4170,100250002202404170,Ramanagara,2,2024-12-07,2024,12,18,Evening (6PM-12AM),FIR,Non-Heinous,Cyber Crime,Identity Theft,Under Investigation,12.77637,77.30507
4171,100220004202504171,Yadgir,4,2025-12-05,2025,12,14,Afternoon (12PM-6PM),FIR,Non-Heinous,Cyber Crime,Phishing,Charge Sheeted,16.68967,77.12287
4172,100010001202504172,Bengaluru City,1,2025-07-16,2025,7,4,Night (12AM-6AM),FIR,Non-Heinous,Economic Offences,Forgery,Closed,13.02458,77.61556
4173,400160004202404173,Udupi,4,2024-03-14,2024,3,11,Morning (6AM-12PM),UDR,Non-Heinous,Crimes Against Women,Sexual Assault,Charge Sheeted,13.35108,74.53868
4174,100140004202504174,Bidar,4,2025-07-13,2025,7,15,Afternoon (12PM-6PM),FIR,Heinous,Crimes Against Women,Molestation,Undetected,17.87409,77.54057
4175,100030004202404175,Mysuru,4,2024-05-15,2024,5,17,Afternoon (12PM-6PM),FIR,Non-Heinous,Crimes Against Women,Sexual Assault,False Case,12.36697,76.6099
4176,100030003202504176,Mysuru,3,2025-08-13,2025,8,3,Night (12AM-6AM),FIR,Non-Heinous,Economic Offences,Forgery,Charge Sheeted,12.30299,76.64768
4177,100240004202304177,Kodagu,4,2023-09-06,2023,9,16,Afternoon (12PM-6PM),FIR,Non-Heinous,Crimes Against Women,Domestic Violence,Under Investigation,12.29108,75.91947
4178,100120001202404178,Vijayapura,1,2024-12-22,2024,12,21,Evening (6PM-12AM),FIR,Non-Heinous,Public Order,Unlawful Assembly,Undetected,16.8644,75.72801
4179,100230003202304179,Chamarajanagar,3,2023-08-05,2023,8,19,Evening (6PM-12AM),FIR,Heinous,Crimes Against Body,Assault,Undetected,11.86099,76.93594
4180,100140001202504180,Bidar,1,2025-02-08,2025,2,4,Night (12AM-6AM),FIR,Non-Heinous,Crimes Against Body,Grievous Hurt,Under Investigation,17.84878,77.57233
4181,100040001202504181,Mangaluru (Dakshina Kannada),1,2025-12-05,2025,12,12,Afternoon (12PM-6PM),FIR,Non-Heinous,Crimes Against Women,Molestation,Under Investigation,12.77626,74.77701
4182,100210003202304182,Koppal,3,2023-01-11,2023,1,6,Morning (6AM-12PM),FIR,Non-Heinous,Crimes Against Property,Robbery,Under Investigation,15.27852,76.19008
4183,100080003202404183,Ballari,3,2024-07-01,2024,7,8,Morning (6AM-12PM),PAR,Heinous,Crimes Against Women,Dowry Harassment,Closed,15.23485,76.87207
4184,100050001202604184,Belagavi,1,2026-01-17,2026,1,14,Afternoon (12PM-6PM),FIR,Non-Heinous,Crimes Against Property,Robbery,Under Investigation,15.79697,74.46118
4185,100130002202204185,Raichur,2,2022-07-02,2022,7,19,Evening (6PM-12AM),PAR,Non-Heinous,Crimes Against Women,Sexual Assault,Charge Sheeted,16.0707,77.28809
4186,700080003202404186,Ballari,3,2024-03-26,2024,3,18,Evening (6PM-12AM),Zero FIR,Non-Heinous,Crimes Against Property,Dacoity,Under Investigation,15.12533,76.86255
4187,100010004202204187,Bengaluru City,4,2022-02-08,2022,2,14,Afternoon (12PM-6PM),FIR,Non-Heinous,Crimes Against Property,Theft,Closed,13.04242,77.58411
4188,100290001202304188,Gadag,1,2023-04-09,2023,4,1,Night (12AM-6AM),FIR,Heinous,Crimes Against Women,Sexual Assault,Undetected,15.45842,75.55012
4189,100050003202504189,Belagavi,3,2025-06-25,2025,6,16,Afternoon (12PM-6PM),FIR,Non-Heinous,Crimes Against Property,Theft,Charge Sheeted,15.88167,74.54152
4190,100140003202604190,Bidar,3,2026-05-23,2026,5,15,Afternoon (12PM-6PM),FIR,Non-Heinous,Crimes Against Women,Molestation,Charge Sheeted,17.94686,77.41173
4191,100030001202504191,Mysuru,1,2025-01-25,2025,1,21,Evening (6PM-12AM),FIR,Non-Heinous,Cyber Crime,Online Fraud,False Case,12.26137,76.66128
4192,100190002202204192,Hassan,2,2022-05-23,2022,5,17,Afternoon (12PM-6PM),FIR,Heinous,Crimes Against Body,Assault,Closed,13.04631,76.03008
4193,100160001202304193,Udupi,1,2023-01-13,2023,1,2,Night (12AM-6AM),FIR,Non-Heinous,Crimes Against Women,Sexual Assault,Undetected,13.34407,74.63073
4194,100140002202204194,Bidar,2,2022-09-11,2022,9,2,Night (12AM-6AM),FIR,Heinous,Crimes Against Women,Domestic Violence,Charge Sheeted,17.86037,77.53441
4195,100190001202404195,Hassan,1,2024-05-05,2024,5,17,Afternoon (12PM-6PM),FIR,Non-Heinous,Crimes Against Body,Grievous Hurt,Charge Sheeted,12.91555,76.05982
4196,100090004202204196,Tumakuru,4,2022-07-14,2022,7,0,Night (12AM-6AM),FIR,Non-Heinous,Narcotics,NDPS Possession,Under Investigation,13.30585,77.09451
4197,100080001202304197,Ballari,1,2023-03-26,2023,3,20,Evening (6PM-12AM),FIR,Non-Heinous,Crimes Against Property,Theft,Under Investigation,15.18347,76.95232
4198,700140002202604198,Bidar,2,2026-03-08,2026,3,3,Night (12AM-6AM),Zero FIR,Non-Heinous,Crimes Against Property,Dacoity,Closed,17.84572,77.60162
4199,100040001202304199,Mangaluru (Dakshina Kannada),1,2023-07-25,2023,7,7,Morning (6AM-12PM),FIR,Non-Heinous,Crimes Against Property,Dacoity,Charge Sheeted,12.92786,74.78399
4200,700110001202504200,Davanagere,1,2025-08-02,2025,8,17,Afternoon (12PM-6PM),Zero FIR,Non-Heinous,Crimes Against Property,Theft,Under Investigation,14.48503,75.94538
4201,100040002202404201,Mangaluru (Dakshina Kannada),2,2024-03-08,2024,3,5,Night (12AM-6AM),FIR,Non-Heinous,Crimes Against Women,Molestation,Charge Sheeted,12.98588,74.88023
4202,700250003202504202,Ramanagara,3,2025-02-19,2025,2,13,Afternoon (12PM-6PM),Zero FIR,Non-Heinous,Cyber Crime,Online Fraud,Undetected,12.68607,77.33283
4203,100250003202604203,Ramanagara,3,2026-06-25,2026,6,4,Night (12AM-6AM),FIR,Non-Heinous,Crimes Against Body,Murder,Charge Sheeted,12.78199,77.24124
4204,100160002202204204,Udupi,2,2022-09-20,2022,9,9,Morning (6AM-12PM),FIR,Heinous,Crimes Against Body,Grievous Hurt,Charge Sheeted,13.37266,74.71306
4205,100050003202504205,Belagavi,3,2025-02-09,2025,2,6,Morning (6AM-12PM),FIR,Heinous,Narcotics,NDPS Possession,Under Investigation,15.76714,74.5515
4206,100220004202504206,Yadgir,4,2025-09-07,2025,9,0,Night (12AM-6AM),FIR,Non-Heinous,Crimes Against Property,Dacoity,Under Investigation,16.7768,77.0054
4207,100110002202504207,Davanagere,2,2025-06-17,2025,6,9,Morning (6AM-12PM),FIR,Heinous,Crimes Against Body,Assault,Undetected,14.39845,75.86486
4208,100100003202404208,Shivamogga,3,2024-09-10,2024,9,21,Evening (6PM-12AM),PAR,Non-Heinous,Crimes Against Property,Burglary,Under Investigation,14.01024,75.52072
4209,100290002202204209,Gadag,2,2022-07-01,2022,7,1,Night (12AM-6AM),FIR,Non-Heinous,Economic Offences,Forgery,Under Investigation,15.45664,75.62921
4210,100050001202204210,Belagavi,1,2022-09-25,2022,9,16,Afternoon (12PM-6PM),FIR,Heinous,Crimes Against Women,Sexual Assault,Closed,15.91394,74.45235
4211,100050004202304211,Belagavi,4,2023-06-13,2023,6,19,Evening (6PM-12AM),PAR,Heinous,Narcotics,NDPS Possession,Charge Sheeted,15.83743,74.42741
4212,100080002202504212,Ballari,2,2025-08-18,2025,8,16,Afternoon (12PM-6PM),PAR,Non-Heinous,Crimes Against Property,Burglary,Closed,15.05595,76.92368
4213,100230002202504213,Chamarajanagar,2,2025-01-26,2025,1,16,Afternoon (12PM-6PM),FIR,Non-Heinous,Crimes Against Body,Attempt to Murder,Under Investigation,11.89733,77.05812
4214,100240004202404214,Kodagu,4,2024-02-24,2024,2,8,Morning (6AM-12PM),PAR,Non-Heinous,Narcotics,NDPS Possession,Closed,12.36279,75.76935
4215,100210001202604215,Koppal,1,2026-10-23,2026,10,20,Evening (6PM-12AM),FIR,Heinous,Crimes Against Women,Molestation,Under Investigation,15.41726,76.10018
4216,100020001202304216,Bengaluru Rural,1,2023-06-09,2023,6,8,Morning (6AM-12PM),FIR,Non-Heinous,Cyber Crime,Online Fraud,Charge Sheeted,13.35,77.43299
4217,100250004202404217,Ramanagara,4,2024-11-17,2024,11,12,Afternoon (12PM-6PM),FIR,Non-Heinous,Crimes Against Property,Robbery,Charge Sheeted,12.67968,77.22541
4218,100050003202604218,Belagavi,3,2026-03-07,2026,3,0,Night (12AM-6AM),FIR,Non-Heinous,Narcotics,NDPS Possession,Under Investigation,15.83404,74.53569
4219,100090003202604219,Tumakuru,3,2026-04-20,2026,4,17,Afternoon (12PM-6PM),FIR,Non-Heinous,Narcotics,NDPS Trafficking,False Case,13.33818,77.09854
4220,100030004202204220,Mysuru,4,2022-12-24,2022,12,14,Afternoon (12PM-6PM),FIR,Non-Heinous,Crimes Against Women,Sexual Assault,Charge Sheeted,12.32034,76.58728
4221,400050002202604221,Belagavi,2,2026-12-02,2026,12,4,Night (12AM-6AM),UDR,Non-Heinous,Crimes Against Women,Dowry Harassment,Charge Sheeted,15.81161,74.45858
4222,100050002202504222,Belagavi,2,2025-12-12,2025,12,4,Night (12AM-6AM),FIR,Heinous,Crimes Against Body,Grievous Hurt,Charge Sheeted,15.81617,74.49199
4223,100020002202204223,Bengaluru Rural,2,2022-03-05,2022,3,15,Afternoon (12PM-6PM),FIR,Non-Heinous,Crimes Against Women,Molestation,Charge Sheeted,13.37649,77.55968
4224,100180004202204224,Mandya,4,2022-03-14,2022,3,3,Night (12AM-6AM),FIR,Non-Heinous,Crimes Against Women,Molestation,False Case,12.5093,76.90182
4225,100020002202604225,Bengaluru Rural,2,2026-04-27,2026,4,3,Night (12AM-6AM),FIR,Non-Heinous,Crimes Against Women,Sexual Assault,Closed,13.34265,77.54765
4226,100140004202504226,Bidar,4,2025-01-04,2025,1,20,Evening (6PM-12AM),FIR,Heinous,Crimes Against Body,Assault,Under Investigation,17.83644,77.45949
4227,400020004202504227,Bengaluru Rural,4,2025-03-01,2025,3,9,Morning (6AM-12PM),UDR,Heinous,Crimes Against Body,Murder,Under Investigation,13.31185,77.49404
4228,100020001202604228,Bengaluru Rural,1,2026-12-22,2026,12,0,Night (12AM-6AM),FIR,Non-Heinous,Cyber Crime,Identity Theft,Under Investigation,13.2939,77.64743
4229,100070004202304229,Hubballi-Dharwad,4,2023-03-02,2023,3,21,Evening (6PM-12AM),FIR,Non-Heinous,Crimes Against Women,Dowry Harassment,Charge Sheeted,15.36543,75.13337
4230,100050004202604230,Belagavi,4,2026-08-03,2026,8,15,Afternoon (12PM-6PM),FIR,Heinous,Narcotics,NDPS Possession,Under Investigation,15.86833,74.51435
4231,700160004202504231,Udupi,4,2025-07-14,2025,7,1,Night (12AM-6AM),Zero FIR,Non-Heinous,Economic Offences,Criminal Breach of Trust,Under Investigation,13.3833,74.6958
4232,100160001202604232,Udupi,1,2026-08-03,2026,8,10,Morning (6AM-12PM),PAR,Non-Heinous,Cyber Crime,Identity Theft,False Case,13.4304,74.77214
4233,100070001202304233,Hubballi-Dharwad,1,2023-04-19,2023,4,21,Evening (6PM-12AM),FIR,Non-Heinous,Crimes Against Women,Sexual Assault,Under Investigation,15.32761,75.15008
4234,100160003202504234,Udupi,3,2025-07-24,2025,7,5,Night (12AM-6AM),FIR,Non-Heinous,Crimes Against Women,Sexual Assault,Under Investigation,13.3504,74.79335
4235,100070001202204235,Hubballi-Dharwad,1,2022-11-26,2022,11,17,Afternoon (12PM-6PM),FIR,Heinous,Crimes Against Body,Grievous Hurt,Under Investigation,15.41731,75.10442
4236,100280004202304236,Haveri,4,2023-05-01,2023,5,12,Afternoon (12PM-6PM),PAR,Heinous,Crimes Against Women,Molestation,Under Investigation,14.8762,75.43728
4237,100110004202204237,Davanagere,4,2022-06-07,2022,6,8,Morning (6AM-12PM),FIR,Non-Heinous,Public Order,Unlawful Assembly,False Case,14.5245,75.92199
4238,100020004202404238,Bengaluru Rural,4,2024-11-01,2024,11,14,Afternoon (12PM-6PM),FIR,Non-Heinous,Narcotics,NDPS Trafficking,False Case,13.32296,77.53586
4239,100050004202404239,Belagavi,4,2024-05-23,2024,5,11,Morning (6AM-12PM),FIR,Non-Heinous,Economic Offences,Cheating,Under Investigation,15.8041,74.54878
4240,700090004202504240,Tumakuru,4,2025-09-09,2025,9,19,Evening (6PM-12AM),Zero FIR,Non-Heinous,Crimes Against Body,Grievous Hurt,Under Investigation,13.23344,77.16313
4241,100280002202504241,Haveri,2,2025-11-23,2025,11,21,Evening (6PM-12AM),FIR,Non-Heinous,Narcotics,NDPS Trafficking,Charge Sheeted,14.76696,75.38916
4242,100050001202504242,Belagavi,1,2025-08-18,2025,8,7,Morning (6AM-12PM),FIR,Non-Heinous,Crimes Against Property,Theft,Charge Sheeted,15.87911,74.49198
4243,100220001202604243,Yadgir,1,2026-03-07,2026,3,0,Night (12AM-6AM),FIR,Non-Heinous,Cyber Crime,Phishing,Under Investigation,16.74031,77.05846
4244,100110001202204244,Davanagere,1,2022-08-05,2022,8,13,Afternoon (12PM-6PM),FIR,Heinous,Crimes Against Women,Domestic Violence,Closed,14.51843,75.88093
4245,100140004202404245,Bidar,4,2024-08-12,2024,8,11,Morning (6AM-12PM),FIR,Non-Heinous,Crimes Against Property,Dacoity,Undetected,17.94196,77.52299
4246,100020004202604246,Bengaluru Rural,4,2026-08-10,2026,8,18,Evening (6PM-12AM),FIR,Non-Heinous,Crimes Against Property,Burglary,Under Investigation,13.31292,77.6152
4247,100020004202304247,Bengaluru Rural,4,2023-09-10,2023,9,21,Evening (6PM-12AM),FIR,Non-Heinous,Crimes Against Property,Dacoity,Charge Sheeted,13.32491,77.52143
4248,100050001202604248,Belagavi,1,2026-03-16,2026,3,7,Morning (6AM-12PM),FIR,Non-Heinous,Crimes Against Women,Dowry Harassment,False Case,15.85179,74.42898
4249,100050003202404249,Belagavi,3,2024-06-09,2024,6,4,Night (12AM-6AM),FIR,Non-Heinous,Crimes Against Property,Theft,Under Investigation,15.90222,74.44144
4250,100010004202604250,Bengaluru City,4,2026-07-11,2026,7,14,Afternoon (12PM-6PM),FIR,Heinous,Crimes Against Women,Molestation,Charge Sheeted,12.895,77.50061
4251,100010001202304251,Bengaluru City,1,2023-11-11,2023,11,14,Afternoon (12PM-6PM),FIR,Non-Heinous,Crimes Against Property,Theft,Closed,12.89349,77.57829
4252,400240004202304252,Kodagu,4,2023-04-24,2023,4,4,Night (12AM-6AM),UDR,Non-Heinous,Crimes Against Property,Burglary,Undetected,12.21857,75.82391
4253,100220001202304253,Yadgir,1,2023-02-06,2023,2,13,Afternoon (12PM-6PM),FIR,Non-Heinous,Narcotics,NDPS Trafficking,Charge Sheeted,16.81405,77.07325
4254,100250003202504254,Ramanagara,3,2025-03-10,2025,3,8,Morning (6AM-12PM),FIR,Non-Heinous,Crimes Against Body,Attempt to Murder,False Case,12.74154,77.32419
4255,100020004202404255,Bengaluru Rural,4,2024-09-23,2024,9,0,Night (12AM-6AM),FIR,Heinous,Crimes Against Women,Molestation,Charge Sheeted,13.29754,77.47821
4256,100210003202204256,Koppal,3,2022-02-01,2022,2,20,Evening (6PM-12AM),FIR,Non-Heinous,Public Order,Unlawful Assembly,False Case,15.23115,76.13843
4257,100250002202304257,Ramanagara,2,2023-10-18,2023,10,20,Evening (6PM-12AM),FIR,Non-Heinous,Cyber Crime,Cyberstalking,Charge Sheeted,12.77565,77.29102
4258,100170002202304258,Kolar,2,2023-11-06,2023,11,11,Morning (6AM-12PM),FIR,Non-Heinous,Crimes Against Women,Dowry Harassment,Closed,13.18233,78.06648
4259,100100004202204259,Shivamogga,4,2022-09-09,2022,9,22,Evening (6PM-12AM),FIR,Non-Heinous,Cyber Crime,Cyberstalking,Under Investigation,13.95306,75.47671
4260,100150001202404260,Chikkamagaluru,1,2024-03-25,2024,3,2,Night (12AM-6AM),FIR,Non-Heinous,Crimes Against Body,Attempt to Murder,Closed,13.25859,75.79218
4261,100080004202504261,Ballari,4,2025-07-01,2025,7,4,Night (12AM-6AM),FIR,Non-Heinous,Crimes Against Body,Murder,Under Investigation,15.15988,76.79813
4262,100040004202304262,Mangaluru (Dakshina Kannada),4,2023-12-04,2023,12,14,Afternoon (12PM-6PM),FIR,Non-Heinous,Crimes Against Property,Dacoity,Charge Sheeted,12.90884,74.86615
4263,100050001202404263,Belagavi,1,2024-02-26,2024,2,21,Evening (6PM-12AM),FIR,Non-Heinous,Cyber Crime,Online Fraud,Closed,15.74141,74.41001
4264,100020004202604264,Bengaluru Rural,4,2026-02-20,2026,2,19,Evening (6PM-12AM),FIR,Non-Heinous,Crimes Against Women,Molestation,Closed,13.27597,77.676
4265,100240002202204265,Kodagu,2,2022-09-17,2022,9,12,Afternoon (12PM-6PM),FIR,Non-Heinous,Cyber Crime,Cyberstalking,Under Investigation,12.3891,75.7784
4266,100240004202204266,Kodagu,4,2022-08-07,2022,8,2,Night (12AM-6AM),FIR,Non-Heinous,Economic Offences,Forgery,Closed,12.35823,75.83102
4267,100190003202604267,Hassan,3,2026-03-19,2026,3,13,Afternoon (12PM-6PM),FIR,Heinous,Crimes Against Women,Dowry Harassment,Under Investigation,12.9317,76.15668
4268,100030002202304268,Mysuru,2,2023-07-03,2023,7,0,Night (12AM-6AM),FIR,Heinous,Crimes Against Women,Dowry Harassment,Under Investigation,12.29813,76.65712
4269,100010004202604269,Bengaluru City,4,2026-03-14,2026,3,4,Night (12AM-6AM),FIR,Non-Heinous,Crimes Against Body,Attempt to Murder,Under Investigation,12.91344,77.59981
4270,100220001202404270,Yadgir,1,2024-05-19,2024,5,14,Afternoon (12PM-6PM),PAR,Non-Heinous,Cyber Crime,Identity Theft,Under Investigation,16.82719,77.15673
4271,100040003202404271,Mangaluru (Dakshina Kannada),3,2024-08-02,2024,8,18,Evening (6PM-12AM),FIR,Non-Heinous,Crimes Against Property,Burglary,Charge Sheeted,12.96627,74.79356
4272,100140003202304272,Bidar,3,2023-02-26,2023,2,9,Morning (6AM-12PM),FIR,Non-Heinous,Crimes Against Property,Burglary,Closed,17.87365,77.52986
4273,100290002202504273,Gadag,2,2025-07-08,2025,7,12,Afternoon (12PM-6PM),FIR,Non-Heinous,Crimes Against Body,Attempt to Murder,Charge Sheeted,15.43879,75.69216
4274,100120001202604274,Vijayapura,1,2026-06-04,2026,6,19,Evening (6PM-12AM),PAR,Non-Heinous,Crimes Against Property,Theft,Undetected,16.83955,75.78138
4275,700210002202604275,Koppal,2,2026-06-06,2026,6,18,Evening (6PM-12AM),Zero FIR,Non-Heinous,Economic Offences,Cheating,Charge Sheeted,15.36644,76.0606
4276,700010001202604276,Bengaluru City,1,2026-12-19,2026,12,12,Afternoon (12PM-6PM),Zero FIR,Non-Heinous,Crimes Against Property,Burglary,Charge Sheeted,12.96895,77.63867
4277,100270001202504277,Bagalkot,1,2025-09-26,2025,9,6,Morning (6AM-12PM),FIR,Heinous,Crimes Against Body,Grievous Hurt,Under Investigation,16.13647,75.71876
4278,400230001202304278,Chamarajanagar,1,2023-12-03,2023,12,3,Night (12AM-6AM),UDR,Non-Heinous,Economic Offences,Criminal Breach of Trust,Under Investigation,11.85413,76.88284
4279,100170003202304279,Kolar,3,2023-02-09,2023,2,22,Evening (6PM-12AM),FIR,Non-Heinous,Cyber Crime,Identity Theft,Under Investigation,13.1577,78.02734
4280,100090002202404280,Tumakuru,2,2024-03-23,2024,3,1,Night (12AM-6AM),FIR,Non-Heinous,Crimes Against Property,Dacoity,Under Investigation,13.43837,77.18313
4281,100110001202404281,Davanagere,1,2024-12-13,2024,12,7,Morning (6AM-12PM),FIR,Non-Heinous,Economic Offences,Cheating,Closed,14.51607,75.89012
4282,100060003202604282,Kalaburagi,3,2026-10-09,2026,10,15,Afternoon (12PM-6PM),FIR,Non-Heinous,Crimes Against Body,Assault,Under Investigation,17.4288,76.88578
4283,100020001202404283,Bengaluru Rural,1,2024-12-04,2024,12,13,Afternoon (12PM-6PM),FIR,Non-Heinous,Crimes Against Property,Theft,Closed,13.31086,77.57899
4284,100040003202304284,Mangaluru (Dakshina Kannada),3,2023-11-18,2023,11,3,Night (12AM-6AM),FIR,Non-Heinous,Narcotics,NDPS Trafficking,Under Investigation,12.91309,74.80924
4285,100280004202204285,Haveri,4,2022-11-03,2022,11,5,Night (12AM-6AM),FIR,Non-Heinous,Narcotics,NDPS Trafficking,Charge Sheeted,14.81449,75.51409
4286,100190003202404286,Hassan,3,2024-12-18,2024,12,6,Morning (6AM-12PM),PAR,Non-Heinous,Cyber Crime,Phishing,Charge Sheeted,13.01712,76.14857
4287,400230001202304287,Chamarajanagar,1,2023-09-14,2023,9,3,Night (12AM-6AM),UDR,Non-Heinous,Crimes Against Property,Robbery,Under Investigation,11.97225,77.02562
4288,700120003202304288,Vijayapura,3,2023-07-05,2023,7,4,Night (12AM-6AM),Zero FIR,Non-Heinous,Crimes Against Property,Burglary,False Case,16.84873,75.67557
4289,100020001202404289,Bengaluru Rural,1,2024-06-18,2024,6,17,Afternoon (12PM-6PM),FIR,Non-Heinous,Crimes Against Property,Burglary,Charge Sheeted,13.24306,77.55297
4290,100240002202304290,Kodagu,2,2023-04-13,2023,4,2,Night (12AM-6AM),FIR,Non-Heinous,Economic Offences,Cheating,Undetected,12.33027,75.81034
4291,100020002202304291,Bengaluru Rural,2,2023-10-24,2023,10,18,Evening (6PM-12AM),PAR,Non-Heinous,Economic Offences,Cheating,Charge Sheeted,13.30658,77.50713
4292,700180004202504292,Mandya,4,2025-04-13,2025,4,1,Night (12AM-6AM),Zero FIR,Non-Heinous,Crimes Against Property,Dacoity,Charge Sheeted,12.53,76.95485
4293,100120003202204293,Vijayapura,3,2022-01-08,2022,1,21,Evening (6PM-12AM),FIR,Non-Heinous,Crimes Against Women,Molestation,Charge Sheeted,16.80013,75.78479
4294,100180003202404294,Mandya,3,2024-11-11,2024,11,12,Afternoon (12PM-6PM),FIR,Non-Heinous,Public Order,Unlawful Assembly,Undetected,12.50944,76.98764
4295,100020002202504295,Bengaluru Rural,2,2025-07-04,2025,7,14,Afternoon (12PM-6PM),FIR,Non-Heinous,Crimes Against Property,Dacoity,Charge Sheeted,13.20138,77.58597
4296,100140003202504296,Bidar,3,2025-08-24,2025,8,6,Morning (6AM-12PM),PAR,Non-Heinous,Crimes Against Women,Molestation,Under Investigation,17.87615,77.61605
4297,100280003202604297,Haveri,3,2026-06-26,2026,6,3,Night (12AM-6AM),FIR,Non-Heinous,Crimes Against Body,Attempt to Murder,Charge Sheeted,14.6774,75.43584
4298,700110001202404298,Davanagere,1,2024-06-06,2024,6,0,Night (12AM-6AM),Zero FIR,Non-Heinous,Crimes Against Property,Theft,Under Investigation,14.45391,75.89296
4299,100190001202304299,Hassan,1,2023-04-18,2023,4,12,Afternoon (12PM-6PM),FIR,Non-Heinous,Crimes Against Property,Dacoity,Under Investigation,13.04593,76.09871
4300,100060002202604300,Kalaburagi,2,2026-02-14,2026,2,2,Night (12AM-6AM),FIR,Heinous,Crimes Against Women,Molestation,False Case,17.32246,76.80213
4301,100110002202604301,Davanagere,2,2026-11-16,2026,11,18,Evening (6PM-12AM),FIR,Non-Heinous,Crimes Against Property,Theft,False Case,14.60722,75.8412
4302,100020001202204302,Bengaluru Rural,1,2022-06-21,2022,6,2,Night (12AM-6AM),PAR,Non-Heinous,Crimes Against Body,Grievous Hurt,Closed,13.31639,77.58899
4303,400110002202204303,Davanagere,2,2022-01-06,2022,1,11,Morning (6AM-12PM),UDR,Heinous,Crimes Against Women,Domestic Violence,Under Investigation,14.46413,75.99235
4304,400030003202204304,Mysuru,3,2022-09-08,2022,9,1,Night (12AM-6AM),UDR,Non-Heinous,Crimes Against Property,Dacoity,False Case,12.29087,76.60297
4305,100110004202604305,Davanagere,4,2026-01-16,2026,1,6,Morning (6AM-12PM),FIR,Heinous,Crimes Against Body,Attempt to Murder,False Case,14.43451,75.95567
4306,400050004202604306,Belagavi,4,2026-09-08,2026,9,20,Evening (6PM-12AM),UDR,Non-Heinous,Crimes Against Women,Molestation,Charge Sheeted,15.89812,74.46529
4307,100240003202504307,Kodagu,3,2025-05-10,2025,5,3,Night (12AM-6AM),FIR,Non-Heinous,Crimes Against Body,Murder,Under Investigation,12.29242,75.78365
4308,700200002202504308,Chitradurga,2,2025-03-10,2025,3,0,Night (12AM-6AM),Zero FIR,Heinous,Crimes Against Body,Grievous Hurt,Charge Sheeted,14.33384,76.40692
4309,100080002202504309,Ballari,2,2025-04-07,2025,4,2,Night (12AM-6AM),PAR,Non-Heinous,Crimes Against Property,Robbery,False Case,15.13621,76.90104
4310,400020002202304310,Bengaluru Rural,2,2023-02-18,2023,2,14,Afternoon (12PM-6PM),UDR,Non-Heinous,Cyber Crime,Online Fraud,Charge Sheeted,13.33583,77.58156
4311,100070002202604311,Hubballi-Dharwad,2,2026-07-14,2026,7,3,Night (12AM-6AM),FIR,Heinous,Crimes Against Body,Grievous Hurt,Charge Sheeted,15.37135,75.14912
4312,100030003202604312,Mysuru,3,2026-06-15,2026,6,15,Afternoon (12PM-6PM),FIR,Heinous,Crimes Against Women,Sexual Assault,Closed,12.33786,76.69785
4313,100130003202604313,Raichur,3,2026-09-20,2026,9,14,Afternoon (12PM-6PM),FIR,Non-Heinous,Crimes Against Property,Robbery,False Case,16.0351,77.28988
4314,100140004202604314,Bidar,4,2026-12-18,2026,12,3,Night (12AM-6AM),FIR,Non-Heinous,Cyber Crime,Phishing,Charge Sheeted,17.92157,77.48152
4315,100220003202204315,Yadgir,3,2022-03-01,2022,3,2,Night (12AM-6AM),FIR,Heinous,Crimes Against Women,Molestation,Undetected,16.75244,77.124
4316,100050003202304316,Belagavi,3,2023-08-08,2023,8,20,Evening (6PM-12AM),FIR,Non-Heinous,Crimes Against Property,Robbery,Closed,15.824,74.41926
4317,100150001202604317,Chikkamagaluru,1,2026-10-22,2026,10,3,Night (12AM-6AM),FIR,Heinous,Crimes Against Body,Grievous Hurt,Closed,13.34913,75.82679
4318,100220001202404318,Yadgir,1,2024-07-06,2024,7,11,Morning (6AM-12PM),FIR,Non-Heinous,Narcotics,NDPS Possession,Under Investigation,16.80953,77.23525
4319,100270001202204319,Bagalkot,1,2022-02-17,2022,2,9,Morning (6AM-12PM),FIR,Non-Heinous,Crimes Against Property,Burglary,Undetected,16.21497,75.61585
4320,100110003202404320,Davanagere,3,2024-07-08,2024,7,5,Night (12AM-6AM),FIR,Non-Heinous,Economic Offences,Forgery,False Case,14.44404,75.90377
4321,100050004202504321,Belagavi,4,2025-09-24,2025,9,2,Night (12AM-6AM),FIR,Heinous,Crimes Against Body,Assault,Under Investigation,15.84897,74.49976
4322,100050003202604322,Belagavi,3,2026-01-24,2026,1,3,Night (12AM-6AM),FIR,Non-Heinous,Crimes Against Property,Theft,Under Investigation,15.81655,74.49956
4323,700020004202304323,Bengaluru Rural,4,2023-10-15,2023,10,10,Morning (6AM-12PM),Zero FIR,Heinous,Crimes Against Women,Sexual Assault,False Case,13.20878,77.51642
4324,100040001202404324,Mangaluru (Dakshina Kannada),1,2024-11-17,2024,11,22,Evening (6PM-12AM),FIR,Non-Heinous,Crimes Against Women,Dowry Harassment,Charge Sheeted,12.89323,74.84975
4325,100040001202504325,Mangaluru (Dakshina Kannada),1,2025-01-16,2025,1,11,Morning (6AM-12PM),FIR,Non-Heinous,Crimes Against Body,Attempt to Murder,Under Investigation,12.98631,74.88319
4326,100250002202604326,Ramanagara,2,2026-05-18,2026,5,4,Night (12AM-6AM),FIR,Non-Heinous,Economic Offences,Forgery,Closed,12.71463,77.16686
4327,100010002202204327,Bengaluru City,2,2022-07-06,2022,7,7,Morning (6AM-12PM),FIR,Heinous,Crimes Against Body,Grievous Hurt,Charge Sheeted,12.99754,77.56295
4328,400040004202304328,Mangaluru (Dakshina Kannada),4,2023-12-12,2023,12,16,Afternoon (12PM-6PM),UDR,Non-Heinous,Crimes Against Property,Theft,Closed,12.97506,74.8399
4329,400140001202604329,Bidar,1,2026-04-19,2026,4,7,Morning (6AM-12PM),UDR,Non-Heinous,Crimes Against Body,Murder,Undetected,18.00556,77.57292
4330,100240004202404330,Kodagu,4,2024-07-17,2024,7,6,Morning (6AM-12PM),PAR,Non-Heinous,Crimes Against Property,Theft,Closed,12.44901,75.85072
4331,100280004202604331,Haveri,4,2026-09-25,2026,9,23,Evening (6PM-12AM),FIR,Non-Heinous,Cyber Crime,Cyberstalking,False Case,14.91528,75.42876
4332,400080001202204332,Ballari,1,2022-05-16,2022,5,18,Evening (6PM-12AM),UDR,Non-Heinous,Crimes Against Women,Sexual Assault,Charge Sheeted,15.12846,76.94581
4333,400080003202504333,Ballari,3,2025-02-22,2025,2,0,Night (12AM-6AM),UDR,Heinous,Crimes Against Body,Murder,Closed,15.21793,76.95568
4334,700090003202204334,Tumakuru,3,2022-12-16,2022,12,6,Morning (6AM-12PM),Zero FIR,Non-Heinous,Crimes Against Body,Attempt to Murder,Undetected,13.41891,77.14303
4335,100280001202604335,Haveri,1,2026-10-11,2026,10,5,Night (12AM-6AM),FIR,Non-Heinous,Crimes Against Property,Dacoity,False Case,14.68337,75.4245
4336,100050003202404336,Belagavi,3,2024-05-14,2024,5,4,Night (12AM-6AM),FIR,Non-Heinous,Crimes Against Property,Burglary,Closed,15.82681,74.4824
4337,700050001202604337,Belagavi,1,2026-03-27,2026,3,5,Night (12AM-6AM),Zero FIR,Non-Heinous,Crimes Against Property,Dacoity,Closed,15.79746,74.49946
4338,100070001202204338,Hubballi-Dharwad,1,2022-11-22,2022,11,22,Evening (6PM-12AM),FIR,Non-Heinous,Crimes Against Property,Dacoity,Under Investigation,15.26178,75.14408
4339,100210003202404339,Koppal,3,2024-07-03,2024,7,22,Evening (6PM-12AM),FIR,Non-Heinous,Crimes Against Property,Robbery,Under Investigation,15.39081,76.19627
4340,100010002202204340,Bengaluru City,2,2022-12-04,2022,12,18,Evening (6PM-12AM),FIR,Non-Heinous,Crimes Against Property,Robbery,False Case,13.00772,77.6574
4341,100070004202404341,Hubballi-Dharwad,4,2024-05-01,2024,5,18,Evening (6PM-12AM),FIR,Non-Heinous,Crimes Against Property,Theft,Charge Sheeted,15.21551,75.17671
4342,700050003202604342,Belagavi,3,2026-11-06,2026,11,8,Morning (6AM-12PM),Zero FIR,Non-Heinous,Crimes Against Property,Robbery,Under Investigation,15.7861,74.48442
4343,100020004202604343,Bengaluru Rural,4,2026-09-08,2026,9,22,Evening (6PM-12AM),FIR,Non-Heinous,Cyber Crime,Identity Theft,Under Investigation,13.24905,77.50221
4344,700250004202504344,Ramanagara,4,2025-09-24,2025,9,20,Evening (6PM-12AM),Zero FIR,Non-Heinous,Crimes Against Property,Burglary,Closed,12.6715,77.33522
4345,100020002202204345,Bengaluru Rural,2,2022-01-07,2022,1,22,Evening (6PM-12AM),FIR,Non-Heinous,Crimes Against Property,Dacoity,Closed,13.32055,77.58706
4346,400140002202204346,Bidar,2,2022-03-09,2022,3,12,Afternoon (12PM-6PM),UDR,Non-Heinous,Crimes Against Property,Burglary,Charge Sheeted,17.86917,77.52583
4347,700030002202404347,Mysuru,2,2024-08-14,2024,8,16,Afternoon (12PM-6PM),Zero FIR,Non-Heinous,Crimes Against Women,Sexual Assault,Charge Sheeted,12.32905,76.68939
4348,100060001202204348,Kalaburagi,1,2022-02-21,2022,2,19,Evening (6PM-12AM),FIR,Non-Heinous,Crimes Against Property,Robbery,Charge Sheeted,17.36541,76.79719
4349,100010002202604349,Bengaluru City,2,2026-03-21,2026,3,13,Afternoon (12PM-6PM),FIR,Heinous,Crimes Against Women,Domestic Violence,Undetected,12.91124,77.67178
4350,100010003202604350,Bengaluru City,3,2026-05-26,2026,5,22,Evening (6PM-12AM),FIR,Heinous,Crimes Against Women,Sexual Assault,Charge Sheeted,12.97768,77.50646
4351,100030001202304351,Mysuru,1,2023-07-25,2023,7,1,Night (12AM-6AM),FIR,Non-Heinous,Economic Offences,Criminal Breach of Trust,Under Investigation,12.26224,76.69221
4352,100010001202504352,Bengaluru City,1,2025-05-26,2025,5,13,Afternoon (12PM-6PM),FIR,Non-Heinous,Crimes Against Women,Sexual Assault,Under Investigation,13.0046,77.6176
4353,100090003202504353,Tumakuru,3,2025-06-05,2025,6,17,Afternoon (12PM-6PM),PAR,Non-Heinous,Cyber Crime,Cyberstalking,Undetected,13.19949,77.17167
4354,100040003202404354,Mangaluru (Dakshina Kannada),3,2024-03-21,2024,3,13,Afternoon (12PM-6PM),FIR,Non-Heinous,Economic Offences,Forgery,Undetected,12.80336,74.99429
4355,700250003202404355,Ramanagara,3,2024-01-25,2024,1,15,Afternoon (12PM-6PM),Zero FIR,Non-Heinous,Crimes Against Property,Robbery,Under Investigation,12.65566,77.25148
4356,100080002202404356,Ballari,2,2024-12-14,2024,12,2,Night (12AM-6AM),FIR,Heinous,Crimes Against Women,Molestation,False Case,15.02875,76.85794
4357,100010002202204357,Bengaluru City,2,2022-05-22,2022,5,17,Afternoon (12PM-6PM),FIR,Non-Heinous,Crimes Against Property,Robbery,Charge Sheeted,13.02006,77.56327
4358,100160002202604358,Udupi,2,2026-09-22,2026,9,23,Evening (6PM-12AM),FIR,Non-Heinous,Crimes Against Body,Murder,Closed,13.27747,74.70834
4359,100020002202404359,Bengaluru Rural,2,2024-05-21,2024,5,0,Night (12AM-6AM),FIR,Non-Heinous,Narcotics,NDPS Trafficking,Undetected,13.31712,77.53739
4360,100080004202404360,Ballari,4,2024-02-25,2024,2,7,Morning (6AM-12PM),FIR,Non-Heinous,Economic Offences,Cheating,Under Investigation,15.21987,76.90664
4361,100010001202604361,Bengaluru City,1,2026-11-15,2026,11,16,Afternoon (12PM-6PM),FIR,Heinous,Crimes Against Body,Grievous Hurt,Charge Sheeted,12.94656,77.54563
4362,100050003202304362,Belagavi,3,2023-09-09,2023,9,18,Evening (6PM-12AM),FIR,Non-Heinous,Narcotics,NDPS Possession,Under Investigation,15.86393,74.43991
4363,100130002202304363,Raichur,2,2023-10-02,2023,10,2,Night (12AM-6AM),FIR,Non-Heinous,Crimes Against Women,Dowry Harassment,Under Investigation,16.14395,77.33821
4364,100090002202504364,Tumakuru,2,2025-03-25,2025,3,11,Morning (6AM-12PM),FIR,Non-Heinous,Public Order,Unlawful Assembly,Charge Sheeted,13.32834,77.00834
4365,100240002202304365,Kodagu,2,2023-12-01,2023,12,11,Morning (6AM-12PM),FIR,Non-Heinous,Crimes Against Women,Sexual Assault,Charge Sheeted,12.3634,75.84213
4366,100120002202504366,Vijayapura,2,2025-11-07,2025,11,4,Night (12AM-6AM),FIR,Non-Heinous,Narcotics,NDPS Trafficking,Under Investigation,16.84179,75.72262
4367,100220004202404367,Yadgir,4,2024-07-01,2024,7,2,Night (12AM-6AM),PAR,Non-Heinous,Economic Offences,Criminal Breach of Trust,Charge Sheeted,16.81479,77.21054
4368,100230002202604368,Chamarajanagar,2,2026-08-17,2026,8,7,Morning (6AM-12PM),FIR,Non-Heinous,Crimes Against Women,Domestic Violence,Charge Sheeted,12.02959,77.02974
4369,100020003202204369,Bengaluru Rural,3,2022-06-15,2022,6,9,Morning (6AM-12PM),PAR,Non-Heinous,Crimes Against Property,Robbery,Undetected,13.2622,77.56745
4370,100020003202504370,Bengaluru Rural,3,2025-07-27,2025,7,12,Afternoon (12PM-6PM),FIR,Non-Heinous,Crimes Against Property,Dacoity,Charge Sheeted,13.36189,77.54073
4371,100080003202604371,Ballari,3,2026-09-27,2026,9,2,Night (12AM-6AM),FIR,Non-Heinous,Crimes Against Body,Grievous Hurt,Under Investigation,15.12044,76.99489
4372,100070002202504372,Hubballi-Dharwad,2,2025-05-19,2025,5,13,Afternoon (12PM-6PM),FIR,Heinous,Narcotics,NDPS Possession,Closed,15.30117,75.09313
4373,100030004202404373,Mysuru,4,2024-01-09,2024,1,9,Morning (6AM-12PM),FIR,Heinous,Crimes Against Women,Sexual Assault,Closed,12.31467,76.57973
4374,100130004202204374,Raichur,4,2022-11-10,2022,11,16,Afternoon (12PM-6PM),FIR,Non-Heinous,Cyber Crime,Phishing,Under Investigation,16.2109,77.31741
4375,700140003202204375,Bidar,3,2022-06-12,2022,6,17,Afternoon (12PM-6PM),Zero FIR,Non-Heinous,Crimes Against Property,Theft,Closed,17.8966,77.48165
4376,100280001202504376,Haveri,1,2025-10-19,2025,10,20,Evening (6PM-12AM),PAR,Non-Heinous,Economic Offences,Criminal Breach of Trust,Under Investigation,14.75527,75.43251
4377,100040004202504377,Mangaluru (Dakshina Kannada),4,2025-02-21,2025,2,8,Morning (6AM-12PM),FIR,Non-Heinous,Crimes Against Property,Theft,Under Investigation,12.95587,74.88616
4378,100010001202604378,Bengaluru City,1,2026-05-07,2026,5,9,Morning (6AM-12PM),FIR,Non-Heinous,Crimes Against Property,Theft,Under Investigation,12.97109,77.57682
4379,700020003202204379,Bengaluru Rural,3,2022-03-11,2022,3,6,Morning (6AM-12PM),Zero FIR,Non-Heinous,Economic Offences,Cheating,Closed,13.27464,77.70587
4380,100220002202304380,Yadgir,2,2023-11-24,2023,11,6,Morning (6AM-12PM),FIR,Non-Heinous,Economic Offences,Forgery,Charge Sheeted,16.85637,77.07083
4381,100010001202504381,Bengaluru City,1,2025-12-25,2025,12,0,Night (12AM-6AM),FIR,Non-Heinous,Crimes Against Body,Assault,False Case,13.05139,77.39377
4382,100150002202504382,Chikkamagaluru,2,2025-05-16,2025,5,14,Afternoon (12PM-6PM),FIR,Non-Heinous,Cyber Crime,Cyberstalking,Under Investigation,13.30685,75.70714
4383,100050001202604383,Belagavi,1,2026-01-03,2026,1,22,Evening (6PM-12AM),FIR,Non-Heinous,Crimes Against Property,Dacoity,Charge Sheeted,15.80961,74.5788
4384,100220002202404384,Yadgir,2,2024-07-24,2024,7,20,Evening (6PM-12AM),FIR,Heinous,Crimes Against Body,Grievous Hurt,Charge Sheeted,16.73428,77.15159
4385,400020003202604385,Bengaluru Rural,3,2026-01-04,2026,1,19,Evening (6PM-12AM),UDR,Non-Heinous,Crimes Against Body,Grievous Hurt,Undetected,13.35014,77.53531
4386,400010003202404386,Bengaluru City,3,2024-01-09,2024,1,4,Night (12AM-6AM),UDR,Non-Heinous,Crimes Against Property,Robbery,Under Investigation,12.93553,77.50106
4387,100240003202404387,Kodagu,3,2024-07-03,2024,7,3,Night (12AM-6AM),FIR,Non-Heinous,Crimes Against Property,Dacoity,Charge Sheeted,12.39397,75.85258
4388,100010003202504388,Bengaluru City,3,2025-11-06,2025,11,23,Evening (6PM-12AM),FIR,Non-Heinous,Crimes Against Property,Robbery,Charge Sheeted,12.97523,77.5933
4389,100020001202504389,Bengaluru Rural,1,2025-11-08,2025,11,16,Afternoon (12PM-6PM),FIR,Heinous,Narcotics,NDPS Possession,Charge Sheeted,13.33546,77.47747
4390,100200003202404390,Chitradurga,3,2024-09-15,2024,9,5,Night (12AM-6AM),FIR,Non-Heinous,Crimes Against Women,Molestation,Closed,14.16707,76.49251
4391,700180001202304391,Mandya,1,2023-03-14,2023,3,10,Morning (6AM-12PM),Zero FIR,Non-Heinous,Crimes Against Property,Dacoity,Charge Sheeted,12.49823,76.88944
4392,700230004202604392,Chamarajanagar,4,2026-01-21,2026,1,22,Evening (6PM-12AM),Zero FIR,Heinous,Crimes Against Women,Domestic Violence,Charge Sheeted,11.89614,76.92144
4393,100050001202204393,Belagavi,1,2022-06-24,2022,6,10,Morning (6AM-12PM),FIR,Heinous,Crimes Against Body,Murder,Charge Sheeted,15.82598,74.55817
4394,100110004202404394,Davanagere,4,2024-06-25,2024,6,13,Afternoon (12PM-6PM),FIR,Non-Heinous,Crimes Against Property,Burglary,Closed,14.48091,76.0006
4395,100220001202204395,Yadgir,1,2022-01-27,2022,1,0,Night (12AM-6AM),FIR,Non-Heinous,Crimes Against Women,Dowry Harassment,Undetected,16.91425,77.07396
4396,100180002202404396,Mandya,2,2024-09-25,2024,9,20,Evening (6PM-12AM),FIR,Non-Heinous,Economic Offences,Cheating,Under Investigation,12.59217,77.01764
4397,100020002202504397,Bengaluru Rural,2,2025-10-05,2025,10,15,Afternoon (12PM-6PM),PAR,Non-Heinous,Crimes Against Property,Dacoity,Charge Sheeted,13.22159,77.61085
4398,100020001202604398,Bengaluru Rural,1,2026-10-19,2026,10,19,Evening (6PM-12AM),FIR,Non-Heinous,Crimes Against Women,Dowry Harassment,Under Investigation,13.26957,77.5539
4399,100220001202604399,Yadgir,1,2026-05-01,2026,5,12,Afternoon (12PM-6PM),FIR,Non-Heinous,Economic Offences,Forgery,Under Investigation,16.84528,77.06011
4400,100050002202204400,Belagavi,2,2022-06-11,2022,6,15,Afternoon (12PM-6PM),FIR,Non-Heinous,Crimes Against Women,Sexual Assault,Under Investigation,15.81224,74.57465
4401,100020004202304401,Bengaluru Rural,4,2023-12-04,2023,12,7,Morning (6AM-12PM),FIR,Non-Heinous,Crimes Against Body,Murder,Under Investigation,13.31087,77.60648
4402,100270004202404402,Bagalkot,4,2024-06-23,2024,6,9,Morning (6AM-12PM),PAR,Non-Heinous,Crimes Against Women,Sexual Assault,Under Investigation,16.14072,75.61744
4403,100020003202604403,Bengaluru Rural,3,2026-03-26,2026,3,13,Afternoon (12PM-6PM),FIR,Non-Heinous,Economic Offences,Cheating,Under Investigation,13.28164,77.53864
4404,400190002202204404,Hassan,2,2022-05-26,2022,5,22,Evening (6PM-12AM),UDR,Non-Heinous,Cyber Crime,Cyberstalking,Closed,13.05211,76.14832
4405,100030003202504405,Mysuru,3,2025-12-26,2025,12,7,Morning (6AM-12PM),FIR,Non-Heinous,Economic Offences,Criminal Breach of Trust,Under Investigation,12.21213,76.61537
4406,100290001202404406,Gadag,1,2024-09-15,2024,9,16,Afternoon (12PM-6PM),FIR,Non-Heinous,Crimes Against Body,Attempt to Murder,Charge Sheeted,15.39414,75.58099
4407,700010003202604407,Bengaluru City,3,2026-02-24,2026,2,8,Morning (6AM-12PM),Zero FIR,Non-Heinous,Crimes Against Women,Dowry Harassment,False Case,12.94533,77.54037
4408,700270003202204408,Bagalkot,3,2022-12-22,2022,12,15,Afternoon (12PM-6PM),Zero FIR,Non-Heinous,Narcotics,NDPS Trafficking,Under Investigation,16.15501,75.64319
4409,100090001202504409,Tumakuru,1,2025-01-21,2025,1,16,Afternoon (12PM-6PM),PAR,Heinous,Crimes Against Body,Grievous Hurt,Charge Sheeted,13.32973,77.18807
4410,100230004202404410,Chamarajanagar,4,2024-10-02,2024,10,9,Morning (6AM-12PM),FIR,Non-Heinous,Cyber Crime,Cyberstalking,Under Investigation,11.92202,76.89544
4411,100280001202304411,Haveri,1,2023-06-25,2023,6,10,Morning (6AM-12PM),FIR,Non-Heinous,Crimes Against Property,Theft,Under Investigation,14.7782,75.46385
4412,100050003202404412,Belagavi,3,2024-05-06,2024,5,3,Night (12AM-6AM),FIR,Non-Heinous,Crimes Against Body,Assault,Charge Sheeted,15.86989,74.53838
4413,100030004202304413,Mysuru,4,2023-11-26,2023,11,19,Evening (6PM-12AM),FIR,Non-Heinous,Crimes Against Women,Dowry Harassment,Charge Sheeted,12.3227,76.56022
4414,400180001202304414,Mandya,1,2023-10-14,2023,10,11,Morning (6AM-12PM),UDR,Non-Heinous,Crimes Against Property,Theft,Under Investigation,12.41373,76.83173
4415,100010001202404415,Bengaluru City,1,2024-04-09,2024,4,10,Morning (6AM-12PM),FIR,Non-Heinous,Economic Offences,Cheating,Charge Sheeted,12.92794,77.60882
4416,400010002202304416,Bengaluru City,2,2023-12-25,2023,12,4,Night (12AM-6AM),UDR,Heinous,Crimes Against Body,Attempt to Murder,Charge Sheeted,12.98619,77.62201
4417,100140001202204417,Bidar,1,2022-05-18,2022,5,21,Evening (6PM-12AM),FIR,Non-Heinous,Crimes Against Women,Sexual Assault,Charge Sheeted,17.84842,77.44645
4418,100270001202604418,Bagalkot,1,2026-11-27,2026,11,12,Afternoon (12PM-6PM),FIR,Heinous,Crimes Against Body,Grievous Hurt,Charge Sheeted,16.21968,75.6257
4419,100020004202604419,Bengaluru Rural,4,2026-05-05,2026,5,8,Morning (6AM-12PM),FIR,Non-Heinous,Crimes Against Body,Assault,Charge Sheeted,13.29493,77.66071
4420,400050004202604420,Belagavi,4,2026-09-03,2026,9,9,Morning (6AM-12PM),UDR,Non-Heinous,Crimes Against Body,Attempt to Murder,Under Investigation,15.80396,74.5615
4421,100110003202604421,Davanagere,3,2026-05-14,2026,5,21,Evening (6PM-12AM),FIR,Non-Heinous,Economic Offences,Cheating,Under Investigation,14.53304,75.92978
4422,100090002202204422,Tumakuru,2,2022-04-13,2022,4,4,Night (12AM-6AM),FIR,Heinous,Crimes Against Body,Attempt to Murder,Under Investigation,13.26154,77.14205
4423,100140001202404423,Bidar,1,2024-03-02,2024,3,1,Night (12AM-6AM),PAR,Non-Heinous,Crimes Against Property,Theft,Closed,17.90792,77.48037
4424,100130004202604424,Raichur,4,2026-12-14,2026,12,5,Night (12AM-6AM),FIR,Non-Heinous,Cyber Crime,Online Fraud,Closed,16.24933,77.41427
4425,100160004202304425,Udupi,4,2023-04-21,2023,4,1,Night (12AM-6AM),FIR,Non-Heinous,Crimes Against Property,Robbery,False Case,13.31257,74.80886
4426,100130001202404426,Raichur,1,2024-12-21,2024,12,6,Morning (6AM-12PM),FIR,Non-Heinous,Crimes Against Body,Assault,Under Investigation,16.23285,77.30594
4427,100130004202604427,Raichur,4,2026-02-15,2026,2,13,Afternoon (12PM-6PM),FIR,Heinous,Crimes Against Body,Grievous Hurt,Under Investigation,16.22746,77.34538
4428,100160001202204428,Udupi,1,2022-07-10,2022,7,15,Afternoon (12PM-6PM),FIR,Non-Heinous,Crimes Against Body,Murder,Charge Sheeted,13.34556,74.7643
4429,100240004202504429,Kodagu,4,2025-08-10,2025,8,16,Afternoon (12PM-6PM),FIR,Non-Heinous,Crimes Against Body,Assault,Closed,12.26224,75.83711
4430,100150003202604430,Chikkamagaluru,3,2026-06-09,2026,6,22,Evening (6PM-12AM),FIR,Non-Heinous,Crimes Against Property,Dacoity,Under Investigation,13.26159,75.69143
4431,100260003202604431,Chikkaballapur,3,2026-05-03,2026,5,4,Night (12AM-6AM),FIR,Non-Heinous,Narcotics,NDPS Possession,Charge Sheeted,13.49503,77.78553
4432,100010004202504432,Bengaluru City,4,2025-05-05,2025,5,6,Morning (6AM-12PM),FIR,Heinous,Crimes Against Body,Murder,Under Investigation,12.95843,77.55559
4433,100150003202604433,Chikkamagaluru,3,2026-01-17,2026,1,15,Afternoon (12PM-6PM),FIR,Non-Heinous,Crimes Against Property,Robbery,Charge Sheeted,13.41368,75.72651
4434,100130002202504434,Raichur,2,2025-01-09,2025,1,13,Afternoon (12PM-6PM),FIR,Non-Heinous,Crimes Against Property,Theft,Charge Sheeted,16.22762,77.28038
4435,100050004202304435,Belagavi,4,2023-06-14,2023,6,18,Evening (6PM-12AM),FIR,Non-Heinous,Crimes Against Women,Sexual Assault,Closed,15.91898,74.49717
4436,100020003202404436,Bengaluru Rural,3,2024-12-26,2024,12,10,Morning (6AM-12PM),FIR,Non-Heinous,Crimes Against Body,Murder,False Case,13.2508,77.5689
4437,100220002202504437,Yadgir,2,2025-11-11,2025,11,0,Night (12AM-6AM),FIR,Non-Heinous,Crimes Against Body,Assault,Charge Sheeted,16.74448,77.12385
4438,100010003202404438,Bengaluru City,3,2024-01-14,2024,1,8,Morning (6AM-12PM),FIR,Non-Heinous,Crimes Against Women,Domestic Violence,False Case,12.99882,77.54335
4439,100230003202504439,Chamarajanagar,3,2025-03-07,2025,3,2,Night (12AM-6AM),FIR,Non-Heinous,Crimes Against Women,Sexual Assault,Closed,11.88303,76.89339
4440,100050003202404440,Belagavi,3,2024-04-25,2024,4,4,Night (12AM-6AM),FIR,Heinous,Crimes Against Body,Grievous Hurt,Charge Sheeted,15.88326,74.50576
4441,100230001202404441,Chamarajanagar,1,2024-07-19,2024,7,23,Evening (6PM-12AM),PAR,Non-Heinous,Crimes Against Property,Burglary,False Case,11.82099,76.89658
4442,100110004202304442,Davanagere,4,2023-01-05,2023,1,2,Night (12AM-6AM),FIR,Non-Heinous,Crimes Against Property,Dacoity,Charge Sheeted,14.53149,75.95015
4443,100290001202404443,Gadag,1,2024-11-20,2024,11,18,Evening (6PM-12AM),FIR,Non-Heinous,Cyber Crime,Online Fraud,False Case,15.37702,75.6048
4444,700050004202304444,Belagavi,4,2023-03-10,2023,3,16,Afternoon (12PM-6PM),Zero FIR,Non-Heinous,Crimes Against Property,Burglary,Closed,15.85452,74.48081
4445,100050002202304445,Belagavi,2,2023-06-03,2023,6,7,Morning (6AM-12PM),FIR,Non-Heinous,Economic Offences,Cheating,Under Investigation,15.85036,74.50174
4446,100010001202304446,Bengaluru City,1,2023-02-14,2023,2,2,Night (12AM-6AM),PAR,Non-Heinous,Crimes Against Property,Burglary,Closed,12.92865,77.5727
4447,100040002202604447,Mangaluru (Dakshina Kannada),2,2026-05-10,2026,5,11,Morning (6AM-12PM),FIR,Heinous,Narcotics,NDPS Trafficking,Under Investigation,13.06541,74.89244
4448,400030003202204448,Mysuru,3,2022-08-26,2022,8,18,Evening (6PM-12AM),UDR,Non-Heinous,Crimes Against Property,Dacoity,Charge Sheeted,12.33006,76.67051
4449,100070002202604449,Hubballi-Dharwad,2,2026-08-22,2026,8,17,Afternoon (12PM-6PM),FIR,Non-Heinous,Economic Offences,Criminal Breach of Trust,Under Investigation,15.38531,75.03942
4450,400030001202404450,Mysuru,1,2024-05-09,2024,5,12,Afternoon (12PM-6PM),UDR,Non-Heinous,Crimes Against Property,Theft,Closed,12.4235,76.66128
4451,100090004202404451,Tumakuru,4,2024-10-08,2024,10,13,Afternoon (12PM-6PM),FIR,Non-Heinous,Economic Offences,Cheating,Closed,13.3644,77.10346
4452,400190003202204452,Hassan,3,2022-04-08,2022,4,20,Evening (6PM-12AM),UDR,Non-Heinous,Cyber Crime,Cyberstalking,Under Investigation,12.9724,76.15029
4453,100140004202604453,Bidar,4,2026-11-05,2026,11,4,Night (12AM-6AM),FIR,Non-Heinous,Crimes Against Body,Attempt to Murder,Charge Sheeted,17.86671,77.57371
4454,100010001202204454,Bengaluru City,1,2022-03-26,2022,3,23,Evening (6PM-12AM),FIR,Heinous,Narcotics,NDPS Trafficking,Under Investigation,12.9388,77.61504
4455,100050001202204455,Belagavi,1,2022-01-27,2022,1,12,Afternoon (12PM-6PM),FIR,Heinous,Crimes Against Body,Murder,Under Investigation,15.77706,74.51753
4456,100010004202404456,Bengaluru City,4,2024-08-08,2024,8,0,Night (12AM-6AM),FIR,Non-Heinous,Crimes Against Women,Sexual Assault,Under Investigation,13.06979,77.6214
4457,100300002202604457,Uttara Kannada,2,2026-06-02,2026,6,9,Morning (6AM-12PM),FIR,Non-Heinous,Crimes Against Body,Attempt to Murder,Under Investigation,14.78186,74.72294
4458,100280004202504458,Haveri,4,2025-03-07,2025,3,18,Evening (6PM-12AM),FIR,Non-Heinous,Crimes Against Property,Robbery,Charge Sheeted,14.69981,75.41533
4459,100200001202504459,Chitradurga,1,2025-01-15,2025,1,9,Morning (6AM-12PM),FIR,Non-Heinous,Crimes Against Body,Assault,Charge Sheeted,14.152,76.43415
4460,100020002202604460,Bengaluru Rural,2,2026-10-20,2026,10,6,Morning (6AM-12PM),FIR,Non-Heinous,Crimes Against Body,Assault,False Case,13.26566,77.63988
4461,100110002202504461,Davanagere,2,2025-07-06,2025,7,22,Evening (6PM-12AM),FIR,Non-Heinous,Cyber Crime,Online Fraud,Closed,14.53477,75.94133
4462,100230002202604462,Chamarajanagar,2,2026-04-10,2026,4,7,Morning (6AM-12PM),FIR,Non-Heinous,Cyber Crime,Identity Theft,Under Investigation,11.90404,76.94543
4463,100080003202404463,Ballari,3,2024-01-22,2024,1,0,Night (12AM-6AM),PAR,Non-Heinous,Crimes Against Property,Burglary,Under Investigation,15.14956,76.92704
4464,100100001202504464,Shivamogga,1,2025-02-02,2025,2,8,Morning (6AM-12PM),FIR,Non-Heinous,Crimes Against Body,Grievous Hurt,Charge Sheeted,13.99082,75.56359
4465,100270004202404465,Bagalkot,4,2024-08-24,2024,8,20,Evening (6PM-12AM),PAR,Non-Heinous,Crimes Against Body,Murder,Closed,16.25055,75.6454
4466,100110003202204466,Davanagere,3,2022-11-18,2022,11,14,Afternoon (12PM-6PM),FIR,Non-Heinous,Crimes Against Property,Dacoity,Closed,14.49956,75.92055
4467,100030002202604467,Mysuru,2,2026-03-16,2026,3,20,Evening (6PM-12AM),FIR,Non-Heinous,Crimes Against Property,Theft,Undetected,12.2602,76.63613
4468,100010002202604468,Bengaluru City,2,2026-02-07,2026,2,9,Morning (6AM-12PM),FIR,Non-Heinous,Economic Offences,Forgery,Charge Sheeted,13.01653,77.70934
4469,700060001202304469,Kalaburagi,1,2023-03-21,2023,3,6,Morning (6AM-12PM),Zero FIR,Non-Heinous,Crimes Against Property,Burglary,Charge Sheeted,17.27549,76.89875
4470,100240001202604470,Kodagu,1,2026-02-11,2026,2,15,Afternoon (12PM-6PM),FIR,Non-Heinous,Crimes Against Property,Robbery,Charge Sheeted,12.40862,75.79428
4471,100010004202504471,Bengaluru City,4,2025-10-16,2025,10,17,Afternoon (12PM-6PM),FIR,Non-Heinous,Public Order,Unlawful Assembly,Closed,12.88427,77.67344
4472,100140003202204472,Bidar,3,2022-03-21,2022,3,20,Evening (6PM-12AM),FIR,Heinous,Crimes Against Women,Sexual Assault,Under Investigation,17.98689,77.43575
4473,100190003202304473,Hassan,3,2023-11-16,2023,11,5,Night (12AM-6AM),FIR,Heinous,Crimes Against Women,Molestation,Under Investigation,12.98811,76.05784
4474,100080003202604474,Ballari,3,2026-05-05,2026,5,20,Evening (6PM-12AM),FIR,Heinous,Crimes Against Women,Dowry Harassment,Closed,15.12831,76.96312
4475,100020001202304475,Bengaluru Rural,1,2023-01-03,2023,1,22,Evening (6PM-12AM),FIR,Non-Heinous,Crimes Against Body,Assault,Under Investigation,13.27365,77.55195
4476,700270004202504476,Bagalkot,4,2025-07-23,2025,7,19,Evening (6PM-12AM),Zero FIR,Heinous,Crimes Against Body,Murder,Closed,16.11131,75.63895
4477,700140002202404477,Bidar,2,2024-12-01,2024,12,17,Afternoon (12PM-6PM),Zero FIR,Non-Heinous,Crimes Against Body,Murder,Charge Sheeted,17.94912,77.64102
4478,100030004202404478,Mysuru,4,2024-04-04,2024,4,11,Morning (6AM-12PM),FIR,Heinous,Crimes Against Women,Domestic Violence,Under Investigation,12.21991,76.61585
4479,400020001202404479,Bengaluru Rural,1,2024-07-06,2024,7,15,Afternoon (12PM-6PM),UDR,Non-Heinous,Crimes Against Property,Robbery,Closed,13.28692,77.53922
4480,100010003202404480,Bengaluru City,3,2024-03-03,2024,3,8,Morning (6AM-12PM),FIR,Non-Heinous,Public Order,Rioting,Charge Sheeted,13.0369,77.65734
4481,400020002202604481,Bengaluru Rural,2,2026-03-22,2026,3,1,Night (12AM-6AM),UDR,Non-Heinous,Public Order,Unlawful Assembly,Charge Sheeted,13.23034,77.49241
4482,700020001202604482,Bengaluru Rural,1,2026-01-03,2026,1,18,Evening (6PM-12AM),Zero FIR,Non-Heinous,Crimes Against Body,Grievous Hurt,Charge Sheeted,13.39875,77.58897
4483,700050003202404483,Belagavi,3,2024-02-04,2024,2,7,Morning (6AM-12PM),Zero FIR,Non-Heinous,Crimes Against Women,Sexual Assault,Undetected,15.79791,74.42554
4484,400010002202604484,Bengaluru City,2,2026-05-07,2026,5,0,Night (12AM-6AM),UDR,Non-Heinous,Economic Offences,Forgery,Closed,12.90114,77.54548
4485,100020001202604485,Bengaluru Rural,1,2026-09-06,2026,9,0,Night (12AM-6AM),FIR,Non-Heinous,Cyber Crime,Identity Theft,Under Investigation,13.30169,77.54415
4486,100070004202204486,Hubballi-Dharwad,4,2022-04-14,2022,4,12,Afternoon (12PM-6PM),PAR,Heinous,Crimes Against Women,Dowry Harassment,Charge Sheeted,15.3617,75.06982
4487,400140001202504487,Bidar,1,2025-11-20,2025,11,21,Evening (6PM-12AM),UDR,Heinous,Crimes Against Body,Murder,False Case,18.03046,77.49297
4488,100010003202604488,Bengaluru City,3,2026-02-13,2026,2,1,Night (12AM-6AM),FIR,Non-Heinous,Crimes Against Property,Robbery,Under Investigation,12.95672,77.59137
4489,100060004202404489,Kalaburagi,4,2024-09-18,2024,9,5,Night (12AM-6AM),FIR,Non-Heinous,Cyber Crime,Online Fraud,Charge Sheeted,17.30993,76.84771
4490,100020001202504490,Bengaluru Rural,1,2025-10-26,2025,10,9,Morning (6AM-12PM),FIR,Heinous,Crimes Against Women,Domestic Violence,Charge Sheeted,13.24819,77.55223
4491,100110003202404491,Davanagere,3,2024-09-21,2024,9,15,Afternoon (12PM-6PM),FIR,Non-Heinous,Crimes Against Property,Robbery,Charge Sheeted,14.44288,76.07262
4492,100210003202404492,Koppal,3,2024-12-13,2024,12,11,Morning (6AM-12PM),FIR,Heinous,Crimes Against Body,Grievous Hurt,Under Investigation,15.23529,76.11192
4493,100050003202604493,Belagavi,3,2026-12-27,2026,12,17,Afternoon (12PM-6PM),FIR,Non-Heinous,Crimes Against Property,Theft,False Case,15.8308,74.462
4494,700260002202404494,Chikkaballapur,2,2024-08-03,2024,8,4,Night (12AM-6AM),Zero FIR,Heinous,Crimes Against Women,Dowry Harassment,Under Investigation,13.4586,77.71618
4495,100020004202404495,Bengaluru Rural,4,2024-03-24,2024,3,5,Night (12AM-6AM),FIR,Non-Heinous,Crimes Against Property,Dacoity,Under Investigation,13.21381,77.53676
4496,100010002202604496,Bengaluru City,2,2026-01-25,2026,1,12,Afternoon (12PM-6PM),FIR,Non-Heinous,Cyber Crime,Online Fraud,Closed,12.93228,77.59927
4497,100160003202504497,Udupi,3,2025-01-11,2025,1,21,Evening (6PM-12AM),FIR,Non-Heinous,Crimes Against Body,Grievous Hurt,Under Investigation,13.25657,74.68063
4498,400020001202504498,Bengaluru Rural,1,2025-10-12,2025,10,16,Afternoon (12PM-6PM),UDR,Non-Heinous,Cyber Crime,Online Fraud,Undetected,13.32792,77.58091
4499,700040003202404499,Mangaluru (Dakshina Kannada),3,2024-01-07,2024,1,22,Evening (6PM-12AM),Zero FIR,Non-Heinous,Crimes Against Property,Burglary,Charge Sheeted,12.90149,74.92245
4500,100130002202604500,Raichur,2,2026-09-14,2026,9,5,Night (12AM-6AM),FIR,Non-Heinous,Crimes Against Property,Dacoity,Charge Sheeted,16.26883,77.35129
4501,100280004202604501,Haveri,4,2026-01-02,2026,1,7,Morning (6AM-12PM),FIR,Non-Heinous,Economic Offences,Forgery,Closed,14.6629,75.48666
4502,700090001202404502,Tumakuru,1,2024-08-01,2024,8,8,Morning (6AM-12PM),Zero FIR,Non-Heinous,Economic Offences,Criminal Breach of Trust,False Case,13.27262,77.05469
4503,400260001202504503,Chikkaballapur,1,2025-10-08,2025,10,22,Evening (6PM-12AM),UDR,Non-Heinous,Crimes Against Body,Assault,Charge Sheeted,13.41096,77.72688
4504,100010001202604504,Bengaluru City,1,2026-01-22,2026,1,18,Evening (6PM-12AM),FIR,Heinous,Crimes Against Body,Attempt to Murder,Under Investigation,13.07841,77.59082
4505,100180003202504505,Mandya,3,2025-06-10,2025,6,11,Morning (6AM-12PM),FIR,Non-Heinous,Crimes Against Body,Attempt to Murder,Undetected,12.54579,76.86869
4506,100090002202304506,Tumakuru,2,2023-05-17,2023,5,23,Evening (6PM-12AM),FIR,Non-Heinous,Crimes Against Women,Dowry Harassment,Closed,13.33821,77.06616
4507,100050001202404507,Belagavi,1,2024-06-17,2024,6,9,Morning (6AM-12PM),FIR,Non-Heinous,Crimes Against Property,Burglary,Under Investigation,15.8552,74.43737
4508,100040004202604508,Mangaluru (Dakshina Kannada),4,2026-06-22,2026,6,19,Evening (6PM-12AM),FIR,Non-Heinous,Crimes Against Property,Dacoity,Charge Sheeted,12.87711,74.8666
4509,100090003202604509,Tumakuru,3,2026-09-25,2026,9,4,Night (12AM-6AM),FIR,Non-Heinous,Crimes Against Property,Dacoity,Under Investigation,13.36574,77.1345
4510,100120003202604510,Vijayapura,3,2026-08-18,2026,8,23,Evening (6PM-12AM),FIR,Non-Heinous,Economic Offences,Forgery,Under Investigation,16.83632,75.70803
4511,100230002202604511,Chamarajanagar,2,2026-07-20,2026,7,4,Night (12AM-6AM),FIR,Non-Heinous,Narcotics,NDPS Trafficking,Closed,11.9761,76.9402
4512,100030001202604512,Mysuru,1,2026-06-19,2026,6,21,Evening (6PM-12AM),FIR,Non-Heinous,Crimes Against Body,Attempt to Murder,Charge Sheeted,12.35464,76.52374
4513,100040003202504513,Mangaluru (Dakshina Kannada),3,2025-07-27,2025,7,16,Afternoon (12PM-6PM),FIR,Non-Heinous,Economic Offences,Forgery,Under Investigation,12.9481,74.83802
4514,100120002202404514,Vijayapura,2,2024-01-08,2024,1,15,Afternoon (12PM-6PM),FIR,Non-Heinous,Crimes Against Body,Attempt to Murder,Undetected,16.8815,75.78477
4515,100020002202504515,Bengaluru Rural,2,2025-09-19,2025,9,13,Afternoon (12PM-6PM),FIR,Heinous,Crimes Against Women,Domestic Violence,Charge Sheeted,13.28138,77.5731
4516,100040004202604516,Mangaluru (Dakshina Kannada),4,2026-12-03,2026,12,3,Night (12AM-6AM),FIR,Non-Heinous,Crimes Against Body,Grievous Hurt,False Case,13.03433,74.85671
4517,100020002202604517,Bengaluru Rural,2,2026-04-09,2026,4,10,Morning (6AM-12PM),PAR,Non-Heinous,Crimes Against Women,Domestic Violence,False Case,13.29208,77.44735
4518,100170004202604518,Kolar,4,2026-04-18,2026,4,20,Evening (6PM-12AM),FIR,Heinous,Narcotics,NDPS Possession,Under Investigation,13.16581,78.12213
4519,100120003202404519,Vijayapura,3,2024-05-20,2024,5,23,Evening (6PM-12AM),FIR,Non-Heinous,Cyber Crime,Online Fraud,Charge Sheeted,16.83347,75.71356
4520,400070004202204520,Hubballi-Dharwad,4,2022-07-26,2022,7,2,Night (12AM-6AM),UDR,Non-Heinous,Economic Offences,Cheating,False Case,15.19168,75.20955
4521,100160004202504521,Udupi,4,2025-11-21,2025,11,2,Night (12AM-6AM),FIR,Non-Heinous,Economic Offences,Cheating,Under Investigation,13.32943,74.75322
4522,100040002202304522,Mangaluru (Dakshina Kannada),2,2023-01-02,2023,1,20,Evening (6PM-12AM),FIR,Non-Heinous,Public Order,Rioting,Under Investigation,12.97216,74.91122
4523,100010004202404523,Bengaluru City,4,2024-07-18,2024,7,3,Night (12AM-6AM),FIR,Non-Heinous,Crimes Against Women,Domestic Violence,Under Investigation,13.04798,77.59243
4524,100020002202204524,Bengaluru Rural,2,2022-06-11,2022,6,23,Evening (6PM-12AM),FIR,Non-Heinous,Crimes Against Property,Robbery,Closed,13.38613,77.46362
4525,100090001202304525,Tumakuru,1,2023-09-01,2023,9,14,Afternoon (12PM-6PM),FIR,Non-Heinous,Economic Offences,Cheating,False Case,13.21532,77.17994
4526,100040001202204526,Mangaluru (Dakshina Kannada),1,2022-07-22,2022,7,8,Morning (6AM-12PM),FIR,Non-Heinous,Crimes Against Property,Dacoity,Under Investigation,12.94469,74.82317
4527,100030004202404527,Mysuru,4,2024-03-17,2024,3,15,Afternoon (12PM-6PM),FIR,Non-Heinous,Crimes Against Women,Molestation,False Case,12.37437,76.75156
4528,100010003202604528,Bengaluru City,3,2026-12-05,2026,12,15,Afternoon (12PM-6PM),FIR,Heinous,Crimes Against Body,Grievous Hurt,False Case,12.91848,77.56841
4529,100020001202204529,Bengaluru Rural,1,2022-09-06,2022,9,20,Evening (6PM-12AM),FIR,Non-Heinous,Crimes Against Property,Robbery,Under Investigation,13.07615,77.53019
4530,100110002202304530,Davanagere,2,2023-05-10,2023,5,0,Night (12AM-6AM),FIR,Non-Heinous,Crimes Against Property,Dacoity,Under Investigation,14.38389,75.87538
4531,100090001202604531,Tumakuru,1,2026-11-16,2026,11,8,Morning (6AM-12PM),FIR,Heinous,Narcotics,NDPS Trafficking,Closed,13.47702,77.00712
4532,100140004202404532,Bidar,4,2024-02-11,2024,2,3,Night (12AM-6AM),FIR,Non-Heinous,Crimes Against Body,Attempt to Murder,False Case,17.8819,77.509
4533,100050002202404533,Belagavi,2,2024-06-25,2024,6,11,Morning (6AM-12PM),FIR,Non-Heinous,Crimes Against Body,Grievous Hurt,Charge Sheeted,15.94019,74.48561
4534,100070001202504534,Hubballi-Dharwad,1,2025-03-05,2025,3,20,Evening (6PM-12AM),FIR,Non-Heinous,Crimes Against Property,Theft,Charge Sheeted,15.38174,75.15091
4535,100130003202604535,Raichur,3,2026-08-12,2026,8,15,Afternoon (12PM-6PM),FIR,Non-Heinous,Crimes Against Property,Dacoity,Charge Sheeted,16.24663,77.43493
4536,700010004202604536,Bengaluru City,4,2026-05-25,2026,5,4,Night (12AM-6AM),Zero FIR,Non-Heinous,Crimes Against Women,Domestic Violence,Charge Sheeted,13.04219,77.68251
4537,700040004202304537,Mangaluru (Dakshina Kannada),4,2023-03-16,2023,3,2,Night (12AM-6AM),Zero FIR,Non-Heinous,Crimes Against Property,Theft,Closed,12.9474,74.8193
4538,100060002202604538,Kalaburagi,2,2026-01-08,2026,1,11,Morning (6AM-12PM),FIR,Non-Heinous,Crimes Against Property,Burglary,Charge Sheeted,17.35844,76.84387
4539,100090001202504539,Tumakuru,1,2025-04-16,2025,4,5,Night (12AM-6AM),FIR,Non-Heinous,Crimes Against Property,Robbery,Charge Sheeted,13.3386,77.16162
4540,100050003202604540,Belagavi,3,2026-05-16,2026,5,16,Afternoon (12PM-6PM),FIR,Non-Heinous,Cyber Crime,Cyberstalking,Undetected,15.79345,74.5096
4541,100020002202204541,Bengaluru Rural,2,2022-10-08,2022,10,13,Afternoon (12PM-6PM),FIR,Non-Heinous,Crimes Against Property,Burglary,Under Investigation,13.36262,77.43146
4542,100240003202604542,Kodagu,3,2026-10-06,2026,10,5,Night (12AM-6AM),FIR,Non-Heinous,Crimes Against Property,Burglary,Closed,12.33636,75.81745
4543,100170003202604543,Kolar,3,2026-07-20,2026,7,15,Afternoon (12PM-6PM),FIR,Non-Heinous,Crimes Against Body,Grievous Hurt,Undetected,13.12063,78.22099
4544,100240001202604544,Kodagu,1,2026-02-22,2026,2,21,Evening (6PM-12AM),FIR,Heinous,Crimes Against Body,Grievous Hurt,Closed,12.38103,75.8558
4545,100220001202404545,Yadgir,1,2024-11-27,2024,11,12,Afternoon (12PM-6PM),FIR,Non-Heinous,Crimes Against Property,Robbery,Undetected,16.70663,77.14565
4546,100160002202604546,Udupi,2,2026-02-23,2026,2,21,Evening (6PM-12AM),FIR,Non-Heinous,Crimes Against Property,Burglary,Under Investigation,13.3936,74.80565
4547,100040003202504547,Mangaluru (Dakshina Kannada),3,2025-02-01,2025,2,11,Morning (6AM-12PM),FIR,Heinous,Crimes Against Women,Domestic Violence,Under Investigation,12.85307,74.8489
4548,100170003202504548,Kolar,3,2025-01-03,2025,1,0,Night (12AM-6AM),FIR,Non-Heinous,Economic Offences,Forgery,Closed,13.1736,78.05048
4549,100110004202504549,Davanagere,4,2025-03-07,2025,3,7,Morning (6AM-12PM),FIR,Non-Heinous,Crimes Against Property,Theft,Under Investigation,14.42604,75.9444
4550,100050003202304550,Belagavi,3,2023-06-14,2023,6,18,Evening (6PM-12AM),PAR,Non-Heinous,Crimes Against Property,Burglary,Charge Sheeted,15.91611,74.42503
4551,100050002202404551,Belagavi,2,2024-01-15,2024,1,13,Afternoon (12PM-6PM),FIR,Heinous,Narcotics,NDPS Possession,Closed,15.99473,74.48912
4552,100130003202604552,Raichur,3,2026-02-02,2026,2,15,Afternoon (12PM-6PM),FIR,Non-Heinous,Crimes Against Women,Dowry Harassment,Under Investigation,16.34272,77.39019
4553,100030003202204553,Mysuru,3,2022-03-26,2022,3,6,Morning (6AM-12PM),FIR,Non-Heinous,Crimes Against Property,Theft,Closed,12.28452,76.71003
4554,100010002202504554,Bengaluru City,2,2025-09-08,2025,9,22,Evening (6PM-12AM),FIR,Non-Heinous,Crimes Against Women,Domestic Violence,False Case,13.03767,77.67321
4555,100190003202604555,Hassan,3,2026-06-04,2026,6,13,Afternoon (12PM-6PM),FIR,Non-Heinous,Crimes Against Body,Grievous Hurt,Charge Sheeted,13.06225,76.10535
4556,100090004202404556,Tumakuru,4,2024-01-20,2024,1,17,Afternoon (12PM-6PM),FIR,Non-Heinous,Crimes Against Women,Domestic Violence,Charge Sheeted,13.30463,77.08358
4557,100240003202304557,Kodagu,3,2023-11-20,2023,11,6,Morning (6AM-12PM),FIR,Non-Heinous,Crimes Against Property,Robbery,Under Investigation,12.23648,75.80959
4558,100100004202604558,Shivamogga,4,2026-10-14,2026,10,20,Evening (6PM-12AM),FIR,Non-Heinous,Crimes Against Property,Burglary,False Case,13.92766,75.54769
4559,100290003202604559,Gadag,3,2026-01-05,2026,1,14,Afternoon (12PM-6PM),FIR,Heinous,Crimes Against Women,Sexual Assault,Closed,15.48636,75.63774
4560,100110004202404560,Davanagere,4,2024-02-21,2024,2,18,Evening (6PM-12AM),FIR,Heinous,Crimes Against Women,Molestation,Charge Sheeted,14.26438,76.04374
4561,700210004202404561,Koppal,4,2024-02-09,2024,2,13,Afternoon (12PM-6PM),Zero FIR,Non-Heinous,Crimes Against Body,Attempt to Murder,Closed,15.32623,76.09737
4562,700080003202304562,Ballari,3,2023-02-16,2023,2,15,Afternoon (12PM-6PM),Zero FIR,Non-Heinous,Crimes Against Property,Theft,Under Investigation,15.03936,76.98586
4563,100010003202304563,Bengaluru City,3,2023-07-23,2023,7,13,Afternoon (12PM-6PM),FIR,Non-Heinous,Crimes Against Property,Burglary,Charge Sheeted,12.94631,77.5839
4564,100050001202204564,Belagavi,1,2022-12-25,2022,12,7,Morning (6AM-12PM),FIR,Non-Heinous,Crimes Against Women,Dowry Harassment,Undetected,15.82013,74.40889
4565,100120004202304565,Vijayapura,4,2023-02-19,2023,2,6,Morning (6AM-12PM),FIR,Heinous,Crimes Against Body,Attempt to Murder,Charge Sheeted,16.80218,75.75636
4566,700190004202404566,Hassan,4,2024-11-06,2024,11,6,Morning (6AM-12PM),Zero FIR,Non-Heinous,Cyber Crime,Cyberstalking,Charge Sheeted,13.10613,76.11432
4567,100010001202504567,Bengaluru City,1,2025-12-22,2025,12,13,Afternoon (12PM-6PM),FIR,Non-Heinous,Crimes Against Property,Dacoity,Closed,12.93426,77.51503
4568,100300001202604568,Uttara Kannada,1,2026-04-11,2026,4,6,Morning (6AM-12PM),FIR,Non-Heinous,Narcotics,NDPS Trafficking,Undetected,14.82934,74.63684
4569,100050001202304569,Belagavi,1,2023-02-12,2023,2,22,Evening (6PM-12AM),FIR,Non-Heinous,Crimes Against Body,Assault,Undetected,15.85005,74.47949
4570,100090004202304570,Tumakuru,4,2023-10-27,2023,10,21,Evening (6PM-12AM),FIR,Non-Heinous,Economic Offences,Forgery,Under Investigation,13.4398,77.1114
4571,100110001202404571,Davanagere,1,2024-02-05,2024,2,3,Night (12AM-6AM),FIR,Non-Heinous,Crimes Against Body,Assault,Closed,14.41583,75.89194
4572,100270001202604572,Bagalkot,1,2026-03-02,2026,3,2,Night (12AM-6AM),FIR,Non-Heinous,Crimes Against Women,Sexual Assault,Under Investigation,16.20309,75.76992
4573,100070004202304573,Hubballi-Dharwad,4,2023-10-07,2023,10,22,Evening (6PM-12AM),FIR,Heinous,Crimes Against Women,Dowry Harassment,Under Investigation,15.31791,75.04342
4574,100040002202404574,Mangaluru (Dakshina Kannada),2,2024-03-22,2024,3,10,Morning (6AM-12PM),FIR,Heinous,Crimes Against Body,Attempt to Murder,Under Investigation,12.83547,74.75158
4575,100230003202504575,Chamarajanagar,3,2025-10-11,2025,10,7,Morning (6AM-12PM),FIR,Non-Heinous,Crimes Against Property,Dacoity,Charge Sheeted,11.83795,76.90718
4576,100030004202604576,Mysuru,4,2026-06-19,2026,6,2,Night (12AM-6AM),FIR,Non-Heinous,Crimes Against Body,Murder,Undetected,12.39367,76.67411
4577,100030002202604577,Mysuru,2,2026-06-03,2026,6,7,Morning (6AM-12PM),FIR,Non-Heinous,Crimes Against Property,Burglary,Closed,12.30847,76.59987
4578,100230002202504578,Chamarajanagar,2,2025-07-03,2025,7,1,Night (12AM-6AM),FIR,Non-Heinous,Crimes Against Property,Dacoity,Undetected,11.92934,76.82038
4579,100100001202604579,Shivamogga,1,2026-09-18,2026,9,22,Evening (6PM-12AM),FIR,Heinous,Crimes Against Body,Attempt to Murder,Charge Sheeted,14.00581,75.63813
4580,100210004202504580,Koppal,4,2025-05-08,2025,5,7,Morning (6AM-12PM),FIR,Heinous,Crimes Against Body,Grievous Hurt,Closed,15.26381,76.22768
4581,100240002202304581,Kodagu,2,2023-06-23,2023,6,23,Evening (6PM-12AM),FIR,Heinous,Crimes Against Women,Dowry Harassment,Closed,12.35076,75.79479
4582,100050004202304582,Belagavi,4,2023-08-12,2023,8,3,Night (12AM-6AM),FIR,Non-Heinous,Crimes Against Body,Assault,Charge Sheeted,15.93665,74.57941
4583,700250003202604583,Ramanagara,3,2026-01-01,2026,1,6,Morning (6AM-12PM),Zero FIR,Non-Heinous,Crimes Against Property,Dacoity,False Case,12.75062,77.36562
4584,100240001202504584,Kodagu,1,2025-11-03,2025,11,14,Afternoon (12PM-6PM),FIR,Heinous,Crimes Against Body,Attempt to Murder,Closed,12.37258,75.71314
4585,100300001202604585,Uttara Kannada,1,2026-09-04,2026,9,16,Afternoon (12PM-6PM),FIR,Non-Heinous,Crimes Against Property,Theft,Undetected,14.79931,74.65678
4586,100020003202604586,Bengaluru Rural,3,2026-04-17,2026,4,22,Evening (6PM-12AM),FIR,Non-Heinous,Crimes Against Body,Grievous Hurt,Under Investigation,13.28965,77.54248
4587,100050001202204587,Belagavi,1,2022-04-21,2022,4,23,Evening (6PM-12AM),FIR,Non-Heinous,Narcotics,NDPS Trafficking,Charge Sheeted,15.74146,74.38845
4588,100130002202504588,Raichur,2,2025-09-07,2025,9,3,Night (12AM-6AM),FIR,Heinous,Crimes Against Body,Murder,Charge Sheeted,16.2569,77.25837
4589,100010001202504589,Bengaluru City,1,2025-12-04,2025,12,14,Afternoon (12PM-6PM),FIR,Non-Heinous,Crimes Against Body,Murder,Charge Sheeted,12.93578,77.53438
4590,100160002202204590,Udupi,2,2022-09-02,2022,9,4,Night (12AM-6AM),FIR,Non-Heinous,Crimes Against Women,Dowry Harassment,Under Investigation,13.33401,74.71241
4591,100120002202504591,Vijayapura,2,2025-03-16,2025,3,3,Night (12AM-6AM),FIR,Heinous,Crimes Against Body,Grievous Hurt,Charge Sheeted,16.81087,75.77058
4592,100140001202504592,Bidar,1,2025-11-18,2025,11,12,Afternoon (12PM-6PM),FIR,Non-Heinous,Crimes Against Property,Burglary,False Case,18.01787,77.45481
4593,100090004202504593,Tumakuru,4,2025-05-07,2025,5,15,Afternoon (12PM-6PM),FIR,Non-Heinous,Cyber Crime,Cyberstalking,False Case,13.30801,77.1237
4594,100160002202304594,Udupi,2,2023-02-12,2023,2,0,Night (12AM-6AM),FIR,Non-Heinous,Economic Offences,Criminal Breach of Trust,False Case,13.42687,74.7128
4595,400160004202504595,Udupi,4,2025-01-07,2025,1,15,Afternoon (12PM-6PM),UDR,Heinous,Crimes Against Women,Molestation,Closed,13.33735,74.79556
4596,100130002202404596,Raichur,2,2024-04-04,2024,4,14,Afternoon (12PM-6PM),FIR,Non-Heinous,Cyber Crime,Cyberstalking,Charge Sheeted,16.27037,77.35773
4597,100240004202304597,Kodagu,4,2023-08-21,2023,8,18,Evening (6PM-12AM),FIR,Heinous,Crimes Against Body,Attempt to Murder,Closed,12.35546,75.89745
4598,100230002202404598,Chamarajanagar,2,2024-01-20,2024,1,10,Morning (6AM-12PM),FIR,Non-Heinous,Crimes Against Property,Theft,Under Investigation,11.94744,76.99886
4599,400020002202204599,Bengaluru Rural,2,2022-01-19,2022,1,14,Afternoon (12PM-6PM),UDR,Non-Heinous,Crimes Against Property,Robbery,Charge Sheeted,13.20558,77.61355
4600,100130004202504600,Raichur,4,2025-09-17,2025,9,2,Night (12AM-6AM),FIR,Heinous,Narcotics,NDPS Possession,Undetected,16.242,77.35356
4601,100070001202604601,Hubballi-Dharwad,1,2026-05-26,2026,5,18,Evening (6PM-12AM),FIR,Non-Heinous,Crimes Against Property,Dacoity,Under Investigation,15.28391,75.02941
4602,100230001202304602,Chamarajanagar,1,2023-07-14,2023,7,22,Evening (6PM-12AM),FIR,Non-Heinous,Crimes Against Property,Robbery,Closed,12.03196,77.01577
4603,100190004202504603,Hassan,4,2025-07-08,2025,7,10,Morning (6AM-12PM),FIR,Non-Heinous,Crimes Against Property,Dacoity,Charge Sheeted,12.9159,76.083
4604,100050003202404604,Belagavi,3,2024-06-02,2024,6,6,Morning (6AM-12PM),FIR,Heinous,Crimes Against Body,Assault,Under Investigation,15.87663,74.51208
4605,100090003202604605,Tumakuru,3,2026-02-03,2026,2,13,Afternoon (12PM-6PM),FIR,Heinous,Crimes Against Body,Attempt to Murder,Closed,13.4581,77.177
4606,100050002202604606,Belagavi,2,2026-10-01,2026,10,15,Afternoon (12PM-6PM),FIR,Non-Heinous,Economic Offences,Criminal Breach of Trust,False Case,15.78815,74.4609
4607,100050001202604607,Belagavi,1,2026-04-14,2026,4,19,Evening (6PM-12AM),FIR,Non-Heinous,Crimes Against Property,Burglary,Under Investigation,15.8161,74.39945
4608,100190003202204608,Hassan,3,2022-07-08,2022,7,4,Night (12AM-6AM),FIR,Non-Heinous,Crimes Against Property,Theft,Charge Sheeted,12.9968,76.13328
4609,100120001202604609,Vijayapura,1,2026-08-15,2026,8,15,Afternoon (12PM-6PM),FIR,Non-Heinous,Economic Offences,Cheating,Closed,16.8561,75.65358
4610,100050001202604610,Belagavi,1,2026-10-09,2026,10,20,Evening (6PM-12AM),FIR,Heinous,Crimes Against Women,Sexual Assault,Closed,15.878,74.47269
4611,100100002202504611,Shivamogga,2,2025-02-16,2025,2,1,Night (12AM-6AM),FIR,Non-Heinous,Economic Offences,Forgery,Under Investigation,13.95497,75.52525
4612,100110004202604612,Davanagere,4,2026-01-14,2026,1,1,Night (12AM-6AM),FIR,Non-Heinous,Crimes Against Body,Attempt to Murder,False Case,14.43918,75.82746
4613,100050001202404613,Belagavi,1,2024-10-19,2024,10,17,Afternoon (12PM-6PM),FIR,Non-Heinous,Crimes Against Property,Theft,Charge Sheeted,15.80724,74.57735
4614,100020001202604614,Bengaluru Rural,1,2026-08-16,2026,8,9,Morning (6AM-12PM),FIR,Non-Heinous,Crimes Against Property,Dacoity,Charge Sheeted,13.26682,77.57074
4615,100110002202504615,Davanagere,2,2025-06-05,2025,6,17,Afternoon (12PM-6PM),FIR,Non-Heinous,Public Order,Unlawful Assembly,Charge Sheeted,14.45256,75.88708
4616,100010003202304616,Bengaluru City,3,2023-06-08,2023,6,4,Night (12AM-6AM),PAR,Non-Heinous,Crimes Against Body,Attempt to Murder,Closed,12.91833,77.65954
4617,100010003202404617,Bengaluru City,3,2024-11-25,2024,11,9,Morning (6AM-12PM),FIR,Heinous,Crimes Against Body,Grievous Hurt,Under Investigation,12.95283,77.62267
4618,100110003202404618,Davanagere,3,2024-01-26,2024,1,4,Night (12AM-6AM),FIR,Non-Heinous,Crimes Against Property,Robbery,Undetected,14.43476,75.93703
4619,100090002202204619,Tumakuru,2,2022-11-05,2022,11,0,Night (12AM-6AM),FIR,Non-Heinous,Crimes Against Property,Dacoity,Closed,13.38195,77.09203
4620,100280004202604620,Haveri,4,2026-06-20,2026,6,1,Night (12AM-6AM),FIR,Non-Heinous,Crimes Against Women,Dowry Harassment,Under Investigation,14.79828,75.34297
4621,700040001202204621,Mangaluru (Dakshina Kannada),1,2022-02-27,2022,2,9,Morning (6AM-12PM),Zero FIR,Non-Heinous,Narcotics,NDPS Possession,Charge Sheeted,12.90358,74.89458
4622,100020001202604622,Bengaluru Rural,1,2026-11-02,2026,11,20,Evening (6PM-12AM),FIR,Non-Heinous,Crimes Against Property,Robbery,Charge Sheeted,13.26624,77.55068
4623,100090001202304623,Tumakuru,1,2023-10-24,2023,10,8,Morning (6AM-12PM),FIR,Non-Heinous,Crimes Against Property,Burglary,Closed,13.33483,77.15917
4624,100230003202304624,Chamarajanagar,3,2023-03-16,2023,3,2,Night (12AM-6AM),FIR,Heinous,Crimes Against Body,Grievous Hurt,Under Investigation,11.89266,76.92698
4625,100080002202304625,Ballari,2,2023-07-09,2023,7,18,Evening (6PM-12AM),FIR,Non-Heinous,Economic Offences,Criminal Breach of Trust,False Case,15.12167,76.87254
4626,100140003202204626,Bidar,3,2022-11-25,2022,11,6,Morning (6AM-12PM),FIR,Non-Heinous,Crimes Against Women,Sexual Assault,Under Investigation,17.9719,77.4651
4627,100030003202604627,Mysuru,3,2026-08-27,2026,8,10,Morning (6AM-12PM),FIR,Heinous,Narcotics,NDPS Possession,Under Investigation,12.2914,76.5415
4628,700040002202304628,Mangaluru (Dakshina Kannada),2,2023-08-06,2023,8,5,Night (12AM-6AM),Zero FIR,Non-Heinous,Crimes Against Property,Robbery,False Case,12.8157,74.84793
4629,100190002202504629,Hassan,2,2025-11-24,2025,11,6,Morning (6AM-12PM),FIR,Non-Heinous,Crimes Against Women,Sexual Assault,Under Investigation,13.05897,76.01627
4630,100070003202204630,Hubballi-Dharwad,3,2022-02-07,2022,2,8,Morning (6AM-12PM),FIR,Non-Heinous,Economic Offences,Criminal Breach of Trust,Undetected,15.32654,75.04057
4631,700140002202304631,Bidar,2,2023-02-06,2023,2,20,Evening (6PM-12AM),Zero FIR,Non-Heinous,Economic Offences,Cheating,Charge Sheeted,17.90482,77.50532
4632,100050003202304632,Belagavi,3,2023-07-24,2023,7,14,Afternoon (12PM-6PM),FIR,Heinous,Crimes Against Women,Dowry Harassment,Under Investigation,15.85672,74.52873
4633,100230002202604633,Chamarajanagar,2,2026-06-18,2026,6,4,Night (12AM-6AM),FIR,Heinous,Crimes Against Women,Sexual Assault,Charge Sheeted,11.86408,76.89754
4634,100240004202604634,Kodagu,4,2026-09-17,2026,9,22,Evening (6PM-12AM),FIR,Non-Heinous,Economic Offences,Forgery,Under Investigation,12.42306,75.86307
4635,100060001202604635,Kalaburagi,1,2026-10-10,2026,10,4,Night (12AM-6AM),FIR,Non-Heinous,Economic Offences,Forgery,False Case,17.37665,76.88566
4636,100020003202604636,Bengaluru Rural,3,2026-02-15,2026,2,4,Night (12AM-6AM),FIR,Non-Heinous,Crimes Against Women,Molestation,Charge Sheeted,13.18271,77.48364
4637,100150001202204637,Chikkamagaluru,1,2022-02-19,2022,2,7,Morning (6AM-12PM),PAR,Non-Heinous,Narcotics,NDPS Trafficking,Undetected,13.23872,75.82219
4638,100240001202304638,Kodagu,1,2023-04-19,2023,4,11,Morning (6AM-12PM),PAR,Non-Heinous,Crimes Against Body,Assault,Charge Sheeted,12.29659,75.71488
4639,700270002202404639,Bagalkot,2,2024-02-24,2024,2,9,Morning (6AM-12PM),Zero FIR,Heinous,Crimes Against Women,Sexual Assault,Charge Sheeted,16.05969,75.69806
4640,100030004202304640,Mysuru,4,2023-09-20,2023,9,14,Afternoon (12PM-6PM),FIR,Non-Heinous,Narcotics,NDPS Possession,Closed,12.28536,76.63888
4641,100080003202604641,Ballari,3,2026-04-05,2026,4,11,Morning (6AM-12PM),FIR,Non-Heinous,Crimes Against Women,Sexual Assault,False Case,15.12841,76.91956
4642,700180003202504642,Mandya,3,2025-07-17,2025,7,17,Afternoon (12PM-6PM),Zero FIR,Non-Heinous,Crimes Against Women,Sexual Assault,Charge Sheeted,12.48011,76.77798
4643,100200001202504643,Chitradurga,1,2025-11-01,2025,11,20,Evening (6PM-12AM),FIR,Heinous,Crimes Against Women,Dowry Harassment,Closed,14.24083,76.39203
4644,100040001202304644,Mangaluru (Dakshina Kannada),1,2023-05-26,2023,5,5,Night (12AM-6AM),FIR,Non-Heinous,Cyber Crime,Phishing,Charge Sheeted,12.78444,74.78912
4645,100240004202304645,Kodagu,4,2023-10-10,2023,10,11,Morning (6AM-12PM),FIR,Heinous,Crimes Against Women,Domestic Violence,Under Investigation,12.34972,75.69323
4646,100070002202604646,Hubballi-Dharwad,2,2026-08-07,2026,8,9,Morning (6AM-12PM),FIR,Non-Heinous,Economic Offences,Forgery,Under Investigation,15.36872,75.22673
4647,100280004202604647,Haveri,4,2026-02-06,2026,2,4,Night (12AM-6AM),FIR,Non-Heinous,Crimes Against Women,Sexual Assault,Charge Sheeted,14.77579,75.32205
4648,100090003202404648,Tumakuru,3,2024-06-26,2024,6,23,Evening (6PM-12AM),PAR,Non-Heinous,Crimes Against Property,Dacoity,Closed,13.31599,77.13247
4649,100030004202304649,Mysuru,4,2023-02-14,2023,2,9,Morning (6AM-12PM),FIR,Non-Heinous,Crimes Against Property,Theft,Charge Sheeted,12.32335,76.6784
4650,100020002202404650,Bengaluru Rural,2,2024-12-21,2024,12,13,Afternoon (12PM-6PM),FIR,Non-Heinous,Public Order,Rioting,Under Investigation,13.32284,77.49808
4651,100110002202404651,Davanagere,2,2024-11-26,2024,11,21,Evening (6PM-12AM),FIR,Non-Heinous,Crimes Against Property,Burglary,False Case,14.42622,75.93583
4652,700020004202304652,Bengaluru Rural,4,2023-07-21,2023,7,1,Night (12AM-6AM),Zero FIR,Heinous,Crimes Against Women,Dowry Harassment,Under Investigation,13.28338,77.50775
4653,400300003202404653,Uttara Kannada,3,2024-01-09,2024,1,18,Evening (6PM-12AM),UDR,Non-Heinous,Crimes Against Women,Sexual Assault,Charge Sheeted,14.6478,74.69924
4654,100080002202604654,Ballari,2,2026-05-01,2026,5,3,Night (12AM-6AM),FIR,Heinous,Crimes Against Women,Sexual Assault,Charge Sheeted,15.09348,76.90614
4655,100080001202604655,Ballari,1,2026-02-24,2026,2,11,Morning (6AM-12PM),FIR,Heinous,Crimes Against Body,Grievous Hurt,Undetected,15.18885,76.78335
4656,100220004202604656,Yadgir,4,2026-11-11,2026,11,23,Evening (6PM-12AM),FIR,Heinous,Crimes Against Women,Molestation,Undetected,16.68386,77.17107
4657,100230004202604657,Chamarajanagar,4,2026-12-05,2026,12,14,Afternoon (12PM-6PM),FIR,Non-Heinous,Crimes Against Property,Burglary,Under Investigation,11.88644,76.95649
4658,100250002202404658,Ramanagara,2,2024-02-06,2024,2,10,Morning (6AM-12PM),PAR,Non-Heinous,Crimes Against Body,Attempt to Murder,Charge Sheeted,12.77674,77.30719
4659,100230002202504659,Chamarajanagar,2,2025-06-26,2025,6,1,Night (12AM-6AM),PAR,Non-Heinous,Crimes Against Body,Murder,False Case,11.90929,77.04903
4660,100090001202504660,Tumakuru,1,2025-10-05,2025,10,4,Night (12AM-6AM),FIR,Non-Heinous,Crimes Against Property,Robbery,Charge Sheeted,13.29576,77.0972
4661,100210002202604661,Koppal,2,2026-07-21,2026,7,19,Evening (6PM-12AM),FIR,Heinous,Narcotics,NDPS Trafficking,Undetected,15.24959,76.12924
4662,100020002202204662,Bengaluru Rural,2,2022-12-21,2022,12,12,Afternoon (12PM-6PM),FIR,Non-Heinous,Economic Offences,Criminal Breach of Trust,Charge Sheeted,13.28988,77.53125
4663,100050002202304663,Belagavi,2,2023-11-17,2023,11,16,Afternoon (12PM-6PM),FIR,Non-Heinous,Crimes Against Women,Molestation,Closed,15.90796,74.5232
4664,100230003202604664,Chamarajanagar,3,2026-06-10,2026,6,11,Morning (6AM-12PM),FIR,Non-Heinous,Economic Offences,Cheating,Under Investigation,11.89472,76.91085
4665,100020002202604665,Bengaluru Rural,2,2026-09-04,2026,9,8,Morning (6AM-12PM),FIR,Heinous,Crimes Against Women,Sexual Assault,False Case,13.28188,77.52815
4666,100020003202404666,Bengaluru Rural,3,2024-11-23,2024,11,14,Afternoon (12PM-6PM),FIR,Non-Heinous,Economic Offences,Criminal Breach of Trust,False Case,13.15379,77.54973
4667,100050002202404667,Belagavi,2,2024-03-15,2024,3,1,Night (12AM-6AM),FIR,Non-Heinous,Crimes Against Body,Grievous Hurt,Closed,15.91548,74.42859
4668,100230004202604668,Chamarajanagar,4,2026-08-05,2026,8,23,Evening (6PM-12AM),FIR,Heinous,Crimes Against Body,Grievous Hurt,Undetected,11.92656,76.9098
4669,100050001202404669,Belagavi,1,2024-06-26,2024,6,11,Morning (6AM-12PM),PAR,Non-Heinous,Crimes Against Women,Dowry Harassment,Charge Sheeted,15.89318,74.52652
4670,100290001202604670,Gadag,1,2026-08-27,2026,8,11,Morning (6AM-12PM),FIR,Heinous,Narcotics,NDPS Trafficking,Closed,15.45829,75.58924
4671,100050001202404671,Belagavi,1,2024-03-09,2024,3,2,Night (12AM-6AM),FIR,Non-Heinous,Narcotics,NDPS Possession,Charge Sheeted,15.79086,74.45811
4672,100190004202404672,Hassan,4,2024-07-26,2024,7,2,Night (12AM-6AM),FIR,Non-Heinous,Crimes Against Women,Molestation,False Case,12.86708,76.05892
4673,100140002202404673,Bidar,2,2024-07-23,2024,7,16,Afternoon (12PM-6PM),FIR,Heinous,Narcotics,NDPS Possession,Closed,17.85793,77.55066
4674,100240001202204674,Kodagu,1,2022-01-25,2022,1,3,Night (12AM-6AM),PAR,Non-Heinous,Economic Offences,Criminal Breach of Trust,Closed,12.36515,75.75219
4675,100040001202404675,Mangaluru (Dakshina Kannada),1,2024-02-11,2024,2,6,Morning (6AM-12PM),FIR,Non-Heinous,Narcotics,NDPS Trafficking,Under Investigation,13.00391,74.77196
4676,700090004202204676,Tumakuru,4,2022-03-22,2022,3,20,Evening (6PM-12AM),Zero FIR,Non-Heinous,Crimes Against Property,Robbery,Under Investigation,13.2441,77.14424
4677,100140002202204677,Bidar,2,2022-04-16,2022,4,3,Night (12AM-6AM),FIR,Non-Heinous,Economic Offences,Criminal Breach of Trust,Closed,17.87862,77.59433
4678,100010004202604678,Bengaluru City,4,2026-12-16,2026,12,6,Morning (6AM-12PM),FIR,Heinous,Crimes Against Body,Attempt to Murder,Charge Sheeted,13.002,77.63365
4679,400080004202204679,Ballari,4,2022-09-04,2022,9,9,Morning (6AM-12PM),UDR,Non-Heinous,Crimes Against Body,Assault,Under Investigation,15.01496,76.84171
4680,100250003202404680,Ramanagara,3,2024-08-27,2024,8,23,Evening (6PM-12AM),FIR,Non-Heinous,Narcotics,NDPS Trafficking,Undetected,12.70933,77.31704
4681,700010001202404681,Bengaluru City,1,2024-07-18,2024,7,17,Afternoon (12PM-6PM),Zero FIR,Heinous,Crimes Against Body,Murder,Closed,12.92779,77.50437
4682,100020002202304682,Bengaluru Rural,2,2023-10-18,2023,10,6,Morning (6AM-12PM),FIR,Non-Heinous,Crimes Against Body,Murder,Closed,13.30454,77.55978
4683,100200004202204683,Chitradurga,4,2022-09-14,2022,9,10,Morning (6AM-12PM),FIR,Heinous,Crimes Against Women,Domestic Violence,Charge Sheeted,14.26476,76.46576
4684,100010002202404684,Bengaluru City,2,2024-08-17,2024,8,3,Night (12AM-6AM),FIR,Non-Heinous,Crimes Against Body,Grievous Hurt,Closed,13.04014,77.58616
4685,100190003202404685,Hassan,3,2024-01-16,2024,1,7,Morning (6AM-12PM),FIR,Non-Heinous,Crimes Against Body,Assault,Charge Sheeted,13.10384,76.11706
4686,100190004202604686,Hassan,4,2026-09-01,2026,9,6,Morning (6AM-12PM),FIR,Non-Heinous,Crimes Against Body,Grievous Hurt,False Case,13.03375,76.07446
4687,700020002202204687,Bengaluru Rural,2,2022-03-04,2022,3,3,Night (12AM-6AM),Zero FIR,Non-Heinous,Public Order,Rioting,Charge Sheeted,13.23648,77.49602
4688,100060004202404688,Kalaburagi,4,2024-08-14,2024,8,11,Morning (6AM-12PM),PAR,Heinous,Crimes Against Women,Dowry Harassment,Closed,17.29593,76.80722
4689,100020003202304689,Bengaluru Rural,3,2023-01-23,2023,1,5,Night (12AM-6AM),FIR,Non-Heinous,Crimes Against Property,Robbery,Undetected,13.27376,77.50428
4690,100130002202604690,Raichur,2,2026-03-02,2026,3,13,Afternoon (12PM-6PM),FIR,Non-Heinous,Crimes Against Property,Robbery,Undetected,16.22081,77.24233
4691,100180002202404691,Mandya,2,2024-11-01,2024,11,14,Afternoon (12PM-6PM),FIR,Non-Heinous,Economic Offences,Forgery,Under Investigation,12.59481,76.72002
4692,100110001202604692,Davanagere,1,2026-02-24,2026,2,14,Afternoon (12PM-6PM),FIR,Heinous,Crimes Against Body,Murder,Under Investigation,14.50512,75.84337
4693,100150003202304693,Chikkamagaluru,3,2023-10-09,2023,10,1,Night (12AM-6AM),FIR,Non-Heinous,Cyber Crime,Online Fraud,False Case,13.26827,75.73779
4694,700170003202504694,Kolar,3,2025-08-02,2025,8,16,Afternoon (12PM-6PM),Zero FIR,Heinous,Crimes Against Women,Sexual Assault,Undetected,13.11066,78.2545
4695,100060003202504695,Kalaburagi,3,2025-07-09,2025,7,0,Night (12AM-6AM),FIR,Heinous,Crimes Against Body,Grievous Hurt,Closed,17.26615,76.80442
4696,100110001202204696,Davanagere,1,2022-08-25,2022,8,1,Night (12AM-6AM),FIR,Non-Heinous,Cyber Crime,Online Fraud,Closed,14.47973,75.91853
4697,100290004202304697,Gadag,4,2023-08-18,2023,8,12,Afternoon (12PM-6PM),FIR,Non-Heinous,Economic Offences,Forgery,Under Investigation,15.40812,75.68821
4698,100210003202604698,Koppal,3,2026-08-04,2026,8,19,Evening (6PM-12AM),FIR,Non-Heinous,Cyber Crime,Phishing,Charge Sheeted,15.25946,76.10693
4699,100040001202204699,Mangaluru (Dakshina Kannada),1,2022-11-04,2022,11,18,Evening (6PM-12AM),FIR,Heinous,Crimes Against Body,Murder,Charge Sheeted,12.86517,74.85922
4700,100160002202604700,Udupi,2,2026-02-27,2026,2,17,Afternoon (12PM-6PM),FIR,Non-Heinous,Crimes Against Women,Molestation,Under Investigation,13.4328,74.75468
4701,100220004202304701,Yadgir,4,2023-04-23,2023,4,12,Afternoon (12PM-6PM),FIR,Non-Heinous,Economic Offences,Forgery,Charge Sheeted,16.83578,77.19815
4702,100090004202604702,Tumakuru,4,2026-05-23,2026,5,15,Afternoon (12PM-6PM),FIR,Non-Heinous,Crimes Against Property,Burglary,Charge Sheeted,13.41508,77.1948
4703,100140004202404703,Bidar,4,2024-05-25,2024,5,11,Morning (6AM-12PM),FIR,Non-Heinous,Crimes Against Property,Robbery,Closed,17.93134,77.54366
4704,100020002202604704,Bengaluru Rural,2,2026-11-22,2026,11,6,Morning (6AM-12PM),FIR,Non-Heinous,Public Order,Rioting,Charge Sheeted,13.31126,77.46619
4705,100150002202204705,Chikkamagaluru,2,2022-01-11,2022,1,16,Afternoon (12PM-6PM),FIR,Non-Heinous,Economic Offences,Cheating,Under Investigation,13.28934,75.75381
4706,100170004202204706,Kolar,4,2022-05-12,2022,5,16,Afternoon (12PM-6PM),PAR,Non-Heinous,Crimes Against Body,Assault,Closed,13.07466,78.13655
4707,100020001202204707,Bengaluru Rural,1,2022-01-26,2022,1,8,Morning (6AM-12PM),FIR,Non-Heinous,Crimes Against Property,Theft,Closed,13.26625,77.56218
4708,100110003202304708,Davanagere,3,2023-04-09,2023,4,20,Evening (6PM-12AM),FIR,Heinous,Crimes Against Body,Attempt to Murder,False Case,14.50736,76.00433
4709,100020002202404709,Bengaluru Rural,2,2024-03-18,2024,3,9,Morning (6AM-12PM),PAR,Non-Heinous,Crimes Against Property,Dacoity,Charge Sheeted,13.24211,77.56659
4710,100020003202504710,Bengaluru Rural,3,2025-01-26,2025,1,11,Morning (6AM-12PM),FIR,Non-Heinous,Crimes Against Property,Burglary,Under Investigation,13.23709,77.65882
4711,100050002202404711,Belagavi,2,2024-10-22,2024,10,10,Morning (6AM-12PM),FIR,Non-Heinous,Crimes Against Property,Dacoity,False Case,15.76351,74.56655
4712,100170003202604712,Kolar,3,2026-04-15,2026,4,1,Night (12AM-6AM),FIR,Non-Heinous,Crimes Against Property,Burglary,Under Investigation,13.15016,78.09295
4713,100030004202404713,Mysuru,4,2024-07-21,2024,7,14,Afternoon (12PM-6PM),FIR,Non-Heinous,Crimes Against Property,Burglary,Closed,12.20539,76.65131
4714,100110003202604714,Davanagere,3,2026-03-21,2026,3,20,Evening (6PM-12AM),FIR,Non-Heinous,Crimes Against Women,Sexual Assault,Under Investigation,14.54421,75.93654
4715,700120002202504715,Vijayapura,2,2025-09-05,2025,9,1,Night (12AM-6AM),Zero FIR,Non-Heinous,Crimes Against Property,Dacoity,Charge Sheeted,16.75646,75.65638
4716,100240003202304716,Kodagu,3,2023-09-07,2023,9,10,Morning (6AM-12PM),PAR,Non-Heinous,Crimes Against Property,Robbery,Charge Sheeted,12.34583,75.84346
4717,100030001202604717,Mysuru,1,2026-10-19,2026,10,4,Night (12AM-6AM),FIR,Non-Heinous,Crimes Against Women,Sexual Assault,False Case,12.39933,76.66558
4718,100190003202304718,Hassan,3,2023-03-04,2023,3,16,Afternoon (12PM-6PM),FIR,Non-Heinous,Crimes Against Body,Attempt to Murder,Under Investigation,12.94596,76.15935
4719,100240003202604719,Kodagu,3,2026-06-14,2026,6,22,Evening (6PM-12AM),FIR,Non-Heinous,Public Order,Rioting,Under Investigation,12.36526,75.73245
4720,100020002202404720,Bengaluru Rural,2,2024-10-14,2024,10,6,Morning (6AM-12PM),FIR,Non-Heinous,Crimes Against Body,Assault,Closed,13.20378,77.53797
4721,100040002202204721,Mangaluru (Dakshina Kannada),2,2022-08-23,2022,8,17,Afternoon (12PM-6PM),FIR,Heinous,Crimes Against Women,Domestic Violence,Closed,12.92709,74.87684
4722,100190001202304722,Hassan,1,2023-07-27,2023,7,3,Night (12AM-6AM),FIR,Non-Heinous,Crimes Against Women,Dowry Harassment,Undetected,13.00043,76.09219
4723,400090001202604723,Tumakuru,1,2026-11-13,2026,11,19,Evening (6PM-12AM),UDR,Non-Heinous,Crimes Against Property,Burglary,Charge Sheeted,13.46173,77.19967
4724,100010003202404724,Bengaluru City,3,2024-07-27,2024,7,23,Evening (6PM-12AM),FIR,Heinous,Crimes Against Women,Dowry Harassment,Charge Sheeted,12.98761,77.54351
4725,100140004202504725,Bidar,4,2025-02-01,2025,2,21,Evening (6PM-12AM),FIR,Non-Heinous,Crimes Against Body,Murder,Closed,18.00477,77.56539
4726,100040002202604726,Mangaluru (Dakshina Kannada),2,2026-08-16,2026,8,15,Afternoon (12PM-6PM),FIR,Non-Heinous,Crimes Against Women,Domestic Violence,Undetected,12.89287,74.96808
4727,100150004202404727,Chikkamagaluru,4,2024-03-10,2024,3,23,Evening (6PM-12AM),FIR,Non-Heinous,Cyber Crime,Phishing,Under Investigation,13.35547,75.81343
4728,100160004202604728,Udupi,4,2026-08-21,2026,8,1,Night (12AM-6AM),PAR,Heinous,Crimes Against Women,Sexual Assault,Charge Sheeted,13.32907,74.61269
4729,100240001202404729,Kodagu,1,2024-06-10,2024,6,23,Evening (6PM-12AM),FIR,Non-Heinous,Cyber Crime,Cyberstalking,Charge Sheeted,12.25599,75.79357
4730,100300001202204730,Uttara Kannada,1,2022-09-13,2022,9,8,Morning (6AM-12PM),FIR,Non-Heinous,Crimes Against Property,Dacoity,Under Investigation,14.81338,74.68957
4731,700110004202604731,Davanagere,4,2026-10-15,2026,10,13,Afternoon (12PM-6PM),Zero FIR,Non-Heinous,Crimes Against Property,Robbery,Closed,14.42535,75.9375
4732,100060001202204732,Kalaburagi,1,2022-07-20,2022,7,2,Night (12AM-6AM),FIR,Heinous,Crimes Against Women,Sexual Assault,Closed,17.30463,76.78501
4733,100060004202304733,Kalaburagi,4,2023-10-24,2023,10,11,Morning (6AM-12PM),FIR,Non-Heinous,Crimes Against Body,Murder,Charge Sheeted,17.34865,76.7762
4734,100180001202404734,Mandya,1,2024-08-13,2024,8,2,Night (12AM-6AM),FIR,Non-Heinous,Crimes Against Body,Grievous Hurt,Under Investigation,12.55766,76.89048
4735,100050002202204735,Belagavi,2,2022-05-08,2022,5,13,Afternoon (12PM-6PM),FIR,Heinous,Crimes Against Women,Domestic Violence,Closed,15.84942,74.5169
4736,100160004202604736,Udupi,4,2026-05-08,2026,5,12,Afternoon (12PM-6PM),FIR,Non-Heinous,Crimes Against Body,Assault,Charge Sheeted,13.285,74.62087
4737,700230001202604737,Chamarajanagar,1,2026-06-06,2026,6,7,Morning (6AM-12PM),Zero FIR,Non-Heinous,Cyber Crime,Identity Theft,False Case,11.95382,76.91754
4738,100040004202604738,Mangaluru (Dakshina Kannada),4,2026-02-18,2026,2,17,Afternoon (12PM-6PM),FIR,Heinous,Crimes Against Body,Murder,Under Investigation,12.9251,74.88308
4739,100080001202604739,Ballari,1,2026-10-03,2026,10,13,Afternoon (12PM-6PM),PAR,Non-Heinous,Crimes Against Property,Dacoity,Under Investigation,15.1365,77.01614
4740,100270003202404740,Bagalkot,3,2024-02-12,2024,2,18,Evening (6PM-12AM),FIR,Non-Heinous,Crimes Against Property,Dacoity,Closed,16.12844,75.70052
4741,100030004202304741,Mysuru,4,2023-12-03,2023,12,17,Afternoon (12PM-6PM),PAR,Heinous,Crimes Against Women,Dowry Harassment,Charge Sheeted,12.44282,76.59203
4742,100190003202504742,Hassan,3,2025-08-07,2025,8,8,Morning (6AM-12PM),FIR,Heinous,Crimes Against Women,Sexual Assault,Closed,12.96971,76.1089
4743,100250003202304743,Ramanagara,3,2023-10-05,2023,10,9,Morning (6AM-12PM),FIR,Non-Heinous,Economic Offences,Cheating,Under Investigation,12.76822,77.24817
4744,100070003202404744,Hubballi-Dharwad,3,2024-07-13,2024,7,7,Morning (6AM-12PM),FIR,Non-Heinous,Public Order,Rioting,Under Investigation,15.36531,75.07279
4745,100050003202504745,Belagavi,3,2025-05-15,2025,5,11,Morning (6AM-12PM),FIR,Non-Heinous,Crimes Against Women,Dowry Harassment,Closed,15.83523,74.46749
4746,100040001202404746,Mangaluru (Dakshina Kannada),1,2024-12-21,2024,12,23,Evening (6PM-12AM),FIR,Heinous,Crimes Against Body,Assault,Under Investigation,13.00569,74.94617
4747,100050002202204747,Belagavi,2,2022-08-11,2022,8,15,Afternoon (12PM-6PM),FIR,Heinous,Crimes Against Women,Molestation,Charge Sheeted,15.82661,74.57466
4748,100090002202504748,Tumakuru,2,2025-10-12,2025,10,16,Afternoon (12PM-6PM),PAR,Heinous,Crimes Against Women,Sexual Assault,Charge Sheeted,13.29256,77.06744
4749,100100001202304749,Shivamogga,1,2023-02-27,2023,2,12,Afternoon (12PM-6PM),FIR,Non-Heinous,Cyber Crime,Online Fraud,Charge Sheeted,13.93776,75.49828
4750,400220001202404750,Yadgir,1,2024-09-14,2024,9,11,Morning (6AM-12PM),UDR,Non-Heinous,Crimes Against Property,Theft,Under Investigation,16.70083,77.11227
4751,700090001202504751,Tumakuru,1,2025-12-23,2025,12,17,Afternoon (12PM-6PM),Zero FIR,Heinous,Crimes Against Women,Sexual Assault,Charge Sheeted,13.36871,77.11681
4752,100020002202404752,Bengaluru Rural,2,2024-12-01,2024,12,8,Morning (6AM-12PM),FIR,Non-Heinous,Crimes Against Property,Dacoity,Undetected,13.25884,77.49101
4753,100250003202604753,Ramanagara,3,2026-03-01,2026,3,6,Morning (6AM-12PM),FIR,Non-Heinous,Crimes Against Property,Robbery,Charge Sheeted,12.6093,77.26413
4754,100170004202504754,Kolar,4,2025-04-01,2025,4,20,Evening (6PM-12AM),FIR,Non-Heinous,Crimes Against Property,Dacoity,Charge Sheeted,13.04879,78.08856
4755,100030001202604755,Mysuru,1,2026-09-06,2026,9,2,Night (12AM-6AM),FIR,Non-Heinous,Crimes Against Property,Robbery,Under Investigation,12.33498,76.63198
4756,100230001202304756,Chamarajanagar,1,2023-02-06,2023,2,21,Evening (6PM-12AM),PAR,Non-Heinous,Public Order,Unlawful Assembly,Closed,11.84732,77.0847
4757,100210002202404757,Koppal,2,2024-03-08,2024,3,5,Night (12AM-6AM),FIR,Non-Heinous,Economic Offences,Forgery,Charge Sheeted,15.31484,76.04697
4758,100050001202604758,Belagavi,1,2026-09-21,2026,9,4,Night (12AM-6AM),FIR,Non-Heinous,Economic Offences,Criminal Breach of Trust,Undetected,15.89391,74.58789
4759,700280003202604759,Haveri,3,2026-06-09,2026,6,22,Evening (6PM-12AM),Zero FIR,Non-Heinous,Crimes Against Women,Molestation,Under Investigation,14.86185,75.31924
4760,100040001202604760,Mangaluru (Dakshina Kannada),1,2026-05-27,2026,5,11,Morning (6AM-12PM),FIR,Heinous,Crimes Against Women,Molestation,Under Investigation,12.86753,74.87416
4761,100010002202604761,Bengaluru City,2,2026-09-07,2026,9,2,Night (12AM-6AM),FIR,Heinous,Crimes Against Women,Dowry Harassment,False Case,13.01544,77.6461
4762,100090004202504762,Tumakuru,4,2025-01-13,2025,1,6,Morning (6AM-12PM),FIR,Non-Heinous,Crimes Against Property,Burglary,Under Investigation,13.3098,77.14869
4763,100050002202404763,Belagavi,2,2024-09-18,2024,9,10,Morning (6AM-12PM),FIR,Non-Heinous,Economic Offences,Criminal Breach of Trust,Charge Sheeted,15.919,74.40606
4764,100180004202504764,Mandya,4,2025-08-22,2025,8,18,Evening (6PM-12AM),FIR,Heinous,Crimes Against Body,Grievous Hurt,Under Investigation,12.61005,76.86364
4765,100020002202604765,Bengaluru Rural,2,2026-01-18,2026,1,18,Evening (6PM-12AM),FIR,Non-Heinous,Crimes Against Property,Dacoity,False Case,13.23706,77.55392
4766,100080002202204766,Ballari,2,2022-11-21,2022,11,20,Evening (6PM-12AM),FIR,Non-Heinous,Crimes Against Women,Dowry Harassment,Charge Sheeted,15.09885,76.82155
4767,100020002202304767,Bengaluru Rural,2,2023-06-11,2023,6,13,Afternoon (12PM-6PM),FIR,Non-Heinous,Economic Offences,Cheating,Undetected,13.28666,77.6197
4768,100020003202504768,Bengaluru Rural,3,2025-06-11,2025,6,20,Evening (6PM-12AM),FIR,Non-Heinous,Cyber Crime,Cyberstalking,Undetected,13.28713,77.55689
4769,100040003202204769,Mangaluru (Dakshina Kannada),3,2022-10-01,2022,10,5,Night (12AM-6AM),FIR,Heinous,Narcotics,NDPS Trafficking,Closed,12.97464,74.78411
4770,100020002202504770,Bengaluru Rural,2,2025-10-21,2025,10,19,Evening (6PM-12AM),FIR,Heinous,Crimes Against Women,Domestic Violence,Charge Sheeted,13.30272,77.49618
4771,700040003202504771,Mangaluru (Dakshina Kannada),3,2025-05-08,2025,5,21,Evening (6PM-12AM),Zero FIR,Non-Heinous,Crimes Against Property,Burglary,Closed,12.91314,74.83588
4772,700080001202504772,Ballari,1,2025-12-10,2025,12,1,Night (12AM-6AM),Zero FIR,Non-Heinous,Crimes Against Women,Sexual Assault,Charge Sheeted,15.11973,77.0027
4773,100010003202504773,Bengaluru City,3,2025-11-15,2025,11,13,Afternoon (12PM-6PM),FIR,Heinous,Crimes Against Women,Sexual Assault,Charge Sheeted,13.02368,77.65328
4774,100220004202604774,Yadgir,4,2026-02-22,2026,2,9,Morning (6AM-12PM),PAR,Non-Heinous,Crimes Against Property,Dacoity,Under Investigation,16.67096,77.25493
4775,700230003202304775,Chamarajanagar,3,2023-10-27,2023,10,0,Night (12AM-6AM),Zero FIR,Non-Heinous,Crimes Against Property,Theft,False Case,11.90928,76.92113
4776,100290004202504776,Gadag,4,2025-03-08,2025,3,4,Night (12AM-6AM),FIR,Non-Heinous,Crimes Against Body,Murder,Under Investigation,15.38414,75.65639
4777,400240001202204777,Kodagu,1,2022-07-09,2022,7,4,Night (12AM-6AM),UDR,Non-Heinous,Crimes Against Women,Domestic Violence,Under Investigation,12.32679,75.82777
4778,100110003202404778,Davanagere,3,2024-05-14,2024,5,18,Evening (6PM-12AM),FIR,Non-Heinous,Crimes Against Women,Domestic Violence,Under Investigation,14.45247,75.88109
4779,100250002202504779,Ramanagara,2,2025-02-21,2025,2,5,Night (12AM-6AM),FIR,Non-Heinous,Cyber Crime,Phishing,Undetected,12.70386,77.20376
4780,100160001202404780,Udupi,1,2024-04-02,2024,4,12,Afternoon (12PM-6PM),FIR,Non-Heinous,Crimes Against Property,Burglary,Charge Sheeted,13.35457,74.73288
4781,100250004202404781,Ramanagara,4,2024-05-05,2024,5,8,Morning (6AM-12PM),FIR,Non-Heinous,Crimes Against Body,Murder,Closed,12.71199,77.26975
4782,100060001202604782,Kalaburagi,1,2026-03-02,2026,3,1,Night (12AM-6AM),FIR,Heinous,Crimes Against Women,Molestation,False Case,17.28089,76.79785
4783,700260004202304783,Chikkaballapur,4,2023-08-15,2023,8,6,Morning (6AM-12PM),Zero FIR,Non-Heinous,Crimes Against Property,Robbery,Closed,13.3372,77.73562
4784,100230001202504784,Chamarajanagar,1,2025-02-24,2025,2,6,Morning (6AM-12PM),FIR,Heinous,Narcotics,NDPS Possession,Charge Sheeted,11.89737,76.9526
4785,100090004202604785,Tumakuru,4,2026-03-20,2026,3,3,Night (12AM-6AM),FIR,Non-Heinous,Economic Offences,Criminal Breach of Trust,Charge Sheeted,13.37405,77.08662
4786,100090001202604786,Tumakuru,1,2026-01-25,2026,1,5,Night (12AM-6AM),FIR,Non-Heinous,Crimes Against Women,Sexual Assault,Under Investigation,13.31594,77.1091
4787,100260003202504787,Chikkaballapur,3,2025-11-15,2025,11,22,Evening (6PM-12AM),FIR,Non-Heinous,Narcotics,NDPS Possession,Charge Sheeted,13.52962,77.65812
4788,100230003202204788,Chamarajanagar,3,2022-01-01,2022,1,13,Afternoon (12PM-6PM),FIR,Non-Heinous,Crimes Against Women,Molestation,Closed,11.9229,76.95264
4789,100030003202604789,Mysuru,3,2026-07-21,2026,7,13,Afternoon (12PM-6PM),FIR,Non-Heinous,Economic Offences,Forgery,Charge Sheeted,12.28023,76.66536
4790,100010002202604790,Bengaluru City,2,2026-01-11,2026,1,14,Afternoon (12PM-6PM),FIR,Non-Heinous,Crimes Against Women,Molestation,False Case,12.94987,77.53906
4791,400140002202604791,Bidar,2,2026-02-16,2026,2,9,Morning (6AM-12PM),UDR,Non-Heinous,Crimes Against Property,Burglary,Charge Sheeted,18.02431,77.60167
4792,400050001202604792,Belagavi,1,2026-03-19,2026,3,23,Evening (6PM-12AM),UDR,Non-Heinous,Crimes Against Property,Dacoity,Charge Sheeted,15.79944,74.57691
4793,100050004202604793,Belagavi,4,2026-08-25,2026,8,18,Evening (6PM-12AM),FIR,Heinous,Crimes Against Women,Dowry Harassment,Charge Sheeted,15.88939,74.47372
4794,100150003202304794,Chikkamagaluru,3,2023-05-11,2023,5,2,Night (12AM-6AM),FIR,Heinous,Crimes Against Body,Assault,Charge Sheeted,13.29818,75.75995
4795,100220004202504795,Yadgir,4,2025-07-05,2025,7,19,Evening (6PM-12AM),FIR,Non-Heinous,Crimes Against Property,Burglary,Charge Sheeted,16.67149,77.17303
4796,100110001202304796,Davanagere,1,2023-04-19,2023,4,2,Night (12AM-6AM),PAR,Non-Heinous,Crimes Against Body,Grievous Hurt,Undetected,14.40833,75.89964
4797,400220004202204797,Yadgir,4,2022-05-20,2022,5,9,Morning (6AM-12PM),UDR,Non-Heinous,Narcotics,NDPS Trafficking,Closed,16.77874,77.15059
4798,700050002202304798,Belagavi,2,2023-05-03,2023,5,14,Afternoon (12PM-6PM),Zero FIR,Non-Heinous,Crimes Against Property,Burglary,Charge Sheeted,15.89936,74.43046
4799,400010004202504799,Bengaluru City,4,2025-10-04,2025,10,4,Night (12AM-6AM),UDR,Non-Heinous,Crimes Against Property,Robbery,Charge Sheeted,12.96247,77.6883
4800,100160001202204800,Udupi,1,2022-09-15,2022,9,22,Evening (6PM-12AM),FIR,Non-Heinous,Crimes Against Property,Dacoity,Undetected,13.38457,74.79875
4801,100020002202604801,Bengaluru Rural,2,2026-07-14,2026,7,5,Night (12AM-6AM),FIR,Non-Heinous,Crimes Against Women,Sexual Assault,Undetected,13.22342,77.48897
4802,100050003202404802,Belagavi,3,2024-05-25,2024,5,4,Night (12AM-6AM),FIR,Non-Heinous,Public Order,Rioting,Closed,15.70483,74.39956
4803,400230004202304803,Chamarajanagar,4,2023-12-01,2023,12,10,Morning (6AM-12PM),UDR,Non-Heinous,Public Order,Rioting,Charge Sheeted,11.90779,76.93544
4804,100030004202504804,Mysuru,4,2025-04-01,2025,4,19,Evening (6PM-12AM),FIR,Non-Heinous,Economic Offences,Criminal Breach of Trust,Closed,12.38388,76.76989
4805,100170001202204805,Kolar,1,2022-01-27,2022,1,4,Night (12AM-6AM),FIR,Non-Heinous,Economic Offences,Criminal Breach of Trust,Charge Sheeted,13.07853,78.10239
4806,100130003202604806,Raichur,3,2026-02-25,2026,2,18,Evening (6PM-12AM),FIR,Non-Heinous,Public Order,Rioting,Charge Sheeted,16.23093,77.28106
4807,100020001202404807,Bengaluru Rural,1,2024-12-12,2024,12,6,Morning (6AM-12PM),FIR,Non-Heinous,Crimes Against Property,Burglary,Under Investigation,13.27717,77.51706
4808,100020004202204808,Bengaluru Rural,4,2022-07-10,2022,7,8,Morning (6AM-12PM),FIR,Non-Heinous,Crimes Against Property,Theft,False Case,13.34646,77.61352
4809,100140004202404809,Bidar,4,2024-02-26,2024,2,10,Morning (6AM-12PM),FIR,Non-Heinous,Crimes Against Body,Attempt to Murder,Closed,17.88268,77.553
4810,100120004202504810,Vijayapura,4,2025-11-13,2025,11,8,Morning (6AM-12PM),FIR,Non-Heinous,Crimes Against Women,Dowry Harassment,Charge Sheeted,16.84932,75.68105
4811,100230003202204811,Chamarajanagar,3,2022-11-23,2022,11,10,Morning (6AM-12PM),FIR,Heinous,Crimes Against Women,Sexual Assault,Closed,12.02951,76.9088
4812,100030003202404812,Mysuru,3,2024-09-18,2024,9,11,Morning (6AM-12PM),FIR,Non-Heinous,Crimes Against Property,Robbery,Charge Sheeted,12.26399,76.6827
4813,100060001202404813,Kalaburagi,1,2024-02-11,2024,2,19,Evening (6PM-12AM),FIR,Heinous,Crimes Against Body,Attempt to Murder,Charge Sheeted,17.35363,76.88395
4814,100010001202304814,Bengaluru City,1,2023-01-09,2023,1,10,Morning (6AM-12PM),FIR,Non-Heinous,Crimes Against Body,Attempt to Murder,Closed,13.01113,77.63059
4815,100020002202304815,Bengaluru Rural,2,2023-06-07,2023,6,12,Afternoon (12PM-6PM),FIR,Non-Heinous,Cyber Crime,Cyberstalking,Under Investigation,13.27321,77.53266
4816,100240003202404816,Kodagu,3,2024-08-18,2024,8,10,Morning (6AM-12PM),FIR,Non-Heinous,Crimes Against Property,Theft,Closed,12.28212,75.71628
4817,100010003202304817,Bengaluru City,3,2023-02-21,2023,2,13,Afternoon (12PM-6PM),FIR,Non-Heinous,Crimes Against Women,Molestation,Closed,13.01571,77.67306
4818,100240003202604818,Kodagu,3,2026-10-15,2026,10,0,Night (12AM-6AM),FIR,Non-Heinous,Crimes Against Body,Assault,Closed,12.37482,75.85374
4819,100170002202404819,Kolar,2,2024-12-11,2024,12,23,Evening (6PM-12AM),PAR,Non-Heinous,Economic Offences,Criminal Breach of Trust,Charge Sheeted,13.04421,78.11455
4820,100240003202404820,Kodagu,3,2024-01-10,2024,1,19,Evening (6PM-12AM),FIR,Heinous,Crimes Against Women,Domestic Violence,Charge Sheeted,12.35895,75.85463
4821,100160001202504821,Udupi,1,2025-12-11,2025,12,17,Afternoon (12PM-6PM),FIR,Non-Heinous,Public Order,Unlawful Assembly,Closed,13.3211,74.782
4822,100030003202404822,Mysuru,3,2024-05-24,2024,5,0,Night (12AM-6AM),FIR,Non-Heinous,Crimes Against Women,Dowry Harassment,Undetected,12.22799,76.58385
4823,100110001202604823,Davanagere,1,2026-05-13,2026,5,16,Afternoon (12PM-6PM),FIR,Non-Heinous,Crimes Against Property,Burglary,Under Investigation,14.49304,75.9344
4824,100160004202504824,Udupi,4,2025-10-21,2025,10,18,Evening (6PM-12AM),FIR,Non-Heinous,Crimes Against Property,Robbery,Charge Sheeted,13.36621,74.70298
4825,100050001202304825,Belagavi,1,2023-07-22,2023,7,3,Night (12AM-6AM),PAR,Heinous,Crimes Against Women,Molestation,Closed,15.86844,74.47114
4826,100040003202404826,Mangaluru (Dakshina Kannada),3,2024-06-15,2024,6,20,Evening (6PM-12AM),FIR,Non-Heinous,Cyber Crime,Identity Theft,Under Investigation,12.91613,74.78854
4827,100050001202604827,Belagavi,1,2026-04-08,2026,4,20,Evening (6PM-12AM),FIR,Non-Heinous,Economic Offences,Cheating,Charge Sheeted,15.73378,74.48891
4828,100210001202404828,Koppal,1,2024-07-25,2024,7,3,Night (12AM-6AM),FIR,Non-Heinous,Public Order,Rioting,Closed,15.28827,76.17682
4829,100160004202204829,Udupi,4,2022-12-17,2022,12,22,Evening (6PM-12AM),FIR,Non-Heinous,Cyber Crime,Online Fraud,Charge Sheeted,13.38036,74.72541
4830,100060002202504830,Kalaburagi,2,2025-01-10,2025,1,0,Night (12AM-6AM),FIR,Non-Heinous,Crimes Against Property,Dacoity,Under Investigation,17.23063,76.89941
4831,100220004202404831,Yadgir,4,2024-05-01,2024,5,21,Evening (6PM-12AM),FIR,Non-Heinous,Crimes Against Women,Dowry Harassment,Charge Sheeted,16.69545,77.06009
4832,100090003202304832,Tumakuru,3,2023-12-09,2023,12,3,Night (12AM-6AM),FIR,Non-Heinous,Crimes Against Body,Assault,Charge Sheeted,13.40444,77.04612
4833,100050004202304833,Belagavi,4,2023-09-22,2023,9,0,Night (12AM-6AM),FIR,Heinous,Crimes Against Body,Assault,Charge Sheeted,15.88925,74.39079
4834,100020002202304834,Bengaluru Rural,2,2023-08-03,2023,8,18,Evening (6PM-12AM),FIR,Heinous,Crimes Against Body,Murder,Under Investigation,13.29348,77.39235
4835,100190002202604835,Hassan,2,2026-04-24,2026,4,21,Evening (6PM-12AM),FIR,Non-Heinous,Cyber Crime,Identity Theft,False Case,12.97412,76.17683
4836,100020003202204836,Bengaluru Rural,3,2022-02-02,2022,2,23,Evening (6PM-12AM),FIR,Non-Heinous,Crimes Against Property,Dacoity,Charge Sheeted,13.25021,77.53111
4837,100030003202204837,Mysuru,3,2022-03-17,2022,3,1,Night (12AM-6AM),FIR,Non-Heinous,Crimes Against Body,Grievous Hurt,Under Investigation,12.36224,76.65867
4838,100040001202404838,Mangaluru (Dakshina Kannada),1,2024-09-19,2024,9,13,Afternoon (12PM-6PM),FIR,Heinous,Crimes Against Women,Molestation,Charge Sheeted,12.88159,74.95926
4839,100220004202204839,Yadgir,4,2022-08-13,2022,8,18,Evening (6PM-12AM),PAR,Heinous,Narcotics,NDPS Trafficking,Under Investigation,16.75009,77.09171
4840,100240003202304840,Kodagu,3,2023-06-27,2023,6,15,Afternoon (12PM-6PM),FIR,Heinous,Crimes Against Women,Molestation,Under Investigation,12.30661,75.88718
4841,100040003202204841,Mangaluru (Dakshina Kannada),3,2022-08-13,2022,8,6,Morning (6AM-12PM),FIR,Non-Heinous,Crimes Against Property,Burglary,False Case,12.8512,74.94359
4842,100040004202204842,Mangaluru (Dakshina Kannada),4,2022-01-21,2022,1,10,Morning (6AM-12PM),FIR,Non-Heinous,Crimes Against Women,Molestation,False Case,12.86773,74.95389
4843,100130002202304843,Raichur,2,2023-01-14,2023,1,12,Afternoon (12PM-6PM),FIR,Non-Heinous,Public Order,Rioting,Under Investigation,16.18983,77.29287
4844,100170002202504844,Kolar,2,2025-01-15,2025,1,16,Afternoon (12PM-6PM),FIR,Non-Heinous,Crimes Against Women,Dowry Harassment,Under Investigation,13.19987,78.1665
4845,100090004202204845,Tumakuru,4,2022-10-03,2022,10,13,Afternoon (12PM-6PM),FIR,Non-Heinous,Crimes Against Property,Robbery,Under Investigation,13.28509,77.06646
4846,100110002202404846,Davanagere,2,2024-07-20,2024,7,6,Morning (6AM-12PM),FIR,Heinous,Crimes Against Body,Assault,Under Investigation,14.58647,75.9047
4847,100090001202404847,Tumakuru,1,2024-10-03,2024,10,8,Morning (6AM-12PM),FIR,Non-Heinous,Crimes Against Body,Attempt to Murder,Charge Sheeted,13.35426,77.1931
4848,100160001202604848,Udupi,1,2026-10-04,2026,10,7,Morning (6AM-12PM),FIR,Non-Heinous,Crimes Against Body,Murder,Under Investigation,13.26053,74.72847
4849,100040004202404849,Mangaluru (Dakshina Kannada),4,2024-02-07,2024,2,0,Night (12AM-6AM),FIR,Heinous,Crimes Against Women,Molestation,Charge Sheeted,12.8413,74.84511
4850,100190001202204850,Hassan,1,2022-11-11,2022,11,21,Evening (6PM-12AM),FIR,Non-Heinous,Crimes Against Property,Burglary,Under Investigation,13.02573,76.05635
4851,100070003202304851,Hubballi-Dharwad,3,2023-01-16,2023,1,4,Night (12AM-6AM),FIR,Non-Heinous,Economic Offences,Cheating,Closed,15.38731,75.16967
4852,400230002202204852,Chamarajanagar,2,2022-10-27,2022,10,0,Night (12AM-6AM),UDR,Non-Heinous,Crimes Against Women,Sexual Assault,Under Investigation,12.01628,76.9057
4853,100120003202404853,Vijayapura,3,2024-08-01,2024,8,15,Afternoon (12PM-6PM),PAR,Non-Heinous,Crimes Against Body,Murder,Under Investigation,16.86762,75.70673
4854,100010003202204854,Bengaluru City,3,2022-04-25,2022,4,20,Evening (6PM-12AM),FIR,Non-Heinous,Crimes Against Women,Domestic Violence,False Case,12.89225,77.64272
4855,100160001202304855,Udupi,1,2023-10-07,2023,10,1,Night (12AM-6AM),FIR,Non-Heinous,Crimes Against Property,Dacoity,False Case,13.38134,74.70457
4856,400180001202404856,Mandya,1,2024-05-15,2024,5,4,Night (12AM-6AM),UDR,Non-Heinous,Crimes Against Property,Robbery,False Case,12.59509,76.9648
4857,100030003202504857,Mysuru,3,2025-11-19,2025,11,23,Evening (6PM-12AM),FIR,Non-Heinous,Crimes Against Body,Assault,Under Investigation,12.30423,76.64985
4858,100050003202604858,Belagavi,3,2026-05-24,2026,5,6,Morning (6AM-12PM),FIR,Non-Heinous,Crimes Against Property,Burglary,Charge Sheeted,15.81606,74.58965
4859,700030004202304859,Mysuru,4,2023-04-08,2023,4,7,Morning (6AM-12PM),Zero FIR,Non-Heinous,Crimes Against Property,Robbery,False Case,12.35451,76.67524
4860,100060002202504860,Kalaburagi,2,2025-07-15,2025,7,1,Night (12AM-6AM),FIR,Non-Heinous,Economic Offences,Criminal Breach of Trust,Closed,17.45683,76.82811
4861,100150003202504861,Chikkamagaluru,3,2025-07-04,2025,7,11,Morning (6AM-12PM),FIR,Non-Heinous,Economic Offences,Forgery,Closed,13.30653,75.87477
4862,700050002202504862,Belagavi,2,2025-08-20,2025,8,2,Night (12AM-6AM),Zero FIR,Non-Heinous,Crimes Against Property,Theft,Charge Sheeted,15.81928,74.47828
4863,700050001202604863,Belagavi,1,2026-01-21,2026,1,13,Afternoon (12PM-6PM),Zero FIR,Heinous,Narcotics,NDPS Trafficking,Under Investigation,15.8622,74.49177
4864,400210002202504864,Koppal,2,2025-03-07,2025,3,22,Evening (6PM-12AM),UDR,Non-Heinous,Crimes Against Women,Sexual Assault,Under Investigation,15.35439,76.0632
4865,100240004202204865,Kodagu,4,2022-08-18,2022,8,17,Afternoon (12PM-6PM),PAR,Heinous,Crimes Against Women,Dowry Harassment,Under Investigation,12.2518,75.77837
4866,100030004202204866,Mysuru,4,2022-09-01,2022,9,10,Morning (6AM-12PM),FIR,Non-Heinous,Narcotics,NDPS Trafficking,Under Investigation,12.31385,76.57051
4867,100070003202504867,Hubballi-Dharwad,3,2025-03-14,2025,3,23,Evening (6PM-12AM),FIR,Non-Heinous,Cyber Crime,Online Fraud,Undetected,15.44192,75.14276
4868,100010002202404868,Bengaluru City,2,2024-11-17,2024,11,11,Morning (6AM-12PM),FIR,Non-Heinous,Cyber Crime,Online Fraud,Charge Sheeted,12.96845,77.61935
4869,100110001202604869,Davanagere,1,2026-03-25,2026,3,2,Night (12AM-6AM),FIR,Heinous,Crimes Against Women,Domestic Violence,False Case,14.4272,75.88479
4870,100020003202204870,Bengaluru Rural,3,2022-03-09,2022,3,6,Morning (6AM-12PM),PAR,Non-Heinous,Crimes Against Women,Domestic Violence,Charge Sheeted,13.34873,77.57455
4871,100280001202404871,Haveri,1,2024-09-05,2024,9,8,Morning (6AM-12PM),FIR,Non-Heinous,Crimes Against Body,Grievous Hurt,Under Investigation,14.91613,75.42673
4872,100030003202604872,Mysuru,3,2026-05-07,2026,5,20,Evening (6PM-12AM),FIR,Non-Heinous,Crimes Against Women,Dowry Harassment,Charge Sheeted,12.31527,76.68973
4873,100240003202304873,Kodagu,3,2023-03-16,2023,3,9,Morning (6AM-12PM),FIR,Non-Heinous,Crimes Against Property,Theft,Under Investigation,12.33304,75.79093
4874,100190001202504874,Hassan,1,2025-09-23,2025,9,14,Afternoon (12PM-6PM),FIR,Non-Heinous,Crimes Against Property,Robbery,Undetected,12.9835,76.08109
4875,100050003202604875,Belagavi,3,2026-07-10,2026,7,2,Night (12AM-6AM),FIR,Heinous,Crimes Against Women,Molestation,Undetected,15.81237,74.52597
4876,100120001202504876,Vijayapura,1,2025-07-27,2025,7,0,Night (12AM-6AM),FIR,Non-Heinous,Crimes Against Women,Domestic Violence,Closed,16.83638,75.69264
4877,100020002202404877,Bengaluru Rural,2,2024-04-08,2024,4,15,Afternoon (12PM-6PM),FIR,Non-Heinous,Crimes Against Property,Dacoity,False Case,13.39163,77.661
4878,100040001202504878,Mangaluru (Dakshina Kannada),1,2025-10-20,2025,10,15,Afternoon (12PM-6PM),FIR,Heinous,Crimes Against Women,Domestic Violence,Under Investigation,12.8649,74.76961
4879,100160001202604879,Udupi,1,2026-08-27,2026,8,19,Evening (6PM-12AM),FIR,Non-Heinous,Narcotics,NDPS Trafficking,Closed,13.43035,74.63264
4880,100070001202504880,Hubballi-Dharwad,1,2025-10-05,2025,10,4,Night (12AM-6AM),FIR,Non-Heinous,Economic Offences,Criminal Breach of Trust,Charge Sheeted,15.33231,75.09257
4881,700010002202604881,Bengaluru City,2,2026-01-18,2026,1,0,Night (12AM-6AM),Zero FIR,Non-Heinous,Narcotics,NDPS Possession,Closed,12.93175,77.58106
4882,100010003202604882,Bengaluru City,3,2026-10-15,2026,10,13,Afternoon (12PM-6PM),FIR,Non-Heinous,Crimes Against Women,Domestic Violence,Charge Sheeted,13.04323,77.53332
4883,700100002202304883,Shivamogga,2,2023-06-25,2023,6,19,Evening (6PM-12AM),Zero FIR,Non-Heinous,Crimes Against Property,Dacoity,Charge Sheeted,13.95403,75.60824
4884,100070002202604884,Hubballi-Dharwad,2,2026-02-18,2026,2,18,Evening (6PM-12AM),FIR,Heinous,Crimes Against Women,Sexual Assault,Charge Sheeted,15.33883,75.13369
4885,100090001202604885,Tumakuru,1,2026-09-02,2026,9,1,Night (12AM-6AM),FIR,Non-Heinous,Crimes Against Women,Dowry Harassment,Under Investigation,13.32958,77.20316
4886,100250002202404886,Ramanagara,2,2024-06-05,2024,6,10,Morning (6AM-12PM),FIR,Non-Heinous,Crimes Against Property,Robbery,False Case,12.73058,77.25056
4887,100050001202604887,Belagavi,1,2026-06-08,2026,6,17,Afternoon (12PM-6PM),FIR,Non-Heinous,Cyber Crime,Identity Theft,Charge Sheeted,15.90026,74.52761
4888,100270003202304888,Bagalkot,3,2023-12-07,2023,12,17,Afternoon (12PM-6PM),PAR,Non-Heinous,Cyber Crime,Cyberstalking,Under Investigation,16.13702,75.57983
4889,100110004202504889,Davanagere,4,2025-01-12,2025,1,6,Morning (6AM-12PM),FIR,Non-Heinous,Crimes Against Property,Robbery,Charge Sheeted,14.38613,75.96051
4890,700130003202204890,Raichur,3,2022-02-25,2022,2,19,Evening (6PM-12AM),Zero FIR,Non-Heinous,Crimes Against Body,Assault,Closed,16.24496,77.33302
4891,100080002202304891,Ballari,2,2023-08-04,2023,8,6,Morning (6AM-12PM),FIR,Heinous,Crimes Against Women,Dowry Harassment,Closed,15.11369,76.93293
4892,100280001202604892,Haveri,1,2026-04-07,2026,4,7,Morning (6AM-12PM),FIR,Heinous,Crimes Against Women,Molestation,Under Investigation,14.79556,75.40128
4893,100260002202504893,Chikkaballapur,2,2025-12-26,2025,12,1,Night (12AM-6AM),FIR,Non-Heinous,Crimes Against Property,Dacoity,Under Investigation,13.4133,77.74706
4894,100090001202204894,Tumakuru,1,2022-01-12,2022,1,14,Afternoon (12PM-6PM),FIR,Non-Heinous,Crimes Against Property,Robbery,False Case,13.25142,77.16899
4895,100020004202204895,Bengaluru Rural,4,2022-11-04,2022,11,14,Afternoon (12PM-6PM),FIR,Heinous,Narcotics,NDPS Possession,Closed,13.26462,77.55635
4896,700070002202204896,Hubballi-Dharwad,2,2022-12-18,2022,12,0,Night (12AM-6AM),Zero FIR,Non-Heinous,Cyber Crime,Online Fraud,Under Investigation,15.23003,75.10235
4897,100030001202504897,Mysuru,1,2025-07-01,2025,7,23,Evening (6PM-12AM),FIR,Non-Heinous,Narcotics,NDPS Possession,Under Investigation,12.23315,76.63071
4898,100230004202304898,Chamarajanagar,4,2023-12-07,2023,12,17,Afternoon (12PM-6PM),FIR,Non-Heinous,Public Order,Unlawful Assembly,Under Investigation,11.92614,76.97575
4899,100070001202304899,Hubballi-Dharwad,1,2023-10-05,2023,10,17,Afternoon (12PM-6PM),FIR,Heinous,Crimes Against Body,Grievous Hurt,Undetected,15.32411,75.11767
4900,100140001202204900,Bidar,1,2022-09-27,2022,9,14,Afternoon (12PM-6PM),PAR,Non-Heinous,Economic Offences,Cheating,Charge Sheeted,17.96373,77.4612
4901,100030003202504901,Mysuru,3,2025-02-15,2025,2,15,Afternoon (12PM-6PM),FIR,Non-Heinous,Crimes Against Property,Robbery,Under Investigation,12.33913,76.58725
4902,100220001202504902,Yadgir,1,2025-02-08,2025,2,3,Night (12AM-6AM),FIR,Heinous,Crimes Against Women,Sexual Assault,Under Investigation,16.81618,77.11277
4903,700050004202304903,Belagavi,4,2023-04-19,2023,4,3,Night (12AM-6AM),Zero FIR,Heinous,Crimes Against Body,Murder,Charge Sheeted,15.85299,74.46924
4904,100050003202604904,Belagavi,3,2026-05-01,2026,5,11,Morning (6AM-12PM),FIR,Heinous,Crimes Against Women,Dowry Harassment,Undetected,15.82982,74.49126
4905,700050001202504905,Belagavi,1,2025-11-23,2025,11,13,Afternoon (12PM-6PM),Zero FIR,Non-Heinous,Crimes Against Body,Grievous Hurt,Charge Sheeted,15.81198,74.5262
4906,100050003202204906,Belagavi,3,2022-03-08,2022,3,9,Morning (6AM-12PM),FIR,Non-Heinous,Crimes Against Property,Burglary,Charge Sheeted,15.82159,74.54023
4907,100110002202604907,Davanagere,2,2026-06-15,2026,6,19,Evening (6PM-12AM),FIR,Heinous,Crimes Against Body,Grievous Hurt,Charge Sheeted,14.52109,75.91115
4908,100190002202304908,Hassan,2,2023-08-23,2023,8,5,Night (12AM-6AM),FIR,Non-Heinous,Crimes Against Body,Grievous Hurt,Under Investigation,13.0111,76.02928
4909,100050003202304909,Belagavi,3,2023-05-11,2023,5,1,Night (12AM-6AM),FIR,Non-Heinous,Crimes Against Body,Grievous Hurt,Charge Sheeted,15.87684,74.52073
4910,100140002202504910,Bidar,2,2025-02-16,2025,2,12,Afternoon (12PM-6PM),FIR,Non-Heinous,Crimes Against Women,Dowry Harassment,Charge Sheeted,17.97114,77.48722
4911,100190004202404911,Hassan,4,2024-01-12,2024,1,4,Night (12AM-6AM),FIR,Non-Heinous,Crimes Against Body,Grievous Hurt,Charge Sheeted,12.93879,76.1514
4912,100220004202604912,Yadgir,4,2026-02-26,2026,2,3,Night (12AM-6AM),FIR,Non-Heinous,Cyber Crime,Phishing,Charge Sheeted,16.74144,77.09117
4913,100020004202404913,Bengaluru Rural,4,2024-05-08,2024,5,9,Morning (6AM-12PM),FIR,Non-Heinous,Cyber Crime,Cyberstalking,Charge Sheeted,13.34665,77.41348
4914,400220003202404914,Yadgir,3,2024-07-12,2024,7,13,Afternoon (12PM-6PM),UDR,Heinous,Crimes Against Women,Dowry Harassment,Charge Sheeted,16.73077,77.222
4915,100030003202404915,Mysuru,3,2024-12-08,2024,12,7,Morning (6AM-12PM),FIR,Non-Heinous,Crimes Against Property,Theft,Under Investigation,12.37831,76.67209
4916,100170003202404916,Kolar,3,2024-06-06,2024,6,7,Morning (6AM-12PM),FIR,Non-Heinous,Crimes Against Property,Dacoity,Closed,13.13248,78.09993
4917,100030003202604917,Mysuru,3,2026-08-23,2026,8,17,Afternoon (12PM-6PM),FIR,Non-Heinous,Crimes Against Property,Dacoity,Closed,12.34406,76.76328
4918,100140003202504918,Bidar,3,2025-10-09,2025,10,4,Night (12AM-6AM),FIR,Heinous,Crimes Against Body,Murder,Under Investigation,17.90583,77.58914
4919,100010003202504919,Bengaluru City,3,2025-06-09,2025,6,8,Morning (6AM-12PM),FIR,Non-Heinous,Crimes Against Property,Dacoity,Charge Sheeted,13.00415,77.6269
4920,100190004202304920,Hassan,4,2023-08-02,2023,8,7,Morning (6AM-12PM),FIR,Non-Heinous,Crimes Against Body,Attempt to Murder,Undetected,13.00598,75.99699
4921,100090001202204921,Tumakuru,1,2022-03-13,2022,3,21,Evening (6PM-12AM),FIR,Non-Heinous,Crimes Against Property,Theft,Undetected,13.2997,77.02703
4922,100270001202604922,Bagalkot,1,2026-09-26,2026,9,18,Evening (6PM-12AM),FIR,Non-Heinous,Crimes Against Body,Murder,Under Investigation,16.16088,75.67758
4923,100110003202604923,Davanagere,3,2026-02-05,2026,2,14,Afternoon (12PM-6PM),FIR,Non-Heinous,Crimes Against Property,Dacoity,False Case,14.50686,76.05368
4924,100210004202304924,Koppal,4,2023-03-27,2023,3,21,Evening (6PM-12AM),FIR,Non-Heinous,Crimes Against Body,Murder,False Case,15.33509,76.22176
4925,100050002202404925,Belagavi,2,2024-03-24,2024,3,10,Morning (6AM-12PM),PAR,Heinous,Narcotics,NDPS Trafficking,False Case,15.89888,74.5742
4926,100020002202504926,Bengaluru Rural,2,2025-12-09,2025,12,22,Evening (6PM-12AM),FIR,Non-Heinous,Narcotics,NDPS Possession,Closed,13.23394,77.51765
4927,100060001202404927,Kalaburagi,1,2024-09-05,2024,9,19,Evening (6PM-12AM),FIR,Non-Heinous,Cyber Crime,Identity Theft,Undetected,17.36604,76.87903
4928,100050002202404928,Belagavi,2,2024-02-21,2024,2,15,Afternoon (12PM-6PM),PAR,Non-Heinous,Crimes Against Property,Theft,Under Investigation,15.80692,74.49077
4929,100250004202204929,Ramanagara,4,2022-03-03,2022,3,10,Morning (6AM-12PM),FIR,Non-Heinous,Crimes Against Body,Murder,Under Investigation,12.68289,77.30954
4930,100090002202504930,Tumakuru,2,2025-05-25,2025,5,5,Night (12AM-6AM),FIR,Heinous,Crimes Against Women,Molestation,Charge Sheeted,13.32553,77.26849
4931,100090001202504931,Tumakuru,1,2025-01-23,2025,1,0,Night (12AM-6AM),FIR,Non-Heinous,Narcotics,NDPS Possession,Charge Sheeted,13.30346,77.23485
4932,400250003202604932,Ramanagara,3,2026-07-03,2026,7,7,Morning (6AM-12PM),UDR,Non-Heinous,Crimes Against Women,Sexual Assault,Under Investigation,12.73178,77.28234
4933,100110001202404933,Davanagere,1,2024-09-11,2024,9,11,Morning (6AM-12PM),FIR,Heinous,Crimes Against Women,Molestation,Charge Sheeted,14.46168,75.79268
4934,400080002202504934,Ballari,2,2025-12-12,2025,12,11,Morning (6AM-12PM),UDR,Heinous,Crimes Against Women,Sexual Assault,False Case,15.1339,76.81912
4935,700050001202604935,Belagavi,1,2026-03-17,2026,3,20,Evening (6PM-12AM),Zero FIR,Non-Heinous,Crimes Against Property,Robbery,Undetected,15.85709,74.51376
4936,100040004202304936,Mangaluru (Dakshina Kannada),4,2023-10-11,2023,10,19,Evening (6PM-12AM),FIR,Non-Heinous,Crimes Against Property,Theft,Charge Sheeted,12.94773,74.86381
4937,100280002202404937,Haveri,2,2024-12-09,2024,12,8,Morning (6AM-12PM),FIR,Non-Heinous,Crimes Against Property,Burglary,Closed,14.76451,75.41918
4938,100040001202504938,Mangaluru (Dakshina Kannada),1,2025-02-12,2025,2,12,Afternoon (12PM-6PM),FIR,Non-Heinous,Crimes Against Property,Dacoity,Undetected,12.94039,74.89663
4939,100030003202404939,Mysuru,3,2024-05-10,2024,5,16,Afternoon (12PM-6PM),FIR,Heinous,Crimes Against Women,Molestation,Charge Sheeted,12.25985,76.56663
4940,100060001202604940,Kalaburagi,1,2026-08-05,2026,8,18,Evening (6PM-12AM),FIR,Non-Heinous,Crimes Against Women,Sexual Assault,Under Investigation,17.31025,76.98139
4941,700050004202604941,Belagavi,4,2026-01-15,2026,1,0,Night (12AM-6AM),Zero FIR,Non-Heinous,Crimes Against Property,Robbery,Under Investigation,15.87799,74.43893
4942,400020003202204942,Bengaluru Rural,3,2022-09-15,2022,9,6,Morning (6AM-12PM),UDR,Non-Heinous,Crimes Against Property,Burglary,Undetected,13.31202,77.55197
4943,700120002202504943,Vijayapura,2,2025-03-27,2025,3,20,Evening (6PM-12AM),Zero FIR,Heinous,Crimes Against Body,Attempt to Murder,Under Investigation,16.80211,75.57917
4944,400020004202304944,Bengaluru Rural,4,2023-06-25,2023,6,20,Evening (6PM-12AM),UDR,Non-Heinous,Crimes Against Property,Theft,Charge Sheeted,13.39176,77.48624
4945,100010001202504945,Bengaluru City,1,2025-07-11,2025,7,21,Evening (6PM-12AM),FIR,Non-Heinous,Crimes Against Property,Burglary,Closed,13.00767,77.79476
4946,400040002202504946,Mangaluru (Dakshina Kannada),2,2025-08-02,2025,8,9,Morning (6AM-12PM),UDR,Heinous,Crimes Against Women,Dowry Harassment,Charge Sheeted,12.9542,74.77409
4947,100050003202304947,Belagavi,3,2023-03-12,2023,3,6,Morning (6AM-12PM),FIR,Heinous,Crimes Against Women,Sexual Assault,Charge Sheeted,15.86884,74.50173
4948,100020004202604948,Bengaluru Rural,4,2026-08-08,2026,8,5,Night (12AM-6AM),FIR,Heinous,Crimes Against Women,Molestation,False Case,13.33811,77.56505
4949,700040002202504949,Mangaluru (Dakshina Kannada),2,2025-01-10,2025,1,19,Evening (6PM-12AM),Zero FIR,Non-Heinous,Crimes Against Women,Molestation,Closed,12.94329,74.87177
4950,100160002202604950,Udupi,2,2026-04-10,2026,4,9,Morning (6AM-12PM),PAR,Non-Heinous,Crimes Against Women,Domestic Violence,Charge Sheeted,13.26374,74.74951
4951,100100001202504951,Shivamogga,1,2025-12-24,2025,12,3,Night (12AM-6AM),FIR,Non-Heinous,Economic Offences,Cheating,Under Investigation,13.92605,75.47924
4952,100070003202404952,Hubballi-Dharwad,3,2024-09-22,2024,9,4,Night (12AM-6AM),FIR,Non-Heinous,Crimes Against Property,Burglary,Closed,15.39009,75.19064
4953,100200004202504953,Chitradurga,4,2025-08-01,2025,8,2,Night (12AM-6AM),FIR,Non-Heinous,Economic Offences,Cheating,Under Investigation,14.20258,76.40106
4954,700020002202204954,Bengaluru Rural,2,2022-02-06,2022,2,14,Afternoon (12PM-6PM),Zero FIR,Non-Heinous,Crimes Against Body,Grievous Hurt,Under Investigation,13.33103,77.49822
4955,700090003202304955,Tumakuru,3,2023-07-11,2023,7,5,Night (12AM-6AM),Zero FIR,Non-Heinous,Public Order,Rioting,Charge Sheeted,13.41406,76.99133
4956,100120003202504956,Vijayapura,3,2025-09-26,2025,9,9,Morning (6AM-12PM),FIR,Heinous,Crimes Against Women,Sexual Assault,Charge Sheeted,16.83958,75.74377
4957,100090004202504957,Tumakuru,4,2025-12-20,2025,12,9,Morning (6AM-12PM),FIR,Non-Heinous,Economic Offences,Forgery,Charge Sheeted,13.30176,77.11971
4958,100230004202504958,Chamarajanagar,4,2025-09-21,2025,9,21,Evening (6PM-12AM),FIR,Heinous,Crimes Against Body,Murder,Under Investigation,12.05961,76.98566
4959,100020003202204959,Bengaluru Rural,3,2022-07-21,2022,7,10,Morning (6AM-12PM),FIR,Non-Heinous,Economic Offences,Criminal Breach of Trust,Closed,13.25195,77.57579
4960,100230001202204960,Chamarajanagar,1,2022-11-16,2022,11,22,Evening (6PM-12AM),FIR,Non-Heinous,Crimes Against Body,Attempt to Murder,Closed,11.89473,77.015
4961,100230002202204961,Chamarajanagar,2,2022-01-02,2022,1,15,Afternoon (12PM-6PM),FIR,Non-Heinous,Economic Offences,Forgery,False Case,12.04958,76.90078
4962,400230002202204962,Chamarajanagar,2,2022-12-06,2022,12,7,Morning (6AM-12PM),UDR,Non-Heinous,Cyber Crime,Online Fraud,Undetected,11.90195,76.92784
4963,100020001202604963,Bengaluru Rural,1,2026-10-25,2026,10,5,Night (12AM-6AM),FIR,Non-Heinous,Cyber Crime,Online Fraud,Under Investigation,13.28558,77.45072
4964,100240003202504964,Kodagu,3,2025-05-01,2025,5,4,Night (12AM-6AM),FIR,Non-Heinous,Crimes Against Women,Dowry Harassment,Under Investigation,12.38573,75.81974
4965,100090003202404965,Tumakuru,3,2024-03-25,2024,3,7,Morning (6AM-12PM),FIR,Non-Heinous,Cyber Crime,Online Fraud,Charge Sheeted,13.34362,77.11509
4966,700190002202604966,Hassan,2,2026-06-22,2026,6,11,Morning (6AM-12PM),Zero FIR,Non-Heinous,Crimes Against Property,Burglary,Under Investigation,12.94589,76.08293
4967,100210002202604967,Koppal,2,2026-05-13,2026,5,19,Evening (6PM-12AM),FIR,Non-Heinous,Narcotics,NDPS Possession,Charge Sheeted,15.3067,76.13562
4968,100040003202304968,Mangaluru (Dakshina Kannada),3,2023-01-05,2023,1,3,Night (12AM-6AM),FIR,Heinous,Crimes Against Body,Grievous Hurt,Charge Sheeted,12.94672,74.86443
4969,100050003202504969,Belagavi,3,2025-10-21,2025,10,0,Night (12AM-6AM),FIR,Heinous,Narcotics,NDPS Possession,Charge Sheeted,15.87893,74.43422
4970,100150003202604970,Chikkamagaluru,3,2026-05-01,2026,5,11,Morning (6AM-12PM),FIR,Non-Heinous,Crimes Against Body,Attempt to Murder,False Case,13.36963,75.74396
4971,100280003202604971,Haveri,3,2026-02-12,2026,2,20,Evening (6PM-12AM),FIR,Non-Heinous,Crimes Against Property,Dacoity,Under Investigation,14.84455,75.36186
4972,100240003202204972,Kodagu,3,2022-05-21,2022,5,22,Evening (6PM-12AM),FIR,Non-Heinous,Crimes Against Property,Theft,Closed,12.32995,75.85678
4973,100040004202504973,Mangaluru (Dakshina Kannada),4,2025-11-03,2025,11,2,Night (12AM-6AM),FIR,Non-Heinous,Economic Offences,Forgery,Under Investigation,12.97463,74.86627
4974,100030004202304974,Mysuru,4,2023-10-23,2023,10,10,Morning (6AM-12PM),FIR,Non-Heinous,Crimes Against Property,Robbery,Under Investigation,12.26786,76.66078
4975,100280003202604975,Haveri,3,2026-10-05,2026,10,6,Morning (6AM-12PM),FIR,Non-Heinous,Economic Offences,Criminal Breach of Trust,Closed,14.90723,75.33752
4976,100030004202604976,Mysuru,4,2026-06-10,2026,6,18,Evening (6PM-12AM),FIR,Heinous,Crimes Against Body,Attempt to Murder,Under Investigation,12.21905,76.64097
4977,100090003202604977,Tumakuru,3,2026-06-06,2026,6,7,Morning (6AM-12PM),FIR,Non-Heinous,Crimes Against Women,Domestic Violence,Closed,13.2299,77.06192
4978,100040002202304978,Mangaluru (Dakshina Kannada),2,2023-10-08,2023,10,22,Evening (6PM-12AM),FIR,Heinous,Crimes Against Body,Attempt to Murder,Closed,12.93589,74.74004
4979,100050001202204979,Belagavi,1,2022-05-16,2022,5,22,Evening (6PM-12AM),FIR,Non-Heinous,Crimes Against Women,Dowry Harassment,Under Investigation,15.82402,74.50627
4980,100130003202304980,Raichur,3,2023-05-22,2023,5,10,Morning (6AM-12PM),FIR,Non-Heinous,Cyber Crime,Identity Theft,Charge Sheeted,16.33049,77.34291
4981,700050004202404981,Belagavi,4,2024-05-23,2024,5,4,Night (12AM-6AM),Zero FIR,Non-Heinous,Crimes Against Property,Robbery,Closed,15.85598,74.51066
4982,100240001202404982,Kodagu,1,2024-11-12,2024,11,14,Afternoon (12PM-6PM),FIR,Non-Heinous,Crimes Against Women,Sexual Assault,Charge Sheeted,12.32152,75.76448
4983,100050002202304983,Belagavi,2,2023-07-22,2023,7,16,Afternoon (12PM-6PM),FIR,Heinous,Crimes Against Body,Murder,Under Investigation,15.84561,74.46707
4984,100080004202404984,Ballari,4,2024-11-12,2024,11,12,Afternoon (12PM-6PM),FIR,Heinous,Crimes Against Body,Grievous Hurt,Closed,15.08794,76.84444
4985,100030003202404985,Mysuru,3,2024-10-06,2024,10,0,Night (12AM-6AM),FIR,Non-Heinous,Crimes Against Property,Robbery,Under Investigation,12.24021,76.63798
4986,100190003202404986,Hassan,3,2024-11-13,2024,11,19,Evening (6PM-12AM),FIR,Heinous,Crimes Against Women,Dowry Harassment,Under Investigation,12.95977,76.01807
4987,100230001202204987,Chamarajanagar,1,2022-05-10,2022,5,4,Night (12AM-6AM),FIR,Non-Heinous,Crimes Against Women,Dowry Harassment,Undetected,11.89081,76.82875
4988,400130001202404988,Raichur,1,2024-05-27,2024,5,0,Night (12AM-6AM),UDR,Non-Heinous,Economic Offences,Forgery,Closed,16.26468,77.3832
4989,100110004202504989,Davanagere,4,2025-09-06,2025,9,9,Morning (6AM-12PM),FIR,Non-Heinous,Crimes Against Body,Grievous Hurt,Charge Sheeted,14.46889,75.97569
4990,100170003202204990,Kolar,3,2022-06-21,2022,6,18,Evening (6PM-12AM),FIR,Non-Heinous,Crimes Against Property,Theft,Closed,13.18719,78.12592
4991,100020002202304991,Bengaluru Rural,2,2023-02-15,2023,2,18,Evening (6PM-12AM),FIR,Non-Heinous,Crimes Against Property,Theft,Closed,13.24684,77.60901
4992,700220001202504992,Yadgir,1,2025-07-18,2025,7,18,Evening (6PM-12AM),Zero FIR,Heinous,Crimes Against Body,Attempt to Murder,Undetected,16.81943,77.13513
4993,100050004202604993,Belagavi,4,2026-02-15,2026,2,10,Morning (6AM-12PM),FIR,Non-Heinous,Economic Offences,Forgery,Charge Sheeted,15.86098,74.52207
4994,100050004202504994,Belagavi,4,2025-05-04,2025,5,22,Evening (6PM-12AM),FIR,Heinous,Crimes Against Body,Assault,Charge Sheeted,15.79752,74.46974
4995,100050003202504995,Belagavi,3,2025-03-13,2025,3,0,Night (12AM-6AM),FIR,Heinous,Crimes Against Women,Molestation,Charge Sheeted,15.82969,74.60409
4996,100090003202604996,Tumakuru,3,2026-12-21,2026,12,1,Night (12AM-6AM),FIR,Heinous,Crimes Against Women,Dowry Harassment,Under Investigation,13.34737,77.19002
4997,100020001202604997,Bengaluru Rural,1,2026-12-13,2026,12,5,Night (12AM-6AM),FIR,Non-Heinous,Economic Offences,Forgery,Under Investigation,13.25679,77.60403
4998,100020002202504998,Bengaluru Rural,2,2025-12-03,2025,12,1,Night (12AM-6AM),FIR,Non-Heinous,Narcotics,NDPS Trafficking,Under Investigation,13.20017,77.54789
4999,100110002202604999,Davanagere,2,2026-10-26,2026,10,10,Morning (6AM-12PM),FIR,Non-Heinous,Cyber Crime,Cyberstalking,False Case,14.57816,75.80302
5000,100020004202405000,Bengaluru Rural,4,2024-09-10,2024,9,12,Afternoon (12PM-6PM),FIR,Non-Heinous,Economic Offences,Criminal Breach of Trust,Under Investigation,13.33543,77.55672
5001,100130001202505001,Raichur,1,2025-12-19,2025,12,19,Evening (6PM-12AM),PAR,Non-Heinous,Economic Offences,Forgery,Under Investigation,16.28081,77.32156
5002,100240003202505002,Kodagu,3,2025-07-21,2025,7,22,Evening (6PM-12AM),FIR,Non-Heinous,Crimes Against Property,Theft,Charge Sheeted,12.34711,75.84303
5003,100100004202405003,Shivamogga,4,2024-08-22,2024,8,2,Night (12AM-6AM),FIR,Heinous,Crimes Against Body,Grievous Hurt,Charge Sheeted,13.94931,75.4623
5004,100080004202505004,Ballari,4,2025-04-27,2025,4,17,Afternoon (12PM-6PM),FIR,Non-Heinous,Narcotics,NDPS Trafficking,Closed,15.16836,76.92174
5005,100110003202605005,Davanagere,3,2026-03-21,2026,3,4,Night (12AM-6AM),FIR,Non-Heinous,Economic Offences,Cheating,Under Investigation,14.35677,75.88682
5006,100130002202605006,Raichur,2,2026-08-26,2026,8,9,Morning (6AM-12PM),FIR,Non-Heinous,Crimes Against Property,Burglary,Charge Sheeted,16.16681,77.29784
5007,100050004202405007,Belagavi,4,2024-03-21,2024,3,23,Evening (6PM-12AM),FIR,Non-Heinous,Economic Offences,Cheating,Under Investigation,15.8655,74.58466
5008,100020001202505008,Bengaluru Rural,1,2025-05-01,2025,5,10,Morning (6AM-12PM),FIR,Non-Heinous,Crimes Against Body,Grievous Hurt,Closed,13.27338,77.6105
5009,100050001202305009,Belagavi,1,2023-09-11,2023,9,23,Evening (6PM-12AM),FIR,Non-Heinous,Crimes Against Property,Robbery,Charge Sheeted,15.79048,74.39456
5010,100240002202605010,Kodagu,2,2026-09-02,2026,9,1,Night (12AM-6AM),FIR,Heinous,Crimes Against Body,Attempt to Murder,Under Investigation,12.44005,75.81797
5011,100050003202505011,Belagavi,3,2025-09-02,2025,9,6,Morning (6AM-12PM),FIR,Non-Heinous,Cyber Crime,Identity Theft,Charge Sheeted,15.789,74.5652
5012,100130002202205012,Raichur,2,2022-05-03,2022,5,13,Afternoon (12PM-6PM),FIR,Non-Heinous,Crimes Against Property,Theft,Charge Sheeted,16.18565,77.32614
5013,100060003202405013,Kalaburagi,3,2024-02-16,2024,2,22,Evening (6PM-12AM),FIR,Non-Heinous,Crimes Against Property,Dacoity,Under Investigation,17.38826,76.77752
5014,700030004202305014,Mysuru,4,2023-05-09,2023,5,7,Morning (6AM-12PM),Zero FIR,Non-Heinous,Cyber Crime,Identity Theft,Under Investigation,12.38359,76.65372
5015,100050003202505015,Belagavi,3,2025-02-10,2025,2,23,Evening (6PM-12AM),FIR,Non-Heinous,Crimes Against Body,Murder,Charge Sheeted,15.78708,74.53917
5016,100050001202305016,Belagavi,1,2023-07-14,2023,7,10,Morning (6AM-12PM),FIR,Non-Heinous,Economic Offences,Forgery,Under Investigation,15.88922,74.6165
5017,100050003202305017,Belagavi,3,2023-05-27,2023,5,1,Night (12AM-6AM),FIR,Non-Heinous,Cyber Crime,Cyberstalking,Charge Sheeted,15.80601,74.55537
5018,100010001202305018,Bengaluru City,1,2023-08-18,2023,8,3,Night (12AM-6AM),FIR,Non-Heinous,Economic Offences,Criminal Breach of Trust,False Case,12.94529,77.66466
5019,100070001202405019,Hubballi-Dharwad,1,2024-02-18,2024,2,18,Evening (6PM-12AM),FIR,Non-Heinous,Crimes Against Body,Assault,False Case,15.36109,75.12985
5020,100040002202505020,Mangaluru (Dakshina Kannada),2,2025-01-12,2025,1,2,Night (12AM-6AM),FIR,Non-Heinous,Crimes Against Women,Domestic Violence,Closed,12.90343,74.72611
5021,100080004202205021,Ballari,4,2022-05-15,2022,5,3,Night (12AM-6AM),PAR,Non-Heinous,Crimes Against Property,Dacoity,False Case,15.12818,76.8951
5022,100130004202505022,Raichur,4,2025-11-07,2025,11,17,Afternoon (12PM-6PM),FIR,Heinous,Crimes Against Body,Murder,Charge Sheeted,16.13958,77.29801
5023,100030004202505023,Mysuru,4,2025-05-18,2025,5,4,Night (12AM-6AM),FIR,Heinous,Crimes Against Body,Attempt to Murder,Under Investigation,12.19618,76.66468
5024,100070002202605024,Hubballi-Dharwad,2,2026-08-02,2026,8,14,Afternoon (12PM-6PM),FIR,Non-Heinous,Crimes Against Women,Molestation,Under Investigation,15.43781,75.13841
5025,100130003202505025,Raichur,3,2025-11-21,2025,11,13,Afternoon (12PM-6PM),FIR,Heinous,Crimes Against Women,Dowry Harassment,Under Investigation,16.11319,77.28561
5026,100020001202505026,Bengaluru Rural,1,2025-04-06,2025,4,9,Morning (6AM-12PM),FIR,Non-Heinous,Crimes Against Body,Grievous Hurt,Under Investigation,13.37342,77.63908
5027,100280003202605027,Haveri,3,2026-12-23,2026,12,7,Morning (6AM-12PM),FIR,Non-Heinous,Crimes Against Women,Domestic Violence,Charge Sheeted,14.77122,75.46942
5028,100140001202505028,Bidar,1,2025-05-21,2025,5,14,Afternoon (12PM-6PM),FIR,Non-Heinous,Cyber Crime,Identity Theft,False Case,17.91431,77.47353
5029,100260002202605029,Chikkaballapur,2,2026-06-18,2026,6,22,Evening (6PM-12AM),FIR,Non-Heinous,Cyber Crime,Identity Theft,False Case,13.41382,77.70969
5030,100270001202605030,Bagalkot,1,2026-02-06,2026,2,20,Evening (6PM-12AM),FIR,Heinous,Crimes Against Women,Sexual Assault,Closed,16.15223,75.64052
5031,700050004202505031,Belagavi,4,2025-02-25,2025,2,9,Morning (6AM-12PM),Zero FIR,Non-Heinous,Crimes Against Property,Robbery,False Case,15.80254,74.52929
5032,100100001202505032,Shivamogga,1,2025-03-06,2025,3,2,Night (12AM-6AM),FIR,Non-Heinous,Crimes Against Body,Attempt to Murder,Under Investigation,13.84846,75.56944
5033,100130003202605033,Raichur,3,2026-06-23,2026,6,3,Night (12AM-6AM),FIR,Non-Heinous,Crimes Against Women,Sexual Assault,False Case,16.12018,77.36932
5034,100040004202305034,Mangaluru (Dakshina Kannada),4,2023-05-23,2023,5,15,Afternoon (12PM-6PM),FIR,Heinous,Crimes Against Women,Sexual Assault,Under Investigation,13.0016,74.93351
5035,100030003202205035,Mysuru,3,2022-02-17,2022,2,17,Afternoon (12PM-6PM),FIR,Non-Heinous,Economic Offences,Criminal Breach of Trust,Under Investigation,12.19624,76.64283
5036,100260002202605036,Chikkaballapur,2,2026-01-24,2026,1,11,Morning (6AM-12PM),FIR,Non-Heinous,Crimes Against Property,Burglary,Closed,13.45171,77.68009
5037,100090003202405037,Tumakuru,3,2024-11-17,2024,11,10,Morning (6AM-12PM),FIR,Non-Heinous,Crimes Against Property,Burglary,Under Investigation,13.33358,77.1355
5038,100050004202405038,Belagavi,4,2024-02-10,2024,2,22,Evening (6PM-12AM),FIR,Heinous,Crimes Against Body,Grievous Hurt,Under Investigation,15.81065,74.54052
5039,100080004202305039,Ballari,4,2023-02-20,2023,2,1,Night (12AM-6AM),PAR,Heinous,Crimes Against Body,Assault,Charge Sheeted,15.15442,76.95536
5040,100040003202405040,Mangaluru (Dakshina Kannada),3,2024-12-16,2024,12,11,Morning (6AM-12PM),FIR,Non-Heinous,Crimes Against Property,Dacoity,Under Investigation,12.90795,74.7913
5041,100020004202305041,Bengaluru Rural,4,2023-12-08,2023,12,1,Night (12AM-6AM),FIR,Non-Heinous,Crimes Against Women,Dowry Harassment,Undetected,13.24436,77.5633
5042,100050004202405042,Belagavi,4,2024-01-07,2024,1,0,Night (12AM-6AM),FIR,Non-Heinous,Crimes Against Body,Murder,Charge Sheeted,15.69895,74.5315
5043,400050003202205043,Belagavi,3,2022-09-27,2022,9,21,Evening (6PM-12AM),UDR,Non-Heinous,Crimes Against Women,Dowry Harassment,Charge Sheeted,15.89028,74.47807
5044,100120001202405044,Vijayapura,1,2024-03-05,2024,3,8,Morning (6AM-12PM),FIR,Non-Heinous,Crimes Against Women,Dowry Harassment,Charge Sheeted,16.74193,75.68828
5045,100230004202405045,Chamarajanagar,4,2024-12-18,2024,12,18,Evening (6PM-12AM),FIR,Non-Heinous,Crimes Against Body,Grievous Hurt,False Case,11.97317,76.95247
5046,100030003202505046,Mysuru,3,2025-02-22,2025,2,17,Afternoon (12PM-6PM),PAR,Non-Heinous,Crimes Against Women,Sexual Assault,Closed,12.31508,76.65703
5047,100080003202205047,Ballari,3,2022-05-14,2022,5,4,Night (12AM-6AM),FIR,Heinous,Crimes Against Women,Dowry Harassment,Under Investigation,15.08673,76.99443
5048,700100004202605048,Shivamogga,4,2026-12-12,2026,12,0,Night (12AM-6AM),Zero FIR,Non-Heinous,Crimes Against Property,Theft,Under Investigation,13.87982,75.67177
5049,100080002202605049,Ballari,2,2026-04-08,2026,4,4,Night (12AM-6AM),FIR,Non-Heinous,Crimes Against Body,Murder,Under Investigation,15.159,76.86465
5050,100030001202505050,Mysuru,1,2025-02-11,2025,2,13,Afternoon (12PM-6PM),FIR,Non-Heinous,Crimes Against Women,Dowry Harassment,Charge Sheeted,12.20366,76.57057
5051,100030004202205051,Mysuru,4,2022-12-01,2022,12,9,Morning (6AM-12PM),FIR,Heinous,Crimes Against Women,Dowry Harassment,Under Investigation,12.37866,76.71297
5052,100250004202305052,Ramanagara,4,2023-03-22,2023,3,4,Night (12AM-6AM),FIR,Heinous,Crimes Against Women,Dowry Harassment,Under Investigation,12.65108,77.30783
5053,100050002202205053,Belagavi,2,2022-02-05,2022,2,19,Evening (6PM-12AM),FIR,Non-Heinous,Crimes Against Property,Burglary,Charge Sheeted,15.9199,74.40735
5054,100190004202605054,Hassan,4,2026-07-20,2026,7,12,Afternoon (12PM-6PM),FIR,Non-Heinous,Economic Offences,Cheating,Charge Sheeted,12.90547,76.11776
5055,400080001202405055,Ballari,1,2024-04-08,2024,4,12,Afternoon (12PM-6PM),UDR,Non-Heinous,Public Order,Unlawful Assembly,Closed,15.05338,76.93882
5056,400020001202205056,Bengaluru Rural,1,2022-02-12,2022,2,12,Afternoon (12PM-6PM),UDR,Non-Heinous,Crimes Against Body,Murder,Undetected,13.2976,77.55177
5057,100110003202305057,Davanagere,3,2023-05-21,2023,5,1,Night (12AM-6AM),FIR,Heinous,Crimes Against Women,Domestic Violence,Under Investigation,14.49316,75.98251
5058,100050002202305058,Belagavi,2,2023-02-16,2023,2,23,Evening (6PM-12AM),FIR,Non-Heinous,Crimes Against Property,Dacoity,Charge Sheeted,15.80869,74.51023
5059,100010003202505059,Bengaluru City,3,2025-10-02,2025,10,18,Evening (6PM-12AM),FIR,Non-Heinous,Economic Offences,Forgery,Under Investigation,13.08007,77.50939
5060,100180002202605060,Mandya,2,2026-05-08,2026,5,13,Afternoon (12PM-6PM),FIR,Heinous,Crimes Against Body,Assault,Charge Sheeted,12.59179,76.82581
5061,100260004202305061,Chikkaballapur,4,2023-05-04,2023,5,7,Morning (6AM-12PM),FIR,Non-Heinous,Economic Offences,Cheating,Under Investigation,13.38012,77.71349
5062,100020004202605062,Bengaluru Rural,4,2026-07-20,2026,7,15,Afternoon (12PM-6PM),FIR,Non-Heinous,Crimes Against Women,Domestic Violence,Closed,13.36881,77.56549
5063,100090002202305063,Tumakuru,2,2023-06-15,2023,6,14,Afternoon (12PM-6PM),FIR,Non-Heinous,Economic Offences,Forgery,False Case,13.2567,77.16414
5064,700020004202305064,Bengaluru Rural,4,2023-06-09,2023,6,12,Afternoon (12PM-6PM),Zero FIR,Non-Heinous,Crimes Against Women,Molestation,Under Investigation,13.32836,77.49062
5065,100090002202605065,Tumakuru,2,2026-08-19,2026,8,5,Night (12AM-6AM),FIR,Non-Heinous,Crimes Against Body,Murder,Under Investigation,13.30516,77.1522
5066,700080002202205066,Ballari,2,2022-10-20,2022,10,4,Night (12AM-6AM),Zero FIR,Non-Heinous,Crimes Against Body,Attempt to Murder,Under Investigation,15.2928,76.93345
5067,100130004202605067,Raichur,4,2026-08-17,2026,8,11,Morning (6AM-12PM),FIR,Non-Heinous,Crimes Against Women,Dowry Harassment,False Case,16.22572,77.30406
5068,100220002202605068,Yadgir,2,2026-10-19,2026,10,9,Morning (6AM-12PM),FIR,Non-Heinous,Cyber Crime,Phishing,Under Investigation,16.75188,77.17562
5069,100130003202605069,Raichur,3,2026-03-26,2026,3,8,Morning (6AM-12PM),FIR,Heinous,Crimes Against Women,Domestic Violence,Under Investigation,16.27521,77.32329
5070,100190001202405070,Hassan,1,2024-06-23,2024,6,16,Afternoon (12PM-6PM),FIR,Non-Heinous,Crimes Against Women,Sexual Assault,Charge Sheeted,12.94978,76.12425
5071,400190002202405071,Hassan,2,2024-06-19,2024,6,23,Evening (6PM-12AM),UDR,Non-Heinous,Crimes Against Women,Dowry Harassment,Charge Sheeted,13.06154,76.13044
5072,100040001202505072,Mangaluru (Dakshina Kannada),1,2025-11-07,2025,11,22,Evening (6PM-12AM),FIR,Non-Heinous,Crimes Against Property,Theft,Under Investigation,12.82449,74.86922
5073,100110001202405073,Davanagere,1,2024-03-10,2024,3,8,Morning (6AM-12PM),FIR,Heinous,Crimes Against Body,Assault,Under Investigation,14.55053,75.92657
5074,100270001202605074,Bagalkot,1,2026-05-08,2026,5,16,Afternoon (12PM-6PM),FIR,Non-Heinous,Cyber Crime,Online Fraud,Under Investigation,16.24103,75.71626
5075,100020001202405075,Bengaluru Rural,1,2024-01-16,2024,1,23,Evening (6PM-12AM),FIR,Non-Heinous,Economic Offences,Criminal Breach of Trust,Under Investigation,13.32551,77.62927
5076,100060002202305076,Kalaburagi,2,2023-04-20,2023,4,8,Morning (6AM-12PM),FIR,Heinous,Crimes Against Body,Attempt to Murder,Under Investigation,17.35995,76.88257
5077,100230001202405077,Chamarajanagar,1,2024-04-18,2024,4,13,Afternoon (12PM-6PM),FIR,Non-Heinous,Economic Offences,Forgery,Charge Sheeted,11.83701,76.93848
5078,100020001202605078,Bengaluru Rural,1,2026-07-02,2026,7,15,Afternoon (12PM-6PM),FIR,Non-Heinous,Crimes Against Property,Dacoity,Charge Sheeted,13.32499,77.63239
5079,100020002202605079,Bengaluru Rural,2,2026-06-13,2026,6,2,Night (12AM-6AM),FIR,Non-Heinous,Cyber Crime,Online Fraud,Closed,13.25633,77.56315
5080,100050001202305080,Belagavi,1,2023-03-18,2023,3,5,Night (12AM-6AM),FIR,Non-Heinous,Crimes Against Women,Dowry Harassment,Closed,15.84091,74.5338
5081,100270002202405081,Bagalkot,2,2024-07-24,2024,7,16,Afternoon (12PM-6PM),FIR,Non-Heinous,Crimes Against Property,Robbery,Under Investigation,16.18999,75.77924
5082,100070002202505082,Hubballi-Dharwad,2,2025-11-13,2025,11,12,Afternoon (12PM-6PM),FIR,Non-Heinous,Crimes Against Body,Grievous Hurt,Closed,15.35802,75.06994
5083,100020004202305083,Bengaluru Rural,4,2023-05-25,2023,5,13,Afternoon (12PM-6PM),FIR,Non-Heinous,Crimes Against Women,Molestation,Undetected,13.22391,77.6254
5084,100010002202305084,Bengaluru City,2,2023-08-09,2023,8,8,Morning (6AM-12PM),FIR,Heinous,Crimes Against Women,Molestation,Under Investigation,13.14019,77.56593
5085,100050003202205085,Belagavi,3,2022-08-07,2022,8,19,Evening (6PM-12AM),FIR,Non-Heinous,Crimes Against Property,Robbery,Under Investigation,15.78512,74.50256
5086,100170004202605086,Kolar,4,2026-01-07,2026,1,23,Evening (6PM-12AM),FIR,Non-Heinous,Crimes Against Body,Grievous Hurt,Charge Sheeted,13.22885,78.15619
5087,100240001202605087,Kodagu,1,2026-03-07,2026,3,8,Morning (6AM-12PM),FIR,Heinous,Crimes Against Women,Sexual Assault,Under Investigation,12.33581,75.84572
5088,100110003202405088,Davanagere,3,2024-05-25,2024,5,6,Morning (6AM-12PM),FIR,Heinous,Crimes Against Women,Domestic Violence,Under Investigation,14.46439,75.91177
5089,100130001202305089,Raichur,1,2023-03-16,2023,3,15,Afternoon (12PM-6PM),FIR,Non-Heinous,Crimes Against Body,Attempt to Murder,Closed,16.10944,77.22446
5090,100170003202305090,Kolar,3,2023-06-09,2023,6,6,Morning (6AM-12PM),FIR,Heinous,Narcotics,NDPS Trafficking,Closed,13.24908,78.19175
5091,100020002202405091,Bengaluru Rural,2,2024-02-26,2024,2,13,Afternoon (12PM-6PM),FIR,Non-Heinous,Economic Offences,Forgery,Closed,13.26496,77.66419
5092,700030001202305092,Mysuru,1,2023-09-06,2023,9,2,Night (12AM-6AM),Zero FIR,Heinous,Crimes Against Women,Domestic Violence,Under Investigation,12.25738,76.62696
5093,100010003202205093,Bengaluru City,3,2022-12-27,2022,12,12,Afternoon (12PM-6PM),FIR,Non-Heinous,Cyber Crime,Cyberstalking,False Case,13.01048,77.6391
5094,100020004202505094,Bengaluru Rural,4,2025-12-13,2025,12,9,Morning (6AM-12PM),FIR,Non-Heinous,Crimes Against Body,Assault,Charge Sheeted,13.29849,77.57468
5095,100090004202305095,Tumakuru,4,2023-11-02,2023,11,7,Morning (6AM-12PM),FIR,Heinous,Crimes Against Body,Assault,Charge Sheeted,13.34888,77.10847
5096,100050001202205096,Belagavi,1,2022-12-13,2022,12,21,Evening (6PM-12AM),FIR,Non-Heinous,Crimes Against Property,Burglary,Under Investigation,15.81378,74.42557
5097,100090003202405097,Tumakuru,3,2024-03-24,2024,3,22,Evening (6PM-12AM),FIR,Non-Heinous,Crimes Against Property,Burglary,Charge Sheeted,13.31728,77.06901
5098,100290003202305098,Gadag,3,2023-11-24,2023,11,15,Afternoon (12PM-6PM),FIR,Non-Heinous,Economic Offences,Forgery,Charge Sheeted,15.39269,75.64972
5099,100230003202205099,Chamarajanagar,3,2022-02-02,2022,2,20,Evening (6PM-12AM),FIR,Heinous,Crimes Against Women,Dowry Harassment,Charge Sheeted,11.91886,76.9643
5100,100130001202405100,Raichur,1,2024-11-07,2024,11,23,Evening (6PM-12AM),FIR,Non-Heinous,Crimes Against Property,Burglary,Under Investigation,16.17042,77.39315
5101,100080002202605101,Ballari,2,2026-01-27,2026,1,22,Evening (6PM-12AM),FIR,Non-Heinous,Crimes Against Body,Attempt to Murder,False Case,15.05149,76.87079
5102,100080002202405102,Ballari,2,2024-11-18,2024,11,20,Evening (6PM-12AM),FIR,Heinous,Crimes Against Women,Dowry Harassment,Charge Sheeted,15.22794,76.85451
5103,700190003202205103,Hassan,3,2022-08-18,2022,8,19,Evening (6PM-12AM),Zero FIR,Non-Heinous,Crimes Against Body,Murder,Charge Sheeted,13.10545,76.06579
5104,100060002202605104,Kalaburagi,2,2026-11-27,2026,11,22,Evening (6PM-12AM),PAR,Non-Heinous,Cyber Crime,Cyberstalking,Charge Sheeted,17.34056,76.84206
5105,100270004202405105,Bagalkot,4,2024-06-22,2024,6,9,Morning (6AM-12PM),FIR,Non-Heinous,Crimes Against Property,Robbery,Closed,16.15069,75.66651
5106,100190002202505106,Hassan,2,2025-01-11,2025,1,9,Morning (6AM-12PM),FIR,Non-Heinous,Crimes Against Property,Robbery,Charge Sheeted,12.93484,76.18572
5107,100020001202605107,Bengaluru Rural,1,2026-09-07,2026,9,17,Afternoon (12PM-6PM),FIR,Non-Heinous,Crimes Against Property,Dacoity,Under Investigation,13.33188,77.44078
5108,100070001202205108,Hubballi-Dharwad,1,2022-05-18,2022,5,4,Night (12AM-6AM),FIR,Non-Heinous,Crimes Against Property,Burglary,Under Investigation,15.42124,75.07253
5109,100090001202205109,Tumakuru,1,2022-06-20,2022,6,12,Afternoon (12PM-6PM),FIR,Heinous,Crimes Against Women,Sexual Assault,Under Investigation,13.19047,77.1194
5110,100040002202505110,Mangaluru (Dakshina Kannada),2,2025-04-09,2025,4,4,Night (12AM-6AM),FIR,Heinous,Crimes Against Women,Domestic Violence,False Case,12.95897,74.82014
5111,100040003202305111,Mangaluru (Dakshina Kannada),3,2023-10-18,2023,10,17,Afternoon (12PM-6PM),FIR,Heinous,Crimes Against Women,Sexual Assault,Closed,12.92744,74.87641
5112,100160002202605112,Udupi,2,2026-03-08,2026,3,12,Afternoon (12PM-6PM),FIR,Non-Heinous,Crimes Against Women,Domestic Violence,Under Investigation,13.40698,74.73049
5113,100020004202205113,Bengaluru Rural,4,2022-12-17,2022,12,17,Afternoon (12PM-6PM),FIR,Non-Heinous,Crimes Against Body,Murder,Under Investigation,13.19001,77.47994
5114,100150003202505114,Chikkamagaluru,3,2025-09-17,2025,9,4,Night (12AM-6AM),FIR,Non-Heinous,Crimes Against Body,Murder,Closed,13.19405,75.81323
5115,100030004202505115,Mysuru,4,2025-05-26,2025,5,12,Afternoon (12PM-6PM),FIR,Heinous,Crimes Against Women,Dowry Harassment,Under Investigation,12.27339,76.75475
5116,100230002202605116,Chamarajanagar,2,2026-07-09,2026,7,14,Afternoon (12PM-6PM),FIR,Non-Heinous,Crimes Against Women,Sexual Assault,Charge Sheeted,11.98232,76.98439
5117,100190001202305117,Hassan,1,2023-09-12,2023,9,10,Morning (6AM-12PM),FIR,Non-Heinous,Crimes Against Body,Grievous Hurt,Closed,13.02132,76.10353
5118,100230004202605118,Chamarajanagar,4,2026-07-09,2026,7,19,Evening (6PM-12AM),FIR,Non-Heinous,Cyber Crime,Online Fraud,Charge Sheeted,11.9478,76.9246
5119,100190002202205119,Hassan,2,2022-07-26,2022,7,19,Evening (6PM-12AM),FIR,Heinous,Crimes Against Body,Attempt to Murder,Undetected,13.00525,76.03134
5120,700250004202305120,Ramanagara,4,2023-04-09,2023,4,14,Afternoon (12PM-6PM),Zero FIR,Non-Heinous,Cyber Crime,Online Fraud,Under Investigation,12.56567,77.3059
5121,100210002202205121,Koppal,2,2022-08-16,2022,8,22,Evening (6PM-12AM),FIR,Heinous,Crimes Against Body,Grievous Hurt,Charge Sheeted,15.29697,76.1707
5122,100050003202605122,Belagavi,3,2026-03-20,2026,3,23,Evening (6PM-12AM),FIR,Heinous,Crimes Against Body,Grievous Hurt,Under Investigation,15.92595,74.62338
5123,100160001202205123,Udupi,1,2022-12-14,2022,12,1,Night (12AM-6AM),PAR,Non-Heinous,Crimes Against Body,Grievous Hurt,Charge Sheeted,13.34683,74.7894
5124,100030004202505124,Mysuru,4,2025-09-27,2025,9,13,Afternoon (12PM-6PM),FIR,Heinous,Crimes Against Women,Domestic Violence,Undetected,12.36039,76.58596
5125,100200003202605125,Chitradurga,3,2026-05-13,2026,5,3,Night (12AM-6AM),PAR,Heinous,Crimes Against Women,Molestation,Charge Sheeted,14.17454,76.34578
5126,100040004202305126,Mangaluru (Dakshina Kannada),4,2023-08-12,2023,8,2,Night (12AM-6AM),FIR,Non-Heinous,Cyber Crime,Identity Theft,Under Investigation,12.85911,74.76327
5127,100280002202505127,Haveri,2,2025-06-14,2025,6,11,Morning (6AM-12PM),FIR,Non-Heinous,Crimes Against Body,Murder,False Case,14.77049,75.33185
5128,100050003202405128,Belagavi,3,2024-10-17,2024,10,3,Night (12AM-6AM),FIR,Non-Heinous,Crimes Against Body,Grievous Hurt,Under Investigation,15.86503,74.55967
5129,400160001202605129,Udupi,1,2026-08-10,2026,8,22,Evening (6PM-12AM),UDR,Non-Heinous,Crimes Against Property,Robbery,Charge Sheeted,13.25538,74.67634
5130,100240001202405130,Kodagu,1,2024-08-26,2024,8,11,Morning (6AM-12PM),FIR,Non-Heinous,Crimes Against Body,Murder,Charge Sheeted,12.386,75.83114
5131,100090003202405131,Tumakuru,3,2024-03-14,2024,3,15,Afternoon (12PM-6PM),FIR,Heinous,Narcotics,NDPS Trafficking,Charge Sheeted,13.32548,77.13383
5132,100180001202505132,Mandya,1,2025-09-20,2025,9,18,Evening (6PM-12AM),FIR,Non-Heinous,Economic Offences,Cheating,Charge Sheeted,12.66498,76.99212
5133,100030001202605133,Mysuru,1,2026-08-04,2026,8,18,Evening (6PM-12AM),FIR,Heinous,Crimes Against Body,Attempt to Murder,Under Investigation,12.28828,76.57977
5134,100010004202405134,Bengaluru City,4,2024-07-17,2024,7,1,Night (12AM-6AM),FIR,Heinous,Narcotics,NDPS Trafficking,Undetected,13.07102,77.4484
5135,100250002202605135,Ramanagara,2,2026-05-20,2026,5,3,Night (12AM-6AM),FIR,Non-Heinous,Economic Offences,Cheating,Closed,12.75127,77.32995
5136,100280003202305136,Haveri,3,2023-03-02,2023,3,23,Evening (6PM-12AM),FIR,Non-Heinous,Public Order,Rioting,Charge Sheeted,14.78701,75.51672
5137,100050004202605137,Belagavi,4,2026-02-04,2026,2,23,Evening (6PM-12AM),FIR,Heinous,Crimes Against Body,Attempt to Murder,Closed,15.85884,74.4114
5138,100080003202205138,Ballari,3,2022-12-23,2022,12,2,Night (12AM-6AM),FIR,Heinous,Crimes Against Body,Assault,Charge Sheeted,15.06093,76.92422
5139,100020004202205139,Bengaluru Rural,4,2022-09-10,2022,9,2,Night (12AM-6AM),FIR,Heinous,Crimes Against Body,Grievous Hurt,Closed,13.2236,77.56069
5140,100240003202505140,Kodagu,3,2025-08-03,2025,8,23,Evening (6PM-12AM),FIR,Non-Heinous,Crimes Against Women,Sexual Assault,Under Investigation,12.37462,75.86148
5141,100030002202405141,Mysuru,2,2024-09-02,2024,9,8,Morning (6AM-12PM),FIR,Non-Heinous,Cyber Crime,Cyberstalking,Undetected,12.26288,76.66835
5142,100040004202205142,Mangaluru (Dakshina Kannada),4,2022-04-11,2022,4,17,Afternoon (12PM-6PM),FIR,Non-Heinous,Crimes Against Body,Attempt to Murder,Charge Sheeted,12.95501,74.76101
5143,100050003202505143,Belagavi,3,2025-05-18,2025,5,1,Night (12AM-6AM),FIR,Non-Heinous,Crimes Against Property,Dacoity,Under Investigation,15.80189,74.50514
5144,100010002202205144,Bengaluru City,2,2022-06-03,2022,6,19,Evening (6PM-12AM),PAR,Non-Heinous,Public Order,Rioting,False Case,13.06276,77.64932
5145,100100004202305145,Shivamogga,4,2023-07-06,2023,7,12,Afternoon (12PM-6PM),FIR,Non-Heinous,Crimes Against Body,Murder,Closed,13.95194,75.64414
5146,100230002202605146,Chamarajanagar,2,2026-06-18,2026,6,17,Afternoon (12PM-6PM),FIR,Non-Heinous,Crimes Against Property,Robbery,Under Investigation,11.9286,76.97413
5147,100110004202605147,Davanagere,4,2026-09-27,2026,9,10,Morning (6AM-12PM),PAR,Non-Heinous,Crimes Against Property,Theft,Closed,14.43773,75.94306
5148,100120002202405148,Vijayapura,2,2024-11-25,2024,11,1,Night (12AM-6AM),FIR,Heinous,Crimes Against Women,Domestic Violence,Closed,16.85785,75.75659
5149,700010003202205149,Bengaluru City,3,2022-04-17,2022,4,18,Evening (6PM-12AM),Zero FIR,Heinous,Crimes Against Women,Dowry Harassment,Closed,12.97068,77.62324
5150,100010001202305150,Bengaluru City,1,2023-11-10,2023,11,17,Afternoon (12PM-6PM),FIR,Non-Heinous,Crimes Against Property,Burglary,Closed,13.00393,77.5081
5151,100180003202605151,Mandya,3,2026-03-12,2026,3,21,Evening (6PM-12AM),FIR,Non-Heinous,Crimes Against Property,Theft,Under Investigation,12.55312,76.87856
5152,100040001202305152,Mangaluru (Dakshina Kannada),1,2023-11-12,2023,11,10,Morning (6AM-12PM),FIR,Non-Heinous,Cyber Crime,Cyberstalking,Under Investigation,12.96527,74.90167
5153,100040004202605153,Mangaluru (Dakshina Kannada),4,2026-03-09,2026,3,10,Morning (6AM-12PM),FIR,Non-Heinous,Crimes Against Property,Burglary,Closed,12.84374,74.76405
5154,100070003202205154,Hubballi-Dharwad,3,2022-12-01,2022,12,20,Evening (6PM-12AM),PAR,Heinous,Crimes Against Women,Molestation,Closed,15.4167,75.13367
5155,100060001202605155,Kalaburagi,1,2026-08-12,2026,8,5,Night (12AM-6AM),FIR,Heinous,Crimes Against Women,Sexual Assault,Closed,17.34272,76.76745
5156,100110004202505156,Davanagere,4,2025-03-16,2025,3,21,Evening (6PM-12AM),FIR,Non-Heinous,Crimes Against Property,Dacoity,False Case,14.48167,75.83487
5157,100040002202505157,Mangaluru (Dakshina Kannada),2,2025-10-16,2025,10,17,Afternoon (12PM-6PM),FIR,Non-Heinous,Cyber Crime,Online Fraud,Charge Sheeted,12.9959,74.86138
5158,100020002202305158,Bengaluru Rural,2,2023-04-14,2023,4,12,Afternoon (12PM-6PM),FIR,Non-Heinous,Crimes Against Body,Attempt to Murder,False Case,13.29588,77.61845
5159,100050001202605159,Belagavi,1,2026-11-11,2026,11,15,Afternoon (12PM-6PM),FIR,Heinous,Crimes Against Body,Murder,Charge Sheeted,15.78672,74.47008
5160,100140001202605160,Bidar,1,2026-04-17,2026,4,23,Evening (6PM-12AM),FIR,Non-Heinous,Crimes Against Property,Robbery,Under Investigation,17.93089,77.55479
5161,100060004202505161,Kalaburagi,4,2025-08-05,2025,8,23,Evening (6PM-12AM),FIR,Non-Heinous,Cyber Crime,Online Fraud,Charge Sheeted,17.37932,76.8911
5162,100010004202505162,Bengaluru City,4,2025-01-23,2025,1,18,Evening (6PM-12AM),FIR,Non-Heinous,Economic Offences,Cheating,Undetected,12.99397,77.62064
5163,100130002202505163,Raichur,2,2025-12-10,2025,12,3,Night (12AM-6AM),FIR,Non-Heinous,Crimes Against Property,Burglary,False Case,16.30069,77.32925
5164,100090002202605164,Tumakuru,2,2026-09-04,2026,9,23,Evening (6PM-12AM),FIR,Non-Heinous,Economic Offences,Criminal Breach of Trust,Under Investigation,13.39168,77.02845
5165,100280002202305165,Haveri,2,2023-04-22,2023,4,8,Morning (6AM-12PM),FIR,Non-Heinous,Crimes Against Body,Grievous Hurt,Under Investigation,14.77892,75.38386
5166,100120004202205166,Vijayapura,4,2022-02-13,2022,2,22,Evening (6PM-12AM),FIR,Non-Heinous,Crimes Against Property,Burglary,Under Investigation,16.78774,75.67219
5167,700010001202605167,Bengaluru City,1,2026-08-06,2026,8,20,Evening (6PM-12AM),Zero FIR,Non-Heinous,Crimes Against Property,Theft,Undetected,12.95959,77.51274
5168,100010001202505168,Bengaluru City,1,2025-11-18,2025,11,8,Morning (6AM-12PM),FIR,Non-Heinous,Cyber Crime,Online Fraud,Under Investigation,12.91469,77.67762
5169,100090004202605169,Tumakuru,4,2026-07-23,2026,7,13,Afternoon (12PM-6PM),FIR,Non-Heinous,Crimes Against Property,Robbery,Closed,13.42235,77.14185
5170,100120002202505170,Vijayapura,2,2025-06-11,2025,6,6,Morning (6AM-12PM),PAR,Heinous,Narcotics,NDPS Trafficking,Under Investigation,16.81534,75.74803
5171,100240003202605171,Kodagu,3,2026-08-24,2026,8,17,Afternoon (12PM-6PM),FIR,Non-Heinous,Economic Offences,Forgery,False Case,12.27027,75.93423
5172,100240002202505172,Kodagu,2,2025-08-09,2025,8,23,Evening (6PM-12AM),FIR,Non-Heinous,Narcotics,NDPS Possession,Closed,12.40319,75.73889
5173,100150004202505173,Chikkamagaluru,4,2025-04-21,2025,4,1,Night (12AM-6AM),FIR,Non-Heinous,Crimes Against Property,Robbery,False Case,13.22955,75.88775
5174,100130002202305174,Raichur,2,2023-04-16,2023,4,11,Morning (6AM-12PM),FIR,Non-Heinous,Crimes Against Property,Theft,Charge Sheeted,16.16882,77.20704
5175,100010002202305175,Bengaluru City,2,2023-03-09,2023,3,13,Afternoon (12PM-6PM),FIR,Non-Heinous,Crimes Against Property,Theft,False Case,13.08311,77.51226
5176,100290003202405176,Gadag,3,2024-01-01,2024,1,20,Evening (6PM-12AM),FIR,Non-Heinous,Crimes Against Body,Murder,Under Investigation,15.49632,75.52635
5177,100230002202405177,Chamarajanagar,2,2024-03-17,2024,3,7,Morning (6AM-12PM),FIR,Heinous,Crimes Against Body,Attempt to Murder,Undetected,11.87511,76.95702
5178,700090003202305178,Tumakuru,3,2023-12-21,2023,12,18,Evening (6PM-12AM),Zero FIR,Non-Heinous,Economic Offences,Cheating,Closed,13.35679,77.11867
5179,400030001202205179,Mysuru,1,2022-01-14,2022,1,2,Night (12AM-6AM),UDR,Non-Heinous,Cyber Crime,Online Fraud,Undetected,12.23529,76.72407
5180,100020003202605180,Bengaluru Rural,3,2026-07-07,2026,7,20,Evening (6PM-12AM),FIR,Non-Heinous,Economic Offences,Criminal Breach of Trust,Undetected,13.29588,77.55102
5181,100130003202605181,Raichur,3,2026-11-22,2026,11,3,Night (12AM-6AM),PAR,Non-Heinous,Crimes Against Property,Dacoity,Under Investigation,16.18441,77.29807
5182,100170002202305182,Kolar,2,2023-01-03,2023,1,5,Night (12AM-6AM),FIR,Non-Heinous,Economic Offences,Cheating,Charge Sheeted,13.07989,78.15128
5183,100280001202505183,Haveri,1,2025-01-17,2025,1,15,Afternoon (12PM-6PM),FIR,Non-Heinous,Crimes Against Property,Burglary,Under Investigation,14.76995,75.39504
5184,100010003202305184,Bengaluru City,3,2023-01-16,2023,1,18,Evening (6PM-12AM),FIR,Heinous,Crimes Against Body,Attempt to Murder,Charge Sheeted,12.91554,77.5269
5185,100170002202505185,Kolar,2,2025-01-18,2025,1,21,Evening (6PM-12AM),FIR,Heinous,Crimes Against Women,Sexual Assault,Under Investigation,13.06539,78.15017
5186,700010002202205186,Bengaluru City,2,2022-09-20,2022,9,7,Morning (6AM-12PM),Zero FIR,Non-Heinous,Crimes Against Property,Dacoity,Charge Sheeted,13.06249,77.6217
5187,100160003202405187,Udupi,3,2024-02-14,2024,2,22,Evening (6PM-12AM),FIR,Non-Heinous,Narcotics,NDPS Possession,Under Investigation,13.30404,74.74288
5188,700090001202505188,Tumakuru,1,2025-07-15,2025,7,0,Night (12AM-6AM),Zero FIR,Non-Heinous,Cyber Crime,Identity Theft,False Case,13.38675,77.07124
5189,100050003202405189,Belagavi,3,2024-11-20,2024,11,23,Evening (6PM-12AM),FIR,Heinous,Crimes Against Women,Sexual Assault,Charge Sheeted,15.82048,74.49756
5190,100170004202205190,Kolar,4,2022-02-07,2022,2,1,Night (12AM-6AM),PAR,Non-Heinous,Cyber Crime,Phishing,Under Investigation,13.18523,78.0067
5191,100060002202305191,Kalaburagi,2,2023-09-21,2023,9,13,Afternoon (12PM-6PM),FIR,Non-Heinous,Economic Offences,Cheating,Charge Sheeted,17.40576,76.81759
5192,100230001202605192,Chamarajanagar,1,2026-08-12,2026,8,5,Night (12AM-6AM),FIR,Non-Heinous,Crimes Against Women,Sexual Assault,Under Investigation,11.92723,76.97409
5193,100130001202505193,Raichur,1,2025-04-22,2025,4,16,Afternoon (12PM-6PM),FIR,Non-Heinous,Economic Offences,Criminal Breach of Trust,Under Investigation,16.2504,77.41019
5194,100150004202205194,Chikkamagaluru,4,2022-05-02,2022,5,6,Morning (6AM-12PM),PAR,Heinous,Crimes Against Body,Attempt to Murder,Under Investigation,13.3881,75.86049
5195,100100004202205195,Shivamogga,4,2022-10-16,2022,10,7,Morning (6AM-12PM),FIR,Non-Heinous,Economic Offences,Forgery,Charge Sheeted,13.90117,75.67818
5196,100280001202405196,Haveri,1,2024-01-13,2024,1,18,Evening (6PM-12AM),FIR,Non-Heinous,Crimes Against Body,Grievous Hurt,Charge Sheeted,14.70863,75.4143
5197,100090002202505197,Tumakuru,2,2025-11-21,2025,11,6,Morning (6AM-12PM),FIR,Non-Heinous,Crimes Against Property,Robbery,Undetected,13.24586,77.10311
5198,100020002202405198,Bengaluru Rural,2,2024-07-11,2024,7,21,Evening (6PM-12AM),FIR,Heinous,Crimes Against Women,Domestic Violence,Under Investigation,13.28739,77.53683
5199,700130004202305199,Raichur,4,2023-06-10,2023,6,8,Morning (6AM-12PM),Zero FIR,Heinous,Crimes Against Body,Attempt to Murder,Closed,16.11852,77.49022
5200,100100002202505200,Shivamogga,2,2025-10-18,2025,10,4,Night (12AM-6AM),FIR,Non-Heinous,Cyber Crime,Cyberstalking,Charge Sheeted,13.90227,75.59351
5201,100040003202305201,Mangaluru (Dakshina Kannada),3,2023-06-12,2023,6,2,Night (12AM-6AM),FIR,Non-Heinous,Crimes Against Women,Molestation,Under Investigation,12.90162,74.82521
5202,700050002202405202,Belagavi,2,2024-11-09,2024,11,22,Evening (6PM-12AM),Zero FIR,Non-Heinous,Crimes Against Property,Robbery,Charge Sheeted,15.85774,74.51235
5203,700270004202405203,Bagalkot,4,2024-02-02,2024,2,1,Night (12AM-6AM),Zero FIR,Non-Heinous,Crimes Against Property,Robbery,Undetected,16.16102,75.63826
5204,100240001202505204,Kodagu,1,2025-05-07,2025,5,20,Evening (6PM-12AM),FIR,Non-Heinous,Economic Offences,Criminal Breach of Trust,Undetected,12.45653,75.72866
5205,100110002202505205,Davanagere,2,2025-12-07,2025,12,12,Afternoon (12PM-6PM),FIR,Heinous,Crimes Against Women,Domestic Violence,Closed,14.43466,75.86412
5206,100010003202205206,Bengaluru City,3,2022-04-03,2022,4,1,Night (12AM-6AM),FIR,Non-Heinous,Crimes Against Body,Murder,Charge Sheeted,13.00955,77.5547
5207,100190002202505207,Hassan,2,2025-02-17,2025,2,9,Morning (6AM-12PM),FIR,Non-Heinous,Crimes Against Property,Robbery,Under Investigation,13.04568,76.17313
5208,100010004202305208,Bengaluru City,4,2023-10-22,2023,10,23,Evening (6PM-12AM),FIR,Heinous,Crimes Against Women,Sexual Assault,Closed,12.99907,77.60202
5209,100120004202205209,Vijayapura,4,2022-07-07,2022,7,12,Afternoon (12PM-6PM),FIR,Non-Heinous,Crimes Against Property,Theft,Under Investigation,16.9033,75.65798
5210,100220003202205210,Yadgir,3,2022-08-24,2022,8,4,Night (12AM-6AM),FIR,Non-Heinous,Crimes Against Women,Sexual Assault,Under Investigation,16.64553,77.20978
5211,100110001202505211,Davanagere,1,2025-06-13,2025,6,7,Morning (6AM-12PM),FIR,Non-Heinous,Crimes Against Women,Domestic Violence,Under Investigation,14.50458,76.06343
5212,100110003202405212,Davanagere,3,2024-01-22,2024,1,4,Night (12AM-6AM),FIR,Non-Heinous,Crimes Against Property,Dacoity,Charge Sheeted,14.36553,75.86888
5213,100080004202505213,Ballari,4,2025-09-11,2025,9,19,Evening (6PM-12AM),FIR,Non-Heinous,Economic Offences,Cheating,Closed,15.14892,76.9328
5214,100160004202405214,Udupi,4,2024-12-04,2024,12,20,Evening (6PM-12AM),FIR,Non-Heinous,Crimes Against Property,Robbery,Charge Sheeted,13.3048,74.68581
5215,100110002202505215,Davanagere,2,2025-11-04,2025,11,1,Night (12AM-6AM),FIR,Non-Heinous,Economic Offences,Criminal Breach of Trust,Charge Sheeted,14.62779,75.87611
5216,100250003202405216,Ramanagara,3,2024-07-19,2024,7,3,Night (12AM-6AM),FIR,Non-Heinous,Economic Offences,Criminal Breach of Trust,Charge Sheeted,12.77549,77.29114
5217,100040004202405217,Mangaluru (Dakshina Kannada),4,2024-02-25,2024,2,15,Afternoon (12PM-6PM),FIR,Heinous,Crimes Against Body,Attempt to Murder,Charge Sheeted,12.86325,74.82077
5218,100110001202505218,Davanagere,1,2025-02-27,2025,2,7,Morning (6AM-12PM),FIR,Non-Heinous,Crimes Against Property,Theft,Under Investigation,14.477,75.99979
5219,100020004202605219,Bengaluru Rural,4,2026-06-25,2026,6,17,Afternoon (12PM-6PM),FIR,Non-Heinous,Crimes Against Property,Theft,False Case,13.40569,77.43033
5220,100280002202605220,Haveri,2,2026-08-04,2026,8,23,Evening (6PM-12AM),FIR,Non-Heinous,Crimes Against Women,Sexual Assault,Undetected,14.8228,75.41323
5221,400140001202405221,Bidar,1,2024-09-25,2024,9,7,Morning (6AM-12PM),UDR,Non-Heinous,Narcotics,NDPS Possession,Charge Sheeted,17.74168,77.35132
5222,100130001202605222,Raichur,1,2026-08-19,2026,8,1,Night (12AM-6AM),FIR,Non-Heinous,Cyber Crime,Identity Theft,False Case,16.15954,77.33102
5223,100020001202605223,Bengaluru Rural,1,2026-05-05,2026,5,6,Morning (6AM-12PM),PAR,Non-Heinous,Cyber Crime,Cyberstalking,Under Investigation,13.24257,77.51427
5224,400180003202505224,Mandya,3,2025-01-04,2025,1,21,Evening (6PM-12AM),UDR,Non-Heinous,Crimes Against Women,Domestic Violence,False Case,12.51437,76.89959
5225,100110004202505225,Davanagere,4,2025-07-20,2025,7,19,Evening (6PM-12AM),FIR,Non-Heinous,Crimes Against Property,Dacoity,Closed,14.42185,75.89097
5226,100050001202205226,Belagavi,1,2022-07-21,2022,7,17,Afternoon (12PM-6PM),FIR,Non-Heinous,Cyber Crime,Identity Theft,Closed,15.84025,74.47586
5227,700030001202205227,Mysuru,1,2022-03-27,2022,3,20,Evening (6PM-12AM),Zero FIR,Non-Heinous,Crimes Against Body,Murder,Under Investigation,12.23833,76.63819
5228,100020002202305228,Bengaluru Rural,2,2023-10-16,2023,10,9,Morning (6AM-12PM),FIR,Non-Heinous,Crimes Against Property,Robbery,Closed,13.32139,77.55505
5229,100160002202505229,Udupi,2,2025-05-26,2025,5,1,Night (12AM-6AM),FIR,Heinous,Crimes Against Women,Sexual Assault,Under Investigation,13.31392,74.68269
5230,100250004202605230,Ramanagara,4,2026-09-10,2026,9,16,Afternoon (12PM-6PM),FIR,Non-Heinous,Economic Offences,Cheating,False Case,12.7349,77.22821
5231,100070002202305231,Hubballi-Dharwad,2,2023-09-03,2023,9,23,Evening (6PM-12AM),FIR,Non-Heinous,Cyber Crime,Online Fraud,Charge Sheeted,15.32635,75.09303
5232,100100004202305232,Shivamogga,4,2023-01-10,2023,1,15,Afternoon (12PM-6PM),FIR,Non-Heinous,Public Order,Rioting,False Case,13.94744,75.47563
5233,100080001202505233,Ballari,1,2025-12-18,2025,12,0,Night (12AM-6AM),FIR,Non-Heinous,Crimes Against Property,Robbery,Charge Sheeted,15.06185,76.86187
5234,100250001202605234,Ramanagara,1,2026-04-17,2026,4,7,Morning (6AM-12PM),FIR,Heinous,Crimes Against Women,Dowry Harassment,Charge Sheeted,12.76866,77.2505
5235,700160004202605235,Udupi,4,2026-11-03,2026,11,17,Afternoon (12PM-6PM),Zero FIR,Non-Heinous,Crimes Against Property,Theft,Charge Sheeted,13.17415,74.86407
5236,100110003202305236,Davanagere,3,2023-10-08,2023,10,2,Night (12AM-6AM),FIR,Non-Heinous,Crimes Against Property,Theft,Closed,14.45947,75.90853
5237,100040002202305237,Mangaluru (Dakshina Kannada),2,2023-04-11,2023,4,15,Afternoon (12PM-6PM),FIR,Non-Heinous,Economic Offences,Criminal Breach of Trust,Closed,12.84211,74.87734
5238,100030001202505238,Mysuru,1,2025-04-06,2025,4,14,Afternoon (12PM-6PM),FIR,Non-Heinous,Crimes Against Property,Dacoity,False Case,12.22817,76.60384
5239,100080004202605239,Ballari,4,2026-01-04,2026,1,7,Morning (6AM-12PM),PAR,Non-Heinous,Crimes Against Property,Theft,Undetected,15.08782,76.90239
5240,700170004202405240,Kolar,4,2024-06-02,2024,6,10,Morning (6AM-12PM),Zero FIR,Non-Heinous,Economic Offences,Forgery,Under Investigation,13.16703,78.2081
5241,100020002202505241,Bengaluru Rural,2,2025-06-24,2025,6,8,Morning (6AM-12PM),FIR,Non-Heinous,Crimes Against Property,Burglary,Charge Sheeted,13.26052,77.64908
5242,100160003202305242,Udupi,3,2023-12-09,2023,12,6,Morning (6AM-12PM),PAR,Non-Heinous,Crimes Against Property,Dacoity,Under Investigation,13.26234,74.78114
5243,400050004202205243,Belagavi,4,2022-03-23,2022,3,13,Afternoon (12PM-6PM),UDR,Non-Heinous,Crimes Against Property,Burglary,Undetected,15.79127,74.61308
5244,100060002202405244,Kalaburagi,2,2024-01-11,2024,1,10,Morning (6AM-12PM),FIR,Non-Heinous,Economic Offences,Criminal Breach of Trust,Under Investigation,17.21101,76.8175
5245,100110003202605245,Davanagere,3,2026-10-13,2026,10,17,Afternoon (12PM-6PM),FIR,Non-Heinous,Cyber Crime,Identity Theft,Charge Sheeted,14.40781,75.88473
5246,100010004202505246,Bengaluru City,4,2025-07-08,2025,7,3,Night (12AM-6AM),PAR,Non-Heinous,Crimes Against Body,Attempt to Murder,Undetected,12.96889,77.51019
5247,100050002202405247,Belagavi,2,2024-06-25,2024,6,18,Evening (6PM-12AM),PAR,Heinous,Crimes Against Women,Domestic Violence,Closed,15.8895,74.4515
5248,100250003202405248,Ramanagara,3,2024-02-01,2024,2,16,Afternoon (12PM-6PM),FIR,Heinous,Crimes Against Women,Dowry Harassment,Charge Sheeted,12.84475,77.19564
5249,100050001202605249,Belagavi,1,2026-02-04,2026,2,3,Night (12AM-6AM),FIR,Non-Heinous,Crimes Against Property,Robbery,False Case,15.78731,74.57656
5250,100010003202405250,Bengaluru City,3,2024-06-11,2024,6,19,Evening (6PM-12AM),FIR,Non-Heinous,Narcotics,NDPS Trafficking,Charge Sheeted,13.09582,77.58786
5251,100280001202205251,Haveri,1,2022-12-13,2022,12,4,Night (12AM-6AM),FIR,Non-Heinous,Crimes Against Property,Burglary,Under Investigation,14.74796,75.3406
5252,400050004202305252,Belagavi,4,2023-04-07,2023,4,11,Morning (6AM-12PM),UDR,Non-Heinous,Crimes Against Property,Theft,Charge Sheeted,15.86347,74.37883
5253,100070001202305253,Hubballi-Dharwad,1,2023-07-25,2023,7,0,Night (12AM-6AM),FIR,Heinous,Crimes Against Body,Attempt to Murder,Closed,15.43163,75.16447
5254,100050004202505254,Belagavi,4,2025-06-09,2025,6,5,Night (12AM-6AM),FIR,Non-Heinous,Cyber Crime,Online Fraud,Undetected,15.89626,74.56361
5255,700090002202305255,Tumakuru,2,2023-10-13,2023,10,2,Night (12AM-6AM),Zero FIR,Non-Heinous,Crimes Against Property,Dacoity,False Case,13.22095,77.05007
5256,100270003202305256,Bagalkot,3,2023-03-23,2023,3,17,Afternoon (12PM-6PM),FIR,Non-Heinous,Crimes Against Property,Robbery,Closed,16.04427,75.80104
5257,100240004202305257,Kodagu,4,2023-12-21,2023,12,12,Afternoon (12PM-6PM),FIR,Non-Heinous,Narcotics,NDPS Possession,Under Investigation,12.30371,75.88686
5258,100060002202605258,Kalaburagi,2,2026-09-17,2026,9,22,Evening (6PM-12AM),FIR,Non-Heinous,Narcotics,NDPS Possession,False Case,17.33647,76.79615
5259,100030002202305259,Mysuru,2,2023-04-07,2023,4,14,Afternoon (12PM-6PM),FIR,Non-Heinous,Crimes Against Property,Robbery,Charge Sheeted,12.31298,76.74317
5260,400190002202605260,Hassan,2,2026-03-19,2026,3,19,Evening (6PM-12AM),UDR,Non-Heinous,Crimes Against Property,Dacoity,Charge Sheeted,12.99397,76.08902
5261,100080002202505261,Ballari,2,2025-05-11,2025,5,21,Evening (6PM-12AM),PAR,Non-Heinous,Crimes Against Property,Robbery,False Case,15.173,76.89326
5262,100030004202205262,Mysuru,4,2022-01-12,2022,1,10,Morning (6AM-12PM),FIR,Heinous,Crimes Against Women,Domestic Violence,Under Investigation,12.35915,76.60817
5263,100270003202305263,Bagalkot,3,2023-11-07,2023,11,10,Morning (6AM-12PM),FIR,Non-Heinous,Cyber Crime,Identity Theft,Under Investigation,16.1511,75.76294
5264,100230002202505264,Chamarajanagar,2,2025-03-01,2025,3,21,Evening (6PM-12AM),FIR,Non-Heinous,Crimes Against Body,Assault,Under Investigation,11.91094,76.92758
5265,100010002202505265,Bengaluru City,2,2025-12-04,2025,12,22,Evening (6PM-12AM),FIR,Heinous,Crimes Against Women,Molestation,Charge Sheeted,12.85536,77.56267
5266,100040003202205266,Mangaluru (Dakshina Kannada),3,2022-06-19,2022,6,9,Morning (6AM-12PM),FIR,Non-Heinous,Crimes Against Body,Assault,Under Investigation,12.87545,74.87014
5267,700090001202405267,Tumakuru,1,2024-09-18,2024,9,10,Morning (6AM-12PM),Zero FIR,Non-Heinous,Crimes Against Women,Dowry Harassment,Charge Sheeted,13.32257,77.08464
5268,100050001202405268,Belagavi,1,2024-05-11,2024,5,15,Afternoon (12PM-6PM),FIR,Non-Heinous,Crimes Against Property,Burglary,Charge Sheeted,15.74432,74.55191
5269,100020004202205269,Bengaluru Rural,4,2022-09-03,2022,9,0,Night (12AM-6AM),PAR,Non-Heinous,Narcotics,NDPS Trafficking,Under Investigation,13.37477,77.47574
5270,100050004202205270,Belagavi,4,2022-02-20,2022,2,4,Night (12AM-6AM),FIR,Non-Heinous,Crimes Against Property,Burglary,Charge Sheeted,15.95286,74.55298
5271,100020002202405271,Bengaluru Rural,2,2024-12-20,2024,12,10,Morning (6AM-12PM),FIR,Non-Heinous,Crimes Against Body,Grievous Hurt,Charge Sheeted,13.26549,77.52135
5272,100030001202605272,Mysuru,1,2026-07-18,2026,7,1,Night (12AM-6AM),FIR,Heinous,Crimes Against Body,Grievous Hurt,Closed,12.28391,76.50973
5273,100050001202505273,Belagavi,1,2025-08-04,2025,8,23,Evening (6PM-12AM),FIR,Non-Heinous,Crimes Against Body,Murder,Under Investigation,15.8583,74.46667
5274,100230002202405274,Chamarajanagar,2,2024-08-08,2024,8,20,Evening (6PM-12AM),FIR,Non-Heinous,Crimes Against Property,Theft,Closed,11.88031,76.88849
5275,100250001202305275,Ramanagara,1,2023-03-05,2023,3,8,Morning (6AM-12PM),FIR,Non-Heinous,Crimes Against Property,Robbery,Charge Sheeted,12.63366,77.24551
5276,100020001202305276,Bengaluru Rural,1,2023-04-27,2023,4,13,Afternoon (12PM-6PM),FIR,Non-Heinous,Economic Offences,Criminal Breach of Trust,Charge Sheeted,13.23331,77.41505
5277,100040003202305277,Mangaluru (Dakshina Kannada),3,2023-11-21,2023,11,11,Morning (6AM-12PM),FIR,Non-Heinous,Economic Offences,Forgery,Closed,12.87928,74.80502
5278,100130002202505278,Raichur,2,2025-01-27,2025,1,13,Afternoon (12PM-6PM),FIR,Non-Heinous,Crimes Against Women,Domestic Violence,False Case,16.13774,77.43754
5279,100220003202405279,Yadgir,3,2024-06-18,2024,6,17,Afternoon (12PM-6PM),PAR,Non-Heinous,Economic Offences,Forgery,False Case,16.76717,77.08352
5280,100240001202405280,Kodagu,1,2024-05-14,2024,5,3,Night (12AM-6AM),FIR,Non-Heinous,Economic Offences,Cheating,Charge Sheeted,12.28877,75.70652
5281,100050002202605281,Belagavi,2,2026-03-03,2026,3,17,Afternoon (12PM-6PM),FIR,Non-Heinous,Economic Offences,Criminal Breach of Trust,Charge Sheeted,15.90441,74.30369
5282,100050003202405282,Belagavi,3,2024-03-17,2024,3,3,Night (12AM-6AM),FIR,Non-Heinous,Crimes Against Property,Dacoity,Closed,15.83462,74.44676
5283,100250003202205283,Ramanagara,3,2022-05-27,2022,5,11,Morning (6AM-12PM),FIR,Heinous,Crimes Against Body,Attempt to Murder,Undetected,12.71647,77.28266
5284,100020004202505284,Bengaluru Rural,4,2025-12-22,2025,12,23,Evening (6PM-12AM),FIR,Non-Heinous,Crimes Against Property,Dacoity,Undetected,13.3057,77.62483
5285,100190004202505285,Hassan,4,2025-12-24,2025,12,3,Night (12AM-6AM),FIR,Non-Heinous,Crimes Against Property,Robbery,Charge Sheeted,12.95387,76.15412
5286,100160001202505286,Udupi,1,2025-09-11,2025,9,23,Evening (6PM-12AM),FIR,Non-Heinous,Economic Offences,Criminal Breach of Trust,Charge Sheeted,13.40079,74.76964
5287,100220001202305287,Yadgir,1,2023-09-20,2023,9,10,Morning (6AM-12PM),FIR,Heinous,Narcotics,NDPS Possession,Charge Sheeted,16.87805,77.17567
5288,100160002202405288,Udupi,2,2024-08-23,2024,8,15,Afternoon (12PM-6PM),FIR,Non-Heinous,Crimes Against Property,Burglary,Under Investigation,13.3981,74.62088
5289,100270002202205289,Bagalkot,2,2022-11-10,2022,11,10,Morning (6AM-12PM),FIR,Non-Heinous,Crimes Against Property,Theft,Charge Sheeted,16.09781,75.62713
5290,100110003202605290,Davanagere,3,2026-10-01,2026,10,20,Evening (6PM-12AM),FIR,Non-Heinous,Economic Offences,Forgery,Under Investigation,14.51442,76.04871
5291,100250002202305291,Ramanagara,2,2023-05-16,2023,5,20,Evening (6PM-12AM),FIR,Non-Heinous,Economic Offences,Cheating,Charge Sheeted,12.93215,77.25718
5292,700250004202505292,Ramanagara,4,2025-05-16,2025,5,6,Morning (6AM-12PM),Zero FIR,Heinous,Crimes Against Body,Murder,Closed,12.69172,77.19442
5293,700040003202605293,Mangaluru (Dakshina Kannada),3,2026-08-08,2026,8,21,Evening (6PM-12AM),Zero FIR,Non-Heinous,Economic Offences,Cheating,Charge Sheeted,12.94065,74.77918
5294,100020003202405294,Bengaluru Rural,3,2024-07-14,2024,7,17,Afternoon (12PM-6PM),FIR,Non-Heinous,Crimes Against Body,Assault,Closed,13.25957,77.58568
5295,100110003202205295,Davanagere,3,2022-10-14,2022,10,5,Night (12AM-6AM),FIR,Non-Heinous,Crimes Against Property,Robbery,Under Investigation,14.54578,75.92366
5296,100020004202505296,Bengaluru Rural,4,2025-03-24,2025,3,14,Afternoon (12PM-6PM),FIR,Non-Heinous,Crimes Against Property,Burglary,Charge Sheeted,13.23196,77.5588
5297,400190003202405297,Hassan,3,2024-03-19,2024,3,6,Morning (6AM-12PM),UDR,Non-Heinous,Crimes Against Property,Robbery,False Case,13.00632,76.10361
5298,100030002202205298,Mysuru,2,2022-11-20,2022,11,18,Evening (6PM-12AM),FIR,Non-Heinous,Cyber Crime,Phishing,Charge Sheeted,12.3421,76.55154
5299,700280001202405299,Haveri,1,2024-12-13,2024,12,8,Morning (6AM-12PM),Zero FIR,Non-Heinous,Economic Offences,Cheating,Under Investigation,14.80687,75.32579
5300,100220002202505300,Yadgir,2,2025-01-09,2025,1,20,Evening (6PM-12AM),FIR,Heinous,Crimes Against Women,Sexual Assault,Charge Sheeted,16.81236,77.15482
5301,100040003202205301,Mangaluru (Dakshina Kannada),3,2022-09-11,2022,9,9,Morning (6AM-12PM),FIR,Non-Heinous,Crimes Against Women,Molestation,Closed,12.90112,74.85461
5302,700080004202305302,Ballari,4,2023-05-25,2023,5,8,Morning (6AM-12PM),Zero FIR,Non-Heinous,Crimes Against Property,Robbery,Undetected,15.12637,77.00241
5303,400160001202405303,Udupi,1,2024-07-27,2024,7,22,Evening (6PM-12AM),UDR,Non-Heinous,Crimes Against Body,Grievous Hurt,Closed,13.30878,74.75296
5304,100180001202605304,Mandya,1,2026-05-19,2026,5,21,Evening (6PM-12AM),FIR,Non-Heinous,Crimes Against Property,Theft,False Case,12.55154,76.70298
5305,100060001202405305,Kalaburagi,1,2024-12-19,2024,12,12,Afternoon (12PM-6PM),FIR,Non-Heinous,Economic Offences,Criminal Breach of Trust,Charge Sheeted,17.2613,76.92137
5306,100050003202305306,Belagavi,3,2023-09-07,2023,9,12,Afternoon (12PM-6PM),FIR,Non-Heinous,Cyber Crime,Online Fraud,Undetected,15.89485,74.47385
5307,100130003202605307,Raichur,3,2026-06-06,2026,6,10,Morning (6AM-12PM),FIR,Non-Heinous,Crimes Against Body,Grievous Hurt,Under Investigation,16.20766,77.37906
5308,100250002202305308,Ramanagara,2,2023-06-12,2023,6,7,Morning (6AM-12PM),PAR,Non-Heinous,Crimes Against Property,Burglary,Under Investigation,12.70701,77.31733
5309,100080003202305309,Ballari,3,2023-01-16,2023,1,23,Evening (6PM-12AM),FIR,Non-Heinous,Crimes Against Body,Grievous Hurt,Charge Sheeted,15.21617,76.85327
5310,100280002202605310,Haveri,2,2026-05-25,2026,5,14,Afternoon (12PM-6PM),FIR,Heinous,Crimes Against Women,Domestic Violence,Under Investigation,14.72055,75.3478
5311,100190003202305311,Hassan,3,2023-02-09,2023,2,0,Night (12AM-6AM),FIR,Non-Heinous,Crimes Against Property,Theft,False Case,12.99829,76.05204
5312,100210004202605312,Koppal,4,2026-06-05,2026,6,7,Morning (6AM-12PM),FIR,Non-Heinous,Crimes Against Property,Theft,Under Investigation,15.38162,76.03553
5313,100140001202605313,Bidar,1,2026-02-23,2026,2,9,Morning (6AM-12PM),FIR,Non-Heinous,Crimes Against Body,Grievous Hurt,Closed,18.12062,77.47994
5314,100230003202205314,Chamarajanagar,3,2022-07-15,2022,7,17,Afternoon (12PM-6PM),FIR,Non-Heinous,Economic Offences,Cheating,Closed,11.86073,76.90432
5315,100090002202605315,Tumakuru,2,2026-02-13,2026,2,11,Morning (6AM-12PM),FIR,Non-Heinous,Crimes Against Women,Molestation,Charge Sheeted,13.31262,77.15412
5316,400250003202205316,Ramanagara,3,2022-01-01,2022,1,11,Morning (6AM-12PM),UDR,Non-Heinous,Cyber Crime,Phishing,Closed,12.78699,77.31453
5317,700020001202405317,Bengaluru Rural,1,2024-02-13,2024,2,0,Night (12AM-6AM),Zero FIR,Non-Heinous,Cyber Crime,Identity Theft,False Case,13.26581,77.57837
5318,700210004202305318,Koppal,4,2023-05-19,2023,5,6,Morning (6AM-12PM),Zero FIR,Non-Heinous,Crimes Against Women,Dowry Harassment,Under Investigation,15.43072,76.11596
5319,100040004202505319,Mangaluru (Dakshina Kannada),4,2025-10-08,2025,10,19,Evening (6PM-12AM),FIR,Non-Heinous,Crimes Against Property,Dacoity,Under Investigation,12.83426,74.8504
5320,100020003202305320,Bengaluru Rural,3,2023-09-04,2023,9,19,Evening (6PM-12AM),FIR,Non-Heinous,Public Order,Rioting,Under Investigation,13.30055,77.43269
5321,100090002202505321,Tumakuru,2,2025-01-07,2025,1,17,Afternoon (12PM-6PM),FIR,Non-Heinous,Crimes Against Women,Dowry Harassment,Closed,13.47056,77.17833
5322,100010002202405322,Bengaluru City,2,2024-05-01,2024,5,13,Afternoon (12PM-6PM),FIR,Non-Heinous,Crimes Against Body,Attempt to Murder,Charge Sheeted,12.9486,77.57791
5323,100020002202505323,Bengaluru Rural,2,2025-06-03,2025,6,14,Afternoon (12PM-6PM),FIR,Non-Heinous,Crimes Against Women,Molestation,False Case,13.37351,77.59382
5324,100040003202505324,Mangaluru (Dakshina Kannada),3,2025-11-27,2025,11,8,Morning (6AM-12PM),FIR,Non-Heinous,Crimes Against Women,Molestation,Charge Sheeted,12.892,74.79828
5325,100090002202205325,Tumakuru,2,2022-04-13,2022,4,21,Evening (6PM-12AM),FIR,Non-Heinous,Crimes Against Property,Robbery,False Case,13.29981,77.10653
5326,100160003202305326,Udupi,3,2023-01-04,2023,1,12,Afternoon (12PM-6PM),FIR,Non-Heinous,Crimes Against Property,Dacoity,Charge Sheeted,13.36569,74.87088
5327,100140001202505327,Bidar,1,2025-10-14,2025,10,4,Night (12AM-6AM),FIR,Non-Heinous,Cyber Crime,Cyberstalking,Under Investigation,17.90754,77.57056
5328,100140004202305328,Bidar,4,2023-09-24,2023,9,16,Afternoon (12PM-6PM),FIR,Non-Heinous,Crimes Against Body,Assault,Under Investigation,17.89733,77.50712
5329,100170004202605329,Kolar,4,2026-12-24,2026,12,2,Night (12AM-6AM),FIR,Non-Heinous,Crimes Against Property,Dacoity,Under Investigation,13.10766,78.1731
5330,100050001202505330,Belagavi,1,2025-11-12,2025,11,20,Evening (6PM-12AM),FIR,Non-Heinous,Economic Offences,Criminal Breach of Trust,Charge Sheeted,15.87093,74.41772
5331,100090002202605331,Tumakuru,2,2026-07-22,2026,7,15,Afternoon (12PM-6PM),FIR,Non-Heinous,Cyber Crime,Identity Theft,Closed,13.40084,77.09758
5332,100050003202305332,Belagavi,3,2023-03-05,2023,3,0,Night (12AM-6AM),FIR,Non-Heinous,Crimes Against Body,Grievous Hurt,Closed,15.85037,74.46395
5333,100020003202505333,Bengaluru Rural,3,2025-06-19,2025,6,15,Afternoon (12PM-6PM),PAR,Non-Heinous,Crimes Against Body,Assault,Charge Sheeted,13.14103,77.58123
5334,100240001202205334,Kodagu,1,2022-03-14,2022,3,4,Night (12AM-6AM),FIR,Non-Heinous,Crimes Against Body,Attempt to Murder,Under Investigation,12.27753,75.80619
5335,100060004202605335,Kalaburagi,4,2026-06-16,2026,6,8,Morning (6AM-12PM),FIR,Non-Heinous,Crimes Against Property,Dacoity,Under Investigation,17.34788,76.82616
5336,100010001202605336,Bengaluru City,1,2026-05-21,2026,5,9,Morning (6AM-12PM),FIR,Non-Heinous,Crimes Against Property,Burglary,Under Investigation,12.95292,77.5736
5337,100140003202205337,Bidar,3,2022-07-16,2022,7,6,Morning (6AM-12PM),FIR,Non-Heinous,Crimes Against Property,Burglary,Charge Sheeted,17.96552,77.4927
5338,100200002202505338,Chitradurga,2,2025-06-11,2025,6,2,Night (12AM-6AM),FIR,Non-Heinous,Economic Offences,Criminal Breach of Trust,Closed,14.18204,76.39511
5339,100020004202205339,Bengaluru Rural,4,2022-01-20,2022,1,3,Night (12AM-6AM),FIR,Non-Heinous,Cyber Crime,Identity Theft,Under Investigation,13.20087,77.59082
5340,100110002202305340,Davanagere,2,2023-09-16,2023,9,3,Night (12AM-6AM),FIR,Non-Heinous,Crimes Against Body,Grievous Hurt,Charge Sheeted,14.42134,75.9377
5341,100160003202605341,Udupi,3,2026-07-13,2026,7,11,Morning (6AM-12PM),FIR,Heinous,Crimes Against Body,Attempt to Murder,Under Investigation,13.43624,74.77739
5342,100030004202305342,Mysuru,4,2023-03-24,2023,3,11,Morning (6AM-12PM),FIR,Heinous,Crimes Against Women,Dowry Harassment,Charge Sheeted,12.25261,76.43617
5343,100170003202505343,Kolar,3,2025-06-11,2025,6,2,Night (12AM-6AM),FIR,Non-Heinous,Crimes Against Property,Burglary,Under Investigation,13.1043,78.14624
5344,100010004202505344,Bengaluru City,4,2025-01-09,2025,1,12,Afternoon (12PM-6PM),FIR,Heinous,Crimes Against Women,Molestation,Closed,12.84729,77.60797
5345,100020004202305345,Bengaluru Rural,4,2023-03-01,2023,3,19,Evening (6PM-12AM),FIR,Non-Heinous,Economic Offences,Cheating,False Case,13.22937,77.53646
5346,100130002202405346,Raichur,2,2024-10-07,2024,10,19,Evening (6PM-12AM),PAR,Non-Heinous,Crimes Against Body,Murder,Under Investigation,16.21839,77.32364
5347,700280004202505347,Haveri,4,2025-04-05,2025,4,12,Afternoon (12PM-6PM),Zero FIR,Non-Heinous,Cyber Crime,Cyberstalking,Closed,14.83674,75.27467
5348,100040002202505348,Mangaluru (Dakshina Kannada),2,2025-03-23,2025,3,12,Afternoon (12PM-6PM),FIR,Non-Heinous,Crimes Against Property,Burglary,False Case,12.86429,74.84031
5349,400170004202305349,Kolar,4,2023-04-09,2023,4,16,Afternoon (12PM-6PM),UDR,Non-Heinous,Cyber Crime,Identity Theft,Under Investigation,13.0689,78.21084
5350,100170002202305350,Kolar,2,2023-10-09,2023,10,13,Afternoon (12PM-6PM),FIR,Non-Heinous,Cyber Crime,Online Fraud,False Case,13.16357,78.03575
5351,100050001202505351,Belagavi,1,2025-02-13,2025,2,14,Afternoon (12PM-6PM),FIR,Heinous,Narcotics,NDPS Trafficking,Under Investigation,15.89132,74.50105
5352,100010002202305352,Bengaluru City,2,2023-10-16,2023,10,11,Morning (6AM-12PM),FIR,Heinous,Narcotics,NDPS Trafficking,Charge Sheeted,12.94514,77.50571
5353,100280004202205353,Haveri,4,2022-05-22,2022,5,3,Night (12AM-6AM),FIR,Non-Heinous,Crimes Against Property,Burglary,Under Investigation,14.83304,75.47628
5354,100160001202605354,Udupi,1,2026-09-07,2026,9,23,Evening (6PM-12AM),PAR,Non-Heinous,Crimes Against Body,Assault,False Case,13.30817,74.78801
5355,100020001202305355,Bengaluru Rural,1,2023-09-06,2023,9,20,Evening (6PM-12AM),FIR,Non-Heinous,Crimes Against Property,Burglary,Charge Sheeted,13.28238,77.5185
5356,100240002202405356,Kodagu,2,2024-11-15,2024,11,9,Morning (6AM-12PM),PAR,Non-Heinous,Economic Offences,Forgery,Closed,12.31483,75.90658
5357,100020004202505357,Bengaluru Rural,4,2025-12-12,2025,12,1,Night (12AM-6AM),PAR,Non-Heinous,Crimes Against Property,Theft,False Case,13.23514,77.48983
5358,100040002202605358,Mangaluru (Dakshina Kannada),2,2026-05-27,2026,5,22,Evening (6PM-12AM),FIR,Heinous,Crimes Against Women,Sexual Assault,Closed,12.89584,74.84298
5359,100040003202405359,Mangaluru (Dakshina Kannada),3,2024-05-03,2024,5,18,Evening (6PM-12AM),FIR,Non-Heinous,Public Order,Rioting,Under Investigation,12.99846,74.94921
5360,100240002202605360,Kodagu,2,2026-04-03,2026,4,23,Evening (6PM-12AM),FIR,Non-Heinous,Crimes Against Body,Attempt to Murder,Charge Sheeted,12.342,75.79141
5361,100100001202505361,Shivamogga,1,2025-10-19,2025,10,10,Morning (6AM-12PM),FIR,Non-Heinous,Crimes Against Property,Robbery,Closed,13.83371,75.57015
5362,100030003202605362,Mysuru,3,2026-06-15,2026,6,0,Night (12AM-6AM),FIR,Non-Heinous,Public Order,Rioting,Under Investigation,12.32521,76.48866
5363,100050002202605363,Belagavi,2,2026-06-10,2026,6,21,Evening (6PM-12AM),FIR,Non-Heinous,Crimes Against Body,Grievous Hurt,Charge Sheeted,15.86054,74.42115
5364,100140002202405364,Bidar,2,2024-09-09,2024,9,14,Afternoon (12PM-6PM),FIR,Non-Heinous,Crimes Against Property,Theft,Undetected,17.95452,77.52781
5365,100070003202305365,Hubballi-Dharwad,3,2023-07-15,2023,7,19,Evening (6PM-12AM),FIR,Non-Heinous,Crimes Against Women,Domestic Violence,Charge Sheeted,15.37135,75.17449
5366,100230003202605366,Chamarajanagar,3,2026-10-22,2026,10,1,Night (12AM-6AM),FIR,Heinous,Crimes Against Body,Grievous Hurt,Under Investigation,11.9119,76.91076
5367,700250003202605367,Ramanagara,3,2026-06-12,2026,6,12,Afternoon (12PM-6PM),Zero FIR,Non-Heinous,Crimes Against Property,Robbery,Charge Sheeted,12.6862,77.29351
5368,400060001202205368,Kalaburagi,1,2022-11-05,2022,11,14,Afternoon (12PM-6PM),UDR,Non-Heinous,Economic Offences,Forgery,Under Investigation,17.32623,76.80239
5369,100090002202405369,Tumakuru,2,2024-06-01,2024,6,14,Afternoon (12PM-6PM),FIR,Non-Heinous,Economic Offences,Forgery,Undetected,13.33539,77.16107
5370,100030003202205370,Mysuru,3,2022-02-21,2022,2,11,Morning (6AM-12PM),FIR,Non-Heinous,Economic Offences,Criminal Breach of Trust,Under Investigation,12.1917,76.63793
5371,700210001202405371,Koppal,1,2024-04-23,2024,4,12,Afternoon (12PM-6PM),Zero FIR,Non-Heinous,Crimes Against Women,Domestic Violence,Under Investigation,15.38473,76.13525
5372,100160002202605372,Udupi,2,2026-09-01,2026,9,10,Morning (6AM-12PM),FIR,Non-Heinous,Crimes Against Property,Robbery,Undetected,13.40479,74.71887
5373,100130001202305373,Raichur,1,2023-04-23,2023,4,14,Afternoon (12PM-6PM),FIR,Heinous,Crimes Against Body,Assault,Under Investigation,16.32325,77.27166
5374,100030003202505374,Mysuru,3,2025-11-01,2025,11,4,Night (12AM-6AM),FIR,Heinous,Crimes Against Women,Sexual Assault,Under Investigation,12.20415,76.64531
5375,100050004202405375,Belagavi,4,2024-01-15,2024,1,7,Morning (6AM-12PM),FIR,Non-Heinous,Crimes Against Property,Dacoity,Under Investigation,15.78528,74.51664
5376,100160003202405376,Udupi,3,2024-02-18,2024,2,0,Night (12AM-6AM),FIR,Non-Heinous,Cyber Crime,Cyberstalking,Under Investigation,13.36178,74.7247
5377,100160004202205377,Udupi,4,2022-05-01,2022,5,1,Night (12AM-6AM),FIR,Non-Heinous,Economic Offences,Criminal Breach of Trust,Charge Sheeted,13.39876,74.74187
5378,100010001202605378,Bengaluru City,1,2026-10-02,2026,10,0,Night (12AM-6AM),FIR,Heinous,Crimes Against Women,Molestation,False Case,12.92142,77.53703
5379,700090001202605379,Tumakuru,1,2026-12-21,2026,12,5,Night (12AM-6AM),Zero FIR,Non-Heinous,Crimes Against Women,Molestation,Closed,13.30599,77.16109
5380,100270004202505380,Bagalkot,4,2025-09-17,2025,9,12,Afternoon (12PM-6PM),FIR,Non-Heinous,Crimes Against Property,Theft,Charge Sheeted,16.21808,75.62441
5381,100110003202505381,Davanagere,3,2025-05-21,2025,5,16,Afternoon (12PM-6PM),PAR,Non-Heinous,Public Order,Unlawful Assembly,False Case,14.56386,75.77038
5382,100050004202605382,Belagavi,4,2026-04-03,2026,4,9,Morning (6AM-12PM),FIR,Heinous,Crimes Against Body,Assault,Charge Sheeted,15.89517,74.46241
5383,100120001202205383,Vijayapura,1,2022-02-21,2022,2,23,Evening (6PM-12AM),FIR,Non-Heinous,Crimes Against Property,Theft,Under Investigation,16.81253,75.72388
5384,100020001202505384,Bengaluru Rural,1,2025-07-23,2025,7,6,Morning (6AM-12PM),PAR,Non-Heinous,Cyber Crime,Cyberstalking,Charge Sheeted,13.19424,77.58986
5385,100160004202505385,Udupi,4,2025-08-12,2025,8,9,Morning (6AM-12PM),FIR,Non-Heinous,Crimes Against Body,Murder,Charge Sheeted,13.31206,74.74559
5386,100010002202405386,Bengaluru City,2,2024-01-10,2024,1,14,Afternoon (12PM-6PM),FIR,Non-Heinous,Crimes Against Property,Theft,Closed,13.02228,77.64371
5387,100020001202505387,Bengaluru Rural,1,2025-05-21,2025,5,16,Afternoon (12PM-6PM),FIR,Non-Heinous,Crimes Against Body,Grievous Hurt,Charge Sheeted,13.27569,77.50663
5388,100020002202205388,Bengaluru Rural,2,2022-05-12,2022,5,22,Evening (6PM-12AM),FIR,Non-Heinous,Cyber Crime,Online Fraud,Under Investigation,13.39228,77.48432
5389,100010003202405389,Bengaluru City,3,2024-11-10,2024,11,21,Evening (6PM-12AM),PAR,Non-Heinous,Public Order,Unlawful Assembly,Under Investigation,12.92884,77.6042
5390,100240002202405390,Kodagu,2,2024-02-17,2024,2,9,Morning (6AM-12PM),FIR,Heinous,Crimes Against Body,Grievous Hurt,False Case,12.2473,75.76678
5391,100050003202605391,Belagavi,3,2026-10-26,2026,10,1,Night (12AM-6AM),FIR,Heinous,Crimes Against Women,Molestation,Charge Sheeted,15.99913,74.52063
5392,100060004202505392,Kalaburagi,4,2025-12-14,2025,12,9,Morning (6AM-12PM),FIR,Non-Heinous,Cyber Crime,Phishing,False Case,17.37268,76.71191
5393,100050004202505393,Belagavi,4,2025-06-21,2025,6,8,Morning (6AM-12PM),FIR,Heinous,Crimes Against Body,Murder,Charge Sheeted,15.81261,74.53431
5394,400050004202505394,Belagavi,4,2025-10-03,2025,10,0,Night (12AM-6AM),UDR,Non-Heinous,Crimes Against Property,Theft,Under Investigation,15.77232,74.42579
5395,100230002202205395,Chamarajanagar,2,2022-01-11,2022,1,11,Morning (6AM-12PM),FIR,Non-Heinous,Narcotics,NDPS Possession,Charge Sheeted,12.01012,76.9533
5396,100160002202505396,Udupi,2,2025-09-05,2025,9,5,Night (12AM-6AM),FIR,Heinous,Crimes Against Women,Domestic Violence,False Case,13.29051,74.75685
5397,100110003202305397,Davanagere,3,2023-03-16,2023,3,17,Afternoon (12PM-6PM),FIR,Non-Heinous,Crimes Against Property,Theft,Undetected,14.4363,75.93259
5398,100100002202205398,Shivamogga,2,2022-01-13,2022,1,4,Night (12AM-6AM),FIR,Heinous,Crimes Against Women,Sexual Assault,Under Investigation,13.9897,75.51981
5399,700120002202305399,Vijayapura,2,2023-02-09,2023,2,8,Morning (6AM-12PM),Zero FIR,Non-Heinous,Crimes Against Property,Theft,Under Investigation,16.89862,75.68263
5400,100130003202205400,Raichur,3,2022-02-16,2022,2,16,Afternoon (12PM-6PM),FIR,Non-Heinous,Crimes Against Property,Burglary,Closed,16.25264,77.31241
5401,100120003202605401,Vijayapura,3,2026-05-17,2026,5,18,Evening (6PM-12AM),FIR,Heinous,Crimes Against Women,Dowry Harassment,Under Investigation,16.68859,75.71976
5402,400040003202605402,Mangaluru (Dakshina Kannada),3,2026-09-10,2026,9,6,Morning (6AM-12PM),UDR,Heinous,Crimes Against Body,Assault,Charge Sheeted,12.94766,74.78264
5403,100020003202305403,Bengaluru Rural,3,2023-08-23,2023,8,14,Afternoon (12PM-6PM),FIR,Non-Heinous,Crimes Against Property,Theft,Charge Sheeted,13.25339,77.61269
5404,100130004202505404,Raichur,4,2025-11-24,2025,11,9,Morning (6AM-12PM),FIR,Non-Heinous,Crimes Against Women,Dowry Harassment,Under Investigation,16.17871,77.4709
5405,100280002202605405,Haveri,2,2026-02-14,2026,2,17,Afternoon (12PM-6PM),FIR,Heinous,Crimes Against Body,Murder,False Case,14.74224,75.42827
5406,100110004202405406,Davanagere,4,2024-12-22,2024,12,15,Afternoon (12PM-6PM),PAR,Non-Heinous,Crimes Against Body,Grievous Hurt,Charge Sheeted,14.52718,75.97601
5407,100020003202205407,Bengaluru Rural,3,2022-09-21,2022,9,5,Night (12AM-6AM),FIR,Non-Heinous,Economic Offences,Criminal Breach of Trust,Under Investigation,13.31685,77.51445
5408,100240002202505408,Kodagu,2,2025-05-09,2025,5,19,Evening (6PM-12AM),FIR,Non-Heinous,Crimes Against Women,Dowry Harassment,Closed,12.35769,75.77286
5409,100070002202505409,Hubballi-Dharwad,2,2025-02-15,2025,2,6,Morning (6AM-12PM),FIR,Non-Heinous,Crimes Against Body,Assault,Charge Sheeted,15.29513,75.19121
5410,100110003202405410,Davanagere,3,2024-10-09,2024,10,6,Morning (6AM-12PM),FIR,Non-Heinous,Economic Offences,Criminal Breach of Trust,Closed,14.49188,75.86628
5411,100060003202605411,Kalaburagi,3,2026-03-24,2026,3,7,Morning (6AM-12PM),FIR,Non-Heinous,Crimes Against Property,Robbery,Closed,17.27162,76.83172
5412,100250004202605412,Ramanagara,4,2026-08-25,2026,8,4,Night (12AM-6AM),FIR,Non-Heinous,Crimes Against Body,Grievous Hurt,Closed,12.79674,77.09407
5413,400050004202505413,Belagavi,4,2025-06-01,2025,6,17,Afternoon (12PM-6PM),UDR,Heinous,Crimes Against Women,Molestation,Charge Sheeted,15.82215,74.58859
5414,100050004202605414,Belagavi,4,2026-08-03,2026,8,23,Evening (6PM-12AM),FIR,Non-Heinous,Crimes Against Women,Dowry Harassment,False Case,15.9391,74.56997
5415,400020004202505415,Bengaluru Rural,4,2025-04-20,2025,4,2,Night (12AM-6AM),UDR,Non-Heinous,Economic Offences,Criminal Breach of Trust,False Case,13.33447,77.6263
5416,100240001202405416,Kodagu,1,2024-09-23,2024,9,16,Afternoon (12PM-6PM),FIR,Non-Heinous,Crimes Against Property,Dacoity,Charge Sheeted,12.24339,75.77359
5417,100220001202205417,Yadgir,1,2022-04-22,2022,4,23,Evening (6PM-12AM),FIR,Non-Heinous,Crimes Against Property,Theft,Undetected,16.75734,77.1512
5418,100020002202505418,Bengaluru Rural,2,2025-09-14,2025,9,4,Night (12AM-6AM),FIR,Non-Heinous,Crimes Against Women,Dowry Harassment,Charge Sheeted,13.30318,77.69745
5419,100080004202405419,Ballari,4,2024-03-14,2024,3,16,Afternoon (12PM-6PM),FIR,Non-Heinous,Economic Offences,Forgery,Under Investigation,15.22216,77.0089
5420,100050001202605420,Belagavi,1,2026-05-06,2026,5,10,Morning (6AM-12PM),FIR,Non-Heinous,Economic Offences,Cheating,Under Investigation,15.7296,74.54471
5421,100130003202505421,Raichur,3,2025-12-07,2025,12,12,Afternoon (12PM-6PM),FIR,Non-Heinous,Crimes Against Women,Molestation,Under Investigation,16.18427,77.38329
5422,100240001202305422,Kodagu,1,2023-06-26,2023,6,19,Evening (6PM-12AM),FIR,Non-Heinous,Crimes Against Body,Grievous Hurt,Charge Sheeted,12.25846,75.79854
5423,100160003202305423,Udupi,3,2023-11-06,2023,11,22,Evening (6PM-12AM),FIR,Non-Heinous,Crimes Against Property,Burglary,Charge Sheeted,13.34929,74.71414
5424,100050002202205424,Belagavi,2,2022-03-15,2022,3,3,Night (12AM-6AM),FIR,Non-Heinous,Crimes Against Property,Dacoity,False Case,15.84652,74.5396
5425,100140001202605425,Bidar,1,2026-06-18,2026,6,21,Evening (6PM-12AM),FIR,Non-Heinous,Public Order,Rioting,Undetected,17.88869,77.46118
5426,100020004202505426,Bengaluru Rural,4,2025-05-01,2025,5,1,Night (12AM-6AM),FIR,Non-Heinous,Crimes Against Property,Theft,Charge Sheeted,13.30406,77.63014
5427,100050001202405427,Belagavi,1,2024-02-11,2024,2,8,Morning (6AM-12PM),FIR,Non-Heinous,Cyber Crime,Identity Theft,Undetected,15.84092,74.53698
5428,100210002202505428,Koppal,2,2025-06-19,2025,6,17,Afternoon (12PM-6PM),FIR,Non-Heinous,Crimes Against Body,Attempt to Murder,Closed,15.34604,76.17592
5429,100090001202205429,Tumakuru,1,2022-04-23,2022,4,22,Evening (6PM-12AM),FIR,Non-Heinous,Crimes Against Body,Assault,Closed,13.34439,77.03313
5430,700280002202205430,Haveri,2,2022-10-18,2022,10,20,Evening (6PM-12AM),Zero FIR,Heinous,Crimes Against Women,Molestation,Under Investigation,14.78942,75.37004
5431,700020004202205431,Bengaluru Rural,4,2022-10-13,2022,10,15,Afternoon (12PM-6PM),Zero FIR,Non-Heinous,Crimes Against Property,Dacoity,Under Investigation,13.23426,77.60093
5432,100050004202305432,Belagavi,4,2023-03-01,2023,3,19,Evening (6PM-12AM),FIR,Non-Heinous,Crimes Against Property,Theft,Undetected,15.77788,74.44667
5433,100050001202405433,Belagavi,1,2024-10-09,2024,10,5,Night (12AM-6AM),FIR,Non-Heinous,Crimes Against Property,Robbery,Closed,15.8378,74.45226
5434,100040002202305434,Mangaluru (Dakshina Kannada),2,2023-02-18,2023,2,15,Afternoon (12PM-6PM),FIR,Non-Heinous,Crimes Against Property,Theft,Under Investigation,12.86079,74.79485
5435,100040001202305435,Mangaluru (Dakshina Kannada),1,2023-12-27,2023,12,16,Afternoon (12PM-6PM),FIR,Non-Heinous,Cyber Crime,Online Fraud,Charge Sheeted,12.85635,74.96341
5436,100010002202505436,Bengaluru City,2,2025-06-03,2025,6,2,Night (12AM-6AM),FIR,Non-Heinous,Crimes Against Body,Murder,Charge Sheeted,12.91437,77.61751
5437,700070001202505437,Hubballi-Dharwad,1,2025-07-11,2025,7,6,Morning (6AM-12PM),Zero FIR,Non-Heinous,Crimes Against Property,Theft,Undetected,15.43463,75.08533
5438,100090004202605438,Tumakuru,4,2026-01-15,2026,1,0,Night (12AM-6AM),PAR,Non-Heinous,Crimes Against Women,Molestation,Under Investigation,13.33925,77.25763
5439,100110001202505439,Davanagere,1,2025-03-20,2025,3,4,Night (12AM-6AM),FIR,Heinous,Crimes Against Body,Murder,Under Investigation,14.45387,75.89453
5440,100190001202605440,Hassan,1,2026-11-04,2026,11,10,Morning (6AM-12PM),FIR,Non-Heinous,Narcotics,NDPS Trafficking,False Case,13.16347,76.17577
5441,700070002202605441,Hubballi-Dharwad,2,2026-02-13,2026,2,8,Morning (6AM-12PM),Zero FIR,Non-Heinous,Crimes Against Body,Grievous Hurt,Charge Sheeted,15.38939,75.17029
5442,700030003202605442,Mysuru,3,2026-11-22,2026,11,15,Afternoon (12PM-6PM),Zero FIR,Non-Heinous,Crimes Against Property,Theft,Charge Sheeted,12.24503,76.63763
5443,100020001202205443,Bengaluru Rural,1,2022-02-05,2022,2,2,Night (12AM-6AM),FIR,Non-Heinous,Crimes Against Women,Molestation,Charge Sheeted,13.29015,77.61918
5444,700190004202405444,Hassan,4,2024-06-11,2024,6,15,Afternoon (12PM-6PM),Zero FIR,Non-Heinous,Cyber Crime,Identity Theft,Closed,12.94503,76.03023
5445,100040002202205445,Mangaluru (Dakshina Kannada),2,2022-10-17,2022,10,6,Morning (6AM-12PM),FIR,Non-Heinous,Crimes Against Women,Molestation,Closed,12.92047,74.869
5446,100110001202405446,Davanagere,1,2024-01-07,2024,1,22,Evening (6PM-12AM),PAR,Heinous,Narcotics,NDPS Possession,Closed,14.49126,76.01253
5447,100210004202505447,Koppal,4,2025-05-27,2025,5,6,Morning (6AM-12PM),FIR,Non-Heinous,Crimes Against Property,Burglary,False Case,15.38586,76.00098
5448,100040004202405448,Mangaluru (Dakshina Kannada),4,2024-05-21,2024,5,0,Night (12AM-6AM),FIR,Heinous,Narcotics,NDPS Possession,Closed,12.88941,75.03237
5449,100080002202505449,Ballari,2,2025-09-24,2025,9,19,Evening (6PM-12AM),PAR,Heinous,Crimes Against Body,Murder,Under Investigation,15.16324,76.92922
5450,700040001202205450,Mangaluru (Dakshina Kannada),1,2022-01-09,2022,1,21,Evening (6PM-12AM),Zero FIR,Non-Heinous,Crimes Against Body,Attempt to Murder,False Case,12.91593,74.82208
5451,100090002202605451,Tumakuru,2,2026-02-04,2026,2,9,Morning (6AM-12PM),PAR,Non-Heinous,Crimes Against Property,Theft,Charge Sheeted,13.32397,77.1181
5452,100090002202605452,Tumakuru,2,2026-12-13,2026,12,22,Evening (6PM-12AM),PAR,Heinous,Crimes Against Women,Dowry Harassment,Under Investigation,13.35506,77.04578
5453,100020004202605453,Bengaluru Rural,4,2026-11-02,2026,11,13,Afternoon (12PM-6PM),FIR,Heinous,Crimes Against Women,Sexual Assault,Undetected,13.2397,77.47066
5454,100130002202405454,Raichur,2,2024-01-02,2024,1,0,Night (12AM-6AM),FIR,Non-Heinous,Crimes Against Property,Burglary,Undetected,16.28944,77.33031
5455,100050002202305455,Belagavi,2,2023-10-17,2023,10,8,Morning (6AM-12PM),FIR,Non-Heinous,Crimes Against Body,Grievous Hurt,Under Investigation,15.86911,74.45456
5456,100190004202305456,Hassan,4,2023-03-06,2023,3,6,Morning (6AM-12PM),FIR,Non-Heinous,Crimes Against Property,Burglary,Charge Sheeted,12.93663,76.22348
5457,100050002202605457,Belagavi,2,2026-04-25,2026,4,10,Morning (6AM-12PM),FIR,Non-Heinous,Crimes Against Property,Robbery,Under Investigation,15.75569,74.50361
5458,100040002202205458,Mangaluru (Dakshina Kannada),2,2022-09-16,2022,9,8,Morning (6AM-12PM),FIR,Non-Heinous,Crimes Against Property,Robbery,Charge Sheeted,13.01416,74.90795
5459,100250003202205459,Ramanagara,3,2022-08-25,2022,8,18,Evening (6PM-12AM),PAR,Non-Heinous,Crimes Against Property,Dacoity,Charge Sheeted,12.68236,77.33981
5460,100010004202605460,Bengaluru City,4,2026-05-13,2026,5,17,Afternoon (12PM-6PM),FIR,Non-Heinous,Crimes Against Property,Theft,Charge Sheeted,12.87854,77.51842
5461,100020001202505461,Bengaluru Rural,1,2025-09-23,2025,9,14,Afternoon (12PM-6PM),FIR,Non-Heinous,Crimes Against Women,Sexual Assault,Under Investigation,13.36748,77.53058
5462,100300004202505462,Uttara Kannada,4,2025-07-23,2025,7,12,Afternoon (12PM-6PM),FIR,Non-Heinous,Crimes Against Property,Dacoity,Undetected,14.79976,74.68492
5463,100140004202305463,Bidar,4,2023-05-23,2023,5,21,Evening (6PM-12AM),FIR,Non-Heinous,Crimes Against Property,Dacoity,Closed,17.92274,77.52758
5464,100290001202205464,Gadag,1,2022-01-19,2022,1,2,Night (12AM-6AM),FIR,Heinous,Crimes Against Body,Assault,Under Investigation,15.36609,75.64228
5465,100110004202405465,Davanagere,4,2024-03-19,2024,3,9,Morning (6AM-12PM),FIR,Heinous,Crimes Against Women,Molestation,Charge Sheeted,14.63114,75.92657
5466,100230001202405466,Chamarajanagar,1,2024-09-22,2024,9,17,Afternoon (12PM-6PM),FIR,Non-Heinous,Economic Offences,Forgery,Undetected,11.76896,76.96413
5467,100110001202505467,Davanagere,1,2025-08-11,2025,8,23,Evening (6PM-12AM),PAR,Non-Heinous,Crimes Against Women,Domestic Violence,Charge Sheeted,14.61156,76.01497
5468,100160002202305468,Udupi,2,2023-07-15,2023,7,16,Afternoon (12PM-6PM),FIR,Non-Heinous,Crimes Against Property,Robbery,Closed,13.31733,74.75659
5469,100160001202605469,Udupi,1,2026-09-13,2026,9,14,Afternoon (12PM-6PM),FIR,Non-Heinous,Cyber Crime,Phishing,Under Investigation,13.38077,74.62818
5470,100050004202405470,Belagavi,4,2024-12-06,2024,12,16,Afternoon (12PM-6PM),FIR,Heinous,Crimes Against Women,Dowry Harassment,Charge Sheeted,15.88694,74.40819
5471,100140002202305471,Bidar,2,2023-04-21,2023,4,7,Morning (6AM-12PM),FIR,Non-Heinous,Economic Offences,Cheating,Charge Sheeted,17.9239,77.45758
5472,400050003202205472,Belagavi,3,2022-09-16,2022,9,22,Evening (6PM-12AM),UDR,Non-Heinous,Crimes Against Women,Domestic Violence,Charge Sheeted,15.83714,74.52662
5473,100030002202305473,Mysuru,2,2023-02-25,2023,2,15,Afternoon (12PM-6PM),FIR,Non-Heinous,Crimes Against Body,Grievous Hurt,Under Investigation,12.38799,76.59455
5474,100220003202505474,Yadgir,3,2025-04-25,2025,4,21,Evening (6PM-12AM),FIR,Non-Heinous,Crimes Against Property,Burglary,Under Investigation,16.67251,77.08827
5475,700010003202605475,Bengaluru City,3,2026-05-27,2026,5,22,Evening (6PM-12AM),Zero FIR,Non-Heinous,Crimes Against Property,Robbery,Charge Sheeted,13.00045,77.54134
5476,400040001202305476,Mangaluru (Dakshina Kannada),1,2023-02-21,2023,2,19,Evening (6PM-12AM),UDR,Non-Heinous,Economic Offences,Cheating,Under Investigation,12.93025,74.95463
5477,400250003202605477,Ramanagara,3,2026-07-17,2026,7,22,Evening (6PM-12AM),UDR,Heinous,Crimes Against Body,Assault,Closed,12.66062,77.25269
5478,400090001202405478,Tumakuru,1,2024-01-04,2024,1,9,Morning (6AM-12PM),UDR,Non-Heinous,Crimes Against Property,Dacoity,Under Investigation,13.35677,76.97435
5479,100240001202605479,Kodagu,1,2026-12-12,2026,12,23,Evening (6PM-12AM),FIR,Non-Heinous,Crimes Against Property,Burglary,Charge Sheeted,12.35018,75.72614
5480,100210003202405480,Koppal,3,2024-10-21,2024,10,20,Evening (6PM-12AM),FIR,Non-Heinous,Crimes Against Body,Attempt to Murder,Closed,15.35216,76.13992
5481,100080003202305481,Ballari,3,2023-07-18,2023,7,16,Afternoon (12PM-6PM),FIR,Non-Heinous,Cyber Crime,Phishing,Closed,15.10486,76.84075
5482,100030003202405482,Mysuru,3,2024-11-12,2024,11,15,Afternoon (12PM-6PM),FIR,Non-Heinous,Crimes Against Property,Dacoity,False Case,12.30753,76.59793
5483,100070002202205483,Hubballi-Dharwad,2,2022-07-03,2022,7,13,Afternoon (12PM-6PM),FIR,Non-Heinous,Crimes Against Body,Grievous Hurt,Charge Sheeted,15.3549,75.09635
5484,100020002202205484,Bengaluru Rural,2,2022-08-18,2022,8,4,Night (12AM-6AM),FIR,Heinous,Crimes Against Women,Molestation,Closed,13.38305,77.5974
5485,100030001202605485,Mysuru,1,2026-04-24,2026,4,18,Evening (6PM-12AM),FIR,Non-Heinous,Crimes Against Property,Dacoity,Charge Sheeted,12.27355,76.65204
5486,100080002202605486,Ballari,2,2026-08-21,2026,8,21,Evening (6PM-12AM),PAR,Non-Heinous,Crimes Against Property,Theft,Charge Sheeted,15.09965,76.95746
5487,100100003202405487,Shivamogga,3,2024-09-23,2024,9,1,Night (12AM-6AM),FIR,Non-Heinous,Cyber Crime,Online Fraud,Charge Sheeted,13.86185,75.67604
5488,100160004202505488,Udupi,4,2025-03-11,2025,3,20,Evening (6PM-12AM),FIR,Non-Heinous,Crimes Against Women,Sexual Assault,Under Investigation,13.30528,74.7777
5489,100140001202505489,Bidar,1,2025-09-01,2025,9,11,Morning (6AM-12PM),FIR,Non-Heinous,Narcotics,NDPS Possession,Charge Sheeted,17.90393,77.55883
5490,700240001202305490,Kodagu,1,2023-11-23,2023,11,6,Morning (6AM-12PM),Zero FIR,Non-Heinous,Economic Offences,Cheating,Charge Sheeted,12.31741,75.78066
5491,100010001202605491,Bengaluru City,1,2026-07-09,2026,7,22,Evening (6PM-12AM),FIR,Non-Heinous,Crimes Against Property,Dacoity,Undetected,13.0171,77.54589
5492,100020004202205492,Bengaluru Rural,4,2022-01-17,2022,1,8,Morning (6AM-12PM),FIR,Heinous,Crimes Against Body,Grievous Hurt,Charge Sheeted,13.32654,77.57832
5493,100090004202405493,Tumakuru,4,2024-09-03,2024,9,2,Night (12AM-6AM),FIR,Heinous,Crimes Against Women,Dowry Harassment,Under Investigation,13.37059,77.06673
5494,100060003202205494,Kalaburagi,3,2022-05-03,2022,5,7,Morning (6AM-12PM),FIR,Non-Heinous,Crimes Against Property,Theft,False Case,17.30543,76.86952
5495,100090002202605495,Tumakuru,2,2026-05-10,2026,5,0,Night (12AM-6AM),FIR,Non-Heinous,Crimes Against Property,Dacoity,Under Investigation,13.32651,77.14091
5496,100050003202205496,Belagavi,3,2022-07-24,2022,7,2,Night (12AM-6AM),FIR,Non-Heinous,Narcotics,NDPS Possession,Closed,15.82906,74.52493
5497,100050001202505497,Belagavi,1,2025-07-05,2025,7,17,Afternoon (12PM-6PM),FIR,Non-Heinous,Crimes Against Property,Robbery,False Case,15.81982,74.50583
5498,700130004202205498,Raichur,4,2022-01-06,2022,1,20,Evening (6PM-12AM),Zero FIR,Non-Heinous,Economic Offences,Forgery,Closed,16.18324,77.34705
5499,100040003202605499,Mangaluru (Dakshina Kannada),3,2026-05-22,2026,5,23,Evening (6PM-12AM),FIR,Non-Heinous,Crimes Against Property,Robbery,Closed,12.90442,74.84595
5500,100150003202605500,Chikkamagaluru,3,2026-12-07,2026,12,1,Night (12AM-6AM),FIR,Non-Heinous,Crimes Against Body,Grievous Hurt,Undetected,13.30544,75.89548
5501,100010001202605501,Bengaluru City,1,2026-12-20,2026,12,5,Night (12AM-6AM),FIR,Non-Heinous,Economic Offences,Criminal Breach of Trust,Undetected,12.92683,77.62153
5502,100250001202505502,Ramanagara,1,2025-03-03,2025,3,15,Afternoon (12PM-6PM),FIR,Non-Heinous,Cyber Crime,Identity Theft,Charge Sheeted,12.73152,77.30566
5503,100190003202505503,Hassan,3,2025-03-25,2025,3,14,Afternoon (12PM-6PM),FIR,Non-Heinous,Economic Offences,Cheating,Charge Sheeted,13.00511,76.21371
5504,100200004202205504,Chitradurga,4,2022-03-11,2022,3,13,Afternoon (12PM-6PM),FIR,Non-Heinous,Crimes Against Body,Assault,False Case,14.16178,76.40331
5505,100100002202405505,Shivamogga,2,2024-11-14,2024,11,6,Morning (6AM-12PM),FIR,Non-Heinous,Economic Offences,Cheating,Closed,13.89103,75.59626
5506,100040002202305506,Mangaluru (Dakshina Kannada),2,2023-10-26,2023,10,9,Morning (6AM-12PM),FIR,Non-Heinous,Cyber Crime,Phishing,Charge Sheeted,12.83157,74.95195
5507,100050003202405507,Belagavi,3,2024-04-02,2024,4,3,Night (12AM-6AM),FIR,Non-Heinous,Cyber Crime,Cyberstalking,Closed,15.73728,74.55615
5508,100200004202305508,Chitradurga,4,2023-03-17,2023,3,15,Afternoon (12PM-6PM),FIR,Non-Heinous,Economic Offences,Criminal Breach of Trust,Closed,14.29161,76.37
5509,400230002202505509,Chamarajanagar,2,2025-01-19,2025,1,23,Evening (6PM-12AM),UDR,Non-Heinous,Crimes Against Women,Domestic Violence,False Case,11.89764,76.98271
5510,700140001202205510,Bidar,1,2022-04-22,2022,4,7,Morning (6AM-12PM),Zero FIR,Non-Heinous,Economic Offences,Cheating,Under Investigation,17.78889,77.55639
5511,100210003202305511,Koppal,3,2023-11-21,2023,11,14,Afternoon (12PM-6PM),FIR,Non-Heinous,Crimes Against Property,Robbery,Charge Sheeted,15.37235,76.16596
5512,100130003202305512,Raichur,3,2023-11-01,2023,11,6,Morning (6AM-12PM),FIR,Non-Heinous,Crimes Against Women,Molestation,Charge Sheeted,16.32977,77.48525
5513,100060002202605513,Kalaburagi,2,2026-09-14,2026,9,17,Afternoon (12PM-6PM),FIR,Non-Heinous,Public Order,Rioting,Under Investigation,17.38414,76.93667
5514,100170004202205514,Kolar,4,2022-11-22,2022,11,19,Evening (6PM-12AM),FIR,Non-Heinous,Crimes Against Women,Dowry Harassment,Under Investigation,13.14975,78.1138
5515,100230004202605515,Chamarajanagar,4,2026-11-08,2026,11,9,Morning (6AM-12PM),FIR,Non-Heinous,Crimes Against Property,Theft,Undetected,11.93388,76.97615
5516,100230003202405516,Chamarajanagar,3,2024-10-22,2024,10,16,Afternoon (12PM-6PM),FIR,Non-Heinous,Economic Offences,Cheating,Under Investigation,11.90884,76.99268
5517,100190003202605517,Hassan,3,2026-06-08,2026,6,14,Afternoon (12PM-6PM),FIR,Non-Heinous,Economic Offences,Forgery,Charge Sheeted,12.96884,76.08938
5518,100120001202205518,Vijayapura,1,2022-02-05,2022,2,10,Morning (6AM-12PM),FIR,Non-Heinous,Crimes Against Property,Burglary,Charge Sheeted,16.81279,75.59445
5519,100190001202205519,Hassan,1,2022-02-26,2022,2,12,Afternoon (12PM-6PM),FIR,Non-Heinous,Crimes Against Property,Dacoity,Charge Sheeted,12.99174,76.03545
5520,100040003202405520,Mangaluru (Dakshina Kannada),3,2024-03-24,2024,3,6,Morning (6AM-12PM),FIR,Non-Heinous,Crimes Against Property,Dacoity,Under Investigation,12.8554,74.97042
5521,700090004202505521,Tumakuru,4,2025-06-09,2025,6,1,Night (12AM-6AM),Zero FIR,Heinous,Crimes Against Body,Murder,Closed,13.27138,77.11498
5522,100230001202405522,Chamarajanagar,1,2024-06-08,2024,6,11,Morning (6AM-12PM),FIR,Heinous,Crimes Against Body,Attempt to Murder,Under Investigation,11.98905,76.94919
5523,100290003202505523,Gadag,3,2025-01-04,2025,1,1,Night (12AM-6AM),FIR,Non-Heinous,Cyber Crime,Phishing,Closed,15.44473,75.65584
5524,100010002202505524,Bengaluru City,2,2025-03-08,2025,3,3,Night (12AM-6AM),FIR,Non-Heinous,Crimes Against Property,Theft,Closed,12.91911,77.56041
5525,100020004202605525,Bengaluru Rural,4,2026-12-09,2026,12,17,Afternoon (12PM-6PM),FIR,Non-Heinous,Crimes Against Property,Robbery,Under Investigation,13.26616,77.65714
5526,100050003202505526,Belagavi,3,2025-05-17,2025,5,17,Afternoon (12PM-6PM),PAR,Non-Heinous,Crimes Against Women,Sexual Assault,False Case,15.8824,74.44272
5527,100020003202605527,Bengaluru Rural,3,2026-02-18,2026,2,4,Night (12AM-6AM),FIR,Non-Heinous,Crimes Against Women,Domestic Violence,Undetected,13.31409,77.59829
5528,100120003202605528,Vijayapura,3,2026-03-24,2026,3,10,Morning (6AM-12PM),FIR,Non-Heinous,Crimes Against Body,Assault,Under Investigation,16.79624,75.72217
5529,100230001202505529,Chamarajanagar,1,2025-11-16,2025,11,5,Night (12AM-6AM),FIR,Non-Heinous,Crimes Against Women,Molestation,Charge Sheeted,11.89724,76.80762
5530,100110003202605530,Davanagere,3,2026-09-23,2026,9,8,Morning (6AM-12PM),PAR,Non-Heinous,Crimes Against Property,Dacoity,Closed,14.50799,75.9791
5531,100140002202605531,Bidar,2,2026-02-09,2026,2,4,Night (12AM-6AM),FIR,Non-Heinous,Crimes Against Body,Assault,Charge Sheeted,17.93768,77.52804
5532,100020002202305532,Bengaluru Rural,2,2023-11-23,2023,11,21,Evening (6PM-12AM),FIR,Non-Heinous,Crimes Against Body,Murder,Under Investigation,13.25289,77.63331
5533,100040003202305533,Mangaluru (Dakshina Kannada),3,2023-09-24,2023,9,14,Afternoon (12PM-6PM),FIR,Heinous,Crimes Against Women,Molestation,Closed,12.88202,74.81743
5534,100090004202505534,Tumakuru,4,2025-12-27,2025,12,16,Afternoon (12PM-6PM),FIR,Heinous,Narcotics,NDPS Trafficking,Under Investigation,13.38126,77.15723
5535,100020002202505535,Bengaluru Rural,2,2025-11-07,2025,11,23,Evening (6PM-12AM),FIR,Heinous,Crimes Against Women,Molestation,Closed,13.18021,77.6117
5536,100220001202605536,Yadgir,1,2026-12-04,2026,12,10,Morning (6AM-12PM),FIR,Non-Heinous,Economic Offences,Criminal Breach of Trust,Charge Sheeted,16.72704,77.20267
5537,100050004202405537,Belagavi,4,2024-01-01,2024,1,6,Morning (6AM-12PM),FIR,Non-Heinous,Crimes Against Women,Molestation,Charge Sheeted,15.85199,74.44911
5538,100050003202405538,Belagavi,3,2024-02-02,2024,2,3,Night (12AM-6AM),FIR,Non-Heinous,Crimes Against Property,Dacoity,Under Investigation,15.83801,74.39733
5539,100190003202505539,Hassan,3,2025-12-24,2025,12,12,Afternoon (12PM-6PM),FIR,Non-Heinous,Crimes Against Women,Dowry Harassment,Charge Sheeted,12.95791,76.02405
5540,100050002202505540,Belagavi,2,2025-12-19,2025,12,16,Afternoon (12PM-6PM),FIR,Heinous,Crimes Against Women,Sexual Assault,False Case,15.83444,74.50382
5541,100110001202205541,Davanagere,1,2022-12-05,2022,12,18,Evening (6PM-12AM),FIR,Heinous,Crimes Against Women,Domestic Violence,False Case,14.45325,75.91693
5542,100180003202405542,Mandya,3,2024-06-16,2024,6,8,Morning (6AM-12PM),FIR,Non-Heinous,Economic Offences,Criminal Breach of Trust,Under Investigation,12.52957,76.84522
5543,700180004202605543,Mandya,4,2026-05-04,2026,5,20,Evening (6PM-12AM),Zero FIR,Heinous,Crimes Against Women,Sexual Assault,Undetected,12.50721,77.00363
5544,100270002202505544,Bagalkot,2,2025-08-10,2025,8,23,Evening (6PM-12AM),FIR,Non-Heinous,Economic Offences,Criminal Breach of Trust,False Case,16.1542,75.55702
5545,100140004202405545,Bidar,4,2024-03-15,2024,3,15,Afternoon (12PM-6PM),FIR,Non-Heinous,Crimes Against Property,Burglary,Charge Sheeted,17.83591,77.51983
5546,400190003202605546,Hassan,3,2026-07-03,2026,7,18,Evening (6PM-12AM),UDR,Non-Heinous,Crimes Against Property,Dacoity,Under Investigation,13.07142,75.94088
5547,100110003202205547,Davanagere,3,2022-03-24,2022,3,16,Afternoon (12PM-6PM),FIR,Non-Heinous,Crimes Against Body,Assault,Charge Sheeted,14.51899,75.91894
5548,100050001202305548,Belagavi,1,2023-04-07,2023,4,3,Night (12AM-6AM),FIR,Non-Heinous,Crimes Against Property,Theft,Undetected,15.83636,74.47709
5549,100070003202505549,Hubballi-Dharwad,3,2025-01-26,2025,1,6,Morning (6AM-12PM),FIR,Heinous,Crimes Against Body,Attempt to Murder,Charge Sheeted,15.45406,75.14069
5550,100170001202205550,Kolar,1,2022-01-02,2022,1,14,Afternoon (12PM-6PM),FIR,Non-Heinous,Crimes Against Property,Dacoity,Undetected,13.17682,78.16954
5551,100220003202405551,Yadgir,3,2024-10-14,2024,10,22,Evening (6PM-12AM),PAR,Heinous,Crimes Against Women,Dowry Harassment,Under Investigation,16.74363,77.17816
5552,100020004202605552,Bengaluru Rural,4,2026-02-27,2026,2,4,Night (12AM-6AM),FIR,Heinous,Crimes Against Women,Sexual Assault,Charge Sheeted,13.33432,77.5904
5553,100110003202505553,Davanagere,3,2025-06-16,2025,6,7,Morning (6AM-12PM),FIR,Heinous,Crimes Against Women,Domestic Violence,Undetected,14.51258,75.98846
5554,100030001202605554,Mysuru,1,2026-01-22,2026,1,20,Evening (6PM-12AM),FIR,Heinous,Crimes Against Body,Assault,Charge Sheeted,12.30625,76.54887
5555,100160002202405555,Udupi,2,2024-05-13,2024,5,1,Night (12AM-6AM),FIR,Non-Heinous,Crimes Against Women,Molestation,Charge Sheeted,13.36025,74.88424
5556,700130002202405556,Raichur,2,2024-11-21,2024,11,16,Afternoon (12PM-6PM),Zero FIR,Non-Heinous,Public Order,Unlawful Assembly,False Case,16.19473,77.37346
5557,100130002202605557,Raichur,2,2026-02-02,2026,2,9,Morning (6AM-12PM),FIR,Non-Heinous,Crimes Against Property,Dacoity,False Case,16.21193,77.33949
5558,100050001202205558,Belagavi,1,2022-12-12,2022,12,15,Afternoon (12PM-6PM),FIR,Non-Heinous,Crimes Against Women,Dowry Harassment,Under Investigation,15.76394,74.56926
5559,100010003202405559,Bengaluru City,3,2024-10-23,2024,10,17,Afternoon (12PM-6PM),FIR,Non-Heinous,Crimes Against Property,Burglary,Under Investigation,13.11616,77.4912
5560,700040001202305560,Mangaluru (Dakshina Kannada),1,2023-02-05,2023,2,18,Evening (6PM-12AM),Zero FIR,Non-Heinous,Crimes Against Women,Sexual Assault,Undetected,12.87058,74.76715
5561,100030003202405561,Mysuru,3,2024-09-20,2024,9,7,Morning (6AM-12PM),FIR,Heinous,Crimes Against Body,Murder,Under Investigation,12.3902,76.66059
5562,100250004202605562,Ramanagara,4,2026-01-03,2026,1,16,Afternoon (12PM-6PM),FIR,Non-Heinous,Crimes Against Women,Molestation,Under Investigation,12.66354,77.24017
5563,700300004202405563,Uttara Kannada,4,2024-12-14,2024,12,17,Afternoon (12PM-6PM),Zero FIR,Non-Heinous,Economic Offences,Criminal Breach of Trust,Charge Sheeted,14.80843,74.68273
5564,100160003202605564,Udupi,3,2026-01-08,2026,1,7,Morning (6AM-12PM),FIR,Non-Heinous,Crimes Against Property,Burglary,Under Investigation,13.37729,74.76036
5565,400170002202605565,Kolar,2,2026-06-12,2026,6,7,Morning (6AM-12PM),UDR,Non-Heinous,Cyber Crime,Phishing,Charge Sheeted,13.10944,78.07632
5566,100020002202405566,Bengaluru Rural,2,2024-10-20,2024,10,5,Night (12AM-6AM),FIR,Non-Heinous,Crimes Against Women,Domestic Violence,Under Investigation,13.22035,77.53506
5567,100130003202205567,Raichur,3,2022-09-20,2022,9,5,Night (12AM-6AM),FIR,Non-Heinous,Crimes Against Women,Molestation,Charge Sheeted,16.15795,77.33072
5568,100140003202405568,Bidar,3,2024-11-20,2024,11,23,Evening (6PM-12AM),FIR,Non-Heinous,Crimes Against Women,Dowry Harassment,Closed,17.76859,77.5239
5569,100090004202205569,Tumakuru,4,2022-12-04,2022,12,23,Evening (6PM-12AM),FIR,Non-Heinous,Crimes Against Property,Theft,Undetected,13.30073,77.02442
5570,100090003202605570,Tumakuru,3,2026-05-26,2026,5,18,Evening (6PM-12AM),FIR,Non-Heinous,Crimes Against Property,Burglary,Under Investigation,13.31124,77.20386
5571,100010004202305571,Bengaluru City,4,2023-05-10,2023,5,14,Afternoon (12PM-6PM),FIR,Non-Heinous,Economic Offences,Forgery,Closed,12.92717,77.49292
5572,700190001202405572,Hassan,1,2024-01-14,2024,1,3,Night (12AM-6AM),Zero FIR,Non-Heinous,Cyber Crime,Online Fraud,Charge Sheeted,13.10326,76.10342
5573,100250004202205573,Ramanagara,4,2022-01-15,2022,1,3,Night (12AM-6AM),FIR,Non-Heinous,Crimes Against Property,Burglary,False Case,12.65493,77.26027
5574,100020004202605574,Bengaluru Rural,4,2026-02-22,2026,2,20,Evening (6PM-12AM),PAR,Heinous,Crimes Against Women,Molestation,Under Investigation,13.32874,77.71188
5575,100040002202305575,Mangaluru (Dakshina Kannada),2,2023-01-27,2023,1,10,Morning (6AM-12PM),FIR,Non-Heinous,Narcotics,NDPS Trafficking,Closed,12.83694,74.87927
5576,100220003202305576,Yadgir,3,2023-10-25,2023,10,8,Morning (6AM-12PM),FIR,Non-Heinous,Crimes Against Women,Molestation,Closed,16.72483,77.16005
5577,100250004202305577,Ramanagara,4,2023-09-25,2023,9,9,Morning (6AM-12PM),FIR,Non-Heinous,Crimes Against Property,Burglary,Under Investigation,12.61045,77.36595
5578,700160002202405578,Udupi,2,2024-08-21,2024,8,12,Afternoon (12PM-6PM),Zero FIR,Non-Heinous,Narcotics,NDPS Trafficking,Under Investigation,13.43387,74.79194
5579,100230001202605579,Chamarajanagar,1,2026-12-18,2026,12,21,Evening (6PM-12AM),FIR,Non-Heinous,Crimes Against Property,Burglary,Under Investigation,12.04437,77.00058
5580,100090001202605580,Tumakuru,1,2026-03-12,2026,3,12,Afternoon (12PM-6PM),FIR,Non-Heinous,Economic Offences,Forgery,Closed,13.32403,77.16012
5581,100050001202405581,Belagavi,1,2024-03-26,2024,3,8,Morning (6AM-12PM),FIR,Non-Heinous,Crimes Against Property,Theft,Closed,15.95334,74.54957
5582,100110001202505582,Davanagere,1,2025-04-09,2025,4,14,Afternoon (12PM-6PM),FIR,Non-Heinous,Crimes Against Women,Dowry Harassment,Closed,14.33175,75.84935
5583,100030001202405583,Mysuru,1,2024-07-26,2024,7,8,Morning (6AM-12PM),FIR,Non-Heinous,Crimes Against Property,Dacoity,False Case,12.33473,76.70774
5584,100110003202505584,Davanagere,3,2025-12-03,2025,12,18,Evening (6PM-12AM),FIR,Non-Heinous,Economic Offences,Criminal Breach of Trust,Charge Sheeted,14.28404,76.00375
5585,100230001202505585,Chamarajanagar,1,2025-10-15,2025,10,19,Evening (6PM-12AM),FIR,Non-Heinous,Public Order,Rioting,Charge Sheeted,11.8113,76.8727
5586,700010001202505586,Bengaluru City,1,2025-04-22,2025,4,21,Evening (6PM-12AM),Zero FIR,Non-Heinous,Cyber Crime,Online Fraud,Under Investigation,12.96254,77.63601
5587,100200002202605587,Chitradurga,2,2026-05-11,2026,5,10,Morning (6AM-12PM),FIR,Heinous,Crimes Against Women,Molestation,False Case,14.20111,76.39217
5588,400130001202505588,Raichur,1,2025-05-25,2025,5,4,Night (12AM-6AM),UDR,Non-Heinous,Cyber Crime,Identity Theft,Charge Sheeted,16.26978,77.40312
5589,700060004202505589,Kalaburagi,4,2025-12-16,2025,12,5,Night (12AM-6AM),Zero FIR,Heinous,Crimes Against Women,Molestation,Under Investigation,17.2311,76.87541
5590,100080004202605590,Ballari,4,2026-05-24,2026,5,7,Morning (6AM-12PM),FIR,Non-Heinous,Crimes Against Women,Domestic Violence,Charge Sheeted,15.16057,76.99579
5591,100020001202605591,Bengaluru Rural,1,2026-12-14,2026,12,18,Evening (6PM-12AM),FIR,Non-Heinous,Crimes Against Body,Assault,Undetected,13.33909,77.56337
5592,100110003202205592,Davanagere,3,2022-03-04,2022,3,16,Afternoon (12PM-6PM),FIR,Non-Heinous,Crimes Against Women,Sexual Assault,Under Investigation,14.3686,75.93055
5593,100020002202605593,Bengaluru Rural,2,2026-02-05,2026,2,20,Evening (6PM-12AM),FIR,Non-Heinous,Crimes Against Body,Attempt to Murder,Charge Sheeted,13.16973,77.55333
5594,100240004202505594,Kodagu,4,2025-05-08,2025,5,8,Morning (6AM-12PM),FIR,Heinous,Crimes Against Body,Assault,False Case,12.32817,75.92271
5595,100010003202405595,Bengaluru City,3,2024-09-27,2024,9,14,Afternoon (12PM-6PM),FIR,Heinous,Crimes Against Women,Sexual Assault,Undetected,13.00579,77.54916
5596,100040001202605596,Mangaluru (Dakshina Kannada),1,2026-05-10,2026,5,13,Afternoon (12PM-6PM),FIR,Heinous,Crimes Against Body,Attempt to Murder,Under Investigation,12.90144,74.95185
5597,700160003202305597,Udupi,3,2023-10-07,2023,10,3,Night (12AM-6AM),Zero FIR,Non-Heinous,Crimes Against Women,Dowry Harassment,Under Investigation,13.29589,74.82593
5598,100090002202605598,Tumakuru,2,2026-07-10,2026,7,19,Evening (6PM-12AM),FIR,Non-Heinous,Cyber Crime,Phishing,Closed,13.41606,77.13081
5599,100250004202405599,Ramanagara,4,2024-02-24,2024,2,0,Night (12AM-6AM),FIR,Non-Heinous,Public Order,Unlawful Assembly,Charge Sheeted,12.74902,77.36252
5600,700050001202305600,Belagavi,1,2023-12-13,2023,12,22,Evening (6PM-12AM),Zero FIR,Non-Heinous,Economic Offences,Forgery,Charge Sheeted,15.83191,74.45353
5601,100050001202505601,Belagavi,1,2025-12-18,2025,12,11,Morning (6AM-12PM),FIR,Non-Heinous,Crimes Against Body,Grievous Hurt,Under Investigation,15.83161,74.43318
5602,100270004202205602,Bagalkot,4,2022-09-06,2022,9,1,Night (12AM-6AM),PAR,Non-Heinous,Crimes Against Property,Theft,Under Investigation,16.0738,75.73618
5603,100280004202505603,Haveri,4,2025-01-11,2025,1,10,Morning (6AM-12PM),FIR,Heinous,Crimes Against Women,Dowry Harassment,Charge Sheeted,14.77355,75.40958
5604,100210001202605604,Koppal,1,2026-05-15,2026,5,2,Night (12AM-6AM),FIR,Non-Heinous,Public Order,Rioting,Under Investigation,15.2799,76.16845
5605,100110003202205605,Davanagere,3,2022-01-04,2022,1,23,Evening (6PM-12AM),FIR,Non-Heinous,Economic Offences,Criminal Breach of Trust,Charge Sheeted,14.62641,75.78233
5606,100050002202405606,Belagavi,2,2024-10-20,2024,10,21,Evening (6PM-12AM),FIR,Non-Heinous,Crimes Against Women,Sexual Assault,Charge Sheeted,15.98827,74.56082
5607,100290003202505607,Gadag,3,2025-03-16,2025,3,13,Afternoon (12PM-6PM),FIR,Non-Heinous,Crimes Against Property,Robbery,Under Investigation,15.48749,75.66392
5608,100100003202305608,Shivamogga,3,2023-11-09,2023,11,3,Night (12AM-6AM),FIR,Non-Heinous,Crimes Against Property,Robbery,Charge Sheeted,13.90814,75.49665
5609,100090003202605609,Tumakuru,3,2026-03-15,2026,3,17,Afternoon (12PM-6PM),FIR,Heinous,Crimes Against Women,Sexual Assault,Charge Sheeted,13.3381,77.14933
5610,100230003202505610,Chamarajanagar,3,2025-08-16,2025,8,3,Night (12AM-6AM),FIR,Non-Heinous,Economic Offences,Criminal Breach of Trust,Closed,11.83895,76.87526
5611,700050002202405611,Belagavi,2,2024-11-13,2024,11,16,Afternoon (12PM-6PM),Zero FIR,Non-Heinous,Crimes Against Property,Robbery,Closed,15.76295,74.46203
5612,100010003202605612,Bengaluru City,3,2026-08-19,2026,8,5,Night (12AM-6AM),FIR,Non-Heinous,Cyber Crime,Phishing,Charge Sheeted,12.99024,77.67
5613,700230003202505613,Chamarajanagar,3,2025-01-05,2025,1,14,Afternoon (12PM-6PM),Zero FIR,Non-Heinous,Economic Offences,Forgery,Under Investigation,11.88707,76.88299
5614,100070002202505614,Hubballi-Dharwad,2,2025-01-22,2025,1,2,Night (12AM-6AM),FIR,Non-Heinous,Crimes Against Body,Attempt to Murder,Closed,15.36217,75.16075
5615,100010004202405615,Bengaluru City,4,2024-01-27,2024,1,12,Afternoon (12PM-6PM),FIR,Non-Heinous,Crimes Against Property,Theft,Charge Sheeted,12.9803,77.54465
5616,100090004202205616,Tumakuru,4,2022-02-03,2022,2,8,Morning (6AM-12PM),FIR,Heinous,Crimes Against Women,Dowry Harassment,Charge Sheeted,13.41198,77.09474
5617,100010004202605617,Bengaluru City,4,2026-05-20,2026,5,1,Night (12AM-6AM),FIR,Non-Heinous,Narcotics,NDPS Trafficking,Charge Sheeted,13.00084,77.56051
5618,100250004202305618,Ramanagara,4,2023-05-05,2023,5,5,Night (12AM-6AM),FIR,Heinous,Crimes Against Women,Dowry Harassment,Charge Sheeted,12.77693,77.37937
5619,100110003202605619,Davanagere,3,2026-07-15,2026,7,11,Morning (6AM-12PM),FIR,Non-Heinous,Crimes Against Body,Grievous Hurt,Under Investigation,14.52923,76.03302
5620,100230002202305620,Chamarajanagar,2,2023-08-12,2023,8,0,Night (12AM-6AM),FIR,Non-Heinous,Cyber Crime,Online Fraud,Under Investigation,11.91694,76.94288
5621,100010004202605621,Bengaluru City,4,2026-10-11,2026,10,9,Morning (6AM-12PM),FIR,Non-Heinous,Crimes Against Property,Burglary,Closed,12.95054,77.6734
5622,100250002202305622,Ramanagara,2,2023-09-01,2023,9,11,Morning (6AM-12PM),FIR,Heinous,Crimes Against Body,Grievous Hurt,Charge Sheeted,12.74541,77.28624
5623,100210004202605623,Koppal,4,2026-11-19,2026,11,6,Morning (6AM-12PM),FIR,Non-Heinous,Crimes Against Body,Assault,Charge Sheeted,15.27958,76.22318
5624,100050004202605624,Belagavi,4,2026-07-13,2026,7,17,Afternoon (12PM-6PM),FIR,Non-Heinous,Cyber Crime,Phishing,Charge Sheeted,15.76837,74.58747
5625,100150004202305625,Chikkamagaluru,4,2023-12-18,2023,12,0,Night (12AM-6AM),FIR,Non-Heinous,Crimes Against Property,Robbery,Under Investigation,13.32288,75.79586
5626,100100003202605626,Shivamogga,3,2026-02-11,2026,2,1,Night (12AM-6AM),FIR,Heinous,Crimes Against Body,Grievous Hurt,Charge Sheeted,14.01441,75.53334
5627,700050003202605627,Belagavi,3,2026-03-07,2026,3,0,Night (12AM-6AM),Zero FIR,Heinous,Crimes Against Body,Grievous Hurt,Under Investigation,15.83266,74.57487
5628,100050004202605628,Belagavi,4,2026-08-17,2026,8,20,Evening (6PM-12AM),FIR,Non-Heinous,Crimes Against Property,Dacoity,Under Investigation,15.81202,74.48186
5629,100160001202505629,Udupi,1,2025-08-02,2025,8,23,Evening (6PM-12AM),FIR,Non-Heinous,Cyber Crime,Cyberstalking,Charge Sheeted,13.33351,74.84402
5630,100100001202605630,Shivamogga,1,2026-06-13,2026,6,4,Night (12AM-6AM),FIR,Non-Heinous,Crimes Against Property,Burglary,Closed,13.83933,75.51623
5631,700020003202505631,Bengaluru Rural,3,2025-08-12,2025,8,21,Evening (6PM-12AM),Zero FIR,Heinous,Crimes Against Body,Murder,Under Investigation,13.35763,77.51889
5632,100040001202505632,Mangaluru (Dakshina Kannada),1,2025-01-12,2025,1,13,Afternoon (12PM-6PM),FIR,Non-Heinous,Crimes Against Women,Dowry Harassment,Charge Sheeted,12.96797,74.90399
5633,100230002202505633,Chamarajanagar,2,2025-04-11,2025,4,11,Morning (6AM-12PM),FIR,Non-Heinous,Crimes Against Property,Burglary,Charge Sheeted,11.90414,76.98032
5634,100110001202405634,Davanagere,1,2024-08-22,2024,8,4,Night (12AM-6AM),FIR,Non-Heinous,Crimes Against Body,Attempt to Murder,Charge Sheeted,14.465,75.98405
5635,700080002202405635,Ballari,2,2024-08-23,2024,8,0,Night (12AM-6AM),Zero FIR,Non-Heinous,Crimes Against Property,Dacoity,Under Investigation,15.22535,76.94986
5636,100130003202505636,Raichur,3,2025-07-15,2025,7,20,Evening (6PM-12AM),FIR,Non-Heinous,Crimes Against Property,Robbery,Charge Sheeted,16.14699,77.37636
5637,100110001202505637,Davanagere,1,2025-07-20,2025,7,2,Night (12AM-6AM),FIR,Non-Heinous,Economic Offences,Forgery,Charge Sheeted,14.37288,75.88064
5638,100020001202505638,Bengaluru Rural,1,2025-05-26,2025,5,21,Evening (6PM-12AM),FIR,Non-Heinous,Crimes Against Women,Sexual Assault,False Case,13.30142,77.62478
5639,100150004202605639,Chikkamagaluru,4,2026-11-02,2026,11,20,Evening (6PM-12AM),FIR,Non-Heinous,Crimes Against Body,Attempt to Murder,Under Investigation,13.30114,75.81155
5640,100030003202605640,Mysuru,3,2026-06-22,2026,6,23,Evening (6PM-12AM),FIR,Non-Heinous,Crimes Against Property,Theft,Under Investigation,12.32028,76.612
5641,100230004202305641,Chamarajanagar,4,2023-02-05,2023,2,2,Night (12AM-6AM),PAR,Non-Heinous,Cyber Crime,Phishing,Under Investigation,11.82951,76.97949
5642,100050004202305642,Belagavi,4,2023-07-27,2023,7,22,Evening (6PM-12AM),FIR,Non-Heinous,Crimes Against Women,Dowry Harassment,Under Investigation,15.80841,74.55215
5643,700110001202405643,Davanagere,1,2024-06-18,2024,6,18,Evening (6PM-12AM),Zero FIR,Heinous,Crimes Against Body,Grievous Hurt,Closed,14.52761,75.98089
5644,100100004202605644,Shivamogga,4,2026-07-01,2026,7,11,Morning (6AM-12PM),FIR,Non-Heinous,Economic Offences,Cheating,Charge Sheeted,13.9687,75.60737
5645,100230003202505645,Chamarajanagar,3,2025-01-04,2025,1,10,Morning (6AM-12PM),FIR,Non-Heinous,Crimes Against Property,Robbery,Undetected,11.88526,77.01226
5646,100240001202305646,Kodagu,1,2023-07-01,2023,7,20,Evening (6PM-12AM),FIR,Non-Heinous,Crimes Against Body,Assault,False Case,12.26601,75.8166
5647,100130004202605647,Raichur,4,2026-03-02,2026,3,8,Morning (6AM-12PM),FIR,Heinous,Crimes Against Body,Assault,Under Investigation,16.20912,77.2585
5648,100020004202605648,Bengaluru Rural,4,2026-08-02,2026,8,14,Afternoon (12PM-6PM),FIR,Non-Heinous,Crimes Against Body,Attempt to Murder,Under Investigation,13.26908,77.51928
5649,100040002202405649,Mangaluru (Dakshina Kannada),2,2024-03-03,2024,3,22,Evening (6PM-12AM),FIR,Non-Heinous,Cyber Crime,Phishing,Charge Sheeted,12.88306,74.90811
5650,100250002202605650,Ramanagara,2,2026-12-23,2026,12,9,Morning (6AM-12PM),FIR,Non-Heinous,Crimes Against Women,Dowry Harassment,Charge Sheeted,12.72905,77.27798
5651,100020002202605651,Bengaluru Rural,2,2026-03-24,2026,3,12,Afternoon (12PM-6PM),FIR,Non-Heinous,Crimes Against Body,Attempt to Murder,Charge Sheeted,13.35171,77.48903
5652,100160003202305652,Udupi,3,2023-10-23,2023,10,23,Evening (6PM-12AM),FIR,Heinous,Crimes Against Women,Sexual Assault,Closed,13.25863,74.6956
5653,100010004202405653,Bengaluru City,4,2024-08-01,2024,8,7,Morning (6AM-12PM),FIR,Non-Heinous,Crimes Against Property,Theft,Charge Sheeted,13.02898,77.51109
5654,100020004202405654,Bengaluru Rural,4,2024-07-27,2024,7,15,Afternoon (12PM-6PM),FIR,Non-Heinous,Crimes Against Property,Theft,Charge Sheeted,13.29768,77.66531
5655,100180004202505655,Mandya,4,2025-08-10,2025,8,5,Night (12AM-6AM),FIR,Heinous,Crimes Against Women,Sexual Assault,Undetected,12.50315,76.88258
5656,100160002202605656,Udupi,2,2026-12-04,2026,12,5,Night (12AM-6AM),FIR,Non-Heinous,Crimes Against Body,Attempt to Murder,Under Investigation,13.3658,74.7405
5657,100090001202505657,Tumakuru,1,2025-02-10,2025,2,15,Afternoon (12PM-6PM),FIR,Heinous,Crimes Against Women,Molestation,Under Investigation,13.34607,77.03883
5658,100050003202305658,Belagavi,3,2023-03-05,2023,3,10,Morning (6AM-12PM),FIR,Non-Heinous,Crimes Against Property,Theft,Under Investigation,15.82616,74.39181
5659,700120004202505659,Vijayapura,4,2025-08-14,2025,8,15,Afternoon (12PM-6PM),Zero FIR,Non-Heinous,Cyber Crime,Online Fraud,Undetected,16.82623,75.62615
5660,100150003202405660,Chikkamagaluru,3,2024-10-19,2024,10,4,Night (12AM-6AM),FIR,Heinous,Crimes Against Women,Sexual Assault,Under Investigation,13.47584,75.8706
5661,100050001202505661,Belagavi,1,2025-11-17,2025,11,10,Morning (6AM-12PM),FIR,Non-Heinous,Crimes Against Property,Robbery,Charge Sheeted,15.83946,74.54996
5662,100080003202205662,Ballari,3,2022-01-16,2022,1,13,Afternoon (12PM-6PM),FIR,Heinous,Crimes Against Body,Grievous Hurt,Charge Sheeted,15.09392,76.95223
5663,100030001202605663,Mysuru,1,2026-08-06,2026,8,18,Evening (6PM-12AM),FIR,Non-Heinous,Economic Offences,Cheating,False Case,12.21824,76.53724
5664,100240002202305664,Kodagu,2,2023-01-10,2023,1,7,Morning (6AM-12PM),FIR,Heinous,Crimes Against Body,Assault,Under Investigation,12.4035,75.83777
5665,100130002202605665,Raichur,2,2026-08-11,2026,8,5,Night (12AM-6AM),FIR,Non-Heinous,Crimes Against Body,Grievous Hurt,Under Investigation,16.14725,77.36374
5666,100210001202605666,Koppal,1,2026-02-21,2026,2,1,Night (12AM-6AM),FIR,Non-Heinous,Crimes Against Property,Theft,Undetected,15.35192,76.12078
5667,100240002202305667,Kodagu,2,2023-10-07,2023,10,7,Morning (6AM-12PM),FIR,Non-Heinous,Crimes Against Property,Burglary,Closed,12.24835,75.83235
5668,100040001202305668,Mangaluru (Dakshina Kannada),1,2023-01-03,2023,1,18,Evening (6PM-12AM),FIR,Non-Heinous,Narcotics,NDPS Trafficking,Charge Sheeted,12.94239,74.83818
5669,400240001202205669,Kodagu,1,2022-11-13,2022,11,12,Afternoon (12PM-6PM),UDR,Non-Heinous,Crimes Against Body,Assault,Closed,12.30963,75.80257
5670,400110001202405670,Davanagere,1,2024-09-02,2024,9,3,Night (12AM-6AM),UDR,Non-Heinous,Crimes Against Body,Murder,Under Investigation,14.45263,75.8482
5671,100210004202505671,Koppal,4,2025-05-19,2025,5,3,Night (12AM-6AM),FIR,Non-Heinous,Crimes Against Property,Robbery,Undetected,15.38185,76.0967
5672,400050004202305672,Belagavi,4,2023-12-27,2023,12,9,Morning (6AM-12PM),UDR,Non-Heinous,Crimes Against Women,Dowry Harassment,False Case,15.71657,74.41452
5673,100040004202505673,Mangaluru (Dakshina Kannada),4,2025-03-08,2025,3,19,Evening (6PM-12AM),PAR,Non-Heinous,Cyber Crime,Online Fraud,Under Investigation,12.88679,74.9389
5674,100030001202605674,Mysuru,1,2026-05-17,2026,5,20,Evening (6PM-12AM),FIR,Non-Heinous,Cyber Crime,Identity Theft,Closed,12.2526,76.53801
5675,100070001202605675,Hubballi-Dharwad,1,2026-07-26,2026,7,4,Night (12AM-6AM),FIR,Heinous,Crimes Against Women,Dowry Harassment,Under Investigation,15.31006,75.09246
5676,100010002202205676,Bengaluru City,2,2022-06-06,2022,6,2,Night (12AM-6AM),FIR,Heinous,Crimes Against Body,Murder,Charge Sheeted,12.96133,77.56995
5677,100030003202405677,Mysuru,3,2024-05-09,2024,5,20,Evening (6PM-12AM),FIR,Non-Heinous,Crimes Against Property,Burglary,Charge Sheeted,12.2407,76.71268
5678,400260004202505678,Chikkaballapur,4,2025-02-18,2025,2,10,Morning (6AM-12PM),UDR,Non-Heinous,Economic Offences,Forgery,Under Investigation,13.51282,77.81785
5679,100010003202405679,Bengaluru City,3,2024-02-15,2024,2,7,Morning (6AM-12PM),FIR,Heinous,Crimes Against Body,Attempt to Murder,Undetected,12.98299,77.61403
5680,100060004202605680,Kalaburagi,4,2026-04-20,2026,4,9,Morning (6AM-12PM),FIR,Non-Heinous,Economic Offences,Criminal Breach of Trust,Charge Sheeted,17.29887,76.83298
5681,100190003202205681,Hassan,3,2022-04-07,2022,4,9,Morning (6AM-12PM),FIR,Non-Heinous,Crimes Against Property,Theft,Charge Sheeted,13.03253,76.09056
5682,100200004202305682,Chitradurga,4,2023-08-26,2023,8,23,Evening (6PM-12AM),FIR,Non-Heinous,Crimes Against Body,Assault,Closed,14.1884,76.42893
5683,100060004202605683,Kalaburagi,4,2026-09-08,2026,9,17,Afternoon (12PM-6PM),FIR,Non-Heinous,Crimes Against Women,Sexual Assault,Under Investigation,17.36055,76.80851
5684,100080001202505684,Ballari,1,2025-09-16,2025,9,14,Afternoon (12PM-6PM),PAR,Heinous,Narcotics,NDPS Possession,Closed,15.09725,76.77848
5685,100110004202405685,Davanagere,4,2024-04-19,2024,4,9,Morning (6AM-12PM),FIR,Non-Heinous,Economic Offences,Cheating,Undetected,14.51402,75.99903
5686,400010002202605686,Bengaluru City,2,2026-07-09,2026,7,1,Night (12AM-6AM),UDR,Non-Heinous,Crimes Against Women,Sexual Assault,Under Investigation,12.93099,77.63589
5687,100020004202405687,Bengaluru Rural,4,2024-01-22,2024,1,21,Evening (6PM-12AM),FIR,Non-Heinous,Crimes Against Property,Theft,Under Investigation,13.33757,77.50574
5688,100270004202605688,Bagalkot,4,2026-12-11,2026,12,22,Evening (6PM-12AM),FIR,Heinous,Crimes Against Women,Domestic Violence,False Case,16.05196,75.60194
5689,100230003202605689,Chamarajanagar,3,2026-12-22,2026,12,2,Night (12AM-6AM),FIR,Non-Heinous,Crimes Against Property,Dacoity,Under Investigation,11.92133,76.90637
5690,100010004202605690,Bengaluru City,4,2026-06-21,2026,6,5,Night (12AM-6AM),PAR,Non-Heinous,Crimes Against Property,Burglary,Charge Sheeted,12.9825,77.57036
5691,100250004202505691,Ramanagara,4,2025-03-22,2025,3,8,Morning (6AM-12PM),FIR,Heinous,Crimes Against Women,Dowry Harassment,Charge Sheeted,12.69003,77.2229
5692,100140004202305692,Bidar,4,2023-08-01,2023,8,10,Morning (6AM-12PM),FIR,Non-Heinous,Crimes Against Women,Molestation,False Case,17.92597,77.50497
5693,100100002202505693,Shivamogga,2,2025-04-13,2025,4,20,Evening (6PM-12AM),FIR,Non-Heinous,Economic Offences,Cheating,False Case,13.93448,75.47464
5694,100060004202505694,Kalaburagi,4,2025-02-22,2025,2,7,Morning (6AM-12PM),FIR,Heinous,Crimes Against Women,Domestic Violence,Closed,17.29987,76.8423
5695,100160001202405695,Udupi,1,2024-11-05,2024,11,20,Evening (6PM-12AM),FIR,Non-Heinous,Cyber Crime,Online Fraud,Under Investigation,13.3983,74.77194
5696,100100003202605696,Shivamogga,3,2026-02-15,2026,2,1,Night (12AM-6AM),FIR,Non-Heinous,Crimes Against Property,Theft,Undetected,13.9246,75.56386
5697,100240003202405697,Kodagu,3,2024-01-08,2024,1,6,Morning (6AM-12PM),FIR,Non-Heinous,Economic Offences,Cheating,Closed,12.30821,75.7936
5698,100230001202605698,Chamarajanagar,1,2026-11-04,2026,11,20,Evening (6PM-12AM),FIR,Non-Heinous,Crimes Against Property,Burglary,Closed,11.84878,77.00467
5699,100040001202305699,Mangaluru (Dakshina Kannada),1,2023-04-10,2023,4,16,Afternoon (12PM-6PM),FIR,Heinous,Narcotics,NDPS Possession,Closed,12.90721,74.83779
5700,100170004202505700,Kolar,4,2025-08-13,2025,8,22,Evening (6PM-12AM),FIR,Non-Heinous,Crimes Against Body,Attempt to Murder,Under Investigation,13.25969,78.05412
5701,100170004202205701,Kolar,4,2022-06-21,2022,6,10,Morning (6AM-12PM),FIR,Non-Heinous,Crimes Against Property,Dacoity,Charge Sheeted,13.21612,78.16511
5702,100130003202605702,Raichur,3,2026-11-25,2026,11,8,Morning (6AM-12PM),FIR,Heinous,Crimes Against Women,Sexual Assault,Under Investigation,16.23585,77.32936
5703,100070004202305703,Hubballi-Dharwad,4,2023-04-07,2023,4,0,Night (12AM-6AM),FIR,Non-Heinous,Cyber Crime,Cyberstalking,Under Investigation,15.38427,75.12509
5704,100140004202405704,Bidar,4,2024-10-02,2024,10,12,Afternoon (12PM-6PM),FIR,Non-Heinous,Crimes Against Property,Theft,Closed,17.98457,77.47454
5705,100150003202405705,Chikkamagaluru,3,2024-02-27,2024,2,14,Afternoon (12PM-6PM),FIR,Non-Heinous,Crimes Against Property,Dacoity,Charge Sheeted,13.31845,75.76869
5706,100160004202605706,Udupi,4,2026-03-13,2026,3,12,Afternoon (12PM-6PM),FIR,Heinous,Crimes Against Women,Domestic Violence,Charge Sheeted,13.4101,74.67181
5707,100050001202605707,Belagavi,1,2026-02-24,2026,2,17,Afternoon (12PM-6PM),FIR,Heinous,Crimes Against Women,Dowry Harassment,Under Investigation,15.8996,74.48156
5708,100190001202405708,Hassan,1,2024-12-18,2024,12,22,Evening (6PM-12AM),FIR,Heinous,Crimes Against Body,Murder,Under Investigation,12.98036,76.12719
5709,100050002202505709,Belagavi,2,2025-12-07,2025,12,21,Evening (6PM-12AM),FIR,Non-Heinous,Crimes Against Property,Dacoity,Under Investigation,15.80538,74.40521
5710,100040004202505710,Mangaluru (Dakshina Kannada),4,2025-06-23,2025,6,4,Night (12AM-6AM),FIR,Non-Heinous,Crimes Against Property,Robbery,Charge Sheeted,12.94506,74.92649
5711,100080003202305711,Ballari,3,2023-01-02,2023,1,1,Night (12AM-6AM),FIR,Heinous,Crimes Against Women,Domestic Violence,Closed,15.12042,77.05472
5712,700080001202205712,Ballari,1,2022-01-07,2022,1,16,Afternoon (12PM-6PM),Zero FIR,Non-Heinous,Crimes Against Property,Theft,Under Investigation,15.18725,76.88374
5713,100210002202505713,Koppal,2,2025-04-24,2025,4,12,Afternoon (12PM-6PM),FIR,Non-Heinous,Crimes Against Property,Theft,Charge Sheeted,15.25944,76.1519
5714,100280003202605714,Haveri,3,2026-11-20,2026,11,11,Morning (6AM-12PM),FIR,Heinous,Crimes Against Body,Assault,Under Investigation,14.81127,75.35269
5715,100010004202305715,Bengaluru City,4,2023-12-08,2023,12,4,Night (12AM-6AM),FIR,Non-Heinous,Economic Offences,Forgery,Closed,12.90924,77.52537
5716,400030004202605716,Mysuru,4,2026-07-24,2026,7,0,Night (12AM-6AM),UDR,Non-Heinous,Crimes Against Women,Dowry Harassment,Charge Sheeted,12.18801,76.57915
5717,100140003202205717,Bidar,3,2022-04-05,2022,4,21,Evening (6PM-12AM),FIR,Non-Heinous,Crimes Against Property,Robbery,False Case,17.8941,77.55771
5718,400180003202405718,Mandya,3,2024-03-02,2024,3,2,Night (12AM-6AM),UDR,Non-Heinous,Crimes Against Women,Sexual Assault,Under Investigation,12.51792,76.85725
5719,400100004202305719,Shivamogga,4,2023-04-05,2023,4,16,Afternoon (12PM-6PM),UDR,Non-Heinous,Crimes Against Property,Burglary,Charge Sheeted,14.07663,75.5588
5720,100180004202205720,Mandya,4,2022-07-24,2022,7,11,Morning (6AM-12PM),FIR,Non-Heinous,Crimes Against Women,Molestation,Charge Sheeted,12.51712,76.91855
5721,100220004202305721,Yadgir,4,2023-09-14,2023,9,11,Morning (6AM-12PM),FIR,Non-Heinous,Economic Offences,Criminal Breach of Trust,Undetected,16.74204,77.12775
5722,100040004202405722,Mangaluru (Dakshina Kannada),4,2024-10-01,2024,10,6,Morning (6AM-12PM),FIR,Non-Heinous,Economic Offences,Cheating,Under Investigation,12.88991,74.82535
5723,100080001202605723,Ballari,1,2026-05-20,2026,5,20,Evening (6PM-12AM),FIR,Heinous,Crimes Against Body,Grievous Hurt,Charge Sheeted,15.19848,76.95528
5724,100030002202305724,Mysuru,2,2023-02-20,2023,2,21,Evening (6PM-12AM),FIR,Non-Heinous,Public Order,Rioting,Under Investigation,12.21223,76.69553
5725,700190003202505725,Hassan,3,2025-08-25,2025,8,3,Night (12AM-6AM),Zero FIR,Non-Heinous,Cyber Crime,Phishing,Closed,12.9482,76.18889
5726,100190002202505726,Hassan,2,2025-08-03,2025,8,21,Evening (6PM-12AM),FIR,Non-Heinous,Crimes Against Property,Robbery,Undetected,12.9324,76.17383
5727,100110003202505727,Davanagere,3,2025-07-25,2025,7,18,Evening (6PM-12AM),FIR,Non-Heinous,Economic Offences,Cheating,Charge Sheeted,14.5019,75.90903
5728,400170001202505728,Kolar,1,2025-12-14,2025,12,23,Evening (6PM-12AM),UDR,Non-Heinous,Crimes Against Property,Theft,Closed,13.16998,78.13868
5729,100080003202605729,Ballari,3,2026-02-19,2026,2,13,Afternoon (12PM-6PM),FIR,Non-Heinous,Crimes Against Women,Sexual Assault,Closed,15.13318,76.87698
5730,100230004202405730,Chamarajanagar,4,2024-01-03,2024,1,22,Evening (6PM-12AM),FIR,Non-Heinous,Crimes Against Body,Murder,Under Investigation,11.92649,76.98875
5731,100150003202305731,Chikkamagaluru,3,2023-03-18,2023,3,22,Evening (6PM-12AM),FIR,Non-Heinous,Economic Offences,Criminal Breach of Trust,Closed,13.27185,75.87723
5732,100220001202505732,Yadgir,1,2025-01-18,2025,1,16,Afternoon (12PM-6PM),FIR,Non-Heinous,Crimes Against Property,Theft,Closed,16.68792,77.14001
5733,100110002202605733,Davanagere,2,2026-10-15,2026,10,6,Morning (6AM-12PM),PAR,Heinous,Crimes Against Body,Assault,Charge Sheeted,14.50709,76.04861
5734,100010001202205734,Bengaluru City,1,2022-02-04,2022,2,12,Afternoon (12PM-6PM),FIR,Non-Heinous,Economic Offences,Cheating,False Case,12.97359,77.64137
5735,100130001202405735,Raichur,1,2024-08-11,2024,8,2,Night (12AM-6AM),PAR,Non-Heinous,Economic Offences,Cheating,Under Investigation,16.15695,77.27217
5736,100050001202505736,Belagavi,1,2025-10-25,2025,10,16,Afternoon (12PM-6PM),FIR,Heinous,Crimes Against Women,Sexual Assault,Closed,15.88191,74.5381
5737,100240003202605737,Kodagu,3,2026-03-19,2026,3,13,Afternoon (12PM-6PM),FIR,Non-Heinous,Crimes Against Property,Robbery,False Case,12.37533,75.78874
5738,100040003202405738,Mangaluru (Dakshina Kannada),3,2024-03-12,2024,3,7,Morning (6AM-12PM),FIR,Non-Heinous,Crimes Against Body,Murder,Under Investigation,12.95893,74.8603
5739,100130004202305739,Raichur,4,2023-10-11,2023,10,22,Evening (6PM-12AM),FIR,Non-Heinous,Crimes Against Property,Robbery,Undetected,16.16879,77.33097
5740,100190004202505740,Hassan,4,2025-10-19,2025,10,14,Afternoon (12PM-6PM),FIR,Non-Heinous,Economic Offences,Criminal Breach of Trust,Under Investigation,12.97868,75.9604
5741,100160003202505741,Udupi,3,2025-10-08,2025,10,8,Morning (6AM-12PM),PAR,Non-Heinous,Cyber Crime,Cyberstalking,False Case,13.26787,74.68087
5742,100060003202305742,Kalaburagi,3,2023-08-10,2023,8,9,Morning (6AM-12PM),FIR,Non-Heinous,Crimes Against Women,Sexual Assault,False Case,17.30682,76.77312
5743,100020004202605743,Bengaluru Rural,4,2026-08-26,2026,8,9,Morning (6AM-12PM),FIR,Non-Heinous,Crimes Against Property,Burglary,Closed,13.37819,77.47364
5744,100280004202605744,Haveri,4,2026-09-21,2026,9,1,Night (12AM-6AM),FIR,Non-Heinous,Narcotics,NDPS Trafficking,Closed,14.77678,75.34909
5745,100200001202305745,Chitradurga,1,2023-02-05,2023,2,9,Morning (6AM-12PM),FIR,Non-Heinous,Crimes Against Body,Assault,Under Investigation,14.27706,76.42525
5746,700090003202605746,Tumakuru,3,2026-02-24,2026,2,22,Evening (6PM-12AM),Zero FIR,Non-Heinous,Crimes Against Body,Murder,Closed,13.30406,77.13971
5747,100090003202405747,Tumakuru,3,2024-12-13,2024,12,10,Morning (6AM-12PM),FIR,Non-Heinous,Crimes Against Body,Grievous Hurt,Under Investigation,13.41664,77.08974
5748,100140003202305748,Bidar,3,2023-10-21,2023,10,15,Afternoon (12PM-6PM),FIR,Non-Heinous,Crimes Against Women,Sexual Assault,Under Investigation,17.97893,77.54757
5749,100170003202305749,Kolar,3,2023-03-25,2023,3,5,Night (12AM-6AM),FIR,Non-Heinous,Crimes Against Property,Dacoity,False Case,13.14523,78.05069
5750,400210001202405750,Koppal,1,2024-02-08,2024,2,16,Afternoon (12PM-6PM),UDR,Heinous,Crimes Against Women,Dowry Harassment,Closed,15.41276,76.1573
5751,100010004202505751,Bengaluru City,4,2025-05-04,2025,5,14,Afternoon (12PM-6PM),FIR,Heinous,Crimes Against Body,Attempt to Murder,Closed,13.03807,77.46886
5752,100070003202605752,Hubballi-Dharwad,3,2026-04-21,2026,4,22,Evening (6PM-12AM),FIR,Non-Heinous,Narcotics,NDPS Possession,Under Investigation,15.31474,75.06062
5753,100110001202605753,Davanagere,1,2026-03-07,2026,3,9,Morning (6AM-12PM),FIR,Non-Heinous,Crimes Against Property,Burglary,Under Investigation,14.50564,75.83565
5754,100280004202205754,Haveri,4,2022-12-25,2022,12,1,Night (12AM-6AM),PAR,Non-Heinous,Public Order,Rioting,Charge Sheeted,14.84856,75.35605
5755,100170001202205755,Kolar,1,2022-10-20,2022,10,10,Morning (6AM-12PM),FIR,Non-Heinous,Crimes Against Body,Grievous Hurt,Charge Sheeted,13.23963,78.14083
5756,700150002202605756,Chikkamagaluru,2,2026-07-02,2026,7,7,Morning (6AM-12PM),Zero FIR,Non-Heinous,Crimes Against Property,Burglary,Under Investigation,13.32308,75.78625
5757,100190002202305757,Hassan,2,2023-12-06,2023,12,2,Night (12AM-6AM),FIR,Non-Heinous,Crimes Against Body,Attempt to Murder,Under Investigation,12.92657,76.01805
5758,100010001202605758,Bengaluru City,1,2026-05-08,2026,5,16,Afternoon (12PM-6PM),PAR,Non-Heinous,Crimes Against Body,Attempt to Murder,Charge Sheeted,12.94516,77.52958
5759,700100004202205759,Shivamogga,4,2022-07-19,2022,7,17,Afternoon (12PM-6PM),Zero FIR,Non-Heinous,Cyber Crime,Identity Theft,Charge Sheeted,14.04469,75.54942
5760,100220004202205760,Yadgir,4,2022-03-19,2022,3,4,Night (12AM-6AM),PAR,Non-Heinous,Crimes Against Property,Burglary,Charge Sheeted,16.71716,77.13869
5761,100290003202605761,Gadag,3,2026-02-13,2026,2,1,Night (12AM-6AM),FIR,Non-Heinous,Crimes Against Body,Grievous Hurt,False Case,15.38559,75.68089
5762,100080004202405762,Ballari,4,2024-12-24,2024,12,19,Evening (6PM-12AM),FIR,Heinous,Crimes Against Body,Grievous Hurt,Closed,15.14436,76.93485
5763,100060002202605763,Kalaburagi,2,2026-03-09,2026,3,2,Night (12AM-6AM),FIR,Non-Heinous,Economic Offences,Forgery,Charge Sheeted,17.26189,76.79843
5764,100030003202605764,Mysuru,3,2026-09-25,2026,9,12,Afternoon (12PM-6PM),FIR,Heinous,Crimes Against Body,Assault,Charge Sheeted,12.35374,76.54777
5765,100030002202305765,Mysuru,2,2023-09-02,2023,9,9,Morning (6AM-12PM),PAR,Non-Heinous,Crimes Against Women,Domestic Violence,Closed,12.29208,76.69561
5766,700010003202605766,Bengaluru City,3,2026-03-04,2026,3,18,Evening (6PM-12AM),Zero FIR,Non-Heinous,Cyber Crime,Phishing,Charge Sheeted,12.98849,77.5306
5767,100270003202405767,Bagalkot,3,2024-12-11,2024,12,1,Night (12AM-6AM),PAR,Non-Heinous,Crimes Against Body,Grievous Hurt,Closed,16.13546,75.54272
5768,100060002202505768,Kalaburagi,2,2025-10-23,2025,10,17,Afternoon (12PM-6PM),FIR,Non-Heinous,Crimes Against Property,Dacoity,Under Investigation,17.32216,76.90889
5769,100050001202405769,Belagavi,1,2024-02-08,2024,2,14,Afternoon (12PM-6PM),PAR,Non-Heinous,Crimes Against Body,Assault,False Case,15.8369,74.49195
5770,100190001202205770,Hassan,1,2022-04-24,2022,4,12,Afternoon (12PM-6PM),FIR,Non-Heinous,Crimes Against Women,Dowry Harassment,Charge Sheeted,13.16672,76.14597
5771,100120001202505771,Vijayapura,1,2025-12-16,2025,12,6,Morning (6AM-12PM),FIR,Non-Heinous,Crimes Against Property,Dacoity,Charge Sheeted,16.76235,75.79218
5772,100020001202205772,Bengaluru Rural,1,2022-09-23,2022,9,20,Evening (6PM-12AM),FIR,Heinous,Crimes Against Women,Dowry Harassment,Under Investigation,13.14579,77.62047
5773,100090004202205773,Tumakuru,4,2022-02-01,2022,2,6,Morning (6AM-12PM),FIR,Heinous,Crimes Against Body,Murder,False Case,13.34745,77.12373
5774,400090001202605774,Tumakuru,1,2026-01-06,2026,1,21,Evening (6PM-12AM),UDR,Non-Heinous,Crimes Against Property,Theft,Closed,13.40551,77.19922
5775,100200002202405775,Chitradurga,2,2024-06-23,2024,6,0,Night (12AM-6AM),FIR,Non-Heinous,Public Order,Rioting,Undetected,14.19305,76.42295
5776,100070002202605776,Hubballi-Dharwad,2,2026-10-27,2026,10,15,Afternoon (12PM-6PM),FIR,Heinous,Crimes Against Women,Dowry Harassment,Under Investigation,15.44368,75.09653
5777,100180002202505777,Mandya,2,2025-10-13,2025,10,21,Evening (6PM-12AM),FIR,Heinous,Crimes Against Body,Assault,Closed,12.51813,76.9159
5778,100010003202505778,Bengaluru City,3,2025-04-11,2025,4,8,Morning (6AM-12PM),FIR,Non-Heinous,Crimes Against Body,Assault,Closed,12.99249,77.61083
5779,100290002202305779,Gadag,2,2023-10-17,2023,10,10,Morning (6AM-12PM),FIR,Non-Heinous,Crimes Against Property,Robbery,Under Investigation,15.43857,75.62398
5780,400070004202505780,Hubballi-Dharwad,4,2025-04-23,2025,4,20,Evening (6PM-12AM),UDR,Non-Heinous,Cyber Crime,Phishing,Charge Sheeted,15.36247,75.1103
5781,100090004202505781,Tumakuru,4,2025-07-01,2025,7,15,Afternoon (12PM-6PM),FIR,Non-Heinous,Crimes Against Property,Theft,Charge Sheeted,13.3363,77.1165
5782,100160001202505782,Udupi,1,2025-12-15,2025,12,3,Night (12AM-6AM),FIR,Non-Heinous,Crimes Against Property,Robbery,Under Investigation,13.35692,74.76895
5783,100220003202505783,Yadgir,3,2025-05-23,2025,5,3,Night (12AM-6AM),FIR,Non-Heinous,Narcotics,NDPS Trafficking,Under Investigation,16.72669,77.04207
5784,100220004202405784,Yadgir,4,2024-05-12,2024,5,18,Evening (6PM-12AM),FIR,Non-Heinous,Crimes Against Property,Robbery,Under Investigation,16.7738,77.092
5785,400010002202405785,Bengaluru City,2,2024-02-17,2024,2,23,Evening (6PM-12AM),UDR,Non-Heinous,Cyber Crime,Online Fraud,Closed,12.91795,77.58241
5786,100160001202605786,Udupi,1,2026-06-17,2026,6,7,Morning (6AM-12PM),FIR,Non-Heinous,Crimes Against Women,Dowry Harassment,Under Investigation,13.34439,74.73416
5787,100190004202505787,Hassan,4,2025-11-20,2025,11,17,Afternoon (12PM-6PM),FIR,Non-Heinous,Crimes Against Body,Grievous Hurt,Charge Sheeted,12.95606,76.01556
5788,100090003202505788,Tumakuru,3,2025-10-27,2025,10,15,Afternoon (12PM-6PM),PAR,Heinous,Crimes Against Body,Murder,False Case,13.21929,77.05876
5789,100050003202205789,Belagavi,3,2022-07-13,2022,7,0,Night (12AM-6AM),FIR,Non-Heinous,Crimes Against Property,Burglary,Closed,15.77133,74.38053
5790,100120004202505790,Vijayapura,4,2025-06-06,2025,6,4,Night (12AM-6AM),FIR,Heinous,Crimes Against Body,Assault,Under Investigation,16.88055,75.793
5791,100240004202305791,Kodagu,4,2023-05-08,2023,5,1,Night (12AM-6AM),FIR,Non-Heinous,Crimes Against Women,Molestation,Undetected,12.32866,75.7189
5792,700140003202305792,Bidar,3,2023-05-03,2023,5,3,Night (12AM-6AM),Zero FIR,Non-Heinous,Cyber Crime,Identity Theft,Under Investigation,17.78728,77.60195
5793,100090004202605793,Tumakuru,4,2026-05-06,2026,5,15,Afternoon (12PM-6PM),FIR,Non-Heinous,Cyber Crime,Phishing,Charge Sheeted,13.27781,77.0066
5794,100050001202405794,Belagavi,1,2024-11-02,2024,11,6,Morning (6AM-12PM),FIR,Heinous,Crimes Against Body,Assault,Charge Sheeted,15.81304,74.55293
5795,100210004202205795,Koppal,4,2022-11-01,2022,11,2,Night (12AM-6AM),FIR,Heinous,Crimes Against Body,Attempt to Murder,Under Investigation,15.34191,76.16374
5796,700140004202605796,Bidar,4,2026-08-20,2026,8,1,Night (12AM-6AM),Zero FIR,Non-Heinous,Cyber Crime,Identity Theft,Closed,17.95454,77.4605
5797,700240004202405797,Kodagu,4,2024-04-23,2024,4,19,Evening (6PM-12AM),Zero FIR,Non-Heinous,Crimes Against Property,Burglary,Under Investigation,12.33944,75.8408
5798,100140004202405798,Bidar,4,2024-07-17,2024,7,19,Evening (6PM-12AM),FIR,Non-Heinous,Crimes Against Property,Robbery,Closed,17.8825,77.50594
5799,100170002202605799,Kolar,2,2026-01-13,2026,1,16,Afternoon (12PM-6PM),FIR,Non-Heinous,Crimes Against Body,Grievous Hurt,Charge Sheeted,13.12064,78.10893
5800,100040002202505800,Mangaluru (Dakshina Kannada),2,2025-05-14,2025,5,7,Morning (6AM-12PM),FIR,Non-Heinous,Crimes Against Body,Murder,Under Investigation,12.93856,74.91627
5801,100030004202605801,Mysuru,4,2026-09-05,2026,9,3,Night (12AM-6AM),FIR,Non-Heinous,Crimes Against Property,Dacoity,Closed,12.2467,76.6331
5802,100030002202505802,Mysuru,2,2025-10-05,2025,10,13,Afternoon (12PM-6PM),FIR,Non-Heinous,Cyber Crime,Phishing,Under Investigation,12.25167,76.66953
5803,100090002202305803,Tumakuru,2,2023-01-15,2023,1,11,Morning (6AM-12PM),FIR,Non-Heinous,Crimes Against Body,Assault,Charge Sheeted,13.2552,77.15169
5804,100050002202405804,Belagavi,2,2024-01-05,2024,1,6,Morning (6AM-12PM),FIR,Heinous,Crimes Against Body,Grievous Hurt,Closed,15.87305,74.49602
5805,100030003202605805,Mysuru,3,2026-05-03,2026,5,1,Night (12AM-6AM),FIR,Non-Heinous,Economic Offences,Cheating,False Case,12.31048,76.60249
5806,100290002202305806,Gadag,2,2023-04-19,2023,4,6,Morning (6AM-12PM),FIR,Heinous,Crimes Against Body,Murder,Under Investigation,15.5004,75.66907
5807,100030003202405807,Mysuru,3,2024-05-18,2024,5,15,Afternoon (12PM-6PM),FIR,Non-Heinous,Crimes Against Body,Assault,Under Investigation,12.34979,76.68534
5808,100050003202405808,Belagavi,3,2024-01-06,2024,1,16,Afternoon (12PM-6PM),FIR,Non-Heinous,Cyber Crime,Identity Theft,Under Investigation,15.79061,74.5298
5809,100020002202305809,Bengaluru Rural,2,2023-01-10,2023,1,11,Morning (6AM-12PM),PAR,Non-Heinous,Public Order,Rioting,Charge Sheeted,13.40924,77.6321
5810,100190004202505810,Hassan,4,2025-12-22,2025,12,2,Night (12AM-6AM),FIR,Non-Heinous,Public Order,Rioting,Closed,12.86735,76.1817
5811,100170002202405811,Kolar,2,2024-10-03,2024,10,16,Afternoon (12PM-6PM),FIR,Non-Heinous,Crimes Against Body,Assault,Undetected,13.08969,78.20647
5812,100040004202205812,Mangaluru (Dakshina Kannada),4,2022-01-01,2022,1,14,Afternoon (12PM-6PM),FIR,Non-Heinous,Crimes Against Body,Murder,Charge Sheeted,12.9179,74.87166
5813,100110004202505813,Davanagere,4,2025-02-03,2025,2,22,Evening (6PM-12AM),FIR,Non-Heinous,Economic Offences,Forgery,Under Investigation,14.48066,75.97441
5814,100270001202305814,Bagalkot,1,2023-09-11,2023,9,18,Evening (6PM-12AM),FIR,Heinous,Crimes Against Women,Sexual Assault,Charge Sheeted,16.20716,75.68655
5815,100080004202605815,Ballari,4,2026-04-03,2026,4,2,Night (12AM-6AM),FIR,Non-Heinous,Cyber Crime,Phishing,Charge Sheeted,15.14291,76.83624
5816,100120001202505816,Vijayapura,1,2025-07-02,2025,7,12,Afternoon (12PM-6PM),PAR,Non-Heinous,Crimes Against Women,Dowry Harassment,Under Investigation,16.80044,75.70209
5817,100040002202505817,Mangaluru (Dakshina Kannada),2,2025-01-13,2025,1,19,Evening (6PM-12AM),FIR,Non-Heinous,Crimes Against Women,Molestation,Charge Sheeted,12.82131,74.89288
5818,100230001202205818,Chamarajanagar,1,2022-10-02,2022,10,19,Evening (6PM-12AM),FIR,Heinous,Crimes Against Body,Murder,Charge Sheeted,11.95324,76.99686
5819,100060001202205819,Kalaburagi,1,2022-01-26,2022,1,6,Morning (6AM-12PM),FIR,Non-Heinous,Crimes Against Women,Domestic Violence,Charge Sheeted,17.3392,76.74922
5820,400020001202605820,Bengaluru Rural,1,2026-02-26,2026,2,20,Evening (6PM-12AM),UDR,Heinous,Crimes Against Body,Assault,Under Investigation,13.27262,77.77667
5821,100270001202305821,Bagalkot,1,2023-12-08,2023,12,14,Afternoon (12PM-6PM),FIR,Non-Heinous,Crimes Against Property,Dacoity,Charge Sheeted,16.22246,75.62064
5822,100270004202505822,Bagalkot,4,2025-08-04,2025,8,8,Morning (6AM-12PM),FIR,Non-Heinous,Crimes Against Women,Sexual Assault,Charge Sheeted,16.18017,75.71682
5823,100230004202305823,Chamarajanagar,4,2023-05-07,2023,5,14,Afternoon (12PM-6PM),FIR,Non-Heinous,Crimes Against Property,Theft,Charge Sheeted,11.94035,76.89573
5824,100040001202305824,Mangaluru (Dakshina Kannada),1,2023-08-26,2023,8,9,Morning (6AM-12PM),FIR,Non-Heinous,Cyber Crime,Identity Theft,Charge Sheeted,12.86312,74.78572
5825,100140004202505825,Bidar,4,2025-04-10,2025,4,20,Evening (6PM-12AM),PAR,Non-Heinous,Cyber Crime,Online Fraud,Charge Sheeted,17.93242,77.50071
5826,100130003202205826,Raichur,3,2022-07-09,2022,7,14,Afternoon (12PM-6PM),FIR,Non-Heinous,Crimes Against Property,Dacoity,Under Investigation,16.11405,77.41177
5827,400230002202305827,Chamarajanagar,2,2023-12-17,2023,12,3,Night (12AM-6AM),UDR,Non-Heinous,Crimes Against Property,Theft,Closed,11.87332,77.03887
5828,100160001202205828,Udupi,1,2022-12-15,2022,12,23,Evening (6PM-12AM),PAR,Heinous,Crimes Against Body,Murder,False Case,13.31761,74.70745
5829,100020003202405829,Bengaluru Rural,3,2024-01-24,2024,1,11,Morning (6AM-12PM),FIR,Non-Heinous,Crimes Against Women,Molestation,Under Investigation,13.30164,77.56991
5830,400050002202605830,Belagavi,2,2026-10-27,2026,10,12,Afternoon (12PM-6PM),UDR,Non-Heinous,Public Order,Unlawful Assembly,Charge Sheeted,15.8824,74.48759
5831,100110001202405831,Davanagere,1,2024-11-16,2024,11,16,Afternoon (12PM-6PM),FIR,Non-Heinous,Crimes Against Property,Burglary,Closed,14.46605,75.97538
5832,100250004202405832,Ramanagara,4,2024-06-18,2024,6,5,Night (12AM-6AM),FIR,Non-Heinous,Economic Offences,Criminal Breach of Trust,Closed,12.61138,77.31475
5833,100290002202305833,Gadag,2,2023-06-27,2023,6,15,Afternoon (12PM-6PM),FIR,Non-Heinous,Economic Offences,Forgery,Under Investigation,15.34819,75.77616
5834,100030001202305834,Mysuru,1,2023-01-03,2023,1,23,Evening (6PM-12AM),FIR,Non-Heinous,Crimes Against Property,Dacoity,Under Investigation,12.31985,76.57286
5835,400050004202305835,Belagavi,4,2023-10-14,2023,10,14,Afternoon (12PM-6PM),UDR,Non-Heinous,Crimes Against Property,Burglary,Undetected,15.79016,74.42094
5836,100030004202205836,Mysuru,4,2022-01-25,2022,1,16,Afternoon (12PM-6PM),FIR,Non-Heinous,Crimes Against Property,Dacoity,Under Investigation,12.28901,76.69092
5837,100040001202205837,Mangaluru (Dakshina Kannada),1,2022-09-07,2022,9,16,Afternoon (12PM-6PM),FIR,Non-Heinous,Crimes Against Body,Attempt to Murder,Closed,12.8613,74.76679
5838,100040004202205838,Mangaluru (Dakshina Kannada),4,2022-08-16,2022,8,2,Night (12AM-6AM),FIR,Heinous,Crimes Against Body,Murder,Charge Sheeted,12.86602,74.85531
5839,100050003202605839,Belagavi,3,2026-12-01,2026,12,20,Evening (6PM-12AM),FIR,Non-Heinous,Crimes Against Property,Theft,Closed,15.76934,74.39211
5840,100110001202205840,Davanagere,1,2022-10-26,2022,10,4,Night (12AM-6AM),FIR,Non-Heinous,Cyber Crime,Cyberstalking,Under Investigation,14.52844,75.90657
5841,400010003202205841,Bengaluru City,3,2022-08-14,2022,8,11,Morning (6AM-12PM),UDR,Non-Heinous,Crimes Against Women,Dowry Harassment,Under Investigation,13.05561,77.63391
5842,700020002202505842,Bengaluru Rural,2,2025-11-11,2025,11,17,Afternoon (12PM-6PM),Zero FIR,Heinous,Crimes Against Women,Domestic Violence,Charge Sheeted,13.21719,77.49335
5843,100010004202505843,Bengaluru City,4,2025-05-08,2025,5,9,Morning (6AM-12PM),FIR,Non-Heinous,Crimes Against Property,Robbery,Under Investigation,12.9925,77.61747
5844,700230004202405844,Chamarajanagar,4,2024-06-26,2024,6,9,Morning (6AM-12PM),Zero FIR,Non-Heinous,Crimes Against Property,Dacoity,False Case,11.9781,77.01531
5845,100020004202405845,Bengaluru Rural,4,2024-03-07,2024,3,7,Morning (6AM-12PM),FIR,Non-Heinous,Crimes Against Body,Grievous Hurt,False Case,13.35254,77.54984
5846,100020004202305846,Bengaluru Rural,4,2023-05-19,2023,5,7,Morning (6AM-12PM),PAR,Non-Heinous,Crimes Against Property,Theft,Charge Sheeted,13.27883,77.47999
5847,100010001202505847,Bengaluru City,1,2025-07-05,2025,7,16,Afternoon (12PM-6PM),FIR,Heinous,Narcotics,NDPS Trafficking,Charge Sheeted,12.94878,77.66503
5848,100030001202305848,Mysuru,1,2023-04-22,2023,4,14,Afternoon (12PM-6PM),FIR,Non-Heinous,Cyber Crime,Online Fraud,Closed,12.3355,76.76949
5849,100230003202205849,Chamarajanagar,3,2022-03-18,2022,3,20,Evening (6PM-12AM),FIR,Heinous,Crimes Against Women,Dowry Harassment,Closed,11.91314,76.9177
5850,100050003202605850,Belagavi,3,2026-09-27,2026,9,1,Night (12AM-6AM),FIR,Non-Heinous,Crimes Against Women,Sexual Assault,Undetected,15.80308,74.42628
5851,700190002202605851,Hassan,2,2026-07-20,2026,7,18,Evening (6PM-12AM),Zero FIR,Non-Heinous,Economic Offences,Forgery,Charge Sheeted,13.04892,76.13287
5852,700250004202505852,Ramanagara,4,2025-01-25,2025,1,0,Night (12AM-6AM),Zero FIR,Non-Heinous,Crimes Against Property,Theft,Closed,12.60896,77.21527
5853,100030004202505853,Mysuru,4,2025-01-23,2025,1,16,Afternoon (12PM-6PM),FIR,Non-Heinous,Crimes Against Property,Dacoity,Charge Sheeted,12.29472,76.62662
5854,100190002202405854,Hassan,2,2024-10-13,2024,10,16,Afternoon (12PM-6PM),FIR,Non-Heinous,Crimes Against Property,Dacoity,Closed,13.04953,76.0296
5855,100040004202205855,Mangaluru (Dakshina Kannada),4,2022-05-19,2022,5,1,Night (12AM-6AM),FIR,Heinous,Crimes Against Women,Domestic Violence,Under Investigation,12.94339,74.76878
5856,100070003202305856,Hubballi-Dharwad,3,2023-12-01,2023,12,3,Night (12AM-6AM),PAR,Non-Heinous,Crimes Against Body,Assault,False Case,15.43294,75.0153
5857,100170002202305857,Kolar,2,2023-09-27,2023,9,16,Afternoon (12PM-6PM),FIR,Non-Heinous,Crimes Against Property,Dacoity,Charge Sheeted,13.10299,78.13928
5858,100280002202405858,Haveri,2,2024-01-14,2024,1,1,Night (12AM-6AM),FIR,Non-Heinous,Economic Offences,Cheating,Closed,14.82656,75.3819
5859,100150003202205859,Chikkamagaluru,3,2022-04-21,2022,4,4,Night (12AM-6AM),FIR,Non-Heinous,Cyber Crime,Cyberstalking,Under Investigation,13.41974,75.74854
5860,100020003202605860,Bengaluru Rural,3,2026-08-24,2026,8,7,Morning (6AM-12PM),FIR,Heinous,Crimes Against Women,Dowry Harassment,Closed,13.26063,77.50613
5861,100010004202605861,Bengaluru City,4,2026-07-12,2026,7,5,Night (12AM-6AM),FIR,Non-Heinous,Crimes Against Body,Attempt to Murder,Charge Sheeted,13.04831,77.63613
5862,100270001202405862,Bagalkot,1,2024-06-10,2024,6,3,Night (12AM-6AM),FIR,Heinous,Crimes Against Body,Grievous Hurt,Charge Sheeted,16.09169,75.61863
5863,100190002202305863,Hassan,2,2023-04-04,2023,4,7,Morning (6AM-12PM),FIR,Non-Heinous,Crimes Against Women,Domestic Violence,Under Investigation,13.05196,76.10845
5864,100170001202605864,Kolar,1,2026-04-06,2026,4,17,Afternoon (12PM-6PM),FIR,Non-Heinous,Cyber Crime,Cyberstalking,Closed,13.10298,78.11738
5865,100020002202605865,Bengaluru Rural,2,2026-12-24,2026,12,17,Afternoon (12PM-6PM),FIR,Heinous,Crimes Against Women,Domestic Violence,Charge Sheeted,13.27401,77.50325
5866,100240001202505866,Kodagu,1,2025-01-27,2025,1,22,Evening (6PM-12AM),FIR,Non-Heinous,Public Order,Unlawful Assembly,Under Investigation,12.4154,75.842
5867,100050004202505867,Belagavi,4,2025-06-12,2025,6,19,Evening (6PM-12AM),FIR,Non-Heinous,Economic Offences,Forgery,Under Investigation,15.8763,74.46072
5868,100160002202405868,Udupi,2,2024-03-07,2024,3,0,Night (12AM-6AM),FIR,Non-Heinous,Crimes Against Women,Sexual Assault,False Case,13.2145,74.80846
5869,100010002202505869,Bengaluru City,2,2025-05-26,2025,5,15,Afternoon (12PM-6PM),FIR,Non-Heinous,Cyber Crime,Identity Theft,Under Investigation,12.94217,77.54528
5870,100230003202605870,Chamarajanagar,3,2026-02-07,2026,2,7,Morning (6AM-12PM),FIR,Non-Heinous,Crimes Against Women,Molestation,Charge Sheeted,11.90823,76.84308
5871,100020002202305871,Bengaluru Rural,2,2023-07-04,2023,7,19,Evening (6PM-12AM),FIR,Non-Heinous,Crimes Against Body,Attempt to Murder,Charge Sheeted,13.30803,77.69967
5872,100020003202305872,Bengaluru Rural,3,2023-09-27,2023,9,2,Night (12AM-6AM),FIR,Non-Heinous,Economic Offences,Cheating,Under Investigation,13.31144,77.4664
5873,400040003202505873,Mangaluru (Dakshina Kannada),3,2025-11-19,2025,11,2,Night (12AM-6AM),UDR,Non-Heinous,Cyber Crime,Cyberstalking,Charge Sheeted,12.87708,74.81479
5874,700050001202405874,Belagavi,1,2024-04-27,2024,4,7,Morning (6AM-12PM),Zero FIR,Non-Heinous,Crimes Against Body,Grievous Hurt,Charge Sheeted,15.90204,74.47475
5875,100010002202405875,Bengaluru City,2,2024-12-01,2024,12,7,Morning (6AM-12PM),FIR,Non-Heinous,Crimes Against Property,Burglary,Under Investigation,13.00619,77.54647
5876,100250002202205876,Ramanagara,2,2022-07-08,2022,7,5,Night (12AM-6AM),FIR,Non-Heinous,Crimes Against Women,Domestic Violence,False Case,12.73973,77.35581
5877,100040002202605877,Mangaluru (Dakshina Kannada),2,2026-04-13,2026,4,18,Evening (6PM-12AM),FIR,Non-Heinous,Cyber Crime,Cyberstalking,Under Investigation,12.97559,74.96875
5878,100050001202505878,Belagavi,1,2025-01-10,2025,1,23,Evening (6PM-12AM),FIR,Non-Heinous,Crimes Against Property,Dacoity,Under Investigation,15.83712,74.48267
5879,100290003202505879,Gadag,3,2025-12-13,2025,12,5,Night (12AM-6AM),FIR,Non-Heinous,Crimes Against Women,Dowry Harassment,Charge Sheeted,15.30526,75.6912
5880,100010001202405880,Bengaluru City,1,2024-01-18,2024,1,2,Night (12AM-6AM),FIR,Non-Heinous,Crimes Against Women,Sexual Assault,Closed,12.98424,77.61577
5881,100210003202505881,Koppal,3,2025-04-22,2025,4,8,Morning (6AM-12PM),FIR,Non-Heinous,Crimes Against Body,Grievous Hurt,Under Investigation,15.33,76.21411
5882,100050002202305882,Belagavi,2,2023-11-11,2023,11,11,Morning (6AM-12PM),FIR,Non-Heinous,Crimes Against Body,Assault,Under Investigation,15.90859,74.411
5883,700140002202605883,Bidar,2,2026-05-13,2026,5,1,Night (12AM-6AM),Zero FIR,Non-Heinous,Crimes Against Women,Molestation,Under Investigation,17.88207,77.46969
5884,100280003202605884,Haveri,3,2026-11-13,2026,11,23,Evening (6PM-12AM),FIR,Non-Heinous,Crimes Against Property,Dacoity,Closed,14.66933,75.35665
5885,100160003202405885,Udupi,3,2024-06-23,2024,6,2,Night (12AM-6AM),FIR,Heinous,Crimes Against Women,Sexual Assault,Charge Sheeted,13.31468,74.76685
5886,100060001202605886,Kalaburagi,1,2026-01-01,2026,1,17,Afternoon (12PM-6PM),FIR,Heinous,Crimes Against Women,Sexual Assault,False Case,17.42729,76.82867
5887,100090001202605887,Tumakuru,1,2026-09-10,2026,9,14,Afternoon (12PM-6PM),PAR,Non-Heinous,Crimes Against Property,Burglary,Under Investigation,13.44464,77.03885
5888,100180003202305888,Mandya,3,2023-02-15,2023,2,14,Afternoon (12PM-6PM),FIR,Non-Heinous,Crimes Against Women,Sexual Assault,Under Investigation,12.52158,76.94081
5889,100020002202605889,Bengaluru Rural,2,2026-01-27,2026,1,14,Afternoon (12PM-6PM),FIR,Non-Heinous,Economic Offences,Cheating,Under Investigation,13.26714,77.46146
5890,100110004202505890,Davanagere,4,2025-08-16,2025,8,7,Morning (6AM-12PM),FIR,Heinous,Crimes Against Women,Dowry Harassment,False Case,14.56442,75.87759
5891,100230001202505891,Chamarajanagar,1,2025-03-17,2025,3,10,Morning (6AM-12PM),FIR,Non-Heinous,Crimes Against Women,Domestic Violence,Closed,11.97452,76.88285
5892,100020003202305892,Bengaluru Rural,3,2023-04-25,2023,4,3,Night (12AM-6AM),FIR,Non-Heinous,Crimes Against Women,Sexual Assault,Under Investigation,13.23884,77.53953
5893,400220001202605893,Yadgir,1,2026-04-20,2026,4,5,Night (12AM-6AM),UDR,Non-Heinous,Crimes Against Property,Dacoity,Charge Sheeted,16.81815,77.21778
5894,100110002202505894,Davanagere,2,2025-11-05,2025,11,16,Afternoon (12PM-6PM),FIR,Heinous,Narcotics,NDPS Possession,Under Investigation,14.47526,75.82028
5895,100020002202505895,Bengaluru Rural,2,2025-01-01,2025,1,10,Morning (6AM-12PM),FIR,Non-Heinous,Crimes Against Body,Grievous Hurt,Under Investigation,13.27891,77.4905
5896,100180004202305896,Mandya,4,2023-11-08,2023,11,13,Afternoon (12PM-6PM),FIR,Non-Heinous,Crimes Against Women,Sexual Assault,Undetected,12.52732,76.9533
5897,100010001202205897,Bengaluru City,1,2022-01-11,2022,1,3,Night (12AM-6AM),FIR,Non-Heinous,Crimes Against Body,Attempt to Murder,Under Investigation,13.00767,77.57361
5898,100090003202505898,Tumakuru,3,2025-06-06,2025,6,18,Evening (6PM-12AM),FIR,Heinous,Crimes Against Body,Attempt to Murder,Closed,13.34364,77.09371
5899,100270003202605899,Bagalkot,3,2026-08-18,2026,8,18,Evening (6PM-12AM),FIR,Non-Heinous,Crimes Against Body,Murder,Charge Sheeted,16.21707,75.67604
5900,100240003202605900,Kodagu,3,2026-11-22,2026,11,23,Evening (6PM-12AM),FIR,Non-Heinous,Cyber Crime,Online Fraud,Charge Sheeted,12.53116,75.90325
5901,100130004202505901,Raichur,4,2025-03-06,2025,3,16,Afternoon (12PM-6PM),FIR,Heinous,Crimes Against Women,Dowry Harassment,Under Investigation,16.27298,77.32846
5902,100280002202605902,Haveri,2,2026-12-20,2026,12,22,Evening (6PM-12AM),FIR,Non-Heinous,Economic Offences,Criminal Breach of Trust,Closed,14.71936,75.46377
5903,100110002202605903,Davanagere,2,2026-05-25,2026,5,18,Evening (6PM-12AM),FIR,Non-Heinous,Economic Offences,Cheating,Charge Sheeted,14.39284,75.9459
5904,100050001202605904,Belagavi,1,2026-08-06,2026,8,14,Afternoon (12PM-6PM),PAR,Heinous,Crimes Against Body,Grievous Hurt,Under Investigation,15.78217,74.48202
5905,100190001202405905,Hassan,1,2024-01-18,2024,1,15,Afternoon (12PM-6PM),FIR,Heinous,Crimes Against Women,Dowry Harassment,Closed,13.02688,75.95704
5906,100110003202505906,Davanagere,3,2025-05-07,2025,5,4,Night (12AM-6AM),FIR,Non-Heinous,Economic Offences,Forgery,Undetected,14.44989,75.93456
5907,100130003202305907,Raichur,3,2023-02-02,2023,2,23,Evening (6PM-12AM),FIR,Non-Heinous,Crimes Against Property,Burglary,Under Investigation,16.28094,77.41442
5908,100290003202305908,Gadag,3,2023-08-09,2023,8,8,Morning (6AM-12PM),FIR,Non-Heinous,Crimes Against Property,Robbery,Closed,15.49898,75.60933
5909,100110003202505909,Davanagere,3,2025-06-15,2025,6,19,Evening (6PM-12AM),FIR,Non-Heinous,Crimes Against Body,Attempt to Murder,Closed,14.3544,75.87913
5910,100020004202605910,Bengaluru Rural,4,2026-04-14,2026,4,21,Evening (6PM-12AM),FIR,Heinous,Narcotics,NDPS Possession,Under Investigation,13.30099,77.54523
5911,100160002202605911,Udupi,2,2026-02-21,2026,2,3,Night (12AM-6AM),FIR,Non-Heinous,Crimes Against Women,Sexual Assault,Charge Sheeted,13.37823,74.76611
5912,100130004202205912,Raichur,4,2022-09-09,2022,9,19,Evening (6PM-12AM),FIR,Heinous,Narcotics,NDPS Trafficking,Under Investigation,16.19652,77.38814
5913,100060004202605913,Kalaburagi,4,2026-03-06,2026,3,5,Night (12AM-6AM),FIR,Non-Heinous,Crimes Against Women,Dowry Harassment,Charge Sheeted,17.27197,76.80482
5914,100130002202405914,Raichur,2,2024-02-08,2024,2,23,Evening (6PM-12AM),FIR,Heinous,Crimes Against Women,Molestation,Under Investigation,16.25189,77.38124
5915,100040003202205915,Mangaluru (Dakshina Kannada),3,2022-05-01,2022,5,1,Night (12AM-6AM),FIR,Non-Heinous,Public Order,Unlawful Assembly,Closed,12.95693,74.87207
5916,100060003202605916,Kalaburagi,3,2026-01-22,2026,1,16,Afternoon (12PM-6PM),PAR,Non-Heinous,Narcotics,NDPS Trafficking,Under Investigation,17.34509,76.81646
5917,700180002202405917,Mandya,2,2024-07-13,2024,7,21,Evening (6PM-12AM),Zero FIR,Non-Heinous,Crimes Against Women,Molestation,Under Investigation,12.54536,76.90003
5918,100020001202505918,Bengaluru Rural,1,2025-05-21,2025,5,20,Evening (6PM-12AM),FIR,Non-Heinous,Crimes Against Property,Theft,Charge Sheeted,13.23191,77.51519
5919,100180002202205919,Mandya,2,2022-07-09,2022,7,8,Morning (6AM-12PM),FIR,Non-Heinous,Crimes Against Property,Dacoity,False Case,12.47359,76.91815
5920,100160002202205920,Udupi,2,2022-02-09,2022,2,10,Morning (6AM-12PM),PAR,Non-Heinous,Crimes Against Body,Attempt to Murder,Closed,13.38966,74.66767
5921,700100003202605921,Shivamogga,3,2026-03-07,2026,3,18,Evening (6PM-12AM),Zero FIR,Non-Heinous,Crimes Against Body,Assault,Charge Sheeted,14.04575,75.52098
5922,100040004202505922,Mangaluru (Dakshina Kannada),4,2025-12-01,2025,12,12,Afternoon (12PM-6PM),FIR,Non-Heinous,Crimes Against Property,Theft,Under Investigation,12.85529,74.8251
5923,100010003202505923,Bengaluru City,3,2025-03-05,2025,3,0,Night (12AM-6AM),FIR,Non-Heinous,Crimes Against Body,Attempt to Murder,Charge Sheeted,13.0166,77.53548
5924,400080004202405924,Ballari,4,2024-03-04,2024,3,19,Evening (6PM-12AM),UDR,Heinous,Crimes Against Body,Assault,Under Investigation,15.19318,76.91187
5925,100170004202405925,Kolar,4,2024-02-07,2024,2,5,Night (12AM-6AM),FIR,Heinous,Crimes Against Women,Domestic Violence,Closed,13.15123,78.13627
5926,100210002202405926,Koppal,2,2024-01-09,2024,1,17,Afternoon (12PM-6PM),FIR,Non-Heinous,Crimes Against Body,Murder,Closed,15.35547,76.14284
5927,100030002202605927,Mysuru,2,2026-09-07,2026,9,7,Morning (6AM-12PM),FIR,Heinous,Crimes Against Women,Dowry Harassment,Charge Sheeted,12.20988,76.63792
5928,400090002202505928,Tumakuru,2,2025-05-08,2025,5,11,Morning (6AM-12PM),UDR,Non-Heinous,Cyber Crime,Phishing,Charge Sheeted,13.36224,77.06716
5929,100070001202605929,Hubballi-Dharwad,1,2026-02-18,2026,2,17,Afternoon (12PM-6PM),FIR,Heinous,Crimes Against Body,Murder,Closed,15.25583,75.08487
5930,100250002202405930,Ramanagara,2,2024-01-17,2024,1,13,Afternoon (12PM-6PM),FIR,Non-Heinous,Crimes Against Property,Robbery,Charge Sheeted,12.66017,77.28943
5931,100080004202305931,Ballari,4,2023-12-14,2023,12,16,Afternoon (12PM-6PM),FIR,Non-Heinous,Crimes Against Women,Molestation,Charge Sheeted,15.16199,76.95489
5932,100020002202505932,Bengaluru Rural,2,2025-07-13,2025,7,0,Night (12AM-6AM),FIR,Non-Heinous,Crimes Against Property,Burglary,Undetected,13.40371,77.60789
5933,100020004202605933,Bengaluru Rural,4,2026-05-23,2026,5,16,Afternoon (12PM-6PM),FIR,Non-Heinous,Crimes Against Women,Molestation,Charge Sheeted,13.29646,77.57757
5934,100030004202305934,Mysuru,4,2023-02-26,2023,2,21,Evening (6PM-12AM),PAR,Non-Heinous,Crimes Against Women,Sexual Assault,Under Investigation,12.26914,76.68866
5935,100010001202505935,Bengaluru City,1,2025-09-25,2025,9,11,Morning (6AM-12PM),FIR,Heinous,Crimes Against Women,Domestic Violence,Charge Sheeted,12.93572,77.58668
5936,100240003202405936,Kodagu,3,2024-05-01,2024,5,0,Night (12AM-6AM),FIR,Non-Heinous,Cyber Crime,Identity Theft,Charge Sheeted,12.28829,75.74685
5937,100080001202505937,Ballari,1,2025-03-25,2025,3,8,Morning (6AM-12PM),FIR,Non-Heinous,Crimes Against Property,Theft,Under Investigation,15.16817,76.93287
5938,100100004202405938,Shivamogga,4,2024-01-23,2024,1,4,Night (12AM-6AM),FIR,Non-Heinous,Crimes Against Property,Robbery,Under Investigation,13.87018,75.59529
5939,100150001202305939,Chikkamagaluru,1,2023-10-14,2023,10,3,Night (12AM-6AM),FIR,Heinous,Crimes Against Body,Murder,Charge Sheeted,13.31627,75.7916
5940,100040003202305940,Mangaluru (Dakshina Kannada),3,2023-12-09,2023,12,18,Evening (6PM-12AM),FIR,Non-Heinous,Crimes Against Property,Burglary,Charge Sheeted,12.92717,74.89179
5941,100150002202605941,Chikkamagaluru,2,2026-04-18,2026,4,5,Night (12AM-6AM),FIR,Non-Heinous,Economic Offences,Forgery,Closed,13.36861,75.68502
5942,100050002202605942,Belagavi,2,2026-08-02,2026,8,8,Morning (6AM-12PM),FIR,Non-Heinous,Crimes Against Property,Robbery,Under Investigation,15.77267,74.59163
5943,700040001202605943,Mangaluru (Dakshina Kannada),1,2026-01-27,2026,1,18,Evening (6PM-12AM),Zero FIR,Non-Heinous,Economic Offences,Forgery,False Case,12.88749,74.80781
5944,100250003202505944,Ramanagara,3,2025-09-08,2025,9,7,Morning (6AM-12PM),FIR,Non-Heinous,Crimes Against Property,Robbery,Under Investigation,12.7006,77.30516
5945,100220003202305945,Yadgir,3,2023-03-14,2023,3,1,Night (12AM-6AM),FIR,Non-Heinous,Crimes Against Body,Murder,Under Investigation,16.73142,77.13843
5946,100020004202505946,Bengaluru Rural,4,2025-05-21,2025,5,10,Morning (6AM-12PM),PAR,Non-Heinous,Cyber Crime,Online Fraud,Closed,13.33892,77.49159
5947,100290002202505947,Gadag,2,2025-09-14,2025,9,2,Night (12AM-6AM),FIR,Non-Heinous,Cyber Crime,Identity Theft,Closed,15.45486,75.71384
5948,100040004202405948,Mangaluru (Dakshina Kannada),4,2024-12-11,2024,12,2,Night (12AM-6AM),FIR,Heinous,Crimes Against Body,Assault,False Case,12.93949,74.86082
5949,400030003202505949,Mysuru,3,2025-07-14,2025,7,15,Afternoon (12PM-6PM),UDR,Non-Heinous,Crimes Against Women,Sexual Assault,Under Investigation,12.24075,76.61315
5950,100050004202605950,Belagavi,4,2026-07-08,2026,7,13,Afternoon (12PM-6PM),FIR,Non-Heinous,Narcotics,NDPS Trafficking,Charge Sheeted,15.82113,74.44081
5951,100040003202605951,Mangaluru (Dakshina Kannada),3,2026-05-24,2026,5,0,Night (12AM-6AM),FIR,Non-Heinous,Crimes Against Property,Robbery,Under Investigation,12.91452,74.89363
5952,100050004202605952,Belagavi,4,2026-03-04,2026,3,17,Afternoon (12PM-6PM),FIR,Non-Heinous,Crimes Against Body,Grievous Hurt,Charge Sheeted,15.79148,74.52278
5953,100110002202405953,Davanagere,2,2024-01-20,2024,1,2,Night (12AM-6AM),FIR,Heinous,Crimes Against Body,Attempt to Murder,Closed,14.51234,75.85808
5954,700190003202605954,Hassan,3,2026-01-07,2026,1,9,Morning (6AM-12PM),Zero FIR,Non-Heinous,Cyber Crime,Cyberstalking,Closed,12.98552,76.12162
5955,100020002202605955,Bengaluru Rural,2,2026-05-17,2026,5,6,Morning (6AM-12PM),PAR,Non-Heinous,Crimes Against Property,Robbery,Under Investigation,13.27609,77.57568
5956,100090004202305956,Tumakuru,4,2023-06-26,2023,6,7,Morning (6AM-12PM),PAR,Non-Heinous,Crimes Against Women,Molestation,Under Investigation,13.33719,77.11736
5957,100010002202305957,Bengaluru City,2,2023-08-19,2023,8,12,Afternoon (12PM-6PM),FIR,Non-Heinous,Crimes Against Body,Murder,Under Investigation,12.99793,77.70088
5958,100100002202605958,Shivamogga,2,2026-04-23,2026,4,20,Evening (6PM-12AM),FIR,Heinous,Crimes Against Body,Grievous Hurt,Under Investigation,13.9285,75.66924
5959,100200001202605959,Chitradurga,1,2026-08-12,2026,8,18,Evening (6PM-12AM),FIR,Non-Heinous,Crimes Against Property,Theft,Undetected,14.12897,76.46243
5960,100240003202405960,Kodagu,3,2024-05-08,2024,5,4,Night (12AM-6AM),FIR,Non-Heinous,Crimes Against Property,Burglary,Charge Sheeted,12.45167,75.85115
5961,100050004202505961,Belagavi,4,2025-03-02,2025,3,1,Night (12AM-6AM),FIR,Heinous,Crimes Against Women,Dowry Harassment,Undetected,15.76969,74.49219
5962,100030003202405962,Mysuru,3,2024-12-09,2024,12,4,Night (12AM-6AM),FIR,Non-Heinous,Crimes Against Body,Assault,False Case,12.33555,76.65169
5963,100280003202405963,Haveri,3,2024-10-20,2024,10,14,Afternoon (12PM-6PM),FIR,Non-Heinous,Crimes Against Women,Domestic Violence,Under Investigation,14.68559,75.35481
5964,100150002202405964,Chikkamagaluru,2,2024-03-05,2024,3,11,Morning (6AM-12PM),FIR,Heinous,Crimes Against Women,Molestation,Under Investigation,13.26716,75.7088
5965,100040004202505965,Mangaluru (Dakshina Kannada),4,2025-05-02,2025,5,6,Morning (6AM-12PM),PAR,Non-Heinous,Crimes Against Property,Dacoity,False Case,12.97854,74.96049
5966,100010004202505966,Bengaluru City,4,2025-06-16,2025,6,22,Evening (6PM-12AM),FIR,Non-Heinous,Economic Offences,Forgery,False Case,13.00667,77.59631
5967,100020002202605967,Bengaluru Rural,2,2026-06-18,2026,6,3,Night (12AM-6AM),FIR,Non-Heinous,Crimes Against Women,Domestic Violence,Under Investigation,13.31697,77.48338
5968,100030002202405968,Mysuru,2,2024-06-11,2024,6,9,Morning (6AM-12PM),FIR,Non-Heinous,Cyber Crime,Cyberstalking,Charge Sheeted,12.34962,76.64345
5969,100160001202405969,Udupi,1,2024-05-26,2024,5,1,Night (12AM-6AM),FIR,Heinous,Crimes Against Body,Murder,Under Investigation,13.45448,74.82459
5970,100050003202605970,Belagavi,3,2026-03-24,2026,3,0,Night (12AM-6AM),FIR,Non-Heinous,Crimes Against Body,Attempt to Murder,Under Investigation,15.89852,74.535
5971,100120004202505971,Vijayapura,4,2025-07-25,2025,7,21,Evening (6PM-12AM),FIR,Non-Heinous,Economic Offences,Criminal Breach of Trust,Charge Sheeted,16.84033,75.63179
5972,100040001202605972,Mangaluru (Dakshina Kannada),1,2026-05-09,2026,5,14,Afternoon (12PM-6PM),FIR,Non-Heinous,Crimes Against Property,Burglary,False Case,12.83992,74.82908
5973,100230003202205973,Chamarajanagar,3,2022-02-04,2022,2,3,Night (12AM-6AM),FIR,Heinous,Crimes Against Body,Murder,Undetected,11.93108,76.95812
5974,100100002202305974,Shivamogga,2,2023-04-08,2023,4,10,Morning (6AM-12PM),FIR,Heinous,Crimes Against Women,Dowry Harassment,False Case,13.99155,75.62903
5975,700270002202405975,Bagalkot,2,2024-03-18,2024,3,23,Evening (6PM-12AM),Zero FIR,Non-Heinous,Crimes Against Body,Grievous Hurt,False Case,16.30438,75.7562
5976,100120004202205976,Vijayapura,4,2022-12-02,2022,12,23,Evening (6PM-12AM),FIR,Non-Heinous,Crimes Against Body,Murder,Under Investigation,16.77399,75.75249
5977,400150003202605977,Chikkamagaluru,3,2026-11-22,2026,11,5,Night (12AM-6AM),UDR,Non-Heinous,Cyber Crime,Cyberstalking,Charge Sheeted,13.34839,75.77303
5978,100020002202305978,Bengaluru Rural,2,2023-04-02,2023,4,9,Morning (6AM-12PM),FIR,Non-Heinous,Cyber Crime,Identity Theft,Under Investigation,13.27845,77.47765
5979,100180004202505979,Mandya,4,2025-10-07,2025,10,1,Night (12AM-6AM),FIR,Non-Heinous,Economic Offences,Cheating,Under Investigation,12.50111,77.01505
5980,100040004202205980,Mangaluru (Dakshina Kannada),4,2022-11-25,2022,11,20,Evening (6PM-12AM),FIR,Non-Heinous,Crimes Against Women,Domestic Violence,False Case,12.8835,74.85542
5981,100070001202505981,Hubballi-Dharwad,1,2025-07-01,2025,7,1,Night (12AM-6AM),FIR,Non-Heinous,Crimes Against Property,Robbery,Charge Sheeted,15.41402,75.04754
5982,100160002202305982,Udupi,2,2023-05-15,2023,5,14,Afternoon (12PM-6PM),FIR,Heinous,Crimes Against Body,Murder,Charge Sheeted,13.24767,74.72741
5983,400040004202205983,Mangaluru (Dakshina Kannada),4,2022-10-05,2022,10,6,Morning (6AM-12PM),UDR,Non-Heinous,Crimes Against Women,Domestic Violence,Charge Sheeted,12.89842,74.92322
5984,100030003202305984,Mysuru,3,2023-01-07,2023,1,10,Morning (6AM-12PM),FIR,Non-Heinous,Crimes Against Women,Dowry Harassment,Under Investigation,12.40487,76.64681
5985,700200004202205985,Chitradurga,4,2022-05-10,2022,5,0,Night (12AM-6AM),Zero FIR,Heinous,Crimes Against Body,Murder,Under Investigation,14.24096,76.36483
5986,100020001202205986,Bengaluru Rural,1,2022-06-27,2022,6,21,Evening (6PM-12AM),FIR,Heinous,Crimes Against Women,Dowry Harassment,False Case,13.25297,77.59838
5987,100270002202505987,Bagalkot,2,2025-05-25,2025,5,16,Afternoon (12PM-6PM),FIR,Non-Heinous,Cyber Crime,Identity Theft,Closed,16.07615,75.7026
5988,100030001202205988,Mysuru,1,2022-01-23,2022,1,2,Night (12AM-6AM),FIR,Non-Heinous,Crimes Against Body,Assault,Under Investigation,12.34986,76.56093
5989,100230003202405989,Chamarajanagar,3,2024-11-15,2024,11,21,Evening (6PM-12AM),FIR,Non-Heinous,Narcotics,NDPS Possession,False Case,11.88281,76.98144
5990,100140003202305990,Bidar,3,2023-06-07,2023,6,0,Night (12AM-6AM),FIR,Non-Heinous,Cyber Crime,Online Fraud,Charge Sheeted,17.84319,77.44887
5991,100110004202305991,Davanagere,4,2023-07-25,2023,7,8,Morning (6AM-12PM),FIR,Non-Heinous,Crimes Against Body,Assault,Closed,14.39502,75.90569
5992,100140001202205992,Bidar,1,2022-12-23,2022,12,8,Morning (6AM-12PM),FIR,Non-Heinous,Public Order,Rioting,Charge Sheeted,17.93123,77.56969
5993,100200002202505993,Chitradurga,2,2025-01-12,2025,1,23,Evening (6PM-12AM),FIR,Heinous,Crimes Against Women,Dowry Harassment,Closed,14.14902,76.45412
5994,100050001202405994,Belagavi,1,2024-11-21,2024,11,11,Morning (6AM-12PM),FIR,Non-Heinous,Crimes Against Body,Assault,Under Investigation,15.86231,74.59071
5995,100090004202605995,Tumakuru,4,2026-09-20,2026,9,12,Afternoon (12PM-6PM),FIR,Heinous,Crimes Against Body,Grievous Hurt,Charge Sheeted,13.32717,77.0542
5996,100010001202205996,Bengaluru City,1,2022-08-25,2022,8,3,Night (12AM-6AM),FIR,Non-Heinous,Crimes Against Property,Robbery,Under Investigation,13.02823,77.61364
5997,100230002202305997,Chamarajanagar,2,2023-01-22,2023,1,11,Morning (6AM-12PM),FIR,Non-Heinous,Cyber Crime,Online Fraud,Charge Sheeted,11.92699,76.87331
5998,100100004202405998,Shivamogga,4,2024-12-11,2024,12,4,Night (12AM-6AM),FIR,Non-Heinous,Crimes Against Women,Sexual Assault,False Case,13.94086,75.55314
5999,400090004202305999,Tumakuru,4,2023-06-05,2023,6,18,Evening (6PM-12AM),UDR,Non-Heinous,Cyber Crime,Phishing,Closed,13.41728,77.08894
6000,100050003202406000,Belagavi,3,2024-05-15,2024,5,17,Afternoon (12PM-6PM),FIR,Non-Heinous,Crimes Against Property,Burglary,Under Investigation,15.89794,74.55833
