VictimMasterID,CaseMasterID,GenderID,AgeYear
1,1,F,43
2,2,F,13
3,3,M,26
4,3,F,34
5,4,M,45
6,5,M,47
7,6,M,49
8,7,F,43
9,8,M,52
10,9,M,5
11,10,F,44
12,11,F,63
13,12,M,36
14,13,M,34
15,14,M,34
16,15,F,37
17,16,F,56
18,17,F,24
19,17,F,36
20,18,M,36
21,19,F,25
22,20,F,34
23,21,F,49
24,22,M,40
25,23,M,29
26,24,F,27
27,25,M,36
28,26,M,23
29,26,F,44
30,27,F,61
31,27,F,22
32,28,F,37
33,29,F,31
34,30,F,18
35,31,M,37
36,32,M,54
37,33,M,33
38,34,F,31
39,35,F,44
40,36,T,46
41,37,M,38
42,38,M,34
43,39,F,39
44,39,M,45
45,40,F,15
46,41,F,51
47,42,M,62
48,43,F,40
49,44,F,40
50,45,F,40
51,46,F,35
52,47,F,29
53,48,F,45
54,49,F,54
55,50,F,35
56,51,F,56
57,51,M,47
58,52,M,49
59,53,F,34
60,54,M,54
61,55,M,15
62,56,F,27
63,57,M,33
64,58,M,19
65,59,F,47
66,60,F,50
67,61,F,30
68,62,M,37
69,63,M,28
70,64,M,41
71,65,F,60
72,66,M,53
73,66,F,65
74,67,F,37
75,68,M,54
76,69,F,13
77,70,F,18
78,71,M,16
79,72,F,53
80,73,F,30
81,74,M,39
82,75,F,35
83,76,M,13
84,76,M,5
85,77,F,32
86,77,F,50
87,78,M,23
88,79,M,67
89,80,M,25
90,80,F,42
91,81,F,14
92,82,M,57
93,83,M,54
94,84,F,33
95,84,F,29
96,85,M,5
97,86,F,34
98,87,M,36
99,88,F,37
100,89,M,23
101,89,M,41
102,90,M,19
103,91,F,23
104,92,F,32
105,93,F,36
106,94,F,14
107,95,F,40
108,96,F,20
109,97,M,25
110,97,M,13
111,98,F,21
112,99,F,22
113,100,F,30
114,101,M,32
115,102,F,10
116,103,F,8
117,104,F,21
118,105,F,15
119,106,M,37
120,107,T,16
121,108,M,23
122,109,M,29
123,110,M,72
124,111,M,17
125,112,F,32
126,113,T,43
127,114,M,26
128,115,F,25
129,116,M,70
130,117,M,23
131,118,F,32
132,119,F,37
133,120,M,30
134,121,M,45
135,122,M,36
136,122,M,8
137,123,M,53
138,124,M,10
139,125,T,50
140,125,F,31
141,126,M,19
142,127,F,30
143,128,M,53
144,128,M,40
145,129,F,36
146,130,F,20
147,131,M,39
148,131,F,11
149,132,F,47
150,133,M,26
151,134,F,28
152,135,F,20
153,135,F,32
154,136,M,16
155,137,M,38
156,137,M,35
157,138,M,39
158,138,F,56
159,139,F,9
160,140,M,17
161,141,T,24
162,142,F,37
163,143,F,6
164,143,M,30
165,144,M,5
166,144,M,55
167,145,M,51
168,146,F,29
169,147,M,44
170,148,F,51
171,149,M,33
172,150,F,32
173,151,F,47
174,152,M,31
175,152,M,28
176,153,F,8
177,154,M,49
178,155,F,21
179,156,M,31
180,157,M,37
181,158,M,43
182,159,M,37
183,160,M,29
184,161,M,60
185,162,M,57
186,163,M,73
187,164,M,47
188,165,T,53
189,166,F,17
190,167,F,41
191,168,M,15
192,169,F,23
193,170,F,45
194,171,M,36
195,172,F,45
196,173,F,38
197,174,M,37
198,175,F,34
199,176,M,17
200,176,M,70
201,177,M,43
202,178,M,73
203,179,M,27
204,180,F,40
205,180,F,7
206,181,M,33
207,182,M,55
208,182,F,47
209,183,F,35
210,184,M,18
211,185,F,19
212,186,F,27
213,186,F,5
214,187,M,49
215,187,M,36
216,188,F,33
217,188,F,34
218,189,M,44
219,190,M,16
220,191,F,47
221,192,F,31
222,193,M,32
223,194,F,27
224,195,F,25
225,196,F,38
226,197,M,28
227,198,F,48
228,199,M,22
229,200,F,32
230,201,M,24
231,202,M,47
232,203,F,59
233,204,F,51
234,205,F,42
235,206,F,36
236,207,F,23
237,208,M,5
238,209,M,37
239,210,F,51
240,211,M,36
241,212,M,30
242,213,F,24
243,214,T,37
244,214,M,13
245,215,F,48
246,216,F,20
247,217,F,39
248,218,T,15
249,219,F,31
250,220,M,52
251,221,F,24
252,222,F,23
253,222,F,30
254,223,F,69
255,224,M,37
256,225,F,28
257,226,M,33
258,227,M,36
259,228,F,44
260,229,F,32
261,230,M,27
262,231,F,36
263,232,M,30
264,233,M,18
265,234,M,5
266,235,F,15
267,236,F,32
268,237,M,42
269,237,F,10
270,238,F,10
271,239,F,51
272,240,M,39
273,241,F,27
274,242,F,20
275,243,M,31
276,244,F,29
277,245,M,52
278,246,F,63
279,247,F,53
280,247,F,34
281,248,F,46
282,249,M,24
283,249,M,45
284,250,F,46
285,251,M,61
286,252,M,23
287,252,M,47
288,253,M,22
289,254,F,33
290,254,F,6
291,255,M,39
292,256,M,29
293,257,F,47
294,258,F,15
295,259,F,46
296,260,M,40
297,260,M,37
298,261,M,31
299,262,F,28
300,263,M,57
301,264,F,17
302,265,M,34
303,265,M,47
304,266,F,69
305,267,F,5
306,268,M,31
307,269,M,29
308,270,M,30
309,271,M,30
310,271,F,27
311,272,F,49
312,273,M,5
313,274,F,26
314,274,F,58
315,275,M,43
316,276,F,36
317,277,F,25
318,278,M,40
319,279,M,33
320,279,M,44
321,280,F,34
322,281,F,32
323,282,F,21
324,283,M,40
325,284,F,29
326,284,F,13
327,285,F,34
328,286,M,63
329,287,M,30
330,288,F,62
331,289,F,47
332,290,F,47
333,291,M,54
334,292,F,33
335,293,F,31
336,294,F,33
337,295,F,34
338,296,F,37
339,297,M,77
340,298,F,54
341,299,F,51
342,299,T,41
343,300,M,37
344,301,M,25
345,302,F,27
346,303,F,14
347,304,F,35
348,305,M,49
349,306,M,52
350,307,M,58
351,308,F,26
352,309,M,49
353,310,M,27
354,311,M,24
355,312,M,39
356,313,F,42
357,314,M,30
358,315,F,35
359,316,F,28
360,316,F,32
361,317,F,27
362,318,F,14
363,319,M,23
364,320,M,25
365,321,F,28
366,322,M,12
367,323,F,33
368,324,F,34
369,325,M,28
370,326,F,17
371,327,F,19
372,328,M,19
373,329,F,53
374,330,M,5
375,331,F,54
376,332,M,44
377,333,F,11
378,334,F,34
379,335,F,61
380,335,F,8
381,336,F,21
382,337,F,39
383,338,F,31
384,339,F,50
385,340,F,38
386,341,M,45
387,342,F,21
388,342,T,35
389,343,M,59
390,344,F,53
391,345,F,28
392,346,F,38
393,347,M,61
394,347,F,52
395,348,F,19
396,349,M,43
397,350,F,14
398,350,F,16
399,351,M,16
400,352,M,44
401,353,M,12
402,353,F,38
403,354,T,42
404,355,F,25
405,356,M,26
406,357,M,25
407,358,F,25
408,359,M,44
409,360,M,46
410,360,M,13
411,361,F,38
412,362,M,37
413,363,M,21
414,364,F,41
415,365,M,26
416,366,M,54
417,366,M,18
418,367,M,36
419,368,M,30
420,369,M,25
421,369,M,42
422,370,M,20
423,371,F,33
424,372,F,47
425,373,F,16
426,374,F,23
427,375,M,18
428,376,M,42
429,377,M,62
430,378,M,22
431,378,M,36
432,379,F,36
433,380,F,41
434,381,M,5
435,382,F,28
436,383,F,42
437,384,F,51
438,385,F,46
439,386,F,48
440,387,M,64
441,388,F,32
442,389,M,34
443,390,M,35
444,390,M,29
445,391,M,36
446,392,M,28
447,393,F,15
448,394,M,41
449,395,F,12
450,396,F,45
451,397,F,46
452,398,M,40
453,399,M,10
454,400,F,34
455,401,F,62
456,402,F,34
457,402,M,39
458,403,F,43
459,404,F,46
460,405,M,35
461,406,F,46
462,407,M,39
463,408,F,45
464,409,M,25
465,410,M,58
466,411,M,42
467,412,F,37
468,413,M,25
469,414,M,39
470,415,F,34
471,416,M,53
472,416,F,49
473,417,M,40
474,418,M,29
475,419,M,16
476,420,F,12
477,421,F,47
478,422,M,32
479,423,T,63
480,424,F,41
481,425,M,29
482,426,F,48
483,427,M,34
484,428,M,44
485,429,M,10
486,430,M,23
487,431,F,45
488,431,T,39
489,432,F,5
490,433,F,17
491,434,M,45
492,435,M,47
493,436,M,39
494,437,M,28
495,438,F,56
496,439,F,14
497,440,M,34
498,441,M,34
499,441,F,14
500,442,M,24
501,443,M,35
502,444,M,36
503,445,M,27
504,446,F,24
505,447,F,44
506,448,F,43
507,449,F,17
508,450,M,41
509,451,F,19
510,452,M,33
511,452,F,35
512,453,F,19
513,453,M,29
514,454,M,36
515,455,F,48
516,456,F,30
517,457,F,34
518,458,F,49
519,459,F,60
520,460,F,56
521,460,F,44
522,461,M,33
523,462,F,42
524,462,M,42
525,463,F,45
526,463,M,30
527,464,M,34
528,465,M,43
529,465,M,57
530,466,F,31
531,467,M,16
532,467,M,15
533,468,F,30
534,469,F,30
535,469,F,9
536,470,M,35
537,471,M,37
538,472,M,49
539,473,F,44
540,474,F,32
541,475,F,51
542,476,M,8
543,477,F,39
544,478,F,20
545,479,M,16
546,480,F,18
547,481,F,7
548,481,F,15
549,482,M,19
550,483,F,27
551,484,F,20
552,485,F,27
553,486,F,33
554,487,F,40
555,488,F,50
556,489,F,49
557,489,M,53
558,490,F,28
559,491,F,45
560,492,F,24
561,492,F,27
562,493,F,56
563,493,F,39
564,494,M,60
565,495,F,19
566,496,F,59
567,497,M,27
568,498,M,40
569,499,F,22
570,499,M,58
571,500,F,30
572,501,F,43
573,502,M,32
574,502,M,30
575,503,F,48
576,504,M,26
577,505,M,18
578,506,F,48
579,507,M,60
580,507,M,38
581,508,M,13
582,509,T,49
583,510,M,39
584,511,M,15
585,512,F,49
586,513,F,47
587,514,M,28
588,515,F,19
589,515,F,19
590,516,F,30
591,517,F,30
592,518,F,45
593,519,F,22
594,520,F,20
595,521,F,33
596,522,F,55
597,522,M,48
598,523,F,40
599,524,F,55
600,525,F,23
601,526,F,35
602,527,F,49
603,528,F,59
604,528,M,46
605,529,F,23
606,530,F,35
607,531,M,12
608,532,F,29
609,533,F,14
610,534,F,40
611,535,M,29
612,536,M,51
613,537,M,38
614,538,F,14
615,539,F,8
616,540,F,31
617,541,F,16
618,542,M,14
619,543,M,32
620,544,M,15
621,545,M,20
622,546,F,50
623,547,F,35
624,548,F,32
625,549,M,45
626,550,M,41
627,551,M,45
628,552,F,21
629,553,F,25
630,554,F,29
631,555,M,34
632,556,F,62
633,557,F,36
634,558,F,11
635,559,F,34
636,559,F,29
637,560,F,18
638,561,M,22
639,562,T,44
640,563,F,31
641,564,M,47
642,564,M,18
643,565,M,40
644,566,F,63
645,567,F,11
646,568,F,20
647,569,M,39
648,570,F,31
649,571,M,37
650,571,M,45
651,572,M,40
652,573,F,39
653,574,F,41
654,575,M,56
655,575,M,24
656,576,M,40
657,577,F,22
658,578,M,27
659,579,M,10
660,580,F,52
661,580,M,22
662,581,F,27
663,582,M,36
664,583,F,34
665,584,M,34
666,585,M,64
667,586,F,22
668,587,F,7
669,587,M,36
670,588,F,41
671,588,M,21
672,589,F,9
673,590,M,19
674,591,F,45
675,592,M,37
676,593,F,22
677,594,F,30
678,595,M,25
679,596,M,40
680,597,F,62
681,598,M,56
682,599,M,31
683,600,F,22
684,601,F,28
685,602,M,30
686,602,M,36
687,603,M,39
688,604,F,56
689,605,F,9
690,606,M,29
691,607,M,54
692,608,M,29
693,609,M,26
694,610,M,27
695,611,F,56
696,612,F,39
697,613,M,42
698,614,F,5
699,615,M,23
700,616,M,17
701,617,F,31
702,618,M,26
703,619,F,66
704,620,M,59
705,620,M,22
706,621,M,43
707,622,F,11
708,623,F,43
709,624,M,33
710,625,F,27
711,626,M,52
712,627,M,28
713,628,F,54
714,628,F,29
715,629,M,34
716,630,M,14
717,631,M,45
718,632,M,17
719,633,F,47
720,634,F,65
721,635,F,36
722,636,M,6
723,637,M,51
724,637,F,45
725,638,M,37
726,639,F,30
727,640,F,39
728,641,M,36
729,642,M,52
730,643,M,33
731,644,M,48
732,644,F,34
733,645,T,34
734,646,F,32
735,647,M,46
736,648,M,31
737,648,M,46
738,649,M,10
739,650,M,59
740,651,F,42
741,652,F,36
742,653,F,42
743,654,F,24
744,655,M,41
745,656,M,18
746,657,M,32
747,658,M,39
748,659,M,25
749,660,F,52
750,661,M,45
751,662,F,46
752,663,M,43
753,664,F,28
754,665,M,28
755,665,M,34
756,666,M,13
757,667,F,19
758,668,M,38
759,668,F,38
760,669,M,5
761,670,M,25
762,671,M,55
763,672,F,22
764,672,F,30
765,673,F,51
766,674,M,29
767,674,M,47
768,675,T,11
769,676,F,27
770,677,F,16
771,678,M,31
772,679,F,20
773,680,M,5
774,681,F,19
775,682,F,33
776,683,F,50
777,684,F,33
778,685,M,14
779,686,M,32
780,687,M,58
781,688,F,38
782,689,F,33
783,690,M,45
784,691,F,14
785,692,F,50
786,693,M,39
787,694,F,33
788,695,M,29
789,695,M,43
790,696,F,19
791,697,M,20
792,698,F,27
793,698,M,50
794,699,M,26
795,700,M,57
796,700,M,64
797,701,F,50
798,702,F,25
799,703,F,24
800,704,F,26
801,704,M,15
802,705,M,21
803,706,F,33
804,706,F,44
805,707,F,25
806,708,M,58
807,709,F,23
808,710,F,25
809,711,M,12
810,712,M,16
811,713,M,30
812,714,F,34
813,715,F,50
814,716,F,27
815,717,F,46
816,718,F,49
817,719,F,42
818,720,F,50
819,721,F,19
820,721,F,11
821,722,M,39
822,723,F,37
823,724,M,28
824,725,M,36
825,726,F,20
826,727,M,48
827,728,M,69
828,729,M,30
829,730,F,33
830,731,F,28
831,732,M,19
832,732,F,50
833,733,F,19
834,734,M,54
835,735,F,61
836,736,M,47
837,737,M,40
838,738,F,12
839,739,M,19
840,740,M,28
841,741,M,27
842,742,F,37
843,743,F,32
844,744,F,38
845,745,F,29
846,746,M,24
847,746,F,35
848,747,M,46
849,747,M,41
850,748,F,24
851,749,F,41
852,750,F,22
853,750,F,8
854,751,F,34
855,752,M,16
856,753,F,57
857,754,F,33
858,755,F,34
859,756,F,5
860,757,M,39
861,758,M,30
862,759,F,29
863,760,M,37
864,761,M,13
865,762,F,26
866,763,M,51
867,764,M,48
868,765,F,39
869,766,F,25
870,767,F,50
871,768,F,17
872,769,F,22
873,769,T,24
874,770,F,28
875,770,M,56
876,771,F,27
877,772,M,26
878,773,F,38
879,774,M,45
880,775,F,33
881,776,M,55
882,776,M,23
883,777,F,25
884,778,F,45
885,779,M,43
886,780,M,36
887,781,F,24
888,781,M,11
889,782,F,29
890,783,M,13
891,784,F,36
892,785,M,22
893,786,F,41
894,787,M,30
895,788,M,31
896,789,F,37
897,790,F,27
898,791,F,37
899,792,F,38
900,793,M,16
901,794,M,35
902,795,F,39
903,795,F,42
904,796,M,44
905,797,F,37
906,798,M,30
907,799,F,5
908,800,F,37
909,801,M,56
910,802,M,33
911,802,M,47
912,803,F,35
913,804,F,53
914,805,M,47
915,806,M,59
916,806,F,42
917,807,M,62
918,808,F,31
919,809,F,26
920,810,M,69
921,811,F,28
922,812,M,46
923,813,F,24
924,814,F,15
925,815,M,38
926,816,M,43
927,817,F,48
928,818,F,14
929,819,F,30
930,820,F,24
931,821,F,35
932,822,M,38
933,823,M,39
934,824,M,51
935,825,F,5
936,826,M,22
937,827,F,14
938,828,F,37
939,829,M,37
940,830,F,17
941,831,M,58
942,831,F,40
943,832,F,15
944,832,M,29
945,833,F,45
946,834,F,30
947,834,M,31
948,835,F,43
949,835,M,48
950,836,F,49
951,836,M,11
952,837,F,30
953,838,M,51
954,838,F,23
955,839,F,52
956,840,F,62
957,841,M,47
958,842,M,29
959,843,F,41
960,844,F,37
961,845,F,5
962,846,M,54
963,847,F,19
964,848,M,33
965,849,M,52
966,849,F,7
967,850,M,58
968,851,F,33
969,852,F,47
970,853,T,37
971,854,M,15
972,855,M,48
973,856,F,39
974,857,M,60
975,858,F,53
976,859,F,47
977,860,F,33
978,861,F,41
979,862,F,18
980,863,M,38
981,864,F,43
982,865,M,25
983,866,M,45
984,867,M,18
985,868,F,24
986,869,M,38
987,870,F,20
988,871,F,7
989,872,M,35
990,873,F,33
991,874,M,43
992,875,F,11
993,876,M,36
994,877,M,48
995,878,M,20
996,879,M,28
997,880,M,42
998,881,M,45
999,882,F,52
1000,883,M,37
1001,884,F,50
1002,885,F,44
1003,886,F,54
1004,887,M,40
1005,888,M,38
1006,889,F,31
1007,890,M,44
1008,891,F,64
1009,892,M,13
1010,892,F,13
1011,893,M,19
1012,894,F,51
1013,895,F,45
1014,896,F,33
1015,897,F,20
1016,898,M,37
1017,898,M,28
1018,899,M,48
1019,900,F,44
1020,901,F,52
1021,902,M,45
1022,903,T,22
1023,903,F,25
1024,904,M,23
1025,905,M,40
1026,906,F,20
1027,907,F,18
1028,908,M,50
1029,909,M,47
1030,910,F,47
1031,910,M,5
1032,911,F,48
1033,912,M,33
1034,913,F,49
1035,914,M,37
1036,915,F,54
1037,916,F,50
1038,916,M,21
1039,917,F,33
1040,918,M,40
1041,919,M,29
1042,920,F,34
1043,921,T,15
1044,922,F,52
1045,923,M,32
1046,923,M,22
1047,924,F,24
1048,925,F,52
1049,925,F,15
1050,926,M,45
1051,926,F,25
1052,927,M,33
1053,928,F,37
1054,929,F,35
1055,930,F,64
1056,931,F,55
1057,931,M,12
1058,932,F,43
1059,933,M,53
1060,934,F,29
1061,935,F,37
1062,936,F,58
1063,937,F,49
1064,938,F,53
1065,939,M,46
1066,940,M,29
1067,940,M,26
1068,941,M,25
1069,942,F,29
1070,943,F,60
1071,944,F,29
1072,944,F,5
1073,945,F,41
1074,946,M,61
1075,947,F,22
1076,948,M,39
1077,949,F,45
1078,950,M,38
1079,951,M,33
1080,951,F,32
1081,952,F,40
1082,953,F,22
1083,953,M,41
1084,954,F,19
1085,955,F,54
1086,955,F,15
1087,956,M,12
1088,957,M,27
1089,958,F,36
1090,959,M,33
1091,960,F,28
1092,960,F,23
1093,961,F,22
1094,962,M,36
1095,963,M,26
1096,963,M,29
1097,964,F,29
1098,965,M,50
1099,966,F,27
1100,966,F,59
1101,967,F,36
1102,968,M,14
1103,968,F,20
1104,969,M,24
1105,970,F,27
1106,971,F,18
1107,972,M,52
1108,973,M,38
1109,974,F,29
1110,975,M,48
1111,976,M,8
1112,976,F,38
1113,977,M,33
1114,978,M,53
1115,979,F,48
1116,979,M,38
1117,980,F,42
1118,981,F,35
1119,982,M,17
1120,983,M,32
1121,984,F,63
1122,985,M,19
1123,986,F,23
1124,987,F,33
1125,988,F,5
1126,989,F,44
1127,990,M,34
1128,991,M,22
1129,992,F,23
1130,992,M,41
1131,993,M,32
1132,994,F,37
1133,995,M,50
1134,996,F,12
1135,996,M,18
1136,997,F,42
1137,998,F,43
1138,998,F,12
1139,999,M,43
1140,999,F,8
1141,1000,M,29
1142,1000,M,31
1143,1001,T,11
1144,1002,F,33
1145,1003,M,39
1146,1004,F,41
1147,1005,F,31
1148,1006,F,22
1149,1007,M,7
1150,1007,F,39
1151,1008,M,29
1152,1009,F,27
1153,1009,M,21
1154,1010,F,23
1155,1011,M,22
1156,1012,F,31
1157,1013,F,45
1158,1014,F,29
1159,1015,M,38
1160,1015,M,8
1161,1016,M,24
1162,1017,F,36
1163,1018,M,31
1164,1019,M,36
1165,1020,F,38
1166,1021,F,39
1167,1022,F,31
1168,1023,F,51
1169,1024,F,49
1170,1025,F,54
1171,1026,F,37
1172,1027,F,20
1173,1028,M,27
1174,1029,F,30
1175,1029,F,52
1176,1030,M,41
1177,1031,M,27
1178,1032,F,19
1179,1033,M,22
1180,1034,M,29
1181,1035,F,13
1182,1036,F,43
1183,1037,F,46
1184,1038,M,32
1185,1039,M,46
1186,1040,F,36
1187,1041,F,23
1188,1042,M,24
1189,1043,M,17
1190,1044,F,35
1191,1045,F,52
1192,1046,F,42
1193,1047,M,12
1194,1048,F,12
1195,1049,F,51
1196,1050,F,34
1197,1051,F,18
1198,1052,M,35
1199,1053,F,17
1200,1054,F,5
1201,1055,M,40
1202,1055,F,26
1203,1056,M,25
1204,1057,M,55
1205,1058,F,35
1206,1058,M,17
1207,1059,F,48
1208,1060,M,44
1209,1061,F,30
1210,1062,M,48
1211,1063,M,26
1212,1064,M,35
1213,1065,F,16
1214,1066,F,40
1215,1067,F,43
1216,1068,M,11
1217,1069,F,36
1218,1070,F,33
1219,1071,F,30
1220,1072,F,21
1221,1073,F,24
1222,1074,F,65
1223,1075,F,32
1224,1076,F,44
1225,1077,F,32
1226,1078,M,34
1227,1079,F,71
1228,1080,M,29
1229,1081,F,20
1230,1082,F,39
1231,1082,M,38
1232,1083,M,33
1233,1084,F,50
1234,1084,F,37
1235,1085,F,14
1236,1086,M,34
1237,1087,M,31
1238,1088,F,62
1239,1089,F,37
1240,1090,F,27
1241,1091,F,13
1242,1091,F,12
1243,1092,M,41
1244,1093,M,33
1245,1094,F,44
1246,1095,M,46
1247,1096,M,31
1248,1097,F,50
1249,1098,F,31
1250,1099,F,29
1251,1100,M,48
1252,1101,M,46
1253,1102,M,29
1254,1103,M,26
1255,1104,F,43
1256,1105,M,23
1257,1106,F,39
1258,1107,M,38
1259,1108,F,48
1260,1109,M,50
1261,1110,F,35
1262,1111,T,38
1263,1112,M,38
1264,1113,F,22
1265,1113,F,25
1266,1114,F,50
1267,1115,M,40
1268,1116,F,50
1269,1117,M,47
1270,1118,F,21
1271,1119,F,15
1272,1120,F,53
1273,1121,F,41
1274,1122,M,22
1275,1123,M,38
1276,1124,F,34
1277,1125,M,64
1278,1126,M,62
1279,1127,M,50
1280,1128,M,50
1281,1129,M,35
1282,1130,F,41
1283,1131,F,49
1284,1132,F,65
1285,1133,M,22
1286,1133,T,44
1287,1134,F,57
1288,1135,M,5
1289,1136,F,27
1290,1137,M,31
1291,1138,M,29
1292,1138,M,41
1293,1139,F,20
1294,1139,M,23
1295,1140,M,15
1296,1141,F,25
1297,1142,M,5
1298,1143,F,48
1299,1144,M,38
1300,1145,M,33
1301,1146,F,31
1302,1147,F,13
1303,1148,M,35
1304,1149,F,53
1305,1150,F,30
1306,1151,M,41
1307,1152,F,28
1308,1153,F,36
1309,1153,M,38
1310,1154,F,33
1311,1155,M,37
1312,1156,F,48
1313,1157,F,50
1314,1158,M,55
1315,1158,F,39
1316,1159,M,38
1317,1160,M,31
1318,1161,F,18
1319,1162,M,45
1320,1163,T,32
1321,1164,M,62
1322,1165,F,36
1323,1166,F,14
1324,1167,M,53
1325,1168,M,41
1326,1169,F,6
1327,1170,M,32
1328,1171,F,28
1329,1172,F,41
1330,1173,M,40
1331,1174,M,29
1332,1175,F,24
1333,1176,M,22
1334,1177,M,69
1335,1178,M,18
1336,1179,F,40
1337,1180,F,45
1338,1181,F,52
1339,1182,M,42
1340,1183,M,36
1341,1183,M,15
1342,1184,F,46
1343,1185,M,31
1344,1186,M,44
1345,1187,M,32
1346,1188,F,54
1347,1188,M,29
1348,1189,F,35
1349,1190,F,41
1350,1190,F,47
1351,1191,F,36
1352,1192,F,18
1353,1193,M,38
1354,1194,M,43
1355,1195,F,31
1356,1196,F,13
1357,1197,M,45
1358,1198,F,47
1359,1199,F,29
1360,1200,M,45
1361,1201,F,27
1362,1202,M,23
1363,1203,F,11
1364,1204,M,25
1365,1205,F,71
1366,1206,F,54
1367,1207,F,40
1368,1208,F,45
1369,1209,M,35
1370,1210,F,25
1371,1210,F,57
1372,1211,M,20
1373,1212,M,34
1374,1213,F,32
1375,1214,M,39
1376,1214,M,25
1377,1215,M,42
1378,1215,M,50
1379,1216,M,18
1380,1217,T,18
1381,1218,M,63
1382,1219,F,29
1383,1220,F,44
1384,1221,M,22
1385,1222,F,30
1386,1223,F,54
1387,1224,M,34
1388,1225,F,42
1389,1226,M,11
1390,1227,M,40
1391,1228,M,30
1392,1229,F,41
1393,1230,F,52
1394,1230,M,45
1395,1231,M,29
1396,1232,M,37
1397,1233,M,44
1398,1233,M,44
1399,1234,T,22
1400,1235,M,34
1401,1236,M,30
1402,1237,M,57
1403,1238,M,39
1404,1238,M,25
1405,1239,T,35
1406,1240,M,16
1407,1241,T,24
1408,1241,M,40
1409,1242,M,58
1410,1243,F,51
1411,1244,M,33
1412,1245,M,20
1413,1246,M,43
1414,1246,M,43
1415,1247,M,24
1416,1248,F,43
1417,1249,F,47
1418,1250,F,19
1419,1250,F,44
1420,1251,F,26
1421,1252,M,28
1422,1253,M,56
1423,1254,M,53
1424,1255,M,39
1425,1256,F,32
1426,1257,F,38
1427,1258,M,37
1428,1259,T,18
1429,1260,M,29
1430,1261,M,35
1431,1262,M,34
1432,1263,F,47
1433,1263,F,5
1434,1264,F,20
1435,1265,F,35
1436,1266,M,50
1437,1267,F,25
1438,1268,F,30
1439,1269,F,33
1440,1270,M,22
1441,1271,M,38
1442,1272,T,33
1443,1272,F,67
1444,1273,M,60
1445,1273,F,38
1446,1274,M,50
1447,1274,M,28
1448,1275,F,24
1449,1275,M,54
1450,1276,F,45
1451,1277,M,10
1452,1278,F,33
1453,1279,F,37
1454,1280,F,28
1455,1281,F,5
1456,1282,M,41
1457,1283,M,52
1458,1284,M,12
1459,1285,F,12
1460,1286,F,45
1461,1287,M,29
1462,1288,M,39
1463,1289,T,13
1464,1290,M,32
1465,1291,M,39
1466,1292,M,39
1467,1293,F,19
1468,1294,F,14
1469,1295,F,27
1470,1296,M,32
1471,1297,T,31
1472,1298,M,27
1473,1299,F,34
1474,1300,F,38
1475,1301,M,39
1476,1302,M,43
1477,1303,M,32
1478,1304,M,29
1479,1305,M,51
1480,1306,M,26
1481,1307,M,50
1482,1307,M,34
1483,1308,F,8
1484,1309,M,35
1485,1310,M,58
1486,1311,F,21
1487,1312,F,17
1488,1313,F,52
1489,1313,F,29
1490,1314,M,34
1491,1315,F,5
1492,1316,F,53
1493,1317,F,38
1494,1318,M,31
1495,1319,M,37
1496,1320,F,29
1497,1321,M,39
1498,1322,M,27
1499,1323,M,37
1500,1324,F,30
1501,1324,T,19
1502,1325,F,39
1503,1326,M,57
1504,1327,T,15
1505,1328,M,41
1506,1329,M,19
1507,1330,F,28
1508,1331,M,27
1509,1332,F,19
1510,1332,M,39
1511,1333,F,25
1512,1334,F,27
1513,1335,F,29
1514,1336,F,60
1515,1337,F,45
1516,1338,M,33
1517,1339,F,30
1518,1340,F,28
1519,1341,F,29
1520,1341,F,34
1521,1342,F,40
1522,1342,M,50
1523,1343,F,28
1524,1344,M,31
1525,1345,M,36
1526,1346,F,33
1527,1347,M,21
1528,1348,F,36
1529,1349,M,25
1530,1350,F,39
1531,1351,M,46
1532,1352,M,6
1533,1353,M,43
1534,1354,M,20
1535,1355,M,55
1536,1356,M,50
1537,1357,F,12
1538,1358,M,37
1539,1359,F,27
1540,1360,F,28
1541,1361,F,47
1542,1362,M,20
1543,1363,M,36
1544,1364,F,37
1545,1365,F,42
1546,1366,F,20
1547,1367,F,13
1548,1368,M,29
1549,1369,F,21
1550,1370,M,17
1551,1371,F,44
1552,1372,M,29
1553,1372,F,52
1554,1373,F,5
1555,1374,M,5
1556,1375,M,25
1557,1376,M,16
1558,1377,M,45
1559,1378,T,18
1560,1379,F,33
1561,1380,F,11
1562,1381,F,30
1563,1382,M,23
1564,1383,M,41
1565,1384,F,32
1566,1385,M,37
1567,1386,F,48
1568,1387,F,39
1569,1388,F,50
1570,1389,M,34
1571,1390,F,37
1572,1391,F,45
1573,1391,M,23
1574,1392,F,59
1575,1393,M,39
1576,1394,M,40
1577,1395,F,23
1578,1396,F,28
1579,1397,M,21
1580,1397,M,18
1581,1398,M,50
1582,1399,M,47
1583,1400,M,32
1584,1401,F,45
1585,1402,M,45
1586,1403,M,9
1587,1404,M,64
1588,1405,M,43
1589,1406,F,42
1590,1407,M,11
1591,1408,F,9
1592,1408,T,23
1593,1409,M,14
1594,1410,M,25
1595,1411,M,13
1596,1412,F,29
1597,1413,M,28
1598,1414,F,30
1599,1415,F,55
1600,1415,M,39
1601,1416,F,20
1602,1417,M,53
1603,1418,F,19
1604,1419,M,48
1605,1420,F,34
1606,1421,M,36
1607,1421,M,44
1608,1422,M,47
1609,1423,F,5
1610,1423,M,31
1611,1424,F,17
1612,1425,M,25
1613,1426,F,42
1614,1426,F,36
1615,1427,M,45
1616,1427,M,48
1617,1428,M,67
1618,1429,F,16
1619,1430,M,41
1620,1431,F,53
1621,1432,F,22
1622,1432,F,46
1623,1433,F,33
1624,1433,F,19
1625,1434,M,23
1626,1435,M,68
1627,1436,T,29
1628,1436,F,32
1629,1437,F,5
1630,1438,M,15
1631,1439,M,29
1632,1440,M,42
1633,1441,F,52
1634,1442,F,37
1635,1443,M,20
1636,1444,M,36
1637,1445,M,41
1638,1446,F,30
1639,1446,F,48
1640,1447,M,21
1641,1447,F,29
1642,1448,M,30
1643,1449,M,25
1644,1450,F,5
1645,1451,F,36
1646,1452,F,53
1647,1453,F,27
1648,1454,F,35
1649,1455,F,43
1650,1456,M,41
1651,1457,F,5
1652,1458,F,47
1653,1459,M,20
1654,1460,F,50
1655,1461,M,34
1656,1462,F,45
1657,1463,M,50
1658,1464,M,60
1659,1465,F,58
1660,1466,F,31
1661,1467,F,25
1662,1467,M,18
1663,1468,F,44
1664,1469,F,37
1665,1470,M,46
1666,1471,F,20
1667,1472,M,34
1668,1473,M,28
1669,1474,M,15
1670,1475,F,31
1671,1476,M,21
1672,1477,F,15
1673,1478,F,16
1674,1479,F,19
1675,1479,F,26
1676,1480,M,32
1677,1480,T,8
1678,1481,M,39
1679,1482,M,35
1680,1483,F,35
1681,1484,F,51
1682,1485,M,54
1683,1486,F,22
1684,1487,F,12
1685,1488,F,7
1686,1489,M,44
1687,1490,F,46
1688,1491,M,15
1689,1491,F,24
1690,1492,F,38
1691,1493,M,33
1692,1494,F,23
1693,1494,M,34
1694,1495,M,40
1695,1496,F,19
1696,1497,M,47
1697,1498,F,27
1698,1499,M,26
1699,1500,F,24
1700,1501,M,20
1701,1502,M,26
1702,1503,F,33
1703,1504,F,29
1704,1505,M,35
1705,1506,F,34
1706,1507,F,12
1707,1507,M,41
1708,1508,F,5
1709,1509,M,33
1710,1510,F,57
1711,1511,F,39
1712,1511,F,27
1713,1512,M,53
1714,1512,F,27
1715,1513,F,22
1716,1514,F,17
1717,1515,M,17
1718,1516,F,21
1719,1517,M,40
1720,1517,M,31
1721,1518,F,57
1722,1518,M,47
1723,1519,F,27
1724,1520,M,30
1725,1521,M,50
1726,1522,M,33
1727,1522,F,38
1728,1523,M,25
1729,1524,F,15
1730,1525,M,54
1731,1526,M,47
1732,1526,M,33
1733,1527,F,23
1734,1528,F,18
1735,1529,F,38
1736,1530,F,25
1737,1530,F,22
1738,1531,M,19
1739,1531,M,72
1740,1532,F,62
1741,1532,M,35
1742,1533,F,24
1743,1534,F,48
1744,1535,M,38
1745,1536,T,22
1746,1536,F,37
1747,1537,F,47
1748,1538,M,62
1749,1538,M,5
1750,1539,F,28
1751,1539,F,46
1752,1540,F,34
1753,1541,M,46
1754,1542,F,49
1755,1543,F,69
1756,1544,M,18
1757,1545,M,34
1758,1545,M,39
1759,1546,M,21
1760,1547,M,35
1761,1548,F,17
1762,1549,M,42
1763,1550,F,32
1764,1551,F,24
1765,1551,M,28
1766,1552,M,38
1767,1552,F,37
1768,1553,F,47
1769,1554,F,31
1770,1555,F,34
1771,1556,M,9
1772,1557,F,26
1773,1558,F,61
1774,1559,F,31
1775,1560,F,26
1776,1561,F,44
1777,1561,F,31
1778,1562,F,52
1779,1563,F,39
1780,1564,F,45
1781,1565,F,42
1782,1566,M,23
1783,1567,M,20
1784,1568,F,16
1785,1568,M,30
1786,1569,M,55
1787,1570,M,61
1788,1571,F,56
1789,1572,F,48
1790,1573,F,7
1791,1574,M,38
1792,1575,F,21
1793,1576,F,30
1794,1577,M,23
1795,1577,F,20
1796,1578,F,41
1797,1579,M,38
1798,1580,F,40
1799,1580,M,31
1800,1581,M,15
1801,1582,M,35
1802,1583,F,46
1803,1584,M,19
1804,1585,M,39
1805,1586,M,56
1806,1587,F,50
1807,1587,F,31
1808,1588,F,10
1809,1589,M,19
1810,1589,F,30
1811,1590,M,34
1812,1590,F,17
1813,1591,F,37
1814,1592,M,31
1815,1593,M,24
1816,1594,M,26
1817,1595,F,22
1818,1596,M,51
1819,1597,M,20
1820,1597,F,19
1821,1598,M,34
1822,1599,F,16
1823,1600,M,46
1824,1601,F,50
1825,1602,M,20
1826,1603,M,29
1827,1604,F,40
1828,1605,M,37
1829,1606,F,32
1830,1607,M,35
1831,1607,M,37
1832,1608,F,28
1833,1608,F,35
1834,1609,M,30
1835,1610,F,46
1836,1611,F,35
1837,1612,F,40
1838,1613,F,29
1839,1614,F,22
1840,1615,F,39
1841,1616,F,13
1842,1617,M,25
1843,1618,F,39
1844,1619,F,26
1845,1620,F,39
1846,1621,F,28
1847,1622,F,33
1848,1623,F,21
1849,1624,F,18
1850,1625,F,44
1851,1625,M,32
1852,1626,F,32
1853,1627,M,6
1854,1628,F,67
1855,1629,M,53
1856,1630,M,8
1857,1631,T,23
1858,1632,M,33
1859,1633,F,35
1860,1634,F,27
1861,1635,F,35
1862,1636,F,43
1863,1636,M,40
1864,1637,F,33
1865,1638,F,43
1866,1638,M,42
1867,1639,F,49
1868,1640,F,39
1869,1641,M,43
1870,1642,M,45
1871,1643,M,41
1872,1644,M,42
1873,1645,F,28
1874,1646,M,19
1875,1647,F,45
1876,1648,T,71
1877,1648,M,32
1878,1649,M,50
1879,1650,M,39
1880,1651,M,27
1881,1652,F,47
1882,1652,M,34
1883,1653,M,23
1884,1654,F,34
1885,1655,F,41
1886,1655,F,11
1887,1656,M,58
1888,1657,M,26
1889,1657,F,40
1890,1658,F,46
1891,1659,M,60
1892,1659,F,31
1893,1660,F,38
1894,1661,F,8
1895,1661,M,16
1896,1662,M,49
1897,1663,M,35
1898,1664,F,32
1899,1665,F,43
1900,1666,F,55
1901,1666,M,24
1902,1667,M,50
1903,1668,M,48
1904,1669,F,51
1905,1669,M,29
1906,1670,F,57
1907,1670,F,29
1908,1671,F,34
1909,1671,F,18
1910,1672,M,47
1911,1673,M,24
1912,1674,M,30
1913,1675,F,23
1914,1676,M,16
1915,1677,F,45
1916,1678,M,36
1917,1679,M,35
1918,1680,M,51
1919,1681,F,23
1920,1682,F,20
1921,1682,M,29
1922,1683,M,52
1923,1684,F,41
1924,1685,F,15
1925,1686,F,49
1926,1687,F,28
1927,1688,M,30
1928,1689,M,39
1929,1690,M,18
1930,1691,M,45
1931,1691,M,31
1932,1692,F,19
1933,1693,F,49
1934,1694,M,7
1935,1695,F,43
1936,1696,F,28
1937,1697,M,22
1938,1698,M,48
1939,1699,F,35
1940,1700,F,61
1941,1701,F,34
1942,1702,M,22
1943,1703,T,40
1944,1704,M,45
1945,1705,F,32
1946,1706,F,38
1947,1707,M,16
1948,1708,M,44
1949,1709,F,10
1950,1710,M,13
1951,1711,F,36
1952,1712,F,25
1953,1713,F,60
1954,1714,M,18
1955,1715,F,35
1956,1716,F,30
1957,1717,F,23
1958,1718,F,20
1959,1718,M,10
1960,1719,F,30
1961,1720,F,36
1962,1721,F,17
1963,1722,M,40
1964,1723,M,34
1965,1724,M,51
1966,1724,M,37
1967,1725,F,6
1968,1726,F,32
1969,1727,F,41
1970,1727,M,47
1971,1728,M,51
1972,1729,F,15
1973,1730,F,10
1974,1731,F,49
1975,1732,F,43
1976,1733,F,28
1977,1734,F,35
1978,1735,M,34
1979,1736,M,42
1980,1736,F,7
1981,1737,F,37
1982,1738,F,37
1983,1739,F,31
1984,1740,M,50
1985,1741,F,20
1986,1742,M,29
1987,1743,F,28
1988,1744,M,34
1989,1744,M,5
1990,1745,M,24
1991,1746,M,59
1992,1747,F,12
1993,1747,F,43
1994,1748,F,22
1995,1748,M,42
1996,1749,F,23
1997,1750,M,31
1998,1751,F,8
1999,1751,M,35
2000,1752,F,24
2001,1753,F,40
2002,1754,F,31
2003,1755,M,13
2004,1756,M,20
2005,1756,M,48
2006,1757,F,60
2007,1757,F,60
2008,1758,F,40
2009,1759,M,17
2010,1760,M,38
2011,1761,M,44
2012,1762,F,5
2013,1763,F,22
2014,1764,F,56
2015,1764,F,28
2016,1765,F,46
2017,1766,F,51
2018,1767,F,14
2019,1768,T,27
2020,1769,M,35
2021,1769,T,31
2022,1770,M,46
2023,1771,F,18
2024,1772,F,43
2025,1773,M,27
2026,1774,F,29
2027,1775,F,34
2028,1776,M,22
2029,1777,F,19
2030,1778,F,42
2031,1779,F,22
2032,1780,M,37
2033,1781,M,30
2034,1781,F,33
2035,1782,M,27
2036,1783,F,44
2037,1784,M,19
2038,1784,M,39
2039,1785,M,45
2040,1786,F,43
2041,1787,M,27
2042,1788,F,24
2043,1789,F,34
2044,1790,M,22
2045,1791,M,33
2046,1791,F,35
2047,1792,F,37
2048,1793,M,46
2049,1794,M,38
2050,1795,F,47
2051,1796,M,31
2052,1797,F,59
2053,1798,M,26
2054,1799,M,16
2055,1799,M,14
2056,1800,M,48
2057,1801,T,25
2058,1801,F,9
2059,1802,M,5
2060,1803,F,66
2061,1804,M,24
2062,1805,F,57
2063,1806,F,5
2064,1807,F,58
2065,1808,M,25
2066,1809,F,32
2067,1809,F,25
2068,1810,F,23
2069,1811,F,23
2070,1812,F,24
2071,1813,M,36
2072,1814,M,31
2073,1815,F,16
2074,1816,F,39
2075,1817,F,44
2076,1818,M,16
2077,1819,M,39
2078,1820,M,45
2079,1821,M,47
2080,1822,F,27
2081,1823,F,17
2082,1824,F,53
2083,1825,F,19
2084,1826,F,27
2085,1827,M,41
2086,1828,F,58
2087,1829,F,37
2088,1830,M,34
2089,1831,F,22
2090,1832,M,57
2091,1833,F,55
2092,1834,F,26
2093,1835,F,25
2094,1835,M,42
2095,1836,M,6
2096,1837,M,31
2097,1838,M,30
2098,1839,M,20
2099,1839,M,34
2100,1840,M,44
2101,1841,F,26
2102,1842,M,20
2103,1843,F,63
2104,1843,M,60
2105,1844,M,44
2106,1845,T,26
2107,1846,M,50
2108,1847,M,57
2109,1848,F,49
2110,1849,T,38
2111,1850,M,44
2112,1851,M,55
2113,1852,M,39
2114,1852,F,35
2115,1853,M,55
2116,1854,M,34
2117,1855,F,43
2118,1856,M,48
2119,1857,M,34
2120,1858,M,32
2121,1858,M,39
2122,1859,F,41
2123,1860,F,28
2124,1861,F,40
2125,1861,F,40
2126,1862,F,21
2127,1863,F,24
2128,1864,F,41
2129,1865,F,58
2130,1866,F,57
2131,1867,F,42
2132,1868,F,61
2133,1869,F,36
2134,1870,M,34
2135,1871,F,40
2136,1872,F,18
2137,1873,F,60
2138,1873,M,27
2139,1874,M,24
2140,1875,F,5
2141,1875,F,34
2142,1876,F,55
2143,1877,M,10
2144,1878,F,20
2145,1879,M,43
2146,1879,M,39
2147,1880,M,46
2148,1881,F,33
2149,1882,M,11
2150,1883,M,33
2151,1884,M,47
2152,1885,F,42
2153,1886,F,12
2154,1886,F,32
2155,1887,F,41
2156,1888,M,54
2157,1889,M,48
2158,1890,F,16
2159,1891,M,40
2160,1891,F,50
2161,1892,F,16
2162,1893,F,29
2163,1893,M,38
2164,1894,F,12
2165,1895,M,50
2166,1896,F,36
2167,1897,M,25
2168,1898,F,36
2169,1899,M,36
2170,1900,F,30
2171,1901,M,18
2172,1902,M,32
2173,1903,M,47
2174,1904,M,41
2175,1905,M,29
2176,1906,M,28
2177,1907,F,50
2178,1908,F,33
2179,1909,F,52
2180,1910,M,57
2181,1911,F,37
2182,1912,F,47
2183,1913,F,8
2184,1914,M,15
2185,1915,F,28
2186,1916,M,14
2187,1917,F,37
2188,1918,F,38
2189,1919,M,11
2190,1920,M,39
2191,1921,F,68
2192,1922,F,15
2193,1923,F,38
2194,1924,M,57
2195,1925,M,29
2196,1925,M,14
2197,1926,F,43
2198,1927,M,27
2199,1928,M,22
2200,1929,M,32
2201,1930,M,33
2202,1931,M,26
2203,1932,M,5
2204,1933,F,25
2205,1934,F,11
2206,1935,F,18
2207,1935,M,46
2208,1936,F,28
2209,1936,F,30
2210,1937,F,27
2211,1938,F,44
2212,1939,M,32
2213,1939,F,24
2214,1940,M,33
2215,1940,T,6
2216,1941,F,33
2217,1942,M,40
2218,1943,T,31
2219,1944,F,32
2220,1945,F,51
2221,1946,F,59
2222,1947,M,40
2223,1948,M,61
2224,1949,M,39
2225,1950,F,37
2226,1951,F,17
2227,1951,F,32
2228,1952,M,34
2229,1952,F,43
2230,1953,M,22
2231,1954,F,25
2232,1955,M,26
2233,1956,M,45
2234,1956,M,45
2235,1957,M,5
2236,1958,M,34
2237,1959,F,53
2238,1960,M,5
2239,1961,M,47
2240,1962,F,39
2241,1963,M,39
2242,1963,M,33
2243,1964,F,39
2244,1965,M,54
2245,1966,M,48
2246,1967,F,49
2247,1968,M,30
2248,1969,F,20
2249,1970,F,28
2250,1971,F,8
2251,1971,F,9
2252,1972,F,39
2253,1973,F,38
2254,1974,F,41
2255,1975,M,55
2256,1976,F,59
2257,1976,M,8
2258,1977,F,23
2259,1978,M,21
2260,1979,M,43
2261,1980,F,46
2262,1981,F,27
2263,1982,F,29
2264,1983,M,41
2265,1983,M,25
2266,1984,M,38
2267,1985,F,10
2268,1985,M,30
2269,1986,M,36
2270,1986,F,11
2271,1987,M,49
2272,1987,M,67
2273,1988,F,44
2274,1989,F,31
2275,1990,F,42
2276,1991,F,10
2277,1992,F,31
2278,1992,F,28
2279,1993,M,37
2280,1994,M,34
2281,1995,F,26
2282,1996,M,47
2283,1997,F,50
2284,1998,F,32
2285,1999,F,46
2286,2000,F,38
2287,2001,M,62
2288,2002,M,28
2289,2003,M,37
2290,2004,F,26
2291,2004,F,17
2292,2005,M,55
2293,2005,M,34
2294,2006,F,28
2295,2007,F,41
2296,2008,F,29
2297,2009,F,22
2298,2010,F,28
2299,2011,F,26
2300,2012,M,41
2301,2013,M,34
2302,2014,F,22
2303,2015,M,34
2304,2016,M,21
2305,2016,F,12
2306,2017,F,46
2307,2018,M,46
2308,2019,M,31
2309,2020,F,61
2310,2021,M,39
2311,2022,M,61
2312,2023,F,11
2313,2023,F,27
2314,2024,F,25
2315,2025,F,45
2316,2026,F,61
2317,2027,M,19
2318,2028,F,21
2319,2029,M,52
2320,2030,M,42
2321,2031,M,28
2322,2032,F,18
2323,2033,F,44
2324,2034,M,19
2325,2035,F,26
2326,2036,M,51
2327,2037,F,37
2328,2038,F,6
2329,2039,F,34
2330,2040,F,41
2331,2041,M,26
2332,2042,M,19
2333,2043,M,32
2334,2044,M,20
2335,2045,F,24
2336,2046,M,24
2337,2047,F,35
2338,2048,F,17
2339,2048,F,42
2340,2049,M,41
2341,2050,F,28
2342,2050,F,24
2343,2051,F,39
2344,2052,M,25
2345,2052,F,24
2346,2053,F,38
2347,2054,F,18
2348,2055,M,30
2349,2056,F,35
2350,2057,F,64
2351,2057,M,21
2352,2058,M,39
2353,2059,F,5
2354,2060,F,29
2355,2061,M,42
2356,2062,M,30
2357,2062,F,28
2358,2063,M,52
2359,2063,M,65
2360,2064,F,14
2361,2065,M,57
2362,2066,F,35
2363,2067,T,43
2364,2067,F,32
2365,2068,M,31
2366,2069,M,40
2367,2070,F,24
2368,2071,M,53
2369,2072,M,17
2370,2073,M,49
2371,2074,F,37
2372,2075,M,5
2373,2076,F,51
2374,2077,M,48
2375,2077,F,39
2376,2078,F,23
2377,2079,F,31
2378,2080,F,22
2379,2081,M,66
2380,2082,M,15
2381,2083,F,37
2382,2084,T,29
2383,2085,F,68
2384,2085,F,12
2385,2086,M,23
2386,2087,M,19
2387,2087,M,35
2388,2088,F,16
2389,2089,F,43
2390,2090,F,33
2391,2091,F,35
2392,2092,F,24
2393,2093,M,32
2394,2094,F,33
2395,2095,F,5
2396,2096,M,41
2397,2096,F,54
2398,2097,M,22
2399,2098,M,45
2400,2099,M,43
2401,2100,M,47
2402,2101,M,60
2403,2101,M,26
2404,2102,F,33
2405,2103,M,45
2406,2103,F,38
2407,2104,M,26
2408,2105,M,46
2409,2106,M,24
2410,2107,M,48
2411,2108,F,26
2412,2109,F,21
2413,2110,F,34
2414,2111,F,17
2415,2112,M,21
2416,2113,M,38
2417,2114,M,15
2418,2115,F,47
2419,2116,M,43
2420,2117,F,29
2421,2118,F,44
2422,2118,M,26
2423,2119,M,28
2424,2120,F,19
2425,2121,F,44
2426,2122,M,32
2427,2123,M,50
2428,2124,F,49
2429,2125,M,29
2430,2126,M,26
2431,2126,M,38
2432,2127,F,37
2433,2128,F,30
2434,2129,F,34
2435,2130,F,31
2436,2131,M,43
2437,2132,M,46
2438,2133,F,6
2439,2134,M,22
2440,2135,M,53
2441,2136,F,43
2442,2137,F,45
2443,2138,M,52
2444,2138,F,55
2445,2139,F,51
2446,2140,M,19
2447,2141,F,43
2448,2142,F,55
2449,2143,F,30
2450,2144,M,25
2451,2145,F,18
2452,2146,F,29
2453,2147,M,45
2454,2148,M,34
2455,2149,M,39
2456,2150,F,40
2457,2151,M,37
2458,2152,M,33
2459,2152,M,48
2460,2153,M,20
2461,2154,F,20
2462,2154,F,46
2463,2155,F,24
2464,2156,M,62
2465,2157,M,50
2466,2158,M,12
2467,2159,F,30
2468,2160,M,45
2469,2161,F,17
2470,2162,F,61
2471,2163,M,25
2472,2163,M,54
2473,2164,F,25
2474,2165,M,27
2475,2166,M,37
2476,2167,M,24
2477,2168,M,51
2478,2169,M,21
2479,2170,F,36
2480,2171,M,32
2481,2172,F,40
2482,2173,F,25
2483,2174,F,35
2484,2174,F,22
2485,2175,M,5
2486,2176,F,27
2487,2177,T,28
2488,2178,F,24
2489,2179,F,32
2490,2180,M,31
2491,2181,M,52
2492,2182,M,9
2493,2183,M,36
2494,2184,F,39
2495,2185,M,47
2496,2186,F,26
2497,2187,M,7
2498,2188,M,11
2499,2189,F,37
2500,2190,M,26
2501,2191,M,32
2502,2192,F,31
2503,2193,M,31
2504,2194,F,32
2505,2195,T,39
2506,2196,F,59
2507,2197,F,28
2508,2198,M,35
2509,2199,F,44
2510,2200,T,54
2511,2201,F,35
2512,2201,M,27
2513,2202,M,57
2514,2203,F,36
2515,2204,M,24
2516,2205,F,40
2517,2206,F,28
2518,2207,F,27
2519,2208,F,18
2520,2209,F,6
2521,2210,F,56
2522,2211,F,16
2523,2211,M,13
2524,2212,M,5
2525,2213,F,17
2526,2213,M,55
2527,2214,M,37
2528,2214,M,9
2529,2215,F,46
2530,2216,F,24
2531,2217,M,26
2532,2218,F,35
2533,2219,M,20
2534,2220,M,18
2535,2221,M,15
2536,2222,M,29
2537,2223,F,49
2538,2224,F,24
2539,2225,M,40
2540,2226,M,29
2541,2227,M,31
2542,2228,M,27
2543,2229,M,21
2544,2230,M,26
2545,2231,F,52
2546,2232,F,30
2547,2233,F,60
2548,2234,M,26
2549,2235,M,38
2550,2236,M,28
2551,2237,F,68
2552,2238,F,30
2553,2239,F,22
2554,2240,M,40
2555,2240,F,54
2556,2241,F,21
2557,2242,F,5
2558,2243,F,33
2559,2244,F,32
2560,2245,M,33
2561,2246,M,60
2562,2247,M,34
2563,2248,F,30
2564,2249,M,36
2565,2250,M,40
2566,2251,M,28
2567,2252,M,20
2568,2252,F,58
2569,2253,M,42
2570,2254,F,22
2571,2255,F,41
2572,2256,M,24
2573,2257,F,15
2574,2258,M,14
2575,2258,M,15
2576,2259,M,64
2577,2260,M,30
2578,2260,F,35
2579,2261,F,35
2580,2262,F,48
2581,2263,F,50
2582,2264,F,26
2583,2265,M,30
2584,2266,F,32
2585,2267,F,51
2586,2268,M,39
2587,2268,F,30
2588,2269,F,29
2589,2270,M,43
2590,2271,F,16
2591,2272,M,32
2592,2273,F,46
2593,2274,M,35
2594,2275,F,38
2595,2276,M,20
2596,2277,F,40
2597,2278,F,37
2598,2279,M,25
2599,2280,F,16
2600,2281,F,37
2601,2282,F,48
2602,2282,M,30
2603,2283,F,5
2604,2284,M,37
2605,2285,F,5
2606,2286,F,43
2607,2287,F,50
2608,2288,M,20
2609,2288,M,8
2610,2289,M,56
2611,2290,F,13
2612,2291,F,14
2613,2292,M,13
2614,2293,F,24
2615,2294,F,17
2616,2295,F,33
2617,2296,F,52
2618,2297,F,40
2619,2297,M,38
2620,2298,F,10
2621,2298,M,28
2622,2299,M,32
2623,2299,M,26
2624,2300,M,41
2625,2300,M,25
2626,2301,F,19
2627,2302,F,27
2628,2303,F,27
2629,2303,F,62
2630,2304,F,37
2631,2305,F,23
2632,2306,F,49
2633,2307,M,62
2634,2308,M,30
2635,2309,M,54
2636,2310,F,54
2637,2311,M,22
2638,2312,M,34
2639,2313,M,48
2640,2314,F,40
2641,2315,M,34
2642,2316,M,15
2643,2317,F,39
2644,2318,F,28
2645,2319,M,32
2646,2319,F,14
2647,2320,F,25
2648,2321,F,31
2649,2322,M,46
2650,2323,F,44
2651,2324,M,47
2652,2324,F,26
2653,2325,M,58
2654,2326,F,38
2655,2327,M,53
2656,2328,F,23
2657,2329,F,21
2658,2330,F,43
2659,2331,M,38
2660,2332,F,31
2661,2333,F,43
2662,2333,F,24
2663,2334,F,34
2664,2335,F,5
2665,2336,M,33
2666,2337,F,22
2667,2338,F,26
2668,2339,F,48
2669,2340,F,42
2670,2340,T,21
2671,2341,F,50
2672,2342,F,28
2673,2343,F,22
2674,2344,M,47
2675,2345,M,37
2676,2346,M,31
2677,2347,M,27
2678,2348,M,31
2679,2349,M,14
2680,2349,F,45
2681,2350,F,11
2682,2351,F,45
2683,2352,M,19
2684,2352,M,37
2685,2353,F,26
2686,2354,F,37
2687,2355,M,12
2688,2356,M,32
2689,2357,F,48
2690,2358,M,38
2691,2359,F,48
2692,2359,F,42
2693,2360,F,32
2694,2360,F,48
2695,2361,T,13
2696,2362,M,46
2697,2363,M,48
2698,2364,F,41
2699,2364,M,39
2700,2365,M,33
2701,2366,F,48
2702,2367,F,25
2703,2368,F,27
2704,2369,M,26
2705,2370,M,47
2706,2371,F,46
2707,2372,M,26
2708,2372,F,23
2709,2373,F,39
2710,2374,F,22
2711,2374,F,34
2712,2375,F,19
2713,2375,F,28
2714,2376,F,31
2715,2377,F,30
2716,2378,T,28
2717,2379,F,36
2718,2380,F,30
2719,2380,F,27
2720,2381,M,47
2721,2382,M,53
2722,2383,F,18
2723,2383,M,39
2724,2384,M,25
2725,2385,F,25
2726,2386,F,31
2727,2387,F,44
2728,2388,F,32
2729,2389,F,36
2730,2390,F,16
2731,2390,F,8
2732,2391,M,36
2733,2391,F,50
2734,2392,M,39
2735,2393,F,33
2736,2394,M,21
2737,2395,M,40
2738,2396,M,32
2739,2396,M,28
2740,2397,F,25
2741,2397,M,37
2742,2398,M,41
2743,2399,M,46
2744,2400,F,26
2745,2401,F,25
2746,2402,F,47
2747,2403,M,50
2748,2404,F,32
2749,2404,M,39
2750,2405,F,34
2751,2406,F,24
2752,2407,F,40
2753,2408,F,29
2754,2409,T,5
2755,2410,M,18
2756,2411,F,37
2757,2411,T,6
2758,2412,M,60
2759,2413,M,5
2760,2414,F,55
2761,2415,F,74
2762,2416,M,41
2763,2417,F,21
2764,2418,F,29
2765,2419,M,23
2766,2419,M,27
2767,2420,F,12
2768,2421,M,52
2769,2422,M,32
2770,2423,M,41
2771,2424,M,27
2772,2424,F,41
2773,2425,M,20
2774,2426,F,74
2775,2427,F,42
2776,2428,M,30
2777,2428,M,36
2778,2429,M,30
2779,2430,M,31
2780,2431,F,56
2781,2432,F,57
2782,2433,M,32
2783,2434,F,29
2784,2435,F,34
2785,2436,F,26
2786,2437,F,29
2787,2438,M,28
2788,2439,M,23
2789,2440,M,42
2790,2441,F,39
2791,2442,F,30
2792,2443,F,26
2793,2444,F,49
2794,2445,F,32
2795,2446,F,33
2796,2446,M,39
2797,2447,F,58
2798,2448,F,27
2799,2449,M,26
2800,2450,M,21
2801,2450,F,41
2802,2451,F,5
2803,2452,F,64
2804,2453,F,47
2805,2454,F,49
2806,2455,F,32
2807,2456,F,23
2808,2457,M,38
2809,2458,M,24
2810,2459,M,36
2811,2460,F,11
2812,2461,M,45
2813,2462,M,37
2814,2463,F,42
2815,2464,F,35
2816,2464,M,41
2817,2465,F,10
2818,2466,F,45
2819,2466,M,32
2820,2467,F,48
2821,2468,F,33
2822,2469,F,6
2823,2470,T,5
2824,2471,F,32
2825,2472,F,54
2826,2473,F,37
2827,2474,M,22
2828,2475,F,57
2829,2476,M,57
2830,2477,M,38
2831,2477,F,44
2832,2478,M,50
2833,2479,M,20
2834,2480,M,35
2835,2481,M,47
2836,2482,F,26
2837,2483,M,24
2838,2484,M,45
2839,2485,M,25
2840,2486,F,38
2841,2487,M,31
2842,2488,M,44
2843,2489,F,52
2844,2490,M,25
2845,2491,F,22
2846,2492,M,25
2847,2492,F,29
2848,2493,F,5
2849,2494,F,25
2850,2495,M,50
2851,2496,M,27
2852,2497,T,9
2853,2498,M,16
2854,2499,F,26
2855,2500,F,18
2856,2501,F,33
2857,2502,F,45
2858,2503,F,19
2859,2503,F,33
2860,2504,F,33
2861,2505,M,56
2862,2506,M,52
2863,2506,F,43
2864,2507,F,16
2865,2508,F,28
2866,2509,F,32
2867,2510,T,44
2868,2511,M,21
2869,2512,F,32
2870,2513,F,25
2871,2514,M,51
2872,2515,F,39
2873,2516,F,17
2874,2517,M,40
2875,2518,F,53
2876,2518,F,12
2877,2519,F,49
2878,2520,M,58
2879,2521,M,58
2880,2522,M,41
2881,2523,F,43
2882,2524,F,29
2883,2525,M,16
2884,2526,M,44
2885,2527,F,33
2886,2528,M,29
2887,2529,F,41
2888,2530,M,6
2889,2531,M,41
2890,2532,F,35
2891,2533,F,24
2892,2534,F,41
2893,2535,M,36
2894,2536,F,23
2895,2537,M,33
2896,2537,F,32
2897,2538,M,38
2898,2539,F,41
2899,2540,M,39
2900,2541,F,14
2901,2541,F,30
2902,2542,M,49
2903,2543,F,9
2904,2543,F,46
2905,2544,M,52
2906,2545,M,38
2907,2546,F,21
2908,2547,M,13
2909,2548,F,21
2910,2548,M,18
2911,2549,M,33
2912,2549,F,22
2913,2550,M,47
2914,2551,M,30
2915,2552,M,14
2916,2553,F,25
2917,2554,M,52
2918,2555,F,46
2919,2556,F,51
2920,2557,F,26
2921,2558,M,38
2922,2559,M,11
2923,2559,M,32
2924,2560,M,17
2925,2561,M,29
2926,2562,M,29
2927,2562,F,19
2928,2563,M,39
2929,2564,F,29
2930,2564,M,41
2931,2565,M,25
2932,2566,M,23
2933,2567,F,36
2934,2568,F,11
2935,2569,F,47
2936,2570,F,45
2937,2571,M,34
2938,2572,F,17
2939,2573,F,27
2940,2574,M,30
2941,2575,F,17
2942,2576,M,42
2943,2577,M,16
2944,2578,M,29
2945,2579,M,20
2946,2580,M,21
2947,2581,F,30
2948,2582,F,5
2949,2583,M,22
2950,2584,M,48
2951,2584,F,54
2952,2585,M,38
2953,2585,F,65
2954,2586,F,28
2955,2587,M,18
2956,2588,F,30
2957,2589,M,50
2958,2590,M,5
2959,2591,F,20
2960,2592,M,41
2961,2593,F,37
2962,2594,M,28
2963,2595,M,13
2964,2596,F,42
2965,2597,F,35
2966,2598,M,19
2967,2599,F,20
2968,2600,F,63
2969,2601,M,40
2970,2602,M,35
2971,2603,M,49
2972,2604,M,27
2973,2605,F,32
2974,2606,M,12
2975,2607,M,14
2976,2608,F,19
2977,2609,M,47
2978,2610,M,36
2979,2611,F,34
2980,2612,F,34
2981,2613,M,52
2982,2614,F,49
2983,2615,F,15
2984,2616,M,17
2985,2617,F,10
2986,2618,F,48
2987,2619,M,30
2988,2620,M,35
2989,2621,M,32
2990,2622,F,5
2991,2623,F,31
2992,2623,F,35
2993,2624,F,60
2994,2625,F,48
2995,2626,F,15
2996,2627,M,65
2997,2628,F,48
2998,2628,M,5
2999,2629,F,15
3000,2629,F,34
3001,2630,F,53
3002,2631,M,20
3003,2631,M,25
3004,2632,F,64
3005,2633,F,18
3006,2634,M,15
3007,2635,M,11
3008,2636,F,36
3009,2637,F,33
3010,2638,M,31
3011,2638,F,5
3012,2639,F,8
3013,2639,M,56
3014,2640,M,58
3015,2641,M,59
3016,2642,M,28
3017,2643,M,35
3018,2644,M,25
3019,2645,F,38
3020,2645,M,25
3021,2646,M,50
3022,2647,M,57
3023,2647,F,51
3024,2648,M,60
3025,2649,M,46
3026,2650,M,52
3027,2651,M,46
3028,2652,M,34
3029,2653,F,23
3030,2654,M,53
3031,2655,F,35
3032,2656,T,36
3033,2657,M,36
3034,2657,F,20
3035,2658,M,8
3036,2659,F,27
3037,2660,M,9
3038,2661,M,35
3039,2661,F,43
3040,2662,F,49
3041,2663,F,39
3042,2664,M,37
3043,2665,F,29
3044,2666,M,25
3045,2667,F,48
3046,2668,F,30
3047,2669,F,37
3048,2670,F,26
3049,2670,M,5
3050,2671,M,18
3051,2672,F,47
3052,2673,F,43
3053,2674,F,37
3054,2675,F,43
3055,2676,F,51
3056,2677,M,15
3057,2678,F,37
3058,2679,M,43
3059,2679,M,40
3060,2680,F,42
3061,2681,F,47
3062,2682,F,19
3063,2683,M,33
3064,2684,M,25
3065,2684,F,16
3066,2685,F,24
3067,2686,F,47
3068,2687,F,43
3069,2688,F,33
3070,2689,F,43
3071,2690,M,34
3072,2691,F,12
3073,2691,M,47
3074,2692,M,40
3075,2693,M,22
3076,2694,F,28
3077,2695,F,31
3078,2696,M,37
3079,2697,F,35
3080,2698,F,40
3081,2699,F,5
3082,2700,M,37
3083,2701,F,29
3084,2702,M,14
3085,2703,F,34
3086,2704,F,38
3087,2705,F,43
3088,2706,F,23
3089,2706,F,31
3090,2707,M,59
3091,2707,F,51
3092,2708,M,49
3093,2708,M,10
3094,2709,M,50
3095,2710,F,28
3096,2711,F,18
3097,2712,F,5
3098,2713,F,54
3099,2713,M,35
3100,2714,M,31
3101,2715,M,34
3102,2716,F,52
3103,2717,F,25
3104,2717,M,29
3105,2718,M,48
3106,2719,F,31
3107,2720,M,46
3108,2721,M,42
3109,2722,F,23
3110,2723,M,45
3111,2724,F,28
3112,2725,M,36
3113,2726,M,29
3114,2727,F,46
3115,2728,F,40
3116,2728,M,31
3117,2729,F,37
3118,2730,F,33
3119,2731,M,15
3120,2732,M,29
3121,2733,M,16
3122,2734,M,37
3123,2735,F,48
3124,2736,F,31
3125,2737,M,11
3126,2737,M,25
3127,2738,F,30
3128,2739,F,43
3129,2740,M,27
3130,2741,M,29
3131,2742,F,19
3132,2743,F,41
3133,2744,M,26
3134,2745,F,17
3135,2746,M,50
3136,2747,M,56
3137,2747,M,30
3138,2748,F,47
3139,2748,M,63
3140,2749,M,20
3141,2749,M,33
3142,2750,M,34
3143,2751,F,5
3144,2751,M,42
3145,2752,M,45
3146,2752,F,28
3147,2753,F,33
3148,2754,M,37
3149,2754,M,56
3150,2755,M,46
3151,2756,M,28
3152,2756,M,39
3153,2757,M,31
3154,2758,M,57
3155,2758,M,20
3156,2759,M,29
3157,2760,F,38
3158,2761,M,35
3159,2761,T,21
3160,2762,F,23
3161,2763,M,27
3162,2764,M,33
3163,2765,F,21
3164,2766,F,33
3165,2767,F,26
3166,2768,F,49
3167,2769,F,11
3168,2770,M,42
3169,2771,F,34
3170,2772,F,46
3171,2773,M,48
3172,2774,M,42
3173,2775,M,21
3174,2776,F,25
3175,2776,M,24
3176,2777,F,52
3177,2778,F,20
3178,2779,F,7
3179,2780,F,35
3180,2781,F,31
3181,2782,T,17
3182,2783,F,26
3183,2783,M,30
3184,2784,M,21
3185,2785,M,27
3186,2786,F,5
3187,2786,M,27
3188,2787,M,9
3189,2788,F,44
3190,2789,F,40
3191,2790,F,9
3192,2791,F,35
3193,2791,M,49
3194,2792,F,72
3195,2793,M,9
3196,2794,F,46
3197,2795,F,41
3198,2796,F,39
3199,2797,F,45
3200,2798,M,49
3201,2799,M,33
3202,2800,M,64
3203,2801,F,38
3204,2801,F,24
3205,2802,M,47
3206,2803,F,38
3207,2803,F,44
3208,2804,F,55
3209,2805,F,6
3210,2806,M,21
3211,2807,F,22
3212,2807,M,38
3213,2808,F,47
3214,2809,F,12
3215,2810,M,37
3216,2811,F,28
3217,2812,M,52
3218,2813,M,39
3219,2814,M,43
3220,2815,T,37
3221,2816,M,60
3222,2816,M,48
3223,2817,F,14
3224,2817,M,36
3225,2818,F,42
3226,2819,M,34
3227,2820,F,28
3228,2821,M,32
3229,2822,F,22
3230,2823,M,46
3231,2824,F,32
3232,2824,F,32
3233,2825,M,49
3234,2826,M,36
3235,2827,F,44
3236,2828,F,27
3237,2829,F,44
3238,2830,F,26
3239,2831,F,29
3240,2832,M,36
3241,2833,F,51
3242,2833,F,21
3243,2834,F,20
3244,2835,F,17
3245,2836,M,24
3246,2837,M,39
3247,2838,F,13
3248,2839,M,48
3249,2840,F,27
3250,2841,F,31
3251,2841,F,22
3252,2842,M,10
3253,2843,M,18
3254,2844,F,33
3255,2845,F,46
3256,2846,F,30
3257,2847,F,53
3258,2848,F,53
3259,2849,F,39
3260,2850,M,30
3261,2851,M,46
3262,2851,M,46
3263,2852,M,40
3264,2853,M,27
3265,2854,M,10
3266,2855,M,5
3267,2856,M,47
3268,2857,M,27
3269,2858,M,36
3270,2859,F,17
3271,2860,F,16
3272,2861,M,7
3273,2862,M,67
3274,2863,M,10
3275,2864,F,22
3276,2865,M,16
3277,2866,F,33
3278,2867,M,24
3279,2867,F,30
3280,2868,F,22
3281,2869,F,45
3282,2870,F,11
3283,2871,F,32
3284,2872,M,15
3285,2873,F,41
3286,2874,M,19
3287,2875,F,55
3288,2876,M,23
3289,2877,F,40
3290,2878,F,52
3291,2879,M,23
3292,2879,M,46
3293,2880,M,46
3294,2881,F,45
3295,2882,M,35
3296,2883,F,33
3297,2884,F,34
3298,2884,M,28
3299,2885,M,64
3300,2886,M,43
3301,2887,F,55
3302,2888,F,54
3303,2889,M,40
3304,2890,F,50
3305,2891,F,43
3306,2892,M,39
3307,2893,M,55
3308,2894,M,21
3309,2895,F,27
3310,2896,T,16
3311,2896,F,17
3312,2897,M,32
3313,2898,F,33
3314,2898,F,47
3315,2899,M,33
3316,2900,M,19
3317,2901,M,10
3318,2902,M,41
3319,2903,F,25
3320,2904,M,49
3321,2905,M,28
3322,2905,M,32
3323,2906,T,41
3324,2907,F,46
3325,2908,F,47
3326,2908,F,43
3327,2909,M,7
3328,2910,M,5
3329,2911,M,35
3330,2912,F,27
3331,2912,F,22
3332,2913,M,54
3333,2914,F,18
3334,2915,F,43
3335,2915,F,59
3336,2916,M,25
3337,2917,F,16
3338,2917,F,34
3339,2918,M,5
3340,2919,M,34
3341,2920,F,21
3342,2921,F,34
3343,2922,F,18
3344,2923,F,47
3345,2924,F,44
3346,2925,M,15
3347,2925,F,34
3348,2926,M,27
3349,2927,F,34
3350,2928,M,49
3351,2929,M,33
3352,2930,M,5
3353,2931,F,35
3354,2932,M,32
3355,2933,F,41
3356,2934,F,42
3357,2935,M,33
3358,2936,M,33
3359,2937,M,11
3360,2938,F,35
3361,2939,M,38
3362,2940,F,26
3363,2941,F,26
3364,2942,M,31
3365,2943,F,50
3366,2944,F,34
3367,2945,M,69
3368,2946,M,52
3369,2947,F,28
3370,2948,M,39
3371,2949,F,33
3372,2950,T,5
3373,2951,F,18
3374,2952,F,40
3375,2953,F,31
3376,2953,M,12
3377,2954,M,48
3378,2955,M,44
3379,2956,F,52
3380,2957,M,26
3381,2957,M,5
3382,2958,M,20
3383,2959,F,42
3384,2960,F,22
3385,2961,F,21
3386,2962,F,52
3387,2963,M,17
3388,2964,M,51
3389,2965,M,16
3390,2966,F,36
3391,2966,M,31
3392,2967,F,29
3393,2968,M,30
3394,2969,M,9
3395,2970,F,35
3396,2970,M,29
3397,2971,M,32
3398,2972,F,40
3399,2973,F,22
3400,2974,F,26
3401,2975,F,41
3402,2976,F,21
3403,2977,F,30
3404,2978,F,54
3405,2979,M,28
3406,2979,F,38
3407,2980,F,32
3408,2981,M,5
3409,2982,F,49
3410,2983,M,26
3411,2984,F,38
3412,2985,T,44
3413,2986,M,33
3414,2987,F,28
3415,2988,F,31
3416,2989,M,31
3417,2990,F,14
3418,2991,M,20
3419,2992,F,56
3420,2993,F,47
3421,2994,F,5
3422,2995,M,35
3423,2996,F,19
3424,2997,M,57
3425,2998,M,35
3426,2999,F,28
3427,3000,M,35
3428,3000,F,14
3429,3001,F,44
3430,3002,F,31
3431,3003,M,41
3432,3004,F,39
3433,3005,F,25
3434,3006,F,23
3435,3007,F,28
3436,3008,M,36
3437,3008,M,70
3438,3009,M,28
3439,3010,F,43
3440,3010,F,9
3441,3011,F,26
3442,3012,F,44
3443,3013,T,50
3444,3013,F,27
3445,3014,F,27
3446,3015,M,46
3447,3016,M,11
3448,3017,F,32
3449,3018,M,40
3450,3019,M,42
3451,3020,M,5
3452,3021,M,39
3453,3022,M,50
3454,3023,M,27
3455,3024,T,48
3456,3025,F,28
3457,3026,F,18
3458,3027,F,21
3459,3028,M,47
3460,3029,F,39
3461,3030,F,9
3462,3031,F,56
3463,3032,M,39
3464,3033,M,35
3465,3034,F,21
3466,3035,M,42
3467,3035,M,40
3468,3036,M,39
3469,3037,F,31
3470,3038,M,17
3471,3039,M,22
3472,3040,F,46
3473,3040,M,43
3474,3041,F,44
3475,3042,F,15
3476,3042,M,35
3477,3043,F,34
3478,3044,M,33
3479,3044,F,17
3480,3045,M,36
3481,3046,M,23
3482,3046,M,24
3483,3047,F,52
3484,3048,F,30
3485,3049,T,37
3486,3049,F,22
3487,3050,M,36
3488,3050,F,26
3489,3051,F,52
3490,3051,F,40
3491,3052,F,47
3492,3053,F,28
3493,3054,M,18
3494,3055,M,21
3495,3056,F,25
3496,3057,M,28
3497,3058,M,31
3498,3059,M,10
3499,3059,M,5
3500,3060,M,21
3501,3061,F,48
3502,3062,F,21
3503,3063,M,25
3504,3063,F,37
3505,3064,F,60
3506,3065,M,26
3507,3065,F,46
3508,3066,M,52
3509,3067,F,33
3510,3068,F,40
3511,3069,F,44
3512,3070,M,19
3513,3071,M,35
3514,3072,M,31
3515,3073,M,37
3516,3074,F,39
3517,3075,M,19
3518,3076,F,17
3519,3077,M,55
3520,3078,F,38
3521,3079,F,22
3522,3080,F,24
3523,3081,F,54
3524,3082,F,44
3525,3083,F,32
3526,3084,F,43
3527,3085,M,9
3528,3086,F,13
3529,3087,F,5
3530,3088,M,23
3531,3089,F,36
3532,3090,F,29
3533,3091,F,39
3534,3092,M,36
3535,3093,M,54
3536,3094,F,51
3537,3095,M,44
3538,3096,F,42
3539,3097,F,20
3540,3098,M,41
3541,3099,M,34
3542,3100,F,28
3543,3101,M,31
3544,3102,M,45
3545,3102,F,42
3546,3103,F,9
3547,3104,F,45
3548,3104,F,36
3549,3105,F,32
3550,3105,M,43
3551,3106,M,38
3552,3106,F,22
3553,3107,F,29
3554,3108,M,26
3555,3109,F,32
3556,3110,T,45
3557,3111,M,20
3558,3111,F,45
3559,3112,M,29
3560,3112,M,34
3561,3113,F,14
3562,3114,F,28
3563,3114,F,23
3564,3115,M,51
3565,3116,M,48
3566,3117,F,44
3567,3117,M,22
3568,3118,F,21
3569,3119,F,66
3570,3120,M,27
3571,3121,F,51
3572,3122,F,25
3573,3123,M,55
3574,3124,M,43
3575,3125,F,19
3576,3126,F,58
3577,3126,M,30
3578,3127,M,35
3579,3127,F,40
3580,3128,F,5
3581,3129,F,34
3582,3130,M,40
3583,3130,M,36
3584,3131,M,48
3585,3132,M,38
3586,3133,M,27
3587,3133,F,51
3588,3134,F,24
3589,3135,M,17
3590,3136,F,37
3591,3137,F,32
3592,3138,M,38
3593,3139,F,18
3594,3140,M,34
3595,3141,F,26
3596,3142,M,26
3597,3143,M,42
3598,3144,F,32
3599,3145,F,22
3600,3146,M,39
3601,3147,M,28
3602,3148,F,47
3603,3149,M,37
3604,3150,F,36
3605,3151,F,51
3606,3151,M,27
3607,3152,F,26
3608,3153,M,32
3609,3153,F,34
3610,3154,F,39
3611,3154,F,25
3612,3155,F,40
3613,3156,F,39
3614,3157,F,39
3615,3158,F,24
3616,3158,F,35
3617,3159,F,24
3618,3160,F,23
3619,3161,M,21
3620,3162,M,27
3621,3163,M,56
3622,3163,M,36
3623,3164,M,18
3624,3164,F,60
3625,3165,F,17
3626,3166,M,25
3627,3167,M,32
3628,3168,F,26
3629,3169,M,26
3630,3170,M,38
3631,3171,M,59
3632,3171,M,42
3633,3172,M,50
3634,3173,M,22
3635,3174,F,31
3636,3175,M,18
3637,3176,F,15
3638,3177,F,42
3639,3177,M,55
3640,3178,F,38
3641,3179,F,26
3642,3180,F,42
3643,3181,F,38
3644,3182,F,49
3645,3183,F,26
3646,3183,F,34
3647,3184,F,43
3648,3185,M,39
3649,3186,M,26
3650,3186,M,40
3651,3187,M,23
3652,3188,M,29
3653,3189,M,45
3654,3190,M,35
3655,3190,T,35
3656,3191,F,22
3657,3192,M,31
3658,3193,F,68
3659,3194,F,31
3660,3195,M,44
3661,3196,F,54
3662,3197,M,21
3663,3198,F,16
3664,3199,M,18
3665,3200,F,46
3666,3201,F,22
3667,3202,F,18
3668,3203,M,41
3669,3204,M,67
3670,3205,F,48
3671,3205,F,35
3672,3206,F,46
3673,3207,F,25
3674,3208,F,27
3675,3209,M,42
3676,3210,M,35
3677,3210,F,30
3678,3211,M,56
3679,3212,M,54
3680,3213,M,31
3681,3214,M,27
3682,3215,M,48
3683,3215,F,39
3684,3216,F,27
3685,3217,M,43
3686,3217,M,38
3687,3218,M,39
3688,3219,T,58
3689,3220,M,30
3690,3220,M,39
3691,3221,M,28
3692,3221,F,58
3693,3222,M,23
3694,3222,F,33
3695,3223,M,33
3696,3224,M,32
3697,3224,M,47
3698,3225,F,12
3699,3225,F,29
3700,3226,F,16
3701,3227,M,15
3702,3228,F,22
3703,3229,M,34
3704,3230,M,62
3705,3230,F,34
3706,3231,F,28
3707,3232,M,51
3708,3233,F,54
3709,3234,M,30
3710,3235,F,44
3711,3236,F,9
3712,3237,M,14
3713,3238,F,45
3714,3238,M,21
3715,3239,F,21
3716,3240,F,33
3717,3241,M,45
3718,3242,M,20
3719,3243,F,22
3720,3244,F,39
3721,3245,F,31
3722,3246,F,15
3723,3247,F,48
3724,3248,F,30
3725,3249,F,15
3726,3250,F,24
3727,3251,M,21
3728,3251,F,60
3729,3252,F,35
3730,3253,F,18
3731,3254,F,15
3732,3255,F,30
3733,3256,M,47
3734,3257,F,53
3735,3258,M,39
3736,3259,M,23
3737,3260,F,32
3738,3261,F,5
3739,3262,M,16
3740,3263,M,8
3741,3264,F,44
3742,3265,F,31
3743,3266,M,29
3744,3267,F,52
3745,3268,F,7
3746,3269,F,61
3747,3270,F,33
3748,3270,M,21
3749,3271,F,52
3750,3271,F,30
3751,3272,F,30
3752,3273,F,51
3753,3274,M,59
3754,3274,M,32
3755,3275,F,47
3756,3275,M,50
3757,3276,M,29
3758,3276,M,14
3759,3277,M,23
3760,3278,F,32
3761,3279,F,29
3762,3280,M,39
3763,3281,F,50
3764,3282,F,19
3765,3282,F,40
3766,3283,M,45
3767,3283,M,23
3768,3284,M,13
3769,3285,M,21
3770,3286,F,38
3771,3286,M,32
3772,3287,F,7
3773,3288,F,42
3774,3289,T,39
3775,3290,F,26
3776,3290,F,32
3777,3291,F,38
3778,3292,F,10
3779,3293,M,29
3780,3294,F,45
3781,3295,F,21
3782,3296,F,22
3783,3297,F,19
3784,3298,F,28
3785,3299,M,49
3786,3300,M,47
3787,3301,F,37
3788,3302,M,50
3789,3302,M,39
3790,3303,M,33
3791,3304,M,18
3792,3305,F,34
3793,3306,F,51
3794,3307,M,13
3795,3308,M,24
3796,3309,M,34
3797,3309,M,57
3798,3310,M,17
3799,3310,M,20
3800,3311,F,50
3801,3312,F,45
3802,3312,M,26
3803,3313,M,30
3804,3313,F,31
3805,3314,M,6
3806,3315,M,39
3807,3316,M,33
3808,3317,F,29
3809,3318,M,11
3810,3319,F,25
3811,3320,M,24
3812,3321,F,32
3813,3322,M,24
3814,3323,M,27
3815,3324,F,18
3816,3325,M,46
3817,3325,F,52
3818,3326,F,34
3819,3327,M,48
3820,3327,F,52
3821,3328,M,20
3822,3329,F,41
3823,3330,F,37
3824,3330,M,5
3825,3331,F,32
3826,3332,F,21
3827,3333,F,33
3828,3333,M,29
3829,3334,M,39
3830,3335,M,22
3831,3336,F,45
3832,3337,M,38
3833,3337,F,31
3834,3338,M,52
3835,3338,F,31
3836,3339,T,62
3837,3340,F,26
3838,3341,F,37
3839,3342,F,33
3840,3343,M,48
3841,3344,M,45
3842,3344,F,19
3843,3345,M,41
3844,3346,M,30
3845,3347,F,44
3846,3347,F,23
3847,3348,F,5
3848,3349,M,43
3849,3350,F,5
3850,3351,M,47
3851,3352,M,29
3852,3353,M,38
3853,3354,F,35
3854,3355,F,49
3855,3356,M,50
3856,3357,F,35
3857,3358,F,50
3858,3359,M,33
3859,3360,M,33
3860,3361,M,55
3861,3362,F,30
3862,3363,M,31
3863,3364,F,49
3864,3365,F,20
3865,3366,M,41
3866,3367,F,27
3867,3368,F,36
3868,3368,M,43
3869,3369,F,14
3870,3369,F,57
3871,3370,M,48
3872,3371,M,16
3873,3372,M,48
3874,3373,F,40
3875,3374,F,55
3876,3375,F,54
3877,3376,F,43
3878,3377,F,46
3879,3378,M,37
3880,3379,M,43
3881,3380,M,11
3882,3381,F,36
3883,3382,F,54
3884,3383,F,46
3885,3384,F,31
3886,3385,F,17
3887,3386,F,15
3888,3387,F,54
3889,3388,M,20
3890,3389,M,39
3891,3390,F,35
3892,3391,M,39
3893,3391,F,43
3894,3392,F,30
3895,3393,M,50
3896,3394,F,24
3897,3394,M,32
3898,3395,M,26
3899,3396,F,21
3900,3397,M,9
3901,3398,M,18
3902,3399,M,28
3903,3400,F,38
3904,3401,M,15
3905,3402,F,62
3906,3403,M,33
3907,3404,M,41
3908,3404,T,49
3909,3405,M,27
3910,3406,F,34
3911,3407,M,30
3912,3408,F,39
3913,3408,M,47
3914,3409,F,36
3915,3409,F,41
3916,3410,F,37
3917,3411,M,30
3918,3412,M,58
3919,3413,M,15
3920,3414,M,63
3921,3415,M,40
3922,3415,M,51
3923,3416,F,71
3924,3417,M,28
3925,3417,M,38
3926,3418,F,31
3927,3419,M,10
3928,3420,M,23
3929,3421,M,60
3930,3422,M,30
3931,3423,F,63
3932,3424,F,6
3933,3424,M,7
3934,3425,F,28
3935,3426,M,41
3936,3427,F,36
3937,3428,M,17
3938,3428,M,30
3939,3429,M,43
3940,3429,F,58
3941,3430,M,36
3942,3431,F,27
3943,3432,M,20
3944,3433,F,36
3945,3434,F,16
3946,3435,F,55
3947,3436,F,26
3948,3437,F,32
3949,3438,F,40
3950,3439,M,43
3951,3440,T,33
3952,3441,M,37
3953,3442,F,39
3954,3443,M,6
3955,3444,F,60
3956,3445,M,30
3957,3446,M,53
3958,3447,M,19
3959,3448,M,9
3960,3448,F,27
3961,3449,M,13
3962,3450,F,32
3963,3451,F,33
3964,3452,F,54
3965,3453,M,5
3966,3454,F,22
3967,3455,M,43
3968,3456,F,52
3969,3457,M,24
3970,3458,M,25
3971,3459,F,20
3972,3460,M,39
3973,3460,M,39
3974,3461,F,40
3975,3462,F,43
3976,3463,M,15
3977,3463,M,37
3978,3464,F,24
3979,3465,F,33
3980,3466,F,34
3981,3467,F,37
3982,3468,F,39
3983,3469,F,30
3984,3470,F,26
3985,3471,M,35
3986,3472,M,18
3987,3472,F,41
3988,3473,F,30
3989,3474,M,44
3990,3475,M,67
3991,3476,F,26
3992,3476,M,41
3993,3477,M,31
3994,3478,F,58
3995,3479,M,5
3996,3479,M,35
3997,3480,F,19
3998,3481,T,5
3999,3482,F,34
4000,3483,F,8
4001,3484,M,34
4002,3485,F,30
4003,3486,M,21
4004,3486,F,35
4005,3487,M,39
4006,3488,M,60
4007,3489,F,44
4008,3490,M,55
4009,3491,T,37
4010,3492,M,47
4011,3493,F,39
4012,3494,F,33
4013,3494,F,19
4014,3495,F,48
4015,3496,F,38
4016,3497,M,25
4017,3498,F,19
4018,3499,F,39
4019,3499,F,17
4020,3500,M,21
4021,3501,F,40
4022,3502,M,34
4023,3503,M,54
4024,3504,M,9
4025,3505,F,32
4026,3506,F,43
4027,3506,F,38
4028,3507,M,29
4029,3508,F,12
4030,3509,M,47
4031,3510,M,40
4032,3510,F,46
4033,3511,M,28
4034,3512,F,44
4035,3513,F,44
4036,3514,F,31
4037,3515,F,31
4038,3516,M,43
4039,3517,F,26
4040,3517,F,24
4041,3518,F,48
4042,3519,F,33
4043,3520,M,39
4044,3521,F,23
4045,3521,M,16
4046,3522,F,35
4047,3523,F,27
4048,3524,F,33
4049,3525,F,52
4050,3526,M,26
4051,3527,F,31
4052,3528,M,36
4053,3529,F,43
4054,3530,F,35
4055,3531,F,42
4056,3532,M,35
4057,3533,M,44
4058,3534,M,33
4059,3535,F,19
4060,3536,F,14
4061,3537,F,27
4062,3538,F,44
4063,3539,F,32
4064,3540,F,37
4065,3541,M,44
4066,3541,M,33
4067,3542,M,22
4068,3543,M,40
4069,3543,F,53
4070,3544,M,42
4071,3545,M,59
4072,3546,F,20
4073,3547,F,25
4074,3548,F,38
4075,3549,M,33
4076,3550,M,48
4077,3551,F,33
4078,3552,F,17
4079,3553,M,46
4080,3554,M,25
4081,3554,F,27
4082,3555,M,45
4083,3556,F,37
4084,3557,F,38
4085,3557,M,17
4086,3558,M,62
4087,3559,M,54
4088,3560,M,49
4089,3561,M,19
4090,3561,F,33
4091,3562,M,26
4092,3563,F,27
4093,3563,F,58
4094,3564,F,11
4095,3565,M,33
4096,3565,M,15
4097,3566,F,37
4098,3566,M,50
4099,3567,M,5
4100,3568,M,26
4101,3568,F,25
4102,3569,M,42
4103,3569,T,40
4104,3570,F,42
4105,3571,M,34
4106,3572,M,38
4107,3573,F,49
4108,3574,M,39
4109,3575,F,18
4110,3576,M,15
4111,3577,F,35
4112,3578,F,18
4113,3579,M,34
4114,3580,F,46
4115,3580,F,61
4116,3581,M,32
4117,3582,F,19
4118,3583,F,32
4119,3584,M,31
4120,3585,M,36
4121,3586,M,24
4122,3587,F,27
4123,3587,M,21
4124,3588,F,25
4125,3588,F,28
4126,3589,F,36
4127,3590,F,43
4128,3590,M,18
4129,3591,M,50
4130,3592,M,40
4131,3593,F,45
4132,3594,M,46
4133,3595,M,19
4134,3596,M,44
4135,3597,F,23
4136,3598,F,47
4137,3599,F,35
4138,3600,M,35
4139,3601,M,25
4140,3601,M,57
4141,3602,M,30
4142,3603,M,49
4143,3604,M,10
4144,3605,F,41
4145,3606,F,58
4146,3607,F,19
4147,3608,M,8
4148,3609,F,21
4149,3610,F,36
4150,3611,F,12
4151,3611,M,31
4152,3612,F,32
4153,3613,M,33
4154,3614,F,51
4155,3615,F,40
4156,3616,F,48
4157,3617,M,45
4158,3618,F,29
4159,3619,F,35
4160,3620,M,24
4161,3621,M,38
4162,3622,F,16
4163,3623,M,36
4164,3623,T,30
4165,3624,M,33
4166,3625,F,15
4167,3626,F,5
4168,3627,M,33
4169,3628,M,26
4170,3629,F,60
4171,3629,F,39
4172,3630,M,40
4173,3631,F,22
4174,3632,F,45
4175,3633,M,24
4176,3634,T,43
4177,3635,F,22
4178,3636,F,43
4179,3637,F,34
4180,3638,M,26
4181,3638,F,40
4182,3639,M,38
4183,3640,F,50
4184,3641,F,27
4185,3642,M,20
4186,3643,F,46
4187,3643,M,30
4188,3644,F,40
4189,3645,M,30
4190,3646,F,41
4191,3647,M,22
4192,3648,M,32
4193,3649,F,40
4194,3650,F,28
4195,3650,M,16
4196,3651,F,50
4197,3651,M,37
4198,3652,M,30
4199,3653,F,19
4200,3654,M,15
4201,3655,F,17
4202,3656,M,29
4203,3657,T,28
4204,3658,F,43
4205,3659,M,17
4206,3660,M,38
4207,3661,F,15
4208,3661,F,29
4209,3662,F,53
4210,3663,F,10
4211,3664,F,7
4212,3665,F,21
4213,3666,F,16
4214,3667,F,15
4215,3668,M,28
4216,3669,F,34
4217,3670,M,29
4218,3671,M,52
4219,3671,F,44
4220,3672,T,42
4221,3673,M,58
4222,3673,M,49
4223,3674,F,9
4224,3675,F,47
4225,3676,F,16
4226,3677,F,27
4227,3678,F,19
4228,3679,F,27
4229,3680,F,32
4230,3681,M,29
4231,3682,F,27
4232,3683,M,44
4233,3684,F,16
4234,3684,F,50
4235,3685,F,42
4236,3686,F,40
4237,3687,F,31
4238,3687,F,15
4239,3688,M,62
4240,3688,F,35
4241,3689,M,32
4242,3690,F,50
4243,3691,F,41
4244,3692,F,9
4245,3693,M,21
4246,3694,M,12
4247,3695,M,21
4248,3696,F,51
4249,3696,T,30
4250,3697,M,28
4251,3697,M,56
4252,3698,M,38
4253,3699,F,39
4254,3699,F,15
4255,3700,F,33
4256,3701,F,70
4257,3702,F,56
4258,3703,F,50
4259,3704,M,48
4260,3705,M,10
4261,3706,M,37
4262,3707,M,25
4263,3708,M,43
4264,3709,F,47
4265,3710,F,5
4266,3711,F,38
4267,3711,M,36
4268,3712,M,9
4269,3713,F,18
4270,3713,F,44
4271,3714,M,8
4272,3715,F,47
4273,3716,M,5
4274,3716,M,28
4275,3717,F,12
4276,3718,F,21
4277,3719,F,26
4278,3720,M,53
4279,3720,M,55
4280,3721,M,40
4281,3722,M,27
4282,3723,M,38
4283,3724,M,54
4284,3725,M,31
4285,3726,M,43
4286,3727,M,11
4287,3728,F,23
4288,3729,F,29
4289,3730,F,17
4290,3731,F,41
4291,3732,F,42
4292,3733,M,47
4293,3733,F,40
4294,3734,F,42
4295,3735,M,30
4296,3736,F,26
4297,3737,M,37
4298,3738,F,11
4299,3739,F,30
4300,3740,M,42
4301,3740,F,34
4302,3741,F,29
4303,3741,F,40
4304,3742,M,34
4305,3743,F,32
4306,3744,M,28
4307,3745,F,37
4308,3745,M,38
4309,3746,M,28
4310,3747,F,39
4311,3748,M,14
4312,3748,M,33
4313,3749,F,53
4314,3750,M,24
4315,3751,M,29
4316,3752,F,15
4317,3753,M,50
4318,3754,F,32
4319,3755,M,10
4320,3756,F,41
4321,3757,F,45
4322,3758,F,42
4323,3759,F,22
4324,3760,M,44
4325,3760,F,35
4326,3761,M,43
4327,3761,M,36
4328,3762,F,25
4329,3763,F,51
4330,3764,M,52
4331,3765,F,33
4332,3766,M,40
4333,3767,F,6
4334,3767,M,38
4335,3768,F,48
4336,3769,F,21
4337,3770,M,56
4338,3771,M,16
4339,3772,M,14
4340,3773,M,38
4341,3774,F,28
4342,3775,T,21
4343,3776,M,10
4344,3777,F,38
4345,3777,F,25
4346,3778,M,64
4347,3779,F,12
4348,3780,F,59
4349,3781,M,65
4350,3782,M,39
4351,3783,F,40
4352,3784,M,40
4353,3785,M,24
4354,3786,M,27
4355,3787,F,11
4356,3788,M,48
4357,3789,M,24
4358,3790,M,38
4359,3791,F,43
4360,3792,F,47
4361,3793,M,31
4362,3794,F,70
4363,3795,T,45
4364,3796,F,40
4365,3796,M,60
4366,3797,F,17
4367,3797,M,25
4368,3798,F,55
4369,3798,M,44
4370,3799,F,51
4371,3800,F,33
4372,3800,F,40
4373,3801,M,39
4374,3802,M,32
4375,3803,M,23
4376,3804,F,19
4377,3805,F,17
4378,3806,T,32
4379,3807,F,34
4380,3808,F,8
4381,3809,M,37
4382,3810,M,8
4383,3811,M,30
4384,3812,M,43
4385,3813,M,47
4386,3814,M,23
4387,3815,F,22
4388,3816,T,72
4389,3817,F,18
4390,3818,F,20
4391,3819,F,45
4392,3820,F,28
4393,3821,M,57
4394,3822,M,29
4395,3822,F,30
4396,3823,F,12
4397,3824,M,5
4398,3825,M,31
4399,3826,M,13
4400,3827,M,27
4401,3828,M,13
4402,3829,M,48
4403,3829,F,18
4404,3830,F,31
4405,3831,M,22
4406,3831,F,18
4407,3832,M,32
4408,3833,F,25
4409,3834,F,42
4410,3835,F,25
4411,3836,M,35
4412,3836,F,16
4413,3837,M,35
4414,3838,M,25
4415,3839,F,16
4416,3840,F,31
4417,3841,M,46
4418,3842,M,21
4419,3843,F,31
4420,3844,F,15
4421,3845,M,29
4422,3846,F,47
4423,3847,F,21
4424,3847,F,63
4425,3848,M,19
4426,3849,M,25
4427,3850,M,17
4428,3850,F,63
4429,3851,F,35
4430,3852,M,27
4431,3853,F,68
4432,3854,F,19
4433,3854,M,23
4434,3855,M,33
4435,3856,M,35
4436,3856,M,21
4437,3857,M,36
4438,3858,M,41
4439,3859,F,46
4440,3860,M,41
4441,3861,M,34
4442,3862,F,25
4443,3863,M,28
4444,3864,F,56
4445,3865,F,14
4446,3866,M,34
4447,3866,M,49
4448,3867,M,40
4449,3868,M,60
4450,3869,F,23
4451,3870,M,22
4452,3871,F,41
4453,3871,F,35
4454,3872,M,11
4455,3873,M,33
4456,3874,F,25
4457,3875,F,21
4458,3876,F,26
4459,3877,M,37
4460,3878,F,38
4461,3879,F,44
4462,3880,F,15
4463,3881,M,30
4464,3882,M,37
4465,3883,M,38
4466,3884,M,24
4467,3885,F,40
4468,3885,F,39
4469,3886,F,18
4470,3887,M,25
4471,3888,M,20
4472,3889,M,55
4473,3890,F,27
4474,3891,M,38
4475,3892,M,58
4476,3893,M,70
4477,3894,F,32
4478,3895,M,13
4479,3896,F,42
4480,3897,M,42
4481,3898,F,34
4482,3899,F,5
4483,3899,T,34
4484,3900,M,33
4485,3901,F,36
4486,3902,F,30
4487,3903,F,36
4488,3904,M,26
4489,3905,F,32
4490,3906,M,38
4491,3907,F,40
4492,3908,F,33
4493,3909,M,26
4494,3910,M,43
4495,3911,F,19
4496,3912,F,15
4497,3913,F,25
4498,3914,F,43
4499,3915,F,22
4500,3916,F,34
4501,3917,M,28
4502,3918,M,22
4503,3919,M,38
4504,3920,M,34
4505,3921,M,56
4506,3922,F,40
4507,3923,M,42
4508,3924,M,32
4509,3925,M,9
4510,3925,F,34
4511,3926,F,26
4512,3927,F,16
4513,3927,M,36
4514,3928,M,39
4515,3928,F,38
4516,3929,F,10
4517,3930,F,44
4518,3931,M,35
4519,3931,F,59
4520,3932,F,21
4521,3933,M,22
4522,3934,F,32
4523,3934,M,19
4524,3935,M,26
4525,3935,F,41
4526,3936,F,41
4527,3937,F,43
4528,3938,M,39
4529,3939,M,29
4530,3940,M,31
4531,3940,M,54
4532,3941,M,55
4533,3941,F,49
4534,3942,M,25
4535,3943,F,30
4536,3943,F,27
4537,3944,F,44
4538,3945,F,15
4539,3945,F,16
4540,3946,M,16
4541,3947,F,6
4542,3948,M,50
4543,3949,M,5
4544,3949,F,23
4545,3950,M,36
4546,3951,M,34
4547,3952,F,35
4548,3953,M,41
4549,3953,M,37
4550,3954,F,38
4551,3955,F,21
4552,3956,F,30
4553,3957,F,48
4554,3958,F,40
4555,3959,M,18
4556,3960,M,27
4557,3961,F,28
4558,3961,M,63
4559,3962,F,55
4560,3963,M,5
4561,3964,F,42
4562,3965,M,56
4563,3965,F,27
4564,3966,M,43
4565,3967,F,36
4566,3968,M,37
4567,3969,F,24
4568,3970,F,62
4569,3971,M,7
4570,3971,F,22
4571,3972,F,30
4572,3973,F,56
4573,3974,F,37
4574,3975,F,30
4575,3976,M,22
4576,3977,F,47
4577,3978,M,5
4578,3979,F,27
4579,3980,M,31
4580,3981,F,30
4581,3981,M,42
4582,3982,F,43
4583,3983,F,16
4584,3984,T,51
4585,3985,M,32
4586,3986,F,57
4587,3987,F,39
4588,3988,T,27
4589,3989,M,40
4590,3990,F,30
4591,3991,M,21
4592,3992,M,40
4593,3993,F,26
4594,3994,F,51
4595,3995,M,23
4596,3996,F,35
4597,3997,F,43
4598,3998,F,21
4599,3999,F,28
4600,4000,M,15
4601,4001,F,18
4602,4002,M,34
4603,4003,M,20
4604,4004,F,50
4605,4005,T,37
4606,4006,F,5
4607,4007,F,36
4608,4007,M,33
4609,4008,F,29
4610,4009,F,32
4611,4010,F,36
4612,4011,F,38
4613,4012,M,12
4614,4013,F,51
4615,4014,F,28
4616,4014,M,36
4617,4015,M,17
4618,4016,F,41
4619,4017,F,43
4620,4017,M,28
4621,4018,F,18
4622,4019,F,49
4623,4020,M,16
4624,4021,M,45
4625,4022,M,26
4626,4023,M,43
4627,4024,F,19
4628,4025,F,47
4629,4026,F,34
4630,4027,F,39
4631,4028,F,32
4632,4029,M,5
4633,4030,F,48
4634,4030,M,31
4635,4031,M,24
4636,4032,M,20
4637,4033,M,22
4638,4034,F,31
4639,4034,F,25
4640,4035,F,23
4641,4036,M,52
4642,4037,F,35
4643,4038,F,45
4644,4039,M,39
4645,4040,F,32
4646,4041,F,34
4647,4042,M,65
4648,4043,F,21
4649,4044,T,12
4650,4045,M,31
4651,4046,F,30
4652,4047,M,36
4653,4047,F,29
4654,4048,F,5
4655,4049,M,12
4656,4049,M,13
4657,4050,M,61
4658,4050,M,20
4659,4051,M,24
4660,4051,M,30
4661,4052,M,21
4662,4053,M,30
4663,4054,F,21
4664,4055,F,35
4665,4056,F,41
4666,4057,F,39
4667,4058,M,24
4668,4059,F,64
4669,4060,F,43
4670,4060,M,25
4671,4061,F,28
4672,4062,F,53
4673,4063,F,21
4674,4064,F,40
4675,4065,F,20
4676,4066,M,51
4677,4067,M,37
4678,4068,M,29
4679,4069,F,33
4680,4069,M,30
4681,4070,M,46
4682,4071,F,36
4683,4071,M,33
4684,4072,F,41
4685,4073,F,46
4686,4074,F,47
4687,4075,M,34
4688,4076,F,10
4689,4076,M,26
4690,4077,F,56
4691,4078,M,32
4692,4079,F,40
4693,4080,F,31
4694,4081,M,45
4695,4082,F,27
4696,4082,M,10
4697,4083,M,22
4698,4084,F,21
4699,4085,M,54
4700,4086,M,30
4701,4087,M,51
4702,4088,M,35
4703,4089,F,5
4704,4090,F,30
4705,4091,M,64
4706,4092,M,32
4707,4093,F,32
4708,4094,M,34
4709,4095,M,33
4710,4095,F,33
4711,4096,M,44
4712,4096,M,30
4713,4097,F,40
4714,4098,T,31
4715,4099,F,25
4716,4100,M,37
4717,4101,M,41
4718,4102,F,43
4719,4103,F,48
4720,4104,F,23
4721,4104,F,29
4722,4105,F,40
4723,4106,F,54
4724,4107,F,40
4725,4107,F,13
4726,4108,M,35
4727,4109,M,35
4728,4110,M,52
4729,4111,F,19
4730,4112,F,51
4731,4113,M,15
4732,4114,M,47
4733,4115,M,16
4734,4116,F,69
4735,4117,F,27
4736,4118,F,27
4737,4118,F,41
4738,4119,M,29
4739,4120,M,40
4740,4121,M,42
4741,4122,M,24
4742,4123,F,33
4743,4124,M,38
4744,4125,F,10
4745,4126,F,17
4746,4127,F,38
4747,4128,F,53
4748,4129,M,45
4749,4130,M,40
4750,4131,F,19
4751,4132,F,35
4752,4133,F,34
4753,4134,F,30
4754,4135,F,43
4755,4136,F,33
4756,4137,F,35
4757,4138,F,24
4758,4139,F,63
4759,4139,F,41
4760,4140,F,29
4761,4141,M,48
4762,4142,M,12
4763,4143,M,44
4764,4144,M,24
4765,4145,F,12
4766,4146,M,25
4767,4147,M,48
4768,4148,M,17
4769,4149,F,28
4770,4150,F,34
4771,4151,F,27
4772,4152,F,33
4773,4153,M,45
4774,4154,M,34
4775,4155,M,32
4776,4156,F,27
4777,4157,F,25
4778,4158,M,22
4779,4159,F,52
4780,4159,M,47
4781,4160,F,26
4782,4161,F,26
4783,4161,M,41
4784,4162,F,35
4785,4163,M,49
4786,4164,F,22
4787,4165,F,48
4788,4166,F,22
4789,4167,M,10
4790,4168,F,12
4791,4169,M,47
4792,4170,F,41
4793,4170,F,47
4794,4171,T,41
4795,4172,F,35
4796,4173,F,60
4797,4174,M,26
4798,4175,F,31
4799,4175,F,46
4800,4176,F,20
4801,4177,F,45
4802,4178,F,30
4803,4179,M,15
4804,4180,F,21
4805,4181,F,24
4806,4182,M,32
4807,4183,M,5
4808,4184,M,66
4809,4185,M,14
4810,4186,F,13
4811,4187,M,26
4812,4188,F,8
4813,4188,F,53
4814,4189,M,18
4815,4190,M,40
4816,4190,F,43
4817,4191,F,18
4818,4192,M,22
4819,4193,F,31
4820,4194,F,9
4821,4195,M,41
4822,4196,F,31
4823,4197,F,23
4824,4198,M,39
4825,4198,F,55
4826,4199,F,40
4827,4199,M,48
4828,4200,F,45
4829,4201,F,27
4830,4202,F,37
4831,4203,F,24
4832,4204,F,33
4833,4205,T,40
4834,4206,F,5
4835,4207,M,25
4836,4208,F,62
4837,4209,M,59
4838,4210,M,49
4839,4211,M,49
4840,4212,F,30
4841,4213,F,42
4842,4214,F,46
4843,4215,F,34
4844,4215,M,19
4845,4216,F,24
4846,4217,M,26
4847,4218,F,44
4848,4219,M,35
4849,4220,M,5
4850,4221,M,23
4851,4221,M,28
4852,4222,F,39
4853,4223,M,33
4854,4224,M,44
4855,4225,F,58
4856,4226,F,37
4857,4227,F,49
4858,4228,F,25
4859,4229,F,23
4860,4230,M,44
4861,4231,F,10
4862,4231,F,29
4863,4232,F,20
4864,4233,F,26
4865,4234,F,53
4866,4234,F,51
4867,4235,T,11
4868,4236,M,39
4869,4236,F,32
4870,4237,M,25
4871,4238,F,34
4872,4238,M,47
4873,4239,F,38
4874,4240,F,22
4875,4241,F,22
4876,4241,F,43
4877,4242,F,55
4878,4242,F,28
4879,4243,M,29
4880,4243,M,44
4881,4244,F,37
4882,4245,F,48
4883,4246,M,34
4884,4246,M,31
4885,4247,F,34
4886,4247,F,54
4887,4248,M,43
4888,4249,M,28
4889,4250,M,18
4890,4251,F,34
4891,4252,F,55
4892,4253,M,43
4893,4254,M,49
4894,4255,M,12
4895,4256,M,28
4896,4257,M,36
4897,4258,M,27
4898,4259,F,30
4899,4260,F,52
4900,4261,F,26
4901,4262,M,32
4902,4263,F,49
4903,4264,M,37
4904,4265,F,5
4905,4266,F,30
4906,4267,F,30
4907,4267,F,44
4908,4268,M,49
4909,4269,M,46
4910,4270,F,22
4911,4271,F,40
4912,4272,F,18
4913,4273,M,16
4914,4274,F,39
4915,4275,F,25
4916,4276,F,23
4917,4277,F,53
4918,4278,M,43
4919,4279,M,12
4920,4280,M,22
4921,4281,F,19
4922,4282,F,30
4923,4283,M,32
4924,4283,M,34
4925,4284,F,13
4926,4284,F,38
4927,4285,F,40
4928,4286,F,10
4929,4287,M,19
4930,4288,M,40
4931,4289,F,45
4932,4290,F,24
4933,4291,F,47
4934,4292,M,30
4935,4293,F,48
4936,4294,M,37
4937,4295,M,34
4938,4296,F,29
4939,4297,M,35
4940,4298,F,35
4941,4299,F,18
4942,4299,M,34
4943,4300,M,28
4944,4301,F,25
4945,4302,M,50
4946,4303,M,28
4947,4304,M,52
4948,4305,F,37
4949,4306,F,53
4950,4307,F,7
4951,4307,F,21
4952,4308,F,12
4953,4309,M,52
4954,4310,M,32
4955,4311,F,15
4956,4312,F,44
4957,4313,M,49
4958,4314,M,46
4959,4315,F,27
4960,4316,F,38
4961,4317,F,44
4962,4318,M,56
4963,4319,F,40
4964,4320,M,33
4965,4321,M,20
4966,4322,M,37
4967,4323,M,29
4968,4324,M,40
4969,4325,M,40
4970,4325,F,28
4971,4326,F,31
4972,4327,M,14
4973,4328,M,42
4974,4329,F,41
4975,4330,F,27
4976,4331,F,36
4977,4332,M,31
4978,4332,F,56
4979,4333,F,39
4980,4334,T,34
4981,4335,F,16
4982,4336,M,8
4983,4336,M,29
4984,4337,M,30
4985,4338,M,35
4986,4339,M,35
4987,4340,M,48
4988,4340,F,43
4989,4341,M,40
4990,4342,F,45
4991,4343,M,38
4992,4344,F,22
4993,4344,F,33
4994,4345,M,26
4995,4346,M,45
4996,4347,M,17
4997,4348,M,12
4998,4349,F,37
4999,4350,F,25
5000,4350,F,34
5001,4351,F,31
5002,4352,F,45
5003,4353,F,35
5004,4354,M,32
5005,4355,F,38
5006,4356,M,19
5007,4357,F,43
5008,4357,T,14
5009,4358,M,36
5010,4359,F,24
5011,4360,F,26
5012,4361,M,24
5013,4362,M,16
5014,4363,F,31
5015,4364,F,31
5016,4365,M,19
5017,4366,F,49
5018,4367,F,35
5019,4368,F,50
5020,4369,M,34
5021,4370,F,42
5022,4371,M,53
5023,4372,F,41
5024,4372,M,51
5025,4373,M,16
5026,4374,F,45
5027,4374,M,64
5028,4375,M,21
5029,4376,M,32
5030,4377,F,28
5031,4378,F,24
5032,4379,F,51
5033,4380,F,33
5034,4381,F,54
5035,4382,M,43
5036,4383,F,25
5037,4384,M,23
5038,4385,F,74
5039,4386,F,12
5040,4386,F,37
5041,4387,F,18
5042,4388,F,32
5043,4389,M,25
5044,4390,M,24
5045,4391,M,37
5046,4392,M,5
5047,4393,M,23
5048,4394,M,29
5049,4395,F,37
5050,4395,F,19
5051,4396,M,48
5052,4397,F,19
5053,4398,M,14
5054,4399,F,42
5055,4400,M,36
5056,4401,M,37
5057,4402,M,41
5058,4403,M,22
5059,4404,F,38
5060,4405,F,11
5061,4405,F,41
5062,4406,F,47
5063,4407,F,39
5064,4408,F,49
5065,4409,F,44
5066,4410,F,19
5067,4411,F,65
5068,4411,M,26
5069,4412,F,49
5070,4413,F,43
5071,4414,M,41
5072,4415,M,25
5073,4416,F,16
5074,4417,F,22
5075,4418,M,36
5076,4419,M,27
5077,4420,F,54
5078,4421,F,32
5079,4422,M,43
5080,4423,F,25
5081,4424,F,36
5082,4425,F,43
5083,4426,M,59
5084,4427,M,27
5085,4428,F,44
5086,4429,F,57
5087,4430,F,54
5088,4431,F,31
5089,4432,F,41
5090,4433,F,27
5091,4434,M,59
5092,4435,M,47
5093,4435,F,37
5094,4436,M,63
5095,4437,F,32
5096,4438,M,28
5097,4439,F,41
5098,4440,M,19
5099,4440,F,22
5100,4441,F,43
5101,4441,F,19
5102,4442,T,24
5103,4443,F,46
5104,4444,M,55
5105,4445,F,10
5106,4446,M,12
5107,4447,M,23
5108,4448,F,25
5109,4449,F,28
5110,4450,M,20
5111,4451,F,61
5112,4452,F,27
5113,4453,M,21
5114,4454,F,39
5115,4455,F,45
5116,4456,F,32
5117,4456,F,26
5118,4457,F,47
5119,4457,M,51
5120,4458,F,17
5121,4459,M,30
5122,4460,F,23
5123,4461,F,38
5124,4462,M,17
5125,4463,F,31
5126,4464,F,32
5127,4465,F,33
5128,4466,F,50
5129,4467,F,58
5130,4468,M,31
5131,4469,F,30
5132,4470,M,17
5133,4471,M,46
5134,4472,F,30
5135,4473,F,19
5136,4473,M,59
5137,4474,F,29
5138,4474,M,26
5139,4475,M,39
5140,4475,M,26
5141,4476,F,31
5142,4477,F,25
5143,4478,F,22
5144,4479,F,14
5145,4480,F,30
5146,4481,M,37
5147,4482,M,26
5148,4483,F,50
5149,4484,F,24
5150,4485,M,26
5151,4486,F,39
5152,4487,F,24
5153,4488,M,19
5154,4489,M,52
5155,4489,M,55
5156,4490,F,54
5157,4490,F,59
5158,4491,M,22
5159,4492,F,30
5160,4493,M,30
5161,4494,F,23
5162,4495,F,23
5163,4496,F,27
5164,4496,M,53
5165,4497,F,22
5166,4498,M,39
5167,4499,F,41
5168,4500,M,31
5169,4501,M,21
5170,4502,F,21
5171,4503,F,38
5172,4503,M,19
5173,4504,M,17
5174,4505,M,34
5175,4505,F,31
5176,4506,M,24
5177,4506,F,26
5178,4507,F,15
5179,4508,M,34
5180,4509,F,17
5181,4510,F,19
5182,4511,M,42
5183,4512,F,21
5184,4513,F,41
5185,4513,M,43
5186,4514,F,39
5187,4515,M,49
5188,4515,F,59
5189,4516,F,47
5190,4517,M,30
5191,4518,F,35
5192,4519,M,47
5193,4519,F,19
5194,4520,F,21
5195,4521,F,40
5196,4522,F,27
5197,4523,F,15
5198,4523,M,44
5199,4524,F,31
5200,4524,F,18
5201,4525,M,50
5202,4526,M,40
5203,4527,F,24
5204,4528,M,24
5205,4528,M,47
5206,4529,F,35
5207,4529,M,37
5208,4530,F,11
5209,4531,F,65
5210,4532,M,41
5211,4533,M,61
5212,4534,F,25
5213,4534,M,32
5214,4535,M,33
5215,4536,M,12
5216,4537,F,33
5217,4538,F,49
5218,4539,F,27
5219,4540,M,27
5220,4541,M,40
5221,4542,F,24
5222,4542,F,44
5223,4543,M,21
5224,4544,M,28
5225,4545,F,36
5226,4546,M,25
5227,4546,F,33
5228,4547,F,62
5229,4548,F,49
5230,4548,F,11
5231,4549,M,22
5232,4549,M,25
5233,4550,F,22
5234,4551,M,23
5235,4552,M,52
5236,4553,M,44
5237,4553,F,25
5238,4554,F,13
5239,4555,F,41
5240,4555,M,52
5241,4556,M,56
5242,4557,F,34
5243,4558,F,47
5244,4559,M,52
5245,4560,F,40
5246,4560,F,38
5247,4561,F,23
5248,4562,M,50
5249,4563,M,26
5250,4564,M,29
5251,4565,F,48
5252,4566,M,28
5253,4567,M,39
5254,4568,M,26
5255,4569,F,34
5256,4570,M,67
5257,4571,T,27
5258,4572,M,32
5259,4572,F,60
5260,4573,M,29
5261,4574,M,41
5262,4574,M,34
5263,4575,F,34
5264,4576,F,37
5265,4577,M,35
5266,4578,M,27
5267,4578,F,31
5268,4579,F,41
5269,4580,M,20
5270,4581,F,38
5271,4581,F,44
5272,4582,M,18
5273,4583,F,31
5274,4584,F,43
5275,4585,F,8
5276,4586,M,16
5277,4587,M,14
5278,4588,F,12
5279,4589,F,36
5280,4590,F,36
5281,4591,F,35
5282,4592,M,53
5283,4593,T,5
5284,4594,F,29
5285,4595,F,44
5286,4595,M,23
5287,4596,F,52
5288,4597,M,20
5289,4598,F,42
5290,4599,M,16
5291,4600,F,18
5292,4601,T,50
5293,4601,M,56
5294,4602,F,41
5295,4603,M,23
5296,4604,M,35
5297,4605,M,38
5298,4606,F,45
5299,4607,M,15
5300,4608,F,29
5301,4609,M,39
5302,4610,F,39
5303,4611,M,10
5304,4612,T,47
5305,4613,F,57
5306,4614,M,29
5307,4615,F,36
5308,4616,M,12
5309,4617,F,37
5310,4618,M,15
5311,4619,F,35
5312,4620,F,48
5313,4620,M,60
5314,4621,F,26
5315,4621,M,14
5316,4622,M,18
5317,4623,M,11
5318,4624,M,22
5319,4625,F,57
5320,4626,M,5
5321,4627,F,18
5322,4628,F,45
5323,4629,F,46
5324,4630,M,52
5325,4631,M,21
5326,4631,M,21
5327,4632,F,30
5328,4633,M,39
5329,4634,F,16
5330,4635,M,37
5331,4636,M,5
5332,4637,M,36
5333,4637,M,29
5334,4638,M,22
5335,4639,M,19
5336,4639,M,33
5337,4640,M,17
5338,4641,M,45
5339,4642,M,55
5340,4643,F,46
5341,4644,M,44
5342,4645,M,48
5343,4645,F,18
5344,4646,F,35
5345,4647,F,32
5346,4648,M,40
5347,4649,F,31
5348,4649,F,33
5349,4650,M,33
5350,4650,F,28
5351,4651,F,37
5352,4652,M,23
5353,4653,F,47
5354,4654,F,21
5355,4655,M,35
5356,4656,M,44
5357,4657,M,40
5358,4657,F,28
5359,4658,F,42
5360,4659,M,40
5361,4660,F,53
5362,4661,F,53
5363,4662,F,41
5364,4663,F,32
5365,4664,F,39
5366,4665,F,38
5367,4666,F,55
5368,4667,M,44
5369,4668,M,36
5370,4668,F,26
5371,4669,M,44
5372,4670,F,33
5373,4671,F,43
5374,4671,M,43
5375,4672,M,16
5376,4673,F,17
5377,4674,F,42
5378,4675,F,50
5379,4676,F,57
5380,4677,T,26
5381,4678,M,7
5382,4679,F,39
5383,4680,M,47
5384,4680,F,41
5385,4681,F,36
5386,4681,F,35
5387,4682,F,38
5388,4683,F,30
5389,4684,T,31
5390,4685,M,55
5391,4686,M,29
5392,4687,F,16
5393,4687,M,55
5394,4688,M,51
5395,4689,M,51
5396,4690,F,34
5397,4690,M,14
5398,4691,F,21
5399,4692,M,29
5400,4693,M,25
5401,4694,F,16
5402,4695,F,39
5403,4696,M,34
5404,4697,M,27
5405,4698,F,34
5406,4699,M,57
5407,4699,F,42
5408,4700,F,21
5409,4701,M,37
5410,4702,F,42
5411,4703,F,21
5412,4704,M,19
5413,4705,F,17
5414,4706,M,17
5415,4707,F,11
5416,4708,F,18
5417,4709,F,15
5418,4710,M,45
5419,4710,M,27
5420,4711,M,36
5421,4712,M,35
5422,4713,F,45
5423,4714,F,54
5424,4715,M,12
5425,4715,F,59
5426,4716,F,12
5427,4717,M,53
5428,4718,F,34
5429,4718,F,36
5430,4719,M,21
5431,4720,M,60
5432,4721,M,24
5433,4722,F,61
5434,4722,M,20
5435,4723,M,38
5436,4724,M,38
5437,4725,F,15
5438,4726,F,33
5439,4726,F,43
5440,4727,F,18
5441,4728,F,46
5442,4729,F,30
5443,4730,M,22
5444,4731,M,47
5445,4732,F,7
5446,4733,F,36
5447,4734,M,42
5448,4734,M,44
5449,4735,F,40
5450,4736,M,20
5451,4737,F,32
5452,4738,M,41
5453,4738,M,23
5454,4739,T,50
5455,4740,F,40
5456,4740,M,42
5457,4741,F,32
5458,4742,F,62
5459,4743,T,22
5460,4744,M,22
5461,4745,F,73
5462,4746,F,51
5463,4747,F,30
5464,4748,M,42
5465,4749,F,37
5466,4750,F,54
5467,4751,M,23
5468,4751,M,43
5469,4752,F,33
5470,4752,M,38
5471,4753,M,34
5472,4754,M,24
5473,4755,M,68
5474,4756,F,16
5475,4757,M,34
5476,4758,F,11
5477,4759,M,37
5478,4760,M,39
5479,4761,M,27
5480,4762,F,36
5481,4763,F,42
5482,4764,F,47
5483,4765,M,48
5484,4765,F,11
5485,4766,M,23
5486,4767,F,19
5487,4767,M,31
5488,4768,M,60
5489,4769,M,25
5490,4770,F,33
5491,4771,F,40
5492,4772,M,53
5493,4773,M,40
5494,4774,F,28
5495,4775,F,39
5496,4775,M,42
5497,4776,F,61
5498,4777,F,5
5499,4777,M,12
5500,4778,M,34
5501,4778,M,36
5502,4779,F,43
5503,4780,F,27
5504,4781,M,16
5505,4782,F,32
5506,4783,M,47
5507,4783,F,63
5508,4784,F,42
5509,4785,M,40
5510,4786,F,26
5511,4787,F,25
5512,4788,M,38
5513,4789,F,42
5514,4790,M,23
5515,4790,F,29
5516,4791,M,8
5517,4792,F,49
5518,4793,F,48
5519,4794,F,31
5520,4795,M,27
5521,4796,M,29
5522,4797,F,36
5523,4797,F,26
5524,4798,M,38
5525,4799,F,26
5526,4800,M,20
5527,4801,F,30
5528,4801,F,30
5529,4802,M,31
5530,4803,F,14
5531,4804,M,19
5532,4805,M,23
5533,4806,M,53
5534,4807,M,33
5535,4808,F,19
5536,4808,F,38
5537,4809,F,51
5538,4809,M,53
5539,4810,M,53
5540,4811,F,29
5541,4812,M,31
5542,4813,M,50
5543,4814,F,47
5544,4814,F,11
5545,4815,M,35
5546,4816,F,35
5547,4817,F,5
5548,4818,M,56
5549,4819,F,40
5550,4820,M,44
5551,4821,M,41
5552,4822,F,16
5553,4823,F,19
5554,4824,M,63
5555,4825,M,23
5556,4826,M,43
5557,4827,F,10
5558,4827,T,24
5559,4828,F,50
5560,4828,F,19
5561,4829,F,27
5562,4830,F,40
5563,4831,M,39
5564,4832,M,35
5565,4833,F,32
5566,4834,F,59
5567,4835,M,41
5568,4836,F,46
5569,4837,F,25
5570,4838,M,12
5571,4839,F,11
5572,4840,M,10
5573,4841,M,21
5574,4842,F,39
5575,4843,M,13
5576,4844,F,57
5577,4844,F,49
5578,4845,M,41
5579,4845,F,19
5580,4846,M,52
5581,4847,F,43
5582,4847,M,43
5583,4848,F,18
5584,4849,F,22
5585,4850,M,35
5586,4850,F,12
5587,4851,F,54
5588,4852,M,36
5589,4853,F,42
5590,4854,F,61
5591,4854,F,31
5592,4855,M,7
5593,4856,M,41
5594,4856,M,25
5595,4857,F,5
5596,4858,F,46
5597,4859,M,9
5598,4860,M,33
5599,4860,F,43
5600,4861,F,55
5601,4862,M,37
5602,4863,F,26
5603,4864,F,27
5604,4865,F,34
5605,4866,M,47
5606,4866,F,31
5607,4867,M,26
5608,4868,M,23
5609,4869,F,49
5610,4870,F,28
5611,4871,M,53
5612,4872,M,12
5613,4873,F,58
5614,4874,M,53
5615,4875,M,37
5616,4876,F,25
5617,4877,F,44
5618,4878,M,18
5619,4879,F,41
5620,4880,M,23
5621,4880,F,38
5622,4881,F,44
5623,4882,M,54
5624,4883,F,28
5625,4884,M,25
5626,4885,T,47
5627,4886,F,54
5628,4887,F,38
5629,4888,M,27
5630,4889,F,34
5631,4890,M,49
5632,4890,F,32
5633,4891,F,21
5634,4891,M,9
5635,4892,M,39
5636,4893,M,5
5637,4894,F,64
5638,4895,F,61
5639,4896,M,23
5640,4896,F,23
5641,4897,F,37
5642,4898,M,25
5643,4899,F,48
5644,4900,M,34
5645,4901,F,48
5646,4902,F,19
5647,4903,M,24
5648,4904,M,34
5649,4905,F,38
5650,4906,F,40
5651,4907,F,37
5652,4908,M,28
5653,4909,F,25
5654,4910,M,34
5655,4911,F,21
5656,4912,F,36
5657,4913,M,26
5658,4913,M,32
5659,4914,M,31
5660,4915,F,44
5661,4915,F,13
5662,4916,F,44
5663,4917,F,31
5664,4918,F,29
5665,4919,M,44
5666,4920,M,40
5667,4921,F,45
5668,4922,M,32
5669,4923,M,40
5670,4924,F,40
5671,4925,F,39
5672,4926,F,62
5673,4927,F,81
5674,4928,F,45
5675,4929,F,46
5676,4930,F,38
5677,4930,F,56
5678,4931,F,23
5679,4932,M,57
5680,4933,F,27
5681,4934,F,25
5682,4934,F,43
5683,4935,M,5
5684,4936,F,27
5685,4937,F,25
5686,4937,M,27
5687,4938,M,24
5688,4939,F,51
5689,4940,M,39
5690,4941,F,17
5691,4942,F,60
5692,4943,F,16
5693,4944,F,27
5694,4945,M,39
5695,4946,F,28
5696,4947,F,24
5697,4948,F,9
5698,4949,M,28
5699,4950,F,29
5700,4951,M,24
5701,4952,M,19
5702,4953,F,43
5703,4954,F,11
5704,4955,F,36
5705,4955,F,20
5706,4956,F,38
5707,4957,M,26
5708,4958,F,44
5709,4958,F,32
5710,4959,M,50
5711,4960,F,49
5712,4961,F,32
5713,4962,F,11
5714,4963,F,39
5715,4964,F,21
5716,4965,F,45
5717,4966,M,44
5718,4967,F,27
5719,4968,M,27
5720,4968,F,43
5721,4969,F,28
5722,4969,M,9
5723,4970,M,5
5724,4971,F,5
5725,4971,M,48
5726,4972,M,26
5727,4973,M,35
5728,4974,M,35
5729,4974,M,58
5730,4975,M,37
5731,4976,M,25
5732,4977,F,10
5733,4978,F,20
5734,4979,F,26
5735,4980,M,30
5736,4981,M,11
5737,4982,F,5
5738,4983,F,40
5739,4984,M,59
5740,4985,F,30
5741,4986,F,40
5742,4987,F,39
5743,4988,M,30
5744,4989,M,22
5745,4989,F,49
5746,4990,F,27
5747,4991,F,5
5748,4992,M,25
5749,4993,M,53
5750,4994,F,29
5751,4995,M,12
5752,4995,M,17
5753,4996,F,16
5754,4997,M,47
5755,4998,M,42
5756,4999,M,32
5757,4999,M,69
5758,5000,F,9
5759,5001,F,47
5760,5002,M,23
5761,5003,F,44
5762,5004,M,26
5763,5005,F,15
5764,5006,F,26
5765,5007,M,51
5766,5007,F,43
5767,5008,F,8
5768,5009,M,20
5769,5009,F,39
5770,5010,F,57
5771,5011,M,38
5772,5012,F,37
5773,5013,M,34
5774,5013,F,43
5775,5014,M,54
5776,5015,F,39
5777,5016,M,44
5778,5017,F,32
5779,5018,M,58
5780,5018,F,5
5781,5019,M,21
5782,5020,F,56
5783,5021,M,56
5784,5022,M,35
5785,5023,F,27
5786,5023,M,31
5787,5024,M,34
5788,5025,F,44
5789,5025,M,12
5790,5026,F,31
5791,5027,F,18
5792,5028,M,43
5793,5029,M,26
5794,5030,F,38
5795,5031,M,50
5796,5032,F,27
5797,5032,M,27
5798,5033,F,65
5799,5034,M,22
5800,5035,M,47
5801,5036,F,47
5802,5036,F,32
5803,5037,M,22
5804,5038,M,30
5805,5039,F,43
5806,5039,M,15
5807,5040,M,37
5808,5041,M,37
5809,5042,F,49
5810,5043,F,10
5811,5044,M,6
5812,5044,M,22
5813,5045,M,27
5814,5045,F,54
5815,5046,F,24
5816,5047,T,13
5817,5048,F,48
5818,5049,M,49
5819,5050,F,27
5820,5051,F,44
5821,5052,M,29
5822,5053,F,25
5823,5054,F,22
5824,5054,M,51
5825,5055,F,33
5826,5056,M,24
5827,5057,M,21
5828,5058,F,11
5829,5058,M,27
5830,5059,M,38
5831,5060,M,26
5832,5061,F,30
5833,5062,F,24
5834,5063,M,43
5835,5064,F,42
5836,5065,M,17
5837,5065,F,21
5838,5066,F,55
5839,5067,M,59
5840,5068,T,21
5841,5069,M,31
5842,5070,M,17
5843,5070,M,23
5844,5071,M,15
5845,5072,F,37
5846,5073,M,37
5847,5074,T,29
5848,5074,F,55
5849,5075,M,29
5850,5076,F,38
5851,5077,M,16
5852,5078,M,11
5853,5079,M,72
5854,5080,F,57
5855,5081,M,33
5856,5082,F,38
5857,5083,M,21
5858,5083,M,42
5859,5084,F,36
5860,5085,M,41
5861,5086,F,32
5862,5087,F,40
5863,5088,F,50
5864,5089,T,59
5865,5089,M,25
5866,5090,M,27
5867,5091,F,28
5868,5092,M,19
5869,5093,F,31
5870,5094,M,45
5871,5094,F,34
5872,5095,M,33
5873,5096,F,41
5874,5096,M,37
5875,5097,M,51
5876,5098,F,23
5877,5099,M,24
5878,5100,F,39
5879,5101,M,46
5880,5102,M,13
5881,5103,M,43
5882,5104,M,43
5883,5105,M,33
5884,5106,F,29
5885,5107,M,33
5886,5107,M,46
5887,5108,M,27
5888,5108,M,31
5889,5109,F,31
5890,5110,M,43
5891,5110,F,24
5892,5111,M,14
5893,5112,M,49
5894,5113,F,9
5895,5113,M,37
5896,5114,F,32
5897,5114,F,42
5898,5115,F,5
5899,5116,F,35
5900,5117,F,30
5901,5118,M,14
5902,5118,F,59
5903,5119,F,30
5904,5120,F,25
5905,5121,F,37
5906,5121,F,43
5907,5122,F,49
5908,5123,M,45
5909,5124,M,8
5910,5125,M,42
5911,5126,M,34
5912,5127,F,42
5913,5128,F,20
5914,5128,F,25
5915,5129,M,43
5916,5130,F,38
5917,5131,F,33
5918,5132,M,28
5919,5133,F,5
5920,5133,M,24
5921,5134,F,35
5922,5135,M,52
5923,5136,F,23
5924,5137,F,37
5925,5138,M,34
5926,5138,F,22
5927,5139,F,44
5928,5140,M,42
5929,5141,F,50
5930,5142,M,40
5931,5143,M,30
5932,5144,F,14
5933,5145,M,47
5934,5146,F,31
5935,5147,M,17
5936,5148,F,51
5937,5149,M,12
5938,5150,F,56
5939,5150,M,49
5940,5151,F,28
5941,5152,M,29
5942,5153,M,55
5943,5154,F,37
5944,5155,M,45
5945,5156,F,29
5946,5157,F,30
5947,5158,F,44
5948,5158,F,70
5949,5159,F,23
5950,5160,F,5
5951,5161,M,39
5952,5162,F,17
5953,5163,F,11
5954,5164,M,5
5955,5165,F,38
5956,5166,M,42
5957,5166,F,45
5958,5167,F,31
5959,5168,M,43
5960,5169,F,26
5961,5170,F,48
5962,5171,F,27
5963,5172,F,30
5964,5173,F,41
5965,5174,M,24
5966,5175,F,41
5967,5176,M,48
5968,5177,F,25
5969,5178,F,28
5970,5179,F,33
5971,5180,F,44
5972,5181,M,46
5973,5181,F,43
5974,5182,M,19
5975,5183,M,22
5976,5184,F,36
5977,5184,M,34
5978,5185,F,39
5979,5186,F,19
5980,5187,F,19
5981,5187,M,30
5982,5188,M,16
5983,5188,M,43
5984,5189,M,37
5985,5190,F,36
5986,5190,F,33
5987,5191,F,36
5988,5192,M,68
5989,5192,M,67
5990,5193,F,41
5991,5194,F,41
5992,5195,M,22
5993,5196,F,25
5994,5196,F,34
5995,5197,F,14
5996,5198,M,24
5997,5199,F,15
5998,5199,M,26
5999,5200,F,26
6000,5201,F,68
6001,5202,F,21
6002,5203,F,19
6003,5203,F,41
6004,5204,F,39
6005,5205,M,32
6006,5206,M,13
6007,5207,M,34
6008,5208,F,50
6009,5209,M,47
6010,5210,M,36
6011,5211,M,53
6012,5211,F,28
6013,5212,F,34
6014,5213,F,40
6015,5214,F,23
6016,5215,F,33
6017,5216,M,40
6018,5216,M,44
6019,5217,M,24
6020,5218,F,35
6021,5218,F,60
6022,5219,F,31
6023,5220,M,17
6024,5220,F,43
6025,5221,M,5
6026,5222,F,41
6027,5223,M,37
6028,5224,F,28
6029,5225,F,22
6030,5226,M,43
6031,5227,F,48
6032,5228,F,20
6033,5229,F,48
6034,5230,F,38
6035,5231,F,25
6036,5232,F,5
6037,5233,M,51
6038,5234,F,31
6039,5235,M,44
6040,5236,F,27
6041,5237,F,52
6042,5238,F,29
6043,5239,M,38
6044,5240,M,25
6045,5241,M,23
6046,5242,F,47
6047,5243,M,46
6048,5244,M,55
6049,5245,M,32
6050,5246,F,49
6051,5247,M,25
6052,5248,F,8
6053,5249,F,13
6054,5250,F,8
6055,5251,T,21
6056,5252,F,23
6057,5253,M,44
6058,5254,M,13
6059,5254,F,37
6060,5255,F,52
6061,5256,F,14
6062,5257,F,29
6063,5258,F,37
6064,5259,F,47
6065,5260,M,33
6066,5260,F,45
6067,5261,F,40
6068,5262,M,18
6069,5263,F,60
6070,5264,M,55
6071,5265,M,5
6072,5266,F,46
6073,5267,F,23
6074,5267,F,37
6075,5268,F,44
6076,5269,F,25
6077,5270,M,30
6078,5271,M,31
6079,5272,M,39
6080,5272,M,54
6081,5273,F,40
6082,5274,F,35
6083,5275,F,16
6084,5276,F,39
6085,5277,F,6
6086,5278,M,22
6087,5279,M,25
6088,5280,M,31
6089,5280,M,38
6090,5281,M,38
6091,5282,M,51
6092,5283,F,30
6093,5284,M,38
6094,5285,F,39
6095,5285,F,41
6096,5286,M,27
6097,5286,M,53
6098,5287,F,37
6099,5288,F,30
6100,5289,F,44
6101,5290,M,31
6102,5291,F,46
6103,5292,F,47
6104,5293,F,31
6105,5294,M,60
6106,5294,M,35
6107,5295,F,11
6108,5296,F,25
6109,5297,M,39
6110,5298,T,63
6111,5299,F,34
6112,5299,F,31
6113,5300,M,38
6114,5300,M,14
6115,5301,M,44
6116,5302,F,14
6117,5303,M,31
6118,5304,M,40
6119,5305,M,5
6120,5306,F,31
6121,5307,F,23
6122,5307,M,45
6123,5308,F,41
6124,5309,M,50
6125,5309,M,36
6126,5310,F,9
6127,5311,M,43
6128,5312,F,34
6129,5313,F,34
6130,5314,M,30
6131,5315,F,30
6132,5316,F,5
6133,5317,F,34
6134,5318,F,31
6135,5319,M,25
6136,5319,F,23
6137,5320,F,13
6138,5320,M,38
6139,5321,F,58
6140,5322,F,39
6141,5323,F,32
6142,5324,M,40
6143,5325,M,58
6144,5326,F,38
6145,5327,M,62
6146,5328,F,37
6147,5329,F,45
6148,5330,M,24
6149,5331,F,12
6150,5332,M,41
6151,5332,F,39
6152,5333,M,33
6153,5333,F,14
6154,5334,M,30
6155,5335,M,21
6156,5335,M,37
6157,5336,F,28
6158,5337,F,31
6159,5338,F,42
6160,5339,M,7
6161,5340,F,27
6162,5341,M,46
6163,5341,M,6
6164,5342,F,47
6165,5343,M,58
6166,5344,M,60
6167,5345,M,54
6168,5345,M,19
6169,5346,F,35
6170,5347,F,12
6171,5348,M,25
6172,5349,M,17
6173,5350,M,46
6174,5351,F,34
6175,5352,F,9
6176,5353,F,35
6177,5354,M,42
6178,5355,M,25
6179,5356,F,36
6180,5357,F,19
6181,5358,M,41
6182,5359,M,54
6183,5360,F,38
6184,5361,F,24
6185,5361,M,9
6186,5362,M,29
6187,5362,F,27
6188,5363,F,35
6189,5364,F,24
6190,5365,F,36
6191,5366,M,53
6192,5366,F,25
6193,5367,F,48
6194,5368,M,22
6195,5369,F,56
6196,5370,M,34
6197,5371,M,27
6198,5372,M,19
6199,5373,F,32
6200,5374,M,46
6201,5375,M,16
6202,5376,F,18
6203,5377,M,36
6204,5378,M,31
6205,5379,M,52
6206,5380,F,47
6207,5380,M,44
6208,5381,F,13
6209,5381,F,39
6210,5382,F,42
6211,5383,F,18
6212,5384,F,33
6213,5385,M,22
6214,5386,F,36
6215,5387,M,32
6216,5388,F,40
6217,5389,M,44
6218,5390,M,28
6219,5391,M,45
6220,5392,F,34
6221,5393,F,26
6222,5393,F,58
6223,5394,F,30
6224,5395,M,36
6225,5395,M,22
6226,5396,F,29
6227,5396,M,51
6228,5397,M,20
6229,5398,M,33
6230,5399,M,31
6231,5400,M,57
6232,5401,F,10
6233,5402,F,6
6234,5403,F,50
6235,5404,M,34
6236,5405,M,49
6237,5406,M,37
6238,5407,M,60
6239,5407,F,39
6240,5408,M,16
6241,5409,F,29
6242,5410,F,14
6243,5411,M,31
6244,5412,M,31
6245,5413,F,46
6246,5414,F,46
6247,5414,F,21
6248,5415,F,7
6249,5416,M,36
6250,5417,F,34
6251,5417,F,31
6252,5418,F,55
6253,5419,M,42
6254,5420,F,37
6255,5421,M,11
6256,5422,M,23
6257,5423,F,12
6258,5424,F,23
6259,5425,M,34
6260,5426,M,32
6261,5427,F,35
6262,5428,F,42
6263,5429,F,21
6264,5430,F,44
6265,5431,F,37
6266,5432,M,21
6267,5433,M,44
6268,5434,M,10
6269,5435,F,22
6270,5435,M,33
6271,5436,M,43
6272,5437,F,37
6273,5438,M,8
6274,5439,M,37
6275,5440,F,27
6276,5441,M,11
6277,5442,F,38
6278,5443,M,14
6279,5443,M,36
6280,5444,F,38
6281,5445,M,44
6282,5446,M,22
6283,5447,M,46
6284,5448,M,30
6285,5448,M,22
6286,5449,F,26
6287,5450,M,23
6288,5451,M,44
6289,5452,M,35
6290,5452,F,35
6291,5453,F,33
6292,5454,F,25
6293,5455,F,20
6294,5456,M,55
6295,5457,M,28
6296,5457,F,25
6297,5458,M,19
6298,5458,M,30
6299,5459,M,44
6300,5459,M,39
6301,5460,M,27
6302,5461,F,23
6303,5461,F,53
6304,5462,T,15
6305,5463,M,49
6306,5464,F,28
6307,5465,F,23
6308,5465,F,44
6309,5466,M,27
6310,5467,M,51
6311,5468,F,21
6312,5469,F,72
6313,5469,F,22
6314,5470,M,39
6315,5471,M,70
6316,5472,M,38
6317,5473,F,13
6318,5473,F,31
6319,5474,M,39
6320,5474,F,41
6321,5475,F,31
6322,5476,M,30
6323,5476,F,31
6324,5477,F,70
6325,5478,M,35
6326,5479,F,35
6327,5480,M,41
6328,5481,F,41
6329,5482,M,44
6330,5483,M,34
6331,5484,T,24
6332,5485,F,20
6333,5486,M,27
6334,5487,F,51
6335,5488,T,62
6336,5489,F,29
6337,5490,F,29
6338,5491,M,46
6339,5492,F,34
6340,5493,F,52
6341,5494,M,33
6342,5494,M,5
6343,5495,F,12
6344,5496,F,47
6345,5497,M,31
6346,5498,F,38
6347,5498,M,73
6348,5499,F,33
6349,5500,M,28
6350,5501,F,43
6351,5502,F,21
6352,5502,F,43
6353,5503,F,13
6354,5504,M,41
6355,5505,T,20
6356,5506,M,21
6357,5507,F,52
6358,5507,F,38
6359,5508,F,65
6360,5509,M,15
6361,5510,M,26
6362,5510,T,28
6363,5511,F,19
6364,5511,M,36
6365,5512,M,38
6366,5513,F,25
6367,5514,T,19
6368,5515,M,43
6369,5516,F,16
6370,5516,F,52
6371,5517,F,28
6372,5518,F,46
6373,5519,F,25
6374,5520,M,17
6375,5521,F,44
6376,5522,F,49
6377,5523,F,19
6378,5524,F,29
6379,5525,F,68
6380,5526,M,43
6381,5527,F,20
6382,5528,F,13
6383,5529,M,40
6384,5530,F,46
6385,5531,M,10
6386,5532,M,16
6387,5533,M,46
6388,5534,M,22
6389,5535,M,38
6390,5536,M,26
6391,5537,F,35
6392,5538,F,24
6393,5539,M,46
6394,5540,F,20
6395,5541,M,38
6396,5542,M,25
6397,5543,F,13
6398,5544,F,32
6399,5544,F,38
6400,5545,F,51
6401,5546,F,26
6402,5547,F,36
6403,5548,F,39
6404,5549,M,14
6405,5549,M,18
6406,5550,F,43
6407,5551,M,31
6408,5552,F,37
6409,5553,M,34
6410,5554,M,21
6411,5555,F,27
6412,5556,F,26
6413,5557,M,5
6414,5558,M,46
6415,5559,M,9
6416,5560,M,32
6417,5561,F,40
6418,5562,M,20
6419,5563,F,47
6420,5564,M,39
6421,5565,F,30
6422,5566,M,43
6423,5567,M,41
6424,5568,M,16
6425,5569,F,30
6426,5570,M,18
6427,5570,F,38
6428,5571,F,41
6429,5572,M,26
6430,5573,M,30
6431,5574,F,29
6432,5575,F,57
6433,5576,M,15
6434,5577,F,25
6435,5578,F,33
6436,5579,M,9
6437,5579,F,10
6438,5580,F,15
6439,5580,F,26
6440,5581,M,25
6441,5581,F,44
6442,5582,T,41
6443,5583,F,12
6444,5584,M,21
6445,5584,M,11
6446,5585,F,33
6447,5586,F,33
6448,5587,F,19
6449,5588,F,42
6450,5589,M,41
6451,5589,F,49
6452,5590,M,58
6453,5591,M,22
6454,5592,F,30
6455,5593,F,52
6456,5594,F,17
6457,5595,M,36
6458,5596,F,41
6459,5597,F,5
6460,5598,M,28
6461,5598,M,43
6462,5599,M,41
6463,5599,M,12
6464,5600,M,21
6465,5601,F,34
6466,5602,T,57
6467,5602,M,33
6468,5603,M,38
6469,5604,F,56
6470,5605,M,52
6471,5606,F,21
6472,5607,F,44
6473,5608,M,48
6474,5609,F,40
6475,5610,M,5
6476,5611,M,31
6477,5612,M,16
6478,5613,F,14
6479,5614,M,35
6480,5615,F,37
6481,5616,F,43
6482,5617,M,57
6483,5618,F,29
6484,5619,M,27
6485,5620,M,37
6486,5621,M,14
6487,5621,F,28
6488,5622,F,33
6489,5623,F,20
6490,5624,F,46
6491,5625,M,22
6492,5626,F,54
6493,5627,M,14
6494,5628,F,21
6495,5629,M,49
6496,5630,F,40
6497,5631,M,22
6498,5632,F,53
6499,5633,F,5
6500,5634,F,72
6501,5635,M,17
6502,5636,M,39
6503,5637,F,72
6504,5638,F,9
6505,5639,F,5
6506,5640,F,44
6507,5641,F,45
6508,5642,M,42
6509,5643,F,16
6510,5644,M,43
6511,5645,M,35
6512,5646,M,48
6513,5647,F,21
6514,5648,F,40
6515,5649,M,47
6516,5650,M,36
6517,5651,M,34
6518,5652,F,9
6519,5653,F,19
6520,5653,F,43
6521,5654,M,46
6522,5655,F,12
6523,5656,F,15
6524,5657,M,28
6525,5658,M,47
6526,5659,M,20
6527,5659,F,37
6528,5660,F,18
6529,5661,F,24
6530,5662,F,35
6531,5663,M,43
6532,5664,M,15
6533,5665,F,28
6534,5666,F,35
6535,5666,M,46
6536,5667,F,37
6537,5667,F,9
6538,5668,F,34
6539,5669,F,36
6540,5670,F,29
6541,5670,F,52
6542,5671,F,30
6543,5672,M,6
6544,5673,F,36
6545,5674,F,58
6546,5675,M,16
6547,5676,F,35
6548,5677,M,37
6549,5678,M,56
6550,5679,M,25
6551,5680,F,21
6552,5681,F,20
6553,5682,F,5
6554,5683,F,42
6555,5684,M,51
6556,5685,F,37
6557,5686,M,42
6558,5687,F,25
6559,5688,F,48
6560,5689,F,34
6561,5690,F,29
6562,5691,F,38
6563,5691,F,36
6564,5692,F,38
6565,5693,F,49
6566,5694,M,19
6567,5695,M,5
6568,5696,M,29
6569,5696,F,36
6570,5697,F,29
6571,5698,F,17
6572,5698,F,43
6573,5699,M,5
6574,5700,M,33
6575,5701,M,50
6576,5701,F,14
6577,5702,M,36
6578,5703,M,29
6579,5704,F,35
6580,5705,F,28
6581,5705,M,30
6582,5706,F,59
6583,5707,M,38
6584,5708,F,34
6585,5708,F,61
6586,5709,F,38
6587,5710,F,49
6588,5711,F,17
6589,5712,F,36
6590,5713,F,34
6591,5714,F,33
6592,5715,F,14
6593,5716,F,44
6594,5716,M,48
6595,5717,M,18
6596,5718,M,29
6597,5719,F,38
6598,5720,F,9
6599,5721,M,15
6600,5722,F,42
6601,5723,F,35
6602,5723,F,17
6603,5724,F,43
6604,5724,F,40
6605,5725,F,37
6606,5726,F,18
6607,5727,F,38
6608,5728,M,34
6609,5729,F,28
6610,5730,F,29
6611,5731,F,25
6612,5732,F,16
6613,5732,M,54
6614,5733,M,38
6615,5734,F,43
6616,5735,F,47
6617,5736,M,25
6618,5737,F,5
6619,5738,M,34
6620,5739,F,5
6621,5740,M,42
6622,5741,F,43
6623,5742,F,31
6624,5743,M,52
6625,5744,M,60
6626,5745,M,56
6627,5746,M,36
6628,5747,M,29
6629,5748,T,43
6630,5748,M,29
6631,5749,F,33
6632,5750,F,21
6633,5750,M,26
6634,5751,M,55
6635,5752,M,60
6636,5753,M,34
6637,5754,F,42
6638,5755,F,49
6639,5756,F,5
6640,5757,M,42
6641,5758,T,27
6642,5759,F,5
6643,5760,M,25
6644,5761,F,62
6645,5762,F,41
6646,5763,F,36
6647,5764,M,46
6648,5765,F,59
6649,5766,M,52
6650,5767,F,35
6651,5768,F,37
6652,5769,M,26
6653,5770,F,43
6654,5771,F,23
6655,5771,F,25
6656,5772,F,67
6657,5773,M,42
6658,5774,F,42
6659,5774,M,59
6660,5775,M,50
6661,5776,F,51
6662,5777,F,9
6663,5778,M,33
6664,5779,F,42
6665,5780,F,16
6666,5781,M,31
6667,5782,M,25
6668,5783,M,12
6669,5784,M,37
6670,5784,M,57
6671,5785,M,45
6672,5786,F,26
6673,5787,T,38
6674,5788,M,42
6675,5789,M,42
6676,5790,M,55
6677,5791,M,37
6678,5792,M,35
6679,5793,M,50
6680,5794,M,16
6681,5795,F,14
6682,5795,M,32
6683,5796,F,38
6684,5797,F,16
6685,5798,M,37
6686,5798,F,52
6687,5799,F,37
6688,5800,F,34
6689,5800,M,12
6690,5801,F,50
6691,5802,F,66
6692,5803,F,42
6693,5804,M,17
6694,5805,M,35
6695,5806,M,45
6696,5806,M,24
6697,5807,F,60
6698,5808,F,38
6699,5809,F,25
6700,5810,M,29
6701,5811,M,28
6702,5812,M,18
6703,5813,F,51
6704,5814,M,30
6705,5815,F,62
6706,5816,F,31
6707,5817,F,36
6708,5818,F,58
6709,5819,M,31
6710,5819,F,30
6711,5820,F,34
6712,5821,F,21
6713,5822,M,18
6714,5823,F,43
6715,5824,M,28
6716,5825,F,23
6717,5825,M,37
6718,5826,F,45
6719,5827,F,46
6720,5827,M,28
6721,5828,F,12
6722,5829,F,38
6723,5830,F,52
6724,5831,F,19
6725,5832,F,5
6726,5833,F,29
6727,5833,F,6
6728,5834,M,19
6729,5835,F,5
6730,5836,M,54
6731,5836,F,34
6732,5837,F,13
6733,5838,M,23
6734,5839,M,31
6735,5840,F,37
6736,5841,M,38
6737,5842,M,14
6738,5843,M,58
6739,5844,M,31
6740,5845,M,33
6741,5846,M,42
6742,5847,F,16
6743,5847,F,61
6744,5848,F,30
6745,5849,M,61
6746,5850,T,28
6747,5850,F,31
6748,5851,F,27
6749,5852,M,21
6750,5853,M,24
6751,5854,M,29
6752,5855,F,23
6753,5856,F,33
6754,5857,F,37
6755,5858,T,39
6756,5859,M,29
6757,5859,M,32
6758,5860,F,21
6759,5861,M,32
6760,5862,M,39
6761,5862,M,22
6762,5863,T,32
6763,5864,M,37
6764,5865,M,27
6765,5865,M,29
6766,5866,M,25
6767,5867,M,42
6768,5868,F,48
6769,5869,M,35
6770,5870,F,51
6771,5871,M,6
6772,5871,F,25
6773,5872,M,42
6774,5873,M,46
6775,5874,M,12
6776,5875,F,34
6777,5875,F,63
6778,5876,M,36
6779,5877,F,51
6780,5877,M,34
6781,5878,M,42
6782,5879,M,24
6783,5880,M,46
6784,5881,F,31
6785,5882,M,22
6786,5882,M,26
6787,5883,F,29
6788,5884,M,28
6789,5885,F,48
6790,5886,F,40
6791,5887,M,39
6792,5887,F,32
6793,5888,M,5
6794,5889,F,36
6795,5890,F,69
6796,5891,F,64
6797,5891,F,7
6798,5892,F,47
6799,5893,M,39
6800,5894,M,58
6801,5894,F,27
6802,5895,M,33
6803,5896,M,37
6804,5897,M,36
6805,5897,F,41
6806,5898,M,41
6807,5899,M,45
6808,5900,F,5
6809,5901,M,12
6810,5902,M,42
6811,5903,F,5
6812,5903,F,51
6813,5904,F,35
6814,5905,F,14
6815,5906,F,38
6816,5907,M,30
6817,5907,M,34
6818,5908,F,54
6819,5909,M,35
6820,5910,F,34
6821,5911,F,68
6822,5912,T,14
6823,5913,M,48
6824,5914,F,18
6825,5915,F,42
6826,5916,F,41
6827,5917,M,51
6828,5918,F,22
6829,5919,F,28
6830,5920,M,16
6831,5921,M,16
6832,5922,F,36
6833,5922,T,23
6834,5923,M,39
6835,5924,F,30
6836,5925,F,39
6837,5926,F,26
6838,5927,F,8
6839,5928,M,42
6840,5929,M,18
6841,5930,F,56
6842,5931,F,42
6843,5932,T,26
6844,5933,F,49
6845,5934,F,33
6846,5935,M,16
6847,5936,F,19
6848,5937,M,59
6849,5938,M,29
6850,5939,F,5
6851,5939,F,53
6852,5940,F,24
6853,5941,M,49
6854,5942,M,15
6855,5942,F,42
6856,5943,F,43
6857,5943,F,31
6858,5944,F,11
6859,5945,F,58
6860,5946,M,25
6861,5947,M,34
6862,5948,F,43
6863,5949,M,27
6864,5950,M,40
6865,5950,F,13
6866,5951,F,31
6867,5952,F,57
6868,5952,F,44
6869,5953,F,43
6870,5954,F,33
6871,5955,M,6
6872,5955,F,38
6873,5956,M,57
6874,5957,M,28
6875,5957,M,39
6876,5958,F,53
6877,5959,F,34
6878,5960,M,50
6879,5961,F,20
6880,5962,F,22
6881,5963,F,15
6882,5964,M,27
6883,5965,F,41
6884,5966,M,45
6885,5967,F,42
6886,5968,M,46
6887,5969,M,31
6888,5970,F,21
6889,5971,F,28
6890,5972,F,46
6891,5973,F,22
6892,5974,F,48
6893,5974,F,32
6894,5975,F,40
6895,5976,M,45
6896,5977,F,53
6897,5978,F,23
6898,5979,M,20
6899,5980,M,39
6900,5981,F,49
6901,5982,M,21
6902,5983,M,26
6903,5984,M,33
6904,5985,T,35
6905,5986,F,26
6906,5987,F,42
6907,5987,F,31
6908,5988,F,14
6909,5989,F,5
6910,5990,M,27
6911,5991,M,48
6912,5992,M,55
6913,5993,M,43
6914,5994,M,31
6915,5995,F,17
6916,5996,T,23
6917,5997,M,73
6918,5998,M,20
6919,5999,M,54
6920,6000,F,27
